{
"type": "FeatureCollection",
"name": "0",
"crs": { "type": "name", "properties": { "name": "urn:ogc:def:crs:OGC:1.3:CRS84" } },
"features": [
{ "type": "Feature", "properties": { "OBJECTID": 10, "gridcode": 6, "Shape_Length": 3.9925113930100449e-05, "Shape_Area": 9.8684634394311352e-11 }, "geometry": { "type": "MultiPolygon", "coordinates": [ [ [ [ 150.584774124000091, -34.986737431999984 ], [ 150.584774389000017, -34.986728421999942 ], [ 150.584763442000053, -34.986728204999963 ], [ 150.584763177000013, -34.986737213999959 ], [ 150.584774124000091, -34.986737431999984 ] ] ] ] } },
{ "type": "Feature", "properties": { "OBJECTID": 17, "gridcode": 6, "Shape_Length": 0.00032327444086089453, "Shape_Area": 3.9474468551849524e-09 }, "geometry": { "type": "MultiPolygon", "coordinates": [ [ [ [ 150.58493144900001, -34.986974944999929 ], [ 150.584930919000044, -34.986992963999967 ], [ 150.584941867000111, -34.986993181999935 ], [ 150.584942131000048, -34.986984172999939 ], [ 150.58496402600008, -34.986984607999943 ], [ 150.584964291000119, -34.986975598999948 ], [ 150.584975238000084, -34.986975816999973 ], [ 150.58497550200002, -34.986966806999931 ], [ 150.584997397000052, -34.986967242999981 ], [ 150.584997662000092, -34.986958233999928 ], [ 150.585008609000056, -34.986958451999953 ], [ 150.585009403000072, -34.98693142299993 ], [ 150.584943720000069, -34.98693011599994 ], [ 150.58494345500003, -34.986939124999935 ], [ 150.584921561000101, -34.986938689999931 ], [ 150.584921296000061, -34.986947698999984 ], [ 150.584910349000097, -34.986947480999959 ], [ 150.584909819000018, -34.98696549999994 ], [ 150.584920766000096, -34.986965717999965 ], [ 150.584920502000045, -34.986974726999961 ], [ 150.58493144900001, -34.986974944999929 ] ] ] ] } },
{ "type": "Feature", "properties": { "OBJECTID": 24, "gridcode": 6, "Shape_Length": 3.9924134181601674e-05, "Shape_Area": 9.8679293147174729e-11 }, "geometry": { "type": "MultiPolygon", "coordinates": [ [ [ [ 150.585066615000073, -34.987221031999979 ], [ 150.585066880000113, -34.987212022999984 ], [ 150.585055933000035, -34.987211804999959 ], [ 150.585055668000109, -34.987220813999954 ], [ 150.585066615000073, -34.987221031999979 ] ] ] ] } },
{ "type": "Feature", "properties": { "OBJECTID": 25, "gridcode": 6, "Shape_Length": 3.9925104571606238e-05, "Shape_Area": 9.8683688404594496e-11 }, "geometry": { "type": "MultiPolygon", "coordinates": [ [ [ [ 150.585689814000034, -34.98726047699995 ], [ 150.585690079000074, -34.987251467999954 ], [ 150.58567913100012, -34.987251249999929 ], [ 150.58567886700007, -34.987260258999981 ], [ 150.585689814000034, -34.98726047699995 ] ] ] ] } },
{ "type": "Feature", "properties": { "OBJECTID": 31, "gridcode": 6, "Shape_Length": 0.00010174953889909914, "Shape_Area": 4.9343211755497524e-10 }, "geometry": { "type": "MultiPolygon", "coordinates": [ [ [ [ 150.585513599000024, -34.987293029999933 ], [ 150.58554644100002, -34.987293682999962 ], [ 150.585546970000109, -34.987275663999981 ], [ 150.585525076000067, -34.987275228999977 ], [ 150.585524811000028, -34.987284237999972 ], [ 150.585513864000063, -34.987284019999947 ], [ 150.585513599000024, -34.987293029999933 ] ] ] ] } },
{ "type": "Feature", "properties": { "OBJECTID": 38, "gridcode": 6, "Shape_Length": 3.9924134181601674e-05, "Shape_Area": 9.8679293147174729e-11 }, "geometry": { "type": "MultiPolygon", "coordinates": [ [ [ [ 150.585030861000064, -34.987319481999975 ], [ 150.585031126000104, -34.98731047299998 ], [ 150.585020179000026, -34.987310254999954 ], [ 150.5850199140001, -34.98731926399995 ], [ 150.585030861000064, -34.987319481999975 ] ] ] ] } },
{ "type": "Feature", "properties": { "OBJECTID": 51, "gridcode": 6, "Shape_Length": 3.9925113874408175e-05, "Shape_Area": 9.8684634090710657e-11 }, "geometry": { "type": "MultiPolygon", "coordinates": [ [ [ [ 150.585925096000096, -34.987454466999964 ], [ 150.585925361000022, -34.987445456999978 ], [ 150.585914414000058, -34.987445239999943 ], [ 150.585914149000018, -34.987454248999938 ], [ 150.585925096000096, -34.987454466999964 ] ] ] ] } },
{ "type": "Feature", "properties": { "OBJECTID": 54, "gridcode": 6, "Shape_Length": 6.182442513280042e-05, "Shape_Area": 1.9737368773727298e-10 }, "geometry": { "type": "MultiPolygon", "coordinates": [ [ [ [ 150.58589199000005, -34.98746282299993 ], [ 150.585913884000092, -34.987463258999981 ], [ 150.585914149000018, -34.987454248999938 ], [ 150.5858922540001, -34.987453813999934 ], [ 150.58589199000005, -34.98746282299993 ] ] ] ] } },
{ "type": "Feature", "properties": { "OBJECTID": 60, "gridcode": 6, "Shape_Length": 3.9926133293609633e-05, "Shape_Area": 9.8690240016363436e-11 }, "geometry": { "type": "MultiPolygon", "coordinates": [ [ [ [ 150.5859125610001, -34.987508305999938 ], [ 150.585912826000026, -34.987499295999953 ], [ 150.585901879000062, -34.987499077999985 ], [ 150.585901614000022, -34.98750808799997 ], [ 150.5859125610001, -34.987508305999938 ] ] ] ] } },
{ "type": "Feature", "properties": { "OBJECTID": 61, "gridcode": 6, "Shape_Length": 0.0058487448338974853, "Shape_Area": 1.7112159053241358e-07 }, "geometry": { "type": "MultiPolygon", "coordinates": [ [ [ [ 150.585129651000102, -34.987312433999932 ], [ 150.585129387000052, -34.987321442999985 ], [ 150.58510749200002, -34.987321006999935 ], [ 150.58510775700006, -34.987311997999939 ], [ 150.585129651000102, -34.987312433999932 ] ] ], [ [ [ 150.585467693000055, -34.987364233999983 ], [ 150.585467428000015, -34.987373242999979 ], [ 150.585456481000051, -34.987373025999943 ], [ 150.585456746000091, -34.987364015999958 ], [ 150.585467693000055, -34.987364233999983 ] ] ], [ [ [ 150.585740845000032, -34.987387697999964 ], [ 150.585740581000096, -34.987396707999949 ], [ 150.585554477000073, -34.987393004999944 ], [ 150.585554742000113, -34.987383994999959 ], [ 150.585543794000046, -34.98738377799998 ], [ 150.585544059000085, -34.987374767999938 ], [ 150.585533112000121, -34.98737454999997 ], [ 150.585533376000058, -34.987365540999974 ], [ 150.585522429000093, -34.987365322999949 ], [ 150.585522959000059, -34.987347303999968 ], [ 150.585512011000105, -34.987347085999943 ], [ 150.585512276000031, -34.987338076999947 ], [ 150.585490381000113, -34.987337640999954 ], [ 150.585490646000039, -34.987328631999958 ], [ 150.585457804000043, -34.987327977999939 ], [ 150.585457540000107, -34.987336987999981 ], [ 150.585424698000111, -34.987336333999963 ], [ 150.585424433000071, -34.987345343999948 ], [ 150.585391591000075, -34.987344689999929 ], [ 150.585393180000096, -34.987290633999976 ], [ 150.585382232000029, -34.987290415999951 ], [ 150.585382497000069, -34.987281405999966 ], [ 150.585371550000104, -34.98728118899993 ], [ 150.585371814000041, -34.987272178999945 ], [ 150.585360867000077, -34.987271960999976 ], [ 150.585361132000116, -34.98726295199998 ], [ 150.585350185000038, -34.987262733999955 ], [ 150.585350714000015, -34.987244714999974 ], [ 150.58533976700005, -34.987244496999949 ], [ 150.585340031000101, -34.987235487999953 ], [ 150.585307190000094, -34.987234833999935 ], [ 150.585307454000031, -34.987225824999939 ], [ 150.585285560000102, -34.987225388999946 ], [ 150.585285825000028, -34.98721637999995 ], [ 150.585296772000106, -34.987216597999975 ], [ 150.585297037000032, -34.987207587999933 ], [ 150.58530798400011, -34.987207805999958 ], [ 150.585308248000047, -34.987198796999962 ], [ 150.585330143000078, -34.987199231999966 ], [ 150.585330408000118, -34.987190222999971 ], [ 150.585341355000082, -34.987190440999939 ], [ 150.585341620000122, -34.987181430999954 ], [ 150.585363514000051, -34.987181866999947 ], [ 150.58536377900009, -34.987172857999951 ], [ 150.585374726000055, -34.98717307499993 ], [ 150.585374991000094, -34.987164065999934 ], [ 150.585385938000059, -34.987164283999959 ], [ 150.585386203000098, -34.987155273999974 ], [ 150.585419044000105, -34.987155927999936 ], [ 150.585419309000031, -34.987146917999951 ], [ 150.585660148000102, -34.987151710999967 ], [ 150.585659354000086, -34.987178738999944 ], [ 150.58567030100005, -34.987178956999969 ], [ 150.585669772000074, -34.98719697599995 ], [ 150.585680719000038, -34.987197192999929 ], [ 150.585679925000022, -34.987224221999952 ], [ 150.58569087300009, -34.987224438999931 ], [ 150.58569060800005, -34.987233448999973 ], [ 150.585701555000014, -34.987233666999941 ], [ 150.585700761000112, -34.987260694999975 ], [ 150.585755498000026, -34.987261783999941 ], [ 150.5857552330001, -34.987270792999936 ], [ 150.585788075000096, -34.987271446999955 ], [ 150.585787810000056, -34.987280455999951 ], [ 150.585809705000088, -34.987280891999944 ], [ 150.585809440000048, -34.98728990099994 ], [ 150.585820387000012, -34.987290118999965 ], [ 150.585820122000086, -34.98729912899995 ], [ 150.58583107000004, -34.987299345999929 ], [ 150.585830805000114, -34.987308355999971 ], [ 150.585841752000078, -34.98730857399994 ], [ 150.585841223000102, -34.987326591999931 ], [ 150.585852170000067, -34.987326809999956 ], [ 150.585851376000051, -34.987353838999979 ], [ 150.585840429000086, -34.987353620999954 ], [ 150.585840165000036, -34.98736262999995 ], [ 150.585829217000082, -34.987362411999982 ], [ 150.585828953000032, -34.987371421999967 ], [ 150.585807058000114, -34.987370985999974 ], [ 150.585806793000074, -34.987379995999959 ], [ 150.585773952000068, -34.98737934199994 ], [ 150.585773687000028, -34.987388351999982 ], [ 150.585740845000032, -34.987387697999964 ] ], [ [ 150.58574835200011, -34.987505038999984 ], [ 150.585770247000028, -34.987505473999931 ], [ 150.585770511000078, -34.987496464999936 ], [ 150.585890931000108, -34.987498860999949 ], [ 150.58589172500001, -34.987471831999983 ], [ 150.585880778000046, -34.987471614999947 ], [ 150.58588051300012, -34.987480623999943 ], [ 150.585869566000042, -34.987480405999975 ], [ 150.585869301000116, -34.98748941599996 ], [ 150.585825512000042, -34.987488543999973 ], [ 150.585825777000082, -34.987479534999977 ], [ 150.585792935000086, -34.987478881999948 ], [ 150.585793200000012, -34.987469871999963 ], [ 150.585782252000058, -34.987469653999938 ], [ 150.585782517000098, -34.987460644999942 ], [ 150.58577157000002, -34.987460426999974 ], [ 150.585772628000086, -34.987424388999955 ], [ 150.58578357600004, -34.98742460699998 ], [ 150.58578384000009, -34.987415597999984 ], [ 150.585805735000122, -34.987416032999931 ], [ 150.585806264000098, -34.98739801499994 ], [ 150.585817211000062, -34.987398231999975 ], [ 150.585817476000102, -34.98738922299998 ], [ 150.585828423000066, -34.987389440999948 ], [ 150.585828159000016, -34.987398449999944 ], [ 150.585839106000094, -34.987398667999969 ], [ 150.58583963500007, -34.987380648999931 ], [ 150.585850582000035, -34.987380866999956 ], [ 150.585850847000074, -34.987371856999971 ], [ 150.585861794000039, -34.987372074999939 ], [ 150.585862059000078, -34.987363065999944 ], [ 150.58588395400011, -34.987363500999948 ], [ 150.585884218000047, -34.987354491999952 ], [ 150.585895165000011, -34.987354709999977 ], [ 150.58589569500009, -34.987336690999939 ], [ 150.585884747000023, -34.987336472999971 ], [ 150.585885012000062, -34.987327463999975 ], [ 150.585874065000098, -34.98732724599995 ], [ 150.585874330000024, -34.987318235999965 ], [ 150.58586338200007, -34.987318018999929 ], [ 150.585863912000036, -34.9873 ], [ 150.585852964000082, -34.98729978199998 ], [ 150.585853229000122, -34.987290772999984 ], [ 150.585842282000044, -34.987290554999959 ], [ 150.58584281100002, -34.987272535999978 ], [ 150.585831864000056, -34.987272317999953 ], [ 150.585832128000106, -34.987263308999957 ], [ 150.585821181000028, -34.987263090999932 ], [ 150.585821446000068, -34.987254080999946 ], [ 150.585810498000114, -34.987253863999968 ], [ 150.58581076300004, -34.987244853999982 ], [ 150.585756027000116, -34.98724376499996 ], [ 150.585756292000042, -34.987234755999964 ], [ 150.585745344000088, -34.987234537999939 ], [ 150.585746138000104, -34.987207509999962 ], [ 150.585735191000026, -34.987207291999937 ], [ 150.585735456000066, -34.987198281999952 ], [ 150.585724508000112, -34.987198064999973 ], [ 150.585725038000078, -34.987180045999935 ], [ 150.585692196000082, -34.987179391999973 ], [ 150.585692461000122, -34.987170382999977 ], [ 150.585681513000054, -34.987170164999952 ], [ 150.585681778000094, -34.987161155999956 ], [ 150.585692725000058, -34.987161372999935 ], [ 150.585692990000098, -34.98715236399994 ], [ 150.58568204300002, -34.987152145999971 ], [ 150.58568230700007, -34.987143136999975 ], [ 150.585693255000024, -34.987143354999944 ], [ 150.585693519000074, -34.987134344999959 ], [ 150.58568257200011, -34.987134126999933 ], [ 150.585683101000086, -34.987116107999952 ], [ 150.585672154000122, -34.987115890999974 ], [ 150.585672419000048, -34.987106880999931 ], [ 150.585650524000016, -34.987106445999984 ], [ 150.585650789000056, -34.987097435999942 ], [ 150.585628894000024, -34.987097000999938 ], [ 150.585629159000064, -34.987087990999953 ], [ 150.585596317000068, -34.987087337999981 ], [ 150.585596582000107, -34.987078327999939 ], [ 150.585574688000065, -34.987077892999935 ], [ 150.585574952000115, -34.987068882999949 ], [ 150.585553058000073, -34.987068447999945 ], [ 150.585553323000113, -34.98705943799996 ], [ 150.585531428000081, -34.987059001999967 ], [ 150.585531693000121, -34.987049992999971 ], [ 150.585509798000089, -34.987049556999978 ], [ 150.585510063000015, -34.987040547999982 ], [ 150.585488169000087, -34.987040111999931 ], [ 150.585488433000023, -34.987031102999936 ], [ 150.585466539000095, -34.987030666999942 ], [ 150.585466803000031, -34.987021657999946 ], [ 150.585444909000103, -34.987021221999953 ], [ 150.585445174000029, -34.987012212999957 ], [ 150.585423279000111, -34.987011776999964 ], [ 150.585423544000037, -34.987002767999968 ], [ 150.58534691300008, -34.987001242999952 ], [ 150.58534717800012, -34.986992232999967 ], [ 150.585292442000082, -34.986991143999944 ], [ 150.585292707000121, -34.986982134999948 ], [ 150.585281760000044, -34.98698191699998 ], [ 150.58528228900002, -34.986963897999942 ], [ 150.585271342000055, -34.986963679999974 ], [ 150.585271606000106, -34.986954670999978 ], [ 150.585249712000063, -34.986954234999985 ], [ 150.585249977000103, -34.986945225999932 ], [ 150.585118610000109, -34.986942610999961 ], [ 150.585118081000019, -34.986960629999942 ], [ 150.585107134000054, -34.986960411999974 ], [ 150.585106604000089, -34.986978430999955 ], [ 150.585084710000046, -34.986977994999961 ], [ 150.58508444500012, -34.986987004999946 ], [ 150.585073498000042, -34.986986786999978 ], [ 150.585073233000116, -34.986995795999974 ], [ 150.585062286000039, -34.986995578999938 ], [ 150.585062021000113, -34.987004587999934 ], [ 150.585051074000035, -34.987004369999966 ], [ 150.585050015000093, -34.987040407999984 ], [ 150.585039068000015, -34.987040189999959 ], [ 150.585039333000054, -34.987031180999963 ], [ 150.585028385000101, -34.987030962999938 ], [ 150.58502812100005, -34.987039971999934 ], [ 150.585006226000019, -34.987039535999941 ], [ 150.585005962000082, -34.987048545999983 ], [ 150.58498406700005, -34.987048109999932 ], [ 150.584982743000069, -34.987093156999947 ], [ 150.585015585000065, -34.987093810999966 ], [ 150.58501611500003, -34.987075791999985 ], [ 150.585027062000108, -34.987076009999953 ], [ 150.585026532000029, -34.987094028999934 ], [ 150.585015585000065, -34.987093810999966 ], [ 150.585015320000025, -34.987102819999961 ], [ 150.585037215000057, -34.987103255999955 ], [ 150.585036156000115, -34.987139293999974 ], [ 150.585058050000043, -34.987139728999978 ], [ 150.585057521000067, -34.987157747999959 ], [ 150.585046574000103, -34.987157529999934 ], [ 150.585046309000063, -34.987166539999976 ], [ 150.585057256000027, -34.987166757999944 ], [ 150.585056991000101, -34.98717576699994 ], [ 150.585067939000055, -34.987175984999965 ], [ 150.585067145000039, -34.987203012999942 ], [ 150.585078092000117, -34.987203230999967 ], [ 150.585078356000054, -34.987194221999971 ], [ 150.585100251000085, -34.987194656999975 ], [ 150.585100516000011, -34.987185647999979 ], [ 150.585111463000089, -34.987185865999948 ], [ 150.58511119800005, -34.987194874999943 ], [ 150.585122145000014, -34.987195092999968 ], [ 150.585121881000077, -34.987204102999954 ], [ 150.585132828000042, -34.987204319999933 ], [ 150.585132563000116, -34.987213329999975 ], [ 150.58514351000008, -34.987213547999943 ], [ 150.58514324600003, -34.987222556999939 ], [ 150.585154193000108, -34.987222774999964 ], [ 150.585154458000034, -34.987213765999968 ], [ 150.585165405000112, -34.987213982999947 ], [ 150.585164611000096, -34.98724101199997 ], [ 150.585241242000052, -34.987242536999929 ], [ 150.585240977000012, -34.987251545999982 ], [ 150.58525192400009, -34.98725176399995 ], [ 150.585251395000114, -34.987269782999931 ], [ 150.585306131000038, -34.987270871999954 ], [ 150.585305866000112, -34.987279881999939 ], [ 150.585316813000077, -34.987280098999975 ], [ 150.585316549000026, -34.98728910899996 ], [ 150.585327496000104, -34.987289326999928 ], [ 150.585326702000089, -34.987316354999962 ], [ 150.585282913000015, -34.987315483999964 ], [ 150.585282648000089, -34.98732449299996 ], [ 150.585195070000054, -34.987322749999976 ], [ 150.585195335000094, -34.98731374099998 ], [ 150.585184388000016, -34.987313522999955 ], [ 150.585184652000066, -34.98730451299997 ], [ 150.585173705000102, -34.987304295999934 ], [ 150.585173970000028, -34.987295285999949 ], [ 150.585163023000064, -34.98729506799998 ], [ 150.585163287000114, -34.987286058999985 ], [ 150.585152340000036, -34.987285840999959 ], [ 150.58515181100006, -34.98730385999994 ], [ 150.585140863000106, -34.987303641999972 ], [ 150.585141128000032, -34.987294632999976 ], [ 150.585130181000068, -34.987294414999951 ], [ 150.585130445000118, -34.987285404999966 ], [ 150.585108551000076, -34.987284969999962 ], [ 150.585108286000036, -34.987293978999958 ], [ 150.585064497000076, -34.98729310799996 ], [ 150.585064233000026, -34.987302116999956 ], [ 150.585053285000072, -34.987301898999931 ], [ 150.585052491000056, -34.987328926999965 ], [ 150.585118175000048, -34.987330234999945 ], [ 150.585117910000122, -34.987339243999941 ], [ 150.585205488000042, -34.987340986999982 ], [ 150.585205223000116, -34.987349995999978 ], [ 150.585325643000033, -34.987352392999981 ], [ 150.585325378000107, -34.987361401999976 ], [ 150.585369167000067, -34.987362272999974 ], [ 150.585368903000017, -34.987371282999959 ], [ 150.585401745000013, -34.987371935999931 ], [ 150.585401480000087, -34.987380945999973 ], [ 150.585434322000083, -34.987381598999946 ], [ 150.585434057000043, -34.987390608999931 ], [ 150.585445004000121, -34.987390826999956 ], [ 150.585444740000071, -34.987399835999952 ], [ 150.585455687000035, -34.987400053999977 ], [ 150.585455422000109, -34.987409062999973 ], [ 150.585532053000065, -34.987410587999932 ], [ 150.585531788000026, -34.987419597999974 ], [ 150.585586525000053, -34.98742068699994 ], [ 150.585586260000014, -34.987429695999936 ], [ 150.585608155000045, -34.987430131999929 ], [ 150.585607890000119, -34.987439140999982 ], [ 150.585629784000048, -34.987439576999975 ], [ 150.585629520000111, -34.987448585999971 ], [ 150.585662362000107, -34.987449239999933 ], [ 150.585662097000068, -34.987458248999928 ], [ 150.585683992000099, -34.987458684999979 ], [ 150.58568372700006, -34.987467693999974 ], [ 150.585705621000102, -34.987468129999968 ], [ 150.585705357000052, -34.987477138999964 ], [ 150.585716304000016, -34.987477356999932 ], [ 150.58571603900009, -34.987486365999985 ], [ 150.585726987000044, -34.987486583999953 ], [ 150.585726722000118, -34.987495593999938 ], [ 150.585748617000036, -34.987496028999942 ], [ 150.58574835200011, -34.987505038999984 ] ] ] ] } },
{ "type": "Feature", "properties": { "OBJECTID": 64, "gridcode": 6, "Shape_Length": 3.992710374150295e-05, "Shape_Area": 9.869463596988243e-11 }, "geometry": { "type": "MultiPolygon", "coordinates": [ [ [ [ 150.585406869000053, -34.987570361999929 ], [ 150.585407133000103, -34.987561351999943 ], [ 150.585396186000025, -34.987561133999975 ], [ 150.585395921000099, -34.98757014399996 ], [ 150.585406869000053, -34.987570361999929 ] ] ] ] } },
{ "type": "Feature", "properties": { "OBJECTID": 71, "gridcode": 6, "Shape_Length": 3.9924134069016508e-05, "Shape_Area": 9.8679292632400717e-11 }, "geometry": { "type": "MultiPolygon", "coordinates": [ [ [ [ 150.585723281000014, -34.987612715999944 ], [ 150.585723546000054, -34.987603706999948 ], [ 150.58571259900009, -34.98760348899998 ], [ 150.58571233400005, -34.987612497999976 ], [ 150.585723281000014, -34.987612715999944 ] ] ] ] } },
{ "type": "Feature", "properties": { "OBJECTID": 72, "gridcode": 6, "Shape_Length": 6.1825454387593888e-05, "Shape_Area": 1.9737841072423979e-10 }, "geometry": { "type": "MultiPolygon", "coordinates": [ [ [ [ 150.585734493000018, -34.987603924999974 ], [ 150.58575638800005, -34.987604359999978 ], [ 150.585756653000089, -34.987595350999982 ], [ 150.585734758000058, -34.987594914999931 ], [ 150.585734493000018, -34.987603924999974 ] ] ] ] } },
{ "type": "Feature", "properties": { "OBJECTID": 81, "gridcode": 6, "Shape_Length": 8.3721746512036141e-05, "Shape_Area": 2.9604179191009596e-10 }, "geometry": { "type": "MultiPolygon", "coordinates": [ [ [ [ 150.585821543000066, -34.987623685999949 ], [ 150.585854384000072, -34.987624338999979 ], [ 150.585854649000112, -34.987615329999983 ], [ 150.585821807000116, -34.987614676999954 ], [ 150.585821543000066, -34.987623685999949 ] ] ] ] } },
{ "type": "Feature", "properties": { "OBJECTID": 89, "gridcode": 6, "Shape_Length": 0.00036187041133677961, "Shape_Area": 3.8487701063903737e-09 }, "geometry": { "type": "MultiPolygon", "coordinates": [ [ [ [ 150.585886962000018, -34.987634001999936 ], [ 150.585919804000014, -34.987634655999955 ], [ 150.58592059800003, -34.987607626999932 ], [ 150.585931545000108, -34.987607844999957 ], [ 150.58593260300006, -34.987571806999938 ], [ 150.585943551000014, -34.987572024999963 ], [ 150.58594460900008, -34.987535986999944 ], [ 150.585933662000116, -34.987535769999965 ], [ 150.585934456000018, -34.987508740999942 ], [ 150.5859125610001, -34.987508305999938 ], [ 150.585911238000108, -34.987553352999953 ], [ 150.58590029100003, -34.987553134999985 ], [ 150.585898174000022, -34.987625210999965 ], [ 150.585887226000068, -34.98762499299994 ], [ 150.585886962000018, -34.987634001999936 ] ] ] ] } },
{ "type": "Feature", "properties": { "OBJECTID": 105, "gridcode": 6, "Shape_Length": 0.00027947980749744924, "Shape_Area": 1.4803103746756374e-09 }, "geometry": { "type": "MultiPolygon", "coordinates": [ [ [ [ 150.585292896000055, -34.987721343999965 ], [ 150.585314790000098, -34.987721778999969 ], [ 150.585315320000063, -34.987703759999931 ], [ 150.58530437200011, -34.987703542999952 ], [ 150.585304637000036, -34.987694532999967 ], [ 150.585282743000107, -34.987694096999974 ], [ 150.585283007000044, -34.987685087999978 ], [ 150.585272060000079, -34.987684869999953 ], [ 150.585272325000119, -34.987675860999957 ], [ 150.585261377000052, -34.987675642999932 ], [ 150.585261907000017, -34.987657623999951 ], [ 150.585240012000099, -34.987657187999957 ], [ 150.58523974700006, -34.987666197999943 ], [ 150.585250695000013, -34.987666415999968 ], [ 150.585250165000048, -34.987684433999959 ], [ 150.585261113000115, -34.987684651999984 ], [ 150.585260848000075, -34.98769366199997 ], [ 150.58527179500004, -34.987693879999938 ], [ 150.585271531000103, -34.987702888999934 ], [ 150.585282478000067, -34.987703106999959 ], [ 150.585282213000028, -34.987712115999955 ], [ 150.585293160000106, -34.98771233399998 ], [ 150.585292896000055, -34.987721343999965 ] ] ] ] } },
{ "type": "Feature", "properties": { "OBJECTID": 145, "gridcode": 6, "Shape_Length": 0.0021753425400158114, "Shape_Area": 6.0100152988229751e-08 }, "geometry": { "type": "MultiPolygon", "coordinates": [ [ [ [ 150.585540714000103, -34.987861494999947 ], [ 150.585540449000064, -34.987870504999933 ], [ 150.585551396000028, -34.987870722999958 ], [ 150.585551926000107, -34.987852703999977 ], [ 150.585562873000072, -34.987852920999956 ], [ 150.585563138000111, -34.98784391199996 ], [ 150.585574085000076, -34.987844129999928 ], [ 150.585574350000115, -34.987835119999943 ], [ 150.58558529700008, -34.987835337999968 ], [ 150.585586356000022, -34.987799300999939 ], [ 150.5855973030001, -34.987799517999974 ], [ 150.585597568000026, -34.987790508999979 ], [ 150.585586620000072, -34.987790290999953 ], [ 150.585586885000112, -34.987781281999958 ], [ 150.585597832000076, -34.987781498999937 ], [ 150.585598891000018, -34.987745461999964 ], [ 150.585609838000096, -34.987745679999932 ], [ 150.585610368000061, -34.987727660999951 ], [ 150.585632262000104, -34.987728095999955 ], [ 150.58563252700003, -34.987719086999959 ], [ 150.585621580000065, -34.987718868999934 ], [ 150.585621844000116, -34.987709859999939 ], [ 150.585632792000069, -34.987710077999964 ], [ 150.585633850000022, -34.987674039999945 ], [ 150.585644798000089, -34.98767425799997 ], [ 150.585645062000026, -34.987665247999985 ], [ 150.585634115000062, -34.98766502999996 ], [ 150.585634380000101, -34.987656020999964 ], [ 150.585645327000066, -34.987656238999932 ], [ 150.585645856000042, -34.987638219999951 ], [ 150.585656804000109, -34.987638437999976 ], [ 150.585657068000046, -34.987629427999934 ], [ 150.585668016000113, -34.987629645999959 ], [ 150.58566854500009, -34.987611626999978 ], [ 150.585679492000054, -34.987611844999947 ], [ 150.58568002200002, -34.987593825999966 ], [ 150.585723811000094, -34.987594696999963 ], [ 150.58572434000007, -34.987576678999972 ], [ 150.585757182000066, -34.987577331999944 ], [ 150.585756653000089, -34.987595350999982 ], [ 150.585767600000054, -34.98759556899995 ], [ 150.585767071000078, -34.987613586999942 ], [ 150.585799913000074, -34.98761424099996 ], [ 150.585799648000034, -34.987623249999956 ], [ 150.585810595000112, -34.987623467999981 ], [ 150.585811125000077, -34.987605448999943 ], [ 150.585789230000046, -34.987605013999939 ], [ 150.585789495000085, -34.987596003999954 ], [ 150.58580044200005, -34.987596221999979 ], [ 150.585801236000066, -34.987569193999946 ], [ 150.585790289000101, -34.987568975999977 ], [ 150.585790553000038, -34.987559966999981 ], [ 150.585779606000074, -34.987559748999956 ], [ 150.585779871000113, -34.987550738999971 ], [ 150.585768923000046, -34.987550520999946 ], [ 150.585769188000086, -34.98754151199995 ], [ 150.585747293000054, -34.987541075999957 ], [ 150.585747029000117, -34.987550085999942 ], [ 150.58573608100005, -34.987549867999974 ], [ 150.585735817000113, -34.987558876999969 ], [ 150.585702975000117, -34.98755822399994 ], [ 150.585702710000078, -34.987567232999936 ], [ 150.585680816000036, -34.987566797999932 ], [ 150.585681080000086, -34.987557787999947 ], [ 150.585659186000044, -34.987557352999943 ], [ 150.585659450000094, -34.987548342999958 ], [ 150.58557187200006, -34.987546600999963 ], [ 150.585572137000099, -34.987537590999978 ], [ 150.585473611000111, -34.987535630999957 ], [ 150.585473876000037, -34.987526621999962 ], [ 150.585397245000081, -34.987525096999946 ], [ 150.585396980000041, -34.987534105999941 ], [ 150.585407927000119, -34.987534323999967 ], [ 150.585407133000103, -34.987561351999943 ], [ 150.585418081000057, -34.987561569999968 ], [ 150.585417816000017, -34.987570579999954 ], [ 150.585428763000095, -34.987570796999933 ], [ 150.585428499000045, -34.987579806999975 ], [ 150.585450393000087, -34.987580241999979 ], [ 150.585450128000048, -34.987589251999964 ], [ 150.585461076000115, -34.987589469999932 ], [ 150.585460811000075, -34.987598478999985 ], [ 150.58547175800004, -34.987598696999953 ], [ 150.585471494000103, -34.987607705999949 ], [ 150.585482441000067, -34.987607923999974 ], [ 150.585482176000028, -34.987616933999959 ], [ 150.585493124000095, -34.987617150999938 ], [ 150.585492859000055, -34.98762616099998 ], [ 150.58550380600002, -34.987626378999948 ], [ 150.585501689000012, -34.98769845399994 ], [ 150.585490741000058, -34.987698235999972 ], [ 150.585490477000121, -34.987707245999957 ], [ 150.585479529000054, -34.987707027999932 ], [ 150.585479, -34.987725046999969 ], [ 150.585468053000113, -34.987724828999944 ], [ 150.585467788000074, -34.98773383799994 ], [ 150.585456841000109, -34.987733620999961 ], [ 150.58545657600007, -34.987742629999957 ], [ 150.585445629000105, -34.987742411999932 ], [ 150.585445364000066, -34.987751421999974 ], [ 150.585379680000074, -34.987750114999983 ], [ 150.585379945000113, -34.987741104999941 ], [ 150.585358050000082, -34.987740668999948 ], [ 150.585358315000121, -34.987731659999952 ], [ 150.585347368000043, -34.987731441999983 ], [ 150.585347632000094, -34.987722432999931 ], [ 150.585314790000098, -34.987721778999969 ], [ 150.585314526000047, -34.987730788999954 ], [ 150.585325473000012, -34.987731006999979 ], [ 150.585325208000086, -34.987740015999975 ], [ 150.585336156000039, -34.987740233999943 ], [ 150.585335891000113, -34.987749242999939 ], [ 150.585346838000078, -34.987749460999964 ], [ 150.585346573000038, -34.98775846999996 ], [ 150.585357521000105, -34.987758687999928 ], [ 150.585357256000066, -34.987767697999971 ], [ 150.585379151000097, -34.987768132999975 ], [ 150.585378886000058, -34.98777714299996 ], [ 150.585389833000022, -34.987777360999928 ], [ 150.585389569000085, -34.987786369999981 ], [ 150.585411463000014, -34.987786805999974 ], [ 150.585411199000077, -34.98779581499997 ], [ 150.585422146000042, -34.987796032999938 ], [ 150.585421881000116, -34.98780504299998 ], [ 150.585454723000112, -34.987805695999953 ], [ 150.585454459000061, -34.987814704999948 ], [ 150.585476353000104, -34.987815140999942 ], [ 150.585476088000064, -34.987824150999984 ], [ 150.585487036000018, -34.987824367999963 ], [ 150.585486771000092, -34.987833377999948 ], [ 150.58550866600001, -34.987833812999952 ], [ 150.585508401000084, -34.987842822999937 ], [ 150.585519348000048, -34.987843040999962 ], [ 150.585519084000111, -34.987852049999958 ], [ 150.585530031000076, -34.987852267999983 ], [ 150.585529766000036, -34.987861276999979 ], [ 150.585540714000103, -34.987861494999947 ] ] ] ] } },
{ "type": "Feature", "properties": { "OBJECTID": 146, "gridcode": 6, "Shape_Length": 3.9926084376565627e-05, "Shape_Area": 9.8689030347830345e-11 }, "geometry": { "type": "MultiPolygon", "coordinates": [ [ [ [ 150.585562079000056, -34.987879949999979 ], [ 150.585562344000095, -34.987870939999937 ], [ 150.585551396000028, -34.987870722999958 ], [ 150.585551132000091, -34.987879731999953 ], [ 150.585562079000056, -34.987879949999979 ] ] ] ] } },
{ "type": "Feature", "properties": { "OBJECTID": 155, "gridcode": 6, "Shape_Length": 5.7951877464971263e-05, "Shape_Area": 1.9737269409081503e-10 }, "geometry": { "type": "MultiPolygon", "coordinates": [ [ [ [ 150.585539920000087, -34.98788852399997 ], [ 150.585539390000122, -34.987906541999962 ], [ 150.585550338000075, -34.98790675999993 ], [ 150.585550867000052, -34.987888740999949 ], [ 150.585539920000087, -34.98788852399997 ] ] ] ] } },
{ "type": "Feature", "properties": { "OBJECTID": 164, "gridcode": 6, "Shape_Length": 3.9925113872149674e-05, "Shape_Area": 9.8684634075647142e-11 }, "geometry": { "type": "MultiPolygon", "coordinates": [ [ [ [ 150.585110591000102, -34.987961111999937 ], [ 150.585110856000028, -34.987952102999941 ], [ 150.585099909000064, -34.987951884999973 ], [ 150.585099644000024, -34.987960894999958 ], [ 150.585110591000102, -34.987961111999937 ] ] ] ] } },
{ "type": "Feature", "properties": { "OBJECTID": 165, "gridcode": 6, "Shape_Length": 3.99251046819278e-05, "Shape_Area": 9.8683688904304993e-11 }, "geometry": { "type": "MultiPolygon", "coordinates": [ [ [ [ 150.585548485000118, -34.987969825999983 ], [ 150.585548750000044, -34.98796081699993 ], [ 150.58553780200009, -34.987960598999962 ], [ 150.58553753800004, -34.987969607999958 ], [ 150.585548485000118, -34.987969825999983 ] ] ] ] } },
{ "type": "Feature", "properties": { "OBJECTID": 195, "gridcode": 6, "Shape_Length": 9.7878981096951239e-05, "Shape_Area": 3.9474649072428863e-10 }, "geometry": { "type": "MultiPolygon", "coordinates": [ [ [ [ 150.585534891000066, -34.988059702999976 ], [ 150.5855343610001, -34.988077721999957 ], [ 150.585545309000054, -34.988077938999936 ], [ 150.585545573000104, -34.98806892999994 ], [ 150.585556521000058, -34.988069147999965 ], [ 150.585557050000034, -34.988051128999984 ], [ 150.58554610300007, -34.988050910999959 ], [ 150.58554583800003, -34.988059920999945 ], [ 150.585534891000066, -34.988059702999976 ] ] ] ] } },
{ "type": "Feature", "properties": { "OBJECTID": 197, "gridcode": 6, "Shape_Length": 3.992608420972115e-05, "Shape_Area": 9.8689029529398796e-11 }, "geometry": { "type": "MultiPolygon", "coordinates": [ [ [ [ 150.58553383200001, -34.988095739999949 ], [ 150.58553409700005, -34.988086730999953 ], [ 150.585523149000096, -34.988086512999985 ], [ 150.585522885000046, -34.98809552299997 ], [ 150.58553383200001, -34.988095739999949 ] ] ] ] } },
{ "type": "Feature", "properties": { "OBJECTID": 216, "gridcode": 6, "Shape_Length": 7.5977661279522983e-05, "Shape_Area": 2.960486101653781e-10 }, "geometry": { "type": "MultiPolygon", "coordinates": [ [ [ [ 150.585511673000042, -34.988104313999941 ], [ 150.585510879000026, -34.988131341999974 ], [ 150.585521826000104, -34.988131559999943 ], [ 150.58552262000012, -34.988104531999966 ], [ 150.585511673000042, -34.988104313999941 ] ] ] ] } },
{ "type": "Feature", "properties": { "OBJECTID": 224, "gridcode": 6, "Shape_Length": 3.992511376182782e-05, "Shape_Area": 9.8684633575879802e-11 }, "geometry": { "type": "MultiPolygon", "coordinates": [ [ [ [ 150.58551008400002, -34.98815837099994 ], [ 150.58551034900006, -34.988149360999955 ], [ 150.585499402000096, -34.988149143999976 ], [ 150.585499137000056, -34.988158152999972 ], [ 150.58551008400002, -34.98815837099994 ] ] ] ] } },
{ "type": "Feature", "properties": { "OBJECTID": 232, "gridcode": 6, "Shape_Length": 6.1824425188500032e-05, "Shape_Area": 1.9737368835203457e-10 }, "geometry": { "type": "MultiPolygon", "coordinates": [ [ [ [ 150.585509555000044, -34.988176389999978 ], [ 150.585531450000076, -34.988176824999982 ], [ 150.585531714000012, -34.98816781599993 ], [ 150.585509820000084, -34.988167379999936 ], [ 150.585509555000044, -34.988176389999978 ] ] ] ] } },
{ "type": "Feature", "properties": { "OBJECTID": 237, "gridcode": 6, "Shape_Length": 6.1824425077208753e-05, "Shape_Area": 1.9737368710747633e-10 }, "geometry": { "type": "MultiPolygon", "coordinates": [ [ [ [ 150.585542133000104, -34.988186052999936 ], [ 150.585564027000032, -34.98818648799994 ], [ 150.585564292000072, -34.988177478999944 ], [ 150.58554239700004, -34.988177042999951 ], [ 150.585542133000104, -34.988186052999936 ] ] ] ] } },
{ "type": "Feature", "properties": { "OBJECTID": 264, "gridcode": 6, "Shape_Length": 0.00042890149703184562, "Shape_Area": 2.2697914504083442e-09 }, "geometry": { "type": "MultiPolygon", "coordinates": [ [ [ [ 150.585693543000048, -34.988252167999974 ], [ 150.585693278000122, -34.98826117699997 ], [ 150.585704226000075, -34.988261394999938 ], [ 150.585704755000052, -34.988243375999957 ], [ 150.58568286000002, -34.988242940999953 ], [ 150.58568312500006, -34.988233930999968 ], [ 150.585650283000064, -34.988233277999939 ], [ 150.585650548000103, -34.988224268999943 ], [ 150.585628653000072, -34.98822383299995 ], [ 150.585628917000122, -34.988214822999964 ], [ 150.585617970000044, -34.988214605999929 ], [ 150.585618235000084, -34.988205595999943 ], [ 150.585607287000016, -34.988205377999975 ], [ 150.585607552000056, -34.988196368999979 ], [ 150.585585657000024, -34.988195932999929 ], [ 150.585585922000064, -34.988186923999933 ], [ 150.585564027000032, -34.98818648799994 ], [ 150.585563763000096, -34.988195497999982 ], [ 150.58557471000006, -34.988195714999961 ], [ 150.585574181000084, -34.988213733999942 ], [ 150.585596075000012, -34.988214169999935 ], [ 150.585595811000076, -34.988223178999931 ], [ 150.585617705000118, -34.988223614999981 ], [ 150.585617441000068, -34.988232623999977 ], [ 150.585639336000099, -34.98823305999997 ], [ 150.58563907100006, -34.988242069999956 ], [ 150.585671913000056, -34.988242722999985 ], [ 150.585671648000016, -34.988251731999981 ], [ 150.585693543000048, -34.988252167999974 ] ] ] ] } },
{ "type": "Feature", "properties": { "OBJECTID": 305, "gridcode": 6, "Shape_Length": 0.0030032374642955675, "Shape_Area": 6.2765138136765861e-08 }, "geometry": { "type": "MultiPolygon", "coordinates": [ [ [ [ 150.585139120000122, -34.98885413499994 ], [ 150.585138061000066, -34.988890172999959 ], [ 150.58514900800003, -34.988890390999984 ], [ 150.585150861000102, -34.988827324999932 ], [ 150.585161809000056, -34.988827541999967 ], [ 150.585162338000032, -34.988809523999976 ], [ 150.585173286000099, -34.988809740999955 ], [ 150.585174080000115, -34.988782712999978 ], [ 150.58518502700008, -34.988782930999946 ], [ 150.585186351000061, -34.988737883999931 ], [ 150.585175404000097, -34.988737665999963 ], [ 150.585177521000105, -34.988665590999972 ], [ 150.585188469000059, -34.988665807999951 ], [ 150.58518979300004, -34.988620760999936 ], [ 150.585178845000087, -34.988620542999968 ], [ 150.585179639000103, -34.988593514999934 ], [ 150.585168692000025, -34.988593296999966 ], [ 150.585168957000064, -34.98858428799997 ], [ 150.585158009000111, -34.988584069999945 ], [ 150.585158274000037, -34.988575060999949 ], [ 150.585147326000083, -34.988574842999981 ], [ 150.58514918000003, -34.988511776999928 ], [ 150.585160127000108, -34.988511994999953 ], [ 150.585160392000034, -34.988502984999968 ], [ 150.585171339000112, -34.988503202999937 ], [ 150.585171604000038, -34.988494193999941 ], [ 150.585182551000116, -34.988494410999976 ], [ 150.585182816000042, -34.988485401999981 ], [ 150.585204711000074, -34.988485837999974 ], [ 150.585204976000114, -34.988476827999932 ], [ 150.585259713000028, -34.988477917999944 ], [ 150.585259977000078, -34.988468907999959 ], [ 150.585270925000032, -34.988469125999984 ], [ 150.585271454000122, -34.988451106999946 ], [ 150.585282402000075, -34.988451324999971 ], [ 150.585282666000012, -34.988442315999976 ], [ 150.585293614000079, -34.988442532999954 ], [ 150.585294937000072, -34.98839748599994 ], [ 150.585283990000107, -34.988397268999961 ], [ 150.585284255000033, -34.988388258999976 ], [ 150.585262360000115, -34.988387822999982 ], [ 150.585262624000052, -34.98837881399993 ], [ 150.585273572000119, -34.988379031999955 ], [ 150.585273837000045, -34.98837002199997 ], [ 150.585284784, -34.988370239999938 ], [ 150.585285049000049, -34.988361230999942 ], [ 150.585328838, -34.98836210199994 ], [ 150.585329103000049, -34.988353092999944 ], [ 150.585340050000013, -34.988353310999969 ], [ 150.585340315000053, -34.988344300999984 ], [ 150.585351262000017, -34.988344518999952 ], [ 150.585353645000055, -34.988263433999975 ], [ 150.585342697000101, -34.98826321599995 ], [ 150.585342962000027, -34.988254206999954 ], [ 150.585332015000063, -34.988253988999929 ], [ 150.585332279000113, -34.988244979999934 ], [ 150.585310385000071, -34.98824454399994 ], [ 150.585310649000121, -34.988235534999944 ], [ 150.585299702000043, -34.988235316999976 ], [ 150.585299967000083, -34.988226306999934 ], [ 150.585267125000087, -34.988225653999962 ], [ 150.585267389000023, -34.988216643999976 ], [ 150.585256442000059, -34.988216425999951 ], [ 150.585256707000099, -34.988207416999956 ], [ 150.585234812000067, -34.988206980999962 ], [ 150.585235077000107, -34.988197971999966 ], [ 150.585224129000039, -34.988197753999941 ], [ 150.585224394000079, -34.988188744999945 ], [ 150.585213447000115, -34.988188526999977 ], [ 150.585213711000051, -34.988179516999935 ], [ 150.585202764000087, -34.988179298999967 ], [ 150.585203029000013, -34.988170289999971 ], [ 150.585192081000059, -34.988170071999946 ], [ 150.585192346000099, -34.98816106299995 ], [ 150.585181399000021, -34.988160844999982 ], [ 150.585181663000071, -34.98815183499994 ], [ 150.585170716000107, -34.988151617999961 ], [ 150.585170981000033, -34.988142607999976 ], [ 150.585160033000079, -34.98814238999995 ], [ 150.585160298000119, -34.988133380999955 ], [ 150.585149351000041, -34.988133162999929 ], [ 150.585149615000091, -34.988124153999934 ], [ 150.585138668000013, -34.988123935999965 ], [ 150.585138933000053, -34.98811492599998 ], [ 150.585127985000099, -34.988114707999955 ], [ 150.585128250000025, -34.988105698999959 ], [ 150.585117303000061, -34.988105480999934 ], [ 150.585117568000101, -34.988096471999938 ], [ 150.585106620000033, -34.98809625399997 ], [ 150.585109797000086, -34.98798814099996 ], [ 150.585098850000122, -34.987987922999935 ], [ 150.585097526000027, -34.988032969999949 ], [ 150.585086579000063, -34.988032751999981 ], [ 150.585084990000041, -34.988086808999981 ], [ 150.585095938000109, -34.98808702599996 ], [ 150.585095143000103, -34.988114054999983 ], [ 150.585106091000057, -34.988114272999951 ], [ 150.585105297000041, -34.988141300999985 ], [ 150.585116244000119, -34.988141518999953 ], [ 150.585115979000079, -34.988150527999949 ], [ 150.585126927000033, -34.988150745999974 ], [ 150.585126662000107, -34.988159755999959 ], [ 150.585159504000103, -34.988160408999931 ], [ 150.585159239000063, -34.988169418999973 ], [ 150.585181134000095, -34.988169853999977 ], [ 150.585180869000055, -34.988178863999963 ], [ 150.585191817, -34.988179081999931 ], [ 150.585191552000083, -34.988188090999984 ], [ 150.585202499000047, -34.988188308999952 ], [ 150.585202235000111, -34.988197317999948 ], [ 150.585213182000075, -34.988197535999973 ], [ 150.585212652000109, -34.988215554999954 ], [ 150.585201705000031, -34.988215336999929 ], [ 150.585201440000105, -34.988224346999971 ], [ 150.585146703000078, -34.988223256999959 ], [ 150.585146968000117, -34.988214247999963 ], [ 150.585136021000039, -34.988214029999938 ], [ 150.585134962000097, -34.988250067999957 ], [ 150.585124015000019, -34.988249849999931 ], [ 150.585121897000022, -34.98832192499998 ], [ 150.585110949000068, -34.988321706999955 ], [ 150.585110685000018, -34.98833071699994 ], [ 150.585121632000096, -34.988330934999965 ], [ 150.585121367000056, -34.988339943999961 ], [ 150.585154209000052, -34.988340597999979 ], [ 150.585153945000116, -34.988349606999975 ], [ 150.585197734000076, -34.988350478999962 ], [ 150.585196146000044, -34.988404534999972 ], [ 150.58518519900008, -34.988404316999947 ], [ 150.585184404000074, -34.988431344999981 ], [ 150.58517345700011, -34.988431127999945 ], [ 150.585172663000094, -34.988458155999979 ], [ 150.585161715000027, -34.988457937999954 ], [ 150.58516145100009, -34.988466946999949 ], [ 150.585150503000023, -34.988466729999971 ], [ 150.585149974000046, -34.988484747999962 ], [ 150.585128079000015, -34.988484312999958 ], [ 150.585127814000089, -34.988493321999954 ], [ 150.585116867000011, -34.988493103999929 ], [ 150.585116602000085, -34.988502113999971 ], [ 150.58510565500012, -34.988501895999946 ], [ 150.585103272000083, -34.988582980999979 ], [ 150.585114219000047, -34.988583198999947 ], [ 150.585113955000111, -34.988592207999943 ], [ 150.585124902000075, -34.988592425999968 ], [ 150.585123049000117, -34.988655491999964 ], [ 150.585133996000081, -34.988655709999932 ], [ 150.585132938000015, -34.988691746999962 ], [ 150.585143885000093, -34.98869196499993 ], [ 150.585142826000038, -34.988728002999949 ], [ 150.585153773000116, -34.988728220999974 ], [ 150.585152715000049, -34.988764258999936 ], [ 150.585163662000014, -34.988764475999972 ], [ 150.585162868000111, -34.988791504999938 ], [ 150.585151920000044, -34.98879128699997 ], [ 150.585151391000068, -34.988809305999951 ], [ 150.585140443000114, -34.988809087999982 ], [ 150.585140179000064, -34.988818096999978 ], [ 150.58512923100011, -34.988817878999953 ], [ 150.58512896700006, -34.988826888999938 ], [ 150.585118019000106, -34.98882667099997 ], [ 150.585117490000016, -34.988844689999951 ], [ 150.585128437000094, -34.988844907999976 ], [ 150.585128172000054, -34.988853916999972 ], [ 150.585139120000122, -34.98885413499994 ] ] ] ] } },
{ "type": "Feature", "properties": { "OBJECTID": 309, "gridcode": 6, "Shape_Length": 5.7951877582163177e-05, "Shape_Area": 1.9737269512741161e-10 }, "geometry": { "type": "MultiPolygon", "coordinates": [ [ [ [ 150.58514900800003, -34.988890390999984 ], [ 150.585148479000054, -34.988908408999976 ], [ 150.585159426000018, -34.988908626999944 ], [ 150.585159956000098, -34.988890607999963 ], [ 150.58514900800003, -34.988890390999984 ] ] ] ] } },
{ "type": "Feature", "properties": { "OBJECTID": 314, "gridcode": 6, "Shape_Length": 9.7877952272229588e-05, "Shape_Area": 3.9474664734495933e-10 }, "geometry": { "type": "MultiPolygon", "coordinates": [ [ [ [ 150.58516984400012, -34.98892686399995 ], [ 150.58516958000007, -34.988935872999946 ], [ 150.585180527000034, -34.988936090999971 ], [ 150.58518105600001, -34.988918071999933 ], [ 150.585170109000046, -34.988917854999954 ], [ 150.585170374000086, -34.988908844999969 ], [ 150.585159426000018, -34.988908626999944 ], [ 150.585158897000042, -34.988926645999982 ], [ 150.58516984400012, -34.98892686399995 ] ] ] ] } },
{ "type": "Feature", "properties": { "OBJECTID": 315, "gridcode": 6, "Shape_Length": 3.9927103799453651e-05, "Shape_Area": 9.8694636288546639e-11 }, "geometry": { "type": "MultiPolygon", "coordinates": [ [ [ [ 150.585191210000062, -34.988945318999981 ], [ 150.585191474000112, -34.988936308999939 ], [ 150.585180527000034, -34.988936090999971 ], [ 150.585180262000108, -34.988945100999956 ], [ 150.585191210000062, -34.988945318999981 ] ] ] ] } },
{ "type": "Feature", "properties": { "OBJECTID": 320, "gridcode": 6, "Shape_Length": 3.9926133761773126e-05, "Shape_Area": 9.8688302036833215e-11 }, "geometry": { "type": "MultiPolygon", "coordinates": [ [ [ [ 150.58520162800005, -34.988963554999941 ], [ 150.58520189300009, -34.988954545999945 ], [ 150.585190945000022, -34.988954327999977 ], [ 150.585190680000096, -34.988963336999973 ], [ 150.58520162800005, -34.988963554999941 ] ] ] ] } },
{ "type": "Feature", "properties": { "OBJECTID": 326, "gridcode": 6, "Shape_Length": 3.9926133761773126e-05, "Shape_Area": 9.8688302036833215e-11 }, "geometry": { "type": "MultiPolygon", "coordinates": [ [ [ [ 150.585212046000038, -34.988981791999947 ], [ 150.585212311000078, -34.988972782999952 ], [ 150.58520136300001, -34.988972564999983 ], [ 150.585201098000084, -34.988981573999979 ], [ 150.585212046000038, -34.988981791999947 ] ] ] ] } },
{ "type": "Feature", "properties": { "OBJECTID": 335, "gridcode": 6, "Shape_Length": 5.795187763992253e-05, "Shape_Area": 1.9737269545360757e-10 }, "geometry": { "type": "MultiPolygon", "coordinates": [ [ [ [ 150.585200834000034, -34.988990583999964 ], [ 150.585200304000068, -34.989008601999956 ], [ 150.585211252000022, -34.989008819999981 ], [ 150.585211781000112, -34.988990800999943 ], [ 150.585200834000034, -34.988990583999964 ] ] ] ] } },
{ "type": "Feature", "properties": { "OBJECTID": 344, "gridcode": 6, "Shape_Length": 7.9850159757216614e-05, "Shape_Area": 2.9605713551894816e-10 }, "geometry": { "type": "MultiPolygon", "coordinates": [ [ [ [ 150.587902220000046, -34.989134459999946 ], [ 150.587924115000078, -34.98913489499995 ], [ 150.587924379000015, -34.989125885999954 ], [ 150.58791343200005, -34.989125667999929 ], [ 150.587913696000101, -34.989116658999933 ], [ 150.587902749000023, -34.989116440999965 ], [ 150.587902220000046, -34.989134459999946 ] ] ] ] } },
{ "type": "Feature", "properties": { "OBJECTID": 362, "gridcode": 6, "Shape_Length": 0.00131623383742962, "Shape_Area": 3.1580356712866035e-08 }, "geometry": { "type": "MultiPolygon", "coordinates": [ [ [ [ 150.587777302000063, -34.989285226999982 ], [ 150.587777037000023, -34.989294235999978 ], [ 150.587787985000091, -34.989294453999946 ], [ 150.587788249000027, -34.989285443999961 ], [ 150.587799197000095, -34.989285661999929 ], [ 150.587799461000031, -34.989276652999934 ], [ 150.587810409000099, -34.989276869999969 ], [ 150.587810673000035, -34.989267860999973 ], [ 150.587832568000067, -34.989268295999977 ], [ 150.587832833000107, -34.989259286999982 ], [ 150.587854728000025, -34.989259721999929 ], [ 150.587854992000075, -34.989250711999944 ], [ 150.587865940000029, -34.989250929999969 ], [ 150.587866204000079, -34.989241920999973 ], [ 150.587877152000033, -34.989242137999952 ], [ 150.587877416000083, -34.989233128999956 ], [ 150.587888364000037, -34.989233345999935 ], [ 150.587888628000087, -34.989224336999939 ], [ 150.587899576000041, -34.989224554999964 ], [ 150.587899840000091, -34.989215544999979 ], [ 150.587910788000045, -34.989215762999947 ], [ 150.587911052000095, -34.989206752999962 ], [ 150.587922, -34.98920697099993 ], [ 150.587922264000099, -34.989197960999945 ], [ 150.587911316000032, -34.989197743999966 ], [ 150.587912374000098, -34.989161705999948 ], [ 150.587923322000051, -34.989161923999973 ], [ 150.587923851000028, -34.989143904999935 ], [ 150.587912903000074, -34.989143686999967 ], [ 150.587912639000024, -34.989152696999952 ], [ 150.58790169100007, -34.989152478999983 ], [ 150.58790195600011, -34.989143469999931 ], [ 150.587891008000042, -34.989143251999963 ], [ 150.587890744000106, -34.989152260999958 ], [ 150.587879796000038, -34.989152043999979 ], [ 150.587879532000102, -34.989161052999975 ], [ 150.587868584000034, -34.98916083599994 ], [ 150.587869113000011, -34.989142816999959 ], [ 150.587858165000057, -34.989142598999933 ], [ 150.587858694000033, -34.989124579999952 ], [ 150.587869642000101, -34.989124797999978 ], [ 150.587870435000013, -34.989097768999954 ], [ 150.587892330000045, -34.989098204999948 ], [ 150.587892595000085, -34.989089194999963 ], [ 150.587903542000049, -34.989089412999931 ], [ 150.587903807000089, -34.989080402999946 ], [ 150.587892859000021, -34.989080185999967 ], [ 150.587893124000061, -34.989071175999982 ], [ 150.587882176000107, -34.989070958999946 ], [ 150.587882440000044, -34.989061948999961 ], [ 150.587893388000111, -34.989062166999929 ], [ 150.587893917000088, -34.989044147999948 ], [ 150.587872022000056, -34.989043712999944 ], [ 150.587872286000106, -34.989034702999959 ], [ 150.58788323400006, -34.989034920999984 ], [ 150.58788349800011, -34.989025911999931 ], [ 150.587872551000032, -34.989025693999963 ], [ 150.587873080000122, -34.989007674999982 ], [ 150.587862132000055, -34.989007456999957 ], [ 150.587862925000081, -34.98898042899998 ], [ 150.587851978000117, -34.988980210999955 ], [ 150.58785118500009, -34.989007239999978 ], [ 150.587840237000023, -34.989007021999953 ], [ 150.587839973000087, -34.989016031999938 ], [ 150.587829025000019, -34.98901581399997 ], [ 150.587828496000043, -34.989033832999951 ], [ 150.587817549000079, -34.989033614999983 ], [ 150.587817284000039, -34.989042624999968 ], [ 150.587806337000075, -34.989042406999943 ], [ 150.587806072000035, -34.989051416999985 ], [ 150.587795125000071, -34.98905119899996 ], [ 150.587794860000031, -34.989060207999955 ], [ 150.587783913000067, -34.989059990999976 ], [ 150.587783648000027, -34.989069 ], [ 150.587772701000063, -34.989068782999937 ], [ 150.587772436000023, -34.989077791999932 ], [ 150.587761489000059, -34.989077573999964 ], [ 150.587760960000082, -34.989095592999945 ], [ 150.587771908000036, -34.98909581099997 ], [ 150.58777164300011, -34.989104819999966 ], [ 150.587782591000064, -34.989105037999934 ], [ 150.587782326000024, -34.98911404699993 ], [ 150.587793274000092, -34.989114264999955 ], [ 150.587792480000076, -34.989141292999932 ], [ 150.587781533000111, -34.989141075999953 ], [ 150.587781268000072, -34.989150084999949 ], [ 150.58775937300004, -34.989149649999945 ], [ 150.58775963800008, -34.98914063999996 ], [ 150.587748690000012, -34.989140422999981 ], [ 150.587748426000076, -34.989149431999977 ], [ 150.587737478000122, -34.989149214999941 ], [ 150.587736949000032, -34.989167232999932 ], [ 150.587726002000068, -34.989167015999953 ], [ 150.587724944000115, -34.989203053999972 ], [ 150.587735892000069, -34.989203270999951 ], [ 150.587735363000093, -34.989221289999932 ], [ 150.587746310000057, -34.989221507999957 ], [ 150.587745781000081, -34.989239526999938 ], [ 150.587756729000034, -34.989239743999974 ], [ 150.587755935000018, -34.98926677299994 ], [ 150.587766883000086, -34.989266989999976 ], [ 150.587766354000109, -34.989285008999957 ], [ 150.587777302000063, -34.989285226999982 ] ] ] ] } },
{ "type": "Feature", "properties": { "OBJECTID": 525, "gridcode": 6, "Shape_Length": 3.9928133344280497e-05, "Shape_Area": 9.8697310941555216e-11 }, "geometry": { "type": "MultiPolygon", "coordinates": [ [ [ [ 150.583612679000112, -34.997180360999948 ], [ 150.583612944000038, -34.997171351999953 ], [ 150.583601995000095, -34.997171133999984 ], [ 150.583601730000055, -34.99718014299998 ], [ 150.583612679000112, -34.997180360999948 ] ] ] ] } },
{ "type": "Feature", "properties": { "OBJECTID": 527, "gridcode": 6, "Shape_Length": 0.00048166520129062533, "Shape_Area": 3.2570102450526726e-09 }, "geometry": { "type": "MultiPolygon", "coordinates": [ [ [ [ 150.58352535500012, -34.997169606999933 ], [ 150.58352509000008, -34.997178616999975 ], [ 150.583536039000023, -34.997178834999943 ], [ 150.583536569000103, -34.997160815999962 ], [ 150.583525620000046, -34.997160597999937 ], [ 150.583526150000012, -34.997142578999956 ], [ 150.583515202000058, -34.997142360999931 ], [ 150.583515732000023, -34.99712434199995 ], [ 150.58350478300008, -34.997124123999981 ], [ 150.583505578000086, -34.997097095999948 ], [ 150.583494630000018, -34.997096877999979 ], [ 150.583495425000024, -34.997069849999946 ], [ 150.583484476000081, -34.997069631999977 ], [ 150.583485006000046, -34.99705161299994 ], [ 150.583474058000093, -34.997051394999971 ], [ 150.583474853000098, -34.997024365999948 ], [ 150.583463904000041, -34.99702414799998 ], [ 150.583463639000115, -34.997033157999965 ], [ 150.583452691000048, -34.99703293999994 ], [ 150.583452161000082, -34.997050958999978 ], [ 150.583463109000036, -34.997051176999946 ], [ 150.58346231400003, -34.99707820499998 ], [ 150.583473263000087, -34.997078422999948 ], [ 150.583472468000082, -34.997105450999982 ], [ 150.583483416000036, -34.99710566899995 ], [ 150.58348288600007, -34.997123687999931 ], [ 150.583493835000013, -34.997123905999956 ], [ 150.583493305000047, -34.997141924999937 ], [ 150.583504253000115, -34.997142142999962 ], [ 150.583503988000075, -34.997151151999958 ], [ 150.583514937000018, -34.997151369999983 ], [ 150.583514407000052, -34.997169388999964 ], [ 150.58352535500012, -34.997169606999933 ] ] ] ] } },
{ "type": "Feature", "properties": { "OBJECTID": 560, "gridcode": 6, "Shape_Length": 3.9929162767959847e-05, "Shape_Area": 9.8701925235991345e-11 }, "geometry": { "type": "MultiPolygon", "coordinates": [ [ [ [ 150.579853021000076, -35.002829739999981 ], [ 150.579853287000105, -35.002820730999929 ], [ 150.579842337000059, -35.002820512999961 ], [ 150.579842072000019, -35.002829521999956 ], [ 150.579853021000076, -35.002829739999981 ] ] ] ] } },
{ "type": "Feature", "properties": { "OBJECTID": 563, "gridcode": 6, "Shape_Length": 3.9929152853389576e-05, "Shape_Area": 9.8702917882250358e-11 }, "geometry": { "type": "MultiPolygon", "coordinates": [ [ [ [ 150.579918717000055, -35.00283105099993 ], [ 150.579918982000095, -35.002822040999945 ], [ 150.579908033000038, -35.002821822999977 ], [ 150.579907768000112, -35.002830831999972 ], [ 150.579918717000055, -35.00283105099993 ] ] ] ] } },
{ "type": "Feature", "properties": { "OBJECTID": 569, "gridcode": 6, "Shape_Length": 3.9929152801023513e-05, "Shape_Area": 9.8702917701260914e-11 }, "geometry": { "type": "MultiPolygon", "coordinates": [ [ [ [ 150.579851694000013, -35.002874786999939 ], [ 150.579851959000052, -35.002865777999943 ], [ 150.579841010000109, -35.002865558999929 ], [ 150.57984074500007, -35.002874568999971 ], [ 150.579851694000013, -35.002874786999939 ] ] ] ] } },
{ "type": "Feature", "properties": { "OBJECTID": 571, "gridcode": 6, "Shape_Length": 6.1831542512334764e-05, "Shape_Area": 1.9739960987023659e-10 }, "geometry": { "type": "MultiPolygon", "coordinates": [ [ [ [ 150.580288672000052, -35.003289162999977 ], [ 150.580310570000051, -35.00328959999996 ], [ 150.580310836000081, -35.003280590999964 ], [ 150.580288937000091, -35.003280153999981 ], [ 150.580288672000052, -35.003289162999977 ] ] ] ] } },
{ "type": "Feature", "properties": { "OBJECTID": 573, "gridcode": 6, "Shape_Length": 8.3736852000186479e-05, "Shape_Area": 2.9613405440930367e-10 }, "geometry": { "type": "MultiPolygon", "coordinates": [ [ [ [ 150.580343153000058, -35.003299264999953 ], [ 150.580376001000104, -35.003299919999961 ], [ 150.58037626600003, -35.003290909999976 ], [ 150.580343418000098, -35.003290254999968 ], [ 150.580343153000058, -35.003299264999953 ] ] ] ] } },
{ "type": "Feature", "properties": { "OBJECTID": 582, "gridcode": 6, "Shape_Length": 6.1833492469742465e-05, "Shape_Area": 1.9741471267593681e-10 }, "geometry": { "type": "MultiPolygon", "coordinates": [ [ [ [ 150.581093882000118, -35.00347649899993 ], [ 150.581115781000108, -35.00347693599997 ], [ 150.581116046000034, -35.003467925999985 ], [ 150.581094147000044, -35.003467489999935 ], [ 150.581093882000118, -35.00347649899993 ] ] ] ] } },
{ "type": "Feature", "properties": { "OBJECTID": 602, "gridcode": 6, "Shape_Length": 3.9930182102558746e-05, "Shape_Area": 9.8707531848524138e-11 }, "geometry": { "type": "MultiPolygon", "coordinates": [ [ [ [ 150.581589861000111, -35.003747812999961 ], [ 150.581590126000037, -35.003738802999976 ], [ 150.581579177000094, -35.003738584999951 ], [ 150.581578911000065, -35.003747593999947 ], [ 150.581589861000111, -35.003747812999961 ] ] ] ] } },
{ "type": "Feature", "properties": { "OBJECTID": 606, "gridcode": 6, "Shape_Length": 3.9931152492103615e-05, "Shape_Area": 9.8711927605711258e-11 }, "geometry": { "type": "MultiPolygon", "coordinates": [ [ [ [ 150.581632863000095, -35.003775713999971 ], [ 150.581633128000021, -35.003766703999929 ], [ 150.581622178000089, -35.003766485999961 ], [ 150.581621913000049, -35.003775494999957 ], [ 150.581632863000095, -35.003775713999971 ] ] ] ] } },
{ "type": "Feature", "properties": { "OBJECTID": 616, "gridcode": 6, "Shape_Length": 3.9929162712272648e-05, "Shape_Area": 9.8701924932333807e-11 }, "geometry": { "type": "MultiPolygon", "coordinates": [ [ [ [ 150.581631006000066, -35.003838778999977 ], [ 150.581631271000106, -35.003829769999982 ], [ 150.581620322000049, -35.003829551999956 ], [ 150.58162005600002, -35.003838560999952 ], [ 150.581631006000066, -35.003838778999977 ] ] ] ] } },
{ "type": "Feature", "properties": { "OBJECTID": 617, "gridcode": 6, "Shape_Length": 9.4008590721991828e-05, "Shape_Area": 3.9480641593831378e-10 }, "geometry": { "type": "MultiPolygon", "coordinates": [ [ [ [ 150.581632332000027, -35.003793731999963 ], [ 150.581631271000106, -35.003829769999982 ], [ 150.581642220000049, -35.00382998799995 ], [ 150.581643281000083, -35.003793950999977 ], [ 150.581632332000027, -35.003793731999963 ] ] ] ] } },
{ "type": "Feature", "properties": { "OBJECTID": 619, "gridcode": 6, "Shape_Length": 5.7956954852159809e-05, "Shape_Area": 1.9741468814660164e-10 }, "geometry": { "type": "MultiPolygon", "coordinates": [ [ [ [ 150.581609107000077, -35.003838342999984 ], [ 150.581608576000122, -35.003856361999965 ], [ 150.581619526000054, -35.003856579999933 ], [ 150.58162005600002, -35.003838560999952 ], [ 150.581609107000077, -35.003838342999984 ] ] ] ] } },
{ "type": "Feature", "properties": { "OBJECTID": 620, "gridcode": 6, "Shape_Length": 5.7955975366296515e-05, "Shape_Area": 1.9740947976851434e-10 }, "geometry": { "type": "MultiPolygon", "coordinates": [ [ [ [ 150.581597627000065, -35.00385614299995 ], [ 150.58159709600011, -35.003874161999931 ], [ 150.581608046000042, -35.003874379999957 ], [ 150.581608576000122, -35.003856361999965 ], [ 150.581597627000065, -35.00385614299995 ] ] ] ] } },
{ "type": "Feature", "properties": { "OBJECTID": 635, "gridcode": 6, "Shape_Length": 3.9930132516502389e-05, "Shape_Area": 9.8708260144486188e-11 }, "geometry": { "type": "MultiPolygon", "coordinates": [ [ [ [ 150.582278159000111, -35.004185220999943 ], [ 150.582278424000037, -35.004176210999958 ], [ 150.582267475000094, -35.004175992999933 ], [ 150.582267210000055, -35.004185002999975 ], [ 150.582278159000111, -35.004185220999943 ] ] ] ] } },
{ "type": "Feature", "properties": { "OBJECTID": 648, "gridcode": 6, "Shape_Length": 3.9930132926860232e-05, "Shape_Area": 9.8706319846277216e-11 }, "geometry": { "type": "MultiPolygon", "coordinates": [ [ [ [ 150.581748606000019, -35.00430988599993 ], [ 150.581748871000059, -35.004300876999935 ], [ 150.581737921000013, -35.004300658999966 ], [ 150.581737656000087, -35.004309667999962 ], [ 150.581748606000019, -35.00430988599993 ] ] ] ] } },
{ "type": "Feature", "properties": { "OBJECTID": 653, "gridcode": 6, "Shape_Length": 3.9928133344280497e-05, "Shape_Area": 9.8697310941555216e-11 }, "geometry": { "type": "MultiPolygon", "coordinates": [ [ [ [ 150.582152941000118, -35.004344988999947 ], [ 150.582153206000044, -35.004335979999951 ], [ 150.5821422570001, -35.004335761999982 ], [ 150.582141992000061, -35.004344770999978 ], [ 150.582152941000118, -35.004344988999947 ] ] ] ] } },
{ "type": "Feature", "properties": { "OBJECTID": 657, "gridcode": 6, "Shape_Length": 7.5983767758671831e-05, "Shape_Area": 2.9612237614629825e-10 }, "geometry": { "type": "MultiPolygon", "coordinates": [ [ [ [ 150.581726441000114, -35.004318458999933 ], [ 150.581725646000109, -35.004345486999966 ], [ 150.581736595000052, -35.004345705999981 ], [ 150.581737391000047, -35.004318676999958 ], [ 150.581726441000114, -35.004318458999933 ] ] ] ] } },
{ "type": "Feature", "properties": { "OBJECTID": 659, "gridcode": 6, "Shape_Length": 3.9930132577821692e-05, "Shape_Area": 9.8708260365379704e-11 }, "geometry": { "type": "MultiPolygon", "coordinates": [ [ [ [ 150.582119297000077, -35.004371362999962 ], [ 150.582119562000116, -35.004362352999976 ], [ 150.582108613000059, -35.004362134999951 ], [ 150.58210834800002, -35.004371144999936 ], [ 150.582119297000077, -35.004371362999962 ] ] ] ] } },
{ "type": "Feature", "properties": { "OBJECTID": 661, "gridcode": 6, "Shape_Length": 5.7956955027123192e-05, "Shape_Area": 1.9741468950953628e-10 }, "geometry": { "type": "MultiPolygon", "coordinates": [ [ [ [ 150.581714696000063, -35.004345268999941 ], [ 150.581714166000097, -35.004363287999979 ], [ 150.58172511500004, -35.004363505999947 ], [ 150.581725646000109, -35.004345486999966 ], [ 150.581714696000063, -35.004345268999941 ] ] ] ] } },
{ "type": "Feature", "properties": { "OBJECTID": 665, "gridcode": 6, "Shape_Length": 3.9931161761957827e-05, "Shape_Area": 9.8712874095696466e-11 }, "geometry": { "type": "MultiPolygon", "coordinates": [ [ [ [ 150.582469416000094, -35.004387354999949 ], [ 150.582469681000021, -35.004378344999964 ], [ 150.582458732000077, -35.004378126999939 ], [ 150.582458466000048, -35.004387136999981 ], [ 150.582469416000094, -35.004387354999949 ] ] ] ] } },
{ "type": "Feature", "properties": { "OBJECTID": 676, "gridcode": 6, "Shape_Length": 3.9930181992236926e-05, "Shape_Area": 9.8707531348813654e-11 }, "geometry": { "type": "MultiPolygon", "coordinates": [ [ [ [ 150.582107552000025, -35.00439817299997 ], [ 150.582107817000065, -35.004389162999985 ], [ 150.582096868000122, -35.00438894499996 ], [ 150.582096602000092, -35.004397953999955 ], [ 150.582107552000025, -35.00439817299997 ] ] ] ] } },
{ "type": "Feature", "properties": { "OBJECTID": 677, "gridcode": 6, "Shape_Length": 3.9928133463550576e-05, "Shape_Area": 9.8697311481112941e-11 }, "geometry": { "type": "MultiPolygon", "coordinates": [ [ [ [ 150.582457936000083, -35.004405154999972 ], [ 150.582458201000122, -35.004396145999976 ], [ 150.582447252000065, -35.004395927999951 ], [ 150.582446987000026, -35.004404936999947 ], [ 150.582457936000083, -35.004405154999972 ] ] ] ] } },
{ "type": "Feature", "properties": { "OBJECTID": 681, "gridcode": 6, "Shape_Length": 5.7955005004725743e-05, "Shape_Area": 1.9740057986265218e-10 }, "geometry": { "type": "MultiPolygon", "coordinates": [ [ [ [ 150.581658888000106, -35.004380214999969 ], [ 150.581658357000038, -35.00439823399995 ], [ 150.581669306000094, -35.004398451999975 ], [ 150.581669837000049, -35.004380433999984 ], [ 150.581658888000106, -35.004380214999969 ] ] ] ] } },
{ "type": "Feature", "properties": { "OBJECTID": 682, "gridcode": 6, "Shape_Length": 3.9931152434147954e-05, "Shape_Area": 9.8711927286961784e-11 }, "geometry": { "type": "MultiPolygon", "coordinates": [ [ [ [ 150.581679991000101, -35.004407679999929 ], [ 150.581680256000027, -35.004398670999933 ], [ 150.581669306000094, -35.004398451999975 ], [ 150.581669041000055, -35.004407461999961 ], [ 150.581679991000101, -35.004407679999929 ] ] ] ] } },
{ "type": "Feature", "properties": { "OBJECTID": 687, "gridcode": 6, "Shape_Length": 3.9930182158240767e-05, "Shape_Area": 9.8707532152181688e-11 }, "geometry": { "type": "MultiPolygon", "coordinates": [ [ [ [ 150.581690675000118, -35.004416907999939 ], [ 150.581690940000044, -35.004407897999954 ], [ 150.581679991000101, -35.004407679999929 ], [ 150.581679725000072, -35.004416688999981 ], [ 150.581690675000118, -35.004416907999939 ] ] ] ] } },
{ "type": "Feature", "properties": { "OBJECTID": 700, "gridcode": 6, "Shape_Length": 3.9929152743067919e-05, "Shape_Area": 9.8702917382539862e-11 }, "geometry": { "type": "MultiPolygon", "coordinates": [ [ [ [ 150.582434711000019, -35.004449765999937 ], [ 150.582434976000059, -35.004440756999941 ], [ 150.582424027000116, -35.004440537999983 ], [ 150.582423762000076, -35.004449547999968 ], [ 150.582434711000019, -35.004449765999937 ] ] ] ] } },
{ "type": "Feature", "properties": { "OBJECTID": 705, "gridcode": 6, "Shape_Length": 0.002729374882239071, "Shape_Area": 6.1789877437405938e-08 }, "geometry": { "type": "MultiPolygon", "coordinates": [ [ [ [ 150.58202931400001, -35.004450700999939 ], [ 150.582051213000113, -35.004451137999979 ], [ 150.582051743000079, -35.004433118999941 ], [ 150.582040794000022, -35.004432900999973 ], [ 150.582041059000062, -35.004423890999931 ], [ 150.582030110000119, -35.004423672999962 ], [ 150.582030905000011, -35.004396644999929 ], [ 150.582041855000057, -35.004396862999954 ], [ 150.582042120000096, -35.004387853999958 ], [ 150.582053070000029, -35.004388071999983 ], [ 150.582053335000069, -35.004379062999931 ], [ 150.582064284000012, -35.004379280999956 ], [ 150.582064550000041, -35.00437027199996 ], [ 150.582075499000098, -35.004370489999928 ], [ 150.582075764000024, -35.004361479999943 ], [ 150.582108613000059, -35.004362134999951 ], [ 150.582108878000099, -35.004353125999955 ], [ 150.582097928000053, -35.00435290799993 ], [ 150.582098194000082, -35.004343897999945 ], [ 150.582109143000025, -35.00434411599997 ], [ 150.582109408000065, -35.004335106999974 ], [ 150.582131307000054, -35.004335542999968 ], [ 150.582131573000083, -35.004326533999972 ], [ 150.582098724000048, -35.004325878999964 ], [ 150.582098989000087, -35.004316869999968 ], [ 150.582088040000031, -35.004316651999943 ], [ 150.58208830500007, -35.004307641999958 ], [ 150.582077356000013, -35.004307423999933 ], [ 150.582077621000053, -35.004298414999937 ], [ 150.582066671000121, -35.004298196999969 ], [ 150.582066937000036, -35.004289186999983 ], [ 150.582055987000103, -35.004288968999958 ], [ 150.582056252000029, -35.004279959999963 ], [ 150.582045303000086, -35.004279740999948 ], [ 150.582045568000012, -35.004270731999952 ], [ 150.582023669000023, -35.004270295999959 ], [ 150.582023934000063, -35.004261285999974 ], [ 150.581936338000105, -35.004259539999964 ], [ 150.581936073000065, -35.004268549999949 ], [ 150.581903225000019, -35.004267894999941 ], [ 150.581903490000059, -35.004258885999946 ], [ 150.581881591000069, -35.004258448999963 ], [ 150.581881856000109, -35.004249439999967 ], [ 150.58185995700012, -35.004249002999984 ], [ 150.581860222000046, -35.004239993999931 ], [ 150.581838324000046, -35.004239556999948 ], [ 150.581841506000046, -35.004131444999985 ], [ 150.581830557000103, -35.00413122599997 ], [ 150.581831087000069, -35.004113207999978 ], [ 150.581820138000012, -35.004112988999964 ], [ 150.581820669000081, -35.004094970999972 ], [ 150.581809719000034, -35.004094751999958 ], [ 150.581809984000074, -35.004085742999962 ], [ 150.581799035000017, -35.004085524999937 ], [ 150.581799300000057, -35.004076514999952 ], [ 150.581788351000114, -35.004076296999983 ], [ 150.58178861600004, -35.004067287999931 ], [ 150.581777666000107, -35.004067069999962 ], [ 150.581777932000023, -35.004058059999977 ], [ 150.58176698200009, -35.004057841999952 ], [ 150.581767247000016, -35.004048832999956 ], [ 150.581756298000073, -35.004048613999942 ], [ 150.581756563000113, -35.004039604999946 ], [ 150.581745614000056, -35.004039386999978 ], [ 150.581745879000096, -35.004030376999935 ], [ 150.581734930000039, -35.004030158999967 ], [ 150.581735195000078, -35.004021149999971 ], [ 150.581724245000032, -35.004020930999957 ], [ 150.581724776000101, -35.004002912999965 ], [ 150.581713826000055, -35.004002693999951 ], [ 150.58171435700001, -35.003984675999959 ], [ 150.581703408000067, -35.003984456999945 ], [ 150.581703673000106, -35.003975447999949 ], [ 150.58169272300006, -35.00397522999998 ], [ 150.581692989000089, -35.003966219999938 ], [ 150.581682039000043, -35.00396600199997 ], [ 150.581682304000083, -35.003956992999974 ], [ 150.581649456000036, -35.003956337999966 ], [ 150.581649721000076, -35.003947327999981 ], [ 150.581638772000019, -35.003947109999956 ], [ 150.581639302000099, -35.003929090999975 ], [ 150.581628353000042, -35.00392887299995 ], [ 150.581628618000082, -35.003919863999954 ], [ 150.581617669000025, -35.003919645999929 ], [ 150.581617404000099, -35.003928654999982 ], [ 150.581606454000053, -35.003928436999956 ], [ 150.581605658000058, -35.003955464999933 ], [ 150.581594709000115, -35.003955246999965 ], [ 150.581594974000041, -35.00394623699998 ], [ 150.581573075000051, -35.003945800999929 ], [ 150.58157334100008, -35.003936790999944 ], [ 150.581529543000102, -35.003935917999968 ], [ 150.581529278000062, -35.003944927999953 ], [ 150.581540227000119, -35.003945145999978 ], [ 150.581539962000079, -35.003954154999974 ], [ 150.581572810000011, -35.003954809999982 ], [ 150.581572545000085, -35.003963818999978 ], [ 150.581583494000029, -35.003964037999935 ], [ 150.581582698000034, -35.003991065999969 ], [ 150.581571749000091, -35.003990847999944 ], [ 150.581570688000056, -35.004026884999973 ], [ 150.581581637000113, -35.004027102999942 ], [ 150.581581107000034, -35.00404512199998 ], [ 150.581570157000101, -35.004044903999954 ], [ 150.581569096000067, -35.004080940999984 ], [ 150.581590995000056, -35.004081377999967 ], [ 150.581590730000016, -35.004090386999962 ], [ 150.581612629000119, -35.004090823999945 ], [ 150.58161236300009, -35.004099832999941 ], [ 150.581645212000012, -35.004100487999949 ], [ 150.581644416000017, -35.004127515999983 ], [ 150.581655366000064, -35.004127733999951 ], [ 150.581655100000035, -35.004136743999936 ], [ 150.581666050000081, -35.004136961999961 ], [ 150.581665784000052, -35.004145970999957 ], [ 150.581676734000098, -35.004146189999972 ], [ 150.581677264000064, -35.004128170999934 ], [ 150.58168821400011, -35.004128388999959 ], [ 150.581688479000036, -35.004119379999963 ], [ 150.581721328000071, -35.004120034999971 ], [ 150.581721062000042, -35.004129043999967 ], [ 150.581742961000032, -35.00412947999996 ], [ 150.581742696000106, -35.004138489999946 ], [ 150.581764595000095, -35.004138925999939 ], [ 150.581764330000055, -35.004147935999981 ], [ 150.581786229000045, -35.004148371999975 ], [ 150.581785963000016, -35.00415738199996 ], [ 150.581796913000062, -35.004157599999928 ], [ 150.581796648000022, -35.004166608999981 ], [ 150.581807597000079, -35.004166826999949 ], [ 150.58180574000005, -35.004229892999945 ], [ 150.581794791000107, -35.004229674999976 ], [ 150.581794260000038, -35.004247693999957 ], [ 150.581783311000095, -35.004247474999943 ], [ 150.581783046000055, -35.004256484999985 ], [ 150.581772096000122, -35.00425626699996 ], [ 150.581771831000083, -35.004265275999956 ], [ 150.581760881000037, -35.00426505799993 ], [ 150.581760351000071, -35.004283075999979 ], [ 150.581749401000025, -35.004282857999954 ], [ 150.581748871000059, -35.004300876999935 ], [ 150.581759820000116, -35.00430109499996 ], [ 150.581760086000031, -35.004292085999964 ], [ 150.581771035000088, -35.004292303999932 ], [ 150.581771300000014, -35.004283294999937 ], [ 150.58178225000006, -35.004283512999962 ], [ 150.5817825150001, -35.004274503999966 ], [ 150.581793465000032, -35.004274721999934 ], [ 150.581793995000112, -35.004256702999953 ], [ 150.581804945000044, -35.004256920999978 ], [ 150.581804679000015, -35.004265930999964 ], [ 150.581815629000062, -35.004266148999932 ], [ 150.581814833000067, -35.004293176999965 ], [ 150.58180388400001, -35.00429295899994 ], [ 150.581803618000095, -35.004301967999936 ], [ 150.581825517000084, -35.004302404999976 ], [ 150.581825252000044, -35.004311413999972 ], [ 150.58183620200009, -35.00431163199994 ], [ 150.581836467000016, -35.004302622999944 ], [ 150.581847416000073, -35.004302840999969 ], [ 150.581847151000034, -35.004311850999954 ], [ 150.581869050000023, -35.004312286999948 ], [ 150.581868785000097, -35.004321295999944 ], [ 150.58190163300003, -35.004321950999952 ], [ 150.581901368000104, -35.004330960999937 ], [ 150.581945166000082, -35.00433183399997 ], [ 150.581944901000043, -35.004340842999966 ], [ 150.581988699000021, -35.004341715999942 ], [ 150.581988433000106, -35.004350724999938 ], [ 150.582010332000095, -35.004351161999978 ], [ 150.582009006000021, -35.004396208999935 ], [ 150.582019956000067, -35.004396426999961 ], [ 150.582018895000033, -35.004432463999933 ], [ 150.58202984400009, -35.004432682999948 ], [ 150.58202931400001, -35.004450700999939 ] ] ] ] } },
{ "type": "Feature", "properties": { "OBJECTID": 711, "gridcode": 6, "Shape_Length": 5.7955975421983809e-05, "Shape_Area": 1.9740948006464011e-10 }, "geometry": { "type": "MultiPolygon", "coordinates": [ [ [ [ 150.582412282000064, -35.004467347999935 ], [ 150.582411751000109, -35.004485366999972 ], [ 150.582422701000041, -35.004485584999941 ], [ 150.582423231000121, -35.004467566999949 ], [ 150.582412282000064, -35.004467347999935 ] ] ] ] } },
{ "type": "Feature", "properties": { "OBJECTID": 716, "gridcode": 6, "Shape_Length": 5.7955975421795395e-05, "Shape_Area": 1.9740948006464011e-10 }, "geometry": { "type": "MultiPolygon", "coordinates": [ [ [ [ 150.582400272000086, -35.004503167999928 ], [ 150.582399741000017, -35.004521185999977 ], [ 150.582410691000064, -35.004521404999934 ], [ 150.582411221000029, -35.004503385999953 ], [ 150.582400272000086, -35.004503167999928 ] ] ] ] } },
{ "type": "Feature", "properties": { "OBJECTID": 720, "gridcode": 6, "Shape_Length": 5.795695502711689e-05, "Shape_Area": 1.9741468950953628e-10 }, "geometry": { "type": "MultiPolygon", "coordinates": [ [ [ [ 150.582388261000119, -35.004538986999933 ], [ 150.58238773100004, -35.00455700599997 ], [ 150.582398680000097, -35.004557223999939 ], [ 150.582399211000052, -35.004539204999958 ], [ 150.582388261000119, -35.004538986999933 ] ] ] ] } },
{ "type": "Feature", "properties": { "OBJECTID": 726, "gridcode": 6, "Shape_Length": 5.7955975249100223e-05, "Shape_Area": 1.9740947873186091e-10 }, "geometry": { "type": "MultiPolygon", "coordinates": [ [ [ [ 150.582891144000087, -35.004576050999958 ], [ 150.582890614000121, -35.004594069999939 ], [ 150.582901563000064, -35.004594287999964 ], [ 150.582902094000019, -35.004576269999973 ], [ 150.582891144000087, -35.004576050999958 ] ] ] ] } },
{ "type": "Feature", "properties": { "OBJECTID": 750, "gridcode": 6, "Shape_Length": 0.00040821537064508745, "Shape_Area": 3.2572773967683494e-09 }, "geometry": { "type": "MultiPolygon", "coordinates": [ [ [ [ 150.582383488000119, -35.004701155999953 ], [ 150.582382162000044, -35.004746202999968 ], [ 150.582393111000101, -35.004746420999936 ], [ 150.582396559000017, -35.00462929899993 ], [ 150.582385609000085, -35.004629080999962 ], [ 150.582387200000085, -35.004575024999951 ], [ 150.582376251000028, -35.004574805999937 ], [ 150.582375190000107, -35.004610843999956 ], [ 150.58236424100005, -35.004610625999931 ], [ 150.582362649000061, -35.004664681999941 ], [ 150.582373599000107, -35.004664899999966 ], [ 150.582372538000072, -35.004700937999928 ], [ 150.582383488000119, -35.004701155999953 ] ] ] ] } },
{ "type": "Feature", "properties": { "OBJECTID": 762, "gridcode": 6, "Shape_Length": 0.00015971964996778761, "Shape_Area": 6.9093972839208469e-10 }, "geometry": { "type": "MultiPolygon", "coordinates": [ [ [ [ 150.58237951000001, -35.00483629699994 ], [ 150.582378980000044, -35.004854314999932 ], [ 150.582389929000101, -35.004854533999946 ], [ 150.582390194000027, -35.004845523999961 ], [ 150.582401144000073, -35.004845741999929 ], [ 150.582401409000113, -35.004836732999934 ], [ 150.582412359000045, -35.004836950999959 ], [ 150.582412624000085, -35.004827941999963 ], [ 150.582423573000028, -35.004828159999931 ], [ 150.582423839000057, -35.004819150999936 ], [ 150.582401939000079, -35.004818713999953 ], [ 150.582401674000039, -35.004827723999938 ], [ 150.582390725000096, -35.00482750499998 ], [ 150.582390459000067, -35.004836514999965 ], [ 150.58237951000001, -35.00483629699994 ] ] ] ] } },
{ "type": "Feature", "properties": { "OBJECTID": 764, "gridcode": 6, "Shape_Length": 3.9930132516502389e-05, "Shape_Area": 9.8708260144486188e-11 }, "geometry": { "type": "MultiPolygon", "coordinates": [ [ [ [ 150.582312221000052, -35.004889043999981 ], [ 150.582312486000092, -35.004880033999939 ], [ 150.582301537000035, -35.004879815999971 ], [ 150.582301272000109, -35.004888825999956 ], [ 150.582312221000052, -35.004889043999981 ] ] ] ] } },
{ "type": "Feature", "properties": { "OBJECTID": 766, "gridcode": 6, "Shape_Length": 3.9931152609110205e-05, "Shape_Area": 9.8711928130262324e-11 }, "geometry": { "type": "MultiPolygon", "coordinates": [ [ [ [ 150.582301007000069, -35.004897834999952 ], [ 150.582301272000109, -35.004888825999956 ], [ 150.582290322000063, -35.004888606999941 ], [ 150.582290057000023, -35.004897616999983 ], [ 150.582301007000069, -35.004897834999952 ] ] ] ] } },
{ "type": "Feature", "properties": { "OBJECTID": 767, "gridcode": 6, "Shape_Length": 3.9930182102558746e-05, "Shape_Area": 9.8707531848524138e-11 }, "geometry": { "type": "MultiPolygon", "coordinates": [ [ [ [ 150.582311691000086, -35.004907062999962 ], [ 150.582311956000012, -35.004898052999977 ], [ 150.582301007000069, -35.004897834999952 ], [ 150.58230074100004, -35.004906843999947 ], [ 150.582311691000086, -35.004907062999962 ] ] ] ] } },
{ "type": "Feature", "properties": { "OBJECTID": 769, "gridcode": 6, "Shape_Length": 0.00058072615716236553, "Shape_Area": 3.0597489009476024e-09 }, "geometry": { "type": "MultiPolygon", "coordinates": [ [ [ [ 150.582900503000019, -35.004630325999983 ], [ 150.582892284000081, -35.004909616999953 ], [ 150.582903233000025, -35.004909834999978 ], [ 150.582911452000076, -35.004630543999951 ], [ 150.582900503000019, -35.004630325999983 ] ] ] ] } },
{ "type": "Feature", "properties": { "OBJECTID": 772, "gridcode": 6, "Shape_Length": 0.0002614842553082855, "Shape_Area": 1.7767464290750548e-09 }, "geometry": { "type": "MultiPolygon", "coordinates": [ [ [ [ 150.582180031000121, -35.004913452999972 ], [ 150.582179766000081, -35.004922462999957 ], [ 150.582190715000024, -35.004922680999982 ], [ 150.582191246000093, -35.004904661999944 ], [ 150.582180296000047, -35.004904443999976 ], [ 150.582180826000013, -35.004886424999938 ], [ 150.58214797800008, -35.00488576999993 ], [ 150.58214824300012, -35.004876760999935 ], [ 150.582137293000073, -35.004876542999966 ], [ 150.582137559000103, -35.004867532999981 ], [ 150.58211565900001, -35.004867096999931 ], [ 150.582114864000118, -35.004894124999964 ], [ 150.582136763000108, -35.004894561999947 ], [ 150.582136498000068, -35.004903570999943 ], [ 150.582169346000114, -35.004904225999951 ], [ 150.582169081000075, -35.004913234999947 ], [ 150.582180031000121, -35.004913452999972 ] ] ] ] } },
{ "type": "Feature", "properties": { "OBJECTID": 773, "gridcode": 6, "Shape_Length": 0.00020992348098042841, "Shape_Area": 9.8709829548984994e-10 }, "geometry": { "type": "MultiPolygon", "coordinates": [ [ [ [ 150.582345600000053, -35.004871679999951 ], [ 150.582344009000053, -35.004925735999961 ], [ 150.582354959000099, -35.00492595399993 ], [ 150.58235628500006, -35.004880906999972 ], [ 150.582367234000117, -35.00488112499994 ], [ 150.582367765000072, -35.004863106999949 ], [ 150.582378714000015, -35.004863324999974 ], [ 150.582378980000044, -35.004854314999932 ], [ 150.582357080000065, -35.004853878999938 ], [ 150.5823565500001, -35.004871897999976 ], [ 150.582345600000053, -35.004871679999951 ] ] ] ] } },
{ "type": "Feature", "properties": { "OBJECTID": 778, "gridcode": 6, "Shape_Length": 6.1833492467476862e-05, "Shape_Area": 1.9741471266087331e-10 }, "geometry": { "type": "MultiPolygon", "coordinates": [ [ [ [ 150.582288996000102, -35.004933653999956 ], [ 150.582310895000091, -35.004934090999939 ], [ 150.582311160000017, -35.004925080999953 ], [ 150.582289261000028, -35.00492464499996 ], [ 150.582288996000102, -35.004933653999956 ] ] ] ] } },
{ "type": "Feature", "properties": { "OBJECTID": 782, "gridcode": 6, "Shape_Length": 0.00011203633410253409, "Shape_Area": 4.9353108765870503e-10 }, "geometry": { "type": "MultiPolygon", "coordinates": [ [ [ [ 150.582902438000019, -35.004936862999955 ], [ 150.582901112000059, -35.00498190999997 ], [ 150.582912062000105, -35.004982127999938 ], [ 150.582913387000076, -35.00493708099998 ], [ 150.582902438000019, -35.004936862999955 ] ] ] ] } },
{ "type": "Feature", "properties": { "OBJECTID": 789, "gridcode": 6, "Shape_Length": 0.00015196549671287889, "Shape_Area": 6.9090795455177733e-10 }, "geometry": { "type": "MultiPolygon", "coordinates": [ [ [ [ 150.582910206000065, -35.005045193999933 ], [ 150.582932105000054, -35.005045629999984 ], [ 150.582932370000094, -35.005036620999931 ], [ 150.582921420000048, -35.005036402999963 ], [ 150.582922746000122, -35.004991355999948 ], [ 150.582911797000065, -35.00499113799998 ], [ 150.582910206000065, -35.005045193999933 ] ] ] ] } },
{ "type": "Feature", "properties": { "OBJECTID": 791, "gridcode": 6, "Shape_Length": 3.9930132926860239e-05, "Shape_Area": 9.8706319846277216e-11 }, "geometry": { "type": "MultiPolygon", "coordinates": [ [ [ [ 150.582898196000087, -35.005081012999938 ], [ 150.582898461000013, -35.005072003999942 ], [ 150.582887511000081, -35.005071785999974 ], [ 150.582887246000041, -35.005080794999969 ], [ 150.582898196000087, -35.005081012999938 ] ] ] ] } },
{ "type": "Feature", "properties": { "OBJECTID": 792, "gridcode": 6, "Shape_Length": 3.9930182218120156e-05, "Shape_Area": 9.8707532373075217e-11 }, "geometry": { "type": "MultiPolygon", "coordinates": [ [ [ [ 150.582941994000066, -35.005081885999971 ], [ 150.582942259000106, -35.005072876999975 ], [ 150.582931310000049, -35.00507265799996 ], [ 150.58293104400002, -35.005081667999946 ], [ 150.582941994000066, -35.005081885999971 ] ] ] ] } },
{ "type": "Feature", "properties": { "OBJECTID": 794, "gridcode": 6, "Shape_Length": 3.9929152855658039e-05, "Shape_Area": 9.8702917897313873e-11 }, "geometry": { "type": "MultiPolygon", "coordinates": [ [ [ [ 150.582952413000044, -35.005100122999977 ], [ 150.582952678000083, -35.005091113999981 ], [ 150.582941729000026, -35.005090894999967 ], [ 150.5829414640001, -35.005099904999952 ], [ 150.582952413000044, -35.005100122999977 ] ] ] ] } },
{ "type": "Feature", "properties": { "OBJECTID": 798, "gridcode": 6, "Shape_Length": 3.993115255342281e-05, "Shape_Area": 9.8711927826576352e-11 }, "geometry": { "type": "MultiPolygon", "coordinates": [ [ [ [ 150.582984467000074, -35.005127805999962 ], [ 150.582984732000114, -35.005118795999977 ], [ 150.582973782000067, -35.005118577999951 ], [ 150.582973517000028, -35.005127586999947 ], [ 150.582984467000074, -35.005127805999962 ] ] ] ] } },
{ "type": "Feature", "properties": { "OBJECTID": 802, "gridcode": 6, "Shape_Length": 5.7953926576515959e-05, "Shape_Area": 1.9739462118515851e-10 }, "geometry": { "type": "MultiPolygon", "coordinates": [ [ [ [ 150.582984467000074, -35.005127805999962 ], [ 150.582983937000108, -35.005145823999953 ], [ 150.582994886000051, -35.005146041999978 ], [ 150.582995416000017, -35.00512802399993 ], [ 150.582984467000074, -35.005127805999962 ] ] ] ] } },
{ "type": "Feature", "properties": { "OBJECTID": 810, "gridcode": 6, "Shape_Length": 3.9931211348001669e-05, "Shape_Area": 9.8712145799734429e-11 }, "geometry": { "type": "MultiPolygon", "coordinates": [ [ [ [ 150.576971179000111, -35.006188772999963 ], [ 150.576971445000027, -35.006179762999977 ], [ 150.576960495000094, -35.006179544999952 ], [ 150.576960229000065, -35.006188553999948 ], [ 150.576971179000111, -35.006188772999963 ] ] ] ] } },
{ "type": "Feature", "properties": { "OBJECTID": 813, "gridcode": 6, "Shape_Length": 5.7957004585483917e-05, "Shape_Area": 1.974185981720856e-10 }, "geometry": { "type": "MultiPolygon", "coordinates": [ [ [ [ 150.577056118000087, -35.00628061599997 ], [ 150.577055587000018, -35.006298634999951 ], [ 150.577066537000064, -35.006298852999976 ], [ 150.577067068000019, -35.006280834999984 ], [ 150.577056118000087, -35.00628061599997 ] ] ] ] } },
{ "type": "Feature", "properties": { "OBJECTID": 814, "gridcode": 6, "Shape_Length": 0.0001996520389920762, "Shape_Area": 1.18449424338565e-09 }, "geometry": { "type": "MultiPolygon", "coordinates": [ [ [ [ 150.576639232000048, -35.006299332999959 ], [ 150.576661131000037, -35.006299769999941 ], [ 150.576661397000066, -35.006290760999946 ], [ 150.576683297000045, -35.006291197999928 ], [ 150.576683562000085, -35.006282188999933 ], [ 150.576694512000017, -35.006282407999947 ], [ 150.576695310000105, -35.006255379999971 ], [ 150.576673410000012, -35.006254941999941 ], [ 150.576672613000028, -35.006281969999975 ], [ 150.576639764000106, -35.006281313999978 ], [ 150.576639232000048, -35.006299332999959 ] ] ] ] } },
{ "type": "Feature", "properties": { "OBJECTID": 815, "gridcode": 6, "Shape_Length": 3.9931211345733409e-05, "Shape_Area": 9.8712145784614071e-11 }, "geometry": { "type": "MultiPolygon", "coordinates": [ [ [ [ 150.576605585000038, -35.006325704999938 ], [ 150.576605851000068, -35.006316694999953 ], [ 150.576594901000021, -35.006316476999984 ], [ 150.576594635000106, -35.00632548599998 ], [ 150.576605585000038, -35.006325704999938 ] ] ] ] } },
{ "type": "Feature", "properties": { "OBJECTID": 822, "gridcode": 6, "Shape_Length": 0.0003374705760907866, "Shape_Area": 3.3560929371243e-09 }, "geometry": { "type": "MultiPolygon", "coordinates": [ [ [ [ 150.57711676700012, -35.006453105999981 ], [ 150.577116501000091, -35.006462114999977 ], [ 150.577127451000024, -35.006462333999934 ], [ 150.577127717000053, -35.006453323999949 ], [ 150.57713866600011, -35.006453542999964 ], [ 150.577138932000025, -35.006444533999968 ], [ 150.577127982000093, -35.006444314999953 ], [ 150.577128514000037, -35.006426295999972 ], [ 150.577139464000084, -35.00642651499993 ], [ 150.57713972900001, -35.006417505999934 ], [ 150.577150679000056, -35.006417723999959 ], [ 150.577151477000029, -35.006390695999983 ], [ 150.577140527000097, -35.006390476999968 ], [ 150.577140793000012, -35.006381467999972 ], [ 150.57712984300008, -35.006381248999958 ], [ 150.577129577000051, -35.006390258999943 ], [ 150.577118627000118, -35.006390039999928 ], [ 150.577118362000078, -35.006399048999981 ], [ 150.577107412000032, -35.006398830999956 ], [ 150.577107146000117, -35.006407839999952 ], [ 150.57709619600007, -35.006407620999937 ], [ 150.577095930000041, -35.006416630999979 ], [ 150.577074031000052, -35.00641619299995 ], [ 150.577073234000068, -35.006443220999984 ], [ 150.577095133000057, -35.006443658999956 ], [ 150.577094867000028, -35.006452667999952 ], [ 150.57711676700012, -35.006453105999981 ] ] ] ] } },
{ "type": "Feature", "properties": { "OBJECTID": 823, "gridcode": 6, "Shape_Length": 3.992920238708008e-05, "Shape_Area": 9.8702189405355719e-11 }, "geometry": { "type": "MultiPolygon", "coordinates": [ [ [ [ 150.577247101000012, -35.006491766999943 ], [ 150.577247366000051, -35.006482757999947 ], [ 150.577236417000108, -35.006482538999933 ], [ 150.577236151000079, -35.006491547999929 ], [ 150.577247101000012, -35.006491766999943 ] ] ] ] } },
{ "type": "Feature", "properties": { "OBJECTID": 824, "gridcode": 6, "Shape_Length": 6.1834571451225645e-05, "Shape_Area": 1.9741334221226209e-10 }, "geometry": { "type": "MultiPolygon", "coordinates": [ [ [ [ 150.577235619000021, -35.006509566999966 ], [ 150.577257519000113, -35.006510003999949 ], [ 150.577257785000029, -35.006500994999953 ], [ 150.57723588500005, -35.006500557999971 ], [ 150.577235619000021, -35.006509566999966 ] ] ] ] } },
{ "type": "Feature", "properties": { "OBJECTID": 825, "gridcode": 6, "Shape_Length": 0.00014169698425939121, "Shape_Area": 7.8967738782738682e-10 }, "geometry": { "type": "MultiPolygon", "coordinates": [ [ [ [ 150.577300520000108, -35.006537906999938 ], [ 150.577322420000087, -35.006538344999967 ], [ 150.577322686000116, -35.006529334999982 ], [ 150.57731173600007, -35.006529116999957 ], [ 150.577312268000014, -35.006511097999976 ], [ 150.577279418000103, -35.006510441999978 ], [ 150.577278887000034, -35.006528460999959 ], [ 150.577300786000023, -35.006528897999942 ], [ 150.577300520000108, -35.006537906999938 ] ] ] ] } },
{ "type": "Feature", "properties": { "OBJECTID": 860, "gridcode": 6, "Shape_Length": 0.0001159141172622847, "Shape_Area": 5.9224953785132414e-10 }, "geometry": { "type": "MultiPolygon", "coordinates": [ [ [ [ 150.576947788000098, -35.006981594999957 ], [ 150.576946725000084, -35.007017632999975 ], [ 150.576957674000028, -35.007017850999944 ], [ 150.576957940000057, -35.007008841999948 ], [ 150.576968890000103, -35.007009060999962 ], [ 150.576969422000047, -35.006991041999981 ], [ 150.576958472000115, -35.006990822999967 ], [ 150.57695873800003, -35.006981813999971 ], [ 150.576947788000098, -35.006981594999957 ] ] ] ] } },
{ "type": "Feature", "properties": { "OBJECTID": 864, "gridcode": 6, "Shape_Length": 3.9932230852028035e-05, "Shape_Area": 9.8717753740408421e-11 }, "geometry": { "type": "MultiPolygon", "coordinates": [ [ [ [ 150.577022576000104, -35.007046191999962 ], [ 150.577022842000019, -35.007037181999976 ], [ 150.577011892000087, -35.007036962999962 ], [ 150.577011626000058, -35.007045972999947 ], [ 150.577022576000104, -35.007046191999962 ] ] ] ] } },
{ "type": "Feature", "properties": { "OBJECTID": 871, "gridcode": 6, "Shape_Length": 3.9930182101100955e-05, "Shape_Area": 9.8707531848524138e-11 }, "geometry": { "type": "MultiPolygon", "coordinates": [ [ [ [ 150.577151847000096, -35.007120890999943 ], [ 150.577152113000011, -35.007111880999958 ], [ 150.577141163000078, -35.007111662999932 ], [ 150.577140898000039, -35.007120671999928 ], [ 150.577151847000096, -35.007120890999943 ] ] ] ] } },
{ "type": "Feature", "properties": { "OBJECTID": 876, "gridcode": 6, "Shape_Length": 0.00029754230380465117, "Shape_Area": 3.1586714323116763e-09 }, "geometry": { "type": "MultiPolygon", "coordinates": [ [ [ [ 150.577053565000028, -35.007109912999965 ], [ 150.577052502000015, -35.007145949999938 ], [ 150.577063451000072, -35.007146168999952 ], [ 150.577063717000101, -35.007137159999957 ], [ 150.577096567000012, -35.007137815999954 ], [ 150.577096832000052, -35.007128805999969 ], [ 150.577107782000098, -35.007129024999983 ], [ 150.577108580000072, -35.00710199699995 ], [ 150.577086680000093, -35.007101559999967 ], [ 150.577086946000122, -35.007092549999982 ], [ 150.577075996000076, -35.007092331999957 ], [ 150.577076262000105, -35.007083321999971 ], [ 150.577054362000013, -35.007082884999932 ], [ 150.577054628000042, -35.007073875999936 ], [ 150.577032728000063, -35.007073437999964 ], [ 150.577031931000079, -35.00710046599994 ], [ 150.577042881000011, -35.007100684999955 ], [ 150.577042615000096, -35.007109693999951 ], [ 150.577053565000028, -35.007109912999965 ] ] ] ] } },
{ "type": "Feature", "properties": { "OBJECTID": 882, "gridcode": 6, "Shape_Length": 3.9931211293379651e-05, "Shape_Area": 9.8712145603681469e-11 }, "geometry": { "type": "MultiPolygon", "coordinates": [ [ [ [ 150.577234662000023, -35.007284807999952 ], [ 150.577234928000053, -35.007275798999956 ], [ 150.57722397800012, -35.007275579999941 ], [ 150.577223712000091, -35.007284589999983 ], [ 150.577234662000023, -35.007284807999952 ] ] ] ] } },
{ "type": "Feature", "properties": { "OBJECTID": 887, "gridcode": 6, "Shape_Length": 3.9931211520708075e-05, "Shape_Area": 9.8712146627943033e-11 }, "geometry": { "type": "MultiPolygon", "coordinates": [ [ [ [ 150.577255233000074, -35.007330291999949 ], [ 150.577255499000103, -35.007321282999953 ], [ 150.577244549000056, -35.007321063999939 ], [ 150.577244283000027, -35.007330073999981 ], [ 150.577255233000074, -35.007330291999949 ] ] ] ] } },
{ "type": "Feature", "properties": { "OBJECTID": 888, "gridcode": 6, "Shape_Length": 3.9931211403688874e-05, "Shape_Area": 9.8712146103391966e-11 }, "geometry": { "type": "MultiPolygon", "coordinates": [ [ [ [ 150.577999823000027, -35.007345159999943 ], [ 150.578000089000057, -35.007336150999947 ], [ 150.57798913900001, -35.007335931999933 ], [ 150.577988873000095, -35.007344941999975 ], [ 150.577999823000027, -35.007345159999943 ] ] ] ] } },
{ "type": "Feature", "properties": { "OBJECTID": 894, "gridcode": 6, "Shape_Length": 3.993023174201635e-05, "Shape_Area": 9.8706803841099293e-11 }, "geometry": { "type": "MultiPolygon", "coordinates": [ [ [ [ 150.577450470000031, -35.007397293999929 ], [ 150.57745073600006, -35.007388284999934 ], [ 150.577439786000014, -35.007388065999976 ], [ 150.577439520000098, -35.007397074999972 ], [ 150.577450470000031, -35.007397293999929 ] ] ] ] } },
{ "type": "Feature", "properties": { "OBJECTID": 904, "gridcode": 6, "Shape_Length": 8.3737921733335207e-05, "Shape_Area": 2.9611531365688003e-10 }, "geometry": { "type": "MultiPolygon", "coordinates": [ [ [ [ 150.57727288000001, -35.007474878999972 ], [ 150.577305730000035, -35.007475534999969 ], [ 150.577305995000074, -35.007466525999973 ], [ 150.577273146000039, -35.007465869999976 ], [ 150.57727288000001, -35.007474878999972 ] ] ] ] } },
{ "type": "Feature", "properties": { "OBJECTID": 905, "gridcode": 6, "Shape_Length": 6.1833542151048002e-05, "Shape_Area": 1.9740861940492577e-10 }, "geometry": { "type": "MultiPolygon", "coordinates": [ [ [ [ 150.577316680000081, -35.007475753999984 ], [ 150.57733857900007, -35.007476190999967 ], [ 150.577338845000099, -35.007467181999971 ], [ 150.577316945000121, -35.007466744999931 ], [ 150.577316680000081, -35.007475753999984 ] ] ] ] } },
{ "type": "Feature", "properties": { "OBJECTID": 906, "gridcode": 6, "Shape_Length": 0.0001996539888784688, "Shape_Area": 1.7768023447588563e-09 }, "geometry": { "type": "MultiPolygon", "coordinates": [ [ [ [ 150.577358884000091, -35.007530684999949 ], [ 150.57738078400007, -35.007531121999932 ], [ 150.577381050000099, -35.007522112999936 ], [ 150.577402950000078, -35.007522549999976 ], [ 150.577403747000062, -35.007495521999942 ], [ 150.577359948000094, -35.00749464699993 ], [ 150.57736021300002, -35.007485637999935 ], [ 150.577349263000087, -35.007485418999977 ], [ 150.577348200000074, -35.007521456999939 ], [ 150.57735915000012, -35.007521674999964 ], [ 150.577358884000091, -35.007530684999949 ] ] ] ] } },
{ "type": "Feature", "properties": { "OBJECTID": 910, "gridcode": 6, "Shape_Length": 3.9931211403688711e-05, "Shape_Area": 9.8712146103391966e-11 }, "geometry": { "type": "MultiPolygon", "coordinates": [ [ [ [ 150.578168645000119, -35.00756488199994 ], [ 150.578168911000034, -35.007555872999944 ], [ 150.578157961000102, -35.00755565399993 ], [ 150.578157695000073, -35.007564663999972 ], [ 150.578168645000119, -35.00756488199994 ] ] ] ] } },
{ "type": "Feature", "properties": { "OBJECTID": 911, "gridcode": 6, "Shape_Length": 3.9931211293379651e-05, "Shape_Area": 9.8712145603681469e-11 }, "geometry": { "type": "MultiPolygon", "coordinates": [ [ [ [ 150.578179329000022, -35.00757410999995 ], [ 150.578179595000051, -35.007565100999955 ], [ 150.578168645000119, -35.00756488199994 ], [ 150.57816837900009, -35.007573891999982 ], [ 150.578179329000022, -35.00757410999995 ] ] ] ] } },
{ "type": "Feature", "properties": { "OBJECTID": 918, "gridcode": 6, "Shape_Length": 3.9931211520708075e-05, "Shape_Area": 9.8712146627943033e-11 }, "geometry": { "type": "MultiPolygon", "coordinates": [ [ [ [ 150.577507399000069, -35.007695913999953 ], [ 150.577507665000098, -35.007686904999957 ], [ 150.577496715000052, -35.007686685999943 ], [ 150.577496449000023, -35.007695695999985 ], [ 150.577507399000069, -35.007695913999953 ] ] ] ] } },
{ "type": "Feature", "properties": { "OBJECTID": 921, "gridcode": 6, "Shape_Length": 3.9930231633980787e-05, "Shape_Area": 9.8706803356565997e-11 }, "geometry": { "type": "MultiPolygon", "coordinates": [ [ [ [ 150.577529033000019, -35.007705360999978 ], [ 150.577529299000048, -35.007696351999982 ], [ 150.577518349000115, -35.007696132999968 ], [ 150.577518083000086, -35.007705141999963 ], [ 150.577529033000019, -35.007705360999978 ] ] ] ] } },
{ "type": "Feature", "properties": { "OBJECTID": 922, "gridcode": 6, "Shape_Length": 5.7957004641171197e-05, "Shape_Area": 1.974185984682114e-10 }, "geometry": { "type": "MultiPolygon", "coordinates": [ [ [ [ 150.578241043000048, -35.007710561999943 ], [ 150.578240512000093, -35.007728580999981 ], [ 150.578251462000026, -35.007728798999949 ], [ 150.578251993000094, -35.007710780999957 ], [ 150.578241043000048, -35.007710561999943 ] ] ] ] } },
{ "type": "Feature", "properties": { "OBJECTID": 928, "gridcode": 6, "Shape_Length": 7.5983876443689888e-05, "Shape_Area": 2.9613114429252739e-10 }, "geometry": { "type": "MultiPolygon", "coordinates": [ [ [ [ 150.577517552000018, -35.007723160999944 ], [ 150.577516755000033, -35.007750188999978 ], [ 150.57752770500008, -35.007750407999936 ], [ 150.577528502000064, -35.007723379999959 ], [ 150.577517552000018, -35.007723160999944 ] ] ] ] } },
{ "type": "Feature", "properties": { "OBJECTID": 935, "gridcode": 6, "Shape_Length": 0.010707758550910891, "Shape_Area": 9.0081578447122772e-07 }, "geometry": { "type": "MultiPolygon", "coordinates": [ [ [ [ 150.576968521000026, -35.006278865999946 ], [ 150.576968255000111, -35.006287875999931 ], [ 150.576935406000075, -35.006287219999933 ], [ 150.576936203000059, -35.006260190999967 ], [ 150.576947153000106, -35.006260409999982 ], [ 150.576947419000021, -35.006251400999929 ], [ 150.57696931800001, -35.006251837999969 ], [ 150.576969052000095, -35.006260847999954 ], [ 150.576980002000028, -35.006261065999979 ], [ 150.576979470000083, -35.00627908499996 ], [ 150.576968521000026, -35.006278865999946 ] ] ], [ [ [ 150.576910848000011, -35.006376875999933 ], [ 150.576910582000096, -35.006385884999929 ], [ 150.576899633000039, -35.006385665999971 ], [ 150.576899899000068, -35.006376656999976 ], [ 150.576910848000011, -35.006376875999933 ] ] ], [ [ [ 150.577735111000038, -35.007033376999971 ], [ 150.577734314000054, -35.007060404999947 ], [ 150.577723364000121, -35.007060185999933 ], [ 150.577724162000095, -35.007033157999956 ], [ 150.577735111000038, -35.007033376999971 ] ], [ [ 150.577998020000109, -35.007777827999973 ], [ 150.578019919000099, -35.007778264999956 ], [ 150.578020185000014, -35.00776925599996 ], [ 150.57803113500006, -35.007769473999929 ], [ 150.578031666000015, -35.007751454999948 ], [ 150.578042616000062, -35.007751673999962 ], [ 150.57804314800012, -35.007733654999981 ], [ 150.578054098000052, -35.007733873999939 ], [ 150.578054363000092, -35.007724864999943 ], [ 150.578087213000117, -35.007725519999951 ], [ 150.578087479000033, -35.007716510999956 ], [ 150.578098429000079, -35.00771672999997 ], [ 150.578098694000118, -35.007707719999985 ], [ 150.578109644000051, -35.007707938999943 ], [ 150.578110176000109, -35.007689919999962 ], [ 150.578121126000042, -35.007690138999976 ], [ 150.578121391000082, -35.00768112999998 ], [ 150.578110441000035, -35.007680910999966 ], [ 150.578111770000078, -35.007635863999951 ], [ 150.578100820000031, -35.007635645999983 ], [ 150.5781013510001, -35.007617626999945 ], [ 150.578090401000054, -35.00761740799993 ], [ 150.578090933000112, -35.007599389999939 ], [ 150.578079983000066, -35.007599170999981 ], [ 150.578081046000079, -35.007563133999952 ], [ 150.578070096000033, -35.007562914999937 ], [ 150.578071159000046, -35.007526877999965 ], [ 150.578060209000114, -35.00752665899995 ], [ 150.578060740000069, -35.007508639999969 ], [ 150.578049790000023, -35.007508421999944 ], [ 150.578050322000081, -35.007490402999963 ], [ 150.578039372000035, -35.007490183999948 ], [ 150.578039903000104, -35.007472165999957 ], [ 150.578028953000057, -35.007471946999942 ], [ 150.578029750000042, -35.007444918999965 ], [ 150.578018800000109, -35.007444699999951 ], [ 150.578019332000054, -35.007426681999959 ], [ 150.578008382000121, -35.007426462999945 ], [ 150.578009445000021, -35.007390425999972 ], [ 150.577998495000088, -35.007390206999958 ], [ 150.577998761000117, -35.007381197999962 ], [ 150.577987811000071, -35.007380978999947 ], [ 150.577988076000111, -35.007371969999951 ], [ 150.577977126000064, -35.007371750999937 ], [ 150.577979252000091, -35.007299675999946 ], [ 150.577968302000045, -35.007299457999977 ], [ 150.577968568000074, -35.007290447999935 ], [ 150.577957618000028, -35.007290229999967 ], [ 150.577957884000057, -35.007281219999982 ], [ 150.577946934000011, -35.007281001999957 ], [ 150.577947731000108, -35.00725397399998 ], [ 150.577936781000062, -35.007253754999965 ], [ 150.57793731300012, -35.007235735999984 ], [ 150.577915413000028, -35.007235298999944 ], [ 150.577916210000012, -35.007208270999968 ], [ 150.57790526000008, -35.007208051999953 ], [ 150.577905526000109, -35.007199042999957 ], [ 150.577916476000041, -35.007199261999972 ], [ 150.577916741000081, -35.00719025199993 ], [ 150.577905792000024, -35.007190033999962 ], [ 150.577906323000093, -35.007172014999981 ], [ 150.577895373000047, -35.007171795999966 ], [ 150.577895905000105, -35.007153777999974 ], [ 150.577819256000112, -35.007152246999965 ], [ 150.577819787000067, -35.007134228999973 ], [ 150.577808837000021, -35.007134009999959 ], [ 150.57780910300005, -35.007125000999963 ], [ 150.577798153000117, -35.007124781999948 ], [ 150.577798419000032, -35.007115772999953 ], [ 150.577809369000079, -35.007115990999978 ], [ 150.577810963000047, -35.007061934999967 ], [ 150.577800013000115, -35.007061716999942 ], [ 150.57780027900003, -35.007052706999957 ], [ 150.577789329000097, -35.007052488999932 ], [ 150.577789063000068, -35.007061497999985 ], [ 150.577778114000012, -35.00706127899997 ], [ 150.57777864500008, -35.007043260999978 ], [ 150.577756745000102, -35.007042822999949 ], [ 150.577757011000017, -35.007033813999954 ], [ 150.577746061000084, -35.007033594999939 ], [ 150.577746327000114, -35.007024585999943 ], [ 150.577757277000046, -35.007024804999958 ], [ 150.577757808000115, -35.007006785999977 ], [ 150.577735909000012, -35.007006348999937 ], [ 150.577736440000081, -35.006988329999956 ], [ 150.577725490000034, -35.006988110999941 ], [ 150.577726022000093, -35.00697009299995 ], [ 150.577704122000114, -35.006969654999978 ], [ 150.577703856000085, -35.006978664999963 ], [ 150.577681957000095, -35.006978226999934 ], [ 150.57768248800005, -35.006960208999942 ], [ 150.577660589000061, -35.006959771999959 ], [ 150.577661651000085, -35.00692373399994 ], [ 150.577672601000017, -35.006923952999955 ], [ 150.577673664000031, -35.006887914999936 ], [ 150.577651765000041, -35.006887477999953 ], [ 150.577652030000081, -35.006878468999957 ], [ 150.577608231000113, -35.006877593999945 ], [ 150.577608497000028, -35.00686858499995 ], [ 150.577619447000075, -35.006868802999975 ], [ 150.577619712000114, -35.006859793999979 ], [ 150.577586863000079, -35.006859137999982 ], [ 150.577587129000108, -35.006850128999929 ], [ 150.577576179000062, -35.006849909999971 ], [ 150.577576445000091, -35.006840900999975 ], [ 150.577587394000034, -35.006841118999944 ], [ 150.577587129000108, -35.006850128999929 ], [ 150.57759807900004, -35.006850346999954 ], [ 150.577598876000025, -35.006823318999977 ], [ 150.577587926000092, -35.006823100999952 ], [ 150.577587660000063, -35.006832109999948 ], [ 150.577576710000017, -35.006831890999933 ], [ 150.577577508000104, -35.006804862999957 ], [ 150.577555608000011, -35.006804425999974 ], [ 150.57755614000007, -35.006786406999936 ], [ 150.577567089000013, -35.006786625999951 ], [ 150.577567355000042, -35.006777616999955 ], [ 150.577512606000028, -35.006776522999928 ], [ 150.577512872000057, -35.006767513999932 ], [ 150.57750192200001, -35.006767294999975 ], [ 150.577502188000039, -35.006758285999979 ], [ 150.577491238000107, -35.006758066999964 ], [ 150.577491504000022, -35.006749057999968 ], [ 150.577502454000069, -35.006749276999983 ], [ 150.577502985000024, -35.006731257999945 ], [ 150.577481086000034, -35.006730820999962 ], [ 150.577481351000074, -35.006721810999977 ], [ 150.57749230100012, -35.006722029999935 ], [ 150.577492567000036, -35.006713020999939 ], [ 150.577470667000057, -35.006712582999967 ], [ 150.577471199000115, -35.006694564999975 ], [ 150.577449299000023, -35.006694126999946 ], [ 150.577449565000052, -35.00668511799995 ], [ 150.577427665000073, -35.006684680999967 ], [ 150.577428197000017, -35.00666666199993 ], [ 150.577406297000039, -35.006666224999947 ], [ 150.577406563000068, -35.006657214999962 ], [ 150.577417513000114, -35.006657433999976 ], [ 150.577417779000029, -35.00664842499998 ], [ 150.577406829000097, -35.006648205999966 ], [ 150.577407360000052, -35.006630186999985 ], [ 150.577374511000016, -35.00662953099993 ], [ 150.577375308000114, -35.006602502999954 ], [ 150.577364359000057, -35.006602284999929 ], [ 150.577364890000013, -35.006584265999948 ], [ 150.577342991000023, -35.006583828999965 ], [ 150.577343256000063, -35.006574818999979 ], [ 150.577321357000073, -35.00657438199994 ], [ 150.577321623000103, -35.006565372999944 ], [ 150.577310673000056, -35.006565153999929 ], [ 150.577310939000085, -35.006556144999934 ], [ 150.577299989000039, -35.006555925999976 ], [ 150.577300520000108, -35.006537906999938 ], [ 150.577245772000083, -35.006536813999958 ], [ 150.577245506000054, -35.006545822999954 ], [ 150.577190757000039, -35.006544729999973 ], [ 150.577191023000069, -35.006535719999931 ], [ 150.577180073000022, -35.006535501999963 ], [ 150.577180339000051, -35.006526491999978 ], [ 150.577158440000062, -35.006526054999938 ], [ 150.577158705000102, -35.006517045999942 ], [ 150.577147756000045, -35.006516826999984 ], [ 150.577148021000085, -35.006507817999932 ], [ 150.577137072000028, -35.006507598999974 ], [ 150.577137337000067, -35.006498589999978 ], [ 150.577148287000114, -35.006498807999947 ], [ 150.577148819000058, -35.006480789999955 ], [ 150.577137869000012, -35.00648057099994 ], [ 150.577137603000097, -35.006489579999936 ], [ 150.577071905000025, -35.006488267999941 ], [ 150.57707163900011, -35.006497277999983 ], [ 150.577005940000049, -35.006495964999942 ], [ 150.577006206000078, -35.006486955999947 ], [ 150.577017156000011, -35.006487174999961 ], [ 150.577017953000109, -35.006460146999984 ], [ 150.577007004000052, -35.00645992799997 ], [ 150.577007535000121, -35.006441908999932 ], [ 150.576996585000074, -35.006441690999964 ], [ 150.576997117000019, -35.006423671999983 ], [ 150.577008067000065, -35.00642389099994 ], [ 150.57700859800002, -35.006405871999959 ], [ 150.577019548000067, -35.006406090999974 ], [ 150.577019814000096, -35.006397080999932 ], [ 150.577030764000028, -35.006397299999946 ], [ 150.577031029000068, -35.006388290999951 ], [ 150.577041979000114, -35.006388508999976 ], [ 150.577043308000043, -35.006343462999951 ], [ 150.57703235800011, -35.006343243999936 ], [ 150.577033422000113, -35.006307205999974 ], [ 150.577022472000067, -35.006306987999949 ], [ 150.577022738000096, -35.006297977999964 ], [ 150.577033687000039, -35.006298196999978 ], [ 150.577033953000068, -35.006289187999982 ], [ 150.577023003000022, -35.006288968999968 ], [ 150.577023269000051, -35.006279959999972 ], [ 150.577001370000062, -35.006279521999943 ], [ 150.577001636000091, -35.006270512999947 ], [ 150.576990686000045, -35.006270293999933 ], [ 150.576990952000074, -35.006261284999937 ], [ 150.577012851000063, -35.006261721999977 ], [ 150.577013117000092, -35.006252712999981 ], [ 150.577024067000025, -35.006252931999938 ], [ 150.577024332000065, -35.006243921999953 ], [ 150.577035282000111, -35.006244140999968 ], [ 150.577035548000026, -35.006235131999972 ], [ 150.577079347000108, -35.006236005999938 ], [ 150.577079878000063, -35.006217987999946 ], [ 150.577036080000084, -35.006217112999934 ], [ 150.577035814000055, -35.00622612199993 ], [ 150.577013914000077, -35.006225684999947 ], [ 150.577014446000021, -35.006207665999966 ], [ 150.576948748000063, -35.006206353999971 ], [ 150.576949279000019, -35.006188334999933 ], [ 150.576883581000061, -35.006187022999939 ], [ 150.57688384700009, -35.006178013999943 ], [ 150.576872897000044, -35.006177794999928 ], [ 150.576873163000073, -35.006168785999932 ], [ 150.576862213000027, -35.006168566999975 ], [ 150.576863277000029, -35.006132529999945 ], [ 150.576852327000097, -35.006132310999931 ], [ 150.576851795000039, -35.006150329999969 ], [ 150.576840846000096, -35.006150110999954 ], [ 150.576841111000022, -35.006141101999958 ], [ 150.576830162000078, -35.006140882999944 ], [ 150.57682963000002, -35.006158901999981 ], [ 150.576807731000031, -35.006158463999952 ], [ 150.576807199000086, -35.006176482999933 ], [ 150.576774350000051, -35.006175826999936 ], [ 150.576773818000106, -35.006193844999984 ], [ 150.576762869000049, -35.006193626999959 ], [ 150.576763134000089, -35.006184616999974 ], [ 150.576752185000032, -35.006184398999949 ], [ 150.576751121000029, -35.006220435999978 ], [ 150.57672922200004, -35.006219998999939 ], [ 150.576728956000011, -35.006229007999934 ], [ 150.576718006000078, -35.006228788999977 ], [ 150.576717741000039, -35.006237798999962 ], [ 150.57669584100006, -35.006237360999933 ], [ 150.576695310000105, -35.006255379999971 ], [ 150.576717209000094, -35.006255816999953 ], [ 150.576716943000065, -35.006264826999939 ], [ 150.576727893000111, -35.006265044999964 ], [ 150.576727627000082, -35.006274054999949 ], [ 150.576738577000015, -35.006274272999974 ], [ 150.57673804500007, -35.006292291999955 ], [ 150.576759945000049, -35.006292729999984 ], [ 150.57675967900002, -35.00630173899998 ], [ 150.576770628000077, -35.006301957999938 ], [ 150.576770363000037, -35.006310966999933 ], [ 150.576803212000073, -35.006311622999931 ], [ 150.576803478000102, -35.006302613999935 ], [ 150.576825377000091, -35.006303050999975 ], [ 150.57682564300012, -35.006294041999979 ], [ 150.576836593000053, -35.006294260999937 ], [ 150.576836858000092, -35.006285250999952 ], [ 150.576902557000039, -35.006286562999946 ], [ 150.576902025000095, -35.006304581999984 ], [ 150.576891075000049, -35.00630436299997 ], [ 150.57689080900002, -35.006313372999955 ], [ 150.576879860000076, -35.00631315399994 ], [ 150.576879594000047, -35.006322162999936 ], [ 150.576868644000115, -35.006321944999968 ], [ 150.576867315000072, -35.006366990999936 ], [ 150.576856365000026, -35.006366772999968 ], [ 150.5768561000001, -35.006375781999964 ], [ 150.576845150000054, -35.006375562999949 ], [ 150.576844884000025, -35.006384572999934 ], [ 150.576812035000103, -35.006383916999937 ], [ 150.576811769000074, -35.006392925999933 ], [ 150.576800819000027, -35.006392706999975 ], [ 150.576800554000101, -35.006401715999971 ], [ 150.576778654, -35.006401278999931 ], [ 150.576778388000093, -35.006410287999984 ], [ 150.576756489000104, -35.006409850999944 ], [ 150.576756755000019, -35.006400841999948 ], [ 150.576745805000087, -35.006400622999934 ], [ 150.576746071000116, -35.006391613999938 ], [ 150.57673512100007, -35.00639139499998 ], [ 150.576735387000099, -35.006382385999984 ], [ 150.57671348700012, -35.006381947999955 ], [ 150.57671322200008, -35.006390956999951 ], [ 150.576691322000102, -35.006390519999968 ], [ 150.576691056000072, -35.006399528999964 ], [ 150.576669157000083, -35.006399091999981 ], [ 150.576668891000054, -35.006408100999977 ], [ 150.576646992000065, -35.006407663999937 ], [ 150.576646726000035, -35.006416672999933 ], [ 150.576635776000103, -35.006416453999975 ], [ 150.576635510000074, -35.00642546399996 ], [ 150.576624560000027, -35.006425244999946 ], [ 150.576624295000101, -35.006434253999942 ], [ 150.576602395, -35.006433816999959 ], [ 150.576602129000094, -35.006442825999954 ], [ 150.576569280000058, -35.006442169999957 ], [ 150.576569014000029, -35.006451178999953 ], [ 150.576547115000039, -35.00645074199997 ], [ 150.576547381000069, -35.006441732999974 ], [ 150.576536431000022, -35.00644151399996 ], [ 150.576537494000036, -35.006405475999941 ], [ 150.576548444000082, -35.006405694999955 ], [ 150.576548976000026, -35.006387675999974 ], [ 150.576559925000083, -35.006387894999932 ], [ 150.576560457000028, -35.006369875999951 ], [ 150.576549507000095, -35.006369657999983 ], [ 150.576549773000011, -35.006360647999941 ], [ 150.576538823000078, -35.006360429999972 ], [ 150.576538292, -35.006378447999964 ], [ 150.57651639200003, -35.006378010999981 ], [ 150.576515861000075, -35.006396029999962 ], [ 150.576504911000029, -35.006395810999948 ], [ 150.576505177000058, -35.006386800999962 ], [ 150.576494227000012, -35.006386582999937 ], [ 150.576493961000097, -35.006395591999933 ], [ 150.57648301100005, -35.006395372999975 ], [ 150.576482214000066, -35.006422400999952 ], [ 150.576460314000087, -35.006421963999969 ], [ 150.576459783000018, -35.00643998299995 ], [ 150.57643788300004, -35.006439544999978 ], [ 150.576437617000011, -35.006448553999974 ], [ 150.576404768000089, -35.006447897999976 ], [ 150.57640423600003, -35.006465916999957 ], [ 150.576382337000041, -35.006465478999928 ], [ 150.576381274000028, -35.006501516999947 ], [ 150.576359374000049, -35.006501078999975 ], [ 150.57635910800002, -35.00651008899996 ], [ 150.576326259000098, -35.006509431999973 ], [ 150.576325727000039, -35.006527450999954 ], [ 150.57630382800005, -35.006527012999982 ], [ 150.576302764000047, -35.006563050999944 ], [ 150.576313714000094, -35.006563269999958 ], [ 150.57631398, -35.006554259999973 ], [ 150.576324930000055, -35.006554478999931 ], [ 150.576324664000026, -35.006563487999983 ], [ 150.576335613000083, -35.006563706999941 ], [ 150.576336145000027, -35.00654568799996 ], [ 150.576368994000063, -35.006546344999947 ], [ 150.576368729000023, -35.006555353999943 ], [ 150.576401578000059, -35.00655600999994 ], [ 150.576401046000115, -35.006574028999978 ], [ 150.576390096000068, -35.006573809999963 ], [ 150.576390362000097, -35.006564800999968 ], [ 150.576379412000051, -35.006564581999953 ], [ 150.576378881000096, -35.006582600999934 ], [ 150.576389830000039, -35.006582819999949 ], [ 150.576388767000026, -35.006618856999978 ], [ 150.576399717000072, -35.006619075999936 ], [ 150.576399451000043, -35.006628084999932 ], [ 150.576410401000089, -35.006628303999946 ], [ 150.576410932000044, -35.006610284999965 ], [ 150.576443782000069, -35.006610940999963 ], [ 150.576444313000025, -35.006592922999971 ], [ 150.576455263000071, -35.006593140999939 ], [ 150.5764555290001, -35.006584131999944 ], [ 150.576466479000032, -35.006584350999958 ], [ 150.576466745000062, -35.006575340999973 ], [ 150.576499594000097, -35.00657599799996 ], [ 150.576499328000068, -35.006585006999956 ], [ 150.576510278000114, -35.00658522599997 ], [ 150.576510012000085, -35.006594234999966 ], [ 150.576520962000018, -35.00659445399998 ], [ 150.576520696000102, -35.006603462999976 ], [ 150.576531646000035, -35.006603681999934 ], [ 150.576531380000119, -35.00661269099993 ], [ 150.576509480000027, -35.006612253999947 ], [ 150.576508683000043, -35.006639281999981 ], [ 150.576574381000114, -35.006640593999975 ], [ 150.576574647000029, -35.00663158499998 ], [ 150.576596546000019, -35.006632021999962 ], [ 150.576596281000093, -35.006641031999948 ], [ 150.576618180000082, -35.006641468999931 ], [ 150.576617648000024, -35.006659487999968 ], [ 150.576661448000095, -35.00666036299998 ], [ 150.576661182000066, -35.006669371999976 ], [ 150.576694031000102, -35.006670027999974 ], [ 150.576693765000073, -35.006679037999959 ], [ 150.576715665000052, -35.006679474999942 ], [ 150.576715399000022, -35.006688483999937 ], [ 150.576726349000069, -35.006688702999952 ], [ 150.576725551000095, -35.006715730999929 ], [ 150.576714601000049, -35.006715511999971 ], [ 150.576713538000035, -35.006751549999933 ], [ 150.576724488000082, -35.006751768999948 ], [ 150.576723956000023, -35.006769786999939 ], [ 150.57673490600007, -35.006770005999954 ], [ 150.576734108000096, -35.006797033999931 ], [ 150.576712209000107, -35.006796596999948 ], [ 150.576711943000078, -35.006805605999944 ], [ 150.576700993000031, -35.006805386999929 ], [ 150.576700462000076, -35.006823405999967 ], [ 150.576733311000112, -35.006824061999964 ], [ 150.576732779000054, -35.006842080999945 ], [ 150.5767437290001, -35.00684229899997 ], [ 150.576743197000042, -35.006860317999951 ], [ 150.576754147000088, -35.006860536999966 ], [ 150.576753881000059, -35.006869545999962 ], [ 150.576786731000084, -35.006870201999959 ], [ 150.576786465000055, -35.006879211999944 ], [ 150.576775515000122, -35.00687899299993 ], [ 150.576775249000093, -35.006888001999982 ], [ 150.576829998000107, -35.006889095999952 ], [ 150.576830264000023, -35.006880086999956 ], [ 150.576874063000105, -35.006880960999979 ], [ 150.576873797000076, -35.006889970999964 ], [ 150.576884747000122, -35.006890188999932 ], [ 150.576884481000093, -35.006899198999974 ], [ 150.576906381000072, -35.006899635999957 ], [ 150.576905318000058, -35.006935673999976 ], [ 150.576916268000105, -35.006935891999944 ], [ 150.576916002000075, -35.00694490199993 ], [ 150.576948851000111, -35.006945557999984 ], [ 150.576949649000085, -35.00691852999995 ], [ 150.576960598000028, -35.006918747999975 ], [ 150.576960864000057, -35.00690973899998 ], [ 150.576971814000103, -35.006909957999937 ], [ 150.576972080000019, -35.006900947999952 ], [ 150.576983030000065, -35.006901166999967 ], [ 150.576983295000105, -35.006892157999971 ], [ 150.577005195000083, -35.006892594999954 ], [ 150.577005461000113, -35.006883585999958 ], [ 150.576994511000066, -35.006883366999944 ], [ 150.576994777000095, -35.006874357999948 ], [ 150.576972877000117, -35.006873919999975 ], [ 150.576973409000061, -35.006855901999984 ], [ 150.576962459000015, -35.006855682999969 ], [ 150.576962991000073, -35.006837663999931 ], [ 150.576952041000027, -35.006837445999963 ], [ 150.576952572000096, -35.006819426999982 ], [ 150.576930673000106, -35.006818989999942 ], [ 150.576930939000022, -35.006809979999957 ], [ 150.576941888000079, -35.006810198999972 ], [ 150.576942154000108, -35.006801189999976 ], [ 150.576985953000076, -35.006802063999942 ], [ 150.576985688000036, -35.006811073999984 ], [ 150.576996637000093, -35.006811291999952 ], [ 150.576995840000109, -35.006838319999929 ], [ 150.577006790000041, -35.006838538999943 ], [ 150.577005992000068, -35.006865566999977 ], [ 150.577016942000114, -35.006865785999935 ], [ 150.577015879000101, -35.006901822999964 ], [ 150.577026829000033, -35.006902041999979 ], [ 150.577026297000089, -35.00692006099996 ], [ 150.577015347000042, -35.006919841999945 ], [ 150.577013753000074, -35.006973897999956 ], [ 150.576991853000095, -35.006973460999973 ], [ 150.576991321000037, -35.006991478999964 ], [ 150.577013221000016, -35.006991916999937 ], [ 150.577012689000071, -35.007009934999928 ], [ 150.577023639000117, -35.007010153999943 ], [ 150.577023905000033, -35.007001144999947 ], [ 150.577067704000115, -35.007002019999959 ], [ 150.57706797000003, -35.006993009999974 ], [ 150.577078920000076, -35.006993228999931 ], [ 150.577078654000047, -35.007002237999984 ], [ 150.577089604000093, -35.007002456999942 ], [ 150.577088275000051, -35.007047503999956 ], [ 150.577153974000112, -35.007048815999951 ], [ 150.577154240000027, -35.007039805999966 ], [ 150.577165189000084, -35.007040024999981 ], [ 150.577164658000015, -35.007058043999962 ], [ 150.577175608000061, -35.007058262999976 ], [ 150.577175076000117, -35.007076280999968 ], [ 150.577186026000049, -35.007076499999982 ], [ 150.57718576000002, -35.007085508999978 ], [ 150.577196710000067, -35.007085727999936 ], [ 150.577196444000037, -35.007094736999932 ], [ 150.577207394000084, -35.007094955999946 ], [ 150.577207128000055, -35.007103964999942 ], [ 150.577272827000115, -35.007105276999937 ], [ 150.577271764000102, -35.007141314999956 ], [ 150.577249864, -35.007140876999983 ], [ 150.577249599000083, -35.007149886999969 ], [ 150.577227699000105, -35.00714944899994 ], [ 150.57722796500002, -35.007140439999944 ], [ 150.577217015000087, -35.007140220999929 ], [ 150.577217546000043, -35.007122202999938 ], [ 150.577195647000053, -35.007121764999965 ], [ 150.577195381000024, -35.007130774999951 ], [ 150.577184431000092, -35.007130555999936 ], [ 150.577184165000062, -35.007139564999932 ], [ 150.577173215000016, -35.007139346999963 ], [ 150.577172684000061, -35.007157364999955 ], [ 150.577161734000015, -35.00715714699993 ], [ 150.577160405000086, -35.007202192999955 ], [ 150.577171355000019, -35.00720241199997 ], [ 150.577171089000103, -35.007211420999965 ], [ 150.577203939000015, -35.007212076999963 ], [ 150.577202078000028, -35.007275142999958 ], [ 150.57722397800012, -35.007275579999941 ], [ 150.577224244000035, -35.007266570999946 ], [ 150.577235194000082, -35.00726678999996 ], [ 150.577235725000037, -35.007248770999979 ], [ 150.577268575000062, -35.007249426999977 ], [ 150.577267777000088, -35.007276454999953 ], [ 150.577256827000042, -35.007276235999939 ], [ 150.577257093000071, -35.007267226999943 ], [ 150.577235194000082, -35.00726678999996 ], [ 150.577234928000053, -35.007275798999956 ], [ 150.577245878000099, -35.00727601799997 ], [ 150.57724561200007, -35.007285026999966 ], [ 150.577256562000116, -35.007285245999981 ], [ 150.577255499000103, -35.007321282999953 ], [ 150.577266448000046, -35.007321501999968 ], [ 150.577267246000019, -35.007294473999934 ], [ 150.577278196000066, -35.007294691999959 ], [ 150.577277930000037, -35.007303701999945 ], [ 150.577321729000118, -35.007304575999967 ], [ 150.577321995000034, -35.007295566999971 ], [ 150.577343895000013, -35.007296003999954 ], [ 150.577344426000082, -35.007277985999963 ], [ 150.577355376000014, -35.007278203999931 ], [ 150.577355642000043, -35.007269194999935 ], [ 150.577410391000058, -35.007270287999972 ], [ 150.577410125000029, -35.007279297999958 ], [ 150.577421075000075, -35.007279515999983 ], [ 150.577420809000046, -35.007288525999968 ], [ 150.577409860000103, -35.007288306999953 ], [ 150.577409594000073, -35.007297315999949 ], [ 150.577398644000027, -35.007297097999981 ], [ 150.577397847000043, -35.007324125999958 ], [ 150.577408797000089, -35.007324343999983 ], [ 150.57740853100006, -35.007333353999968 ], [ 150.577441380000096, -35.007334009999965 ], [ 150.577441646000011, -35.007325 ], [ 150.577452596000057, -35.007325218999938 ], [ 150.577452330000028, -35.007334227999934 ], [ 150.577463280000075, -35.007334446999948 ], [ 150.577462749000119, -35.007352465999929 ], [ 150.577451799000073, -35.007352246999972 ], [ 150.57745073600006, -35.007388284999934 ], [ 150.577472635000049, -35.007388721999973 ], [ 150.57747237000001, -35.007397730999969 ], [ 150.577483320000056, -35.007397949999984 ], [ 150.577483585000095, -35.007388939999942 ], [ 150.577494535000028, -35.007389158999956 ], [ 150.577494004000073, -35.007407177999937 ], [ 150.577504954000119, -35.007407396999952 ], [ 150.577504422000061, -35.007425414999943 ], [ 150.577493472000015, -35.007425196999975 ], [ 150.57749294100006, -35.007443214999967 ], [ 150.577503890000116, -35.007443433999981 ], [ 150.577503625000077, -35.007452442999977 ], [ 150.577514575, -35.007452661999935 ], [ 150.577514309000094, -35.00746167099993 ], [ 150.577525259000026, -35.007461889999945 ], [ 150.577525524000066, -35.007452880999949 ], [ 150.577558374000091, -35.007453536999947 ], [ 150.577557843000022, -35.007471554999938 ], [ 150.57754689300009, -35.00747133699997 ], [ 150.577545830000076, -35.007507373999943 ], [ 150.57755678, -35.007507592999957 ], [ 150.577556514000094, -35.007516601999953 ], [ 150.577567464000026, -35.007516820999967 ], [ 150.577567198000111, -35.007525829999963 ], [ 150.577578148000043, -35.007526048999978 ], [ 150.577578414000072, -35.007517038999936 ], [ 150.577589364000119, -35.00751725799995 ], [ 150.57758909800009, -35.007526266999946 ], [ 150.577600048000022, -35.007526485999961 ], [ 150.577600313000062, -35.007517476999965 ], [ 150.577655063000066, -35.007518569999945 ], [ 150.577654797000037, -35.007527578999941 ], [ 150.577665747000083, -35.007527797999956 ], [ 150.577665481000054, -35.007536806999951 ], [ 150.5776764310001, -35.007537025999966 ], [ 150.577676165000071, -35.007546034999962 ], [ 150.577687115000117, -35.007546253999976 ], [ 150.577686850000077, -35.007555262999972 ], [ 150.577675900000031, -35.007555043999957 ], [ 150.577675634000116, -35.007564053999943 ], [ 150.577653734000023, -35.00756361699996 ], [ 150.577653468000108, -35.007572625999956 ], [ 150.577642519000051, -35.007572406999941 ], [ 150.577641987000106, -35.007590425999979 ], [ 150.57763103700006, -35.007590206999964 ], [ 150.577630771000031, -35.007599216999949 ], [ 150.577641721000077, -35.007599434999975 ], [ 150.577641190000122, -35.007617453999956 ], [ 150.577652140000055, -35.00761767299997 ], [ 150.577651874000026, -35.007626681999966 ], [ 150.577662824000072, -35.007626900999981 ], [ 150.577662558000043, -35.007635909999976 ], [ 150.577673508000089, -35.007636128999934 ], [ 150.57767297700002, -35.007654146999982 ], [ 150.577683926000077, -35.00765436599994 ], [ 150.577684192000106, -35.007645356999944 ], [ 150.577695142000039, -35.00764557499997 ], [ 150.57769487600001, -35.007654584999955 ], [ 150.577705826000056, -35.00765480299998 ], [ 150.577706092000085, -35.007645793999984 ], [ 150.577760842000089, -35.007646886999964 ], [ 150.577761107000015, -35.007637877999969 ], [ 150.577783007000107, -35.007638314999951 ], [ 150.577782741000078, -35.007647323999947 ], [ 150.577804641000057, -35.007647761999976 ], [ 150.577804375000028, -35.007656770999972 ], [ 150.577815325000074, -35.00765698999993 ], [ 150.577815060000034, -35.007665998999983 ], [ 150.577826009000091, -35.00766621799994 ], [ 150.577825744000052, -35.007675226999936 ], [ 150.577836694000098, -35.007675445999951 ], [ 150.57783616200004, -35.007693463999942 ], [ 150.577847112000086, -35.007693682999957 ], [ 150.577846315000102, -35.007720710999934 ], [ 150.577835365000055, -35.007720491999976 ], [ 150.577834568000071, -35.007747519999953 ], [ 150.577867418000096, -35.00774817599995 ], [ 150.577867152000067, -35.007757185999935 ], [ 150.577910952000025, -35.007758059999958 ], [ 150.577911483000094, -35.007740040999977 ], [ 150.577922433000026, -35.007740259999935 ], [ 150.577922699000055, -35.007731250999939 ], [ 150.577933649000101, -35.007731468999964 ], [ 150.577933914000027, -35.007722459999968 ], [ 150.577966764000053, -35.007723115999966 ], [ 150.577966498000023, -35.007732124999961 ], [ 150.57797744800007, -35.007732343999976 ], [ 150.57797718300003, -35.007741352999972 ], [ 150.577988132000087, -35.007741571999929 ], [ 150.577987335000103, -35.007768599999963 ], [ 150.577998285000035, -35.007768817999931 ], [ 150.577998020000109, -35.007777827999973 ] ] ] ] } },
{ "type": "Feature", "properties": { "OBJECTID": 947, "gridcode": 6, "Shape_Length": 3.9931152492098411e-05, "Shape_Area": 9.8711927605711258e-11 }, "geometry": { "type": "MultiPolygon", "coordinates": [ [ [ [ 150.577694400000041, -35.008042204999981 ], [ 150.577694665000081, -35.008033195999928 ], [ 150.577683715000035, -35.008032976999971 ], [ 150.577683450000109, -35.008041986999956 ], [ 150.577694400000041, -35.008042204999981 ] ] ] ] } },
{ "type": "Feature", "properties": { "OBJECTID": 948, "gridcode": 6, "Shape_Length": 0.0001597247862466859, "Shape_Area": 8.883793369673789e-10 }, "geometry": { "type": "MultiPolygon", "coordinates": [ [ [ [ 150.57771630000002, -35.008042641999964 ], [ 150.577716034000105, -35.008051651999949 ], [ 150.577726984000037, -35.008051869999974 ], [ 150.577727249000077, -35.008042860999979 ], [ 150.577738199, -35.008043079999936 ], [ 150.577738465000039, -35.008034069999951 ], [ 150.577727515000106, -35.008033851999983 ], [ 150.577728047000051, -35.008015832999945 ], [ 150.577695197000025, -35.008015176999947 ], [ 150.57769493100011, -35.008024185999943 ], [ 150.577705881000043, -35.008024404999958 ], [ 150.577705350000087, -35.008042423999939 ], [ 150.57771630000002, -35.008042641999964 ] ] ] ] } },
{ "type": "Feature", "properties": { "OBJECTID": 949, "gridcode": 6, "Shape_Length": 3.9931211403683683e-05, "Shape_Area": 9.8712146103391966e-11 }, "geometry": { "type": "MultiPolygon", "coordinates": [ [ [ [ 150.577737668000054, -35.008061097999985 ], [ 150.577737934000083, -35.008052088999932 ], [ 150.577726984000037, -35.008051869999974 ], [ 150.577726718000122, -35.00806087999996 ], [ 150.577737668000054, -35.008061097999985 ] ] ] ] } },
{ "type": "Feature", "properties": { "OBJECTID": 953, "gridcode": 6, "Shape_Length": 3.9930231633980787e-05, "Shape_Area": 9.8706803356565997e-11 }, "geometry": { "type": "MultiPolygon", "coordinates": [ [ [ [ 150.577843979000022, -35.008171396999956 ], [ 150.577844245000051, -35.00816238799996 ], [ 150.577833295000119, -35.008162168999945 ], [ 150.577833029000089, -35.008171177999941 ], [ 150.577843979000022, -35.008171396999956 ] ] ] ] } },
{ "type": "Feature", "properties": { "OBJECTID": 955, "gridcode": 6, "Shape_Length": 3.9931211465020869e-05, "Shape_Area": 9.8712146324285482e-11 }, "geometry": { "type": "MultiPolygon", "coordinates": [ [ [ [ 150.578709027000059, -35.008188665999967 ], [ 150.578709293000088, -35.008179655999982 ], [ 150.578698343000042, -35.008179437999956 ], [ 150.578698077000013, -35.008188446999952 ], [ 150.578709027000059, -35.008188665999967 ] ] ] ] } },
{ "type": "Feature", "properties": { "OBJECTID": 956, "gridcode": 6, "Shape_Length": 3.9930231799971652e-05, "Shape_Area": 9.8706804159877189e-11 }, "geometry": { "type": "MultiPolygon", "coordinates": [ [ [ [ 150.578730130000054, -35.008216130999983 ], [ 150.578730396000083, -35.008207121999931 ], [ 150.578719446000036, -35.008206902999973 ], [ 150.578719180000121, -35.008215911999969 ], [ 150.578730130000054, -35.008216130999983 ] ] ] ] } },
{ "type": "Feature", "properties": { "OBJECTID": 957, "gridcode": 6, "Shape_Length": 3.993023174428963e-05, "Shape_Area": 9.8706803856219651e-11 }, "geometry": { "type": "MultiPolygon", "coordinates": [ [ [ [ 150.577853866000055, -35.008207652999943 ], [ 150.577854132000084, -35.008198643999947 ], [ 150.577843182000038, -35.008198424999932 ], [ 150.577842916000122, -35.008207433999928 ], [ 150.577853866000055, -35.008207652999943 ] ] ] ] } },
{ "type": "Feature", "properties": { "OBJECTID": 961, "gridcode": 6, "Shape_Length": 0.0031132337089209198, "Shape_Area": 1.6563544955219248e-07 }, "geometry": { "type": "MultiPolygon", "coordinates": [ [ [ [ 150.578105715000106, -35.008212680999975 ], [ 150.578105450000066, -35.00822169099996 ], [ 150.578116400000113, -35.008221908999928 ], [ 150.578116665000039, -35.008212899999933 ], [ 150.578171415000043, -35.00821399299997 ], [ 150.578172212000027, -35.008186964999936 ], [ 150.578183162000073, -35.008187182999961 ], [ 150.578183428000102, -35.008178173999966 ], [ 150.578172478000056, -35.008177954999951 ], [ 150.578172744000085, -35.008168945999955 ], [ 150.578161794000039, -35.008168726999941 ], [ 150.578162325000108, -35.008150708999949 ], [ 150.578151375000061, -35.008150489999935 ], [ 150.57815164100009, -35.008141480999939 ], [ 150.578129741000112, -35.008141043999956 ], [ 150.578130007000027, -35.008132033999971 ], [ 150.578119057000094, -35.008131815999946 ], [ 150.57811932200002, -35.00812280599996 ], [ 150.578130272000067, -35.008123024999975 ], [ 150.578130804000011, -35.008105005999937 ], [ 150.578152704000104, -35.008105442999977 ], [ 150.57815296900003, -35.008096433999981 ], [ 150.578163919000076, -35.008096652999939 ], [ 150.578164185000105, -35.008087642999953 ], [ 150.578175135000038, -35.008087861999968 ], [ 150.578175666000107, -35.00806984299993 ], [ 150.578186616000039, -35.008070061999945 ], [ 150.578187148000097, -35.008052042999964 ], [ 150.57819809800003, -35.008052261999978 ], [ 150.578199426000083, -35.008007214999964 ], [ 150.578210376000015, -35.008007433999978 ], [ 150.578210907000084, -35.00798941499994 ], [ 150.578221857000017, -35.007989632999966 ], [ 150.578222123000046, -35.00798062399997 ], [ 150.578233073000092, -35.007980842999984 ], [ 150.578233339000121, -35.007971832999942 ], [ 150.578244289000054, -35.007972051999957 ], [ 150.578245883000022, -35.007917995999946 ], [ 150.57823493300009, -35.007917776999932 ], [ 150.578235198000016, -35.007908767999936 ], [ 150.578246148000062, -35.007908985999961 ], [ 150.578249071000073, -35.007809883999983 ], [ 150.578238121000027, -35.007809664999968 ], [ 150.578238918000011, -35.007782636999934 ], [ 150.578227968000078, -35.007782417999977 ], [ 150.578229296000018, -35.007737371999951 ], [ 150.578218346000085, -35.007737152999937 ], [ 150.57821887800003, -35.007719133999956 ], [ 150.578196978000051, -35.007718696999973 ], [ 150.578196712000022, -35.007727705999969 ], [ 150.578152913000054, -35.007726831999946 ], [ 150.578152647000024, -35.007735840999942 ], [ 150.578119797000113, -35.007735185999934 ], [ 150.578119531000084, -35.00774419499993 ], [ 150.578097632000095, -35.007743757999947 ], [ 150.578097366000065, -35.007752766999943 ], [ 150.578075466000087, -35.00775232999996 ], [ 150.578075200000058, -35.007761338999956 ], [ 150.578064251000114, -35.00776112099993 ], [ 150.57806451600004, -35.007752110999945 ], [ 150.578053566000108, -35.007751892999977 ], [ 150.578053301000068, -35.007760901999973 ], [ 150.578042351000022, -35.007760682999958 ], [ 150.578042085000106, -35.007769692999943 ], [ 150.57803113500006, -35.007769473999929 ], [ 150.578030869000031, -35.007778483999971 ], [ 150.578019919000099, -35.007778264999956 ], [ 150.578018591000045, -35.007823311999971 ], [ 150.578007641000113, -35.007823092999956 ], [ 150.578006844000015, -35.007850120999933 ], [ 150.578017794000061, -35.007850339999948 ], [ 150.578017528000032, -35.007859348999943 ], [ 150.578028478000078, -35.007859567999958 ], [ 150.578028212000049, -35.007868576999954 ], [ 150.578039162000096, -35.007868795999968 ], [ 150.578038631000027, -35.00788681399996 ], [ 150.578016731000048, -35.007886376999977 ], [ 150.578016465000019, -35.007895385999973 ], [ 150.57799456500004, -35.007894948999933 ], [ 150.577994300000114, -35.007903958999975 ], [ 150.577972400000021, -35.007903520999946 ], [ 150.577972134000106, -35.007912530999931 ], [ 150.57796118400006, -35.007912311999974 ], [ 150.577960918000031, -35.007921320999969 ], [ 150.577949969000088, -35.007921102999944 ], [ 150.577949703000058, -35.00793011199994 ], [ 150.57792780300008, -35.007929674999957 ], [ 150.577928334000035, -35.007911655999976 ], [ 150.577939284000081, -35.007911874999934 ], [ 150.577939816000026, -35.007893855999953 ], [ 150.577950766000072, -35.007894074999967 ], [ 150.577951563000056, -35.007867046999934 ], [ 150.577962513000102, -35.007867264999959 ], [ 150.577963576000116, -35.00783122799993 ], [ 150.577952626000069, -35.007831008999972 ], [ 150.577952891000109, -35.007822 ], [ 150.577920042000073, -35.007821343999979 ], [ 150.577920307000113, -35.007812334999983 ], [ 150.577909357000067, -35.007812115999968 ], [ 150.577909889000011, -35.00779409699993 ], [ 150.577920839000058, -35.007794315999945 ], [ 150.577921104000097, -35.007785306999949 ], [ 150.577910154000051, -35.007785087999935 ], [ 150.57791042000008, -35.007776078999939 ], [ 150.577899470000034, -35.007775859999981 ], [ 150.57789867300005, -35.007802887999958 ], [ 150.577832974000103, -35.007801575999963 ], [ 150.577832708000074, -35.007810585999948 ], [ 150.577810808000095, -35.007810148999965 ], [ 150.577810542000066, -35.007819157999961 ], [ 150.577788642000087, -35.007818720999978 ], [ 150.577788377000047, -35.007827729999974 ], [ 150.577777427000115, -35.007827510999959 ], [ 150.577777161000085, -35.007836520999945 ], [ 150.577766211000039, -35.00783630199993 ], [ 150.577765680000084, -35.007854320999968 ], [ 150.577754730000038, -35.007854101999953 ], [ 150.577753933000054, -35.00788112999993 ], [ 150.577742983000121, -35.007880910999972 ], [ 150.577741388000049, -35.007934967999972 ], [ 150.577730438000117, -35.007934748999958 ], [ 150.577730173000077, -35.007943757999954 ], [ 150.577708273000098, -35.007943320999971 ], [ 150.577708007000069, -35.007952329999966 ], [ 150.577697057000023, -35.007952111999941 ], [ 150.577696526000068, -35.007970129999933 ], [ 150.577707475000011, -35.007970348999947 ], [ 150.577706944000056, -35.007988367999928 ], [ 150.577717894000102, -35.007988585999954 ], [ 150.577717628000073, -35.007997595999939 ], [ 150.577728578000119, -35.007997813999964 ], [ 150.57772831200009, -35.008006823999949 ], [ 150.577750212000069, -35.008007260999932 ], [ 150.577750478000098, -35.007998251999936 ], [ 150.577772378000077, -35.007998688999976 ], [ 150.577772644000106, -35.00798967999998 ], [ 150.577783594000039, -35.007989897999948 ], [ 150.577783859000078, -35.007980888999953 ], [ 150.577805759000057, -35.007981325999936 ], [ 150.577806025000086, -35.00797231699994 ], [ 150.577827925000065, -35.007972753999979 ], [ 150.577828191000094, -35.007963744999984 ], [ 150.577904840000087, -35.007965274999947 ], [ 150.577905372000032, -35.007947255999966 ], [ 150.577916322000078, -35.00794747499998 ], [ 150.577915524000105, -35.007974502999957 ], [ 150.577893625000115, -35.007974065999974 ], [ 150.577893359000086, -35.00798307499997 ], [ 150.57788240900004, -35.007982856999945 ], [ 150.577881877000095, -35.008000874999937 ], [ 150.577870927000049, -35.008000656999968 ], [ 150.577870662, -35.008009665999964 ], [ 150.577859712000077, -35.008009446999949 ], [ 150.577859180000019, -35.00802746599993 ], [ 150.577848230000086, -35.008027246999973 ], [ 150.577847965000046, -35.008036256999958 ], [ 150.577837015000114, -35.008036037999943 ], [ 150.577836749000085, -35.008045046999939 ], [ 150.577825799000038, -35.008044828999971 ], [ 150.577823939000041, -35.008107893999977 ], [ 150.577812989000108, -35.008107675999952 ], [ 150.57781219200001, -35.008134703999929 ], [ 150.577834092000103, -35.008135140999968 ], [ 150.577833560000045, -35.008153159999949 ], [ 150.577855460000023, -35.008153596999932 ], [ 150.577854929000068, -35.00817161599997 ], [ 150.577865879000115, -35.008171833999938 ], [ 150.577865613000085, -35.00818084399998 ], [ 150.577887513000064, -35.008181280999963 ], [ 150.577887247000035, -35.008190289999959 ], [ 150.577909147000014, -35.008190726999942 ], [ 150.577908882000088, -35.008199736999984 ], [ 150.577952681000056, -35.00820061099995 ], [ 150.577952947000085, -35.008191601999954 ], [ 150.57798579700011, -35.008192257999951 ], [ 150.577986063000026, -35.008183247999966 ], [ 150.577997013000072, -35.008183466999981 ], [ 150.577996747000043, -35.008192475999977 ], [ 150.578007697000089, -35.008192694999934 ], [ 150.578007963000118, -35.008183685999938 ], [ 150.57804081300003, -35.008184341999936 ], [ 150.578040547000114, -35.008193350999932 ], [ 150.578062447000093, -35.008193787999971 ], [ 150.578062181000064, -35.008202796999967 ], [ 150.57807313100011, -35.008203015999982 ], [ 150.57807286600007, -35.008212024999978 ], [ 150.578105715000106, -35.008212680999975 ] ] ] ] } },
{ "type": "Feature", "properties": { "OBJECTID": 969, "gridcode": 6, "Shape_Length": 3.9931152436416213e-05, "Shape_Area": 9.8711927302025299e-11 }, "geometry": { "type": "MultiPolygon", "coordinates": [ [ [ [ 150.578782490000094, -35.008298307999951 ], [ 150.57878275500002, -35.008289297999966 ], [ 150.578771805000088, -35.00828907999994 ], [ 150.578771540000048, -35.008298088999936 ], [ 150.578782490000094, -35.008298307999951 ] ] ] ] } },
{ "type": "Feature", "properties": { "OBJECTID": 971, "gridcode": 6, "Shape_Length": 7.5983876388007813e-05, "Shape_Area": 2.9613114400396176e-10 }, "geometry": { "type": "MultiPolygon", "coordinates": [ [ [ [ 150.578848190000031, -35.008299618999956 ], [ 150.578847393000046, -35.008326646999933 ], [ 150.578858343000093, -35.008326865999948 ], [ 150.578859140000077, -35.008299837999971 ], [ 150.578848190000031, -35.008299618999956 ] ] ] ] } },
{ "type": "Feature", "properties": { "OBJECTID": 972, "gridcode": 6, "Shape_Length": 0.00017774965918347963, "Shape_Area": 1.2832301798828198e-09 }, "geometry": { "type": "MultiPolygon", "coordinates": [ [ [ [ 150.577982343000031, -35.008309378999968 ], [ 150.577982077000115, -35.008318388999953 ], [ 150.577993027000048, -35.008318606999978 ], [ 150.57799435600009, -35.008273560999953 ], [ 150.577972456000111, -35.008273122999981 ], [ 150.577972190000082, -35.008282132999966 ], [ 150.577961240000036, -35.008281913999951 ], [ 150.577960974000121, -35.008290922999947 ], [ 150.577950024000074, -35.008290704999979 ], [ 150.577949759000035, -35.008299713999975 ], [ 150.577960709000081, -35.008299932999932 ], [ 150.577960443000052, -35.008308941999928 ], [ 150.577982343000031, -35.008309378999968 ] ] ] ] } },
{ "type": "Feature", "properties": { "OBJECTID": 975, "gridcode": 6, "Shape_Length": 3.9931152436416213e-05, "Shape_Area": 9.8711927302025299e-11 }, "geometry": { "type": "MultiPolygon", "coordinates": [ [ [ [ 150.578879446000087, -35.008354330999964 ], [ 150.578879711000013, -35.008345320999979 ], [ 150.578868761000081, -35.008345102999954 ], [ 150.578868496000041, -35.00835411199995 ], [ 150.578879446000087, -35.008354330999964 ] ] ] ] } },
{ "type": "Feature", "properties": { "OBJECTID": 985, "gridcode": 6, "Shape_Length": 6.1836570616916736e-05, "Shape_Area": 1.9743524261069206e-10 }, "geometry": { "type": "MultiPolygon", "coordinates": [ [ [ [ 150.578997771000104, -35.008428809999941 ], [ 150.579019671000083, -35.008429246999981 ], [ 150.579019937000112, -35.008420236999939 ], [ 150.578998037000019, -35.008419799999956 ], [ 150.578997771000104, -35.008428809999941 ] ] ] ] } },
{ "type": "Feature", "properties": { "OBJECTID": 986, "gridcode": 6, "Shape_Length": 3.9930132926860239e-05, "Shape_Area": 9.8706319846277216e-11 }, "geometry": { "type": "MultiPolygon", "coordinates": [ [ [ [ 150.579030356000089, -35.008438473999945 ], [ 150.579030621000015, -35.008429464999949 ], [ 150.579019671000083, -35.008429246999981 ], [ 150.579019406000043, -35.008438255999977 ], [ 150.579030356000089, -35.008438473999945 ] ] ] ] } },
{ "type": "Feature", "properties": { "OBJECTID": 988, "gridcode": 6, "Shape_Length": 3.9931211348001499e-05, "Shape_Area": 9.8712145799734429e-11 }, "geometry": { "type": "MultiPolygon", "coordinates": [ [ [ [ 150.579041040000106, -35.008447701999955 ], [ 150.579041306000022, -35.00843869299996 ], [ 150.579030356000089, -35.008438473999945 ], [ 150.57903009000006, -35.00844748399993 ], [ 150.579041040000106, -35.008447701999955 ] ] ] ] } },
{ "type": "Feature", "properties": { "OBJECTID": 992, "gridcode": 6, "Shape_Length": 3.9931152436416213e-05, "Shape_Area": 9.8711927302025299e-11 }, "geometry": { "type": "MultiPolygon", "coordinates": [ [ [ [ 150.579062409000016, -35.008466157999976 ], [ 150.579062674000056, -35.00845714899998 ], [ 150.57905172400001, -35.008456929999966 ], [ 150.579051459000084, -35.008465939999951 ], [ 150.579062409000016, -35.008466157999976 ] ] ] ] } },
{ "type": "Feature", "properties": { "OBJECTID": 999, "gridcode": 6, "Shape_Length": 3.9931152492103445e-05, "Shape_Area": 9.8711927605711258e-11 }, "geometry": { "type": "MultiPolygon", "coordinates": [ [ [ [ 150.578710946000115, -35.008495201999949 ], [ 150.578711211000041, -35.008486192999953 ], [ 150.578700261000108, -35.008485973999939 ], [ 150.578699996000068, -35.008494983999981 ], [ 150.578710946000115, -35.008495201999949 ] ] ] ] } },
{ "type": "Feature", "properties": { "OBJECTID": 1000, "gridcode": 6, "Shape_Length": 3.993023174428963e-05, "Shape_Area": 9.8706803856219651e-11 }, "geometry": { "type": "MultiPolygon", "coordinates": [ [ [ [ 150.579104881000035, -35.008512078999956 ], [ 150.579105147000064, -35.008503069999961 ], [ 150.579094197000018, -35.008502850999946 ], [ 150.579093931000102, -35.008511859999942 ], [ 150.579104881000035, -35.008512078999956 ] ] ] ] } },
{ "type": "Feature", "properties": { "OBJECTID": 1033, "gridcode": 6, "Shape_Length": 8.3739871555964747e-05, "Shape_Area": 2.9613578189101237e-10 }, "geometry": { "type": "MultiPolygon", "coordinates": [ [ [ [ 150.579856451000069, -35.008662294999965 ], [ 150.579889301000094, -35.008662949999973 ], [ 150.57988956600002, -35.008653940999977 ], [ 150.579856716000108, -35.00865328499998 ], [ 150.579856451000069, -35.008662294999965 ] ] ] ] } },
{ "type": "Feature", "properties": { "OBJECTID": 1037, "gridcode": 6, "Shape_Length": 3.9931211345733572e-05, "Shape_Area": 9.8712145784614071e-11 }, "geometry": { "type": "MultiPolygon", "coordinates": [ [ [ [ 150.578694683000094, -35.008675170999936 ], [ 150.57869494900001, -35.008666160999951 ], [ 150.578683999000077, -35.008665942999983 ], [ 150.578683733000048, -35.008674951999978 ], [ 150.578694683000094, -35.008675170999936 ] ] ] ] } },
{ "type": "Feature", "properties": { "OBJECTID": 1063, "gridcode": 6, "Shape_Length": 3.9931152434147954e-05, "Shape_Area": 9.8711927286961784e-11 }, "geometry": { "type": "MultiPolygon", "coordinates": [ [ [ [ 150.579884522000043, -35.008825118999937 ], [ 150.579884787000083, -35.008816108999952 ], [ 150.579873837000036, -35.008815890999983 ], [ 150.57987357200011, -35.008824899999979 ], [ 150.579884522000043, -35.008825118999937 ] ] ] ] } },
{ "type": "Feature", "properties": { "OBJECTID": 1065, "gridcode": 6, "Shape_Length": 9.7888117421352422e-05, "Shape_Area": 3.9483693215977176e-10 }, "geometry": { "type": "MultiPolygon", "coordinates": [ [ [ [ 150.579720536000082, -35.008812831999933 ], [ 150.579720271000042, -35.008821841999975 ], [ 150.579731221000088, -35.008822059999943 ], [ 150.579732017000083, -35.008795031999966 ], [ 150.579721067000037, -35.008794813999941 ], [ 150.579720802000111, -35.008803822999937 ], [ 150.579709852000065, -35.008803604999969 ], [ 150.579709586000035, -35.008812613999964 ], [ 150.579720536000082, -35.008812831999933 ] ] ] ] } },
{ "type": "Feature", "properties": { "OBJECTID": 1066, "gridcode": 6, "Shape_Length": 3.9931211403688874e-05, "Shape_Area": 9.8712146103391966e-11 }, "geometry": { "type": "MultiPolygon", "coordinates": [ [ [ [ 150.580136108000033, -35.00883915199995 ], [ 150.580136374000062, -35.008830142999955 ], [ 150.580125424000016, -35.00882992399994 ], [ 150.580125158000101, -35.008838933999982 ], [ 150.580136108000033, -35.00883915199995 ] ] ] ] } },
{ "type": "Feature", "properties": { "OBJECTID": 1069, "gridcode": 6, "Shape_Length": 5.795798424649381e-05, "Shape_Area": 1.9742380791310757e-10 }, "geometry": { "type": "MultiPolygon", "coordinates": [ [ [ [ 150.579851937000058, -35.008815453999944 ], [ 150.579851406000103, -35.008833472999981 ], [ 150.579862356000035, -35.00883369099995 ], [ 150.579862887000104, -35.008815671999969 ], [ 150.579851937000058, -35.008815453999944 ] ] ] ] } },
{ "type": "Feature", "properties": { "OBJECTID": 1079, "gridcode": 6, "Shape_Length": 6.1836521471951567e-05, "Shape_Area": 1.97428446182565e-10 }, "geometry": { "type": "MultiPolygon", "coordinates": [ [ [ [ 150.580233862000114, -35.008868145999941 ], [ 150.580255763000082, -35.00886858299998 ], [ 150.580256028000122, -35.008859572999938 ], [ 150.580234128000029, -35.008859136999945 ], [ 150.580233862000114, -35.008868145999941 ] ] ] ] } },
{ "type": "Feature", "properties": { "OBJECTID": 1086, "gridcode": 6, "Shape_Length": 3.9931211348001499e-05, "Shape_Area": 9.8712145799734429e-11 }, "geometry": { "type": "MultiPolygon", "coordinates": [ [ [ [ 150.58011208400012, -35.008910789999959 ], [ 150.580112350000036, -35.008901780999963 ], [ 150.580101400000103, -35.008901561999949 ], [ 150.580101134000074, -35.008910571999934 ], [ 150.58011208400012, -35.008910789999959 ] ] ] ] } },
{ "type": "Feature", "properties": { "OBJECTID": 1097, "gridcode": 6, "Shape_Length": 3.9930172827164356e-05, "Shape_Area": 9.8706584843457582e-11 }, "geometry": { "type": "MultiPolygon", "coordinates": [ [ [ [ 150.578631698000095, -35.008953367999936 ], [ 150.578631963000021, -35.008944358999941 ], [ 150.578621013000088, -35.008944139999983 ], [ 150.578620748000048, -35.008953148999979 ], [ 150.578631698000095, -35.008953367999936 ] ] ] ] } },
{ "type": "Feature", "properties": { "OBJECTID": 1149, "gridcode": 6, "Shape_Length": 3.9930132929123139e-05, "Shape_Area": 9.8706319861340731e-11 }, "geometry": { "type": "MultiPolygon", "coordinates": [ [ [ [ 150.580975884000054, -35.009342691999962 ], [ 150.580976149000094, -35.009333682999966 ], [ 150.580965199000048, -35.009333464999941 ], [ 150.580964934000122, -35.009342473999936 ], [ 150.580975884000054, -35.009342691999962 ] ] ] ] } },
{ "type": "Feature", "properties": { "OBJECTID": 1160, "gridcode": 6, "Shape_Length": 3.9932181800360027e-05, "Shape_Area": 9.8716541777786643e-11 }, "geometry": { "type": "MultiPolygon", "coordinates": [ [ [ [ 150.581424044000073, -35.009378671999968 ], [ 150.581424310000102, -35.009369662999973 ], [ 150.581413359000067, -35.009369443999958 ], [ 150.581413094000027, -35.009378453999943 ], [ 150.581424044000073, -35.009378671999968 ] ] ] ] } },
{ "type": "Feature", "properties": { "OBJECTID": 1165, "gridcode": 6, "Shape_Length": 7.5983777403373806e-05, "Shape_Area": 2.9613012623055263e-10 }, "geometry": { "type": "MultiPolygon", "coordinates": [ [ [ [ 150.581457691000082, -35.009352298999943 ], [ 150.581456895000088, -35.009379326999976 ], [ 150.58146784500002, -35.009379544999945 ], [ 150.581468641000015, -35.009352516999968 ], [ 150.581457691000082, -35.009352298999943 ] ] ] ] } },
{ "type": "Feature", "properties": { "OBJECTID": 1169, "gridcode": 6, "Shape_Length": 3.9931211520708075e-05, "Shape_Area": 9.8712146627943033e-11 }, "geometry": { "type": "MultiPolygon", "coordinates": [ [ [ [ 150.581412563000072, -35.009396472999981 ], [ 150.581412829000101, -35.009387462999939 ], [ 150.581401879000055, -35.009387244999971 ], [ 150.581401613000025, -35.009396253999967 ], [ 150.581412563000072, -35.009396472999981 ] ] ] ] } },
{ "type": "Feature", "properties": { "OBJECTID": 1175, "gridcode": 6, "Shape_Length": 3.9930132929123145e-05, "Shape_Area": 9.8706319861340731e-11 }, "geometry": { "type": "MultiPolygon", "coordinates": [ [ [ [ 150.581412033000106, -35.009414490999973 ], [ 150.581412298000032, -35.009405481999977 ], [ 150.581401348000099, -35.009405263999952 ], [ 150.58140108300006, -35.009414272999948 ], [ 150.581412033000106, -35.009414490999973 ] ] ] ] } },
{ "type": "Feature", "properties": { "OBJECTID": 1185, "gridcode": 6, "Shape_Length": 3.9931152434148116e-05, "Shape_Area": 9.8711927286961784e-11 }, "geometry": { "type": "MultiPolygon", "coordinates": [ [ [ [ 150.581400552000105, -35.009432291999929 ], [ 150.581400817000031, -35.009423281999943 ], [ 150.581389867000098, -35.009423063999975 ], [ 150.581389602000058, -35.009432072999971 ], [ 150.581400552000105, -35.009432291999929 ] ] ] ] } },
{ "type": "Feature", "properties": { "OBJECTID": 1190, "gridcode": 6, "Shape_Length": 5.7956945835737645e-05, "Shape_Area": 1.9741838065606233e-10 }, "geometry": { "type": "MultiPolygon", "coordinates": [ [ [ [ 150.581444883000017, -35.009415145999981 ], [ 150.581444353000052, -35.009433164999962 ], [ 150.581455303000098, -35.00943338299993 ], [ 150.581455833000064, -35.009415364999938 ], [ 150.581444883000017, -35.009415145999981 ] ] ] ] } },
{ "type": "Feature", "properties": { "OBJECTID": 1192, "gridcode": 6, "Shape_Length": 3.9930192016681911e-05, "Shape_Area": 9.8706538687212198e-11 }, "geometry": { "type": "MultiPolygon", "coordinates": [ [ [ [ 150.581159117000084, -35.009445506999953 ], [ 150.581159383000113, -35.009436497999957 ], [ 150.581148433000067, -35.009436279999932 ], [ 150.581148167000038, -35.009445288999984 ], [ 150.581159117000084, -35.009445506999953 ] ] ] ] } },
{ "type": "Feature", "properties": { "OBJECTID": 1193, "gridcode": 6, "Shape_Length": 3.9930132929123139e-05, "Shape_Area": 9.8706319861340731e-11 }, "geometry": { "type": "MultiPolygon", "coordinates": [ [ [ [ 150.581400021000036, -35.009450309999977 ], [ 150.581400286000076, -35.009441300999981 ], [ 150.581389336000029, -35.009441082999956 ], [ 150.581389071000103, -35.009450091999952 ], [ 150.581400021000036, -35.009450309999977 ] ] ] ] } },
{ "type": "Feature", "properties": { "OBJECTID": 1194, "gridcode": 6, "Shape_Length": 3.9931152436416213e-05, "Shape_Area": 9.8711927302025299e-11 }, "geometry": { "type": "MultiPolygon", "coordinates": [ [ [ [ 150.581443822000097, -35.009451183999943 ], [ 150.581444087000023, -35.009442173999958 ], [ 150.58143313700009, -35.009441955999932 ], [ 150.58143287200005, -35.009450964999928 ], [ 150.581443822000097, -35.009451183999943 ] ] ] ] } },
{ "type": "Feature", "properties": { "OBJECTID": 1199, "gridcode": 6, "Shape_Length": 3.9931152434147954e-05, "Shape_Area": 9.8711927286961784e-11 }, "geometry": { "type": "MultiPolygon", "coordinates": [ [ [ [ 150.580665829000054, -35.009453699999938 ], [ 150.580666094000094, -35.009444689999953 ], [ 150.580655144000048, -35.009444471999984 ], [ 150.580654879000122, -35.00945348099998 ], [ 150.580665829000054, -35.009453699999938 ] ] ] ] } },
{ "type": "Feature", "properties": { "OBJECTID": 1201, "gridcode": 6, "Shape_Length": 3.9930132929123139e-05, "Shape_Area": 9.8706319861340731e-11 }, "geometry": { "type": "MultiPolygon", "coordinates": [ [ [ [ 150.581169537000051, -35.009463743999959 ], [ 150.58116980200009, -35.009454734999963 ], [ 150.581158852000044, -35.009454516999938 ], [ 150.581158587000118, -35.009463525999934 ], [ 150.581169537000051, -35.009463743999959 ] ] ] ] } },
{ "type": "Feature", "properties": { "OBJECTID": 1210, "gridcode": 6, "Shape_Length": 5.7958994452545081e-05, "Shape_Area": 1.9743323851724036e-10 }, "geometry": { "type": "MultiPolygon", "coordinates": [ [ [ [ 150.581421656000089, -35.009459755999956 ], [ 150.58142112500002, -35.009477774999937 ], [ 150.581432076000056, -35.009477993999951 ], [ 150.581432606000021, -35.00945997499997 ], [ 150.581421656000089, -35.009459755999956 ] ] ] ] } },
{ "type": "Feature", "properties": { "OBJECTID": 1214, "gridcode": 6, "Shape_Length": 0.0001056452405924995, "Shape_Area": 3.9485251989166823e-10 }, "geometry": { "type": "MultiPolygon", "coordinates": [ [ [ [ 150.581081139000048, -35.009489025999983 ], [ 150.581124940000109, -35.009489898999959 ], [ 150.581125205000035, -35.009480889999963 ], [ 150.581081405000077, -35.009480015999941 ], [ 150.581081139000048, -35.009489025999983 ] ] ] ] } },
{ "type": "Feature", "properties": { "OBJECTID": 1223, "gridcode": 6, "Shape_Length": 7.5983777520384848e-05, "Shape_Area": 2.9613012777930838e-10 }, "geometry": { "type": "MultiPolygon", "coordinates": [ [ [ [ 150.581409645000122, -35.009495575999949 ], [ 150.581408849000013, -35.009522603999983 ], [ 150.581419799000059, -35.009522821999951 ], [ 150.581420595000054, -35.009495793999974 ], [ 150.581409645000122, -35.009495575999949 ] ] ] ] } },
{ "type": "Feature", "properties": { "OBJECTID": 1233, "gridcode": 6, "Shape_Length": 3.9933161403630118e-05, "Shape_Area": 9.8721884206198909e-11 }, "geometry": { "type": "MultiPolygon", "coordinates": [ [ [ [ 150.581429688000071, -35.009559077999938 ], [ 150.581429953000111, -35.009550067999953 ], [ 150.581419003000065, -35.009549849999985 ], [ 150.581418737000035, -35.00955885999997 ], [ 150.581429688000071, -35.009559077999938 ] ] ] ] } },
{ "type": "Feature", "properties": { "OBJECTID": 1234, "gridcode": 6, "Shape_Length": 3.9930133043867209e-05, "Shape_Area": 9.870632037077144e-11 }, "geometry": { "type": "MultiPolygon", "coordinates": [ [ [ [ 150.582020998000075, -35.009570864999944 ], [ 150.582021263000115, -35.009561855999948 ], [ 150.582010313000069, -35.00956163799998 ], [ 150.582010048000029, -35.009570646999975 ], [ 150.582020998000075, -35.009570864999944 ] ] ] ] } },
{ "type": "Feature", "properties": { "OBJECTID": 1242, "gridcode": 6, "Shape_Length": 5.7957975002590187e-05, "Shape_Area": 1.9742749837410197e-10 }, "geometry": { "type": "MultiPolygon", "coordinates": [ [ [ [ 150.582032213000048, -35.009562073999973 ], [ 150.582031683000082, -35.009580092999954 ], [ 150.582042633000015, -35.009580310999979 ], [ 150.582043164000083, -35.009562292999931 ], [ 150.582032213000048, -35.009562073999973 ] ] ] ] } },
{ "type": "Feature", "properties": { "OBJECTID": 1257, "gridcode": 6, "Shape_Length": 5.7957974947090861e-05, "Shape_Area": 1.9742749807794776e-10 }, "geometry": { "type": "MultiPolygon", "coordinates": [ [ [ [ 150.581428626000047, -35.009595114999968 ], [ 150.581428095000092, -35.009613133999949 ], [ 150.581439046000014, -35.009613351999974 ], [ 150.581439576000093, -35.009595333999982 ], [ 150.581428626000047, -35.009595114999968 ] ] ] ] } },
{ "type": "Feature", "properties": { "OBJECTID": 1261, "gridcode": 6, "Shape_Length": 3.9932181683340664e-05, "Shape_Area": 9.8716541253235563e-11 }, "geometry": { "type": "MultiPolygon", "coordinates": [ [ [ [ 150.581394714000112, -35.009630497999979 ], [ 150.581394980000027, -35.009621488999983 ], [ 150.581384029000105, -35.009621269999968 ], [ 150.581383764000066, -35.009630279999953 ], [ 150.581394714000112, -35.009630497999979 ] ] ] ] } },
{ "type": "Feature", "properties": { "OBJECTID": 1266, "gridcode": 6, "Shape_Length": 9.7889146247394848e-05, "Shape_Area": 4.9357208567253833e-10 }, "geometry": { "type": "MultiPolygon", "coordinates": [ [ [ [ 150.581350913000051, -35.009629624999945 ], [ 150.581372814000019, -35.009630060999939 ], [ 150.581373610000014, -35.009603032999962 ], [ 150.581362660000082, -35.009602814999937 ], [ 150.581362394000053, -35.009611823999933 ], [ 150.58135144400012, -35.009611605999964 ], [ 150.581350913000051, -35.009629624999945 ] ] ] ] } },
{ "type": "Feature", "properties": { "OBJECTID": 1270, "gridcode": 6, "Shape_Length": 3.9931152436416213e-05, "Shape_Area": 9.8711927302025299e-11 }, "geometry": { "type": "MultiPolygon", "coordinates": [ [ [ [ 150.581131379000112, -35.009643276999952 ], [ 150.581131644000038, -35.009634266999967 ], [ 150.581120694000106, -35.009634048999942 ], [ 150.581120429000066, -35.009643057999938 ], [ 150.581131379000112, -35.009643276999952 ] ] ] ] } },
{ "type": "Feature", "properties": { "OBJECTID": 1272, "gridcode": 6, "Shape_Length": 3.9931162175605974e-05, "Shape_Area": 9.8710933297469648e-11 }, "geometry": { "type": "MultiPolygon", "coordinates": [ [ [ [ 150.581383233000111, -35.009648297999945 ], [ 150.581383499000026, -35.009639288999949 ], [ 150.581372548000104, -35.009639070999981 ], [ 150.581372283000064, -35.009648079999977 ], [ 150.581383233000111, -35.009648297999945 ] ] ] ] } },
{ "type": "Feature", "properties": { "OBJECTID": 1284, "gridcode": 6, "Shape_Length": 3.9932181798914508e-05, "Shape_Area": 9.8716541777786643e-11 }, "geometry": { "type": "MultiPolygon", "coordinates": [ [ [ [ 150.581349321000062, -35.009683680999956 ], [ 150.581349587000091, -35.009674670999971 ], [ 150.581338636000055, -35.009674452999946 ], [ 150.581338371000015, -35.009683461999941 ], [ 150.581349321000062, -35.009683680999956 ] ] ] ] } },
{ "type": "Feature", "properties": { "OBJECTID": 1296, "gridcode": 6, "Shape_Length": 3.9932181681085442e-05, "Shape_Area": 9.871654123814364e-11 }, "geometry": { "type": "MultiPolygon", "coordinates": [ [ [ [ 150.581348791000096, -35.009701699999937 ], [ 150.581349056000022, -35.009692689999952 ], [ 150.581338106000089, -35.009692471999983 ], [ 150.58133784000006, -35.009701480999979 ], [ 150.581348791000096, -35.009701699999937 ] ] ] ] } },
{ "type": "Feature", "properties": { "OBJECTID": 1297, "gridcode": 6, "Shape_Length": 5.7956945783366309e-05, "Shape_Area": 1.9741837997053071e-10 }, "geometry": { "type": "MultiPolygon", "coordinates": [ [ [ [ 150.581382437000116, -35.009675325999979 ], [ 150.581381907000036, -35.00969334499996 ], [ 150.581392857000083, -35.009693562999985 ], [ 150.581393387000048, -35.009675544999936 ], [ 150.581382437000116, -35.009675325999979 ] ] ] ] } },
{ "type": "Feature", "properties": { "OBJECTID": 1303, "gridcode": 6, "Shape_Length": 3.9930132926860232e-05, "Shape_Area": 9.8706319846277216e-11 }, "geometry": { "type": "MultiPolygon", "coordinates": [ [ [ [ 150.581348260000027, -35.009719717999928 ], [ 150.581348525000067, -35.009710708999933 ], [ 150.58133757500002, -35.009710490999964 ], [ 150.581337310000094, -35.00971949999996 ], [ 150.581348260000027, -35.009719717999928 ] ] ] ] } },
{ "type": "Feature", "properties": { "OBJECTID": 1304, "gridcode": 6, "Shape_Length": 5.7958024146803118e-05, "Shape_Area": 1.97424338907504e-10 }, "geometry": { "type": "MultiPolygon", "coordinates": [ [ [ [ 150.581392857000083, -35.009693562999985 ], [ 150.581392326000014, -35.009711581999966 ], [ 150.58140327600006, -35.00971180099998 ], [ 150.581403807000015, -35.009693781999943 ], [ 150.581392857000083, -35.009693562999985 ] ] ] ] } },
{ "type": "Feature", "properties": { "OBJECTID": 1313, "gridcode": 6, "Shape_Length": 0.00069046438823365942, "Shape_Area": 7.6995786355267364e-09 }, "geometry": { "type": "MultiPolygon", "coordinates": [ [ [ [ 150.581183476000092, -35.009734461999983 ], [ 150.581238227000085, -35.009735553999974 ], [ 150.581238492000011, -35.009726543999932 ], [ 150.581260393000093, -35.009726980999972 ], [ 150.581260658000019, -35.009717971999976 ], [ 150.581271608000065, -35.009718189999944 ], [ 150.581271874000095, -35.009709180999948 ], [ 150.581282824000027, -35.009709398999973 ], [ 150.581283089000067, -35.009700389999978 ], [ 150.581294040000103, -35.009700607999946 ], [ 150.581294305000029, -35.00969159899995 ], [ 150.581305255000075, -35.009691816999975 ], [ 150.581305520000114, -35.00968280799998 ], [ 150.581316471000036, -35.009683025999948 ], [ 150.581316736000076, -35.009674015999963 ], [ 150.581327686000122, -35.009674234999977 ], [ 150.581327952000038, -35.009665224999935 ], [ 150.581349852000017, -35.009665661999975 ], [ 150.581350117000056, -35.009656652999979 ], [ 150.58133916700001, -35.009656433999965 ], [ 150.581339433000039, -35.009647424999969 ], [ 150.581328482000117, -35.009647206999944 ], [ 150.581328217000078, -35.009656215999939 ], [ 150.581317267000031, -35.009655997999971 ], [ 150.581317001000116, -35.009665006999967 ], [ 150.58130605100007, -35.009664788999942 ], [ 150.58130578600003, -35.009673797999938 ], [ 150.581294836000097, -35.009673579999969 ], [ 150.581294570000068, -35.009682588999965 ], [ 150.581272670000089, -35.009682152999972 ], [ 150.58127240400006, -35.009691161999967 ], [ 150.581217653000067, -35.009690069999976 ], [ 150.581217919000096, -35.009681060999981 ], [ 150.58120696900005, -35.009680842999956 ], [ 150.58120723400009, -35.00967183299997 ], [ 150.581196284000043, -35.009671614999945 ], [ 150.581196549000083, -35.00966260499996 ], [ 150.581174649000104, -35.009662168999967 ], [ 150.58117491400003, -35.009653158999981 ], [ 150.581163964000098, -35.009652940999956 ], [ 150.581163699000058, -35.009661949999952 ], [ 150.581152748000022, -35.009661731999984 ], [ 150.581152483000096, -35.009670740999979 ], [ 150.581130583000117, -35.009670304999929 ], [ 150.581130317000088, -35.009679313999982 ], [ 150.581141267000021, -35.00967953299994 ], [ 150.581141002000095, -35.009688541999935 ], [ 150.581151952000027, -35.00968875999996 ], [ 150.581151422000062, -35.009706778999941 ], [ 150.581162372000108, -35.009706996999967 ], [ 150.581162106000079, -35.009716006999952 ], [ 150.581173057000115, -35.009716224999977 ], [ 150.581172791000085, -35.009725233999973 ], [ 150.581183741000018, -35.00972545299993 ], [ 150.581183476000092, -35.009734461999983 ] ] ] ] } },
{ "type": "Feature", "properties": { "OBJECTID": 1322, "gridcode": 6, "Shape_Length": 0.016297584546389788, "Shape_Area": 9.2986211369114244e-07 }, "geometry": { "type": "MultiPolygon", "coordinates": [ [ [ [ 150.579114503000028, -35.008557343999939 ], [ 150.579114238000102, -35.008566353999981 ], [ 150.579103288000056, -35.008566134999967 ], [ 150.579103553000095, -35.008557125999971 ], [ 150.579114503000028, -35.008557343999939 ] ] ], [ [ [ 150.579081387000087, -35.008565697999984 ], [ 150.579081122000048, -35.00857470699998 ], [ 150.579059222000069, -35.00857426999994 ], [ 150.579059487000109, -35.008565260999944 ], [ 150.579081387000087, -35.008565697999984 ] ] ], [ [ [ 150.57909127500011, -35.008601953999971 ], [ 150.579090744000041, -35.008619972999952 ], [ 150.579068844000062, -35.008619535999969 ], [ 150.579069375000017, -35.008601516999931 ], [ 150.57909127500011, -35.008601953999971 ] ] ], [ [ [ 150.579270255000097, -35.008848920999981 ], [ 150.579269990000057, -35.008857930999966 ], [ 150.579259040000011, -35.008857711999951 ], [ 150.579259305000051, -35.008848702999956 ], [ 150.579248355000118, -35.008848483999941 ], [ 150.579248621000033, -35.008839474999945 ], [ 150.57925957100008, -35.00883969299997 ], [ 150.579259305000051, -35.008848702999956 ], [ 150.579270255000097, -35.008848920999981 ] ] ], [ [ [ 150.57936694700004, -35.008913952999933 ], [ 150.579366416000084, -35.008931971999971 ], [ 150.579344516000106, -35.008931534999931 ], [ 150.579344781000032, -35.008922525999935 ], [ 150.579355731000078, -35.00892274399996 ], [ 150.579355997000107, -35.008913734999965 ], [ 150.579345047000061, -35.00891351599995 ], [ 150.57934531300009, -35.008904506999954 ], [ 150.579356263000022, -35.008904725999969 ], [ 150.579355997000107, -35.008913734999965 ], [ 150.57936694700004, -35.008913952999933 ] ] ], [ [ [ 150.579113767000081, -35.008953973999951 ], [ 150.579113502000041, -35.008962983999936 ], [ 150.579091601000073, -35.008962546999953 ], [ 150.579092664000086, -35.008926508999934 ], [ 150.579103614000019, -35.008926727999949 ], [ 150.579103348000103, -35.008935736999945 ], [ 150.579125248000082, -35.008936173999984 ], [ 150.579124717000013, -35.008954192999965 ], [ 150.579113767000081, -35.008953973999951 ] ] ], [ [ [ 150.580077375000087, -35.008973199999957 ], [ 150.580077110000047, -35.008982209999942 ], [ 150.580066160000115, -35.008981990999985 ], [ 150.580066425000041, -35.008972981999932 ], [ 150.580077375000087, -35.008973199999957 ] ] ], [ [ [ 150.579890958000078, -35.008978495999941 ], [ 150.579890693000038, -35.008987505999983 ], [ 150.579879743000106, -35.008987286999968 ], [ 150.579880539000101, -35.008960258999934 ], [ 150.57990243900008, -35.008960695999974 ], [ 150.579901908000011, -35.008978714999955 ], [ 150.579890958000078, -35.008978495999941 ] ] ], [ [ [ 150.580087795000054, -35.008991437999953 ], [ 150.580087529000025, -35.009000446999949 ], [ 150.580065629000046, -35.009000009999966 ], [ 150.580065894000086, -35.00899100099997 ], [ 150.580087795000054, -35.008991437999953 ] ] ], [ [ [ 150.580087264000099, -35.009009455999944 ], [ 150.58008699800007, -35.00901846599993 ], [ 150.580076048000024, -35.009018246999972 ], [ 150.580076313000063, -35.009009237999976 ], [ 150.580087264000099, -35.009009455999944 ] ] ], [ [ [ 150.579667708000102, -35.00911827699997 ], [ 150.579666911000118, -35.009145304999947 ], [ 150.579634061000093, -35.00914464899995 ], [ 150.579634592000048, -35.009126630999958 ], [ 150.579656492000026, -35.009127067999941 ], [ 150.579656758000056, -35.009118057999956 ], [ 150.579667708000102, -35.00911827699997 ] ] ], [ [ [ 150.580760066000039, -35.009230212999967 ], [ 150.580759535000084, -35.009248230999958 ], [ 150.580748585000038, -35.009248012999933 ], [ 150.580748850000077, -35.009239003999937 ], [ 150.580737900000031, -35.00923878499998 ], [ 150.580738165000071, -35.009229775999984 ], [ 150.580760066000039, -35.009230212999967 ] ] ], [ [ [ 150.580539470000076, -35.009279900999957 ], [ 150.580538939000121, -35.009297919999938 ], [ 150.580484189000117, -35.009296827999947 ], [ 150.580484985000112, -35.00926979999997 ], [ 150.580528786000059, -35.009270672999946 ], [ 150.58052852000003, -35.009279682999932 ], [ 150.580539470000076, -35.009279900999957 ] ] ], [ [ [ 150.580516774000102, -35.009306491999951 ], [ 150.580516508000073, -35.009315501999936 ], [ 150.580505558000027, -35.009315282999978 ], [ 150.580505824000056, -35.009306273999982 ], [ 150.580516774000102, -35.009306491999951 ] ] ], [ [ [ 150.580702661000032, -35.009319213999959 ], [ 150.580702395000117, -35.009328223999944 ], [ 150.58069144500007, -35.009328004999929 ], [ 150.5806917110001, -35.009318995999934 ], [ 150.580702661000032, -35.009319213999959 ] ] ], [ [ [ 150.580812162000029, -35.00932139799994 ], [ 150.580811897000103, -35.009330407999983 ], [ 150.580800947000057, -35.009330188999968 ], [ 150.580801212000097, -35.009321179999972 ], [ 150.580812162000029, -35.00932139799994 ] ] ], [ [ [ 150.580877067000074, -35.009349735999933 ], [ 150.580876802000034, -35.009358745999975 ], [ 150.580865851000112, -35.009358526999961 ], [ 150.580866117000028, -35.009349517999965 ], [ 150.580877067000074, -35.009349735999933 ] ] ], [ [ [ 150.580833266000013, -35.009348862999957 ], [ 150.580832736000048, -35.009366881999938 ], [ 150.580799885000033, -35.00936622699993 ], [ 150.580800151000062, -35.009357216999945 ], [ 150.580811101000108, -35.009357435999959 ], [ 150.580811366000034, -35.009348425999974 ], [ 150.580833266000013, -35.009348862999957 ] ] ], [ [ [ 150.581007938000084, -35.009370374999946 ], [ 150.581007673000045, -35.009379384999932 ], [ 150.580996723000112, -35.009379166999963 ], [ 150.580996988000038, -35.009370156999978 ], [ 150.580975088000059, -35.009369719999938 ], [ 150.580975353000099, -35.009360710999943 ], [ 150.580964403000053, -35.009360492999974 ], [ 150.580964668000092, -35.009351482999932 ], [ 150.580931818000067, -35.009350827999981 ], [ 150.580931552000038, -35.009359837999966 ], [ 150.580909652000059, -35.009359400999983 ], [ 150.580910183000015, -35.009341381999945 ], [ 150.580899233000082, -35.009341163999977 ], [ 150.580899764000037, -35.009323144999939 ], [ 150.580888813000115, -35.009322926999971 ], [ 150.580889079000031, -35.009313916999929 ], [ 150.580921929000056, -35.009314571999937 ], [ 150.580921664000016, -35.009323581999979 ], [ 150.580943564000108, -35.009324018999962 ], [ 150.580943830000024, -35.009315008999977 ], [ 150.58095478000007, -35.009315227999934 ], [ 150.580954514000041, -35.00932423699993 ], [ 150.580976415, -35.00932467399997 ], [ 150.580976149000094, -35.009333682999966 ], [ 150.581052800000066, -35.00933521099995 ], [ 150.581052535000026, -35.009344220999935 ], [ 150.581074435000119, -35.009344656999929 ], [ 150.581074170000079, -35.009353666999971 ], [ 150.581085120000012, -35.009353884999939 ], [ 150.581084855000086, -35.009362894999981 ], [ 150.581019154000046, -35.009361583999976 ], [ 150.581019419000086, -35.00935257499998 ], [ 150.580997519000107, -35.00935213799994 ], [ 150.580996988000038, -35.009370156999978 ], [ 150.581007938000084, -35.009370374999946 ] ] ], [ [ [ 150.580931022000073, -35.009377855999958 ], [ 150.580930756000043, -35.009386865999943 ], [ 150.580919806000111, -35.009386646999928 ], [ 150.580920071000037, -35.009377637999933 ], [ 150.580931022000073, -35.009377855999958 ] ] ], [ [ [ 150.581128124000088, -35.009381786999938 ], [ 150.581127859000048, -35.009390795999934 ], [ 150.581116909000116, -35.009390577999966 ], [ 150.581117174000042, -35.009381567999981 ], [ 150.581128124000088, -35.009381786999938 ] ] ], [ [ [ 150.580865586000073, -35.009367536999946 ], [ 150.580864790000078, -35.00939456499998 ], [ 150.580853840000032, -35.009394346999954 ], [ 150.580854636000026, -35.009367317999931 ], [ 150.580865586000073, -35.009367536999946 ] ] ], [ [ [ 150.580831939000063, -35.009393909999972 ], [ 150.580831674000024, -35.009402918999967 ], [ 150.580809774000045, -35.009402481999985 ], [ 150.580810039000085, -35.009393472999932 ], [ 150.580831939000063, -35.009393909999972 ] ] ], [ [ [ 150.580711222000104, -35.00940051699996 ], [ 150.580710957000065, -35.009409525999956 ], [ 150.580689056000097, -35.009409089999963 ], [ 150.580689322000012, -35.009400079999978 ], [ 150.580700272000058, -35.009400298999935 ], [ 150.580700803000013, -35.009382279999954 ], [ 150.58071175300006, -35.009382497999979 ], [ 150.58071148800002, -35.009391507999965 ], [ 150.580722438000066, -35.009391725999933 ], [ 150.580722172000037, -35.009400734999929 ], [ 150.580711222000104, -35.00940051699996 ] ] ], [ [ [ 150.580961484000113, -35.009459595999942 ], [ 150.580961218000084, -35.009468604999938 ], [ 150.580895517000044, -35.009467294999979 ], [ 150.580895783000074, -35.009458285999983 ], [ 150.580884832000038, -35.009458066999969 ], [ 150.580885629000022, -35.009431038999935 ], [ 150.580896579000068, -35.00943125699996 ], [ 150.580896844000108, -35.009422247999964 ], [ 150.580907794000041, -35.009422465999933 ], [ 150.58090806000007, -35.009413456999937 ], [ 150.580929960000049, -35.009413893999977 ], [ 150.580929695, -35.009422902999972 ], [ 150.580962545000034, -35.00942355799998 ], [ 150.580962811000063, -35.009414548999985 ], [ 150.580951860000027, -35.009414330999959 ], [ 150.580952126000057, -35.009405320999974 ], [ 150.58094117600001, -35.009405102999949 ], [ 150.58094144100005, -35.009396092999964 ], [ 150.580974291000075, -35.009396748999961 ], [ 150.580973761000109, -35.009414766999953 ], [ 150.580984711000042, -35.009414985999967 ], [ 150.580984445000013, -35.009423994999963 ], [ 150.581006346000095, -35.009424431999946 ], [ 150.581006611000021, -35.009415421999961 ], [ 150.581017561000067, -35.009415640999975 ], [ 150.581017827000096, -35.009406630999933 ], [ 150.581028777000029, -35.009406849999948 ], [ 150.581029308000097, -35.009388830999967 ], [ 150.58104025800003, -35.009389048999935 ], [ 150.58104052300007, -35.00938003999994 ], [ 150.581062424000038, -35.009380476999979 ], [ 150.581062158, -35.009389485999975 ], [ 150.581073108000055, -35.009389703999943 ], [ 150.58107231200006, -35.009416731999977 ], [ 150.581028512000103, -35.009415858999944 ], [ 150.581028246000074, -35.00942486799994 ], [ 150.581017296000027, -35.009424649999971 ], [ 150.581016765000072, -35.009442668999952 ], [ 150.581005815000026, -35.009442449999938 ], [ 150.5810055500001, -35.00945145999998 ], [ 150.580972699000085, -35.009450804999972 ], [ 150.580972434000046, -35.009459813999968 ], [ 150.580961484000113, -35.009459595999942 ] ] ], [ [ [ 150.581388010000069, -35.009486129999971 ], [ 150.58138774400004, -35.009495138999966 ], [ 150.581376794000107, -35.009494920999941 ], [ 150.581377059000033, -35.009485910999956 ], [ 150.581388010000069, -35.009486129999971 ] ] ], [ [ [ 150.580642601000022, -35.009498309999969 ], [ 150.580642336000096, -35.009507318999965 ], [ 150.58063138600005, -35.00950710099994 ], [ 150.58063165100009, -35.009498090999955 ], [ 150.580642601000022, -35.009498309999969 ] ] ], [ [ [ 150.580674390000013, -35.00953500199995 ], [ 150.580674125000087, -35.009544011999935 ], [ 150.580652225000108, -35.009543574999952 ], [ 150.580652490000034, -35.009534565999957 ], [ 150.580674390000013, -35.00953500199995 ] ] ], [ [ [ 150.580739561000087, -35.009554330999947 ], [ 150.580738764000102, -35.00958135999997 ], [ 150.580727814000056, -35.009581140999956 ], [ 150.58072887600008, -35.009545103999983 ], [ 150.580739826000013, -35.009545321999951 ], [ 150.580740622000121, -35.009518293999975 ], [ 150.580773473000022, -35.009518948999983 ], [ 150.580773738000062, -35.00950993999993 ], [ 150.58079563900003, -35.00951037599998 ], [ 150.58079590400007, -35.009501366999984 ], [ 150.580850655000063, -35.009502458999975 ], [ 150.580850389000034, -35.009511467999971 ], [ 150.580872290000116, -35.009511904999954 ], [ 150.580872024000087, -35.00952091399995 ], [ 150.580882975000122, -35.009521132999964 ], [ 150.580882709000093, -35.00953014199996 ], [ 150.580904609000072, -35.009530578999943 ], [ 150.580904344000032, -35.009539587999939 ], [ 150.580926244000011, -35.009540024999978 ], [ 150.580925979000085, -35.009549033999974 ], [ 150.580936929000018, -35.009549252999932 ], [ 150.580936398000063, -35.00956727099998 ], [ 150.580903548000038, -35.009566615999972 ], [ 150.580903282000122, -35.009575625999958 ], [ 150.580892332000076, -35.009575406999943 ], [ 150.580892598000105, -35.009566397999947 ], [ 150.580881648000059, -35.009566179999979 ], [ 150.58088138200003, -35.009575188999975 ], [ 150.580804731000057, -35.009573659999944 ], [ 150.580804996000097, -35.009564650999948 ], [ 150.580794046000051, -35.00956443299998 ], [ 150.580794311000091, -35.009555422999938 ], [ 150.580772411000112, -35.009554986999945 ], [ 150.580772677000027, -35.009545976999959 ], [ 150.580750776000059, -35.009545539999976 ], [ 150.580750511000019, -35.009554549999962 ], [ 150.580739561000087, -35.009554330999947 ] ], [ [ 150.580942041000071, -35.00974767699995 ], [ 150.580941775000042, -35.009756686999935 ], [ 150.580952725000088, -35.009756904999961 ], [ 150.580952991000117, -35.009747895999965 ], [ 150.580974891000096, -35.009748331999958 ], [ 150.580975157000012, -35.009739322999962 ], [ 150.580986107000058, -35.009739540999931 ], [ 150.580986372000098, -35.009730531999935 ], [ 150.581030173000045, -35.009731404999968 ], [ 150.581030438000084, -35.009722395999972 ], [ 150.581063289000099, -35.00972305099998 ], [ 150.581063554000025, -35.009714041999985 ], [ 150.581085455000107, -35.009714477999978 ], [ 150.581085720000033, -35.009705468999982 ], [ 150.581118571000047, -35.009706123999933 ], [ 150.581118836000087, -35.009697114999938 ], [ 150.581107886000041, -35.00969689599998 ], [ 150.58110815100008, -35.009687886999984 ], [ 150.581119102000116, -35.009688104999952 ], [ 150.581120163000037, -35.00965206799998 ], [ 150.581098263000058, -35.00965163099994 ], [ 150.581097997000029, -35.009660639999936 ], [ 150.581065147000118, -35.009659984999985 ], [ 150.581065412000044, -35.009650975999932 ], [ 150.581043512000065, -35.009650538999949 ], [ 150.581043777000104, -35.009641529999953 ], [ 150.581032827000058, -35.009641311999928 ], [ 150.581032562000019, -35.009650320999981 ], [ 150.581021611000097, -35.009650102999956 ], [ 150.581021346000057, -35.009659111999952 ], [ 150.581010396000011, -35.009658893999983 ], [ 150.581010130000095, -35.009667902999979 ], [ 150.580999180000049, -35.009667684999954 ], [ 150.580998915, -35.00967669399995 ], [ 150.580987965000077, -35.009676475999981 ], [ 150.580988230000116, -35.009667465999939 ], [ 150.580966330000024, -35.009667029999946 ], [ 150.580966595000064, -35.009658019999961 ], [ 150.580955645000017, -35.009657801999936 ], [ 150.580955910000057, -35.00964879199995 ], [ 150.580944960000011, -35.009648573999982 ], [ 150.58094549100008, -35.009630554999944 ], [ 150.580956441000012, -35.009630773999959 ], [ 150.580956706000052, -35.009621763999974 ], [ 150.58097860700002, -35.009622200999956 ], [ 150.58097887200006, -35.009613191999961 ], [ 150.580989822000106, -35.009613409999929 ], [ 150.580989292000027, -35.009631428999967 ], [ 150.581033092000098, -35.009632301999943 ], [ 150.581034154000122, -35.009596264999971 ], [ 150.581001303000107, -35.009595609999963 ], [ 150.581001834000062, -35.009577590999982 ], [ 150.580990884000016, -35.009577372999956 ], [ 150.580991149000056, -35.009568362999971 ], [ 150.581002100000092, -35.009568581999929 ], [ 150.581002365000018, -35.009559571999944 ], [ 150.581013315000064, -35.009559790999958 ], [ 150.581013846000019, -35.009541771999977 ], [ 150.581024796000065, -35.009541989999946 ], [ 150.581026654000084, -35.009478924999939 ], [ 150.581081405000077, -35.009480015999941 ], [ 150.581081670000117, -35.009471006999945 ], [ 150.581070720000071, -35.009470788999977 ], [ 150.58107098500011, -35.009461778999935 ], [ 150.581060035000064, -35.009461560999966 ], [ 150.581060300000104, -35.009452551999971 ], [ 150.581071251000026, -35.009452769999939 ], [ 150.581071516000065, -35.009443760999943 ], [ 150.581093416000044, -35.009444196999937 ], [ 150.581093682000073, -35.009435187999941 ], [ 150.58110463200012, -35.009435405999966 ], [ 150.581104897000046, -35.00942639699997 ], [ 150.581115847000092, -35.009426614999938 ], [ 150.581115582000052, -35.009435624999981 ], [ 150.581137482000031, -35.009436060999974 ], [ 150.5811380130001, -35.009418041999936 ], [ 150.581127063000054, -35.009417823999968 ], [ 150.581127328000093, -35.009408814999972 ], [ 150.58117112900004, -35.009409687999948 ], [ 150.58117139400008, -35.009400678999953 ], [ 150.581182345000116, -35.009400896999978 ], [ 150.581182610000042, -35.009391887999982 ], [ 150.581193560000088, -35.00939210599995 ], [ 150.581193825000014, -35.009383096999954 ], [ 150.58120477600005, -35.00938331499998 ], [ 150.581205572000044, -35.009356286999946 ], [ 150.581227472000023, -35.009356723999929 ], [ 150.581227737000063, -35.009347713999944 ], [ 150.581304389000024, -35.009349242999974 ], [ 150.581304123000109, -35.00935825199997 ], [ 150.581315073000042, -35.009358469999938 ], [ 150.581314808000116, -35.00936747999998 ], [ 150.581325758000048, -35.009367697999949 ], [ 150.581325493000122, -35.009376706999944 ], [ 150.581336443000055, -35.009376925999959 ], [ 150.5813359120001, -35.009394943999951 ], [ 150.581346862000032, -35.009395162999965 ], [ 150.581346597000106, -35.009404171999961 ], [ 150.581357547000039, -35.009404389999929 ], [ 150.581354894000015, -35.009494483999958 ], [ 150.581365844000061, -35.009494701999984 ], [ 150.581365313000106, -35.009512720999965 ], [ 150.581354363000059, -35.009512502999939 ], [ 150.581353832000104, -35.009530521999977 ], [ 150.581375733000073, -35.009530957999971 ], [ 150.581375998000112, -35.009521948999975 ], [ 150.581386948000045, -35.009522166999943 ], [ 150.581387214000074, -35.009513157999947 ], [ 150.581376263000038, -35.009512938999933 ], [ 150.581376529000067, -35.009503929999937 ], [ 150.581398429000046, -35.009504366999977 ], [ 150.58139975600011, -35.009459319999962 ], [ 150.581388806000064, -35.009459101999937 ], [ 150.581388275000108, -35.009477119999929 ], [ 150.581366375000016, -35.009476683999935 ], [ 150.58136743600005, -35.009440645999973 ], [ 150.581378386000097, -35.009440863999941 ], [ 150.581379182000092, -35.009413835999965 ], [ 150.581368232000045, -35.00941361799994 ], [ 150.58136902800004, -35.009386589999963 ], [ 150.581358078000108, -35.009386371999938 ], [ 150.581358874000102, -35.009359342999971 ], [ 150.581347924000056, -35.009359124999946 ], [ 150.581348720000051, -35.00933209699997 ], [ 150.581337770000118, -35.009331878999944 ], [ 150.581338300000084, -35.009313859999963 ], [ 150.581327350000038, -35.009313641999938 ], [ 150.581327881000107, -35.009295622999957 ], [ 150.58131693100006, -35.009295404999932 ], [ 150.581317462000015, -35.009277385999951 ], [ 150.581273661000068, -35.009276512999975 ], [ 150.581273926000108, -35.009267502999933 ], [ 150.581241076000083, -35.009266847999982 ], [ 150.581241341, -35.009257838999929 ], [ 150.58121944100003, -35.009257401999946 ], [ 150.58121970600007, -35.00924839299995 ], [ 150.581197806000091, -35.009247955999967 ], [ 150.581198071000017, -35.009238946999972 ], [ 150.581176171000038, -35.009238509999932 ], [ 150.581176436000078, -35.009229500999936 ], [ 150.581143586000053, -35.009228845999928 ], [ 150.581143851000093, -35.009219835999943 ], [ 150.581023400000049, -35.009217434999982 ], [ 150.581023665000089, -35.00920842499994 ], [ 150.581012715000043, -35.009208206999972 ], [ 150.581012980000082, -35.009199197999976 ], [ 150.580980130000057, -35.009198541999979 ], [ 150.580980395000097, -35.009189532999983 ], [ 150.580958495000118, -35.009189095999943 ], [ 150.580958761000034, -35.009180086999947 ], [ 150.580947810000112, -35.009179868999979 ], [ 150.580948076000027, -35.009170858999937 ], [ 150.580937126000094, -35.009170640999969 ], [ 150.58093739100002, -35.009161631999973 ], [ 150.580871690000095, -35.009160320999968 ], [ 150.580871425000055, -35.009169330999953 ], [ 150.580761924000058, -35.009167146999971 ], [ 150.580763251000121, -35.009122099999956 ], [ 150.580752301000075, -35.009121881999931 ], [ 150.580752831000041, -35.00910386299995 ], [ 150.580730931000062, -35.009103425999967 ], [ 150.580731197000091, -35.009094416999972 ], [ 150.580720246000055, -35.009094198999946 ], [ 150.580720512000084, -35.009085188999961 ], [ 150.580709562000038, -35.009084970999936 ], [ 150.580709827000078, -35.00907596199994 ], [ 150.580698877000032, -35.009075742999983 ], [ 150.580699142000071, -35.00906673399993 ], [ 150.580677242000093, -35.009066296999947 ], [ 150.580677508000122, -35.009057287999951 ], [ 150.580622757000015, -35.00905619599996 ], [ 150.580622492000089, -35.009065204999956 ], [ 150.580611542000042, -35.009064986999931 ], [ 150.580611276000013, -35.009073995999984 ], [ 150.580600326000081, -35.009073777999959 ], [ 150.580600061000041, -35.009082786999954 ], [ 150.580589110000119, -35.009082568999929 ], [ 150.58058858000004, -35.009100586999978 ], [ 150.580577629000118, -35.009100368999952 ], [ 150.580577099000038, -35.009118387999933 ], [ 150.580566148000116, -35.009118168999976 ], [ 150.580565618000037, -35.009136187999957 ], [ 150.580554667000115, -35.009135969999932 ], [ 150.58055360600008, -35.009172006999961 ], [ 150.580542656000034, -35.009171788999936 ], [ 150.580542390000119, -35.009180797999932 ], [ 150.580520490000026, -35.009180360999949 ], [ 150.580520755000066, -35.009171351999953 ], [ 150.58050980500002, -35.009171133999985 ], [ 150.580510071000049, -35.009162123999943 ], [ 150.580499121000116, -35.009161905999974 ], [ 150.580499917000111, -35.009134877999941 ], [ 150.580478017000019, -35.009134440999958 ], [ 150.580478282000058, -35.009125431999962 ], [ 150.580467332000012, -35.009125212999948 ], [ 150.580467863000081, -35.009107193999967 ], [ 150.580456913000035, -35.009106975999941 ], [ 150.580457178000074, -35.009097966999946 ], [ 150.580446228000028, -35.009097747999931 ], [ 150.580446493000068, -35.009088738999935 ], [ 150.580424593000089, -35.009088301999952 ], [ 150.580425124000044, -35.009070282999971 ], [ 150.580414174000111, -35.009070064999946 ], [ 150.580414705000067, -35.009052045999965 ], [ 150.58040375500002, -35.00905182799994 ], [ 150.58040402000006, -35.009042818999944 ], [ 150.580393070000014, -35.00904259999993 ], [ 150.580393336000043, -35.009033590999934 ], [ 150.58033858500005, -35.009032498999943 ], [ 150.580339116000118, -35.009014479999962 ], [ 150.580328166000072, -35.009014261999937 ], [ 150.580328431000112, -35.009005251999952 ], [ 150.580306531000019, -35.009004814999969 ], [ 150.580306797000048, -35.008995805999973 ], [ 150.580295846000013, -35.008995587999948 ], [ 150.580296377000082, -35.008977568999967 ], [ 150.580285427000035, -35.008977349999952 ], [ 150.580285693000064, -35.008968340999957 ], [ 150.58025284200005, -35.008967685999949 ], [ 150.580253108000079, -35.008958675999963 ], [ 150.580242158000033, -35.008958457999938 ], [ 150.580241892000117, -35.008967466999934 ], [ 150.580209042000092, -35.008966811999983 ], [ 150.580209308000121, -35.00895780299993 ], [ 150.580198357000086, -35.008957583999972 ], [ 150.58019915400007, -35.008930555999939 ], [ 150.580155354000112, -35.008929682999963 ], [ 150.580155088000083, -35.008938691999958 ], [ 150.580133188000104, -35.008938254999975 ], [ 150.58013345300003, -35.00892924599998 ], [ 150.580100603000119, -35.008928589999982 ], [ 150.580101134000074, -35.008910571999934 ], [ 150.580090184000028, -35.008910352999976 ], [ 150.580090449000068, -35.00890134399998 ], [ 150.580079499000021, -35.008901125999955 ], [ 150.580079234000095, -35.008910134999951 ], [ 150.580068284000049, -35.008909915999936 ], [ 150.58006801800002, -35.008918925999978 ], [ 150.580057068000087, -35.008918706999964 ], [ 150.580056803000048, -35.008927716999949 ], [ 150.580045853000115, -35.008927497999935 ], [ 150.580045587000086, -35.008936507999977 ], [ 150.58003463700004, -35.008936288999962 ], [ 150.580034372000114, -35.008945298999947 ], [ 150.580012471000032, -35.008944861999964 ], [ 150.580012206000106, -35.00895387099996 ], [ 150.58000125600006, -35.008953652999935 ], [ 150.580001521000099, -35.00894464299995 ], [ 150.57997962100012, -35.008944205999967 ], [ 150.579979887000036, -35.008935196999971 ], [ 150.579990837000082, -35.008935414999939 ], [ 150.579991102000122, -35.008926405999944 ], [ 150.579969202000029, -35.008925968999961 ], [ 150.579969733000098, -35.00890794999998 ], [ 150.579980683000031, -35.008908168999938 ], [ 150.57998094900006, -35.008899159999942 ], [ 150.579991899000106, -35.008899377999967 ], [ 150.579992430000061, -35.008881358999929 ], [ 150.580003380000107, -35.008881577999944 ], [ 150.580003645000033, -35.008872567999958 ], [ 150.579981745000055, -35.008872130999976 ], [ 150.579982011000084, -35.00886312199998 ], [ 150.579971060000048, -35.008862903999955 ], [ 150.579970795000122, -35.00887191299995 ], [ 150.579959845000076, -35.008871694999982 ], [ 150.579959579000047, -35.008880703999978 ], [ 150.579948629000114, -35.008880485999953 ], [ 150.579948364000074, -35.008889494999949 ], [ 150.579959314000121, -35.008889712999974 ], [ 150.579958783000052, -35.008907731999955 ], [ 150.579925933000027, -35.008907076999947 ], [ 150.579926464000096, -35.008889057999966 ], [ 150.579915514000049, -35.008888839999941 ], [ 150.579916045000118, -35.00887082099996 ], [ 150.579894144000036, -35.008870383999977 ], [ 150.579893613000081, -35.008888402999958 ], [ 150.579882663000035, -35.008888183999943 ], [ 150.579882398000109, -35.008897193999928 ], [ 150.579893348000041, -35.008897411999953 ], [ 150.579893082000012, -35.008906420999949 ], [ 150.579914982000105, -35.008906857999932 ], [ 150.579914451000036, -35.00892487699997 ], [ 150.579903501000103, -35.008924658999945 ], [ 150.579903236000064, -35.008933667999941 ], [ 150.579870386000039, -35.008933012999933 ], [ 150.579870651000078, -35.008924002999947 ], [ 150.579859701000032, -35.008923784999979 ], [ 150.579859967000061, -35.008914774999937 ], [ 150.579849016000026, -35.008914556999969 ], [ 150.579849547000094, -35.008896537999931 ], [ 150.579838597000048, -35.008896319999963 ], [ 150.579838863000077, -35.008887309999977 ], [ 150.579827913000031, -35.008887091999952 ], [ 150.579828178000071, -35.008878082999956 ], [ 150.579817228000024, -35.008877863999942 ], [ 150.579817494000054, -35.008868854999946 ], [ 150.579795594000075, -35.008868417999963 ], [ 150.579795859000114, -35.008859407999978 ], [ 150.579806809000047, -35.008859626999936 ], [ 150.579807075000076, -35.00885061799994 ], [ 150.57979612500003, -35.008850398999982 ], [ 150.57979639000007, -35.00884138999993 ], [ 150.579774490000091, -35.008840952999947 ], [ 150.57977475600012, -35.008831942999961 ], [ 150.579741905000105, -35.008831287999953 ], [ 150.579742171000021, -35.008822278999958 ], [ 150.579731221000088, -35.008822059999943 ], [ 150.579730424000104, -35.008849087999977 ], [ 150.579719474000058, -35.008848869999952 ], [ 150.579719209000018, -35.008857878999947 ], [ 150.579686358000117, -35.008857223999939 ], [ 150.579686624000033, -35.008848213999954 ], [ 150.5796756740001, -35.008847995999929 ], [ 150.579675939000026, -35.008838986999933 ], [ 150.579664989000094, -35.008838767999976 ], [ 150.579666051000117, -35.008802730999946 ], [ 150.579655101000071, -35.008802511999932 ], [ 150.579654836000032, -35.008811521999974 ], [ 150.579632936000053, -35.008811084999934 ], [ 150.579633201000092, -35.008802074999949 ], [ 150.579622251000046, -35.00880185699998 ], [ 150.579622517000075, -35.008792847999985 ], [ 150.579611567000029, -35.00879262899997 ], [ 150.579612098000098, -35.008774609999932 ], [ 150.579590197000016, -35.008774172999949 ], [ 150.579590994000114, -35.008747144999973 ], [ 150.579580044000068, -35.008746926999947 ], [ 150.579579778000038, -35.008755935999943 ], [ 150.579514078000102, -35.008754624999938 ], [ 150.579514344000017, -35.008745615999942 ], [ 150.579525294000064, -35.008745833999967 ], [ 150.579525825000019, -35.008727815999976 ], [ 150.57950392500004, -35.008727378999936 ], [ 150.57950419000008, -35.008718368999951 ], [ 150.579471340000055, -35.008717713999943 ], [ 150.579471606000084, -35.008708704999947 ], [ 150.579449705000116, -35.008708267999964 ], [ 150.579449971000031, -35.008699257999979 ], [ 150.579439021000098, -35.008699039999954 ], [ 150.579439287000014, -35.008690029999968 ], [ 150.579406436000113, -35.00868937499996 ], [ 150.579406702000028, -35.008680365999965 ], [ 150.57938480200005, -35.008679928999982 ], [ 150.57938453600002, -35.008688937999977 ], [ 150.579373586000088, -35.008688718999963 ], [ 150.579373852000117, -35.008679709999967 ], [ 150.579341002000092, -35.008679054999959 ], [ 150.579341533000047, -35.008661035999978 ], [ 150.579330583000115, -35.008660816999964 ], [ 150.579330848000041, -35.008651807999968 ], [ 150.579319898000108, -35.008651589999943 ], [ 150.579320164000023, -35.008642579999957 ], [ 150.579298264000045, -35.008642142999975 ], [ 150.579298529000084, -35.008633133999979 ], [ 150.579254729000013, -35.008632259999956 ], [ 150.579254995000042, -35.008623249999971 ], [ 150.57924404500011, -35.008623031999946 ], [ 150.579244310000036, -35.00861402299995 ], [ 150.579233360000103, -35.008613803999935 ], [ 150.579233626000018, -35.00860479499994 ], [ 150.579222676000086, -35.008604575999982 ], [ 150.579222941000012, -35.008595566999929 ], [ 150.579211991000079, -35.008595347999972 ], [ 150.579212522000034, -35.00857732999998 ], [ 150.579201572000102, -35.008577110999965 ], [ 150.579201838000017, -35.00856810199997 ], [ 150.579190888000085, -35.008567882999955 ], [ 150.57919141900004, -35.008549864999964 ], [ 150.579202369000086, -35.008550082999932 ], [ 150.579202635000115, -35.008541073999936 ], [ 150.579191685000069, -35.008540854999978 ], [ 150.579191950000109, -35.008531845999983 ], [ 150.579181, -35.008531626999968 ], [ 150.579180469000107, -35.008549645999949 ], [ 150.579169519000061, -35.008549426999934 ], [ 150.579169253000032, -35.008558436999976 ], [ 150.579180203000078, -35.008558654999945 ], [ 150.579179938000038, -35.00856766499993 ], [ 150.579168988000106, -35.008567445999972 ], [ 150.579168722000077, -35.008576455999957 ], [ 150.579146822000098, -35.008576018999975 ], [ 150.579146556000069, -35.00858502799997 ], [ 150.579135606000023, -35.008584808999956 ], [ 150.57913640300012, -35.008557780999979 ], [ 150.579125453000074, -35.008557562999954 ], [ 150.579125719000103, -35.008548552999969 ], [ 150.579114769000057, -35.008548334999944 ], [ 150.579115300000012, -35.008530315999963 ], [ 150.579126250000058, -35.008530534999977 ], [ 150.579126781000014, -35.008512515999939 ], [ 150.579104881000035, -35.008512078999956 ], [ 150.579104084000051, -35.008539106999933 ], [ 150.579093134000118, -35.008538888999965 ], [ 150.579092869000078, -35.008547897999961 ], [ 150.579049069000121, -35.008547023999938 ], [ 150.579049600000076, -35.008529004999957 ], [ 150.57903865000003, -35.008528786999932 ], [ 150.579039446000024, -35.008501757999966 ], [ 150.579028496000092, -35.008501539999941 ], [ 150.579028762000121, -35.008492530999945 ], [ 150.579039712000053, -35.00849274899997 ], [ 150.579039978000083, -35.008483739999974 ], [ 150.579029028000036, -35.00848352099996 ], [ 150.579029559000105, -35.008465502999968 ], [ 150.579018609000059, -35.008465283999953 ], [ 150.579018874000099, -35.008456274999958 ], [ 150.579007924000052, -35.008456055999943 ], [ 150.579007659000013, -35.008465064999939 ], [ 150.578985759000034, -35.008464627999956 ], [ 150.578985228000079, -35.008482646999937 ], [ 150.57896332700011, -35.008482209999954 ], [ 150.578963062000071, -35.00849121899995 ], [ 150.578952112000024, -35.008491000999982 ], [ 150.578952377000064, -35.008481991999929 ], [ 150.578930477000085, -35.008481553999957 ], [ 150.578930743000114, -35.008472544999961 ], [ 150.578941693000047, -35.008472763999976 ], [ 150.578941959000076, -35.008463753999933 ], [ 150.57893100900003, -35.008463535999965 ], [ 150.57893127400007, -35.00845452599998 ], [ 150.578942224000116, -35.008454744999938 ], [ 150.578943287000016, -35.008418707999965 ], [ 150.578888537000012, -35.008417614999985 ], [ 150.578889865000065, -35.00837256799997 ], [ 150.578878915000018, -35.008372349999945 ], [ 150.578879180000058, -35.00836333999996 ], [ 150.578868230000012, -35.008363121999935 ], [ 150.578868496000041, -35.00835411199995 ], [ 150.578857546000108, -35.008353893999981 ], [ 150.578857280000079, -35.008362902999977 ], [ 150.578813480000122, -35.008362028999954 ], [ 150.578814543000021, -35.008325991999982 ], [ 150.578836443000114, -35.008326428999965 ], [ 150.57883670800004, -35.00831741899998 ], [ 150.578792908000082, -35.008316544999957 ], [ 150.578792643000043, -35.008325553999953 ], [ 150.578770743000064, -35.00832511699997 ], [ 150.578771540000048, -35.008298088999936 ], [ 150.578760590000115, -35.008297870999968 ], [ 150.578759793000017, -35.008324898999945 ], [ 150.578748843000085, -35.00832467999993 ], [ 150.578748577000056, -35.008333689999972 ], [ 150.57873762700001, -35.008333470999958 ], [ 150.578737361000094, -35.008342479999953 ], [ 150.578726411000048, -35.008342261999928 ], [ 150.578725083000108, -35.008387308999943 ], [ 150.578736033000041, -35.008387526999968 ], [ 150.578735768000115, -35.008396536999953 ], [ 150.578724818000069, -35.008396317999939 ], [ 150.57872455200004, -35.008405326999934 ], [ 150.578735502000086, -35.008405545999949 ], [ 150.578734705000102, -35.008432573999983 ], [ 150.578745655000034, -35.008432791999951 ], [ 150.578745390000108, -35.008441801999936 ], [ 150.578734440000062, -35.008441582999978 ], [ 150.578733377000049, -35.00847762099994 ], [ 150.578722427000116, -35.008477401999983 ], [ 150.578722161000087, -35.008486411999968 ], [ 150.578744061000066, -35.008486848999951 ], [ 150.578743530000111, -35.008504866999942 ], [ 150.578754480000043, -35.008505085999957 ], [ 150.578754215000117, -35.008514094999953 ], [ 150.578743265000071, -35.008513876999984 ], [ 150.578742999000042, -35.00852288599998 ], [ 150.578732049000109, -35.008522666999966 ], [ 150.578731252000011, -35.008549695999932 ], [ 150.578742202000058, -35.008549913999957 ], [ 150.578741139000044, -35.00858595099993 ], [ 150.578730189000112, -35.008585732999961 ], [ 150.578729393000117, -35.008612760999938 ], [ 150.578718443000071, -35.00861254199998 ], [ 150.578717380000057, -35.008648579999942 ], [ 150.578706430000011, -35.008648360999985 ], [ 150.578706164000096, -35.00865737099997 ], [ 150.578695214000049, -35.008657151999955 ], [ 150.57869494900001, -35.008666160999951 ], [ 150.578705899000056, -35.008666379999966 ], [ 150.578703774000019, -35.008738454999957 ], [ 150.578714724000065, -35.008738672999982 ], [ 150.57871419200012, -35.008756691999963 ], [ 150.578725142000053, -35.008756910999978 ], [ 150.578724877000013, -35.008765919999973 ], [ 150.57873582700006, -35.008766138999931 ], [ 150.57873556100003, -35.008775147999984 ], [ 150.578746511000077, -35.008775365999952 ], [ 150.578746246000037, -35.008784375999937 ], [ 150.578768146000016, -35.008784812999977 ], [ 150.5787678800001, -35.008793821999973 ], [ 150.578778830000033, -35.008794040999931 ], [ 150.578779096000062, -35.008785030999945 ], [ 150.578790046000108, -35.00878524999996 ], [ 150.578790843000093, -35.008758221999983 ], [ 150.578812743000071, -35.008758658999966 ], [ 150.578812212000116, -35.008776677999947 ], [ 150.578834112000095, -35.00877711499993 ], [ 150.578833846000066, -35.008786123999982 ], [ 150.578877646000024, -35.008786997999948 ], [ 150.578877381000098, -35.008796007999933 ], [ 150.57888833100003, -35.008796225999959 ], [ 150.578888065000115, -35.008805235999944 ], [ 150.578899015000047, -35.008805453999969 ], [ 150.578898484000092, -35.00882347299995 ], [ 150.578887534000046, -35.008823253999935 ], [ 150.578887268000017, -35.008832263999977 ], [ 150.578876318000084, -35.008832044999963 ], [ 150.578876053000045, -35.008841054999948 ], [ 150.578865103000112, -35.008840835999933 ], [ 150.578864040000099, -35.008876872999963 ], [ 150.578874990000031, -35.008877091999977 ], [ 150.578874725000105, -35.008886100999973 ], [ 150.578896625000084, -35.008886537999956 ], [ 150.578896359000055, -35.008895547999941 ], [ 150.578907309000101, -35.008895765999966 ], [ 150.578907044000061, -35.008904775999952 ], [ 150.578917994000108, -35.008904993999977 ], [ 150.578917462000049, -35.008923012999958 ], [ 150.578928413000085, -35.008923230999983 ], [ 150.578928147000056, -35.008932240999968 ], [ 150.578971947000014, -35.008933114999934 ], [ 150.578972213000043, -35.008924105999938 ], [ 150.579005063000068, -35.008924760999946 ], [ 150.579004001000044, -35.008960798999965 ], [ 150.57901495100009, -35.008961016999933 ], [ 150.579014420000021, -35.008979035999971 ], [ 150.579025370000068, -35.008979253999939 ], [ 150.579025104000038, -35.008988263999981 ], [ 150.579057954000064, -35.008988918999933 ], [ 150.579057689000024, -35.008997928999975 ], [ 150.57906863900007, -35.008998146999943 ], [ 150.57906890400011, -35.008989137999947 ], [ 150.579101755000011, -35.008989792999955 ], [ 150.579101489000095, -35.00899880299994 ], [ 150.579112439000028, -35.008999020999966 ], [ 150.579112174000102, -35.009008030999951 ], [ 150.579123124000034, -35.009008248999976 ], [ 150.579122858000119, -35.009017257999972 ], [ 150.579133808000051, -35.009017476999929 ], [ 150.579133543000012, -35.009026485999982 ], [ 150.579144493000058, -35.00902670499994 ], [ 150.579144227000029, -35.009035713999936 ], [ 150.579155177000075, -35.00903593299995 ], [ 150.579154912000035, -35.009044941999946 ], [ 150.579176812000014, -35.009045378999929 ], [ 150.579176546000099, -35.009054387999981 ], [ 150.579198447000067, -35.009054825999954 ], [ 150.579198712000107, -35.009045815999968 ], [ 150.579209662000039, -35.009046034999983 ], [ 150.579209928000068, -35.009037024999941 ], [ 150.579275628000119, -35.009038335999946 ], [ 150.579275363000079, -35.009047345999932 ], [ 150.579286313000011, -35.009047563999957 ], [ 150.579286047000096, -35.009056573999942 ], [ 150.579296997000029, -35.009056791999967 ], [ 150.579296732000103, -35.009065800999963 ], [ 150.579307682000035, -35.009066019999977 ], [ 150.57930715100008, -35.009084038999958 ], [ 150.579340001000105, -35.009084693999966 ], [ 150.579339736000065, -35.009093703999952 ], [ 150.579350686000112, -35.009093921999977 ], [ 150.579350420000083, -35.009102930999973 ], [ 150.579361370000015, -35.00910314999993 ], [ 150.579361105000089, -35.009112158999983 ], [ 150.579372055000022, -35.009112377999941 ], [ 150.579371524000067, -35.009130395999932 ], [ 150.579404374000092, -35.00913105199993 ], [ 150.579404108000062, -35.009140060999982 ], [ 150.579415059000098, -35.00914027999994 ], [ 150.579415324000024, -35.009131269999955 ], [ 150.579470075000017, -35.009132362999935 ], [ 150.579469809000102, -35.009141371999931 ], [ 150.579568360000053, -35.009143338999934 ], [ 150.579568095000013, -35.00915234799993 ], [ 150.579589995000106, -35.009152784999969 ], [ 150.579589729000077, -35.009161793999965 ], [ 150.579600679, -35.00916201299998 ], [ 150.579600414000083, -35.009171021999975 ], [ 150.579611364000016, -35.009171240999933 ], [ 150.5796110980001, -35.009180249999929 ], [ 150.579720600000087, -35.009182434999957 ], [ 150.579720334000058, -35.009191443999953 ], [ 150.579786035000097, -35.009192754999958 ], [ 150.579786300000023, -35.009183744999973 ], [ 150.579819151000038, -35.00918440099997 ], [ 150.579819416000078, -35.009175390999928 ], [ 150.579841317000046, -35.009175827999968 ], [ 150.579841582000086, -35.009166818999972 ], [ 150.579874432000111, -35.00916747399998 ], [ 150.579874167000071, -35.009176483999966 ], [ 150.579917967000029, -35.009177357999931 ], [ 150.579918233000058, -35.009168347999946 ], [ 150.579940133000036, -35.009168784999929 ], [ 150.579940399000066, -35.009159775999933 ], [ 150.579973249000091, -35.009160430999941 ], [ 150.579972984000051, -35.009169439999937 ], [ 150.579983934000097, -35.009169658999951 ], [ 150.579983403000028, -35.009187677999932 ], [ 150.580016253000053, -35.00918833299994 ], [ 150.580015988000014, -35.009197341999936 ], [ 150.580059788000085, -35.009198215999959 ], [ 150.580060054000114, -35.009189206999963 ], [ 150.580071004000047, -35.009189424999931 ], [ 150.580070738000018, -35.009198433999984 ], [ 150.58009263800011, -35.009198870999967 ], [ 150.58009237300007, -35.009207880999952 ], [ 150.580114273000049, -35.009208317999935 ], [ 150.58011400800001, -35.009217326999931 ], [ 150.580168758000013, -35.009218418999978 ], [ 150.580168493000087, -35.009227427999974 ], [ 150.580212293000045, -35.00922830199994 ], [ 150.580212028000119, -35.009237310999936 ], [ 150.580233928000098, -35.009237747999975 ], [ 150.580233663000058, -35.009246757999961 ], [ 150.580299364000098, -35.009248067999977 ], [ 150.580299629000024, -35.009239058999981 ], [ 150.58031057900007, -35.009239276999949 ], [ 150.58031031400003, -35.009248286999934 ], [ 150.580332214, -35.009248722999985 ], [ 150.580331949000083, -35.00925773299997 ], [ 150.580342899000016, -35.009257950999938 ], [ 150.5803426330001, -35.00926696099998 ], [ 150.580397384000094, -35.009268052999971 ], [ 150.580397118000064, -35.009277061999967 ], [ 150.5804080690001, -35.009277279999935 ], [ 150.580408600000055, -35.009259261999944 ], [ 150.580419550000101, -35.009259479999969 ], [ 150.580419815000027, -35.009250470999973 ], [ 150.58044171500012, -35.009250907999956 ], [ 150.58044145000008, -35.009259916999952 ], [ 150.580430500000034, -35.009259697999937 ], [ 150.580430234000119, -35.009268707999979 ], [ 150.580419284000072, -35.009268488999965 ], [ 150.580419019000033, -35.00927749899995 ], [ 150.580429969000079, -35.009277716999975 ], [ 150.58042943800001, -35.009295735999956 ], [ 150.580440388000056, -35.009295953999981 ], [ 150.580440123000017, -35.009304963999966 ], [ 150.580451073000063, -35.009305181999935 ], [ 150.580450807000034, -35.00931419099993 ], [ 150.580483658000048, -35.009314846999985 ], [ 150.580483392000019, -35.00932385599998 ], [ 150.580516243000034, -35.009324510999932 ], [ 150.580515977000118, -35.009333520999974 ], [ 150.580570728000112, -35.009334612999965 ], [ 150.580570994000027, -35.009325602999979 ], [ 150.580581944000073, -35.009325821999937 ], [ 150.580581678000044, -35.009334830999933 ], [ 150.58059262800009, -35.009335048999958 ], [ 150.580592363000051, -35.009344058999943 ], [ 150.580603313000097, -35.009344276999968 ], [ 150.580603048000057, -35.009353285999964 ], [ 150.580624948000036, -35.009353722999947 ], [ 150.58062468300011, -35.009362732999932 ], [ 150.580635633000043, -35.009362950999957 ], [ 150.580635367000014, -35.009371959999953 ], [ 150.580624417000081, -35.009371741999985 ], [ 150.58062468300011, -35.009362732999932 ], [ 150.580602782000028, -35.009362295999949 ], [ 150.580603048000057, -35.009353285999964 ], [ 150.580592098000011, -35.009353067999939 ], [ 150.580591832000096, -35.009362076999935 ], [ 150.580580882000049, -35.009361858999966 ], [ 150.58058061700001, -35.009370867999962 ], [ 150.580569666000088, -35.009370649999937 ], [ 150.580569932000117, -35.009361640999941 ], [ 150.580580882000049, -35.009361858999966 ], [ 150.580581147000089, -35.009352849999971 ], [ 150.580592098000011, -35.009353067999939 ], [ 150.580592363000051, -35.009344058999943 ], [ 150.580537612000057, -35.009342966999952 ], [ 150.580537081000102, -35.009360984999944 ], [ 150.580548032000024, -35.009361203999958 ], [ 150.580546439000045, -35.009415259999969 ], [ 150.580557389000091, -35.009415477999937 ], [ 150.580556858000023, -35.009433496999975 ], [ 150.580578759000105, -35.009433933999958 ], [ 150.580578493000075, -35.009442942999954 ], [ 150.580589443000122, -35.009443161999968 ], [ 150.580589709000037, -35.009434151999983 ], [ 150.580600659000083, -35.009434370999941 ], [ 150.580600393000054, -35.009443379999936 ], [ 150.58061134400009, -35.009443597999962 ], [ 150.580611874000056, -35.00942557999997 ], [ 150.580589974000077, -35.00942514299993 ], [ 150.580590505000032, -35.009407123999949 ], [ 150.580612405000011, -35.009407560999932 ], [ 150.58061267100004, -35.009398551999936 ], [ 150.580623621000086, -35.009398769999962 ], [ 150.580623355000057, -35.009407778999957 ], [ 150.580656206000072, -35.009408434999955 ], [ 150.580655675000116, -35.009426452999946 ], [ 150.580666625000049, -35.009426671999961 ], [ 150.580666891000078, -35.009417661999976 ], [ 150.580677841000011, -35.009417880999933 ], [ 150.580677575000095, -35.009426889999929 ], [ 150.580688526000017, -35.009427107999954 ], [ 150.580688260000102, -35.00943611799994 ], [ 150.580710160000081, -35.009436554999979 ], [ 150.580709099000046, -35.009472591999952 ], [ 150.580730999000025, -35.009473028999935 ], [ 150.580730734000099, -35.009482037999931 ], [ 150.580741684000031, -35.009482256999945 ], [ 150.580740888000037, -35.009509284999979 ], [ 150.580729937000115, -35.009509065999964 ], [ 150.58073020300003, -35.009500056999968 ], [ 150.580719253000098, -35.009499838999943 ], [ 150.580719518000024, -35.009490828999958 ], [ 150.580697618000045, -35.009490391999975 ], [ 150.580697883000084, -35.009481382999979 ], [ 150.580621232000112, -35.009479853999949 ], [ 150.580621763000067, -35.009461835999957 ], [ 150.580599863000089, -35.009461398999974 ], [ 150.580600128000015, -35.009452388999932 ], [ 150.580578228000036, -35.009451952999939 ], [ 150.58057796200012, -35.009460961999935 ], [ 150.580567012000074, -35.009460743999966 ], [ 150.58056568500001, -35.009505789999935 ], [ 150.580576635000057, -35.009506008999949 ], [ 150.580576370000017, -35.009515017999945 ], [ 150.580587320000063, -35.00951523699996 ], [ 150.580587054000034, -35.009524245999955 ], [ 150.58059800500007, -35.009524463999981 ], [ 150.580597739000041, -35.009533473999966 ], [ 150.580608689000087, -35.009533691999934 ], [ 150.580608424000047, -35.009542701999976 ], [ 150.580597474000115, -35.009542482999962 ], [ 150.580596677000017, -35.009569510999938 ], [ 150.580585727000084, -35.00956929299997 ], [ 150.580585462000045, -35.009578301999966 ], [ 150.580596412000091, -35.00957852099998 ], [ 150.580595881000022, -35.009596538999972 ], [ 150.580606831000068, -35.00959675799993 ], [ 150.580606035000073, -35.009623785999963 ], [ 150.58061698500012, -35.009624003999932 ], [ 150.580616454000051, -35.009642022999969 ], [ 150.580627404000097, -35.009642240999938 ], [ 150.580626874000018, -35.009660259999976 ], [ 150.580637824000064, -35.009660477999944 ], [ 150.580637558000035, -35.009669487999929 ], [ 150.580648509000071, -35.009669705999954 ], [ 150.580647978000115, -35.009687724999935 ], [ 150.580669878000094, -35.009688161999975 ], [ 150.580669613000055, -35.009697170999971 ], [ 150.580757214000073, -35.00969891799997 ], [ 150.580756949000033, -35.009707926999965 ], [ 150.58076789900008, -35.00970814599998 ], [ 150.58076763400004, -35.009717154999976 ], [ 150.580778584000086, -35.009717373999933 ], [ 150.580778318000057, -35.009726382999929 ], [ 150.580800219000025, -35.009726819999969 ], [ 150.58079995300011, -35.009735828999965 ], [ 150.580821854000078, -35.009736265999948 ], [ 150.580821588000049, -35.009745274999943 ], [ 150.580876339000042, -35.009746366999934 ], [ 150.580876870000111, -35.009728347999953 ], [ 150.580909721000012, -35.009729002999961 ], [ 150.580909455000096, -35.009738012999946 ], [ 150.580931356000065, -35.00973844899994 ], [ 150.580931090000036, -35.009747458999982 ], [ 150.580942041000071, -35.00974767699995 ] ] ] ] } },
{ "type": "Feature", "properties": { "OBJECTID": 1324, "gridcode": 6, "Shape_Length": 3.9930191899662345e-05, "Shape_Area": 9.8706538162717974e-11 }, "geometry": { "type": "MultiPolygon", "coordinates": [ [ [ [ 150.581401153000115, -35.009783874999982 ], [ 150.581401419000031, -35.00977486599993 ], [ 150.581390469000098, -35.009774647999961 ], [ 150.581390203000069, -35.009783656999957 ], [ 150.581401153000115, -35.009783874999982 ] ] ] ] } },
{ "type": "Feature", "properties": { "OBJECTID": 1327, "gridcode": 6, "Shape_Length": 5.795700458321582e-05, "Shape_Area": 1.9741859814190176e-10 }, "geometry": { "type": "MultiPolygon", "coordinates": [ [ [ [ 150.582015162000062, -35.009769071999983 ], [ 150.582014631000106, -35.009787089999975 ], [ 150.582025581000039, -35.009787308999933 ], [ 150.582026112000108, -35.009769289999952 ], [ 150.582015162000062, -35.009769071999983 ] ] ] ] } },
{ "type": "Feature", "properties": { "OBJECTID": 1342, "gridcode": 6, "Shape_Length": 0.00059509281637638433, "Shape_Area": 4.4420418276727503e-09 }, "geometry": { "type": "MultiPolygon", "coordinates": [ [ [ [ 150.581969769000011, -35.00982225499996 ], [ 150.581991670000093, -35.009822690999954 ], [ 150.581991935000019, -35.009813681999958 ], [ 150.582002885000065, -35.009813899999983 ], [ 150.582003150000105, -35.009804890999931 ], [ 150.582014101000027, -35.009805108999956 ], [ 150.582014631000106, -35.009787089999975 ], [ 150.58200368100006, -35.00978687199995 ], [ 150.58200341600002, -35.009795881999935 ], [ 150.581981515000052, -35.009795444999952 ], [ 150.581981780000092, -35.009786435999956 ], [ 150.581959880000113, -35.009785998999973 ], [ 150.581959349000044, -35.009804017999954 ], [ 150.581948399000112, -35.009803799999929 ], [ 150.581948664000038, -35.009794789999944 ], [ 150.581915814000013, -35.009794134999936 ], [ 150.581916610000121, -35.009767106999959 ], [ 150.581905659000086, -35.009766888999934 ], [ 150.581905925000115, -35.009757879999938 ], [ 150.581894975000068, -35.009757660999981 ], [ 150.581895770000074, -35.009730632999947 ], [ 150.581884820000028, -35.009730414999979 ], [ 150.581885086000057, -35.009721405999983 ], [ 150.581896036000103, -35.009721623999951 ], [ 150.581896301000029, -35.009712613999966 ], [ 150.58187440100005, -35.009712177999972 ], [ 150.581873339000026, -35.009748214999945 ], [ 150.581884290000062, -35.00974843399996 ], [ 150.581882433000033, -35.009811498999966 ], [ 150.581893383000079, -35.00981171799998 ], [ 150.581893648000118, -35.009802707999938 ], [ 150.581904598000051, -35.009802925999963 ], [ 150.581904333000011, -35.009811935999949 ], [ 150.581970034000051, -35.009813244999975 ], [ 150.581969769000011, -35.00982225499996 ] ] ] ] } },
{ "type": "Feature", "properties": { "OBJECTID": 1349, "gridcode": 6, "Shape_Length": 3.993115243641605e-05, "Shape_Area": 9.8711927302025299e-11 }, "geometry": { "type": "MultiPolygon", "coordinates": [ [ [ [ 150.58138834600004, -35.009846722999953 ], [ 150.581388611000079, -35.009837712999968 ], [ 150.581377661000033, -35.009837494999942 ], [ 150.581377396000107, -35.009846503999938 ], [ 150.58138834600004, -35.009846722999953 ] ] ] ] } },
{ "type": "Feature", "properties": { "OBJECTID": 1352, "gridcode": 6, "Shape_Length": 7.5984797194858029e-05, "Shape_Area": 2.9613600257503309e-10 }, "geometry": { "type": "MultiPolygon", "coordinates": [ [ [ [ 150.581871217000071, -35.009820289999936 ], [ 150.581870421000076, -35.009847318999959 ], [ 150.581881371000122, -35.009847536999985 ], [ 150.581882167000117, -35.009820508999951 ], [ 150.581871217000071, -35.009820289999936 ] ] ] ] } },
{ "type": "Feature", "properties": { "OBJECTID": 1357, "gridcode": 6, "Shape_Length": 3.9930132929123139e-05, "Shape_Area": 9.8706319861340731e-11 }, "geometry": { "type": "MultiPolygon", "coordinates": [ [ [ [ 150.581858675000035, -35.009874127999979 ], [ 150.581858940000075, -35.009865118999983 ], [ 150.581847990000028, -35.009864900999958 ], [ 150.581847725000102, -35.009873909999953 ], [ 150.581858675000035, -35.009874127999979 ] ] ] ] } },
{ "type": "Feature", "properties": { "OBJECTID": 1359, "gridcode": 6, "Shape_Length": 5.7957975113099927e-05, "Shape_Area": 1.9742749938591483e-10 }, "geometry": { "type": "MultiPolygon", "coordinates": [ [ [ [ 150.58185947100003, -35.009847099999945 ], [ 150.581858940000075, -35.009865118999983 ], [ 150.58186989100011, -35.009865336999951 ], [ 150.581870421000076, -35.009847318999959 ], [ 150.58185947100003, -35.009847099999945 ] ] ] ] } },
{ "type": "Feature", "properties": { "OBJECTID": 1369, "gridcode": 6, "Shape_Length": 3.9930132984810534e-05, "Shape_Area": 9.870632016502669e-11 }, "geometry": { "type": "MultiPolygon", "coordinates": [ [ [ [ 150.581376069000044, -35.009891550999953 ], [ 150.581376334000083, -35.009882541999957 ], [ 150.581365384000037, -35.009882323999932 ], [ 150.581365119000111, -35.009891332999985 ], [ 150.581376069000044, -35.009891550999953 ] ] ] ] } },
{ "type": "Feature", "properties": { "OBJECTID": 1371, "gridcode": 6, "Shape_Length": 3.9932181798914508e-05, "Shape_Area": 9.8716541777786643e-11 }, "geometry": { "type": "MultiPolygon", "coordinates": [ [ [ [ 150.581835979000061, -35.009900719999962 ], [ 150.581836244000101, -35.009891710999966 ], [ 150.581825294000055, -35.009891491999952 ], [ 150.581825028000026, -35.009900501999937 ], [ 150.581835979000061, -35.009900719999962 ] ] ] ] } },
{ "type": "Feature", "properties": { "OBJECTID": 1373, "gridcode": 6, "Shape_Length": 5.795798424649381e-05, "Shape_Area": 1.9742380791310757e-10 }, "geometry": { "type": "MultiPolygon", "coordinates": [ [ [ [ 150.581836775000056, -35.009873691999928 ], [ 150.581836244000101, -35.009891710999966 ], [ 150.581847194000034, -35.009891928999934 ], [ 150.581847725000102, -35.009873909999953 ], [ 150.581836775000056, -35.009873691999928 ] ] ] ] } },
{ "type": "Feature", "properties": { "OBJECTID": 1374, "gridcode": 6, "Shape_Length": 0.00028339582054688042, "Shape_Area": 3.8497443419659778e-09 }, "geometry": { "type": "MultiPolygon", "coordinates": [ [ [ [ 150.579470730000025, -35.009853547999967 ], [ 150.579536432000054, -35.009854858999972 ], [ 150.579536697000094, -35.009845849999977 ], [ 150.579547647000027, -35.009846068999934 ], [ 150.579548444000011, -35.009819039999968 ], [ 150.579537494000078, -35.009818821999943 ], [ 150.579537759000118, -35.009809812999947 ], [ 150.579526809000072, -35.009809593999933 ], [ 150.579527075000101, -35.009800584999937 ], [ 150.57948327400004, -35.009799710999971 ], [ 150.579483008000011, -35.009808719999967 ], [ 150.579472058000079, -35.009808501999942 ], [ 150.57947152700001, -35.009826519999933 ], [ 150.579460577000077, -35.009826301999965 ], [ 150.579460046000122, -35.009844320999946 ], [ 150.579470996000055, -35.009844538999971 ], [ 150.579470730000025, -35.009853547999967 ] ] ] ] } },
{ "type": "Feature", "properties": { "OBJECTID": 1376, "gridcode": 6, "Shape_Length": 3.9931152434147954e-05, "Shape_Area": 9.8711927286961784e-11 }, "geometry": { "type": "MultiPolygon", "coordinates": [ [ [ [ 150.5818247630001, -35.009909510999933 ], [ 150.581825028000026, -35.009900501999937 ], [ 150.581814078000093, -35.009900282999979 ], [ 150.581813813000053, -35.009909292999964 ], [ 150.5818247630001, -35.009909510999933 ] ] ] ] } },
{ "type": "Feature", "properties": { "OBJECTID": 1379, "gridcode": 6, "Shape_Length": 3.9932181681907748e-05, "Shape_Area": 9.8716541253235563e-11 }, "geometry": { "type": "MultiPolygon", "coordinates": [ [ [ [ 150.57909789200005, -35.009864137999955 ], [ 150.579098158000079, -35.00985512799997 ], [ 150.579087207000043, -35.009854909999945 ], [ 150.579086942000117, -35.00986391899994 ], [ 150.57909789200005, -35.009864137999955 ] ] ] ] } },
{ "type": "Feature", "properties": { "OBJECTID": 1382, "gridcode": 6, "Shape_Length": 3.9932181571586085e-05, "Shape_Area": 9.871654075352508e-11 }, "geometry": { "type": "MultiPolygon", "coordinates": [ [ [ [ 150.581813548000014, -35.00991830199996 ], [ 150.581813813000053, -35.009909292999964 ], [ 150.581802863000121, -35.00990907399995 ], [ 150.581802597000092, -35.009918083999935 ], [ 150.581813548000014, -35.00991830199996 ] ] ] ] } },
{ "type": "Feature", "properties": { "OBJECTID": 1386, "gridcode": 6, "Shape_Length": 3.9931211348001499e-05, "Shape_Area": 9.8712145799734429e-11 }, "geometry": { "type": "MultiPolygon", "coordinates": [ [ [ [ 150.579458983000109, -35.009880357999975 ], [ 150.579459249000024, -35.00987134899998 ], [ 150.579448299000092, -35.009871129999965 ], [ 150.579448033000062, -35.00988013999995 ], [ 150.579458983000109, -35.009880357999975 ] ] ] ] } },
{ "type": "Feature", "properties": { "OBJECTID": 1388, "gridcode": 6, "Shape_Length": 3.9930132926860232e-05, "Shape_Area": 9.8706319846277216e-11 }, "geometry": { "type": "MultiPolygon", "coordinates": [ [ [ [ 150.581802332000052, -35.009927092999931 ], [ 150.581802597000092, -35.009918083999935 ], [ 150.581791647000045, -35.009917865999967 ], [ 150.581791382000119, -35.009926874999962 ], [ 150.581802332000052, -35.009927092999931 ] ] ] ] } },
{ "type": "Feature", "properties": { "OBJECTID": 1394, "gridcode": 6, "Shape_Length": 3.993218168335343e-05, "Shape_Area": 9.8716541253235563e-11 }, "geometry": { "type": "MultiPolygon", "coordinates": [ [ [ [ 150.57952388800004, -35.009908696999958 ], [ 150.579524154000069, -35.009899687999962 ], [ 150.579513203000033, -35.009899468999947 ], [ 150.579512938000107, -35.009908478999932 ], [ 150.57952388800004, -35.009908696999958 ] ] ] ] } },
{ "type": "Feature", "properties": { "OBJECTID": 1399, "gridcode": 6, "Shape_Length": 5.7957004585483917e-05, "Shape_Area": 1.974185981720856e-10 }, "geometry": { "type": "MultiPolygon", "coordinates": [ [ [ [ 150.581780432000073, -35.009926656999937 ], [ 150.581779901000118, -35.009944674999929 ], [ 150.581790851000051, -35.009944893999943 ], [ 150.581791382000119, -35.009926874999962 ], [ 150.581780432000073, -35.009926656999937 ] ] ] ] } },
{ "type": "Feature", "properties": { "OBJECTID": 1403, "gridcode": 6, "Shape_Length": 3.9931211462752766e-05, "Shape_Area": 9.8712146309165138e-11 }, "geometry": { "type": "MultiPolygon", "coordinates": [ [ [ [ 150.579523091000056, -35.009935724999934 ], [ 150.579523357000085, -35.009926715999939 ], [ 150.579512407000038, -35.009926496999981 ], [ 150.579512141, -35.009935506999966 ], [ 150.579523091000056, -35.009935724999934 ] ] ] ] } },
{ "type": "Feature", "properties": { "OBJECTID": 1404, "gridcode": 6, "Shape_Length": 7.5983777520384862e-05, "Shape_Area": 2.9613012777930838e-10 }, "geometry": { "type": "MultiPolygon", "coordinates": [ [ [ [ 150.581768951000072, -35.00994445699996 ], [ 150.581768155000077, -35.009971484999937 ], [ 150.58177910500001, -35.009971702999962 ], [ 150.581779901000118, -35.009944674999929 ], [ 150.581768951000072, -35.00994445699996 ] ] ] ] } },
{ "type": "Feature", "properties": { "OBJECTID": 1405, "gridcode": 6, "Shape_Length": 3.993120219338162e-05, "Shape_Area": 9.8711199334282441e-11 }, "geometry": { "type": "MultiPolygon", "coordinates": [ [ [ [ 150.579533776000062, -35.009944952999945 ], [ 150.579534042000091, -35.009935943999949 ], [ 150.579523091000056, -35.009935724999934 ], [ 150.579522826000016, -35.00994473399993 ], [ 150.579533776000062, -35.009944952999945 ] ] ] ] } },
{ "type": "Feature", "properties": { "OBJECTID": 1408, "gridcode": 6, "Shape_Length": 5.7958954720054556e-05, "Shape_Area": 1.9743270933085727e-10 }, "geometry": { "type": "MultiPolygon", "coordinates": [ [ [ [ 150.581757204000041, -35.009971266999969 ], [ 150.581756674000076, -35.00998928599995 ], [ 150.581767624000122, -35.009989503999975 ], [ 150.581768155000077, -35.009971484999937 ], [ 150.581757204000041, -35.009971266999969 ] ] ] ] } },
{ "type": "Feature", "properties": { "OBJECTID": 1410, "gridcode": 6, "Shape_Length": 0.0001636042844221136, "Shape_Area": 9.8712088169151465e-10 }, "geometry": { "type": "MultiPolygon", "coordinates": [ [ [ [ 150.579588262000016, -35.009955054999978 ], [ 150.579610162000108, -35.00995549199996 ], [ 150.579610428000024, -35.009946481999975 ], [ 150.57962137800007, -35.009946700999933 ], [ 150.57962164300011, -35.009937690999948 ], [ 150.579610693000063, -35.009937472999979 ], [ 150.579610959000092, -35.009928463999984 ], [ 150.579578108000078, -35.009927807999929 ], [ 150.579577842000049, -35.009936817999971 ], [ 150.579566892000116, -35.009936598999957 ], [ 150.579566627000077, -35.009945607999953 ], [ 150.579588527000055, -35.009946044999936 ], [ 150.579588262000016, -35.009955054999978 ] ] ] ] } },
{ "type": "Feature", "properties": { "OBJECTID": 1413, "gridcode": 6, "Shape_Length": 0.00081414276678030203, "Shape_Area": 1.4609478658997687e-08 }, "geometry": { "type": "MultiPolygon", "coordinates": [ [ [ [ 150.579785100000095, -35.009967996999933 ], [ 150.579784835000055, -35.009977005999929 ], [ 150.579795785000101, -35.009977223999954 ], [ 150.579796050000027, -35.009968214999958 ], [ 150.579807001000063, -35.009968433999973 ], [ 150.579808063000087, -35.009932395999954 ], [ 150.579786162000119, -35.009931958999971 ], [ 150.579786428000034, -35.009922949999975 ], [ 150.57975357700002, -35.009922293999978 ], [ 150.579754108000088, -35.009904275999929 ], [ 150.579732208000109, -35.009903838999946 ], [ 150.579732473000035, -35.009894828999961 ], [ 150.579688672000088, -35.009893955999985 ], [ 150.579688938000118, -35.009884945999943 ], [ 150.579677988000071, -35.009884727999975 ], [ 150.579678253000111, -35.009875717999932 ], [ 150.579623502000118, -35.009874625999942 ], [ 150.579624033000073, -35.009856606999961 ], [ 150.579613083000027, -35.009856388999935 ], [ 150.579613349000056, -35.00984737899995 ], [ 150.57960239800002, -35.009847160999982 ], [ 150.579602664000049, -35.009838151999929 ], [ 150.579569813000035, -35.009837495999932 ], [ 150.579569548000109, -35.009846505999974 ], [ 150.579558598000062, -35.009846286999959 ], [ 150.579558066000118, -35.00986430599994 ], [ 150.57956901700004, -35.009864523999966 ], [ 150.579568486000085, -35.009882542999947 ], [ 150.579557535000049, -35.009882323999932 ], [ 150.57955727, -35.009891333999974 ], [ 150.57960107100007, -35.00989220799994 ], [ 150.579600805000041, -35.009901216999936 ], [ 150.579611755000087, -35.00990143599995 ], [ 150.579611490000048, -35.009910444999946 ], [ 150.579633390000026, -35.009910881999929 ], [ 150.5796331250001, -35.009919890999981 ], [ 150.579644075000033, -35.009920109999939 ], [ 150.579643013, -35.009956146999968 ], [ 150.579653963000055, -35.009956365999983 ], [ 150.579653697000026, -35.009965374999979 ], [ 150.579697498000087, -35.009966248999945 ], [ 150.579697764000116, -35.009957239999949 ], [ 150.579719664000095, -35.009957675999942 ], [ 150.579719399000055, -35.009966685999984 ], [ 150.579785100000095, -35.009967996999933 ] ] ] ] } },
{ "type": "Feature", "properties": { "OBJECTID": 1414, "gridcode": 6, "Shape_Length": 7.9863393227241111e-05, "Shape_Area": 2.96139621060755e-10 }, "geometry": { "type": "MultiPolygon", "coordinates": [ [ [ [ 150.57991623700002, -35.00997962799994 ], [ 150.579938138000102, -35.009980063999933 ], [ 150.579938669000057, -35.009962045999941 ], [ 150.579927719000011, -35.009961826999984 ], [ 150.579927453000096, -35.009970836999969 ], [ 150.579916503000049, -35.009970617999954 ], [ 150.57991623700002, -35.00997962799994 ] ] ] ] } },
{ "type": "Feature", "properties": { "OBJECTID": 1421, "gridcode": 6, "Shape_Length": 0.00010176773270983565, "Shape_Area": 4.935492334630332e-10 }, "geometry": { "type": "MultiPolygon", "coordinates": [ [ [ [ 150.579805939000039, -35.010004470999945 ], [ 150.579838789000064, -35.010005125999953 ], [ 150.579839055000093, -35.009996116999957 ], [ 150.579828104000057, -35.009995898999932 ], [ 150.579828370000087, -35.009986888999947 ], [ 150.579806470000108, -35.009986451999964 ], [ 150.579805939000039, -35.010004470999945 ] ] ] ] } },
{ "type": "Feature", "properties": { "OBJECTID": 1431, "gridcode": 6, "Shape_Length": 5.795798424649381e-05, "Shape_Area": 1.9742380791310757e-10 }, "geometry": { "type": "MultiPolygon", "coordinates": [ [ [ [ 150.580242355000109, -35.010067264999975 ], [ 150.580241824000041, -35.010085283999956 ], [ 150.580252774000087, -35.010085501999981 ], [ 150.580253305000042, -35.010067482999943 ], [ 150.580242355000109, -35.010067264999975 ] ] ] ] } },
{ "type": "Feature", "properties": { "OBJECTID": 1433, "gridcode": 6, "Shape_Length": 5.7958024146803118e-05, "Shape_Area": 1.97424338907504e-10 }, "geometry": { "type": "MultiPolygon", "coordinates": [ [ [ [ 150.58127167900011, -35.010087791999979 ], [ 150.581271148000042, -35.01010581099996 ], [ 150.581282098000088, -35.010106029999974 ], [ 150.581282629000043, -35.010088010999937 ], [ 150.58127167900011, -35.010087791999979 ] ] ] ] } },
{ "type": "Feature", "properties": { "OBJECTID": 1434, "gridcode": 6, "Shape_Length": 3.9931162292625547e-05, "Shape_Area": 9.8710933821963872e-11 }, "geometry": { "type": "MultiPolygon", "coordinates": [ [ [ [ 150.580241293000086, -35.010103301999948 ], [ 150.580241559000115, -35.010094292999952 ], [ 150.580230608000079, -35.010094074999984 ], [ 150.580230343000039, -35.010103083999979 ], [ 150.580241293000086, -35.010103301999948 ] ] ] ] } },
{ "type": "Feature", "properties": { "OBJECTID": 1435, "gridcode": 6, "Shape_Length": 3.9930191733666086e-05, "Shape_Area": 9.870653735934994e-11 }, "geometry": { "type": "MultiPolygon", "coordinates": [ [ [ [ 150.581281567000019, -35.010124047999966 ], [ 150.581281833000048, -35.01011503899997 ], [ 150.581270883000116, -35.010114820999945 ], [ 150.581270617000087, -35.010123829999941 ], [ 150.581281567000019, -35.010124047999966 ] ] ] ] } },
{ "type": "Feature", "properties": { "OBJECTID": 1437, "gridcode": 6, "Shape_Length": 0.00045727784155492039, "Shape_Area": 4.5407666145245487e-09 }, "geometry": { "type": "MultiPolygon", "coordinates": [ [ [ [ 150.579847084000107, -35.010095437999951 ], [ 150.579868985000076, -35.010095874999934 ], [ 150.579869250000115, -35.010086865999938 ], [ 150.579913051000062, -35.01008773999996 ], [ 150.579913317000091, -35.010078729999975 ], [ 150.57993521700007, -35.010079166999958 ], [ 150.579936279000094, -35.010043129999929 ], [ 150.579947230000016, -35.010043347999954 ], [ 150.579948026000011, -35.010016319999977 ], [ 150.579926126000032, -35.010015882999937 ], [ 150.579925860000117, -35.010024892999979 ], [ 150.57991491000007, -35.010024673999965 ], [ 150.579914644000041, -35.01003368399995 ], [ 150.579925595000077, -35.010033901999975 ], [ 150.579925064000122, -35.010051920999956 ], [ 150.579914113000086, -35.010051701999942 ], [ 150.579913848000047, -35.010060711999984 ], [ 150.579891947000078, -35.010060274999944 ], [ 150.579892213000107, -35.010051264999959 ], [ 150.579881263000061, -35.010051046999934 ], [ 150.579881528000101, -35.010042037999938 ], [ 150.579870578000055, -35.01004181899998 ], [ 150.579870843000094, -35.010032809999984 ], [ 150.579859893000048, -35.01003259099997 ], [ 150.579859628000122, -35.010041600999955 ], [ 150.579848677000086, -35.01004138199994 ], [ 150.579848412000047, -35.010050391999982 ], [ 150.579837462000114, -35.010050172999968 ], [ 150.579836399000101, -35.01008621099993 ], [ 150.579847350000023, -35.010086428999955 ], [ 150.579847084000107, -35.010095437999951 ] ] ] ] } },
{ "type": "Feature", "properties": { "OBJECTID": 1450, "gridcode": 6, "Shape_Length": 7.5985817110021475e-05, "Shape_Area": 2.9615795300903053e-10 }, "geometry": { "type": "MultiPolygon", "coordinates": [ [ [ [ 150.581336849000081, -35.010107120999976 ], [ 150.581336053000086, -35.010134148999953 ], [ 150.581347004000122, -35.010134367999967 ], [ 150.581347800000117, -35.010107339999934 ], [ 150.581336849000081, -35.010107120999976 ] ] ] ] } },
{ "type": "Feature", "properties": { "OBJECTID": 1458, "gridcode": 6, "Shape_Length": 6.1837540784896394e-05, "Shape_Area": 1.9743952794804756e-10 }, "geometry": { "type": "MultiPolygon", "coordinates": [ [ [ [ 150.580064496000091, -35.01015386399996 ], [ 150.580086397000059, -35.010154300999943 ], [ 150.580086662000099, -35.010145290999958 ], [ 150.58006476200012, -35.010144853999975 ], [ 150.580064496000091, -35.01015386399996 ] ] ] ] } },
{ "type": "Feature", "properties": { "OBJECTID": 1461, "gridcode": 6, "Shape_Length": 3.9932181571586085e-05, "Shape_Area": 9.871654075352508e-11 }, "geometry": { "type": "MultiPolygon", "coordinates": [ [ [ [ 150.579976363000014, -35.010170134999953 ], [ 150.579976629000043, -35.010161124999968 ], [ 150.579965678000121, -35.010160906999943 ], [ 150.579965413000082, -35.010169915999938 ], [ 150.579976363000014, -35.010170134999953 ] ] ] ] } },
{ "type": "Feature", "properties": { "OBJECTID": 1463, "gridcode": 6, "Shape_Length": 3.9932181681085442e-05, "Shape_Area": 9.871654123814364e-11 }, "geometry": { "type": "MultiPolygon", "coordinates": [ [ [ [ 150.581268494000028, -35.010195904999932 ], [ 150.581268760000057, -35.010186895999936 ], [ 150.581257809000022, -35.010186676999979 ], [ 150.581257544000096, -35.010195686999964 ], [ 150.581268494000028, -35.010195904999932 ] ] ] ] } },
{ "type": "Feature", "properties": { "OBJECTID": 1470, "gridcode": 6, "Shape_Length": 5.7958954609732702e-05, "Shape_Area": 1.9743270831898757e-10 }, "geometry": { "type": "MultiPolygon", "coordinates": [ [ [ [ 150.581323511000051, -35.010187986999938 ], [ 150.581322980000095, -35.010206005999976 ], [ 150.581333931000017, -35.010206223999944 ], [ 150.581334461000097, -35.010188204999963 ], [ 150.581323511000051, -35.010187986999938 ] ] ] ] } },
{ "type": "Feature", "properties": { "OBJECTID": 1471, "gridcode": 6, "Shape_Length": 3.9931211237692446e-05, "Shape_Area": 9.8712145300023932e-11 }, "geometry": { "type": "MultiPolygon", "coordinates": [ [ [ [ 150.580172671000014, -35.010201094999957 ], [ 150.580172937000043, -35.010192084999971 ], [ 150.58016198700011, -35.010191866999946 ], [ 150.580161721000081, -35.010200875999942 ], [ 150.580172671000014, -35.010201094999957 ] ] ] ] } },
{ "type": "Feature", "properties": { "OBJECTID": 1479, "gridcode": 6, "Shape_Length": 0.0012816844269554911, "Shape_Area": 1.7472176152510845e-08 }, "geometry": { "type": "MultiPolygon", "coordinates": [ [ [ [ 150.580095223000058, -35.01022659399996 ], [ 150.580094957000028, -35.010235602999956 ], [ 150.580105908000064, -35.01023582199997 ], [ 150.580106439000019, -35.010217802999932 ], [ 150.580117389000065, -35.010218020999957 ], [ 150.580117654000105, -35.010209011999962 ], [ 150.58015050500012, -35.01020966699997 ], [ 150.580151833000059, -35.010164619999955 ], [ 150.580140882000023, -35.01016440199993 ], [ 150.580141413000092, -35.010146382999949 ], [ 150.580130463000046, -35.010146164999981 ], [ 150.580130994000115, -35.010128145999943 ], [ 150.580141944000047, -35.010128364999957 ], [ 150.580142210000076, -35.010119354999972 ], [ 150.58015316, -35.01011957399993 ], [ 150.580152895000083, -35.010128582999982 ], [ 150.580174795000062, -35.010129019999965 ], [ 150.580174530000022, -35.010138028999961 ], [ 150.580185480000068, -35.010138247999976 ], [ 150.580185214000039, -35.010147256999971 ], [ 150.580196165000075, -35.01014747499994 ], [ 150.580195899000046, -35.010156484999982 ], [ 150.580217800000014, -35.010156921999965 ], [ 150.580218862000038, -35.010120883999946 ], [ 150.580207911000116, -35.010120665999978 ], [ 150.580208442000071, -35.01010264699994 ], [ 150.580197492000025, -35.010102428999971 ], [ 150.580197758000054, -35.010093418999929 ], [ 150.580164907000039, -35.010092763999978 ], [ 150.580165438000108, -35.01007474499994 ], [ 150.580154488000062, -35.010074526999972 ], [ 150.580155019000017, -35.010056507999934 ], [ 150.580165969000063, -35.010056726999949 ], [ 150.580166765000058, -35.010029697999983 ], [ 150.580101064000019, -35.010028387999967 ], [ 150.580101329000058, -35.010019378999971 ], [ 150.580090379000012, -35.010019159999956 ], [ 150.580090645000041, -35.01001015099996 ], [ 150.580003043000033, -35.010008402999972 ], [ 150.580002777000118, -35.010017412999957 ], [ 150.579991827000072, -35.010017193999943 ], [ 150.579991296000117, -35.010035212999981 ], [ 150.580013196000095, -35.010035649999963 ], [ 150.580012665000027, -35.010053667999955 ], [ 150.580034566000108, -35.010054104999938 ], [ 150.58003403500004, -35.010072123999976 ], [ 150.580044985000086, -35.010072341999944 ], [ 150.580045251000115, -35.010063332999948 ], [ 150.580078101000026, -35.010063987999956 ], [ 150.580078367000056, -35.01005497899996 ], [ 150.580100267000034, -35.010055415999943 ], [ 150.580100002000108, -35.010064424999939 ], [ 150.580110952000041, -35.010064643999954 ], [ 150.580110421000086, -35.010082661999945 ], [ 150.58009947100004, -35.010082443999977 ], [ 150.580098674000055, -35.010109471999954 ], [ 150.580109625000091, -35.010109690999968 ], [ 150.580109094000022, -35.01012770899996 ], [ 150.580120044000068, -35.010127927999974 ], [ 150.580119513000113, -35.010145945999966 ], [ 150.580108563000067, -35.010145727999941 ], [ 150.580108032000112, -35.010163746999979 ], [ 150.580097081000076, -35.010163527999964 ], [ 150.580096550000121, -35.010181546999945 ], [ 150.580118451000089, -35.010181983999985 ], [ 150.580117920000021, -35.010200002999966 ], [ 150.580063169000027, -35.010198909999929 ], [ 150.580062903000112, -35.010207919999971 ], [ 150.580051953000066, -35.010207700999956 ], [ 150.580051422000111, -35.010225719999937 ], [ 150.580095223000058, -35.01022659399996 ] ] ] ] } },
{ "type": "Feature", "properties": { "OBJECTID": 1480, "gridcode": 6, "Shape_Length": 0.0001378203386903401, "Shape_Area": 8.8839517398603122e-10 }, "geometry": { "type": "MultiPolygon", "coordinates": [ [ [ [ 150.580193510000072, -35.010237568999969 ], [ 150.580215410000051, -35.010238005999952 ], [ 150.58021594100012, -35.010219986999971 ], [ 150.580226892000042, -35.010220205999929 ], [ 150.580227157000081, -35.010211195999943 ], [ 150.580216207000035, -35.010210977999975 ], [ 150.580216472000075, -35.010201968999979 ], [ 150.580194572000096, -35.01020153199994 ], [ 150.580193510000072, -35.010237568999969 ] ] ] ] } },
{ "type": "Feature", "properties": { "OBJECTID": 1482, "gridcode": 6, "Shape_Length": 3.9932181854601822e-05, "Shape_Area": 9.8716542081472602e-11 }, "geometry": { "type": "MultiPolygon", "coordinates": [ [ [ [ 150.580368449000048, -35.010250072999952 ], [ 150.580368714000087, -35.010241063999956 ], [ 150.580357764000041, -35.010240844999942 ], [ 150.580357498000012, -35.010249854999984 ], [ 150.580368449000048, -35.010250072999952 ] ] ] ] } },
{ "type": "Feature", "properties": { "OBJECTID": 1492, "gridcode": 6, "Shape_Length": 5.795798424649381e-05, "Shape_Area": 1.9742380791310757e-10 }, "geometry": { "type": "MultiPolygon", "coordinates": [ [ [ [ 150.58131043800006, -35.010259843999961 ], [ 150.581309907000104, -35.010277862999942 ], [ 150.581320857000037, -35.010278080999967 ], [ 150.581321388000106, -35.010260061999929 ], [ 150.58131043800006, -35.010259843999961 ] ] ] ] } },
{ "type": "Feature", "properties": { "OBJECTID": 1497, "gridcode": 6, "Shape_Length": 3.9931162177881389e-05, "Shape_Area": 9.8710933312561571e-11 }, "geometry": { "type": "MultiPolygon", "coordinates": [ [ [ [ 150.58124367500011, -35.010294570999974 ], [ 150.581243940000036, -35.010285561999979 ], [ 150.581232990000103, -35.010285343999954 ], [ 150.581232724000074, -35.010294352999949 ], [ 150.58124367500011, -35.010294570999974 ] ] ] ] } },
{ "type": "Feature", "properties": { "OBJECTID": 1502, "gridcode": 6, "Shape_Length": 3.9930132926860239e-05, "Shape_Area": 9.8706319846277216e-11 }, "geometry": { "type": "MultiPolygon", "coordinates": [ [ [ [ 150.580706580000083, -35.010301889999937 ], [ 150.580706845, -35.010292880999941 ], [ 150.580695895000076, -35.010292662999973 ], [ 150.580695630000037, -35.010301671999969 ], [ 150.580706580000083, -35.010301889999937 ] ] ] ] } },
{ "type": "Feature", "properties": { "OBJECTID": 1509, "gridcode": 6, "Shape_Length": 5.7957975057412525e-05, "Shape_Area": 1.9742749908976062e-10 }, "geometry": { "type": "MultiPolygon", "coordinates": [ [ [ [ 150.581297895000034, -35.010313681999946 ], [ 150.581297365000069, -35.010331699999938 ], [ 150.581308315000115, -35.010331918999952 ], [ 150.58130884600007, -35.010313899999971 ], [ 150.581297895000034, -35.010313681999946 ] ] ] ] } },
{ "type": "Feature", "properties": { "OBJECTID": 1511, "gridcode": 6, "Shape_Length": 3.9931211348001506e-05, "Shape_Area": 9.8712145799734429e-11 }, "geometry": { "type": "MultiPolygon", "coordinates": [ [ [ [ 150.580672667000044, -35.010337272999948 ], [ 150.580672933000073, -35.010328262999963 ], [ 150.580661983000027, -35.010328044999937 ], [ 150.580661717000112, -35.010337053999933 ], [ 150.580672667000044, -35.010337272999948 ] ] ] ] } },
{ "type": "Feature", "properties": { "OBJECTID": 1515, "gridcode": 6, "Shape_Length": 3.9931162177881375e-05, "Shape_Area": 9.8710933312561571e-11 }, "geometry": { "type": "MultiPolygon", "coordinates": [ [ [ [ 150.580683352000051, -35.010346499999969 ], [ 150.58068361800008, -35.010337490999973 ], [ 150.580672667000044, -35.010337272999948 ], [ 150.580672402000118, -35.010346281999944 ], [ 150.580683352000051, -35.010346499999969 ] ] ] ] } },
{ "type": "Feature", "properties": { "OBJECTID": 1525, "gridcode": 6, "Shape_Length": 5.795798424649381e-05, "Shape_Area": 1.9742380791310757e-10 }, "geometry": { "type": "MultiPolygon", "coordinates": [ [ [ [ 150.581220182000038, -35.010348190999935 ], [ 150.581219651000083, -35.010366209999972 ], [ 150.581230601000016, -35.010366427999941 ], [ 150.581231132000084, -35.01034840899996 ], [ 150.581220182000038, -35.010348190999935 ] ] ] ] } },
{ "type": "Feature", "properties": { "OBJECTID": 1540, "gridcode": 6, "Shape_Length": 5.7957004641166006e-05, "Shape_Area": 1.974185984682114e-10 }, "geometry": { "type": "MultiPolygon", "coordinates": [ [ [ [ 150.581285353000112, -35.010367519999932 ], [ 150.581284822000043, -35.01038553799998 ], [ 150.58129577200009, -35.010385756999938 ], [ 150.581296303000045, -35.010367737999957 ], [ 150.581285353000112, -35.010367519999932 ] ] ] ] } },
{ "type": "Feature", "properties": { "OBJECTID": 1545, "gridcode": 6, "Shape_Length": 3.9931162175618577e-05, "Shape_Area": 9.8710933297469648e-11 }, "geometry": { "type": "MultiPolygon", "coordinates": [ [ [ [ 150.581218324000019, -35.010411255999941 ], [ 150.581218590000049, -35.010402246999945 ], [ 150.581207639000013, -35.010402028999977 ], [ 150.581207374000087, -35.010411037999972 ], [ 150.581218324000019, -35.010411255999941 ] ] ] ] } },
{ "type": "Feature", "properties": { "OBJECTID": 1564, "gridcode": 6, "Shape_Length": 5.7957974944639988e-05, "Shape_Area": 1.9742749804779232e-10 }, "geometry": { "type": "MultiPolygon", "coordinates": [ [ [ [ 150.581272810000087, -35.010421356999984 ], [ 150.581272280000121, -35.010439375999965 ], [ 150.581283230000054, -35.010439593999934 ], [ 150.581283761000122, -35.010421575999942 ], [ 150.581272810000087, -35.010421356999984 ] ] ] ] } },
{ "type": "Feature", "properties": { "OBJECTID": 1568, "gridcode": 6, "Shape_Length": 7.5983777575015099e-05, "Shape_Area": 2.9613012901468639e-10 }, "geometry": { "type": "MultiPolygon", "coordinates": [ [ [ [ 150.581206843000018, -35.010429056999953 ], [ 150.581206047000023, -35.01045608499993 ], [ 150.58121699700007, -35.010456302999955 ], [ 150.581217793000064, -35.010429274999979 ], [ 150.581206843000018, -35.010429056999953 ] ] ] ] } },
{ "type": "Feature", "properties": { "OBJECTID": 1579, "gridcode": 6, "Shape_Length": 5.7958954609738997e-05, "Shape_Area": 1.9743270831898757e-10 }, "geometry": { "type": "MultiPolygon", "coordinates": [ [ [ [ 150.581260533000091, -35.010466185999974 ], [ 150.581260002000022, -35.010484204999955 ], [ 150.581270953000057, -35.01048442299998 ], [ 150.581271483000023, -35.010466403999942 ], [ 150.581260533000091, -35.010466185999974 ] ] ] ] } },
{ "type": "Feature", "properties": { "OBJECTID": 1583, "gridcode": 6, "Shape_Length": 5.7957004695799252e-05, "Shape_Area": 1.9741859918389846e-10 }, "geometry": { "type": "MultiPolygon", "coordinates": [ [ [ [ 150.581194566000022, -35.010473884999953 ], [ 150.581194035000067, -35.010491903999934 ], [ 150.581204985000113, -35.01049212199996 ], [ 150.581205516000068, -35.010474103999968 ], [ 150.581194566000022, -35.010473884999953 ] ] ] ] } },
{ "type": "Feature", "properties": { "OBJECTID": 1591, "gridcode": 6, "Shape_Length": 3.9931152553422817e-05, "Shape_Area": 9.8711927826576352e-11 }, "geometry": { "type": "MultiPolygon", "coordinates": [ [ [ [ 150.581193239000072, -35.010518931999968 ], [ 150.581193504000112, -35.010509922999972 ], [ 150.581182554000065, -35.010509703999958 ], [ 150.581182289000026, -35.010518713999943 ], [ 150.581193239000072, -35.010518931999968 ] ] ] ] } },
{ "type": "Feature", "properties": { "OBJECTID": 1602, "gridcode": 6, "Shape_Length": 3.9933161344561116e-05, "Shape_Area": 9.8721884000425738e-11 }, "geometry": { "type": "MultiPolygon", "coordinates": [ [ [ [ 150.581192708000117, -35.010536950999949 ], [ 150.581192974000032, -35.010527940999964 ], [ 150.58118202300011, -35.010527722999939 ], [ 150.581181758000071, -35.010536732999981 ], [ 150.581192708000117, -35.010536950999949 ] ] ] ] } },
{ "type": "Feature", "properties": { "OBJECTID": 1603, "gridcode": 6, "Shape_Length": 5.7958994508227279e-05, "Shape_Area": 1.9743323881339457e-10 }, "geometry": { "type": "MultiPolygon", "coordinates": [ [ [ [ 150.581248256000094, -35.010511013999974 ], [ 150.581247725000026, -35.010529032999955 ], [ 150.581258676000061, -35.010529251999969 ], [ 150.581259206000027, -35.010511232999932 ], [ 150.581248256000094, -35.010511013999974 ] ] ] ] } },
{ "type": "Feature", "properties": { "OBJECTID": 1607, "gridcode": 6, "Shape_Length": 7.9863284986804206e-05, "Shape_Area": 2.9613929370205972e-10 }, "geometry": { "type": "MultiPolygon", "coordinates": [ [ [ [ 150.580853779000108, -35.01051216299993 ], [ 150.580853249000029, -35.010530181999968 ], [ 150.580864199000075, -35.010530399999936 ], [ 150.580864464000115, -35.010521390999941 ], [ 150.580875415000037, -35.010521608999966 ], [ 150.580875680000076, -35.01051259999997 ], [ 150.580853779000108, -35.01051216299993 ] ] ] ] } },
{ "type": "Feature", "properties": { "OBJECTID": 1610, "gridcode": 6, "Shape_Length": 3.9932181800360027e-05, "Shape_Area": 9.8716541777786643e-11 }, "geometry": { "type": "MultiPolygon", "coordinates": [ [ [ [ 150.580852718000074, -35.010548200999949 ], [ 150.580852983000113, -35.010539190999964 ], [ 150.580842033000067, -35.010538972999939 ], [ 150.580841767000038, -35.010547981999935 ], [ 150.580852718000074, -35.010548200999949 ] ] ] ] } },
{ "type": "Feature", "properties": { "OBJECTID": 1626, "gridcode": 6, "Shape_Length": 5.795797511291072e-05, "Shape_Area": 1.9742749938591483e-10 }, "geometry": { "type": "MultiPolygon", "coordinates": [ [ [ [ 150.581236244000024, -35.010546833999967 ], [ 150.581235713000069, -35.010564851999959 ], [ 150.581246664000105, -35.010565070999974 ], [ 150.581247194000071, -35.010547051999936 ], [ 150.581236244000024, -35.010546833999967 ] ] ] ] } },
{ "type": "Feature", "properties": { "OBJECTID": 1645, "gridcode": 6, "Shape_Length": 3.993218167963976e-05, "Shape_Area": 9.871654123814364e-11 }, "geometry": { "type": "MultiPolygon", "coordinates": [ [ [ [ 150.580599533000054, -35.010588224999935 ], [ 150.580599799000083, -35.01057921499995 ], [ 150.580588848000048, -35.010578996999982 ], [ 150.580588583000122, -35.010588005999978 ], [ 150.580599533000054, -35.010588224999935 ] ] ] ] } },
{ "type": "Feature", "properties": { "OBJECTID": 1652, "gridcode": 6, "Shape_Length": 3.993218168335343e-05, "Shape_Area": 9.8716541253235563e-11 }, "geometry": { "type": "MultiPolygon", "coordinates": [ [ [ [ 150.581179370000086, -35.010617816999968 ], [ 150.581179635000012, -35.010608806999983 ], [ 150.58116868500008, -35.010608588999958 ], [ 150.581168419000051, -35.010617597999953 ], [ 150.581179370000086, -35.010617816999968 ] ] ] ] } },
{ "type": "Feature", "properties": { "OBJECTID": 1655, "gridcode": 6, "Shape_Length": 5.7958954720054536e-05, "Shape_Area": 1.9743270933085727e-10 }, "geometry": { "type": "MultiPolygon", "coordinates": [ [ [ [ 150.581223967000028, -35.010591661999968 ], [ 150.581223436000073, -35.010609680999949 ], [ 150.581234387000109, -35.010609898999974 ], [ 150.581234917000074, -35.010591879999936 ], [ 150.581223967000028, -35.010591661999968 ] ] ] ] } },
{ "type": "Feature", "properties": { "OBJECTID": 1658, "gridcode": 6, "Shape_Length": 3.9932181681907748e-05, "Shape_Area": 9.8716541253235563e-11 }, "geometry": { "type": "MultiPolygon", "coordinates": [ [ [ [ 150.58088344500004, -35.010620930999949 ], [ 150.58088371100007, -35.010611920999963 ], [ 150.580872760000034, -35.010611702999938 ], [ 150.580872495000108, -35.010620711999934 ], [ 150.58088344500004, -35.010620930999949 ] ] ] ] } },
{ "type": "Feature", "properties": { "OBJECTID": 1679, "gridcode": 6, "Shape_Length": 0.00014170078609881996, "Shape_Area": 7.8971199653631836e-10 }, "geometry": { "type": "MultiPolygon", "coordinates": [ [ [ [ 150.58056535500009, -35.010632615999953 ], [ 150.58056509000005, -35.010641625999938 ], [ 150.580576040000096, -35.010641843999963 ], [ 150.580576305000022, -35.010632834999967 ], [ 150.580587256000058, -35.010633052999935 ], [ 150.580587787000013, -35.010615033999954 ], [ 150.580543985000077, -35.010614160999978 ], [ 150.580543720000037, -35.010623169999974 ], [ 150.580554670000083, -35.010623387999942 ], [ 150.580554405000044, -35.010632397999984 ], [ 150.58056535500009, -35.010632615999953 ] ] ] ] } },
{ "type": "Feature", "properties": { "OBJECTID": 1680, "gridcode": 6, "Shape_Length": 5.7957974944639988e-05, "Shape_Area": 1.9742749804779232e-10 }, "geometry": { "type": "MultiPolygon", "coordinates": [ [ [ [ 150.580664173000059, -35.010625571999981 ], [ 150.580663643000094, -35.010643590999962 ], [ 150.580674593000026, -35.01064380899993 ], [ 150.580675124000095, -35.010625790999939 ], [ 150.580664173000059, -35.010625571999981 ] ] ] ] } },
{ "type": "Feature", "properties": { "OBJECTID": 1684, "gridcode": 6, "Shape_Length": 5.7958954554045294e-05, "Shape_Area": 1.9743270802283336e-10 }, "geometry": { "type": "MultiPolygon", "coordinates": [ [ [ [ 150.581211424000116, -35.010645499999953 ], [ 150.581210894000037, -35.010663518999934 ], [ 150.581221844000083, -35.010663736999959 ], [ 150.581222375000038, -35.010645717999978 ], [ 150.581211424000116, -35.010645499999953 ] ] ] ] } },
{ "type": "Feature", "properties": { "OBJECTID": 1690, "gridcode": 6, "Shape_Length": 6.1837540842849101e-05, "Shape_Area": 1.9743952857804317e-10 }, "geometry": { "type": "MultiPolygon", "coordinates": [ [ [ [ 150.58059714400008, -35.010669308999979 ], [ 150.580619045000049, -35.010669745999962 ], [ 150.580619310000088, -35.010660735999977 ], [ 150.580597410000109, -35.010660298999937 ], [ 150.58059714400008, -35.010669308999979 ] ] ] ] } },
{ "type": "Feature", "properties": { "OBJECTID": 1697, "gridcode": 6, "Shape_Length": 0.00010176669441564101, "Shape_Area": 3.9485691618096657e-10 }, "geometry": { "type": "MultiPolygon", "coordinates": [ [ [ [ 150.580629730000055, -35.010678972999983 ], [ 150.58066258100007, -35.010679628999981 ], [ 150.580662846000109, -35.010670618999939 ], [ 150.580640946000017, -35.010670181999956 ], [ 150.580641211000057, -35.01066117299996 ], [ 150.58063026100001, -35.010660954999935 ], [ 150.580629730000055, -35.010678972999983 ] ] ] ] } },
{ "type": "Feature", "properties": { "OBJECTID": 1698, "gridcode": 6, "Shape_Length": 7.9861393869807131e-05, "Shape_Area": 2.9612502754438855e-10 }, "geometry": { "type": "MultiPolygon", "coordinates": [ [ [ [ 150.580673797000031, -35.010670837999953 ], [ 150.580673531000116, -35.010679846999949 ], [ 150.580684481000048, -35.010680064999974 ], [ 150.580685012000117, -35.010662046999983 ], [ 150.580663112000025, -35.010661609999943 ], [ 150.580662846000109, -35.010670618999939 ], [ 150.580673797000031, -35.010670837999953 ] ] ] ] } },
{ "type": "Feature", "properties": { "OBJECTID": 1700, "gridcode": 6, "Shape_Length": 3.9932181856042151e-05, "Shape_Area": 9.8716542081472602e-11 }, "geometry": { "type": "MultiPolygon", "coordinates": [ [ [ [ 150.578121576000058, -35.010646953999981 ], [ 150.578121842000087, -35.010637944999928 ], [ 150.578110891000051, -35.01063772599997 ], [ 150.578110626000012, -35.010646735999956 ], [ 150.578121576000058, -35.010646953999981 ] ] ] ] } },
{ "type": "Feature", "properties": { "OBJECTID": 1731, "gridcode": 6, "Shape_Length": 7.5983777630702433e-05, "Shape_Area": 2.9613012930328045e-10 }, "geometry": { "type": "MultiPolygon", "coordinates": [ [ [ [ 150.581198351000012, -35.010717356999976 ], [ 150.581197555000017, -35.010744384999953 ], [ 150.581208505000063, -35.010744602999978 ], [ 150.581209301000058, -35.010717574999944 ], [ 150.581198351000012, -35.010717356999976 ] ] ] ] } },
{ "type": "Feature", "properties": { "OBJECTID": 1748, "gridcode": 6, "Shape_Length": 0.0054217820720640153, "Shape_Area": 1.6169218401012212e-07 }, "geometry": { "type": "MultiPolygon", "coordinates": [ [ [ [ 150.580444570000054, -35.010269620999964 ], [ 150.580444304000025, -35.010278629999959 ], [ 150.580433354000093, -35.010278411999934 ], [ 150.580433619000019, -35.010269401999949 ], [ 150.580444570000054, -35.010269620999964 ] ] ], [ [ [ 150.580493216000036, -35.010477927999943 ], [ 150.580492950000121, -35.010486937999929 ], [ 150.580482, -35.010486718999971 ], [ 150.58048253100003, -35.010468699999933 ], [ 150.580471580000108, -35.010468481999965 ], [ 150.580471846000023, -35.010459472999969 ], [ 150.580504697000038, -35.010460127999977 ], [ 150.580504166000082, -35.010478146999958 ], [ 150.580493216000036, -35.010477927999943 ] ] ], [ [ [ 150.580645989000118, -35.010499003999939 ], [ 150.580645458000049, -35.010517022999977 ], [ 150.580623557000081, -35.010516585999937 ], [ 150.58062382300011, -35.010507576999942 ], [ 150.580590972000095, -35.010506921999934 ], [ 150.580591237000021, -35.010497912999938 ], [ 150.580624088000036, -35.010498567999946 ], [ 150.58062382300011, -35.010507576999942 ], [ 150.580634773000043, -35.010507794999967 ], [ 150.580635039000072, -35.010498785999971 ], [ 150.580645989000118, -35.010499003999939 ] ] ], [ [ [ 150.580755227000054, -35.010510197999963 ], [ 150.580754696000099, -35.010528215999955 ], [ 150.580732795000017, -35.010527779999961 ], [ 150.580733061000046, -35.010518769999976 ], [ 150.58068925900011, -35.010517896999943 ], [ 150.58068899400007, -35.010526905999939 ], [ 150.580678044000024, -35.01052668799997 ], [ 150.580678840000019, -35.010499659999937 ], [ 150.580689790000065, -35.010499877999962 ], [ 150.580690056000094, -35.010490868999966 ], [ 150.580701006000027, -35.010491086999934 ], [ 150.580701271000066, -35.010482077999939 ], [ 150.580723172000035, -35.010482513999932 ], [ 150.580723437000074, -35.010473504999936 ], [ 150.58073438800011, -35.010473722999961 ], [ 150.580733857000041, -35.010491741999942 ], [ 150.580744807000087, -35.010491960999957 ], [ 150.580744276000019, -35.010509978999949 ], [ 150.580755227000054, -35.010510197999963 ] ] ], [ [ [ 150.580732530000091, -35.010536788999957 ], [ 150.580731733000107, -35.010563816999934 ], [ 150.580709833000014, -35.010563379999951 ], [ 150.580710098000054, -35.010554370999955 ], [ 150.580699148000122, -35.01055415299993 ], [ 150.580699413000048, -35.010545142999945 ], [ 150.580710364000083, -35.010545361999959 ], [ 150.580710098000054, -35.010554370999955 ], [ 150.58072104900009, -35.01055458899998 ], [ 150.580721579000055, -35.010536570999932 ], [ 150.580732530000091, -35.010536788999957 ] ] ], [ [ [ 150.580940055000042, -35.010558956999944 ], [ 150.580939789000013, -35.01056796599994 ], [ 150.58092883900008, -35.010567747999971 ], [ 150.580929105000109, -35.010558737999929 ], [ 150.580940055000042, -35.010558956999944 ] ] ], [ [ [ 150.58081827400008, -35.010601601999952 ], [ 150.580818009000041, -35.010610610999947 ], [ 150.580796108000072, -35.010610173999964 ], [ 150.580796374000101, -35.010601164999969 ], [ 150.58081827400008, -35.010601601999952 ] ], [ [ 150.5811203720001, -35.01076087499996 ], [ 150.581120106000071, -35.010769883999956 ], [ 150.581131057000107, -35.01077010299997 ], [ 150.581131322000033, -35.010761092999928 ], [ 150.581142272000079, -35.010761311999943 ], [ 150.581142803000034, -35.010743292999962 ], [ 150.581120902000066, -35.010742855999979 ], [ 150.581121433000021, -35.010724836999941 ], [ 150.581110483000089, -35.010724618999973 ], [ 150.581110748000015, -35.010715609999977 ], [ 150.581099798000082, -35.010715390999962 ], [ 150.581100329000037, -35.010697372999971 ], [ 150.581089378000115, -35.010697153999956 ], [ 150.581089644000031, -35.010688144999961 ], [ 150.581078693000109, -35.010687926999935 ], [ 150.581079224000064, -35.010669907999954 ], [ 150.581068274000017, -35.010669689999929 ], [ 150.581068805000086, -35.010651670999948 ], [ 150.581057854000051, -35.010651451999934 ], [ 150.581058651000035, -35.010624423999957 ], [ 150.581047700000113, -35.010624205999932 ], [ 150.581048231000068, -35.010606186999951 ], [ 150.581037281000022, -35.010605968999982 ], [ 150.581037546000061, -35.01059695999993 ], [ 150.581026596000015, -35.010596740999972 ], [ 150.581026861000055, -35.010587731999976 ], [ 150.581004961000076, -35.010587294999937 ], [ 150.581005491000042, -35.010569275999956 ], [ 150.580994541000109, -35.01056905799993 ], [ 150.580994806000035, -35.010560048999935 ], [ 150.580983856000103, -35.010559829999977 ], [ 150.580984122000018, -35.010550820999981 ], [ 150.58096222100005, -35.010550383999941 ], [ 150.580962752000119, -35.01053236499996 ], [ 150.580951801000083, -35.010532146999935 ], [ 150.580952067000112, -35.01052313799994 ], [ 150.580941116000076, -35.010522918999982 ], [ 150.580941382000105, -35.010513909999929 ], [ 150.580919481000024, -35.010513472999946 ], [ 150.580919747000053, -35.010504463999951 ], [ 150.580897846000084, -35.010504026999968 ], [ 150.580897581000045, -35.010513036999953 ], [ 150.58088663, -35.010512817999938 ], [ 150.580886365000083, -35.01052182799998 ], [ 150.580875415000037, -35.010521608999966 ], [ 150.580875149000121, -35.010530618999951 ], [ 150.580886099000054, -35.010530836999976 ], [ 150.580885834000014, -35.010539845999972 ], [ 150.580896784000061, -35.01054006499993 ], [ 150.580896519000021, -35.010549073999982 ], [ 150.580907469000067, -35.010549291999951 ], [ 150.580906938000112, -35.010567310999932 ], [ 150.580874088000087, -35.01056665599998 ], [ 150.580874353000013, -35.010557646999985 ], [ 150.58086340300008, -35.01055742799997 ], [ 150.58086366800012, -35.010548418999974 ], [ 150.580852718000074, -35.010548200999949 ], [ 150.580852452000045, -35.010557209999945 ], [ 150.580841502000112, -35.010556991999977 ], [ 150.580841237000072, -35.010566000999972 ], [ 150.580830286000037, -35.010565782999947 ], [ 150.580830552000066, -35.010556772999962 ], [ 150.58081960100003, -35.010556554999937 ], [ 150.580819071000064, -35.010574573999975 ], [ 150.58078622000005, -35.010573917999977 ], [ 150.58078648500009, -35.010564908999982 ], [ 150.580808386000058, -35.010565345999964 ], [ 150.580808651000098, -35.010556335999979 ], [ 150.58081960100003, -35.010556554999937 ], [ 150.580820132000099, -35.010538535999956 ], [ 150.580831083000021, -35.010538753999981 ], [ 150.580831348000061, -35.010529744999928 ], [ 150.580842298000107, -35.010529962999954 ], [ 150.580842564000022, -35.010520953999958 ], [ 150.580820663000054, -35.010520516999975 ], [ 150.580820928000094, -35.010511507999979 ], [ 150.580809978000048, -35.010511289999954 ], [ 150.580810244000077, -35.010502279999969 ], [ 150.580799293000041, -35.010502061999944 ], [ 150.58079955900007, -35.010493051999958 ], [ 150.580788608000034, -35.010492833999933 ], [ 150.580788874000064, -35.010483824999937 ], [ 150.580777923000028, -35.01048360599998 ], [ 150.580778189000057, -35.010474596999984 ], [ 150.580767239000011, -35.010474378999959 ], [ 150.580768831000114, -35.010420321999959 ], [ 150.580746931000022, -35.010419885999966 ], [ 150.580747196000061, -35.01041087599998 ], [ 150.580725295000093, -35.01041043999993 ], [ 150.580726092000077, -35.010383410999964 ], [ 150.580715141000042, -35.010383192999939 ], [ 150.580715407000071, -35.010374183999943 ], [ 150.580693506000102, -35.01037374699996 ], [ 150.580693772000018, -35.010364737999964 ], [ 150.580682821000096, -35.01036451899995 ], [ 150.580683087000011, -35.010355509999954 ], [ 150.580672137000079, -35.010355290999939 ], [ 150.58067187100005, -35.010364300999981 ], [ 150.580649971000071, -35.010363863999942 ], [ 150.58065023600011, -35.010354854999946 ], [ 150.580639286000064, -35.010354635999931 ], [ 150.580639551000104, -35.010345626999936 ], [ 150.580628601000058, -35.010345407999978 ], [ 150.580628866000097, -35.010336398999982 ], [ 150.580617916000051, -35.010336180999957 ], [ 150.580618181000091, -35.010327170999972 ], [ 150.580607231000045, -35.010326952999947 ], [ 150.580607762000113, -35.010308933999966 ], [ 150.580596812000067, -35.01030871599994 ], [ 150.580597077000107, -35.010299706999945 ], [ 150.580586127000061, -35.01029948799993 ], [ 150.5805863920001, -35.010290478999934 ], [ 150.580575442000054, -35.010290259999977 ], [ 150.580575973, -35.010272241999928 ], [ 150.580554072000041, -35.010271804999945 ], [ 150.58055433800007, -35.01026279499996 ], [ 150.580543388000024, -35.010262576999935 ], [ 150.580543653000063, -35.010253567999939 ], [ 150.58048890200007, -35.010252475999948 ], [ 150.580488636000041, -35.010261484999944 ], [ 150.580455785000026, -35.010260829999936 ], [ 150.580456582000011, -35.010233801999959 ], [ 150.580445632000078, -35.010233582999945 ], [ 150.580445897000118, -35.010224573999949 ], [ 150.580434947000072, -35.010224355999981 ], [ 150.580434681000042, -35.010233364999976 ], [ 150.580401830000028, -35.010232709999968 ], [ 150.580401565000102, -35.010241718999964 ], [ 150.58037966400002, -35.010241281999981 ], [ 150.580379399000094, -35.010250291999967 ], [ 150.580368449000048, -35.010250072999952 ], [ 150.580367918000093, -35.010268091999933 ], [ 150.580422669000086, -35.010269183999981 ], [ 150.580422138000017, -35.010287202999962 ], [ 150.580411188000085, -35.010286983999947 ], [ 150.580410922000056, -35.010295993999932 ], [ 150.580399972, -35.010295774999975 ], [ 150.580399707000083, -35.01030478499996 ], [ 150.580377806000115, -35.010304347999977 ], [ 150.580377275000046, -35.010322366999958 ], [ 150.580355375000067, -35.010321929999975 ], [ 150.580355109000038, -35.010330938999971 ], [ 150.580333209000059, -35.010330501999931 ], [ 150.580333474000099, -35.010321492999935 ], [ 150.580322524000053, -35.010321273999978 ], [ 150.580322789000093, -35.010312264999982 ], [ 150.580311839000046, -35.010312046999957 ], [ 150.580312105000075, -35.010303036999971 ], [ 150.58030115400004, -35.010302818999946 ], [ 150.580301685000109, -35.010284799999965 ], [ 150.580290735000062, -35.01028458199994 ], [ 150.580291000000102, -35.010275571999955 ], [ 150.58026910000001, -35.010275135999962 ], [ 150.580268569000054, -35.010293153999953 ], [ 150.580246668000086, -35.01029271699997 ], [ 150.580246403000046, -35.010301726999955 ], [ 150.580235453000114, -35.010301507999941 ], [ 150.580234922000045, -35.010319526999979 ], [ 150.580202071000031, -35.010318871999971 ], [ 150.580202602000099, -35.010300852999933 ], [ 150.580180701000018, -35.01030041599995 ], [ 150.580180436000092, -35.010309425999935 ], [ 150.580136635000031, -35.010308551999969 ], [ 150.580136369000115, -35.010317560999965 ], [ 150.580114469000023, -35.010317123999982 ], [ 150.580114203000107, -35.010326133999968 ], [ 150.580103253000061, -35.010325914999953 ], [ 150.580102722000106, -35.010343933999934 ], [ 150.58009177100007, -35.010343715999966 ], [ 150.580091506000031, -35.010352724999962 ], [ 150.580080556000098, -35.010352505999947 ], [ 150.580079494000074, -35.010388543999966 ], [ 150.58009044400012, -35.010388761999934 ], [ 150.580090709000046, -35.010379752999938 ], [ 150.580101660000082, -35.010379970999963 ], [ 150.580101394000053, -35.010388980999949 ], [ 150.580134245000067, -35.010389635999957 ], [ 150.580134511000097, -35.010380626999961 ], [ 150.580145461000029, -35.010380844999929 ], [ 150.580145726000069, -35.010371835999933 ], [ 150.580167627000037, -35.010372272999973 ], [ 150.580167361000122, -35.010381281999969 ], [ 150.580156411000075, -35.010381063999944 ], [ 150.58015588000012, -35.010399081999935 ], [ 150.580166831000042, -35.01039930099995 ], [ 150.580166300000087, -35.010417318999941 ], [ 150.580199150000112, -35.010417974999939 ], [ 150.580198885000073, -35.010426983999935 ], [ 150.580231736000087, -35.010427638999943 ], [ 150.580231470000058, -35.010436648999985 ], [ 150.580264321000072, -35.010437303999936 ], [ 150.580264056000033, -35.010446312999932 ], [ 150.580285956000012, -35.010446749999971 ], [ 150.580285691000086, -35.010455759999957 ], [ 150.580296641000018, -35.010455977999982 ], [ 150.580296376000092, -35.010464986999978 ], [ 150.580307326000025, -35.010465205999935 ], [ 150.580307060000109, -35.010474214999931 ], [ 150.580318011000031, -35.010474433999946 ], [ 150.580317745000116, -35.010483442999941 ], [ 150.580328696000038, -35.010483660999967 ], [ 150.580328430000122, -35.010492670999952 ], [ 150.580339380000055, -35.010492888999977 ], [ 150.580339115000015, -35.010501898999962 ], [ 150.580382916000076, -35.010502771999938 ], [ 150.580382651000036, -35.01051178199998 ], [ 150.580426452000097, -35.010512654999957 ], [ 150.580426717000023, -35.010503645999961 ], [ 150.580437668000059, -35.010503863999929 ], [ 150.58043740200003, -35.010512873999971 ], [ 150.580459303000112, -35.010513309999965 ], [ 150.580459037000082, -35.01052231999995 ], [ 150.580469988000118, -35.010522537999975 ], [ 150.580469457000049, -35.010540556999956 ], [ 150.580491357000028, -35.010540993999939 ], [ 150.580491092000102, -35.010550002999935 ], [ 150.580502042000035, -35.01055022099996 ], [ 150.580502308000064, -35.010541211999964 ], [ 150.58051325800011, -35.010541430999979 ], [ 150.58051299300007, -35.010550439999975 ], [ 150.580523943000117, -35.010550657999943 ], [ 150.580523412000048, -35.010568676999981 ], [ 150.580545313000016, -35.010569113999964 ], [ 150.580544782000061, -35.010587132999945 ], [ 150.58056668200004, -35.010587568999938 ], [ 150.580566948000069, -35.010578559999942 ], [ 150.580588848000048, -35.010578996999982 ], [ 150.580589114000077, -35.01056998699994 ], [ 150.580611014000056, -35.01057042399998 ], [ 150.580609953000021, -35.010606461999942 ], [ 150.580620903000067, -35.010606679999967 ], [ 150.580620638000028, -35.010615688999962 ], [ 150.580664439000088, -35.010616562999928 ], [ 150.580664704000014, -35.010607553999932 ], [ 150.58067565500005, -35.010607771999958 ], [ 150.580675124000095, -35.010625790999939 ], [ 150.580686074000027, -35.010626008999964 ], [ 150.580686605000096, -35.010607989999983 ], [ 150.580697555000029, -35.01060820899994 ], [ 150.580698086000098, -35.010590189999959 ], [ 150.580730937000112, -35.010590844999967 ], [ 150.580731203000028, -35.010581835999972 ], [ 150.580785954000021, -35.010582927999963 ], [ 150.580784892000111, -35.010618964999935 ], [ 150.580806793000079, -35.010619401999975 ], [ 150.580806528000039, -35.010628410999971 ], [ 150.580817478000085, -35.010628629999928 ], [ 150.580816947000017, -35.010646647999977 ], [ 150.580838848000099, -35.01064708499996 ], [ 150.580839379000054, -35.010629065999979 ], [ 150.5808503290001, -35.010629284999936 ], [ 150.580850594000026, -35.010620274999951 ], [ 150.580861545000062, -35.010620493999966 ], [ 150.580861810000101, -35.01061148399998 ], [ 150.580872760000034, -35.010611702999938 ], [ 150.580873026000063, -35.010602692999953 ], [ 150.580862076000017, -35.010602474999985 ], [ 150.580862341000056, -35.010593465999932 ], [ 150.580873291000103, -35.010593683999957 ], [ 150.580873557000018, -35.010584674999961 ], [ 150.58085165600005, -35.010584237999979 ], [ 150.58085192100009, -35.010575228999983 ], [ 150.580884772000104, -35.010575883999934 ], [ 150.580884242000025, -35.010593901999982 ], [ 150.580917093000039, -35.01059455799998 ], [ 150.58091682700001, -35.010603566999976 ], [ 150.580960628000071, -35.010604439999952 ], [ 150.580960363000031, -35.010613449999937 ], [ 150.580916562000084, -35.010612575999971 ], [ 150.580916296000055, -35.010621585999957 ], [ 150.580905346000122, -35.010621366999942 ], [ 150.580905081000083, -35.010630376999984 ], [ 150.580937932000097, -35.010631031999935 ], [ 150.580937666000068, -35.010640040999931 ], [ 150.580948616000114, -35.010640258999956 ], [ 150.580948086000035, -35.010658277999937 ], [ 150.580959036000081, -35.010658496999952 ], [ 150.580958505000012, -35.010676514999943 ], [ 150.580969456000048, -35.010676733999958 ], [ 150.580968925000093, -35.010694751999949 ], [ 150.580979875000025, -35.010694970999964 ], [ 150.58098067100002, -35.01066794299993 ], [ 150.580969721000088, -35.010667723999973 ], [ 150.580969986000014, -35.010658714999977 ], [ 150.580991887000096, -35.01065915199996 ], [ 150.580992152000022, -35.010650141999974 ], [ 150.581014053000104, -35.010650578999957 ], [ 150.58101431800003, -35.010641569999962 ], [ 150.581036219000111, -35.010642005999955 ], [ 150.581035423000117, -35.010669033999932 ], [ 150.581046373000049, -35.010669252999946 ], [ 150.581045842000094, -35.010687271999984 ], [ 150.581056793000016, -35.010687489999953 ], [ 150.581056262000061, -35.010705508999933 ], [ 150.581067212000107, -35.010705726999959 ], [ 150.581066947000068, -35.010714735999954 ], [ 150.581077897000114, -35.010714954999969 ], [ 150.581077366000045, -35.010732972999961 ], [ 150.581088317000081, -35.010733191999975 ], [ 150.581088051000052, -35.010742200999971 ], [ 150.581099002000087, -35.010742419999929 ], [ 150.581098736000058, -35.010751428999981 ], [ 150.581109687000094, -35.01075164699995 ], [ 150.581109421000065, -35.010760656999935 ], [ 150.5811203720001, -35.01076087499996 ] ] ] ] } },
{ "type": "Feature", "properties": { "OBJECTID": 1770, "gridcode": 6, "Shape_Length": 0.0014608033651797316, "Shape_Area": 1.6781299910566817e-08 }, "geometry": { "type": "MultiPolygon", "coordinates": [ [ [ [ 150.580859687000043, -35.010683558999972 ], [ 150.580859156000088, -35.010701577999953 ], [ 150.580848206000042, -35.010701359999985 ], [ 150.580848736000121, -35.010683340999947 ], [ 150.580859687000043, -35.010683558999972 ] ] ], [ [ [ 150.58083725500012, -35.01070114099997 ], [ 150.58083699000008, -35.010710150999955 ], [ 150.580826040000034, -35.010709931999941 ], [ 150.580826305000073, -35.010700922999945 ], [ 150.58083725500012, -35.01070114099997 ] ] ], [ [ [ 150.5808690450001, -35.01073783399994 ], [ 150.58086877900007, -35.010746842999936 ], [ 150.580857829000024, -35.010746624999967 ], [ 150.580858094000064, -35.010737615999972 ], [ 150.5808690450001, -35.01073783399994 ] ], [ [ 150.58093288900011, -35.010802209999952 ], [ 150.580954789000089, -35.010802645999945 ], [ 150.580955055000118, -35.010793636999949 ], [ 150.58096600500005, -35.010793854999974 ], [ 150.580966271000079, -35.010784845999979 ], [ 150.580933420000065, -35.010784190999971 ], [ 150.580933685000105, -35.010775181999975 ], [ 150.580911784000023, -35.010774744999935 ], [ 150.580912050000052, -35.010765735999939 ], [ 150.580890149000084, -35.010765298999956 ], [ 150.580890680000039, -35.010747279999975 ], [ 150.580901630000085, -35.010747497999944 ], [ 150.580901896000114, -35.010738488999948 ], [ 150.580912846000047, -35.010738706999973 ], [ 150.580913111000086, -35.010729697999977 ], [ 150.580924062000122, -35.010729915999946 ], [ 150.580924327000048, -35.01072090699995 ], [ 150.58090242600008, -35.010720469999967 ], [ 150.580902692000109, -35.010711460999971 ], [ 150.580891742000063, -35.010711242999946 ], [ 150.580890945000078, -35.01073827099998 ], [ 150.580879995000032, -35.010738051999965 ], [ 150.580881057000056, -35.010702014999936 ], [ 150.580892007000102, -35.010702232999961 ], [ 150.580892272000028, -35.010693223999965 ], [ 150.580903223000064, -35.010693441999933 ], [ 150.580902692000109, -35.010711460999971 ], [ 150.58093554300001, -35.010712115999979 ], [ 150.580935808000049, -35.010703106999983 ], [ 150.580957709000018, -35.010703542999977 ], [ 150.580957444000092, -35.010712552999962 ], [ 150.580968394000024, -35.01071277099993 ], [ 150.580968925000093, -35.010694751999949 ], [ 150.580957974000057, -35.010694533999981 ], [ 150.580958240000086, -35.010685524999928 ], [ 150.580947289000051, -35.010685305999971 ], [ 150.580947024000011, -35.010694315999956 ], [ 150.580936074000078, -35.010694096999941 ], [ 150.580936339000118, -35.010685087999946 ], [ 150.580892538000057, -35.01068421399998 ], [ 150.580892803000097, -35.010675204999984 ], [ 150.580849002000036, -35.010674331999951 ], [ 150.580849267000076, -35.010665321999966 ], [ 150.580816416000062, -35.010664666999958 ], [ 150.580816151000022, -35.010673676999943 ], [ 150.580783300000121, -35.010673020999945 ], [ 150.580783565000047, -35.01066401199995 ], [ 150.580772615000114, -35.010663793999981 ], [ 150.580772350000075, -35.010672802999977 ], [ 150.580717598000092, -35.010671710999929 ], [ 150.580717332000063, -35.010680719999982 ], [ 150.580706382000017, -35.010680501999957 ], [ 150.580706648000046, -35.010671492999961 ], [ 150.58069569700001, -35.010671273999947 ], [ 150.580695432000084, -35.010680283999932 ], [ 150.580684481000048, -35.010680064999974 ], [ 150.580684216000122, -35.010689074999959 ], [ 150.580695166000055, -35.010689292999984 ], [ 150.580694901000015, -35.01069830199998 ], [ 150.580705851000062, -35.010698520999938 ], [ 150.580706117000091, -35.010689510999953 ], [ 150.580717067000023, -35.010689729999967 ], [ 150.580716802000097, -35.010698738999963 ], [ 150.58072775200003, -35.010698957999978 ], [ 150.580727487000104, -35.010707966999973 ], [ 150.580749387000083, -35.010708403999956 ], [ 150.580749122000043, -35.010717412999952 ], [ 150.580781973000057, -35.01071806799996 ], [ 150.580781707000028, -35.010727077999945 ], [ 150.580825509000078, -35.010727950999978 ], [ 150.580825243000049, -35.010736959999974 ], [ 150.580803343000071, -35.010736523999981 ], [ 150.580802281000047, -35.010772560999953 ], [ 150.580835132000061, -35.010773215999961 ], [ 150.580834866000032, -35.010782225999947 ], [ 150.580867718000036, -35.010782880999955 ], [ 150.58086745200012, -35.01079188999995 ], [ 150.580911253000068, -35.010792763999973 ], [ 150.580910988000028, -35.010801772999969 ], [ 150.580921938000074, -35.010801990999937 ], [ 150.580922204000103, -35.010792981999941 ], [ 150.580933154000036, -35.010793199999966 ], [ 150.58093288900011, -35.010802209999952 ] ] ] ] } },
{ "type": "Feature", "properties": { "OBJECTID": 1771, "gridcode": 6, "Shape_Length": 5.7957984301122048e-05, "Shape_Area": 1.9742380862885147e-10 }, "geometry": { "type": "MultiPolygon", "coordinates": [ [ [ [ 150.581185278000021, -35.010789212999953 ], [ 150.581184747000066, -35.010807231999934 ], [ 150.581195697000112, -35.010807449999959 ], [ 150.581196228000067, -35.010789430999978 ], [ 150.581185278000021, -35.010789212999953 ] ] ] ] } },
{ "type": "Feature", "properties": { "OBJECTID": 1838, "gridcode": 6, "Shape_Length": 0.00055129025303777765, "Shape_Area": 5.133173792374348e-09 }, "geometry": { "type": "MultiPolygon", "coordinates": [ [ [ [ 150.581071528000052, -35.010931179999943 ], [ 150.581071262000023, -35.010940188999939 ], [ 150.581082213000059, -35.010940406999964 ], [ 150.581082744000014, -35.010922387999983 ], [ 150.581071793000092, -35.010922169999958 ], [ 150.581072324000047, -35.010904150999977 ], [ 150.581061374000114, -35.010903932999952 ], [ 150.58106163900004, -35.010894923999956 ], [ 150.581050689000108, -35.010894704999941 ], [ 150.581050954000034, -35.010885695999946 ], [ 150.581040004000101, -35.010885477999977 ], [ 150.581040534000067, -35.01086745899994 ], [ 150.581007683000053, -35.010866803999932 ], [ 150.581007949000082, -35.010857793999946 ], [ 150.580996998000046, -35.010857575999978 ], [ 150.580997264000075, -35.010848566999982 ], [ 150.580986314000029, -35.010848347999968 ], [ 150.580987375000063, -35.010812310999938 ], [ 150.580976425000017, -35.01081209299997 ], [ 150.580976956000086, -35.010794073999932 ], [ 150.58096600500005, -35.010793854999974 ], [ 150.580965740000011, -35.01080286499996 ], [ 150.580954789000089, -35.010802645999945 ], [ 150.580954524000049, -35.01081165599993 ], [ 150.580965474000095, -35.010811873999955 ], [ 150.580965209000055, -35.010820883999941 ], [ 150.580976159000102, -35.010821101999966 ], [ 150.580974036000043, -35.010893176999957 ], [ 150.58098498600009, -35.010893394999982 ], [ 150.58098472100005, -35.010902404999968 ], [ 150.581006622000018, -35.010902840999961 ], [ 150.581006356000103, -35.010911850999946 ], [ 150.581028257000071, -35.01091228699994 ], [ 150.581027992000031, -35.010921296999982 ], [ 150.581060843000046, -35.010921951999933 ], [ 150.581060577000017, -35.010930960999929 ], [ 150.581071528000052, -35.010931179999943 ] ] ] ] } },
{ "type": "Feature", "properties": { "OBJECTID": 1960, "gridcode": 6, "Shape_Length": 0.00028979189330853897, "Shape_Area": 1.5794181446631512e-09 }, "geometry": { "type": "MultiPolygon", "coordinates": [ [ [ [ 150.581044319000057, -35.011110929999973 ], [ 150.581043788000102, -35.011128948999954 ], [ 150.581054739000024, -35.011129166999979 ], [ 150.581055535000019, -35.011102138999945 ], [ 150.581044584000097, -35.011101920999977 ], [ 150.581044850000012, -35.011092910999935 ], [ 150.581055800000058, -35.011093129999949 ], [ 150.581056331000013, -35.011075110999968 ], [ 150.58106728100006, -35.011075328999937 ], [ 150.581067812000015, -35.011057310999945 ], [ 150.58107876300005, -35.01105752899997 ], [ 150.58107902800009, -35.011048519999974 ], [ 150.581068078000044, -35.01104830099996 ], [ 150.581068343000084, -35.011039291999964 ], [ 150.581057393000037, -35.011039073999939 ], [ 150.581056862000082, -35.01105709199993 ], [ 150.581045911000047, -35.011056873999962 ], [ 150.581045381000081, -35.011074892999943 ], [ 150.581034430000045, -35.011074673999929 ], [ 150.581033369000011, -35.011110711999947 ], [ 150.581044319000057, -35.011110929999973 ] ] ] ] } },
{ "type": "Feature", "properties": { "OBJECTID": 1992, "gridcode": 6, "Shape_Length": 3.993218179664652e-05, "Shape_Area": 9.8716541762694707e-11 }, "geometry": { "type": "MultiPolygon", "coordinates": [ [ [ [ 150.581053412000074, -35.011174213999936 ], [ 150.581053677000114, -35.011165204999941 ], [ 150.581042727000067, -35.011164985999983 ], [ 150.581042461000038, -35.011173995999968 ], [ 150.581053412000074, -35.011174213999936 ] ] ] ] } },
{ "type": "Feature", "properties": { "OBJECTID": 2026, "gridcode": 6, "Shape_Length": 3.9932181798092039e-05, "Shape_Area": 9.8716541762694707e-11 }, "geometry": { "type": "MultiPolygon", "coordinates": [ [ [ [ 150.581106571000078, -35.011229361999938 ], [ 150.581106837000107, -35.011220352999942 ], [ 150.581095886000071, -35.011220133999984 ], [ 150.581095621000031, -35.011229143999969 ], [ 150.581106571000078, -35.011229361999938 ] ] ] ] } },
{ "type": "Feature", "properties": { "OBJECTID": 2045, "gridcode": 6, "Shape_Length": 3.9932181737582621e-05, "Shape_Area": 9.8716541556921535e-11 }, "geometry": { "type": "MultiPolygon", "coordinates": [ [ [ [ 150.581106040000122, -35.011247380999976 ], [ 150.581106306000038, -35.011238370999934 ], [ 150.581095355000116, -35.011238152999965 ], [ 150.581095090000076, -35.011247161999961 ], [ 150.581106040000122, -35.011247380999976 ] ] ] ] } },
{ "type": "Feature", "properties": { "OBJECTID": 2079, "gridcode": 6, "Shape_Length": 3.993218179664652e-05, "Shape_Area": 9.8716541762694707e-11 }, "geometry": { "type": "MultiPolygon", "coordinates": [ [ [ [ 150.581104713000059, -35.011292427999933 ], [ 150.581104979000088, -35.011283417999948 ], [ 150.581094028000052, -35.01128319999998 ], [ 150.581093763000013, -35.011292208999976 ], [ 150.581104713000059, -35.011292427999933 ] ] ] ] } },
{ "type": "Feature", "properties": { "OBJECTID": 2094, "gridcode": 6, "Shape_Length": 3.993115255115472e-05, "Shape_Area": 9.8711927811512851e-11 }, "geometry": { "type": "MultiPolygon", "coordinates": [ [ [ [ 150.581092436000063, -35.011337255999933 ], [ 150.581092701000102, -35.011328246999938 ], [ 150.581081751000056, -35.01132802799998 ], [ 150.581081486000016, -35.011337037999965 ], [ 150.581092436000063, -35.011337255999933 ] ] ] ] } },
{ "type": "Feature", "properties": { "OBJECTID": 2104, "gridcode": 6, "Shape_Length": 3.9931162294888358e-05, "Shape_Area": 9.8710933837055808e-11 }, "geometry": { "type": "MultiPolygon", "coordinates": [ [ [ [ 150.581080955000061, -35.011355055999957 ], [ 150.581081220000101, -35.011346046999961 ], [ 150.581070270000055, -35.011345828999936 ], [ 150.581070004000026, -35.011354837999932 ], [ 150.581080955000061, -35.011355055999957 ] ] ] ] } },
{ "type": "Feature", "properties": { "OBJECTID": 2117, "gridcode": 6, "Shape_Length": 7.5983777403373806e-05, "Shape_Area": 2.9613012623055263e-10 }, "geometry": { "type": "MultiPolygon", "coordinates": [ [ [ [ 150.581059054000093, -35.011354619999963 ], [ 150.581058258000098, -35.01138164799994 ], [ 150.581069208000031, -35.011381865999965 ], [ 150.581070004000026, -35.011354837999932 ], [ 150.581059054000093, -35.011354619999963 ] ] ] ] } },
{ "type": "Feature", "properties": { "OBJECTID": 2137, "gridcode": 6, "Shape_Length": 5.7957004585483917e-05, "Shape_Area": 1.974185981720856e-10 }, "geometry": { "type": "MultiPolygon", "coordinates": [ [ [ [ 150.581046777000097, -35.011399447999963 ], [ 150.581046246000028, -35.011417466999944 ], [ 150.581057196000074, -35.011417684999969 ], [ 150.581057727000029, -35.011399666999978 ], [ 150.581046777000097, -35.011399447999963 ] ] ] ] } },
{ "type": "Feature", "properties": { "OBJECTID": 2153, "gridcode": 6, "Shape_Length": 5.7959004166314759e-05, "Shape_Area": 1.9743661648151903e-10 }, "geometry": { "type": "MultiPolygon", "coordinates": [ [ [ [ 150.581034499000111, -35.011444276999953 ], [ 150.581033968000042, -35.011462294999944 ], [ 150.581044919000078, -35.011462513999959 ], [ 150.581045450000033, -35.011444494999978 ], [ 150.581034499000111, -35.011444276999953 ] ] ] ] } },
{ "type": "Feature", "properties": { "OBJECTID": 2165, "gridcode": 6, "Shape_Length": 5.7959004166314753e-05, "Shape_Area": 1.9743661648151903e-10 }, "geometry": { "type": "MultiPolygon", "coordinates": [ [ [ [ 150.580989901000066, -35.011470430999964 ], [ 150.580989370000111, -35.011488449999945 ], [ 150.581000321000033, -35.01148866799997 ], [ 150.581000852000102, -35.011470649999978 ], [ 150.580989901000066, -35.011470430999964 ] ] ] ] } },
{ "type": "Feature", "properties": { "OBJECTID": 2180, "gridcode": 6, "Shape_Length": 7.5985826216751196e-05, "Shape_Area": 2.9614962378454726e-10 }, "geometry": { "type": "MultiPolygon", "coordinates": [ [ [ [ 150.581022222000115, -35.011489104999953 ], [ 150.581021425000017, -35.01151613299993 ], [ 150.581032376000053, -35.011516351999944 ], [ 150.581033172000048, -35.011489322999978 ], [ 150.581022222000115, -35.011489104999953 ] ] ] ] } },
{ "type": "Feature", "properties": { "OBJECTID": 2189, "gridcode": 6, "Shape_Length": 5.7959983883773931e-05, "Shape_Area": 1.9744182743827433e-10 }, "geometry": { "type": "MultiPolygon", "coordinates": [ [ [ [ 150.580977358000041, -35.011524268999949 ], [ 150.580976827000086, -35.01154228799993 ], [ 150.580987778000122, -35.011542505999955 ], [ 150.580988309000077, -35.011524486999974 ], [ 150.580977358000041, -35.011524268999949 ] ] ] ] } },
{ "type": "Feature", "properties": { "OBJECTID": 2200, "gridcode": 6, "Shape_Length": 7.5984806651038998e-05, "Shape_Area": 2.9614374908648492e-10 }, "geometry": { "type": "MultiPolygon", "coordinates": [ [ [ [ 150.58100967900009, -35.011542942999938 ], [ 150.581008882000106, -35.011569970999972 ], [ 150.581019833000028, -35.01157018899994 ], [ 150.581020629000022, -35.011543160999963 ], [ 150.58100967900009, -35.011542942999938 ] ] ] ] } },
{ "type": "Feature", "properties": { "OBJECTID": 2223, "gridcode": 6, "Shape_Length": 7.5983777630702433e-05, "Shape_Area": 2.9613012930328045e-10 }, "geometry": { "type": "MultiPolygon", "coordinates": [ [ [ [ 150.580997136000065, -35.01159678099998 ], [ 150.58099634000007, -35.011623808999957 ], [ 150.581007290000116, -35.011624026999982 ], [ 150.581008086000111, -35.011596998999948 ], [ 150.580997136000065, -35.01159678099998 ] ] ] ] } },
{ "type": "Feature", "properties": { "OBJECTID": 2230, "gridcode": 6, "Shape_Length": 7.9864314206217298e-05, "Shape_Area": 2.9614841210563101e-10 }, "geometry": { "type": "MultiPolygon", "coordinates": [ [ [ [ 150.581500326000082, -35.011624842999936 ], [ 150.581499795000013, -35.011642861999974 ], [ 150.581510746000049, -35.011643079999942 ], [ 150.581511011000089, -35.011634070999946 ], [ 150.581521962000011, -35.011634288999971 ], [ 150.58152222700005, -35.011625279999976 ], [ 150.581500326000082, -35.011624842999936 ] ] ] ] } },
{ "type": "Feature", "properties": { "OBJECTID": 2238, "gridcode": 6, "Shape_Length": 6.1836521352587806e-05, "Shape_Area": 1.9742844564562205e-10 }, "geometry": { "type": "MultiPolygon", "coordinates": [ [ [ [ 150.581477629000119, -35.011651434999976 ], [ 150.581499530000087, -35.01165187099997 ], [ 150.581499795000013, -35.011642861999974 ], [ 150.581477895000035, -35.011642424999934 ], [ 150.581477629000119, -35.011651434999976 ] ] ] ] } },
{ "type": "Feature", "properties": { "OBJECTID": 2239, "gridcode": 6, "Shape_Length": 3.9932181683340664e-05, "Shape_Area": 9.8716541253235563e-11 }, "geometry": { "type": "MultiPolygon", "coordinates": [ [ [ [ 150.581510215000094, -35.01166109899998 ], [ 150.581510481, -35.011652089999984 ], [ 150.581499530000087, -35.01165187099997 ], [ 150.581499265000048, -35.011660880999955 ], [ 150.581510215000094, -35.01166109899998 ] ] ] ] } },
{ "type": "Feature", "properties": { "OBJECTID": 2241, "gridcode": 6, "Shape_Length": 3.9931152551154713e-05, "Shape_Area": 9.8711927811512851e-11 }, "geometry": { "type": "MultiPolygon", "coordinates": [ [ [ [ 150.580973377000078, -35.011659409999936 ], [ 150.580973642000117, -35.011650399999951 ], [ 150.580962692000071, -35.011650181999983 ], [ 150.580962427000031, -35.011659190999978 ], [ 150.580973377000078, -35.011659409999936 ] ] ] ] } },
{ "type": "Feature", "properties": { "OBJECTID": 2246, "gridcode": 6, "Shape_Length": 5.7959004281059955e-05, "Shape_Area": 1.9743661748798861e-10 }, "geometry": { "type": "MultiPolygon", "coordinates": [ [ [ [ 150.580984858000079, -35.01164160899998 ], [ 150.58098432700001, -35.011659627999961 ], [ 150.580995278000046, -35.01165984599993 ], [ 150.580995809000115, -35.011641827999938 ], [ 150.580984858000079, -35.01164160899998 ] ] ] ] } },
{ "type": "Feature", "properties": { "OBJECTID": 2248, "gridcode": 6, "Shape_Length": 3.9932181681907748e-05, "Shape_Area": 9.8716541253235563e-11 }, "geometry": { "type": "MultiPolygon", "coordinates": [ [ [ [ 150.581509684000025, -35.011679117999961 ], [ 150.581509950000054, -35.011670107999976 ], [ 150.581498999000019, -35.011669889999951 ], [ 150.581498734000093, -35.011678898999946 ], [ 150.581509684000025, -35.011679117999961 ] ] ] ] } },
{ "type": "Feature", "properties": { "OBJECTID": 2250, "gridcode": 6, "Shape_Length": 3.9931162233556078e-05, "Shape_Area": 9.8710933616247543e-11 }, "geometry": { "type": "MultiPolygon", "coordinates": [ [ [ [ 150.580972846000122, -35.011677427999985 ], [ 150.580973112000038, -35.011668418999932 ], [ 150.580962161000116, -35.011668200999964 ], [ 150.580961896000076, -35.011677209999959 ], [ 150.580972846000122, -35.011677427999985 ] ] ] ] } },
{ "type": "Feature", "properties": { "OBJECTID": 2252, "gridcode": 6, "Shape_Length": 3.9931162177881375e-05, "Shape_Area": 9.8710933312561571e-11 }, "geometry": { "type": "MultiPolygon", "coordinates": [ [ [ [ 150.581487518000017, -35.011687689999974 ], [ 150.581487784000046, -35.011678680999978 ], [ 150.581476833000011, -35.011678462999953 ], [ 150.581476568000085, -35.011687471999949 ], [ 150.581487518000017, -35.011687689999974 ] ] ] ] } },
{ "type": "Feature", "properties": { "OBJECTID": 2259, "gridcode": 6, "Shape_Length": 3.9932132041131714e-05, "Shape_Area": 9.8717269730465986e-11 }, "geometry": { "type": "MultiPolygon", "coordinates": [ [ [ [ 150.581476037000016, -35.01170549099993 ], [ 150.581476302000056, -35.011696480999944 ], [ 150.581465352, -35.011696262999976 ], [ 150.581465087000083, -35.011705272999961 ], [ 150.581476037000016, -35.01170549099993 ] ] ] ] } },
{ "type": "Feature", "properties": { "OBJECTID": 2264, "gridcode": 6, "Shape_Length": 0.00010176972295903133, "Shape_Area": 3.948487454955308e-10 }, "geometry": { "type": "MultiPolygon", "coordinates": [ [ [ [ 150.580950414000085, -35.011695009999983 ], [ 150.580983266000089, -35.011695664999934 ], [ 150.580983797000044, -35.011677646999942 ], [ 150.580972846000122, -35.011677427999985 ], [ 150.580972581000083, -35.01168643799997 ], [ 150.580950680000115, -35.01168600099993 ], [ 150.580950414000085, -35.011695009999983 ] ] ] ] } },
{ "type": "Feature", "properties": { "OBJECTID": 2272, "gridcode": 6, "Shape_Length": 6.1835541673891823e-05, "Shape_Area": 1.9741762767968059e-10 }, "geometry": { "type": "MultiPolygon", "coordinates": [ [ [ [ 150.580949618000091, -35.011722037999959 ], [ 150.580971519000059, -35.011722474999942 ], [ 150.580971784000099, -35.011713465999946 ], [ 150.58094988400012, -35.011713028999964 ], [ 150.580949618000091, -35.011722037999959 ] ] ] ] } },
{ "type": "Feature", "properties": { "OBJECTID": 2312, "gridcode": 6, "Shape_Length": 3.9931152434148123e-05, "Shape_Area": 9.8711927286961784e-11 }, "geometry": { "type": "MultiPolygon", "coordinates": [ [ [ [ 150.580908804000046, -35.011991663999936 ], [ 150.580909069000086, -35.01198265499994 ], [ 150.58089811900004, -35.011982435999982 ], [ 150.580897854000114, -35.011991445999968 ], [ 150.580908804000046, -35.011991663999936 ] ] ] ] } },
{ "type": "Feature", "properties": { "OBJECTID": 2479, "gridcode": 6, "Shape_Length": 3.9931211237692446e-05, "Shape_Area": 9.8712145300023932e-11 }, "geometry": { "type": "MultiPolygon", "coordinates": [ [ [ [ 150.578034515000013, -35.012484204999964 ], [ 150.578034781000042, -35.012475194999979 ], [ 150.57802383100011, -35.012474976999954 ], [ 150.57802356500008, -35.01248398599995 ], [ 150.578034515000013, -35.012484204999964 ] ] ] ] } },
{ "type": "Feature", "properties": { "OBJECTID": 2493, "gridcode": 6, "Shape_Length": 0.00013394191009768422, "Shape_Area": 5.9228495807199152e-10 }, "geometry": { "type": "MultiPolygon", "coordinates": [ [ [ [ 150.578012348000016, -35.012492776999977 ], [ 150.57801208300009, -35.012501785999973 ], [ 150.578023033000022, -35.012502004999931 ], [ 150.57802356500008, -35.01248398599995 ], [ 150.578012614000045, -35.012483766999935 ], [ 150.578013411000029, -35.012456738999958 ], [ 150.578002461000096, -35.012456520999933 ], [ 150.578001398000083, -35.012492557999963 ], [ 150.578012348000016, -35.012492776999977 ] ] ] ] } },
{ "type": "Feature", "properties": { "OBJECTID": 2527, "gridcode": 6, "Shape_Length": 6.1837491747896253e-05, "Shape_Area": 1.9743273200723911e-10 }, "geometry": { "type": "MultiPolygon", "coordinates": [ [ [ [ 150.580603916000086, -35.012670697999965 ], [ 150.580625817000055, -35.012671133999959 ], [ 150.580626082000094, -35.012662124999963 ], [ 150.580604181000012, -35.01266168799998 ], [ 150.580603916000086, -35.012670697999965 ] ] ] ] } },
{ "type": "Feature", "properties": { "OBJECTID": 2529, "gridcode": 6, "Shape_Length": 6.1837491747895982e-05, "Shape_Area": 1.9743273200723911e-10 }, "geometry": { "type": "MultiPolygon", "coordinates": [ [ [ [ 150.580625552000015, -35.012680143999944 ], [ 150.580647453000097, -35.012680579999937 ], [ 150.580647718000023, -35.012671570999942 ], [ 150.580625817000055, -35.012671133999959 ], [ 150.580625552000015, -35.012680143999944 ] ] ] ] } },
{ "type": "Feature", "properties": { "OBJECTID": 2530, "gridcode": 6, "Shape_Length": 3.9932181737595062e-05, "Shape_Area": 9.8716541556921535e-11 }, "geometry": { "type": "MultiPolygon", "coordinates": [ [ [ [ 150.580658138000103, -35.012689807999948 ], [ 150.580658403000029, -35.012680798999952 ], [ 150.580647453000097, -35.012680579999937 ], [ 150.580647187000068, -35.012689589999979 ], [ 150.580658138000103, -35.012689807999948 ] ] ] ] } },
{ "type": "Feature", "properties": { "OBJECTID": 2535, "gridcode": 6, "Shape_Length": 3.9932181681907748e-05, "Shape_Area": 9.8716541253235563e-11 }, "geometry": { "type": "MultiPolygon", "coordinates": [ [ [ [ 150.58058121800002, -35.012697288999959 ], [ 150.580581484000049, -35.012688278999974 ], [ 150.580570533000014, -35.012688060999949 ], [ 150.580570268000088, -35.012697069999945 ], [ 150.58058121800002, -35.012697288999959 ] ] ] ] } },
{ "type": "Feature", "properties": { "OBJECTID": 2536, "gridcode": 6, "Shape_Length": 3.9932181681907742e-05, "Shape_Area": 9.8716541253235563e-11 }, "geometry": { "type": "MultiPolygon", "coordinates": [ [ [ [ 150.58066882300011, -35.012699035999958 ], [ 150.580669088000036, -35.012690026999962 ], [ 150.580658138000103, -35.012689807999948 ], [ 150.580657872000074, -35.012698817999933 ], [ 150.58066882300011, -35.012699035999958 ] ] ] ] } },
{ "type": "Feature", "properties": { "OBJECTID": 2541, "gridcode": 6, "Shape_Length": 3.9932231323299467e-05, "Shape_Area": 9.8715812760941652e-11 }, "geometry": { "type": "MultiPolygon", "coordinates": [ [ [ [ 150.578609581000023, -35.012675977999947 ], [ 150.578609847000052, -35.012666968999952 ], [ 150.578598896000017, -35.012666749999937 ], [ 150.578598630000101, -35.012675758999933 ], [ 150.578609581000023, -35.012675977999947 ] ] ] ] } },
{ "type": "Feature", "properties": { "OBJECTID": 2552, "gridcode": 6, "Shape_Length": 3.9931162294888352e-05, "Shape_Area": 9.8710933837055808e-11 }, "geometry": { "type": "MultiPolygon", "coordinates": [ [ [ [ 150.580591372000072, -35.012724534999961 ], [ 150.580591638000101, -35.012715525999965 ], [ 150.580580687000065, -35.01271530799994 ], [ 150.580580422000025, -35.012724316999936 ], [ 150.580591372000072, -35.012724534999961 ] ] ] ] } },
{ "type": "Feature", "properties": { "OBJECTID": 2556, "gridcode": 6, "Shape_Length": 5.7959983773458386e-05, "Shape_Area": 1.9744182642640463e-10 }, "geometry": { "type": "MultiPolygon", "coordinates": [ [ [ [ 150.58066882300011, -35.012699035999958 ], [ 150.580668292000041, -35.012717054999939 ], [ 150.580679243000077, -35.012717272999964 ], [ 150.580679774000032, -35.012699253999983 ], [ 150.58066882300011, -35.012699035999958 ] ] ] ] } },
{ "type": "Feature", "properties": { "OBJECTID": 2636, "gridcode": 6, "Shape_Length": 5.7960023670130838e-05, "Shape_Area": 1.9744235742080105e-10 }, "geometry": { "type": "MultiPolygon", "coordinates": [ [ [ [ 150.580610088000071, -35.012833083999965 ], [ 150.580609557000116, -35.012851102999946 ], [ 150.580620508000038, -35.01285132199996 ], [ 150.580621039000107, -35.012833302999979 ], [ 150.580610088000071, -35.012833083999965 ] ] ] ] } },
{ "type": "Feature", "properties": { "OBJECTID": 2646, "gridcode": 6, "Shape_Length": 7.5984806878367584e-05, "Shape_Area": 2.9614375215921274e-10 }, "geometry": { "type": "MultiPolygon", "coordinates": [ [ [ [ 150.580620508000038, -35.01285132199996 ], [ 150.580619711000054, -35.012878349999937 ], [ 150.58063066200009, -35.012878567999962 ], [ 150.580631458000084, -35.012851539999929 ], [ 150.580620508000038, -35.01285132199996 ] ] ] ] } },
{ "type": "Feature", "properties": { "OBJECTID": 2655, "gridcode": 6, "Shape_Length": 3.9932181739040832e-05, "Shape_Area": 9.8716541556921535e-11 }, "geometry": { "type": "MultiPolygon", "coordinates": [ [ [ [ 150.580564162000087, -35.01290428599998 ], [ 150.580564427000013, -35.012895275999938 ], [ 150.58055347700008, -35.01289505799997 ], [ 150.580553211000051, -35.012904066999965 ], [ 150.580564162000087, -35.01290428599998 ] ] ] ] } },
{ "type": "Feature", "properties": { "OBJECTID": 2669, "gridcode": 6, "Shape_Length": 3.9932181681895307e-05, "Shape_Area": 9.8716541253235563e-11 }, "geometry": { "type": "MultiPolygon", "coordinates": [ [ [ [ 150.580563365000103, -35.012931313999957 ], [ 150.580563631000018, -35.012922303999972 ], [ 150.580552680000096, -35.012922085999946 ], [ 150.580552415000056, -35.012931094999942 ], [ 150.580563365000103, -35.012931313999957 ] ] ] ] } },
{ "type": "Feature", "properties": { "OBJECTID": 2675, "gridcode": 6, "Shape_Length": 0.00011203946154250924, "Shape_Area": 4.9360030887837573e-10 }, "geometry": { "type": "MultiPolygon", "coordinates": [ [ [ [ 150.580630396000061, -35.012887576999958 ], [ 150.580629069000111, -35.012932623999973 ], [ 150.580640020000033, -35.01293284299993 ], [ 150.580641347000096, -35.012887795999973 ], [ 150.580630396000061, -35.012887576999958 ] ] ] ] } },
{ "type": "Feature", "properties": { "OBJECTID": 2704, "gridcode": 6, "Shape_Length": 7.598480682268025e-05, "Shape_Area": 2.9614375187061868e-10 }, "geometry": { "type": "MultiPolygon", "coordinates": [ [ [ [ 150.580540933000066, -35.012948895999955 ], [ 150.580540137000071, -35.012975923999932 ], [ 150.580551087000117, -35.012976141999957 ], [ 150.580551884000101, -35.01294911399998 ], [ 150.580540933000066, -35.012948895999955 ] ] ] ] } },
{ "type": "Feature", "properties": { "OBJECTID": 2716, "gridcode": 6, "Shape_Length": 3.9932181798914508e-05, "Shape_Area": 9.8716541777786643e-11 }, "geometry": { "type": "MultiPolygon", "coordinates": [ [ [ [ 150.580539340000087, -35.013002951999965 ], [ 150.580539606000116, -35.01299394199998 ], [ 150.58052865500008, -35.012993723999955 ], [ 150.58052839000004, -35.013002732999951 ], [ 150.580539340000087, -35.013002951999965 ] ] ] ] } },
{ "type": "Feature", "properties": { "OBJECTID": 2726, "gridcode": 6, "Shape_Length": 9.4012648657958652e-05, "Shape_Area": 3.9487870663768946e-10 }, "geometry": { "type": "MultiPolygon", "coordinates": [ [ [ [ 150.580638958000122, -35.01296887999996 ], [ 150.580637896000098, -35.013004916999932 ], [ 150.58064884700002, -35.013005135999947 ], [ 150.580649909000044, -35.012969097999928 ], [ 150.580638958000122, -35.01296887999996 ] ] ] ] } },
{ "type": "Feature", "properties": { "OBJECTID": 2735, "gridcode": 6, "Shape_Length": 3.9932181856047429e-05, "Shape_Area": 9.8716542081472602e-11 }, "geometry": { "type": "MultiPolygon", "coordinates": [ [ [ [ 150.580648316000065, -35.013023154999985 ], [ 150.580648581000105, -35.013014144999943 ], [ 150.580637631000059, -35.013013926999975 ], [ 150.58063736500003, -35.01302293599997 ], [ 150.580648316000065, -35.013023154999985 ] ] ] ] } },
{ "type": "Feature", "properties": { "OBJECTID": 2748, "gridcode": 6, "Shape_Length": 5.7959004332312326e-05, "Shape_Area": 1.9743661778948609e-10 }, "geometry": { "type": "MultiPolygon", "coordinates": [ [ [ [ 150.580528124000011, -35.013011742999936 ], [ 150.580527593000056, -35.013029760999984 ], [ 150.580538544000092, -35.013029979999942 ], [ 150.580539075000047, -35.013011960999961 ], [ 150.580528124000011, -35.013011742999936 ] ] ] ] } },
{ "type": "Feature", "properties": { "OBJECTID": 2749, "gridcode": 6, "Shape_Length": 3.9931162177881389e-05, "Shape_Area": 9.8710933312561571e-11 }, "geometry": { "type": "MultiPolygon", "coordinates": [ [ [ [ 150.58064778500011, -35.013041172999976 ], [ 150.580648050000036, -35.013032163999981 ], [ 150.580637100000104, -35.013031945999955 ], [ 150.580636834000074, -35.013040954999951 ], [ 150.58064778500011, -35.013041172999976 ] ] ] ] } },
{ "type": "Feature", "properties": { "OBJECTID": 2759, "gridcode": 6, "Shape_Length": 3.9932181800360027e-05, "Shape_Area": 9.8716541777786643e-11 }, "geometry": { "type": "MultiPolygon", "coordinates": [ [ [ [ 150.580526797000061, -35.013056789999951 ], [ 150.580527062000101, -35.013047779999965 ], [ 150.580516112000055, -35.01304756199994 ], [ 150.580515846000026, -35.013056570999936 ], [ 150.580526797000061, -35.013056789999951 ] ] ] ] } },
{ "type": "Feature", "properties": { "OBJECTID": 2764, "gridcode": 6, "Shape_Length": 3.9933210984514648e-05, "Shape_Area": 9.8721155508131813e-11 }, "geometry": { "type": "MultiPolygon", "coordinates": [ [ [ [ 150.578171879000024, -35.013027825999984 ], [ 150.578172145000053, -35.013018816999931 ], [ 150.578161194000018, -35.013018597999974 ], [ 150.578160928000102, -35.013027607999959 ], [ 150.578171879000024, -35.013027825999984 ] ] ] ] } },
{ "type": "Feature", "properties": { "OBJECTID": 2766, "gridcode": 6, "Shape_Length": 3.9932181737595062e-05, "Shape_Area": 9.8716541556921535e-11 }, "geometry": { "type": "MultiPolygon", "coordinates": [ [ [ [ 150.580526266000106, -35.013074807999942 ], [ 150.580526531000032, -35.013065798999946 ], [ 150.5805155810001, -35.013065579999932 ], [ 150.580515315000071, -35.013074589999974 ], [ 150.580526266000106, -35.013074807999942 ] ] ] ] } },
{ "type": "Feature", "properties": { "OBJECTID": 2784, "gridcode": 6, "Shape_Length": 9.4010649304450948e-05, "Shape_Area": 3.9484267361579418e-10 }, "geometry": { "type": "MultiPolygon", "coordinates": [ [ [ [ 150.580625353000073, -35.013058754999975 ], [ 150.580624291000049, -35.013094792999937 ], [ 150.580635241000095, -35.013095010999962 ], [ 150.580636303000119, -35.013058973999932 ], [ 150.580625353000073, -35.013058754999975 ] ] ] ] } },
{ "type": "Feature", "properties": { "OBJECTID": 2787, "gridcode": 6, "Shape_Length": 3.9932181681907748e-05, "Shape_Area": 9.8716541253235563e-11 }, "geometry": { "type": "MultiPolygon", "coordinates": [ [ [ [ 150.580634710000027, -35.013113029999943 ], [ 150.580634976000056, -35.013104019999957 ], [ 150.58062402500002, -35.013103801999932 ], [ 150.580623760000094, -35.013112810999928 ], [ 150.580634710000027, -35.013113029999943 ] ] ] ] } },
{ "type": "Feature", "properties": { "OBJECTID": 2795, "gridcode": 6, "Shape_Length": 9.4010649131755743e-05, "Shape_Area": 3.9484267127384533e-10 }, "geometry": { "type": "MultiPolygon", "coordinates": [ [ [ [ 150.580515050000031, -35.01308359899997 ], [ 150.580513988000121, -35.013119636999932 ], [ 150.580524938000053, -35.013119854999957 ], [ 150.580526, -35.013083817999984 ], [ 150.580515050000031, -35.01308359899997 ] ] ] ] } },
{ "type": "Feature", "properties": { "OBJECTID": 2804, "gridcode": 6, "Shape_Length": 3.9933210984519839e-05, "Shape_Area": 9.8721155508131813e-11 }, "geometry": { "type": "MultiPolygon", "coordinates": [ [ [ [ 150.580523611000103, -35.013164901999971 ], [ 150.580523877000019, -35.013155891999929 ], [ 150.580512926000097, -35.013155673999961 ], [ 150.580512660000068, -35.013164682999957 ], [ 150.580523611000103, -35.013164901999971 ] ] ] ] } },
{ "type": "Feature", "properties": { "OBJECTID": 2822, "gridcode": 6, "Shape_Length": 3.9932181737595062e-05, "Shape_Area": 9.8716541556921535e-11 }, "geometry": { "type": "MultiPolygon", "coordinates": [ [ [ [ 150.580511598000044, -35.013200720999976 ], [ 150.580511864000073, -35.013191710999934 ], [ 150.580500913000037, -35.013191492999965 ], [ 150.580500648000111, -35.013200501999961 ], [ 150.580511598000044, -35.013200720999976 ] ] ] ] } },
{ "type": "Feature", "properties": { "OBJECTID": 2826, "gridcode": 6, "Shape_Length": 8.3744909351138528e-05, "Shape_Area": 2.9617074957057984e-10 }, "geometry": { "type": "MultiPolygon", "coordinates": [ [ [ [ 150.580467530000078, -35.013208856999938 ], [ 150.580500382000082, -35.013209511999946 ], [ 150.580500648000111, -35.013200501999961 ], [ 150.580467796000107, -35.013199846999953 ], [ 150.580467530000078, -35.013208856999938 ] ] ] ] } },
{ "type": "Feature", "properties": { "OBJECTID": 2828, "gridcode": 6, "Shape_Length": 0.00024210474491304597, "Shape_Area": 1.184634824753539e-09 }, "geometry": { "type": "MultiPolygon", "coordinates": [ [ [ [ 150.580600266000033, -35.013166430999945 ], [ 150.580598938000094, -35.01321147799996 ], [ 150.580609889000016, -35.013211695999985 ], [ 150.58061095100004, -35.013175657999966 ], [ 150.580621902000075, -35.013175876999981 ], [ 150.580623760000094, -35.013112810999928 ], [ 150.580612809000058, -35.01311259299996 ], [ 150.580611216000079, -35.01316664899997 ], [ 150.580600266000033, -35.013166430999945 ] ] ] ] } },
{ "type": "Feature", "properties": { "OBJECTID": 2831, "gridcode": 6, "Shape_Length": 8.3743870834612918e-05, "Shape_Area": 2.9615380124982687e-10 }, "geometry": { "type": "MultiPolygon", "coordinates": [ [ [ [ 150.580412512000066, -35.013216773999943 ], [ 150.58044536400007, -35.013217428999951 ], [ 150.58044562900011, -35.013208419999955 ], [ 150.580412777000106, -35.013207763999958 ], [ 150.580412512000066, -35.013216773999943 ] ] ] ] } },
{ "type": "Feature", "properties": { "OBJECTID": 2836, "gridcode": 6, "Shape_Length": 3.9932181679639753e-05, "Shape_Area": 9.871654123814364e-11 }, "geometry": { "type": "MultiPolygon", "coordinates": [ [ [ [ 150.580532438000091, -35.013237194999931 ], [ 150.580532703000017, -35.013228185999935 ], [ 150.580521753000085, -35.013227966999978 ], [ 150.580521487000055, -35.013236976999963 ], [ 150.580532438000091, -35.013237194999931 ] ] ] ] } },
{ "type": "Feature", "properties": { "OBJECTID": 2842, "gridcode": 6, "Shape_Length": 3.9932191541383892e-05, "Shape_Area": 9.8715547273156303e-11 }, "geometry": { "type": "MultiPolygon", "coordinates": [ [ [ [ 150.58047741900009, -35.013245111999936 ], [ 150.580477685000119, -35.01323610299994 ], [ 150.580466734000083, -35.013235884999972 ], [ 150.580466468000054, -35.013244893999968 ], [ 150.58047741900009, -35.013245111999936 ] ] ] ] } },
{ "type": "Feature", "properties": { "OBJECTID": 2845, "gridcode": 6, "Shape_Length": 6.1837491747896253e-05, "Shape_Area": 1.9743273200723911e-10 }, "geometry": { "type": "MultiPolygon", "coordinates": [ [ [ [ 150.580609093000021, -35.013238723999962 ], [ 150.580630994000103, -35.013239160999944 ], [ 150.580631259000029, -35.013230150999959 ], [ 150.580609358000061, -35.013229714999966 ], [ 150.580609093000021, -35.013238723999962 ] ] ] ] } },
{ "type": "Feature", "properties": { "OBJECTID": 2850, "gridcode": 6, "Shape_Length": 3.9932181739028052e-05, "Shape_Area": 9.8716541556921535e-11 }, "geometry": { "type": "MultiPolygon", "coordinates": [ [ [ [ 150.580488104000096, -35.013254339999946 ], [ 150.580488370000012, -35.013245330999951 ], [ 150.58047741900009, -35.013245111999936 ], [ 150.58047715400005, -35.013254121999978 ], [ 150.580488104000096, -35.013254339999946 ] ] ] ] } },
{ "type": "Feature", "properties": { "OBJECTID": 2854, "gridcode": 6, "Shape_Length": 3.9931162177868771e-05, "Shape_Area": 9.8710933312561571e-11 }, "geometry": { "type": "MultiPolygon", "coordinates": [ [ [ [ 150.580564493000111, -35.013264877999973 ], [ 150.580564759000026, -35.013255868999977 ], [ 150.580553808000104, -35.013255650999952 ], [ 150.580553543000065, -35.013264659999948 ], [ 150.580564493000111, -35.013264877999973 ] ] ] ] } },
{ "type": "Feature", "properties": { "OBJECTID": 2861, "gridcode": 6, "Shape_Length": 3.9931162350575665e-05, "Shape_Area": 9.8710934140741767e-11 }, "geometry": { "type": "MultiPolygon", "coordinates": [ [ [ [ 150.580498524000063, -35.013272576999952 ], [ 150.580498789000103, -35.013263567999957 ], [ 150.580487839000057, -35.013263349999932 ], [ 150.580487573000028, -35.013272358999984 ], [ 150.580498524000063, -35.013272576999952 ] ] ] ] } },
{ "type": "Feature", "properties": { "OBJECTID": 2864, "gridcode": 6, "Shape_Length": 7.9865352856572827e-05, "Shape_Area": 2.9614849727353391e-10 }, "geometry": { "type": "MultiPolygon", "coordinates": [ [ [ [ 150.580531376000067, -35.01327323299995 ], [ 150.580553277000035, -35.013273668999943 ], [ 150.580553543000065, -35.013264659999948 ], [ 150.580542592000029, -35.013264441999979 ], [ 150.580542858000058, -35.013255431999937 ], [ 150.580531907000022, -35.013255213999969 ], [ 150.580531376000067, -35.01327323299995 ] ] ] ] } },
{ "type": "Feature", "properties": { "OBJECTID": 2865, "gridcode": 6, "Shape_Length": 3.9932181854601822e-05, "Shape_Area": 9.8716542081472602e-11 }, "geometry": { "type": "MultiPolygon", "coordinates": [ [ [ [ 150.580607765000082, -35.013283770999976 ], [ 150.580608031000111, -35.013274760999934 ], [ 150.580597080000075, -35.013274542999966 ], [ 150.580596815000035, -35.013283551999962 ], [ 150.580607765000082, -35.013283770999976 ] ] ] ] } },
{ "type": "Feature", "properties": { "OBJECTID": 2878, "gridcode": 6, "Shape_Length": 3.9933210818523302e-05, "Shape_Area": 9.8721154704735357e-11 }, "geometry": { "type": "MultiPolygon", "coordinates": [ [ [ [ 150.580662253000014, -35.013293871999963 ], [ 150.580662519000043, -35.013284862999967 ], [ 150.580651568000121, -35.013284643999953 ], [ 150.580651302000092, -35.013293653999938 ], [ 150.580662253000014, -35.013293871999963 ] ] ] ] } },
{ "type": "Feature", "properties": { "OBJECTID": 2912, "gridcode": 6, "Shape_Length": 3.9933211101539039e-05, "Shape_Area": 9.872115603268288e-11 }, "geometry": { "type": "MultiPolygon", "coordinates": [ [ [ [ 150.578574187000072, -35.013504618999946 ], [ 150.578574453000101, -35.01349560999995 ], [ 150.578563502000065, -35.013495390999935 ], [ 150.578563236000036, -35.013504400999977 ], [ 150.578574187000072, -35.013504618999946 ] ] ] ] } },
{ "type": "Feature", "properties": { "OBJECTID": 2913, "gridcode": 6, "Shape_Length": 6.1837541365046431e-05, "Shape_Area": 1.9742663707166437e-10 }, "geometry": { "type": "MultiPolygon", "coordinates": [ [ [ [ 150.578574453000101, -35.01349560999995 ], [ 150.578596354000069, -35.013496046999933 ], [ 150.578596620000098, -35.013487037999937 ], [ 150.578574718000027, -35.013486600999954 ], [ 150.578574453000101, -35.01349560999995 ] ] ] ] } },
{ "type": "Feature", "properties": { "OBJECTID": 2915, "gridcode": 6, "Shape_Length": 3.9933211045851726e-05, "Shape_Area": 9.8721155728996908e-11 }, "geometry": { "type": "MultiPolygon", "coordinates": [ [ [ [ 150.578562439000052, -35.013531428999954 ], [ 150.578562705000081, -35.013522418999969 ], [ 150.578551754000046, -35.013522200999944 ], [ 150.578551488000016, -35.01353120999994 ], [ 150.578562439000052, -35.013531428999954 ] ] ] ] } },
{ "type": "Feature", "properties": { "OBJECTID": 2929, "gridcode": 6, "Shape_Length": 0.00058734359030830055, "Shape_Area": 6.8114533965102486e-09 }, "geometry": { "type": "MultiPolygon", "coordinates": [ [ [ [ 150.578513854000107, -35.013692722999963 ], [ 150.578513588000078, -35.013701731999959 ], [ 150.578524539000114, -35.013701950999973 ], [ 150.578525867000053, -35.013656903999959 ], [ 150.578514916000017, -35.013656684999944 ], [ 150.578515979000031, -35.013620647999971 ], [ 150.578526930000066, -35.01362086599994 ], [ 150.578527196000096, -35.013611856999944 ], [ 150.578538146000028, -35.013612075999959 ], [ 150.578538678000086, -35.013594056999978 ], [ 150.578549628000019, -35.013594275999935 ], [ 150.578550426000106, -35.013567247999958 ], [ 150.578561376000039, -35.013567465999984 ], [ 150.578561642000068, -35.013558456999931 ], [ 150.578583543000036, -35.013558893999971 ], [ 150.578583809000065, -35.013549884999975 ], [ 150.57857285800003, -35.01354966599996 ], [ 150.578573124000059, -35.013540656999965 ], [ 150.578540272000055, -35.013540000999967 ], [ 150.578540006000026, -35.013549009999963 ], [ 150.578529056000093, -35.013548791999938 ], [ 150.578528790000064, -35.013557800999934 ], [ 150.578517839000028, -35.013557581999976 ], [ 150.578517573000113, -35.013566591999961 ], [ 150.578495672000031, -35.013566154999978 ], [ 150.578495406000116, -35.013575163999974 ], [ 150.578484456000069, -35.013574944999959 ], [ 150.57848419000004, -35.013583954999945 ], [ 150.578473239000118, -35.01358373599993 ], [ 150.57847244200002, -35.013610763999964 ], [ 150.578483393000056, -35.013610982999978 ], [ 150.578482861000111, -35.01362900099997 ], [ 150.578493812000033, -35.013629219999984 ], [ 150.578493015000049, -35.013656247999961 ], [ 150.578482064000013, -35.013656028999947 ], [ 150.578481533000058, -35.013674047999984 ], [ 150.578492484000094, -35.013674266999942 ], [ 150.578492218000065, -35.013683275999938 ], [ 150.578503169000101, -35.013683494999952 ], [ 150.578502903000071, -35.013692503999948 ], [ 150.578513854000107, -35.013692722999963 ] ] ] ] } },
{ "type": "Feature", "properties": { "OBJECTID": 2930, "gridcode": 6, "Shape_Length": 3.9931162175618577e-05, "Shape_Area": 9.8710933297469648e-11 }, "geometry": { "type": "MultiPolygon", "coordinates": [ [ [ [ 150.57853522400012, -35.013711177999937 ], [ 150.578535489000046, -35.013702168999941 ], [ 150.578524539000114, -35.013701950999973 ], [ 150.578524273000085, -35.013710959999969 ], [ 150.57853522400012, -35.013711177999937 ] ] ] ] } },
{ "type": "Feature", "properties": { "OBJECTID": 2934, "gridcode": 6, "Shape_Length": 5.7959053419818772e-05, "Shape_Area": 1.9743345781106469e-10 }, "geometry": { "type": "MultiPolygon", "coordinates": [ [ [ [ 150.57853522400012, -35.013711177999937 ], [ 150.578534692000062, -35.013729196999975 ], [ 150.578545643000098, -35.013729415999933 ], [ 150.578546174000053, -35.013711396999952 ], [ 150.57853522400012, -35.013711177999937 ] ] ] ] } },
{ "type": "Feature", "properties": { "OBJECTID": 2940, "gridcode": 6, "Shape_Length": 3.9932181800360027e-05, "Shape_Area": 9.8716541777786643e-11 }, "geometry": { "type": "MultiPolygon", "coordinates": [ [ [ [ 150.578554999000062, -35.013783689999968 ], [ 150.578555265000091, -35.013774680999973 ], [ 150.578544314000055, -35.013774461999958 ], [ 150.578544049000016, -35.013783471999943 ], [ 150.578554999000062, -35.013783689999968 ] ] ] ] } },
{ "type": "Feature", "properties": { "OBJECTID": 2963, "gridcode": 6, "Shape_Length": 9.401270788335757e-05, "Shape_Area": 3.9487892957381801e-10 }, "geometry": { "type": "MultiPolygon", "coordinates": [ [ [ [ 150.578471967000041, -35.013998383999933 ], [ 150.578470904000028, -35.014034421999952 ], [ 150.578481855000064, -35.014034639999977 ], [ 150.578482918000077, -35.013998602999948 ], [ 150.578471967000041, -35.013998383999933 ] ] ] ] } },
{ "type": "Feature", "properties": { "OBJECTID": 2971, "gridcode": 6, "Shape_Length": 3.9932181737582621e-05, "Shape_Area": 9.8716541556921535e-11 }, "geometry": { "type": "MultiPolygon", "coordinates": [ [ [ [ 150.578491212000017, -35.014088914999945 ], [ 150.578491477000057, -35.014079905999949 ], [ 150.578480527000011, -35.014079686999935 ], [ 150.578480261000095, -35.014088696999977 ], [ 150.578491212000017, -35.014088914999945 ] ] ] ] } },
{ "type": "Feature", "properties": { "OBJECTID": 2976, "gridcode": 6, "Shape_Length": 7.5986855629328254e-05, "Shape_Area": 2.9616324895303506e-10 }, "geometry": { "type": "MultiPolygon", "coordinates": [ [ [ [ 150.578479995000066, -35.014097705999973 ], [ 150.578479198000082, -35.01412473399995 ], [ 150.578490149000118, -35.014124952999964 ], [ 150.578490946000102, -35.014097923999941 ], [ 150.578479995000066, -35.014097705999973 ] ] ] ] } },
{ "type": "Feature", "properties": { "OBJECTID": 2978, "gridcode": 6, "Shape_Length": 3.9933210984519839e-05, "Shape_Area": 9.8721155508131813e-11 }, "geometry": { "type": "MultiPolygon", "coordinates": [ [ [ [ 150.578500568000095, -35.01414318999997 ], [ 150.57850083400001, -35.014134179999928 ], [ 150.578489883000088, -35.01413396199996 ], [ 150.578489617000059, -35.014142970999956 ], [ 150.578500568000095, -35.01414318999997 ] ] ] ] } },
{ "type": "Feature", "properties": { "OBJECTID": 2983, "gridcode": 6, "Shape_Length": 5.7959004222002161e-05, "Shape_Area": 1.9743661677767324e-10 }, "geometry": { "type": "MultiPolygon", "coordinates": [ [ [ [ 150.578500568000095, -35.01414318999997 ], [ 150.578500037000026, -35.014161207999962 ], [ 150.578510988000062, -35.014161426999976 ], [ 150.578511519000017, -35.014143407999939 ], [ 150.578500568000095, -35.01414318999997 ] ] ] ] } },
{ "type": "Feature", "properties": { "OBJECTID": 2984, "gridcode": 6, "Shape_Length": 3.9933210928832525e-05, "Shape_Area": 9.8721155204445854e-11 }, "geometry": { "type": "MultiPolygon", "coordinates": [ [ [ [ 150.578510456000117, -35.014179445999957 ], [ 150.578510722000033, -35.014170435999972 ], [ 150.578499771000111, -35.014170217999947 ], [ 150.578499505000082, -35.014179226999943 ], [ 150.578510456000117, -35.014179445999957 ] ] ] ] } },
{ "type": "Feature", "properties": { "OBJECTID": 2988, "gridcode": 6, "Shape_Length": 3.9931162292625547e-05, "Shape_Area": 9.8710933821963872e-11 }, "geometry": { "type": "MultiPolygon", "coordinates": [ [ [ [ 150.578509925000048, -35.014197463999949 ], [ 150.578510190000088, -35.014188454999953 ], [ 150.578499240000042, -35.014188236999985 ], [ 150.578498974000013, -35.014197245999981 ], [ 150.578509925000048, -35.014197463999949 ] ] ] ] } },
{ "type": "Feature", "properties": { "OBJECTID": 2990, "gridcode": 6, "Shape_Length": 3.9933152134253673e-05, "Shape_Area": 9.8720937231287778e-11 }, "geometry": { "type": "MultiPolygon", "coordinates": [ [ [ [ 150.578498443000058, -35.014215264999962 ], [ 150.578498708000097, -35.014206254999976 ], [ 150.578487757000062, -35.014206036999951 ], [ 150.578487492000022, -35.014215045999947 ], [ 150.578498443000058, -35.014215264999962 ] ] ] ] } },
{ "type": "Feature", "properties": { "OBJECTID": 3012, "gridcode": 6, "Shape_Length": 0.00055768807489651822, "Shape_Area": 4.7384495645001727e-09 }, "geometry": { "type": "MultiPolygon", "coordinates": [ [ [ [ 150.57850514200004, -35.01435963299997 ], [ 150.578503813000111, -35.014404678999938 ], [ 150.578514764000033, -35.014404897999952 ], [ 150.57851689000006, -35.014332822999961 ], [ 150.578505939000024, -35.014332604999936 ], [ 150.578506205000053, -35.014323594999951 ], [ 150.578517156000089, -35.014323813999965 ], [ 150.578517687000044, -35.014305794999984 ], [ 150.578506736000122, -35.014305576999959 ], [ 150.578507002000038, -35.014296566999974 ], [ 150.578517953000073, -35.014296785999932 ], [ 150.578518484000028, -35.014278766999951 ], [ 150.578507533000106, -35.014278548999982 ], [ 150.578507799000022, -35.01426953899994 ], [ 150.578518750000057, -35.014269757999955 ], [ 150.578519281000013, -35.014251738999974 ], [ 150.578508330000091, -35.014251520999949 ], [ 150.578508862000035, -35.014233501999968 ], [ 150.578497911000113, -35.014233282999953 ], [ 150.578498177000029, -35.014224273999957 ], [ 150.578487226000107, -35.014224054999943 ], [ 150.578486960000077, -35.014233064999985 ], [ 150.578465059000109, -35.014232626999956 ], [ 150.578464262000011, -35.014259654999933 ], [ 150.578475212000058, -35.014259873999947 ], [ 150.578474415000073, -35.014286901999981 ], [ 150.578485366000109, -35.014287120999938 ], [ 150.57848510000008, -35.014296129999934 ], [ 150.578496051000116, -35.014296348999949 ], [ 150.578495254000018, -35.014323376999982 ], [ 150.578484303000096, -35.014323157999968 ], [ 150.578483506000111, -35.014350185999945 ], [ 150.578494457000033, -35.014350404999959 ], [ 150.578494191000118, -35.014359413999955 ], [ 150.57850514200004, -35.01435963299997 ] ] ] ] } },
{ "type": "Feature", "properties": { "OBJECTID": 3019, "gridcode": 6, "Shape_Length": 8.3743929746210957e-05, "Shape_Area": 2.9615445674289742e-10 }, "geometry": { "type": "MultiPolygon", "coordinates": [ [ [ [ 150.578633629000024, -35.014461358999938 ], [ 150.578666481000027, -35.014462013999946 ], [ 150.578666747000057, -35.01445300499995 ], [ 150.578633895000053, -35.014452348999953 ], [ 150.578633629000024, -35.014461358999938 ] ] ] ] } },
{ "type": "Feature", "properties": { "OBJECTID": 3021, "gridcode": 6, "Shape_Length": 3.9931201966053407e-05, "Shape_Area": 9.871119831007772e-11 }, "geometry": { "type": "MultiPolygon", "coordinates": [ [ [ [ 150.578468304000012, -35.01449411699997 ], [ 150.578468569000052, -35.014485107999974 ], [ 150.578457619000119, -35.014484888999959 ], [ 150.57845735300009, -35.014493897999955 ], [ 150.578468304000012, -35.01449411699997 ] ] ] ] } },
{ "type": "Feature", "properties": { "OBJECTID": 3022, "gridcode": 6, "Shape_Length": 3.9932181681895307e-05, "Shape_Area": 9.8716541253235563e-11 }, "geometry": { "type": "MultiPolygon", "coordinates": [ [ [ [ 150.578566595000098, -35.014505093999958 ], [ 150.578566861000013, -35.014496083999973 ], [ 150.578555910000091, -35.014495865999947 ], [ 150.578555645000051, -35.014504874999943 ], [ 150.578566595000098, -35.014505093999958 ] ] ] ] } },
{ "type": "Feature", "properties": { "OBJECTID": 3049, "gridcode": 6, "Shape_Length": 6.1837541365046431e-05, "Shape_Area": 1.9742663707166437e-10 }, "geometry": { "type": "MultiPolygon", "coordinates": [ [ [ [ 150.578659042000027, -35.01471427599995 ], [ 150.578680944000098, -35.014714712999933 ], [ 150.578681209000024, -35.014705703999937 ], [ 150.578659308000056, -35.014705266999954 ], [ 150.578659042000027, -35.01471427599995 ] ] ] ] } },
{ "type": "Feature", "properties": { "OBJECTID": 3058, "gridcode": 6, "Shape_Length": 3.9933210928832525e-05, "Shape_Area": 9.8721155204445854e-11 }, "geometry": { "type": "MultiPolygon", "coordinates": [ [ [ [ 150.578721027000029, -35.014841717999957 ], [ 150.578721293000058, -35.014832708999961 ], [ 150.578710342000022, -35.014832489999947 ], [ 150.578710076000107, -35.014841499999932 ], [ 150.578721027000029, -35.014841717999957 ] ] ] ] } },
{ "type": "Feature", "properties": { "OBJECTID": 3061, "gridcode": 6, "Shape_Length": 0.0015277082522114954, "Shape_Area": 2.5666654325449543e-08 }, "geometry": { "type": "MultiPolygon", "coordinates": [ [ [ [ 150.578666273000067, -35.014840624999977 ], [ 150.57869912600006, -35.014841280999974 ], [ 150.578699657000016, -35.014823262999982 ], [ 150.578688706000094, -35.014823043999968 ], [ 150.578688440000064, -35.014832052999964 ], [ 150.578677489000029, -35.014831834999939 ], [ 150.578677755000058, -35.014822824999953 ], [ 150.578688706000094, -35.014823043999968 ], [ 150.578688972, -35.014814034999972 ], [ 150.578699923000045, -35.01481425299994 ], [ 150.578700188000084, -35.014805243999945 ], [ 150.578689237000049, -35.01480502499993 ], [ 150.578689503000078, -35.014796015999934 ], [ 150.57866760100012, -35.014795578999951 ], [ 150.578667867000036, -35.014786568999966 ], [ 150.578645965000078, -35.014786131999983 ], [ 150.578646231000107, -35.014777122999931 ], [ 150.578635280000071, -35.014776903999973 ], [ 150.578635812000016, -35.014758885999981 ], [ 150.578657713000098, -35.014759322999964 ], [ 150.578657979000013, -35.014750312999979 ], [ 150.578636077000056, -35.014749875999939 ], [ 150.578637140000069, -35.014713838999967 ], [ 150.578648091000105, -35.014714056999935 ], [ 150.57864835700002, -35.014705047999939 ], [ 150.578637406000098, -35.014704829999971 ], [ 150.578637672000013, -35.014695819999929 ], [ 150.578626721000091, -35.014695601999961 ], [ 150.578626986000017, -35.014686591999975 ], [ 150.578616036000085, -35.01468637399995 ], [ 150.578616301000011, -35.014677363999965 ], [ 150.578605350000089, -35.01467714599994 ], [ 150.578605616000118, -35.014668135999955 ], [ 150.578572764000114, -35.014667480999947 ], [ 150.57857302900004, -35.014658470999962 ], [ 150.578583980000076, -35.014658689999976 ], [ 150.57858451200002, -35.014640670999938 ], [ 150.578573561000098, -35.01464045299997 ], [ 150.578574358000083, -35.014613424999936 ], [ 150.578563407000047, -35.014613205999979 ], [ 150.578563938000116, -35.014595186999941 ], [ 150.578542037000034, -35.014594749999958 ], [ 150.578542568000103, -35.014576730999977 ], [ 150.578531617000067, -35.014576512999952 ], [ 150.578531883000096, -35.014567502999967 ], [ 150.57852093200006, -35.014567284999941 ], [ 150.578521995000074, -35.014531246999979 ], [ 150.578532946000109, -35.014531465999937 ], [ 150.578533212000025, -35.014522456999941 ], [ 150.578522261000103, -35.014522237999984 ], [ 150.578522526000029, -35.014513228999931 ], [ 150.578533477000065, -35.014513446999956 ], [ 150.578533212000025, -35.014522456999941 ], [ 150.578544162000071, -35.014522674999967 ], [ 150.5785444280001, -35.014513665999971 ], [ 150.578555379000022, -35.014513884999928 ], [ 150.578555645000051, -35.014504874999943 ], [ 150.578533743000094, -35.01450443799996 ], [ 150.578534274000049, -35.014486418999979 ], [ 150.578490471, -35.014485544999957 ], [ 150.578490205000094, -35.014494553999953 ], [ 150.578479255000047, -35.014494335999984 ], [ 150.578478457000074, -35.014521363999961 ], [ 150.578467507000028, -35.014521144999947 ], [ 150.57846564700003, -35.014584209999953 ], [ 150.578476597000076, -35.014584428999967 ], [ 150.578476066000121, -35.014602447999948 ], [ 150.578487017000043, -35.014602665999973 ], [ 150.578486751000014, -35.014611675999959 ], [ 150.57849770200005, -35.014611893999984 ], [ 150.578497436000021, -35.014620903999969 ], [ 150.578508387000056, -35.014621121999937 ], [ 150.578507590000072, -35.014648149999971 ], [ 150.578485688000114, -35.014647712999931 ], [ 150.578485423000075, -35.014656721999984 ], [ 150.578474472000039, -35.014656503999959 ], [ 150.57847420600001, -35.014665512999954 ], [ 150.578485157000046, -35.014665731999969 ], [ 150.578484625000101, -35.014683749999961 ], [ 150.578506527000059, -35.014684187999933 ], [ 150.57850626100003, -35.014693196999929 ], [ 150.578517212000065, -35.014693415999943 ], [ 150.578516946000036, -35.014702424999939 ], [ 150.578538848000107, -35.014702861999979 ], [ 150.578538582000078, -35.014711870999975 ], [ 150.578560484000036, -35.014712308999947 ], [ 150.578560218000121, -35.014721317999943 ], [ 150.578571169000043, -35.014721536999957 ], [ 150.578570904000117, -35.014730545999953 ], [ 150.578581854000049, -35.014730764999968 ], [ 150.578581589, -35.014739773999963 ], [ 150.578592540000045, -35.014739992999978 ], [ 150.578592274000016, -35.014749001999974 ], [ 150.578581323000094, -35.014748782999959 ], [ 150.57858052600011, -35.014775810999936 ], [ 150.578602428000067, -35.014776247999976 ], [ 150.578602162000038, -35.014785257999961 ], [ 150.578613113000074, -35.014785475999929 ], [ 150.578611784000032, -35.014830522999944 ], [ 150.578666539000096, -35.014831615999981 ], [ 150.578666273000067, -35.014840624999977 ] ] ] ] } },
{ "type": "Feature", "properties": { "OBJECTID": 3067, "gridcode": 6, "Shape_Length": 6.1838560951283389e-05, "Shape_Area": 1.9743772108447465e-10 }, "geometry": { "type": "MultiPolygon", "coordinates": [ [ [ [ 150.578720762000103, -35.014850727999942 ], [ 150.578742663000071, -35.014851164999982 ], [ 150.5787429290001, -35.014842155999929 ], [ 150.578721027000029, -35.014841717999957 ], [ 150.578720762000103, -35.014850727999942 ] ] ] ] } },
{ "type": "Feature", "properties": { "OBJECTID": 3074, "gridcode": 6, "Shape_Length": 6.1837541254724875e-05, "Shape_Area": 1.9742663658440259e-10 }, "geometry": { "type": "MultiPolygon", "coordinates": [ [ [ [ 150.578829739000071, -35.014870931999951 ], [ 150.578851641000028, -35.014871368999934 ], [ 150.578851906000068, -35.014862359999938 ], [ 150.5788300050001, -35.014861922999955 ], [ 150.578829739000071, -35.014870931999951 ] ] ] ] } },
{ "type": "Feature", "properties": { "OBJECTID": 3077, "gridcode": 6, "Shape_Length": 6.1838570670844333e-05, "Shape_Area": 1.9743136065175853e-10 }, "geometry": { "type": "MultiPolygon", "coordinates": [ [ [ [ 150.578895178000039, -35.014881252999942 ], [ 150.57891708000011, -35.014881689999982 ], [ 150.578917346000026, -35.014872680999929 ], [ 150.578895444000068, -35.014872243999946 ], [ 150.578895178000039, -35.014881252999942 ] ] ] ] } },
{ "type": "Feature", "properties": { "OBJECTID": 3078, "gridcode": 6, "Shape_Length": 3.9933211045851726e-05, "Shape_Area": 9.8721155728996908e-11 }, "geometry": { "type": "MultiPolygon", "coordinates": [ [ [ [ 150.578949667000074, -35.014891354999975 ], [ 150.578949933000104, -35.014882345999979 ], [ 150.578938982000068, -35.014882126999964 ], [ 150.578938716000039, -35.01489113699995 ], [ 150.578949667000074, -35.014891354999975 ] ] ] ] } },
{ "type": "Feature", "properties": { "OBJECTID": 3080, "gridcode": 6, "Shape_Length": 3.9933210928832525e-05, "Shape_Area": 9.8721155204445854e-11 }, "geometry": { "type": "MultiPolygon", "coordinates": [ [ [ [ 150.578971569000032, -35.014891791999958 ], [ 150.578971835000061, -35.014882782999962 ], [ 150.578960884000026, -35.014882563999947 ], [ 150.57896061800011, -35.014891573999932 ], [ 150.578971569000032, -35.014891791999958 ] ] ] ] } },
{ "type": "Feature", "properties": { "OBJECTID": 3083, "gridcode": 6, "Shape_Length": 3.9932231496000954e-05, "Shape_Area": 9.8715813589178677e-11 }, "geometry": { "type": "MultiPolygon", "coordinates": [ [ [ [ 150.578993205000074, -35.014901238999983 ], [ 150.578993471000103, -35.01489222999993 ], [ 150.578982520000068, -35.014892010999972 ], [ 150.578982254000039, -35.014901019999968 ], [ 150.578993205000074, -35.014901238999983 ] ] ] ] } },
{ "type": "Feature", "properties": { "OBJECTID": 3098, "gridcode": 6, "Shape_Length": 3.9933211101539039e-05, "Shape_Area": 9.872115603268288e-11 }, "geometry": { "type": "MultiPolygon", "coordinates": [ [ [ [ 150.579342305000068, -35.01495327899994 ], [ 150.579342571000097, -35.014944269999944 ], [ 150.579331620000062, -35.014944050999929 ], [ 150.579331354000033, -35.014953060999972 ], [ 150.579342305000068, -35.01495327899994 ] ] ] ] } },
{ "type": "Feature", "properties": { "OBJECTID": 3105, "gridcode": 6, "Shape_Length": 3.9933210926564638e-05, "Shape_Area": 9.8721155189325497e-11 }, "geometry": { "type": "MultiPolygon", "coordinates": [ [ [ [ 150.579276334000042, -35.01496097699993 ], [ 150.579276600000071, -35.014951967999934 ], [ 150.579265649000035, -35.014951748999977 ], [ 150.57926538300012, -35.014960758999962 ], [ 150.579276334000042, -35.01496097699993 ] ] ] ] } },
{ "type": "Feature", "properties": { "OBJECTID": 3110, "gridcode": 6, "Shape_Length": 3.9932181798914508e-05, "Shape_Area": 9.8716541777786643e-11 }, "geometry": { "type": "MultiPolygon", "coordinates": [ [ [ [ 150.580743754000082, -35.014990252999951 ], [ 150.580744020000111, -35.014981242999966 ], [ 150.580733069000075, -35.01498102499994 ], [ 150.580732804000036, -35.014990033999936 ], [ 150.580743754000082, -35.014990252999951 ] ] ] ] } },
{ "type": "Feature", "properties": { "OBJECTID": 3113, "gridcode": 6, "Shape_Length": 5.7959983829145787e-05, "Shape_Area": 1.9744182672255883e-10 }, "geometry": { "type": "MultiPolygon", "coordinates": [ [ [ [ 150.580755502000102, -35.014963442999942 ], [ 150.580754971000033, -35.01498146199998 ], [ 150.580765922000069, -35.014981679999948 ], [ 150.580766453000024, -35.014963660999967 ], [ 150.580755502000102, -35.014963442999942 ] ] ] ] } },
{ "type": "Feature", "properties": { "OBJECTID": 3115, "gridcode": 6, "Shape_Length": 3.9933152017246907e-05, "Shape_Area": 9.8720936706736724e-11 }, "geometry": { "type": "MultiPolygon", "coordinates": [ [ [ [ 150.579078953000021, -35.014966052999966 ], [ 150.579079218000061, -35.014957042999981 ], [ 150.579068267000025, -35.014956824999956 ], [ 150.579068002000099, -35.014965833999952 ], [ 150.579078953000021, -35.014966052999966 ] ] ] ] } },
{ "type": "Feature", "properties": { "OBJECTID": 3122, "gridcode": 6, "Shape_Length": 3.9932181798092039e-05, "Shape_Area": 9.8716541762694707e-11 }, "geometry": { "type": "MultiPolygon", "coordinates": [ [ [ [ 150.579188461000058, -35.014968237999938 ], [ 150.579188727000087, -35.014959228999942 ], [ 150.579177776000051, -35.014959009999984 ], [ 150.579177511000012, -35.014968019999969 ], [ 150.579188461000058, -35.014968237999938 ] ] ] ] } },
{ "type": "Feature", "properties": { "OBJECTID": 3141, "gridcode": 6, "Shape_Length": 0.00042511192079612071, "Shape_Area": 3.8500537077930649e-09 }, "geometry": { "type": "MultiPolygon", "coordinates": [ [ [ [ 150.579090435000012, -35.014948252999943 ], [ 150.579089903000067, -35.014966270999935 ], [ 150.579100854000103, -35.014966489999949 ], [ 150.579101120000018, -35.014957480999954 ], [ 150.579166825000016, -35.014958791999959 ], [ 150.579167091000045, -35.014949781999974 ], [ 150.57915614, -35.014949563999949 ], [ 150.579156406000038, -35.014940554999953 ], [ 150.579134504000081, -35.014940116999981 ], [ 150.579135301000065, -35.014913088999947 ], [ 150.579124350000029, -35.014912870999979 ], [ 150.579124084000114, -35.014921879999974 ], [ 150.579113133000078, -35.014921661999949 ], [ 150.579113399000107, -35.014912651999964 ], [ 150.579091497000036, -35.014912214999981 ], [ 150.579091763000065, -35.014903205999929 ], [ 150.579080812000029, -35.014902986999971 ], [ 150.579080546000114, -35.014911996999956 ], [ 150.579069596000068, -35.014911777999941 ], [ 150.579069861000107, -35.014902768999946 ], [ 150.579058910000072, -35.014902549999931 ], [ 150.579058645000032, -35.014911559999973 ], [ 150.57904769400011, -35.014911340999959 ], [ 150.579047428000081, -35.014920349999954 ], [ 150.579058379000116, -35.014920568999969 ], [ 150.579058113000087, -35.014929577999965 ], [ 150.579069064, -35.014929796999979 ], [ 150.579068799000083, -35.014938805999975 ], [ 150.579057848000048, -35.01493858799995 ], [ 150.579057582000019, -35.014947596999946 ], [ 150.579090435000012, -35.014948252999943 ] ] ] ] } },
{ "type": "Feature", "properties": { "OBJECTID": 3146, "gridcode": 6, "Shape_Length": 3.9933210984519676e-05, "Shape_Area": 9.8721155508131813e-11 }, "geometry": { "type": "MultiPolygon", "coordinates": [ [ [ [ 150.580644665000023, -35.015006305999975 ], [ 150.580644931000052, -35.014997295999933 ], [ 150.580633980000016, -35.014997077999965 ], [ 150.580633714000101, -35.015006086999961 ], [ 150.580644665000023, -35.015006305999975 ] ] ] ] } },
{ "type": "Feature", "properties": { "OBJECTID": 3164, "gridcode": 6, "Shape_Length": 3.9932181798914508e-05, "Shape_Area": 9.8716541777786643e-11 }, "geometry": { "type": "MultiPolygon", "coordinates": [ [ [ [ 150.58070904300007, -35.015052662999949 ], [ 150.580709309000099, -35.015043652999964 ], [ 150.580698358000063, -35.015043434999939 ], [ 150.580698093000024, -35.015052443999934 ], [ 150.58070904300007, -35.015052662999949 ] ] ] ] } },
{ "type": "Feature", "properties": { "OBJECTID": 3184, "gridcode": 6, "Shape_Length": 3.9932181737595062e-05, "Shape_Area": 9.8716541556921535e-11 }, "geometry": { "type": "MultiPolygon", "coordinates": [ [ [ [ 150.579711183000086, -35.015077829999939 ], [ 150.579711448000012, -35.015068820999943 ], [ 150.579700498000079, -35.015068601999928 ], [ 150.57970023200005, -35.01507761199997 ], [ 150.579711183000086, -35.015077829999939 ] ] ] ] } },
{ "type": "Feature", "properties": { "OBJECTID": 3187, "gridcode": 6, "Shape_Length": 7.5985836015719405e-05, "Shape_Area": 2.9615737349117296e-10 }, "geometry": { "type": "MultiPolygon", "coordinates": [ [ [ [ 150.580599269000118, -35.015059487999963 ], [ 150.58059847200002, -35.01508651599994 ], [ 150.580609423000055, -35.015086733999965 ], [ 150.58061022000004, -35.015059705999931 ], [ 150.580599269000118, -35.015059487999963 ] ] ] ] } },
{ "type": "Feature", "properties": { "OBJECTID": 3189, "gridcode": 6, "Shape_Length": 5.7959983771195683e-05, "Shape_Area": 1.9744182639622078e-10 }, "geometry": { "type": "MultiPolygon", "coordinates": [ [ [ [ 150.580642807000118, -35.015069370999981 ], [ 150.580642276000049, -35.015087389999962 ], [ 150.580653227000084, -35.015087607999931 ], [ 150.580653758000039, -35.01506958899995 ], [ 150.580642807000118, -35.015069370999981 ] ] ] ] } },
{ "type": "Feature", "properties": { "OBJECTID": 3191, "gridcode": 6, "Shape_Length": 0.00015585417886665855, "Shape_Area": 6.9105061401389282e-10 }, "geometry": { "type": "MultiPolygon", "coordinates": [ [ [ [ 150.580664974000115, -35.015060797999979 ], [ 150.58066417800012, -35.015087826999945 ], [ 150.580675129000042, -35.01508804499997 ], [ 150.580675660000111, -35.015070025999933 ], [ 150.580686611000033, -35.015070244999947 ], [ 150.580686876000073, -35.015061234999962 ], [ 150.580697827000108, -35.015061453999976 ], [ 150.580698093000024, -35.015052443999934 ], [ 150.580687142000102, -35.015052225999966 ], [ 150.580687407000028, -35.01504321699997 ], [ 150.580676456000106, -35.015042997999956 ], [ 150.580675925000037, -35.015061016999937 ], [ 150.580664974000115, -35.015060797999979 ] ] ] ] } },
{ "type": "Feature", "properties": { "OBJECTID": 3199, "gridcode": 6, "Shape_Length": 0.00052688252497938473, "Shape_Area": 4.5410257925061621e-09 }, "geometry": { "type": "MultiPolygon", "coordinates": [ [ [ [ 150.579667379000057, -35.015076955999973 ], [ 150.579689281000014, -35.015077392999956 ], [ 150.579689812000083, -35.015059374999964 ], [ 150.579667910000012, -35.015058937999981 ], [ 150.579668176000041, -35.015049927999939 ], [ 150.579646274000083, -35.015049490999957 ], [ 150.579646540000113, -35.015040481999961 ], [ 150.579635589000077, -35.015040262999946 ], [ 150.579635854000117, -35.01503125399995 ], [ 150.579613953000035, -35.015030816999968 ], [ 150.579615015000059, -35.014994779999938 ], [ 150.579625966000094, -35.014994997999963 ], [ 150.57962623200001, -35.014985988999968 ], [ 150.579604330000052, -35.014985551999985 ], [ 150.579604064000023, -35.01499456099998 ], [ 150.57957121100003, -35.014993904999983 ], [ 150.579571477000059, -35.01498489599993 ], [ 150.579560526000023, -35.014984677999962 ], [ 150.579560261000097, -35.014993686999958 ], [ 150.579538359000026, -35.014993249999975 ], [ 150.57953809300011, -35.015002258999971 ], [ 150.579549044000032, -35.015002477999928 ], [ 150.579548513000077, -35.015020496999966 ], [ 150.579559464000113, -35.015020714999935 ], [ 150.579559198000084, -35.01502972399993 ], [ 150.579581100000041, -35.01503016099997 ], [ 150.579580834000012, -35.015039170999955 ], [ 150.579602736000083, -35.015039607999938 ], [ 150.579602471000044, -35.015048616999934 ], [ 150.579624372000012, -35.015049053999974 ], [ 150.579624107000086, -35.015058062999969 ], [ 150.579646009000044, -35.015058499999952 ], [ 150.579645743000015, -35.015067509999938 ], [ 150.579667645000086, -35.015067946999977 ], [ 150.579667379000057, -35.015076955999973 ] ] ] ] } },
{ "type": "Feature", "properties": { "OBJECTID": 3206, "gridcode": 6, "Shape_Length": 3.9932231268672734e-05, "Shape_Area": 9.8715812564973957e-11 }, "geometry": { "type": "MultiPolygon", "coordinates": [ [ [ [ 150.579776357000014, -35.015097159999982 ], [ 150.579776623000043, -35.015088150999929 ], [ 150.579765672000121, -35.015087931999972 ], [ 150.579765406000092, -35.015096940999968 ], [ 150.579776357000014, -35.015097159999982 ] ] ] ] } },
{ "type": "Feature", "properties": { "OBJECTID": 3208, "gridcode": 6, "Shape_Length": 3.993218168335343e-05, "Shape_Area": 9.8716541253235563e-11 }, "geometry": { "type": "MultiPolygon", "coordinates": [ [ [ [ 150.580586725000103, -35.015113325999948 ], [ 150.580586990000029, -35.015104315999963 ], [ 150.580576040000096, -35.015104097999938 ], [ 150.580575774000067, -35.015113106999934 ], [ 150.580586725000103, -35.015113325999948 ] ] ] ] } },
{ "type": "Feature", "properties": { "OBJECTID": 3214, "gridcode": 6, "Shape_Length": 3.9933152072934403e-05, "Shape_Area": 9.8720937010451105e-11 }, "geometry": { "type": "MultiPolygon", "coordinates": [ [ [ [ 150.580575509000028, -35.015122116999976 ], [ 150.580575774000067, -35.015113106999934 ], [ 150.580564823000032, -35.015112888999965 ], [ 150.580564558000106, -35.015121897999961 ], [ 150.580575509000028, -35.015122116999976 ] ] ] ] } },
{ "type": "Feature", "properties": { "OBJECTID": 3217, "gridcode": 6, "Shape_Length": 5.7959004222002175e-05, "Shape_Area": 1.9743661677767324e-10 }, "geometry": { "type": "MultiPolygon", "coordinates": [ [ [ [ 150.580652961000055, -35.015096617999973 ], [ 150.5806524300001, -35.015114635999964 ], [ 150.580663381000022, -35.015114854999979 ], [ 150.580663912000091, -35.015096835999941 ], [ 150.580652961000055, -35.015096617999973 ] ] ] ] } },
{ "type": "Feature", "properties": { "OBJECTID": 3222, "gridcode": 6, "Shape_Length": 3.9932172464129779e-05, "Shape_Area": 9.8715594066957478e-11 }, "geometry": { "type": "MultiPolygon", "coordinates": [ [ [ [ 150.579940090000036, -35.015118455999982 ], [ 150.579940355000076, -35.015109446999929 ], [ 150.57992940400004, -35.015109227999972 ], [ 150.579929139000114, -35.015118236999967 ], [ 150.579940090000036, -35.015118455999982 ] ] ] ] } },
{ "type": "Feature", "properties": { "OBJECTID": 3226, "gridcode": 6, "Shape_Length": 3.9933211101533849e-05, "Shape_Area": 9.872115603268288e-11 }, "geometry": { "type": "MultiPolygon", "coordinates": [ [ [ [ 150.578297188000079, -35.015094681999983 ], [ 150.578297454000108, -35.01508567299993 ], [ 150.578286503000072, -35.015085453999973 ], [ 150.578286237000043, -35.015094463999958 ], [ 150.578297188000079, -35.015094681999983 ] ] ] ] } },
{ "type": "Feature", "properties": { "OBJECTID": 3227, "gridcode": 6, "Shape_Length": 3.9932181798914508e-05, "Shape_Area": 9.8716541777786643e-11 }, "geometry": { "type": "MultiPolygon", "coordinates": [ [ [ [ 150.578527157000053, -35.015099272999976 ], [ 150.578527422000093, -35.01509026399998 ], [ 150.578516472000047, -35.015090044999965 ], [ 150.578516206000018, -35.015099054999951 ], [ 150.578527157000053, -35.015099272999976 ] ] ] ] } },
{ "type": "Feature", "properties": { "OBJECTID": 3233, "gridcode": 6, "Shape_Length": 0.00011591795875321798, "Shape_Area": 5.9230594157817986e-10 }, "geometry": { "type": "MultiPolygon", "coordinates": [ [ [ [ 150.580629998000063, -35.015132217999962 ], [ 150.580651900000021, -35.015132654999945 ], [ 150.5806524300001, -35.015114635999964 ], [ 150.580641480000054, -35.015114417999939 ], [ 150.580642011, -35.015096398999958 ], [ 150.580631060000087, -35.015096180999933 ], [ 150.580629998000063, -35.015132217999962 ] ] ] ] } },
{ "type": "Feature", "properties": { "OBJECTID": 3237, "gridcode": 6, "Shape_Length": 3.9932231440318838e-05, "Shape_Area": 9.8715813285492706e-11 }, "geometry": { "type": "MultiPolygon", "coordinates": [ [ [ [ 150.580552810000086, -35.01514870799997 ], [ 150.580553076000115, -35.015139698999974 ], [ 150.580542125000079, -35.015139479999959 ], [ 150.58054185900005, -35.015148488999955 ], [ 150.580552810000086, -35.01514870799997 ] ] ] ] } },
{ "type": "Feature", "properties": { "OBJECTID": 3238, "gridcode": 6, "Shape_Length": 3.9933152017247076e-05, "Shape_Area": 9.8720936706736724e-11 }, "geometry": { "type": "MultiPolygon", "coordinates": [ [ [ [ 150.58064041800003, -35.015150454999969 ], [ 150.58064068300007, -35.015141445999973 ], [ 150.580629732000034, -35.015141226999958 ], [ 150.580629467000108, -35.015150236999943 ], [ 150.58064041800003, -35.015150454999969 ] ] ] ] } },
{ "type": "Feature", "properties": { "OBJECTID": 3242, "gridcode": 6, "Shape_Length": 0.0010138392215388796, "Shape_Area": 1.3425694342837185e-08 }, "geometry": { "type": "MultiPolygon", "coordinates": [ [ [ [ 150.578340726000079, -35.015104565999934 ], [ 150.578340460000049, -35.01511357499993 ], [ 150.578351411000085, -35.015113793999944 ], [ 150.57835194200004, -35.015095774999963 ], [ 150.578373844000112, -35.015096212999936 ], [ 150.578373578000082, -35.015105221999931 ], [ 150.578384529000118, -35.015105440999946 ], [ 150.578384795000034, -35.015096430999961 ], [ 150.578395746000069, -35.015096649999975 ], [ 150.57839548000004, -35.015105658999971 ], [ 150.578406431000076, -35.015105877999929 ], [ 150.578406697000105, -35.015096868999933 ], [ 150.578417648000027, -35.015097086999958 ], [ 150.578417382000112, -35.015106095999954 ], [ 150.578428333000033, -35.015106314999969 ], [ 150.578428599000063, -35.015097305999973 ], [ 150.578439550000098, -35.015097523999941 ], [ 150.578439815000024, -35.015088514999945 ], [ 150.578461717000096, -35.015088951999928 ], [ 150.578461983000011, -35.015079942999932 ], [ 150.578483885000082, -35.015080379999972 ], [ 150.578483619000053, -35.015089388999968 ], [ 150.578516472000047, -35.015090044999965 ], [ 150.578516737000086, -35.01508103599997 ], [ 150.578505786000051, -35.015080816999955 ], [ 150.57850605200008, -35.015071807999959 ], [ 150.578495101000044, -35.015071588999945 ], [ 150.578495367000073, -35.015062579999949 ], [ 150.578484416000038, -35.015062360999934 ], [ 150.578484682000067, -35.015053351999939 ], [ 150.578473731000031, -35.015053132999981 ], [ 150.57847399700006, -35.015044123999928 ], [ 150.578463046000024, -35.01504390599996 ], [ 150.578462780000109, -35.015052914999956 ], [ 150.57841897600008, -35.015052039999944 ], [ 150.57841871100004, -35.015061049999929 ], [ 150.578396809000083, -35.015060612999946 ], [ 150.578396543000053, -35.015069621999942 ], [ 150.578385592000018, -35.015069402999984 ], [ 150.578385858000047, -35.015060393999931 ], [ 150.578363956000089, -35.015059956999949 ], [ 150.578364222000118, -35.015050946999963 ], [ 150.578353271000083, -35.015050728999938 ], [ 150.578354600000011, -35.01500568199998 ], [ 150.578277943000103, -35.01500415199996 ], [ 150.578277678000063, -35.015013160999956 ], [ 150.57824482500007, -35.015012504999959 ], [ 150.578244559000041, -35.015021513999955 ], [ 150.578200756000115, -35.015020639999932 ], [ 150.578199958000027, -35.015047667999966 ], [ 150.578210909000063, -35.01504788699998 ], [ 150.578211175000092, -35.015038876999938 ], [ 150.57823307700005, -35.015039313999978 ], [ 150.578232811000021, -35.015048323999963 ], [ 150.578243762000056, -35.015048541999931 ], [ 150.578244028000086, -35.015039532999936 ], [ 150.578265930000043, -35.015039969999975 ], [ 150.578265664000014, -35.01504897999996 ], [ 150.578298517000121, -35.015049635999958 ], [ 150.578298251000092, -35.015058644999954 ], [ 150.578309202000014, -35.015058863999968 ], [ 150.57830840400004, -35.015085891999945 ], [ 150.578319355000076, -35.01508610999997 ], [ 150.578319090000036, -35.015095119999955 ], [ 150.578330041000072, -35.015095337999981 ], [ 150.578329775000043, -35.015104347999966 ], [ 150.578340726000079, -35.015104565999934 ] ] ] ] } },
{ "type": "Feature", "properties": { "OBJECTID": 3250, "gridcode": 6, "Shape_Length": 5.7958033915821747e-05, "Shape_Area": 1.9742771687178267e-10 }, "geometry": { "type": "MultiPolygon", "coordinates": [ [ [ [ 150.57853784200006, -35.015108500999929 ], [ 150.578537311000105, -35.015126519999967 ], [ 150.578548261000037, -35.015126737999935 ], [ 150.578548793000095, -35.015108719999944 ], [ 150.57853784200006, -35.015108500999929 ] ] ] ] } },
{ "type": "Feature", "properties": { "OBJECTID": 3257, "gridcode": 6, "Shape_Length": 6.1838570612891722e-05, "Shape_Area": 1.9743136002170609e-10 }, "geometry": { "type": "MultiPolygon", "coordinates": [ [ [ [ 150.578515143000118, -35.01513509199998 ], [ 150.578537045000076, -35.015135528999963 ], [ 150.578537311000105, -35.015126519999967 ], [ 150.578515409000033, -35.015126082999984 ], [ 150.578515143000118, -35.01513509199998 ] ] ] ] } },
{ "type": "Feature", "properties": { "OBJECTID": 3272, "gridcode": 6, "Shape_Length": 0.00059511301946840766, "Shape_Area": 1.0957770256547629e-08 }, "geometry": { "type": "MultiPolygon", "coordinates": [ [ [ [ 150.580837003000056, -35.01517240499993 ], [ 150.580836738000016, -35.015181414999972 ], [ 150.580825787000094, -35.015181195999958 ], [ 150.58082605200002, -35.015172186999962 ], [ 150.580837003000056, -35.01517240499993 ] ], [ [ 150.580813774000035, -35.015217014999962 ], [ 150.580846627000028, -35.01521766999997 ], [ 150.580846892000068, -35.015208660999974 ], [ 150.580857843000103, -35.015208879999932 ], [ 150.580858640000088, -35.015181850999966 ], [ 150.58086959100001, -35.01518206999998 ], [ 150.580870653000034, -35.015146031999961 ], [ 150.580859702000112, -35.015145813999936 ], [ 150.580860233000067, -35.015127794999955 ], [ 150.580849282000031, -35.01512757699993 ], [ 150.580849547000071, -35.015118567999934 ], [ 150.580827645000113, -35.015118130999952 ], [ 150.580828442000097, -35.015091102999975 ], [ 150.580795589000104, -35.015090446999977 ], [ 150.58079585400003, -35.015081437999982 ], [ 150.580784903000108, -35.015081219999956 ], [ 150.580784638000068, -35.015090228999952 ], [ 150.580773687000033, -35.015090010999984 ], [ 150.580773422000107, -35.01509901999998 ], [ 150.580784372000039, -35.015099237999948 ], [ 150.580784107000113, -35.015108247999933 ], [ 150.58075125400012, -35.015107592999982 ], [ 150.58075098900008, -35.015116601999978 ], [ 150.580740038000044, -35.015116383999953 ], [ 150.580738976000021, -35.015152420999982 ], [ 150.580749927000056, -35.01515263899995 ], [ 150.580749661000027, -35.015161648999936 ], [ 150.580760612000063, -35.015161866999961 ], [ 150.580760347000023, -35.015170875999956 ], [ 150.580771298000059, -35.015171094999971 ], [ 150.58077103200003, -35.015180103999967 ], [ 150.580781983000065, -35.015180322999981 ], [ 150.580781718000026, -35.015189331999977 ], [ 150.580792669000061, -35.015189549999945 ], [ 150.580792403000032, -35.015198559999931 ], [ 150.580803354000068, -35.015198777999956 ], [ 150.580803089000028, -35.015207787999941 ], [ 150.580814040000064, -35.015208005999966 ], [ 150.580813774000035, -35.015217014999962 ] ] ] ] } },
{ "type": "Feature", "properties": { "OBJECTID": 3304, "gridcode": 6, "Shape_Length": 3.9932191599333902e-05, "Shape_Area": 9.871554759196262e-11 }, "geometry": { "type": "MultiPolygon", "coordinates": [ [ [ [ 150.57991181400007, -35.015334242999984 ], [ 150.579912080000099, -35.015325233999931 ], [ 150.579901129000064, -35.015325015999963 ], [ 150.579900863000034, -35.015334024999959 ], [ 150.57991181400007, -35.015334242999984 ] ] ] ] } },
{ "type": "Feature", "properties": { "OBJECTID": 3316, "gridcode": 6, "Shape_Length": 5.7959004166314773e-05, "Shape_Area": 1.9743661648151903e-10 }, "geometry": { "type": "MultiPolygon", "coordinates": [ [ [ [ 150.579900598000108, -35.015343033999955 ], [ 150.57990006700004, -35.015361052999936 ], [ 150.579911018000075, -35.015361270999961 ], [ 150.57991154900003, -35.015343252999969 ], [ 150.579900598000108, -35.015343033999955 ] ] ] ] } },
{ "type": "Feature", "properties": { "OBJECTID": 3321, "gridcode": 6, "Shape_Length": 3.9933152072934403e-05, "Shape_Area": 9.8720937010451105e-11 }, "geometry": { "type": "MultiPolygon", "coordinates": [ [ [ [ 150.579942543000016, -35.015406973999973 ], [ 150.579942808000055, -35.015397963999931 ], [ 150.57993185700002, -35.015397745999962 ], [ 150.579931592000094, -35.015406754999958 ], [ 150.579942543000016, -35.015406973999973 ] ] ] ] } },
{ "type": "Feature", "properties": { "OBJECTID": 3329, "gridcode": 6, "Shape_Length": 3.9933211045851726e-05, "Shape_Area": 9.8721155728996908e-11 }, "geometry": { "type": "MultiPolygon", "coordinates": [ [ [ [ 150.579931326000064, -35.015415764999943 ], [ 150.579931592000094, -35.015406754999958 ], [ 150.579920641000058, -35.015406536999933 ], [ 150.579920375000029, -35.015415545999929 ], [ 150.579931326000064, -35.015415764999943 ] ] ] ] } },
{ "type": "Feature", "properties": { "OBJECTID": 3335, "gridcode": 6, "Shape_Length": 9.4012648768274001e-05, "Shape_Area": 3.9487870867376388e-10 }, "geometry": { "type": "MultiPolygon", "coordinates": [ [ [ [ 150.579899535000095, -35.015379071999973 ], [ 150.579898473000071, -35.015415108999946 ], [ 150.579909424000107, -35.01541532799996 ], [ 150.579910486000017, -35.015379289999942 ], [ 150.579899535000095, -35.015379071999973 ] ] ] ] } },
{ "type": "Feature", "properties": { "OBJECTID": 3420, "gridcode": 6, "Shape_Length": 3.9933211101539039e-05, "Shape_Area": 9.872115603268288e-11 }, "geometry": { "type": "MultiPolygon", "coordinates": [ [ [ [ 150.579862761000072, -35.015883157999951 ], [ 150.579863027000101, -35.015874148999956 ], [ 150.579852076000066, -35.015873929999941 ], [ 150.579851810000036, -35.015882939999983 ], [ 150.579862761000072, -35.015883157999951 ] ] ] ] } },
{ "type": "Feature", "properties": { "OBJECTID": 3449, "gridcode": 6, "Shape_Length": 3.9934181378959609e-05, "Shape_Area": 9.8725551167406132e-11 }, "geometry": { "type": "MultiPolygon", "coordinates": [ [ [ [ 150.579794974000038, -35.017810940999937 ], [ 150.579795239000077, -35.017801930999951 ], [ 150.579784288000042, -35.017801712999983 ], [ 150.579784022000013, -35.017810721999979 ], [ 150.579794974000038, -35.017810940999937 ] ] ] ] } },
{ "type": "Feature", "properties": { "OBJECTID": 3453, "gridcode": 6, "Shape_Length": 5.79600334968635e-05, "Shape_Area": 1.9744573518124453e-10 }, "geometry": { "type": "MultiPolygon", "coordinates": [ [ [ [ 150.579772274000106, -35.01783753199993 ], [ 150.579771743000038, -35.017855549999979 ], [ 150.579782694000073, -35.017855768999937 ], [ 150.579783226000018, -35.017837749999956 ], [ 150.579772274000106, -35.01783753199993 ] ] ] ] } },
{ "type": "Feature", "properties": { "OBJECTID": 3458, "gridcode": 6, "Shape_Length": 6.184154005692074e-05, "Shape_Area": 1.9745754824476788e-10 }, "geometry": { "type": "MultiPolygon", "coordinates": [ [ [ [ 150.579716190000113, -35.017881485999965 ], [ 150.579738092000071, -35.017881922999948 ], [ 150.5797383580001, -35.017872912999962 ], [ 150.579716455000039, -35.01787247599998 ], [ 150.579716190000113, -35.017881485999965 ] ] ] ] } },
{ "type": "Feature", "properties": { "OBJECTID": 3469, "gridcode": 6, "Shape_Length": 0.00028341288684083192, "Shape_Area": 1.8757492050878444e-09 }, "geometry": { "type": "MultiPolygon", "coordinates": [ [ [ [ 150.579779773000041, -35.017954871999962 ], [ 150.579779507000012, -35.017963880999957 ], [ 150.579790458000048, -35.017964098999983 ], [ 150.579791521000061, -35.017928061999953 ], [ 150.579758667000078, -35.017927405999956 ], [ 150.579758401000049, -35.017936415999941 ], [ 150.579725547000066, -35.017935759999943 ], [ 150.579725813000096, -35.017926750999948 ], [ 150.57971486200006, -35.017926531999933 ], [ 150.5797151270001, -35.017917522999937 ], [ 150.579704176000064, -35.017917304999969 ], [ 150.57970337900008, -35.017944332999946 ], [ 150.579747184000098, -35.017945206999968 ], [ 150.579746919000058, -35.017954215999964 ], [ 150.579779773000041, -35.017954871999962 ] ] ] ] } },
{ "type": "Feature", "properties": { "OBJECTID": 3479, "gridcode": 6, "Shape_Length": 5.7961013104012331e-05, "Shape_Area": 1.9745094512613013e-10 }, "geometry": { "type": "MultiPolygon", "coordinates": [ [ [ [ 150.580078442000058, -35.018231269999944 ], [ 150.580077910000114, -35.018249288999982 ], [ 150.580088862000025, -35.01824950699995 ], [ 150.580089393000094, -35.018231487999969 ], [ 150.580078442000058, -35.018231269999944 ] ] ] ] } },
{ "type": "Feature", "properties": { "OBJECTID": 3481, "gridcode": 6, "Shape_Length": 5.7961053053492029e-05, "Shape_Area": 1.9745147733617462e-10 }, "geometry": { "type": "MultiPolygon", "coordinates": [ [ [ [ 150.580066694000038, -35.018258078999963 ], [ 150.580066162000094, -35.018276097999944 ], [ 150.580077114000119, -35.018276316999959 ], [ 150.580077645000074, -35.018258297999978 ], [ 150.580066694000038, -35.018258078999963 ] ] ] ] } },
{ "type": "Feature", "properties": { "OBJECTID": 3482, "gridcode": 6, "Shape_Length": 3.9934181264208017e-05, "Shape_Area": 9.8725550657946989e-11 }, "geometry": { "type": "MultiPolygon", "coordinates": [ [ [ [ 150.580109437000033, -35.018294990999948 ], [ 150.580109702000073, -35.018285980999963 ], [ 150.580098751000037, -35.018285762999938 ], [ 150.580098485000121, -35.018294771999933 ], [ 150.580109437000033, -35.018294990999948 ] ] ] ] } },
{ "type": "Feature", "properties": { "OBJECTID": 3489, "gridcode": 6, "Shape_Length": 5.7960023670130845e-05, "Shape_Area": 1.9744235742080105e-10 }, "geometry": { "type": "MultiPolygon", "coordinates": [ [ [ [ 150.580054680000103, -35.018293897999968 ], [ 150.580054149000034, -35.018311916999949 ], [ 150.58006510000007, -35.018312135999963 ], [ 150.580065631000025, -35.018294116999982 ], [ 150.580054680000103, -35.018293897999968 ] ] ] ] } },
{ "type": "Feature", "properties": { "OBJECTID": 3495, "gridcode": 6, "Shape_Length": 3.993418126422079e-05, "Shape_Area": 9.8725550657946989e-11 }, "geometry": { "type": "MultiPolygon", "coordinates": [ [ [ [ 150.580108109000093, -35.018340037999963 ], [ 150.580108374000019, -35.018331027999977 ], [ 150.580097423000097, -35.018330809999952 ], [ 150.580097157000068, -35.018339818999948 ], [ 150.580108109000093, -35.018340037999963 ] ] ] ] } },
{ "type": "Feature", "properties": { "OBJECTID": 3497, "gridcode": 6, "Shape_Length": 7.5985836126032775e-05, "Shape_Area": 2.9615737501514504e-10 }, "geometry": { "type": "MultiPolygon", "coordinates": [ [ [ [ 150.58019678200003, -35.018305747999932 ], [ 150.580195985000046, -35.018332775999966 ], [ 150.580206936000081, -35.018332993999934 ], [ 150.580207733000066, -35.018305965999957 ], [ 150.58019678200003, -35.018305747999932 ] ] ] ] } },
{ "type": "Feature", "properties": { "OBJECTID": 3504, "gridcode": 6, "Shape_Length": 7.5987875601782773e-05, "Shape_Area": 2.9618519972087391e-10 }, "geometry": { "type": "MultiPolygon", "coordinates": [ [ [ [ 150.580042666000054, -35.018329716999972 ], [ 150.58004186900007, -35.018356744999949 ], [ 150.580052821000095, -35.018356963999963 ], [ 150.580053618000079, -35.01832993599993 ], [ 150.580042666000054, -35.018329716999972 ] ] ] ] } },
{ "type": "Feature", "properties": { "OBJECTID": 3512, "gridcode": 6, "Shape_Length": 7.5987835598443712e-05, "Shape_Area": 2.9618440120534625e-10 }, "geometry": { "type": "MultiPolygon", "coordinates": [ [ [ [ 150.580184768000095, -35.018341566999936 ], [ 150.58018397100011, -35.01836859499997 ], [ 150.580194923000022, -35.018368812999938 ], [ 150.58019572000012, -35.018341784999961 ], [ 150.580184768000095, -35.018341566999936 ] ] ] ] } },
{ "type": "Feature", "properties": { "OBJECTID": 3514, "gridcode": 6, "Shape_Length": 0.00011204049078817124, "Shape_Area": 4.9362294163900882e-10 }, "geometry": { "type": "MultiPolygon", "coordinates": [ [ [ [ 150.580283861000112, -35.018325513999969 ], [ 150.580282534000048, -35.018370560999983 ], [ 150.580293485000084, -35.018370779999941 ], [ 150.580294813000023, -35.018325732999983 ], [ 150.580283861000112, -35.018325513999969 ] ] ] ] } },
{ "type": "Feature", "properties": { "OBJECTID": 3516, "gridcode": 6, "Shape_Length": 3.9933210928832362e-05, "Shape_Area": 9.8721155204445854e-11 }, "geometry": { "type": "MultiPolygon", "coordinates": [ [ [ [ 150.580183440000042, -35.018386613999951 ], [ 150.580183706000071, -35.018377603999966 ], [ 150.580172755000035, -35.018377385999941 ], [ 150.58017248900012, -35.018386394999936 ], [ 150.580183440000042, -35.018386613999951 ] ] ] ] } },
{ "type": "Feature", "properties": { "OBJECTID": 3517, "gridcode": 6, "Shape_Length": 3.9933152014979183e-05, "Shape_Area": 9.872093669167321e-11 }, "geometry": { "type": "MultiPolygon", "coordinates": [ [ [ [ 150.580292954000015, -35.018388797999933 ], [ 150.580293219000055, -35.018379788999937 ], [ 150.580282268000019, -35.018379569999979 ], [ 150.580282003000093, -35.018388579999964 ], [ 150.580292954000015, -35.018388797999933 ] ] ] ] } },
{ "type": "Feature", "properties": { "OBJECTID": 3521, "gridcode": 6, "Shape_Length": 5.795900433901525e-05, "Shape_Area": 1.9743661781432669e-10 }, "geometry": { "type": "MultiPolygon", "coordinates": [ [ [ [ 150.580030387000079, -35.018374545999961 ], [ 150.58002985600001, -35.018392563999953 ], [ 150.580040807000046, -35.018392782999967 ], [ 150.580041338000115, -35.01837476399993 ], [ 150.580030387000079, -35.018374545999961 ] ] ] ] } },
{ "type": "Feature", "properties": { "OBJECTID": 3523, "gridcode": 6, "Shape_Length": 3.9934181379781536e-05, "Shape_Area": 9.8725551182498069e-11 }, "geometry": { "type": "MultiPolygon", "coordinates": [ [ [ [ 150.58029242300006, -35.01840681699997 ], [ 150.5802926880001, -35.018397807999975 ], [ 150.580281737000064, -35.01839758899996 ], [ 150.580281471000035, -35.018406598999945 ], [ 150.58029242300006, -35.01840681699997 ] ] ] ] } },
{ "type": "Feature", "properties": { "OBJECTID": 3525, "gridcode": 6, "Shape_Length": 3.9934181319890242e-05, "Shape_Area": 9.8725550961661382e-11 }, "geometry": { "type": "MultiPolygon", "coordinates": [ [ [ [ 150.580095033000021, -35.018411893999939 ], [ 150.58009529800006, -35.018402883999954 ], [ 150.580084347000025, -35.018402665999929 ], [ 150.580084081000109, -35.018411674999982 ], [ 150.580095033000021, -35.018411893999939 ] ] ] ] } },
{ "type": "Feature", "properties": { "OBJECTID": 3529, "gridcode": 6, "Shape_Length": 3.9934181261953005e-05, "Shape_Area": 9.8725550642855066e-11 }, "geometry": { "type": "MultiPolygon", "coordinates": [ [ [ [ 150.580029059000026, -35.01841959199993 ], [ 150.580029325000055, -35.018410582999934 ], [ 150.58001837300003, -35.018410363999976 ], [ 150.580018108000104, -35.018419373999961 ], [ 150.580029059000026, -35.01841959199993 ] ] ] ] } },
{ "type": "Feature", "properties": { "OBJECTID": 3531, "gridcode": 6, "Shape_Length": 5.7962023479864061e-05, "Shape_Area": 1.974603778894833e-10 }, "geometry": { "type": "MultiPolygon", "coordinates": [ [ [ [ 150.580172223000091, -35.018395403999932 ], [ 150.580171692000022, -35.01841342299997 ], [ 150.580182644000047, -35.018413641999985 ], [ 150.580183175000116, -35.018395622999947 ], [ 150.580172223000091, -35.018395403999932 ] ] ] ] } },
{ "type": "Feature", "properties": { "OBJECTID": 3542, "gridcode": 6, "Shape_Length": 3.9932231438045767e-05, "Shape_Area": 9.8715813270372361e-11 }, "geometry": { "type": "MultiPolygon", "coordinates": [ [ [ [ 150.580072333000089, -35.018438484999933 ], [ 150.580072599000118, -35.018429475999937 ], [ 150.580061648000083, -35.01842925699998 ], [ 150.580061382000054, -35.018438265999976 ], [ 150.580072333000089, -35.018438484999933 ] ] ] ] } },
{ "type": "Feature", "properties": { "OBJECTID": 3544, "gridcode": 6, "Shape_Length": 5.7959983773458386e-05, "Shape_Area": 1.9744182642640463e-10 }, "geometry": { "type": "MultiPolygon", "coordinates": [ [ [ [ 150.580073130000073, -35.018411456999956 ], [ 150.580072599000118, -35.018429475999937 ], [ 150.58008355000004, -35.018429693999963 ], [ 150.580084081000109, -35.018411674999982 ], [ 150.580073130000073, -35.018411456999956 ] ] ] ] } },
{ "type": "Feature", "properties": { "OBJECTID": 3550, "gridcode": 6, "Shape_Length": 3.9934181370816207e-05, "Shape_Area": 9.8725551142565563e-11 }, "geometry": { "type": "MultiPolygon", "coordinates": [ [ [ [ 150.58001731100012, -35.018446401999938 ], [ 150.580017577000035, -35.018437391999953 ], [ 150.58000662500001, -35.018437173999985 ], [ 150.580006360000084, -35.01844618299998 ], [ 150.58001731100012, -35.018446401999938 ] ] ] ] } },
{ "type": "Feature", "properties": { "OBJECTID": 3552, "gridcode": 6, "Shape_Length": 6.1842569249160906e-05, "Shape_Area": 1.9746227183756125e-10 }, "geometry": { "type": "MultiPolygon", "coordinates": [ [ [ [ 150.58034611700009, -35.01844394699998 ], [ 150.580368020000037, -35.018444383999963 ], [ 150.580368286000066, -35.018435373999978 ], [ 150.580346383000119, -35.018434936999938 ], [ 150.58034611700009, -35.01844394699998 ] ] ] ] } },
{ "type": "Feature", "properties": { "OBJECTID": 3577, "gridcode": 6, "Shape_Length": 3.9934181379781536e-05, "Shape_Area": 9.8725551182498069e-11 }, "geometry": { "type": "MultiPolygon", "coordinates": [ [ [ [ 150.580682955000043, -35.018540811999969 ], [ 150.580683220000083, -35.018531802999973 ], [ 150.580672269000047, -35.018531583999959 ], [ 150.580672003000018, -35.018540593999944 ], [ 150.580682955000043, -35.018540811999969 ] ] ] ] } },
{ "type": "Feature", "properties": { "OBJECTID": 3585, "gridcode": 6, "Shape_Length": 0.00063893594323628897, "Shape_Area": 7.2067849580335241e-09 }, "geometry": { "type": "MultiPolygon", "coordinates": [ [ [ [ 150.580277488000092, -35.018541738999943 ], [ 150.580332245000022, -35.018542830999934 ], [ 150.580332510000062, -35.018533821999938 ], [ 150.58037631600007, -35.018534695999961 ], [ 150.580376582000099, -35.018525685999975 ], [ 150.580387533000021, -35.018525904999933 ], [ 150.580387798000061, -35.018516894999948 ], [ 150.580376847000025, -35.01851667699998 ], [ 150.580377113000054, -35.018507667999984 ], [ 150.580366161000029, -35.018507448999969 ], [ 150.580366427000058, -35.018498439999973 ], [ 150.580377378000094, -35.018498657999942 ], [ 150.580377644, -35.018489648999946 ], [ 150.580344790000026, -35.018488992999949 ], [ 150.580344524000111, -35.018498002999934 ], [ 150.580333573000075, -35.018497783999976 ], [ 150.580333307000046, -35.018506793999961 ], [ 150.580322356000011, -35.018506574999947 ], [ 150.580323152000119, -35.01847954699997 ], [ 150.580301250000048, -35.01847910999993 ], [ 150.580301515000087, -35.018470100999934 ], [ 150.580290564000052, -35.018469881999977 ], [ 150.580290829000091, -35.018460872999981 ], [ 150.580323684000064, -35.018461527999932 ], [ 150.580324746000088, -35.018425490999959 ], [ 150.580291892000105, -35.018424835999951 ], [ 150.580292157000031, -35.018415825999966 ], [ 150.580281206000109, -35.018415607999941 ], [ 150.580279347000101, -35.018478672999947 ], [ 150.580268396000065, -35.018478454999979 ], [ 150.580268130000036, -35.018487463999975 ], [ 150.580279081000072, -35.018487682999933 ], [ 150.580278019000048, -35.018523719999962 ], [ 150.580267068000012, -35.018523501999937 ], [ 150.580266802000097, -35.018532510999933 ], [ 150.580277754000122, -35.018532728999958 ], [ 150.580277488000092, -35.018541738999943 ] ] ] ] } },
{ "type": "Feature", "properties": { "OBJECTID": 3586, "gridcode": 6, "Shape_Length": 0.00086964708481086664, "Shape_Area": 9.0824938766291882e-09 }, "geometry": { "type": "MultiPolygon", "coordinates": [ [ [ [ 150.580562224000118, -35.018547418999958 ], [ 150.580616981000048, -35.018548510999949 ], [ 150.580617512000117, -35.018530491999968 ], [ 150.580628463000039, -35.018530710999983 ], [ 150.580628198000113, -35.018539719999978 ], [ 150.580661052000096, -35.01854037499993 ], [ 150.580661583000051, -35.018522355999949 ], [ 150.580650631000026, -35.01852213799998 ], [ 150.580650897000055, -35.018513128999984 ], [ 150.580585189000089, -35.018511817999979 ], [ 150.580585454000015, -35.018502808999983 ], [ 150.580552600000033, -35.018502152999929 ], [ 150.580552335000107, -35.018511162999971 ], [ 150.58046472400008, -35.018509414999983 ], [ 150.580464458000051, -35.018518424999968 ], [ 150.580442555000104, -35.018517987999928 ], [ 150.580443086000059, -35.018499968999947 ], [ 150.580421184000102, -35.018499531999964 ], [ 150.580421449000028, -35.018490522999969 ], [ 150.580399546000081, -35.018490085999929 ], [ 150.580399015000012, -35.018508103999977 ], [ 150.58038806400009, -35.018507885999952 ], [ 150.580387798000061, -35.018516894999948 ], [ 150.580420653000033, -35.018517550999945 ], [ 150.580420387000117, -35.018526559999941 ], [ 150.580431338000039, -35.018526778999956 ], [ 150.580431073000113, -35.018535787999951 ], [ 150.580398219000017, -35.018535131999954 ], [ 150.580398484000057, -35.018526122999958 ], [ 150.580387533000021, -35.018525904999933 ], [ 150.580387002000066, -35.018543922999982 ], [ 150.580463661000067, -35.018545452999945 ], [ 150.580464193000012, -35.018527433999964 ], [ 150.580475144000047, -35.018527651999932 ], [ 150.580474613000092, -35.01854567099997 ], [ 150.580551272000093, -35.018547199999944 ], [ 150.580551538, -35.018538190999948 ], [ 150.580562489000044, -35.018538408999973 ], [ 150.580562224000118, -35.018547418999958 ] ] ] ] } },
{ "type": "Feature", "properties": { "OBJECTID": 3589, "gridcode": 6, "Shape_Length": 0.00013782732685666671, "Shape_Area": 5.9233976841808248e-10 }, "geometry": { "type": "MultiPolygon", "coordinates": [ [ [ [ 150.580058726000061, -35.018528359999948 ], [ 150.580058195000106, -35.018546378999929 ], [ 150.580069146000028, -35.018546596999954 ], [ 150.580069412000057, -35.018537587999958 ], [ 150.580091315000118, -35.018538024999941 ], [ 150.580091580000044, -35.018529014999956 ], [ 150.580080629000122, -35.018528796999931 ], [ 150.580081160000077, -35.01851077799995 ], [ 150.580070209000041, -35.018510559999982 ], [ 150.580069678000086, -35.018528577999973 ], [ 150.580058726000061, -35.018528359999948 ] ] ] ] } },
{ "type": "Feature", "properties": { "OBJECTID": 3593, "gridcode": 6, "Shape_Length": 3.9934181379781536e-05, "Shape_Area": 9.8725551182498069e-11 }, "geometry": { "type": "MultiPolygon", "coordinates": [ [ [ [ 150.579981004000047, -35.018562867999947 ], [ 150.579981270000076, -35.018553857999962 ], [ 150.579970318000051, -35.018553639999936 ], [ 150.579970053000011, -35.018562648999932 ], [ 150.579981004000047, -35.018562867999947 ] ] ] ] } },
{ "type": "Feature", "properties": { "OBJECTID": 3597, "gridcode": 6, "Shape_Length": 5.7959004222002155e-05, "Shape_Area": 1.9743661677767324e-10 }, "geometry": { "type": "MultiPolygon", "coordinates": [ [ [ [ 150.580266537000057, -35.018541519999928 ], [ 150.580266006000102, -35.018559538999966 ], [ 150.580276957000024, -35.018559756999935 ], [ 150.580277488000092, -35.018541738999943 ], [ 150.580266537000057, -35.018541519999928 ] ] ] ] } },
{ "type": "Feature", "properties": { "OBJECTID": 3601, "gridcode": 6, "Shape_Length": 3.9933210928832362e-05, "Shape_Area": 9.8721155204445854e-11 }, "geometry": { "type": "MultiPolygon", "coordinates": [ [ [ [ 150.580265474000043, -35.018577557999947 ], [ 150.580265740000073, -35.018568547999962 ], [ 150.580254789000037, -35.018568329999937 ], [ 150.580254523000121, -35.018577338999933 ], [ 150.580265474000043, -35.018577557999947 ] ] ] ] } },
{ "type": "Feature", "properties": { "OBJECTID": 3619, "gridcode": 6, "Shape_Length": 3.993223137898159e-05, "Shape_Area": 9.8715813064627611e-11 }, "geometry": { "type": "MultiPolygon", "coordinates": [ [ [ [ 150.580001313000025, -35.01861736099994 ], [ 150.580001579000054, -35.018608351999944 ], [ 150.579990628000019, -35.01860813299993 ], [ 150.579990362000103, -35.018617141999982 ], [ 150.580001313000025, -35.01861736099994 ] ] ] ] } },
{ "type": "Feature", "properties": { "OBJECTID": 3628, "gridcode": 6, "Shape_Length": 0.00014809414525163755, "Shape_Area": 6.910995491314956e-10 }, "geometry": { "type": "MultiPolygon", "coordinates": [ [ [ [ 150.580134323000038, -35.018565926999941 ], [ 150.58013246400003, -35.018628991999947 ], [ 150.580143416000055, -35.018629210999961 ], [ 150.580145275000064, -35.018566144999966 ], [ 150.580134323000038, -35.018565926999941 ] ] ] ] } },
{ "type": "Feature", "properties": { "OBJECTID": 3632, "gridcode": 6, "Shape_Length": 5.7961013165344313e-05, "Shape_Area": 1.9745094586662934e-10 }, "geometry": { "type": "MultiPolygon", "coordinates": [ [ [ [ 150.579979411000068, -35.018616923999957 ], [ 150.579978879, -35.018634942999938 ], [ 150.579989831000034, -35.018635160999963 ], [ 150.579990362000103, -35.018617141999982 ], [ 150.579979411000068, -35.018616923999957 ] ] ] ] } },
{ "type": "Feature", "properties": { "OBJECTID": 3637, "gridcode": 6, "Shape_Length": 3.9934181377513751e-05, "Shape_Area": 9.8725551167406132e-11 }, "geometry": { "type": "MultiPolygon", "coordinates": [ [ [ [ 150.580142619000071, -35.018656238999938 ], [ 150.5801428850001, -35.018647228999953 ], [ 150.580131933000075, -35.018647010999985 ], [ 150.580131668000035, -35.01865601999998 ], [ 150.580142619000071, -35.018656238999938 ] ] ] ] } },
{ "type": "Feature", "properties": { "OBJECTID": 3645, "gridcode": 6, "Shape_Length": 3.9934181436909619e-05, "Shape_Area": 9.8725551486212449e-11 }, "geometry": { "type": "MultiPolygon", "coordinates": [ [ [ [ 150.579966866000063, -35.018670761999942 ], [ 150.579967131000103, -35.018661751999957 ], [ 150.579956180000067, -35.018661533999932 ], [ 150.579955914000038, -35.018670542999985 ], [ 150.579966866000063, -35.018670761999942 ] ] ] ] } },
{ "type": "Feature", "properties": { "OBJECTID": 3649, "gridcode": 6, "Shape_Length": 5.7961003855265956e-05, "Shape_Area": 1.9745463577258146e-10 }, "geometry": { "type": "MultiPolygon", "coordinates": [ [ [ [ 150.580011202000037, -35.018653616999984 ], [ 150.580010671000082, -35.018671634999976 ], [ 150.580021623000107, -35.018671853999933 ], [ 150.580022154000062, -35.018653834999952 ], [ 150.580011202000037, -35.018653616999984 ] ] ] ] } },
{ "type": "Feature", "properties": { "OBJECTID": 3659, "gridcode": 6, "Shape_Length": 3.9933161760556818e-05, "Shape_Area": 9.8719942217283572e-11 }, "geometry": { "type": "MultiPolygon", "coordinates": [ [ [ [ 150.579954852000014, -35.018706579999957 ], [ 150.579955117000054, -35.018697570999961 ], [ 150.579944166000018, -35.018697352999936 ], [ 150.579943900000103, -35.018706361999932 ], [ 150.579954852000014, -35.018706579999957 ] ] ] ] } },
{ "type": "Feature", "properties": { "OBJECTID": 3662, "gridcode": 6, "Shape_Length": 9.4012648657953475e-05, "Shape_Area": 3.9487870663768946e-10 }, "geometry": { "type": "MultiPolygon", "coordinates": [ [ [ [ 150.58013140200012, -35.018665028999976 ], [ 150.580130340000096, -35.018701066999938 ], [ 150.580141291000018, -35.018701284999963 ], [ 150.580142353000042, -35.018665247999934 ], [ 150.58013140200012, -35.018665028999976 ] ] ] ] } },
{ "type": "Feature", "properties": { "OBJECTID": 3688, "gridcode": 6, "Shape_Length": 5.796002378044618e-05, "Shape_Area": 1.9744235843261391e-10 }, "geometry": { "type": "MultiPolygon", "coordinates": [ [ [ [ 150.579997861000038, -35.018734481999957 ], [ 150.579997330000083, -35.018752500999938 ], [ 150.580008281000119, -35.018752719999952 ], [ 150.580008812000074, -35.018734700999971 ], [ 150.579997861000038, -35.018734481999957 ] ] ] ] } },
{ "type": "Feature", "properties": { "OBJECTID": 3689, "gridcode": 6, "Shape_Length": 9.4012698255125873e-05, "Shape_Area": 3.9489188971725091e-10 }, "geometry": { "type": "MultiPolygon", "coordinates": [ [ [ [ 150.580118857000116, -35.018718866999961 ], [ 150.580117795000092, -35.018754903999934 ], [ 150.580128746000014, -35.018755122999949 ], [ 150.580129809000027, -35.018719085999976 ], [ 150.580118857000116, -35.018718866999961 ] ] ] ] } },
{ "type": "Feature", "properties": { "OBJECTID": 3698, "gridcode": 6, "Shape_Length": 5.7961013104012317e-05, "Shape_Area": 1.9745094512613013e-10 }, "geometry": { "type": "MultiPolygon", "coordinates": [ [ [ [ 150.580106844000056, -35.018754685999966 ], [ 150.580106312000112, -35.018772704999947 ], [ 150.580117264000023, -35.018772922999972 ], [ 150.580117795000092, -35.018754903999934 ], [ 150.580106844000056, -35.018754685999966 ] ] ] ] } },
{ "type": "Feature", "properties": { "OBJECTID": 3704, "gridcode": 6, "Shape_Length": 6.1842569191208348e-05, "Shape_Area": 1.9746227120748038e-10 }, "geometry": { "type": "MultiPolygon", "coordinates": [ [ [ [ 150.579985581000074, -35.018779310999946 ], [ 150.580007484000021, -35.018779747999929 ], [ 150.58000775000005, -35.018770737999944 ], [ 150.579985847000103, -35.018770300999961 ], [ 150.579985581000074, -35.018779310999946 ] ] ] ] } },
{ "type": "Feature", "properties": { "OBJECTID": 3709, "gridcode": 6, "Shape_Length": 3.9934181435468958e-05, "Shape_Area": 9.8725551486212449e-11 }, "geometry": { "type": "MultiPolygon", "coordinates": [ [ [ [ 150.579930028000035, -35.018805245999943 ], [ 150.579930293000075, -35.018796236999947 ], [ 150.579919342000039, -35.018796017999932 ], [ 150.57991907600001, -35.018805027999974 ], [ 150.579930028000035, -35.018805245999943 ] ] ] ] } },
{ "type": "Feature", "properties": { "OBJECTID": 3719, "gridcode": 6, "Shape_Length": 6.1840570193779268e-05, "Shape_Area": 1.9744036892642809e-10 }, "geometry": { "type": "MultiPolygon", "coordinates": [ [ [ [ 150.579973833000054, -35.018806119999965 ], [ 150.579995736000114, -35.018806556999948 ], [ 150.57999600200003, -35.018797547999952 ], [ 150.579974099000083, -35.018797110999969 ], [ 150.579973833000054, -35.018806119999965 ] ] ] ] } },
{ "type": "Feature", "properties": { "OBJECTID": 3722, "gridcode": 6, "Shape_Length": 9.4012658643290007e-05, "Shape_Area": 3.9489083160646348e-10 }, "geometry": { "type": "MultiPolygon", "coordinates": [ [ [ [ 150.580095095000047, -35.018781495999974 ], [ 150.580094033000023, -35.018817532999947 ], [ 150.580104984000059, -35.018817750999972 ], [ 150.580106047000072, -35.018781713999942 ], [ 150.580095095000047, -35.018781495999974 ] ] ] ] } },
{ "type": "Feature", "properties": { "OBJECTID": 3723, "gridcode": 6, "Shape_Length": 3.9934181436909612e-05, "Shape_Area": 9.8725551486212449e-11 }, "geometry": { "type": "MultiPolygon", "coordinates": [ [ [ [ 150.580115670000055, -35.018826978999982 ], [ 150.580115936000084, -35.01881796999993 ], [ 150.580104984000059, -35.018817750999972 ], [ 150.580104719000019, -35.018826760999957 ], [ 150.580115670000055, -35.018826978999982 ] ] ] ] } },
{ "type": "Feature", "properties": { "OBJECTID": 3753, "gridcode": 6, "Shape_Length": 3.9933211043583846e-05, "Shape_Area": 9.8721155713876563e-11 }, "geometry": { "type": "MultiPolygon", "coordinates": [ [ [ [ 150.580077504000087, -35.01900651099993 ], [ 150.580077770000116, -35.018997500999944 ], [ 150.580066819000081, -35.018997282999976 ], [ 150.580066553000051, -35.019006291999972 ], [ 150.580077504000087, -35.01900651099993 ] ] ] ] } },
{ "type": "Feature", "properties": { "OBJECTID": 3759, "gridcode": 6, "Shape_Length": 3.9933161760569429e-05, "Shape_Area": 9.8719942217283572e-11 }, "geometry": { "type": "MultiPolygon", "coordinates": [ [ [ [ 150.580076973000018, -35.019024528999978 ], [ 150.580077239000047, -35.019015519999982 ], [ 150.580066287000022, -35.019015301999957 ], [ 150.580066022000096, -35.019024310999953 ], [ 150.580076973000018, -35.019024528999978 ] ] ] ] } },
{ "type": "Feature", "properties": { "OBJECTID": 3803, "gridcode": 6, "Shape_Length": 0.00010177284145755271, "Shape_Area": 3.9488148856116767e-10 }, "geometry": { "type": "MultiPolygon", "coordinates": [ [ [ [ 150.57638621600006, -35.020068654999932 ], [ 150.576408119000121, -35.020069092999961 ], [ 150.576408385000036, -35.020060083999965 ], [ 150.576397434000114, -35.020059864999951 ], [ 150.57639770000003, -35.020050855999955 ], [ 150.576375797000082, -35.020050417999983 ], [ 150.576375531000053, -35.020059426999978 ], [ 150.576386482000089, -35.020059645999936 ], [ 150.57638621600006, -35.020068654999932 ] ] ] ] } },
{ "type": "Feature", "properties": { "OBJECTID": 3805, "gridcode": 6, "Shape_Length": 3.9932231438045767e-05, "Shape_Area": 9.8715813270372361e-11 }, "geometry": { "type": "MultiPolygon", "coordinates": [ [ [ [ 150.573641409000061, -35.020248159999937 ], [ 150.57364167500009, -35.020239150999942 ], [ 150.573630724000054, -35.020238931999984 ], [ 150.573630458000025, -35.02024794099998 ], [ 150.573641409000061, -35.020248159999937 ] ] ] ] } },
{ "type": "Feature", "properties": { "OBJECTID": 3807, "gridcode": 6, "Shape_Length": 3.9933260798145326e-05, "Shape_Area": 9.8720427236702996e-11 }, "geometry": { "type": "MultiPolygon", "coordinates": [ [ [ [ 150.573652094000067, -35.020257387999948 ], [ 150.573652361000086, -35.020248378999952 ], [ 150.573641409000061, -35.020248159999937 ], [ 150.573641143000032, -35.020257168999933 ], [ 150.573652094000067, -35.020257387999948 ] ] ] ] } },
{ "type": "Feature", "properties": { "OBJECTID": 3809, "gridcode": 6, "Shape_Length": 7.5987993648837354e-05, "Shape_Area": 2.961856377162142e-10 }, "geometry": { "type": "MultiPolygon", "coordinates": [ [ [ [ 150.573662513000045, -35.020275625999943 ], [ 150.573661714000082, -35.020302653999977 ], [ 150.573672666000107, -35.020302872999935 ], [ 150.57367346500007, -35.020275844999958 ], [ 150.573662513000045, -35.020275625999943 ] ] ] ] } },
{ "type": "Feature", "properties": { "OBJECTID": 3810, "gridcode": 6, "Shape_Length": 3.9935259785572933e-05, "Shape_Area": 9.873137809630896e-11 }, "geometry": { "type": "MultiPolygon", "coordinates": [ [ [ [ 150.57369403600012, -35.020321329999945 ], [ 150.573694303000025, -35.02031231999996 ], [ 150.573683351000113, -35.020312100999945 ], [ 150.573683085000084, -35.02032111099993 ], [ 150.57369403600012, -35.020321329999945 ] ] ] ] } },
{ "type": "Feature", "properties": { "OBJECTID": 3813, "gridcode": 6, "Shape_Length": 3.9935259785585543e-05, "Shape_Area": 9.873137809630896e-11 }, "geometry": { "type": "MultiPolygon", "coordinates": [ [ [ [ 150.573792334000018, -35.020332310999947 ], [ 150.573792601000036, -35.020323300999962 ], [ 150.573781649000011, -35.020323081999948 ], [ 150.573781383000096, -35.020332091999933 ], [ 150.573792334000018, -35.020332310999947 ] ] ] ] } },
{ "type": "Feature", "properties": { "OBJECTID": 3833, "gridcode": 6, "Shape_Length": 3.9934230902382298e-05, "Shape_Area": 9.8724821665663653e-11 }, "geometry": { "type": "MultiPolygon", "coordinates": [ [ [ [ 150.576793380000026, -35.020752887999947 ], [ 150.576793646000056, -35.020743878999951 ], [ 150.57678269400003, -35.020743659999937 ], [ 150.576782428000115, -35.020752668999933 ], [ 150.576793380000026, -35.020752887999947 ] ] ] ] } },
{ "type": "Feature", "properties": { "OBJECTID": 3858, "gridcode": 6, "Shape_Length": 0.001154206621708231, "Shape_Area": 9.1813673065913896e-09 }, "geometry": { "type": "MultiPolygon", "coordinates": [ [ [ [ 150.574042657000064, -35.02076100499994 ], [ 150.574119319000033, -35.020762537999929 ], [ 150.574119585000062, -35.020753528999933 ], [ 150.574141488, -35.020753966999962 ], [ 150.574142021000057, -35.02073594899997 ], [ 150.574152972000093, -35.020736167999985 ], [ 150.574153505000027, -35.020718148999947 ], [ 150.574142553000115, -35.020717929999932 ], [ 150.57414282000002, -35.020708920999937 ], [ 150.574164723000081, -35.020709358999966 ], [ 150.574165255000025, -35.020691339999985 ], [ 150.574154304000103, -35.02069112099997 ], [ 150.574154570000019, -35.020682111999974 ], [ 150.574132667000072, -35.020681673999945 ], [ 150.574132933000101, -35.02067266399996 ], [ 150.574121981000076, -35.020672444999946 ], [ 150.574121715000047, -35.020681454999931 ], [ 150.574110763000022, -35.020681235999973 ], [ 150.574110231000077, -35.020699253999965 ], [ 150.574121183000102, -35.020699472999979 ], [ 150.574120650000054, -35.02071749199996 ], [ 150.574109698000029, -35.020717272999946 ], [ 150.574109432000114, -35.020726281999941 ], [ 150.574098481000078, -35.020726062999984 ], [ 150.57409821400006, -35.020735071999979 ], [ 150.574109166000085, -35.020735290999937 ], [ 150.574108900000056, -35.020744300999979 ], [ 150.574097948000031, -35.020744081999965 ], [ 150.574097682000115, -35.02075309099996 ], [ 150.574064827000029, -35.020752433999974 ], [ 150.574065093000058, -35.020743424999978 ], [ 150.574054142000023, -35.020743205999963 ], [ 150.574055739000073, -35.020689149999953 ], [ 150.574066691000098, -35.020689368999967 ], [ 150.574066957000014, -35.020680358999982 ], [ 150.574077909000039, -35.02068057799994 ], [ 150.57407764200002, -35.020689587999982 ], [ 150.574088594000045, -35.02068980699994 ], [ 150.574089127000093, -35.020671787999959 ], [ 150.574100078000015, -35.020672006999973 ], [ 150.574100344000044, -35.020662997999978 ], [ 150.574089393000122, -35.020662778999963 ], [ 150.574089659000037, -35.020653769999967 ], [ 150.57406775600009, -35.020653331999938 ], [ 150.574068288000035, -35.020635312999957 ], [ 150.574046385000088, -35.020634874999985 ], [ 150.574046651000117, -35.020625865999932 ], [ 150.574035700000081, -35.020625645999928 ], [ 150.574036499000044, -35.020598618999941 ], [ 150.574014595000108, -35.020598179999979 ], [ 150.574015128000042, -35.020580161999931 ], [ 150.574004176000017, -35.020579942999973 ], [ 150.574003910000101, -35.020588951999969 ], [ 150.573992958000076, -35.020588732999954 ], [ 150.573992160000103, -35.020615760999931 ], [ 150.574025014000085, -35.020616417999975 ], [ 150.574024216000112, -35.020643445999951 ], [ 150.574035167000034, -35.020643664999966 ], [ 150.574034635000089, -35.020661683999947 ], [ 150.574045586000011, -35.020661902999962 ], [ 150.574045320000096, -35.020670911999957 ], [ 150.574056272000121, -35.020671130999972 ], [ 150.574056005000102, -35.020680139999968 ], [ 150.574045054000067, -35.020679920999953 ], [ 150.574044788000037, -35.020688930999938 ], [ 150.574033836000012, -35.020688711999981 ], [ 150.574033570000097, -35.020697720999976 ], [ 150.574044521000019, -35.020697939999934 ], [ 150.574044255000103, -35.02070694899993 ], [ 150.574011400000018, -35.020706291999943 ], [ 150.574011134000102, -35.020715300999939 ], [ 150.574022086000014, -35.020715519999953 ], [ 150.57402155300008, -35.020733538999934 ], [ 150.574032505000105, -35.020733757999949 ], [ 150.574032238000086, -35.020742766999945 ], [ 150.574043190000111, -35.020742985999959 ], [ 150.574042657000064, -35.02076100499994 ] ] ] ] } },
{ "type": "Feature", "properties": { "OBJECTID": 3862, "gridcode": 6, "Shape_Length": 3.9934230902382298e-05, "Shape_Area": 9.8724821665663653e-11 }, "geometry": { "type": "MultiPolygon", "coordinates": [ [ [ [ 150.574250206000102, -35.020783184999971 ], [ 150.574250472000017, -35.020774175999975 ], [ 150.574239520000106, -35.02077395699996 ], [ 150.574239254000076, -35.020782965999956 ], [ 150.574250206000102, -35.020783184999971 ] ] ] ] } },
{ "type": "Feature", "properties": { "OBJECTID": 3867, "gridcode": 6, "Shape_Length": 3.9934230902382298e-05, "Shape_Area": 9.8724821665663653e-11 }, "geometry": { "type": "MultiPolygon", "coordinates": [ [ [ [ 150.576856430000021, -35.020844293999971 ], [ 150.57685669600005, -35.020835284999976 ], [ 150.576845744000025, -35.020835065999961 ], [ 150.576845478000109, -35.020844074999957 ], [ 150.576856430000021, -35.020844293999971 ] ] ] ] } },
{ "type": "Feature", "properties": { "OBJECTID": 3881, "gridcode": 6, "Shape_Length": 3.9934231017128808e-05, "Shape_Area": 9.8724822175094362e-11 }, "geometry": { "type": "MultiPolygon", "coordinates": [ [ [ [ 150.576898641000071, -35.020899224999937 ], [ 150.5768989070001, -35.020890215999941 ], [ 150.576887955000075, -35.020889996999983 ], [ 150.576887689000046, -35.020899005999979 ], [ 150.576898641000071, -35.020899224999937 ] ] ] ] } },
{ "type": "Feature", "properties": { "OBJECTID": 3884, "gridcode": 6, "Shape_Length": 3.9935210682442673e-05, "Shape_Area": 9.8730165437422727e-11 }, "geometry": { "type": "MultiPolygon", "coordinates": [ [ [ [ 150.576909327000067, -35.020908452999947 ], [ 150.576909593000096, -35.020899443999951 ], [ 150.576898641000071, -35.020899224999937 ], [ 150.576898375000042, -35.020908234999979 ], [ 150.576909327000067, -35.020908452999947 ] ] ] ] } },
{ "type": "Feature", "properties": { "OBJECTID": 3900, "gridcode": 6, "Shape_Length": 3.993223137898159e-05, "Shape_Area": 9.8715813064627611e-11 }, "geometry": { "type": "MultiPolygon", "coordinates": [ [ [ [ 150.576929368000037, -35.020971955999983 ], [ 150.576929634000066, -35.02096294699993 ], [ 150.576918683000031, -35.020962727999972 ], [ 150.576918417000115, -35.020971736999968 ], [ 150.576929368000037, -35.020971955999983 ] ] ] ] } },
{ "type": "Feature", "properties": { "OBJECTID": 3901, "gridcode": 6, "Shape_Length": 3.9935210626755257e-05, "Shape_Area": 9.8730165133708333e-11 }, "geometry": { "type": "MultiPolygon", "coordinates": [ [ [ [ 150.576951272000088, -35.020972393999955 ], [ 150.576951538000117, -35.02096338399997 ], [ 150.576940586000092, -35.020963165999945 ], [ 150.576940320000062, -35.02097217499994 ], [ 150.576951272000088, -35.020972393999955 ] ] ] ] } },
{ "type": "Feature", "properties": { "OBJECTID": 3914, "gridcode": 6, "Shape_Length": 3.9934231017128808e-05, "Shape_Area": 9.8724822175094362e-11 }, "geometry": { "type": "MultiPolygon", "coordinates": [ [ [ [ 150.576960894000081, -35.021017658999938 ], [ 150.57696116000011, -35.021008649999942 ], [ 150.576950208000085, -35.021008430999984 ], [ 150.576949942000056, -35.02101743999998 ], [ 150.576960894000081, -35.021017658999938 ] ] ] ] } },
{ "type": "Feature", "properties": { "OBJECTID": 3915, "gridcode": 6, "Shape_Length": 3.993521050973588e-05, "Shape_Area": 9.873016460915728e-11 }, "geometry": { "type": "MultiPolygon", "coordinates": [ [ [ [ 150.576949676000027, -35.021026449999965 ], [ 150.576949942000056, -35.02101743999998 ], [ 150.576938990000031, -35.021017221999955 ], [ 150.576938724000115, -35.021026230999951 ], [ 150.576949676000027, -35.021026449999965 ] ] ] ] } },
{ "type": "Feature", "properties": { "OBJECTID": 3926, "gridcode": 6, "Shape_Length": 3.9934231019401675e-05, "Shape_Area": 9.8724822190214706e-11 }, "geometry": { "type": "MultiPolygon", "coordinates": [ [ [ [ 150.576970250000045, -35.021071933999963 ], [ 150.576970516000074, -35.021062924999967 ], [ 150.576959564000049, -35.021062705999952 ], [ 150.57695929800002, -35.021071714999948 ], [ 150.576970250000045, -35.021071933999963 ] ] ] ] } },
{ "type": "Feature", "properties": { "OBJECTID": 3940, "gridcode": 6, "Shape_Length": 0.0010202606532330161, "Shape_Area": 1.530241482051397e-08 }, "geometry": { "type": "MultiPolygon", "coordinates": [ [ [ [ 150.57394918600005, -35.020957456999952 ], [ 150.573948920000021, -35.020966466999937 ], [ 150.573894162000101, -35.020965370999932 ], [ 150.573894961000065, -35.020938343999944 ], [ 150.573938767000072, -35.020939219999946 ], [ 150.573938235000014, -35.020957237999937 ], [ 150.57394918600005, -35.020957456999952 ] ], [ [ 150.57390271700001, -35.021046673999933 ], [ 150.573902451000095, -35.021055683999975 ], [ 150.573913402000017, -35.021055902999933 ], [ 150.573913669000035, -35.021046892999948 ], [ 150.573924620000071, -35.021047111999962 ], [ 150.573924887000089, -35.021038102999967 ], [ 150.573935838000011, -35.021038321999981 ], [ 150.57393610500003, -35.021029312999929 ], [ 150.573947056000065, -35.021029531999943 ], [ 150.573948388000076, -35.020984484999929 ], [ 150.573959339000112, -35.020984703999943 ], [ 150.573960138000075, -35.020957675999966 ], [ 150.5739710900001, -35.02095789599997 ], [ 150.573971356000015, -35.020948885999928 ], [ 150.573960404000104, -35.020948666999971 ], [ 150.573960671, -35.020939657999975 ], [ 150.573971622000045, -35.020939876999932 ], [ 150.573972155000092, -35.020921857999951 ], [ 150.573961203000067, -35.020921638999937 ], [ 150.573961736000115, -35.020903620999945 ], [ 150.57395078400009, -35.020903401999931 ], [ 150.573951050000119, -35.020894391999946 ], [ 150.573907244000111, -35.020893515999944 ], [ 150.573906978000082, -35.02090252499994 ], [ 150.573896026000057, -35.020902305999982 ], [ 150.573895760000028, -35.020911315999967 ], [ 150.573884808000116, -35.020911096999953 ], [ 150.573884542000087, -35.020920105999949 ], [ 150.573873590000062, -35.020919886999934 ], [ 150.573873324000033, -35.02092889599993 ], [ 150.573840469000061, -35.020928238999943 ], [ 150.573840203000032, -35.020937247999939 ], [ 150.573785444, -35.02093615299998 ], [ 150.573785178000094, -35.020945161999975 ], [ 150.573774226000069, -35.020944942999961 ], [ 150.573773161000076, -35.020980979999933 ], [ 150.573784113000102, -35.020981198999948 ], [ 150.573783847000072, -35.020990208999933 ], [ 150.573794798000108, -35.020990427999948 ], [ 150.573794532000079, -35.020999436999944 ], [ 150.573827387000051, -35.02100009399993 ], [ 150.573827121000022, -35.021009103999972 ], [ 150.573859976000108, -35.021009760999959 ], [ 150.573860242000023, -35.021000750999974 ], [ 150.573871193000059, -35.021000970999978 ], [ 150.573871726000107, -35.02098295199994 ], [ 150.573882678000018, -35.020983170999955 ], [ 150.573882944000047, -35.020974161999959 ], [ 150.573904847000108, -35.020974599999931 ], [ 150.573904581000079, -35.020983608999984 ], [ 150.573915533000104, -35.020983827999942 ], [ 150.573915, -35.02100184699998 ], [ 150.573893097000109, -35.02100140899995 ], [ 150.573891765000099, -35.021046454999976 ], [ 150.57390271700001, -35.021046673999933 ] ] ] ] } },
{ "type": "Feature", "properties": { "OBJECTID": 3977, "gridcode": 6, "Shape_Length": 3.9934231019401675e-05, "Shape_Area": 9.8724822190214706e-11 }, "geometry": { "type": "MultiPolygon", "coordinates": [ [ [ [ 150.576986834000081, -35.021252557999958 ], [ 150.57698710000011, -35.021243548999962 ], [ 150.576976148000085, -35.021243329999947 ], [ 150.576975882000056, -35.021252338999943 ], [ 150.576986834000081, -35.021252557999958 ] ] ] ] } },
{ "type": "Feature", "properties": { "OBJECTID": 4000, "gridcode": 6, "Shape_Length": 0.00224520016728304, "Shape_Area": 6.3677880822128204e-08 }, "geometry": { "type": "MultiPolygon", "coordinates": [ [ [ [ 150.577130270000112, -35.021219364999979 ], [ 150.577130004000082, -35.021228373999975 ], [ 150.577119052000057, -35.02122815499996 ], [ 150.577119318000086, -35.021219145999964 ], [ 150.577130270000112, -35.021219364999979 ] ], [ [ 150.577160998000068, -35.021292095999968 ], [ 150.577204805000065, -35.02129297099998 ], [ 150.577205071000094, -35.021283960999938 ], [ 150.577237926000066, -35.021284617999981 ], [ 150.577238192000095, -35.021275607999939 ], [ 150.577194385000098, -35.021274732999984 ], [ 150.577194119000069, -35.02128374199998 ], [ 150.577183167000044, -35.021283523999955 ], [ 150.577183433000073, -35.02127451399997 ], [ 150.577172481000048, -35.021274295999945 ], [ 150.577172747000077, -35.021265285999959 ], [ 150.577161796000041, -35.021265067999934 ], [ 150.577162593000025, -35.021238039999957 ], [ 150.577151642000103, -35.021237820999943 ], [ 150.577152439000088, -35.021210792999966 ], [ 150.577163391000113, -35.021211011999981 ], [ 150.577163657000028, -35.021202001999939 ], [ 150.577207464000026, -35.021202876999951 ], [ 150.577206932000081, -35.021220895999932 ], [ 150.577217884000106, -35.021221114999946 ], [ 150.577217618000077, -35.021230123999942 ], [ 150.577228569000113, -35.021230342999957 ], [ 150.577228038000044, -35.021248360999948 ], [ 150.57723898900008, -35.021248579999963 ], [ 150.577238192000095, -35.021275607999939 ], [ 150.577260095000042, -35.021276045999969 ], [ 150.577261956000029, -35.021212979999973 ], [ 150.577251005000107, -35.021212761999948 ], [ 150.577252334000036, -35.021167714999933 ], [ 150.577241383000114, -35.021167495999975 ], [ 150.577241914000069, -35.021149477999984 ], [ 150.577220011000122, -35.021149039999955 ], [ 150.577220277000038, -35.021140030999959 ], [ 150.577209325000013, -35.021139811999944 ], [ 150.5772101230001, -35.021112783999968 ], [ 150.577199171000075, -35.021112564999953 ], [ 150.577199703000019, -35.021094546999961 ], [ 150.577177800000072, -35.021094108999932 ], [ 150.577178066000101, -35.021085099999937 ], [ 150.577167114000076, -35.021084880999979 ], [ 150.577167646000021, -35.021066861999941 ], [ 150.577156694000109, -35.021066643999973 ], [ 150.577157758000112, -35.021030605999954 ], [ 150.577146806000087, -35.021030387999929 ], [ 150.57714787000009, -35.020994349999967 ], [ 150.577136918000065, -35.020994131999942 ], [ 150.57713745, -35.020976112999961 ], [ 150.577126498000098, -35.020975893999946 ], [ 150.577126764000013, -35.02096688499995 ], [ 150.577093909000041, -35.020966227999963 ], [ 150.57709417500007, -35.020957218999968 ], [ 150.577072272, -35.020956781999985 ], [ 150.577072538000039, -35.020947771999943 ], [ 150.577061586000013, -35.020947553999974 ], [ 150.577062118000072, -35.020929534999937 ], [ 150.577051166000047, -35.020929315999979 ], [ 150.577051432000076, -35.020920306999983 ], [ 150.57704048100004, -35.020920087999968 ], [ 150.577040747000069, -35.020911078999973 ], [ 150.577018843000019, -35.020910640999944 ], [ 150.577019109000048, -35.020901631999948 ], [ 150.577030061000073, -35.020901850999962 ], [ 150.577030859000047, -35.020874822999929 ], [ 150.577019907000022, -35.020874603999971 ], [ 150.577020173000051, -35.020865594999975 ], [ 150.577009221000026, -35.020865375999961 ], [ 150.577009753000084, -35.02084735699998 ], [ 150.576998802000048, -35.020847137999965 ], [ 150.576999333000117, -35.020829119999973 ], [ 150.576988382000081, -35.020828900999959 ], [ 150.576988648000111, -35.020819891999963 ], [ 150.576999599000033, -35.020820109999931 ], [ 150.576999865000062, -35.020811100999936 ], [ 150.576977962000115, -35.020810662999963 ], [ 150.57697822800003, -35.020801653999968 ], [ 150.576956325000083, -35.020801216999985 ], [ 150.576956059000054, -35.020810225999981 ], [ 150.576912252000056, -35.020809350999969 ], [ 150.576911720000112, -35.02082736899996 ], [ 150.576922672000023, -35.020827587999975 ], [ 150.576922140000079, -35.020845606999956 ], [ 150.576933092000104, -35.02084582599997 ], [ 150.576932560000046, -35.020863843999962 ], [ 150.576943511000081, -35.020864062999976 ], [ 150.576942979000023, -35.020882081999957 ], [ 150.576953931000048, -35.020882300999972 ], [ 150.576952070000061, -35.020945365999978 ], [ 150.576963021000097, -35.020945584999936 ], [ 150.576962489000039, -35.020963602999984 ], [ 150.576973441000064, -35.020963821999942 ], [ 150.576973175000035, -35.020972830999938 ], [ 150.576951272000088, -35.020972393999955 ], [ 150.576950740000029, -35.020990411999946 ], [ 150.57697264300009, -35.020990849999976 ], [ 150.576972377000061, -35.020999858999971 ], [ 150.576994281000111, -35.021000296999944 ], [ 150.576994015000082, -35.021009305999939 ], [ 150.577004966000118, -35.021009524999954 ], [ 150.57700416800003, -35.021036552999931 ], [ 150.577015120000056, -35.021036771999945 ], [ 150.577013524000108, -35.021090827999956 ], [ 150.57702447600002, -35.021091045999981 ], [ 150.577023944000075, -35.021109064999962 ], [ 150.577012993000039, -35.021108845999947 ], [ 150.57701272700001, -35.021117855999933 ], [ 150.577023678000046, -35.021118073999958 ], [ 150.577022881000062, -35.021145101999934 ], [ 150.577000977000012, -35.021144664999952 ], [ 150.577000445000067, -35.021162682999943 ], [ 150.577011397000092, -35.021162901999958 ], [ 150.577011131000063, -35.021171911999943 ], [ 150.577022083000088, -35.021172129999968 ], [ 150.57702155100003, -35.021190148999949 ], [ 150.577032503000055, -35.021190367999964 ], [ 150.577032237000026, -35.021199376999959 ], [ 150.577076043000034, -35.021200251999971 ], [ 150.577075777000118, -35.021209260999967 ], [ 150.57708672900003, -35.021209479999982 ], [ 150.577086197000085, -35.021227498999963 ], [ 150.577108101000022, -35.021227935999946 ], [ 150.577107569000077, -35.021245954999983 ], [ 150.577118521000102, -35.021246173999941 ], [ 150.577117989000044, -35.021264191999933 ], [ 150.57712894000008, -35.021264410999947 ], [ 150.577128674000051, -35.021273420999933 ], [ 150.577139626000076, -35.021273638999958 ], [ 150.577139360000047, -35.021282648999943 ], [ 150.577150312000072, -35.021282866999968 ], [ 150.577150578000101, -35.021273857999972 ], [ 150.577161530000012, -35.02127407699993 ], [ 150.577160998000068, -35.021292095999968 ] ] ] ] } },
{ "type": "Feature", "properties": { "OBJECTID": 4140, "gridcode": 6, "Shape_Length": 3.9935259841267673e-05, "Shape_Area": 9.8731378399994932e-11 }, "geometry": { "type": "MultiPolygon", "coordinates": [ [ [ [ 150.574268222000114, -35.022027564999973 ], [ 150.57426848800003, -35.022018554999931 ], [ 150.574257537000108, -35.022018335999974 ], [ 150.574257270000089, -35.022027345999959 ], [ 150.574268222000114, -35.022027564999973 ] ] ] ] } },
{ "type": "Feature", "properties": { "OBJECTID": 4147, "gridcode": 6, "Shape_Length": 3.9935259841255069e-05, "Shape_Area": 9.8731378399994932e-11 }, "geometry": { "type": "MultiPolygon", "coordinates": [ [ [ [ 150.574343287000033, -35.022083153999972 ], [ 150.574343553000062, -35.02207414399993 ], [ 150.574332602000027, -35.022073924999972 ], [ 150.574332335000122, -35.022082934999958 ], [ 150.574343287000033, -35.022083153999972 ] ] ] ] } },
{ "type": "Feature", "properties": { "OBJECTID": 4155, "gridcode": 6, "Shape_Length": 5.796014218967666e-05, "Shape_Area": 1.9744986234147454e-10 }, "geometry": { "type": "MultiPolygon", "coordinates": [ [ [ [ 150.574254608000047, -35.022117438999942 ], [ 150.574254075000113, -35.022135456999933 ], [ 150.574265027000024, -35.022135675999948 ], [ 150.574265560000072, -35.022117657999956 ], [ 150.574254608000047, -35.022117438999942 ] ] ] ] } },
{ "type": "Feature", "properties": { "OBJECTID": 4156, "gridcode": 6, "Shape_Length": 3.9935259902604541e-05, "Shape_Area": 9.8731378620916883e-11 }, "geometry": { "type": "MultiPolygon", "coordinates": [ [ [ [ 150.574418086000037, -35.022147751999967 ], [ 150.574418352000066, -35.022138741999981 ], [ 150.57440740100003, -35.022138522999967 ], [ 150.574407134000012, -35.022147532999952 ], [ 150.574418086000037, -35.022147751999967 ] ] ] ] } },
{ "type": "Feature", "properties": { "OBJECTID": 4165, "gridcode": 6, "Shape_Length": 3.993429003893984e-05, "Shape_Area": 9.8725040663362207e-11 }, "geometry": { "type": "MultiPolygon", "coordinates": [ [ [ [ 150.57425301000012, -35.022171493999963 ], [ 150.574253277000025, -35.022162484999967 ], [ 150.574242325000114, -35.022162265999953 ], [ 150.574242058000095, -35.022171274999948 ], [ 150.57425301000012, -35.022171493999963 ] ] ] ] } },
{ "type": "Feature", "properties": { "OBJECTID": 4171, "gridcode": 6, "Shape_Length": 3.9933260681125962e-05, "Shape_Area": 9.8720426712151917e-11 }, "geometry": { "type": "MultiPolygon", "coordinates": [ [ [ [ 150.574328075000039, -35.022227082999962 ], [ 150.574328342000058, -35.022218073999966 ], [ 150.574317390000033, -35.022217854999951 ], [ 150.574317124000117, -35.022226863999947 ], [ 150.574328075000039, -35.022227082999962 ] ] ] ] } },
{ "type": "Feature", "properties": { "OBJECTID": 4173, "gridcode": 6, "Shape_Length": 0.00055270415624133758, "Shape_Area": 7.9969089323005901e-09 }, "geometry": { "type": "MultiPolygon", "coordinates": [ [ [ [ 150.57432780900001, -35.022236092999947 ], [ 150.574393520000058, -35.022237406999977 ], [ 150.574393786000087, -35.022228397999982 ], [ 150.574470449000046, -35.02222993099997 ], [ 150.574470715000075, -35.022220920999985 ], [ 150.574492619000011, -35.022221358999957 ], [ 150.574492885000041, -35.022212349999961 ], [ 150.574503837000066, -35.022212568999976 ], [ 150.574504636000029, -35.022185540999942 ], [ 150.574471780000067, -35.022184883999955 ], [ 150.574472047000086, -35.022175874999959 ], [ 150.574482998000121, -35.022176093999974 ], [ 150.574483265000026, -35.022167083999932 ], [ 150.57446136100009, -35.02216664599996 ], [ 150.574461095000061, -35.022175655999945 ], [ 150.574406336000038, -35.022174560999929 ], [ 150.574405803000104, -35.022192578999977 ], [ 150.574394851000079, -35.022192359999963 ], [ 150.574395118000098, -35.022183350999967 ], [ 150.574384166000073, -35.022183131999952 ], [ 150.574383900000043, -35.022192140999948 ], [ 150.574372948000018, -35.022191921999934 ], [ 150.574373214000047, -35.022182912999938 ], [ 150.574351310000111, -35.022182474999966 ], [ 150.574350778000053, -35.022200493999947 ], [ 150.574339826000028, -35.022200273999943 ], [ 150.574339027000065, -35.022227301999976 ], [ 150.574328075000039, -35.022227082999962 ], [ 150.57432780900001, -35.022236092999947 ] ] ] ] } },
{ "type": "Feature", "properties": { "OBJECTID": 4179, "gridcode": 6, "Shape_Length": 6.184260971335448e-05, "Shape_Area": 1.9744964382830931e-10 }, "geometry": { "type": "MultiPolygon", "coordinates": [ [ [ [ 150.57461175800006, -35.022268814999961 ], [ 150.57463366200011, -35.022269252999934 ], [ 150.574633928000026, -35.022260243999938 ], [ 150.574612024000089, -35.022259805999965 ], [ 150.57461175800006, -35.022268814999961 ] ] ] ] } },
{ "type": "Feature", "properties": { "OBJECTID": 4180, "gridcode": 6, "Shape_Length": 8.3748988837183439e-05, "Shape_Area": 2.9616545662659705e-10 }, "geometry": { "type": "MultiPolygon", "coordinates": [ [ [ [ 150.574491022000075, -35.022275414999967 ], [ 150.574523877000047, -35.022276071999954 ], [ 150.574524143000076, -35.022267062999958 ], [ 150.574491288000104, -35.022266405999972 ], [ 150.574491022000075, -35.022275414999967 ] ] ] ] } },
{ "type": "Feature", "properties": { "OBJECTID": 4195, "gridcode": 6, "Shape_Length": 7.9870461202199443e-05, "Shape_Area": 2.9618555206088427e-10 }, "geometry": { "type": "MultiPolygon", "coordinates": [ [ [ [ 150.574695912000038, -35.022387687999981 ], [ 150.574717816000089, -35.022388125999953 ], [ 150.574718082000118, -35.022379116999957 ], [ 150.574707130000093, -35.022378897999943 ], [ 150.574707396000122, -35.022369887999957 ], [ 150.574696444000097, -35.022369668999943 ], [ 150.574695912000038, -35.022387687999981 ] ] ] ] } },
{ "type": "Feature", "properties": { "OBJECTID": 4201, "gridcode": 6, "Shape_Length": 7.9869490687921953e-05, "Shape_Area": 2.9619195033663189e-10 }, "geometry": { "type": "MultiPolygon", "coordinates": [ [ [ [ 150.574596547000056, -35.02241274499994 ], [ 150.574618450000116, -35.022413182999969 ], [ 150.574618717000021, -35.022404172999984 ], [ 150.57460776500011, -35.022403953999969 ], [ 150.574608031000025, -35.022394944999974 ], [ 150.574597079000114, -35.022394725999959 ], [ 150.574596547000056, -35.02241274499994 ] ] ] ] } },
{ "type": "Feature", "properties": { "OBJECTID": 4203, "gridcode": 6, "Shape_Length": 0.00080257143889530559, "Shape_Area": 6.8121518117862381e-09 }, "geometry": { "type": "MultiPolygon", "coordinates": [ [ [ [ 150.574738654000043, -35.022424600999955 ], [ 150.574760558000094, -35.022425038999984 ], [ 150.574760824, -35.022416029999931 ], [ 150.574782728000059, -35.02241646799996 ], [ 150.574783260000117, -35.022398448999979 ], [ 150.574772309000082, -35.022398229999965 ], [ 150.574772575000111, -35.022389220999969 ], [ 150.574761623000086, -35.022389001999954 ], [ 150.574761889000115, -35.022379991999969 ], [ 150.57475093700009, -35.022379772999955 ], [ 150.574751203000119, -35.022370763999959 ], [ 150.574740252000083, -35.022370544999944 ], [ 150.574740518000112, -35.022361535999949 ], [ 150.574751470000024, -35.022361754999963 ], [ 150.574751736000053, -35.022352745999967 ], [ 150.574718880000091, -35.02235208899998 ], [ 150.57471914700011, -35.022343078999938 ], [ 150.574730098000032, -35.022343297999953 ], [ 150.57473036500005, -35.022334288999957 ], [ 150.574664654000117, -35.022332974999983 ], [ 150.574664920000032, -35.022323965999931 ], [ 150.57463206400007, -35.022323308999944 ], [ 150.574632331000089, -35.022314298999959 ], [ 150.574610427000039, -35.02231386099993 ], [ 150.57461016100001, -35.022322870999972 ], [ 150.574599209000098, -35.022322651999957 ], [ 150.574597345000029, -35.022385716999963 ], [ 150.574608297000054, -35.022385935999978 ], [ 150.574609096000017, -35.022358907999944 ], [ 150.574641951000103, -35.022359564999931 ], [ 150.574641685000074, -35.022368573999984 ], [ 150.574652637000099, -35.022368792999941 ], [ 150.574652903000015, -35.022359783999946 ], [ 150.57466385500004, -35.02236000299996 ], [ 150.574663589000011, -35.022369011999956 ], [ 150.574674541000036, -35.022369230999971 ], [ 150.574674807000065, -35.022360221999975 ], [ 150.57468575900009, -35.022360440999933 ], [ 150.574685492000071, -35.022369449999928 ], [ 150.574696444000097, -35.022369668999943 ], [ 150.574696977000031, -35.022351650999951 ], [ 150.574707929000056, -35.022351869999966 ], [ 150.574707662000037, -35.022360878999962 ], [ 150.574718614000062, -35.022361097999976 ], [ 150.574718348000033, -35.022370106999972 ], [ 150.574729300000058, -35.02237032599993 ], [ 150.574729034000029, -35.022379334999982 ], [ 150.574739985000065, -35.02237955399994 ], [ 150.574739719000036, -35.022388563999982 ], [ 150.574750671000061, -35.02238878299994 ], [ 150.574750405000032, -35.022397791999936 ], [ 150.57473945300012, -35.022397572999978 ], [ 150.574739187000091, -35.022406581999974 ], [ 150.574728235000066, -35.022406362999959 ], [ 150.574727969000037, -35.022415372999944 ], [ 150.574738921000062, -35.022415591999959 ], [ 150.574738654000043, -35.022424600999955 ] ] ] ] } },
{ "type": "Feature", "properties": { "OBJECTID": 4205, "gridcode": 6, "Shape_Length": 3.9934290211653856e-05, "Shape_Area": 9.8725041491599233e-11 }, "geometry": { "type": "MultiPolygon", "coordinates": [ [ [ [ 150.574804099000062, -35.022434923999981 ], [ 150.57480436600008, -35.022425914999928 ], [ 150.574793414000055, -35.022425695999971 ], [ 150.574793147000037, -35.022434704999966 ], [ 150.574804099000062, -35.022434923999981 ] ] ] ] } },
{ "type": "Feature", "properties": { "OBJECTID": 4209, "gridcode": 6, "Shape_Length": 3.9936230182821932e-05, "Shape_Area": 9.8735774378132411e-11 }, "geometry": { "type": "MultiPolygon", "coordinates": [ [ [ [ 150.574573046000069, -35.022466362999978 ], [ 150.574573312000098, -35.022457352999936 ], [ 150.574562360000073, -35.022457133999978 ], [ 150.574562094000044, -35.022466143999964 ], [ 150.574573046000069, -35.022466362999978 ] ] ] ] } },
{ "type": "Feature", "properties": { "OBJECTID": 4211, "gridcode": 6, "Shape_Length": 3.9934230900109431e-05, "Shape_Area": 9.8724821650543295e-11 }, "geometry": { "type": "MultiPolygon", "coordinates": [ [ [ [ 150.574802236000096, -35.02249798899993 ], [ 150.574802502000011, -35.022488979999935 ], [ 150.5747915500001, -35.022488760999977 ], [ 150.574791284000071, -35.022497769999973 ], [ 150.574802236000096, -35.02249798899993 ] ] ] ] } },
{ "type": "Feature", "properties": { "OBJECTID": 4217, "gridcode": 6, "Shape_Length": 3.9933260798145326e-05, "Shape_Area": 9.8720427236702996e-11 }, "geometry": { "type": "MultiPolygon", "coordinates": [ [ [ [ 150.574789154000086, -35.022569844999964 ], [ 150.574789421000105, -35.022560835999968 ], [ 150.57477846900008, -35.022560616999954 ], [ 150.574778203000051, -35.022569625999949 ], [ 150.574789154000086, -35.022569844999964 ] ] ] ] } },
{ "type": "Feature", "properties": { "OBJECTID": 4218, "gridcode": 6, "Shape_Length": 0.00011980373147899693, "Shape_Area": 6.9108779096384441e-10 }, "geometry": { "type": "MultiPolygon", "coordinates": [ [ [ [ 150.574800373000016, -35.022561054999983 ], [ 150.574800106000112, -35.022570063999979 ], [ 150.574811058000023, -35.022570282999936 ], [ 150.574811324000052, -35.022561273999941 ], [ 150.574822276000077, -35.022561491999966 ], [ 150.574822809000011, -35.022543473999974 ], [ 150.57478995300005, -35.02254281699993 ], [ 150.574789421000105, -35.022560835999968 ], [ 150.574800373000016, -35.022561054999983 ] ] ] ] } },
{ "type": "Feature", "properties": { "OBJECTID": 4221, "gridcode": 6, "Shape_Length": 3.9936230182821932e-05, "Shape_Area": 9.8735774378132411e-11 }, "geometry": { "type": "MultiPolygon", "coordinates": [ [ [ [ 150.575544568000055, -35.022593961999974 ], [ 150.575544834000084, -35.022584951999931 ], [ 150.575533882000059, -35.022584732999974 ], [ 150.57553361600003, -35.022593742999959 ], [ 150.575544568000055, -35.022593961999974 ] ] ] ] } },
{ "type": "Feature", "properties": { "OBJECTID": 4230, "gridcode": 6, "Shape_Length": 0.00019967516254117338, "Shape_Area": 1.2834729794309388e-09 }, "geometry": { "type": "MultiPolygon", "coordinates": [ [ [ [ 150.575576625000053, -35.022621645999948 ], [ 150.575576359000024, -35.022630655999933 ], [ 150.575587311000049, -35.022630874999948 ], [ 150.575588375000052, -35.022594836999929 ], [ 150.575544568000055, -35.022593961999974 ], [ 150.575544301000036, -35.022602970999969 ], [ 150.575555253000061, -35.022603189999984 ], [ 150.575554987000032, -35.02261219899998 ], [ 150.575544035000121, -35.022611979999965 ], [ 150.575543769000092, -35.02262098999995 ], [ 150.575554721000117, -35.022621208999965 ], [ 150.575554455000088, -35.022630217999961 ], [ 150.575565407000113, -35.022630436999975 ], [ 150.575565673000028, -35.022621426999933 ], [ 150.575576625000053, -35.022621645999948 ] ] ] ] } },
{ "type": "Feature", "properties": { "OBJECTID": 4238, "gridcode": 6, "Shape_Length": 0.00024348997028410331, "Shape_Area": 1.6783644494416839e-09 }, "geometry": { "type": "MultiPolygon", "coordinates": [ [ [ [ 150.574874906000105, -35.022634661999973 ], [ 150.574896810000041, -35.022635099999945 ], [ 150.574897342000099, -35.022617080999964 ], [ 150.574886390000074, -35.02261686199995 ], [ 150.574886657000093, -35.022607852999954 ], [ 150.574875705000068, -35.022607633999939 ], [ 150.574875971000097, -35.022598624999944 ], [ 150.574865019000072, -35.022598405999929 ], [ 150.574865285000101, -35.022589395999944 ], [ 150.574832430000015, -35.022588738999957 ], [ 150.574831897000081, -35.022606757999938 ], [ 150.574820945000056, -35.02260653899998 ], [ 150.574820679000027, -35.022615547999976 ], [ 150.574875438000049, -35.022616642999935 ], [ 150.574874906000105, -35.022634661999973 ] ] ] ] } },
{ "type": "Feature", "properties": { "OBJECTID": 4362, "gridcode": 6, "Shape_Length": 0.00012368624879354167, "Shape_Area": 4.9362905200818586e-10 }, "geometry": { "type": "MultiPolygon", "coordinates": [ [ [ [ 150.575713352000093, -35.024670699999945 ], [ 150.57575716100007, -35.024671575999946 ], [ 150.575757427000099, -35.02466256699995 ], [ 150.575746475000074, -35.024662347999936 ], [ 150.575746741000103, -35.02465333899994 ], [ 150.575735789000078, -35.024653119999982 ], [ 150.575735523000048, -35.024662128999978 ], [ 150.575713619000112, -35.024661690999949 ], [ 150.575713352000093, -35.024670699999945 ] ] ] ] } },
{ "type": "Feature", "properties": { "OBJECTID": 4365, "gridcode": 6, "Shape_Length": 5.7962082388930244e-05, "Shape_Area": 1.9746059656078693e-10 }, "geometry": { "type": "MultiPolygon", "coordinates": [ [ [ [ 150.57575716100007, -35.024671575999946 ], [ 150.575756629000011, -35.024689594999984 ], [ 150.575767581000036, -35.024689813999942 ], [ 150.575768113000095, -35.024671794999961 ], [ 150.57575716100007, -35.024671575999946 ] ] ] ] } },
{ "type": "Feature", "properties": { "OBJECTID": 4367, "gridcode": 6, "Shape_Length": 3.9934230902382298e-05, "Shape_Area": 9.8724821665663653e-11 }, "geometry": { "type": "MultiPolygon", "coordinates": [ [ [ [ 150.575788687000113, -35.024717278999958 ], [ 150.575788953000028, -35.024708269999962 ], [ 150.575778001000117, -35.024708050999948 ], [ 150.575777735000088, -35.024717059999944 ], [ 150.575788687000113, -35.024717278999958 ] ] ] ] } },
{ "type": "Feature", "properties": { "OBJECTID": 4368, "gridcode": 6, "Shape_Length": 3.993520140053178e-05, "Shape_Area": 9.8729217422571832e-11 }, "geometry": { "type": "MultiPolygon", "coordinates": [ [ [ [ 150.579118150000113, -35.02478378099994 ], [ 150.579118416000028, -35.024774771999944 ], [ 150.579107463000014, -35.024774552999929 ], [ 150.579107198000088, -35.024783561999982 ], [ 150.579118150000113, -35.02478378099994 ] ] ] ] } },
{ "type": "Feature", "properties": { "OBJECTID": 4389, "gridcode": 6, "Shape_Length": 3.9935210626755257e-05, "Shape_Area": 9.8730165133708333e-11 }, "geometry": { "type": "MultiPolygon", "coordinates": [ [ [ [ 150.575961261000089, -35.024810874999957 ], [ 150.575961527000118, -35.024801864999972 ], [ 150.575950575000093, -35.024801646999947 ], [ 150.575950309000063, -35.024810655999943 ], [ 150.575961261000089, -35.024810874999957 ] ] ] ] } },
{ "type": "Feature", "properties": { "OBJECTID": 4404, "gridcode": 6, "Shape_Length": 5.7963111661759971e-05, "Shape_Area": 1.9746971516819344e-10 }, "geometry": { "type": "MultiPolygon", "coordinates": [ [ [ [ 150.575960995000059, -35.024819883999953 ], [ 150.575960462000012, -35.024837902999934 ], [ 150.575971415000026, -35.024838121999949 ], [ 150.575971947000085, -35.024820102999968 ], [ 150.575960995000059, -35.024819883999953 ] ] ] ] } },
{ "type": "Feature", "properties": { "OBJECTID": 4405, "gridcode": 6, "Shape_Length": 3.9935210507468366e-05, "Shape_Area": 9.8730164594036922e-11 }, "geometry": { "type": "MultiPolygon", "coordinates": [ [ [ [ 150.576551614000095, -35.024858730999938 ], [ 150.576551880000011, -35.024849720999953 ], [ 150.576540928000099, -35.024849502999984 ], [ 150.57654066200007, -35.02485851199998 ], [ 150.576551614000095, -35.024858730999938 ] ] ] ] } },
{ "type": "Feature", "properties": { "OBJECTID": 4417, "gridcode": 6, "Shape_Length": 3.9934230902382298e-05, "Shape_Area": 9.8724821665663653e-11 }, "geometry": { "type": "MultiPolygon", "coordinates": [ [ [ [ 150.57643060800001, -35.024874341999976 ], [ 150.576430874000039, -35.02486533299998 ], [ 150.576419922000014, -35.024865113999965 ], [ 150.576419656000098, -35.024874122999961 ], [ 150.57643060800001, -35.024874341999976 ] ] ] ] } },
{ "type": "Feature", "properties": { "OBJECTID": 4423, "gridcode": 6, "Shape_Length": 7.9871441103394447e-05, "Shape_Area": 2.9619793728513119e-10 }, "geometry": { "type": "MultiPolygon", "coordinates": [ [ [ [ 150.57690181800001, -35.024874741999952 ], [ 150.576901552000095, -35.024883751999937 ], [ 150.576912505000109, -35.024883969999962 ], [ 150.576913037000054, -35.024865951999971 ], [ 150.576891132000014, -35.024865513999941 ], [ 150.576890866000099, -35.024874522999937 ], [ 150.57690181800001, -35.024874741999952 ] ] ] ] } },
{ "type": "Feature", "properties": { "OBJECTID": 4424, "gridcode": 6, "Shape_Length": 3.9934231019401675e-05, "Shape_Area": 9.8724822190214706e-11 }, "geometry": { "type": "MultiPolygon", "coordinates": [ [ [ [ 150.576956047000067, -35.024893854999959 ], [ 150.576956313000096, -35.024884845999964 ], [ 150.576945361000071, -35.024884626999949 ], [ 150.576945095000042, -35.024893635999945 ], [ 150.576956047000067, -35.024893854999959 ] ] ] ] } },
{ "type": "Feature", "properties": { "OBJECTID": 4432, "gridcode": 6, "Shape_Length": 3.9934230902382298e-05, "Shape_Area": 9.8724821665663653e-11 }, "geometry": { "type": "MultiPolygon", "coordinates": [ [ [ [ 150.576660072000095, -35.024896955999964 ], [ 150.576660338000011, -35.024887946999968 ], [ 150.576649386000099, -35.024887727999953 ], [ 150.57664912000007, -35.024896736999949 ], [ 150.576660072000095, -35.024896955999964 ] ] ] ] } },
{ "type": "Feature", "properties": { "OBJECTID": 4437, "gridcode": 6, "Shape_Length": 3.9935260260232673e-05, "Shape_Area": 9.8729435616873918e-11 }, "geometry": { "type": "MultiPolygon", "coordinates": [ [ [ [ 150.575290783000014, -35.02487860399998 ], [ 150.575291049000043, -35.024869594999984 ], [ 150.575280097000018, -35.02486937599997 ], [ 150.575279830000113, -35.024878384999965 ], [ 150.575290783000014, -35.02487860399998 ] ] ] ] } },
{ "type": "Feature", "properties": { "OBJECTID": 4443, "gridcode": 6, "Shape_Length": 7.5986914922016851e-05, "Shape_Area": 2.9617954196816591e-10 }, "geometry": { "type": "MultiPolygon", "coordinates": [ [ [ [ 150.576025643000094, -35.024857234999956 ], [ 150.57602484500012, -35.024884262999933 ], [ 150.576035797000031, -35.024884480999958 ], [ 150.576036595000119, -35.024857453999971 ], [ 150.576025643000094, -35.024857234999956 ] ] ] ] } },
{ "type": "Feature", "properties": { "OBJECTID": 4451, "gridcode": 6, "Shape_Length": 3.9935260374991888e-05, "Shape_Area": 9.8729436126276218e-11 }, "geometry": { "type": "MultiPolygon", "coordinates": [ [ [ [ 150.575224803000083, -35.024886299999935 ], [ 150.575225070000101, -35.024877290999939 ], [ 150.575214117000087, -35.024877071999981 ], [ 150.575213851000058, -35.024886080999977 ], [ 150.575224803000083, -35.024886299999935 ] ] ] ] } },
{ "type": "Feature", "properties": { "OBJECTID": 4455, "gridcode": 6, "Shape_Length": 5.7960083274530013e-05, "Shape_Area": 1.9744964465168623e-10 }, "geometry": { "type": "MultiPolygon", "coordinates": [ [ [ [ 150.575970350000034, -35.024874158999978 ], [ 150.57596981800009, -35.02489217699997 ], [ 150.575980770000115, -35.024892395999984 ], [ 150.575981302000059, -35.024874377999936 ], [ 150.575970350000034, -35.024874158999978 ] ] ] ] } },
{ "type": "Feature", "properties": { "OBJECTID": 4458, "gridcode": 6, "Shape_Length": 3.9934230900109431e-05, "Shape_Area": 9.8724821650543295e-11 }, "geometry": { "type": "MultiPolygon", "coordinates": [ [ [ [ 150.577393337000103, -35.024929633999932 ], [ 150.577393603000019, -35.024920624999936 ], [ 150.577382651000107, -35.024920405999978 ], [ 150.577382385000078, -35.024929414999974 ], [ 150.577393337000103, -35.024929633999932 ] ] ] ] } },
{ "type": "Feature", "properties": { "OBJECTID": 4472, "gridcode": 6, "Shape_Length": 9.4013786677489734e-05, "Shape_Area": 3.9491023884028365e-10 }, "geometry": { "type": "MultiPolygon", "coordinates": [ [ [ [ 150.57643060800001, -35.024874341999976 ], [ 150.576429544000121, -35.024910378999948 ], [ 150.576440496000032, -35.024910597999963 ], [ 150.576441560000035, -35.024874560999933 ], [ 150.57643060800001, -35.024874341999976 ] ] ] ] } },
{ "type": "Feature", "properties": { "OBJECTID": 4483, "gridcode": 6, "Shape_Length": 3.9935260377264647e-05, "Shape_Area": 9.8729436141424997e-11 }, "geometry": { "type": "MultiPolygon", "coordinates": [ [ [ [ 150.575081893000061, -35.024901471999954 ], [ 150.57508215900009, -35.024892462999958 ], [ 150.575071207000065, -35.024892243999943 ], [ 150.575070940000046, -35.024901252999939 ], [ 150.575081893000061, -35.024901471999954 ] ] ] ] } },
{ "type": "Feature", "properties": { "OBJECTID": 4490, "gridcode": 6, "Shape_Length": 3.9935210626755257e-05, "Shape_Area": 9.8730165133708333e-11 }, "geometry": { "type": "MultiPolygon", "coordinates": [ [ [ [ 150.576439964000087, -35.024928616999944 ], [ 150.576440230000117, -35.024919606999958 ], [ 150.576429278000091, -35.024919388999933 ], [ 150.576429012000062, -35.024928397999929 ], [ 150.576439964000087, -35.024928616999944 ] ] ] ] } },
{ "type": "Feature", "properties": { "OBJECTID": 4496, "gridcode": 6, "Shape_Length": 0.00012368815866555129, "Shape_Area": 4.9364364850391677e-10 }, "geometry": { "type": "MultiPolygon", "coordinates": [ [ [ [ 150.577327358000048, -35.024937330999933 ], [ 150.577371167000024, -35.024938205999945 ], [ 150.577371699000082, -35.024920186999964 ], [ 150.577360747000057, -35.024919968999939 ], [ 150.577360481000028, -35.024928977999934 ], [ 150.577327624000077, -35.024928321999937 ], [ 150.577327358000048, -35.024937330999933 ] ] ] ] } },
{ "type": "Feature", "properties": { "OBJECTID": 4504, "gridcode": 6, "Shape_Length": 3.9934230902382298e-05, "Shape_Area": 9.8724821665663653e-11 }, "geometry": { "type": "MultiPolygon", "coordinates": [ [ [ [ 150.575059722000105, -35.024910042999977 ], [ 150.575059988000021, -35.024901033999981 ], [ 150.575049036000109, -35.024900814999967 ], [ 150.57504877000008, -35.024909823999963 ], [ 150.575059722000105, -35.024910042999977 ] ] ] ] } },
{ "type": "Feature", "properties": { "OBJECTID": 4511, "gridcode": 6, "Shape_Length": 0.00022158155194014492, "Shape_Area": 1.2834847325495725e-09 }, "geometry": { "type": "MultiPolygon", "coordinates": [ [ [ [ 150.575979972000027, -35.024919423999961 ], [ 150.576012828000103, -35.024920080999948 ], [ 150.576013095000121, -35.024911071999952 ], [ 150.576024047000033, -35.024911290999967 ], [ 150.57602484500012, -35.024884262999933 ], [ 150.576013893000095, -35.024884043999975 ], [ 150.576013627000066, -35.024893052999971 ], [ 150.576002675000041, -35.024892833999957 ], [ 150.576002408000022, -35.024901842999952 ], [ 150.575969552000061, -35.024901186999955 ], [ 150.57596981800009, -35.02489217699997 ], [ 150.575958866000065, -35.024891958999945 ], [ 150.57595833400012, -35.024909976999936 ], [ 150.575980238000056, -35.024910414999965 ], [ 150.575979972000027, -35.024919423999961 ] ] ] ] } },
{ "type": "Feature", "properties": { "OBJECTID": 4517, "gridcode": 6, "Shape_Length": 0.00010566239580215347, "Shape_Area": 3.9494803866831678e-10 }, "geometry": { "type": "MultiPolygon", "coordinates": [ [ [ [ 150.574961152000014, -35.024908072999949 ], [ 150.575004961000104, -35.024908948999951 ], [ 150.57500522700002, -35.024899938999965 ], [ 150.574961419000033, -35.024899062999964 ], [ 150.574961152000014, -35.024908072999949 ] ] ] ] } },
{ "type": "Feature", "properties": { "OBJECTID": 4520, "gridcode": 6, "Shape_Length": 6.1842609830373857e-05, "Shape_Area": 1.9744964436530907e-10 }, "geometry": { "type": "MultiPolygon", "coordinates": [ [ [ [ 150.575508762000027, -35.02491901999997 ], [ 150.575530666000077, -35.024919457999943 ], [ 150.575530932000106, -35.024910448999947 ], [ 150.575509028000056, -35.024910010999974 ], [ 150.575508762000027, -35.02491901999997 ] ] ] ] } },
{ "type": "Feature", "properties": { "OBJECTID": 4530, "gridcode": 6, "Shape_Length": 3.9934230902382298e-05, "Shape_Area": 9.8724821665663653e-11 }, "geometry": { "type": "MultiPolygon", "coordinates": [ [ [ [ 150.574883955000018, -35.024924557999952 ], [ 150.574884221000048, -35.024915548999957 ], [ 150.574873269000022, -35.024915329999942 ], [ 150.574873003000107, -35.024924338999938 ], [ 150.574883955000018, -35.024924557999952 ] ] ] ] } },
{ "type": "Feature", "properties": { "OBJECTID": 4534, "gridcode": 6, "Shape_Length": 8.3753967572968181e-05, "Shape_Area": 2.961997697636706e-10 }, "geometry": { "type": "MultiPolygon", "coordinates": [ [ [ [ 150.575541352000073, -35.024928686999942 ], [ 150.575574209000024, -35.02492934299994 ], [ 150.575574475000053, -35.024920333999944 ], [ 150.575541618000102, -35.024919676999957 ], [ 150.575541352000073, -35.024928686999942 ] ] ] ] } },
{ "type": "Feature", "properties": { "OBJECTID": 4541, "gridcode": 6, "Shape_Length": 0.00036329851366433613, "Shape_Area": 3.0605988981603557e-09 }, "geometry": { "type": "MultiPolygon", "coordinates": [ [ [ [ 150.577206352000076, -35.02495294299996 ], [ 150.577206086000047, -35.024961951999956 ], [ 150.577217038000072, -35.02496217099997 ], [ 150.577217304000101, -35.024953161999974 ], [ 150.577261113000077, -35.024954036999929 ], [ 150.577261911000051, -35.024927008999953 ], [ 150.577272863000076, -35.024927227999967 ], [ 150.577273129000105, -35.024918217999982 ], [ 150.577284081000016, -35.02491843699994 ], [ 150.577284347000045, -35.024909427999944 ], [ 150.577240538000069, -35.024908552999932 ], [ 150.577239741000085, -35.024935580999966 ], [ 150.57722878800007, -35.024935361999951 ], [ 150.577229054000099, -35.024926352999955 ], [ 150.577218102000074, -35.024926133999941 ], [ 150.577218368000104, -35.024917124999945 ], [ 150.577207416000078, -35.02491690599993 ], [ 150.577207150000049, -35.024925914999983 ], [ 150.577174293000098, -35.024925258999929 ], [ 150.57717376100004, -35.024943276999977 ], [ 150.577184714000055, -35.024943495999935 ], [ 150.577184448000025, -35.024952504999931 ], [ 150.577206352000076, -35.02495294299996 ] ] ] ] } },
{ "type": "Feature", "properties": { "OBJECTID": 4547, "gridcode": 6, "Shape_Length": 6.1843639188227762e-05, "Shape_Area": 1.9745436781534021e-10 }, "geometry": { "type": "MultiPolygon", "coordinates": [ [ [ [ 150.574894907000044, -35.024924776999967 ], [ 150.574916811000094, -35.024925214999939 ], [ 150.574917078000112, -35.024916205999943 ], [ 150.574895173000073, -35.024915767999971 ], [ 150.574894907000044, -35.024924776999967 ] ] ] ] } },
{ "type": "Feature", "properties": { "OBJECTID": 4556, "gridcode": 6, "Shape_Length": 3.9935260377264647e-05, "Shape_Area": 9.8729436141424997e-11 }, "geometry": { "type": "MultiPolygon", "coordinates": [ [ [ [ 150.574828661000083, -35.024941481999974 ], [ 150.574828928000102, -35.024932472999978 ], [ 150.574817975000087, -35.024932253999964 ], [ 150.574817709000058, -35.02494126299996 ], [ 150.574828661000083, -35.024941481999974 ] ] ] ] } },
{ "type": "Feature", "properties": { "OBJECTID": 4565, "gridcode": 6, "Shape_Length": 3.9935260432946872e-05, "Shape_Area": 9.8729436445139377e-11 }, "geometry": { "type": "MultiPolygon", "coordinates": [ [ [ [ 150.574795539000093, -35.024949833999983 ], [ 150.574795805000122, -35.024940824999931 ], [ 150.574784853000097, -35.024940605999973 ], [ 150.574784586000078, -35.024949614999969 ], [ 150.574795539000093, -35.024949833999983 ] ] ] ] } },
{ "type": "Feature", "properties": { "OBJECTID": 4574, "gridcode": 6, "Shape_Length": 6.1842609771309572e-05, "Shape_Area": 1.9744964445841861e-10 }, "geometry": { "type": "MultiPolygon", "coordinates": [ [ [ [ 150.574751730000116, -35.024948957999982 ], [ 150.574773634000053, -35.024949395999954 ], [ 150.574773900000082, -35.024940386999958 ], [ 150.574751996000032, -35.024939948999929 ], [ 150.574751730000116, -35.024948957999982 ] ] ] ] } },
{ "type": "Feature", "properties": { "OBJECTID": 4583, "gridcode": 6, "Shape_Length": 3.9935260374991888e-05, "Shape_Area": 9.8729436126276218e-11 }, "geometry": { "type": "MultiPolygon", "coordinates": [ [ [ [ 150.574641676000056, -35.024964786999931 ], [ 150.574641942000085, -35.024955777999935 ], [ 150.57463099000006, -35.024955558999977 ], [ 150.574630723000041, -35.024964567999973 ], [ 150.574641676000056, -35.024964786999931 ] ] ] ] } },
{ "type": "Feature", "properties": { "OBJECTID": 4593, "gridcode": 6, "Shape_Length": 3.9935260377264647e-05, "Shape_Area": 9.8729436141424997e-11 }, "geometry": { "type": "MultiPolygon", "coordinates": [ [ [ [ 150.575955673000067, -35.025000069999976 ], [ 150.575955939000096, -35.02499106099998 ], [ 150.575944987000071, -35.024990841999966 ], [ 150.575944720000052, -35.024999850999961 ], [ 150.575955673000067, -35.025000069999976 ] ] ] ] } },
{ "type": "Feature", "properties": { "OBJECTID": 4598, "gridcode": 6, "Shape_Length": 3.9934231019401675e-05, "Shape_Area": 9.8724822190214706e-11 }, "geometry": { "type": "MultiPolygon", "coordinates": [ [ [ [ 150.574619239000072, -35.02498236699995 ], [ 150.574619505000101, -35.024973357999954 ], [ 150.574608553000076, -35.02497313899994 ], [ 150.574608287000046, -35.024982147999935 ], [ 150.574619239000072, -35.02498236699995 ] ] ] ] } },
{ "type": "Feature", "properties": { "OBJECTID": 4601, "gridcode": 6, "Shape_Length": 0.00029368996904795432, "Shape_Area": 1.5796735304316545e-09 }, "geometry": { "type": "MultiPolygon", "coordinates": [ [ [ [ 150.576011232000042, -35.024974136999958 ], [ 150.576010434000068, -35.025001164999935 ], [ 150.576021386000093, -35.02500138399995 ], [ 150.576022184000067, -35.024974355999973 ], [ 150.576033136000092, -35.024974574999931 ], [ 150.576033402000121, -35.024965564999945 ], [ 150.576022450000096, -35.024965345999931 ], [ 150.576022716000011, -35.024956336999935 ], [ 150.5760117640001, -35.024956117999977 ], [ 150.576012030000015, -35.024947108999982 ], [ 150.57602298200004, -35.024947327999939 ], [ 150.576023249000059, -35.024938317999954 ], [ 150.576034201000084, -35.024938536999969 ], [ 150.576034467000113, -35.024929527999973 ], [ 150.576045419000025, -35.024929746999931 ], [ 150.576045685000054, -35.024920737999935 ], [ 150.576012828000103, -35.024920080999948 ], [ 150.576012296000044, -35.024938099999929 ], [ 150.576001344000019, -35.024937880999971 ], [ 150.576000280000017, -35.024973917999944 ], [ 150.576011232000042, -35.024974136999958 ] ] ] ] } },
{ "type": "Feature", "properties": { "OBJECTID": 4604, "gridcode": 6, "Shape_Length": 3.9934231019401675e-05, "Shape_Area": 9.8724822190214706e-11 }, "geometry": { "type": "MultiPolygon", "coordinates": [ [ [ [ 150.574421833000088, -35.024987433999968 ], [ 150.574422099000117, -35.024978424999972 ], [ 150.574411147000092, -35.024978205999957 ], [ 150.574410881000063, -35.024987214999953 ], [ 150.574421833000088, -35.024987433999968 ] ] ] ] } },
{ "type": "Feature", "properties": { "OBJECTID": 4609, "gridcode": 6, "Shape_Length": 3.9936239923286444e-05, "Shape_Area": 9.8734778864081938e-11 }, "geometry": { "type": "MultiPolygon", "coordinates": [ [ [ [ 150.575900379000018, -35.025016993999941 ], [ 150.575900646000036, -35.025007984999945 ], [ 150.575889693000022, -35.025007765999931 ], [ 150.575889427000106, -35.025016775999973 ], [ 150.575900379000018, -35.025016993999941 ] ] ] ] } },
{ "type": "Feature", "properties": { "OBJECTID": 4613, "gridcode": 6, "Shape_Length": 0.00042902276896468347, "Shape_Area": 3.2580984780643804e-09 }, "geometry": { "type": "MultiPolygon", "coordinates": [ [ [ [ 150.575812762000055, -35.025015242999984 ], [ 150.575834666000105, -35.025015680999957 ], [ 150.575834932000021, -35.025006671999961 ], [ 150.575823980000109, -35.025006452999946 ], [ 150.575824246000025, -35.024997443999951 ], [ 150.575813294000113, -35.024997224999936 ], [ 150.575813560000029, -35.024988214999951 ], [ 150.575802608000117, -35.024987995999936 ], [ 150.575802874000033, -35.02497898699994 ], [ 150.575780970000096, -35.024978548999968 ], [ 150.575781236000012, -35.024969539999972 ], [ 150.575748379000061, -35.024968882999929 ], [ 150.57574864500009, -35.024959873999933 ], [ 150.57572674100004, -35.024959435999961 ], [ 150.575727007000069, -35.024950426999965 ], [ 150.575694150000118, -35.024949769999978 ], [ 150.575693086000115, -35.02498580699995 ], [ 150.575704038000026, -35.024986025999965 ], [ 150.575704304000055, -35.024977016999969 ], [ 150.57571525700007, -35.024977235999984 ], [ 150.575714990000051, -35.02498624499998 ], [ 150.575769751000053, -35.024987339999939 ], [ 150.575769485000023, -35.024996348999935 ], [ 150.575802342000088, -35.024997005999978 ], [ 150.575802076000059, -35.025006014999974 ], [ 150.575813028000084, -35.025006233999932 ], [ 150.575812762000055, -35.025015242999984 ] ] ] ] } },
{ "type": "Feature", "properties": { "OBJECTID": 4620, "gridcode": 6, "Shape_Length": 3.9935260257972511e-05, "Shape_Area": 9.8729435601725152e-11 }, "geometry": { "type": "MultiPolygon", "coordinates": [ [ [ [ 150.574410348000015, -35.025005233999934 ], [ 150.574410615000033, -35.024996224999938 ], [ 150.574399662000019, -35.024996005999981 ], [ 150.574399396000103, -35.025005014999977 ], [ 150.574410348000015, -35.025005233999934 ] ] ] ] } },
{ "type": "Feature", "properties": { "OBJECTID": 4622, "gridcode": 6, "Shape_Length": 6.1844609292492151e-05, "Shape_Area": 1.9745865273303131e-10 }, "geometry": { "type": "MultiPolygon", "coordinates": [ [ [ [ 150.575845352000101, -35.025024908999967 ], [ 150.575867257000027, -35.025025346999939 ], [ 150.575867523000056, -35.025016337999944 ], [ 150.575845618000017, -35.025015899999971 ], [ 150.575845352000101, -35.025024908999967 ] ] ] ] } },
{ "type": "Feature", "properties": { "OBJECTID": 4653, "gridcode": 6, "Shape_Length": 3.9934230902382298e-05, "Shape_Area": 9.8724821665663653e-11 }, "geometry": { "type": "MultiPolygon", "coordinates": [ [ [ [ 150.574353457000029, -35.025076212999977 ], [ 150.574353723000058, -35.025067203999981 ], [ 150.574342771000033, -35.025066984999967 ], [ 150.574342505000118, -35.025075993999963 ], [ 150.574353457000029, -35.025076212999977 ] ] ] ] } },
{ "type": "Feature", "properties": { "OBJECTID": 4692, "gridcode": 6, "Shape_Length": 6.184354011001857e-05, "Shape_Area": 1.9745366380092231e-10 }, "geometry": { "type": "MultiPolygon", "coordinates": [ [ [ [ 150.578827069000113, -35.02536392199994 ], [ 150.578848974000039, -35.02536435899998 ], [ 150.578849239000078, -35.025355349999984 ], [ 150.578827335000028, -35.025354912999944 ], [ 150.578827069000113, -35.02536392199994 ] ] ] ] } },
{ "type": "Feature", "properties": { "OBJECTID": 4698, "gridcode": 6, "Shape_Length": 0.00010178075972321684, "Shape_Area": 3.9491849966510011e-10 }, "geometry": { "type": "MultiPolygon", "coordinates": [ [ [ [ 150.57884870800001, -35.025373368999965 ], [ 150.578881565000074, -35.025374023999973 ], [ 150.578881831000103, -35.025365014999977 ], [ 150.578870878000089, -35.025364796999952 ], [ 150.578871144000118, -35.025355786999967 ], [ 150.578860192000093, -35.025355568999942 ], [ 150.578859926000064, -35.025364577999937 ], [ 150.578848974000039, -35.02536435899998 ], [ 150.57884870800001, -35.025373368999965 ] ] ] ] } },
{ "type": "Feature", "properties": { "OBJECTID": 4728, "gridcode": 6, "Shape_Length": 0.00018414888777489686, "Shape_Area": 8.8863450894887822e-10 }, "geometry": { "type": "MultiPolygon", "coordinates": [ [ [ [ 150.578898685000013, -35.025536629999976 ], [ 150.578896293000071, -35.025617713999964 ], [ 150.578907246000085, -35.025617931999932 ], [ 150.578909638000027, -35.025536847999945 ], [ 150.578898685000013, -35.025536629999976 ] ] ] ] } },
{ "type": "Feature", "properties": { "OBJECTID": 4741, "gridcode": 6, "Shape_Length": 0.00089383473922688547, "Shape_Area": 5.4301561664568739e-09 }, "geometry": { "type": "MultiPolygon", "coordinates": [ [ [ [ 150.578972428000043, -35.025637262999965 ], [ 150.578971365000029, -35.025673299999937 ], [ 150.578982317000055, -35.025673518999952 ], [ 150.578988164000066, -35.025475312999959 ], [ 150.578999116000091, -35.025475531999973 ], [ 150.57899938200012, -35.025466522999977 ], [ 150.578988430000095, -35.025466303999963 ], [ 150.578989493000108, -35.025430266999933 ], [ 150.578978541000083, -35.025430047999976 ], [ 150.578979604000097, -35.025394010999946 ], [ 150.578968651000082, -35.025393791999932 ], [ 150.578968917000111, -35.025384782999936 ], [ 150.578957965000086, -35.025384563999978 ], [ 150.578958231000115, -35.025375554999982 ], [ 150.578936326000075, -35.025375117999943 ], [ 150.578936592000105, -35.025366107999957 ], [ 150.57892564000008, -35.025365889999932 ], [ 150.57892537400005, -35.025374898999985 ], [ 150.578881565000074, -35.025374023999973 ], [ 150.578881299000045, -35.025383033999958 ], [ 150.57889225100007, -35.025383251999983 ], [ 150.578891985000041, -35.025392261999968 ], [ 150.578902938000056, -35.025392479999937 ], [ 150.578903204000085, -35.025383470999941 ], [ 150.578947013000061, -35.025384345999953 ], [ 150.578946747000032, -35.025393354999949 ], [ 150.578957699000057, -35.025393573999963 ], [ 150.578957433000028, -35.025402582999959 ], [ 150.578968386000042, -35.025402800999984 ], [ 150.578967323000029, -35.025438838999946 ], [ 150.578978275000054, -35.025439056999971 ], [ 150.578975086000014, -35.025547168999935 ], [ 150.578964133000113, -35.025546950999967 ], [ 150.578961476000018, -35.02563704399995 ], [ 150.578972428000043, -35.025637262999965 ] ] ] ] } },
{ "type": "Feature", "properties": { "OBJECTID": 4744, "gridcode": 6, "Shape_Length": 0.00013006739135509166, "Shape_Area": 5.9236902035065931e-10 }, "geometry": { "type": "MultiPolygon", "coordinates": [ [ [ [ 150.578906980000056, -35.025626941999974 ], [ 150.578905385000098, -35.025680997999984 ], [ 150.57891633700001, -35.025681215999953 ], [ 150.578917932000081, -35.025627159999942 ], [ 150.578906980000056, -35.025626941999974 ] ] ] ] } },
{ "type": "Feature", "properties": { "OBJECTID": 4748, "gridcode": 6, "Shape_Length": 0.0011090428584778049, "Shape_Area": 1.7870347341666474e-08 }, "geometry": { "type": "MultiPolygon", "coordinates": [ [ [ [ 150.578719727000021, -35.025659261999976 ], [ 150.578718664000121, -35.025695298999949 ], [ 150.578729616000032, -35.025695517999964 ], [ 150.578729882000061, -35.025686508999968 ], [ 150.578740835000076, -35.025686726999936 ], [ 150.578741100000116, -35.02567771799994 ], [ 150.578752053000017, -35.025677936999955 ], [ 150.578752319000046, -35.02566892699997 ], [ 150.578763271000071, -35.025669145999984 ], [ 150.578763005000042, -35.02567815499998 ], [ 150.578817767000032, -35.02567924899995 ], [ 150.578817501000117, -35.025688257999946 ], [ 150.578850358000068, -35.025688913999943 ], [ 150.578850624000097, -35.025679903999958 ], [ 150.578861576000122, -35.025680122999972 ], [ 150.57886636000012, -35.025517954999941 ], [ 150.578855408000095, -35.025517735999983 ], [ 150.578856471000108, -35.025481698999954 ], [ 150.57886742300002, -35.025481917999969 ], [ 150.578867689000049, -35.025472907999983 ], [ 150.578889593000099, -35.025473345999956 ], [ 150.578889859000014, -35.02546433599997 ], [ 150.578900812000029, -35.025464554999928 ], [ 150.578900280000084, -35.025482573999966 ], [ 150.57891123200011, -35.025482791999934 ], [ 150.578912827000067, -35.025428735999981 ], [ 150.578901875000042, -35.025428517999956 ], [ 150.578902406000111, -35.025410498999975 ], [ 150.578891454000086, -35.02541027999996 ], [ 150.578890922000028, -35.025428298999941 ], [ 150.578879970000116, -35.025428079999983 ], [ 150.578879704000087, -35.025437089999969 ], [ 150.578868752000062, -35.025436870999954 ], [ 150.578868486000033, -35.02544587999995 ], [ 150.578857534000122, -35.025445661999981 ], [ 150.578857268000093, -35.025454670999977 ], [ 150.578846316000067, -35.025454452999952 ], [ 150.578843924000012, -35.025535536999939 ], [ 150.578854876000037, -35.025535754999964 ], [ 150.578854079000052, -35.025562782999941 ], [ 150.578843126000038, -35.025562564999973 ], [ 150.578842595000083, -35.025580582999964 ], [ 150.578787833000092, -35.025579489999984 ], [ 150.578787568000052, -35.02558849899998 ], [ 150.578732806000062, -35.025587405999943 ], [ 150.578732540000033, -35.025596414999939 ], [ 150.578721588000121, -35.02559619699997 ], [ 150.578721056000063, -35.025614214999962 ], [ 150.578710104000038, -35.025613996999937 ], [ 150.578709838, -35.025623005999933 ], [ 150.578731743000048, -35.025623442999972 ], [ 150.578730680000035, -35.025659480999934 ], [ 150.578719727000021, -35.025659261999976 ] ] ] ] } },
{ "type": "Feature", "properties": { "OBJECTID": 4762, "gridcode": 6, "Shape_Length": 3.9934290211653856e-05, "Shape_Area": 9.8725041491599233e-11 }, "geometry": { "type": "MultiPolygon", "coordinates": [ [ [ [ 150.572325488000047, -35.025837938999985 ], [ 150.572325755000065, -35.025828929999932 ], [ 150.57231480300004, -35.025828710999974 ], [ 150.572314536000022, -35.02583771999997 ], [ 150.572325488000047, -35.025837938999985 ] ] ] ] } },
{ "type": "Feature", "properties": { "OBJECTID": 4772, "gridcode": 6, "Shape_Length": 3.9935260432946872e-05, "Shape_Area": 9.8729436445139377e-11 }, "geometry": { "type": "MultiPolygon", "coordinates": [ [ [ [ 150.572290233000103, -35.025918364999939 ], [ 150.572290500000122, -35.025909355999943 ], [ 150.572279547000107, -35.025909136999928 ], [ 150.572279281000078, -35.025918145999981 ], [ 150.572290233000103, -35.025918364999939 ] ] ] ] } },
{ "type": "Feature", "properties": { "OBJECTID": 4775, "gridcode": 6, "Shape_Length": 0.00035165637683990081, "Shape_Area": 4.9365471628192384e-09 }, "geometry": { "type": "MultiPolygon", "coordinates": [ [ [ [ 150.57232255700012, -35.025937040999963 ], [ 150.572344462000046, -35.025937479999982 ], [ 150.572344728000076, -35.025928470999929 ], [ 150.572366633000115, -35.025928908999958 ], [ 150.572367699000097, -35.025892871999929 ], [ 150.572356746000082, -35.025892652999971 ], [ 150.572357279000016, -35.025874633999933 ], [ 150.572346327000105, -35.025874414999976 ], [ 150.572347127000057, -35.025847386999942 ], [ 150.572336174000043, -35.025847167999984 ], [ 150.572336441000061, -35.025838158999932 ], [ 150.572325488000047, -35.025837938999985 ], [ 150.572325222000018, -35.02584694899997 ], [ 150.572314270000106, -35.025846728999966 ], [ 150.572313737000059, -35.025864747999947 ], [ 150.572302784000044, -35.025864528999932 ], [ 150.57230225100011, -35.025882546999981 ], [ 150.572291299000085, -35.025882327999966 ], [ 150.572290500000122, -35.025909355999943 ], [ 150.572301452000033, -35.025909574999957 ], [ 150.572300919000099, -35.025927593999938 ], [ 150.572322823000036, -35.025928031999968 ], [ 150.57232255700012, -35.025937040999963 ] ] ] ] } },
{ "type": "Feature", "properties": { "OBJECTID": 4778, "gridcode": 6, "Shape_Length": 5.7963161467279713e-05, "Shape_Area": 1.9747362410191428e-10 }, "geometry": { "type": "MultiPolygon", "coordinates": [ [ [ [ 150.572267795000016, -35.025935944999958 ], [ 150.572267262000082, -35.025953963999939 ], [ 150.572278215000097, -35.025954182999953 ], [ 150.572278748000031, -35.025936164999962 ], [ 150.572267795000016, -35.025935944999958 ] ] ] ] } },
{ "type": "Feature", "properties": { "OBJECTID": 4779, "gridcode": 6, "Shape_Length": 3.9934290153698947e-05, "Shape_Area": 9.8725041172736074e-11 }, "geometry": { "type": "MultiPolygon", "coordinates": [ [ [ [ 150.572266729000035, -35.02597198199993 ], [ 150.572266996000053, -35.025962972999935 ], [ 150.572256044000028, -35.025962753999977 ], [ 150.572255777, -35.025971762999973 ], [ 150.572266729000035, -35.02597198199993 ] ] ] ] } },
{ "type": "Feature", "properties": { "OBJECTID": 4781, "gridcode": 6, "Shape_Length": 3.9935260377264647e-05, "Shape_Area": 9.8729436141424997e-11 }, "geometry": { "type": "MultiPolygon", "coordinates": [ [ [ [ 150.572254978000046, -35.02599879099995 ], [ 150.572255244000075, -35.025989781999954 ], [ 150.57224429200005, -35.025989562999939 ], [ 150.572244025000032, -35.025998571999935 ], [ 150.572254978000046, -35.02599879099995 ] ] ] ] } },
{ "type": "Feature", "properties": { "OBJECTID": 4784, "gridcode": 6, "Shape_Length": 3.99353097443283e-05, "Shape_Area": 9.873065062861237e-11 }, "geometry": { "type": "MultiPolygon", "coordinates": [ [ [ [ 150.572232273000054, -35.026025380999954 ], [ 150.572232540000073, -35.026016370999969 ], [ 150.572221588000048, -35.026016151999954 ], [ 150.572221321000029, -35.02602516099995 ], [ 150.572232273000054, -35.026025380999954 ] ] ] ] } },
{ "type": "Feature", "properties": { "OBJECTID": 4790, "gridcode": 6, "Shape_Length": 0.00021770317339094093, "Shape_Area": 1.1847899138982121e-09 }, "geometry": { "type": "MultiPolygon", "coordinates": [ [ [ [ 150.572060792000116, -35.026265342999977 ], [ 150.572082697000042, -35.02626578099995 ], [ 150.57208296400006, -35.026256771999954 ], [ 150.572093916000085, -35.026256990999968 ], [ 150.572094182000114, -35.026247981999973 ], [ 150.572105135000015, -35.02624820099993 ], [ 150.572105401000044, -35.026239191999935 ], [ 150.572116354000059, -35.026239410999949 ], [ 150.572116620000088, -35.026230401999953 ], [ 150.572105668000063, -35.026230181999949 ], [ 150.572106201000111, -35.026212163999958 ], [ 150.572095249000085, -35.026211944999943 ], [ 150.572094716000038, -35.026229962999935 ], [ 150.572083763000023, -35.026229743999977 ], [ 150.572083230000089, -35.026247761999969 ], [ 150.57206132500005, -35.026247323999939 ], [ 150.572060792000116, -35.026265342999977 ] ] ] ] } },
{ "type": "Feature", "properties": { "OBJECTID": 4804, "gridcode": 6, "Shape_Length": 3.9936279967071273e-05, "Shape_Area": 9.8735045582124106e-11 }, "geometry": { "type": "MultiPolygon", "coordinates": [ [ [ [ 150.571557317000043, -35.027355045999968 ], [ 150.571557584000061, -35.027346036999973 ], [ 150.571546631000047, -35.027345816999969 ], [ 150.571546365000017, -35.027354826999954 ], [ 150.571557317000043, -35.027355045999968 ] ] ] ] } },
{ "type": "Feature", "properties": { "OBJECTID": 4805, "gridcode": 6, "Shape_Length": 3.9935260432946872e-05, "Shape_Area": 9.8729436445139377e-11 }, "geometry": { "type": "MultiPolygon", "coordinates": [ [ [ [ 150.571579222000082, -35.027355483999941 ], [ 150.571579489000101, -35.027346474999945 ], [ 150.571568536000086, -35.02734625599993 ], [ 150.571568270000057, -35.027355264999983 ], [ 150.571579222000082, -35.027355483999941 ] ] ] ] } },
{ "type": "Feature", "properties": { "OBJECTID": 4806, "gridcode": 6, "Shape_Length": 3.9936280022753498e-05, "Shape_Area": 9.8735045885838486e-11 }, "geometry": { "type": "MultiPolygon", "coordinates": [ [ [ [ 150.571589908000078, -35.02736471299994 ], [ 150.571590175000097, -35.027355703999945 ], [ 150.571579222000082, -35.027355483999941 ], [ 150.571578956000053, -35.027364493999983 ], [ 150.571589908000078, -35.02736471299994 ] ] ] ] } },
{ "type": "Feature", "properties": { "OBJECTID": 4812, "gridcode": 6, "Shape_Length": 3.9937309260300786e-05, "Shape_Area": 9.8739659812430279e-11 }, "geometry": { "type": "MultiPolygon", "coordinates": [ [ [ [ 150.571467298000016, -35.027434374999984 ], [ 150.571467565000034, -35.027425365999932 ], [ 150.57145661200002, -35.027425145999985 ], [ 150.571456345000115, -35.02743415599997 ], [ 150.571467298000016, -35.027434374999984 ] ] ] ] } },
{ "type": "Feature", "properties": { "OBJECTID": 4813, "gridcode": 6, "Shape_Length": 0.0019837585951542301, "Shape_Area": 5.9436833744611584e-08 }, "geometry": { "type": "MultiPolygon", "coordinates": [ [ [ [ 150.571759794000059, -35.027178807999974 ], [ 150.571758994000106, -35.027205834999961 ], [ 150.571748041000092, -35.027205615999947 ], [ 150.57174830800011, -35.027196606999951 ], [ 150.571737355000096, -35.027196387999936 ], [ 150.571737889000019, -35.027178368999955 ], [ 150.571726936000118, -35.027178149999941 ], [ 150.571727736000071, -35.027151121999964 ], [ 150.571771546000036, -35.027151998999955 ], [ 150.571770746000084, -35.027179026999931 ], [ 150.571759794000059, -35.027178807999974 ] ], [ [ 150.571630519000109, -35.027473701999952 ], [ 150.571630252000091, -35.027482710999948 ], [ 150.571641205000105, -35.027482929999962 ], [ 150.571641471000021, -35.027473920999967 ], [ 150.57166337600006, -35.027474358999939 ], [ 150.571663643000079, -35.027465349999943 ], [ 150.571674595000104, -35.027465569999947 ], [ 150.571674862, -35.027456559999962 ], [ 150.571685815000023, -35.027456779999966 ], [ 150.571686081000053, -35.027447769999981 ], [ 150.571697034000067, -35.027447989999985 ], [ 150.571697300000096, -35.027438979999943 ], [ 150.571708253000111, -35.027439199999947 ], [ 150.571708519000026, -35.027430189999961 ], [ 150.571719472000041, -35.027430409999965 ], [ 150.57171973800007, -35.02742139999998 ], [ 150.571730691000084, -35.027421619999984 ], [ 150.571730957000113, -35.027412609999942 ], [ 150.571741910000014, -35.027412829999946 ], [ 150.57174271000008, -35.027385801999969 ], [ 150.571753662000106, -35.027386020999984 ], [ 150.57175419500004, -35.027368001999946 ], [ 150.571765148000054, -35.02736822199995 ], [ 150.571765681000102, -35.027350202999969 ], [ 150.571776633000013, -35.027350421999984 ], [ 150.571776900000032, -35.027341412999931 ], [ 150.571787853000046, -35.027341631999946 ], [ 150.571788919000028, -35.027305594999973 ], [ 150.571777966000013, -35.027305375999958 ], [ 150.571779832000061, -35.027242310999952 ], [ 150.571790785000076, -35.027242529999967 ], [ 150.571792384000105, -35.027188474999946 ], [ 150.571803337000119, -35.02718869399996 ], [ 150.571803603000035, -35.027179684999965 ], [ 150.571825508000074, -35.027180122999937 ], [ 150.571825775000093, -35.027171113999941 ], [ 150.571814822000078, -35.027170894999983 ], [ 150.571815089000097, -35.027161884999941 ], [ 150.571804136000083, -35.027161665999984 ], [ 150.571804403000101, -35.027152656999931 ], [ 150.571815356000116, -35.027152875999946 ], [ 150.571815622000031, -35.02714386699995 ], [ 150.571826575000046, -35.027144085999964 ], [ 150.571827108000093, -35.027126067999973 ], [ 150.571838060000118, -35.02712628699993 ], [ 150.571839660000023, -35.027072230999977 ], [ 150.571828707000122, -35.027072011999962 ], [ 150.571828974000027, -35.027063002999967 ], [ 150.571818021000013, -35.027062782999963 ], [ 150.571818288000031, -35.027053773999967 ], [ 150.571763526000041, -35.027052677999961 ], [ 150.571763259000022, -35.027061686999957 ], [ 150.571752307000111, -35.027061467999943 ], [ 150.571751773000074, -35.027079485999934 ], [ 150.571729869000023, -35.027079047999962 ], [ 150.5717293350001, -35.027097065999953 ], [ 150.571718383000075, -35.027096846999939 ], [ 150.571718650000093, -35.027087837999943 ], [ 150.571707697000079, -35.027087617999939 ], [ 150.571706897000013, -35.027114645999973 ], [ 150.571695945000101, -35.027114426999958 ], [ 150.571695678000083, -35.027123435999954 ], [ 150.571673773000043, -35.027122997999982 ], [ 150.571672174000014, -35.027177052999946 ], [ 150.571661221000113, -35.027176833999931 ], [ 150.571659622000084, -35.027230889999942 ], [ 150.57168152700001, -35.027231327999971 ], [ 150.571681260000105, -35.027240337999956 ], [ 150.57167030800008, -35.027240117999952 ], [ 150.571668442000032, -35.027303182999958 ], [ 150.571646537000106, -35.027302744999929 ], [ 150.571646003000069, -35.027320762999977 ], [ 150.571635051000044, -35.027320543999963 ], [ 150.57163451800011, -35.027338561999954 ], [ 150.571623565000095, -35.02733834299994 ], [ 150.571623032000048, -35.027356361999978 ], [ 150.571612080000023, -35.027356141999974 ], [ 150.571612346000052, -35.027347132999978 ], [ 150.571590441000012, -35.027346694999949 ], [ 150.571590175000097, -35.027355703999945 ], [ 150.571601127000122, -35.027355922999959 ], [ 150.571600861000093, -35.027364931999955 ], [ 150.571589908000078, -35.02736471299994 ], [ 150.57158964100006, -35.027373721999936 ], [ 150.571545832000083, -35.027372844999945 ], [ 150.571546098000113, -35.02736383599995 ], [ 150.571535146000087, -35.027363616999935 ], [ 150.571535412000117, -35.02735460699995 ], [ 150.571513507000077, -35.027354168999977 ], [ 150.571512974000029, -35.027372186999969 ], [ 150.571491069000103, -35.02737174899994 ], [ 150.571490003000122, -35.027407785999969 ], [ 150.571479050000107, -35.027407565999965 ], [ 150.571478250000041, -35.027434593999942 ], [ 150.571500155000081, -35.027435032999961 ], [ 150.571499889000052, -35.027444041999956 ], [ 150.571521794000091, -35.027444480999975 ], [ 150.57152206000012, -35.027435470999933 ], [ 150.571587775000012, -35.027436786999942 ], [ 150.571587509000096, -35.027445796999984 ], [ 150.571598461000121, -35.027446015999942 ], [ 150.571598195000092, -35.027455024999938 ], [ 150.571609147000117, -35.027455243999952 ], [ 150.571608880000099, -35.027464253999938 ], [ 150.571619833000113, -35.027464472999952 ], [ 150.571619566000095, -35.027473481999948 ], [ 150.571630519000109, -35.027473701999952 ] ] ] ] } },
{ "type": "Feature", "properties": { "OBJECTID": 4818, "gridcode": 6, "Shape_Length": 3.9936180960721219e-05, "Shape_Area": 9.8734560587209494e-11 }, "geometry": { "type": "MultiPolygon", "coordinates": [ [ [ [ 150.580861922000054, -35.027712272999963 ], [ 150.580862187000093, -35.027703263999967 ], [ 150.580851235000068, -35.027703044999953 ], [ 150.580850969000039, -35.027712054999938 ], [ 150.580861922000054, -35.027712272999963 ] ] ] ] } },
{ "type": "Feature", "properties": { "OBJECTID": 4820, "gridcode": 6, "Shape_Length": 3.9937210090712209e-05, "Shape_Area": 9.8739174013868705e-11 }, "geometry": { "type": "MultiPolygon", "coordinates": [ [ [ [ 150.580927372000019, -35.027722592999964 ], [ 150.580927638000048, -35.027713583999969 ], [ 150.580916685000034, -35.027713364999954 ], [ 150.580916419000118, -35.027722374999939 ], [ 150.580927372000019, -35.027722592999964 ] ] ] ] } },
{ "type": "Feature", "properties": { "OBJECTID": 4822, "gridcode": 6, "Shape_Length": 0.0001456004380318898, "Shape_Area": 7.8985787053314605e-10 }, "geometry": { "type": "MultiPolygon", "coordinates": [ [ [ [ 150.580861656000025, -35.027721281999959 ], [ 150.580905467000093, -35.027722155999982 ], [ 150.580905732000019, -35.027713146999929 ], [ 150.580916685000034, -35.027713364999954 ], [ 150.580916950000073, -35.027704355999958 ], [ 150.580873140000108, -35.027703481999936 ], [ 150.580872874000079, -35.027712491999978 ], [ 150.580861922000054, -35.027712272999963 ], [ 150.580861656000025, -35.027721281999959 ] ] ] ] } },
{ "type": "Feature", "properties": { "OBJECTID": 4839, "gridcode": 6, "Shape_Length": 3.9936279965621133e-05, "Shape_Area": 9.8735045582124106e-11 }, "geometry": { "type": "MultiPolygon", "coordinates": [ [ [ [ 150.571723760000054, -35.027655860999971 ], [ 150.571724026000084, -35.027646851999975 ], [ 150.571713074000058, -35.027646631999971 ], [ 150.57171280700004, -35.027655641999957 ], [ 150.571723760000054, -35.027655860999971 ] ] ] ] } },
{ "type": "Feature", "properties": { "OBJECTID": 4928, "gridcode": 6, "Shape_Length": 3.9934231017128808e-05, "Shape_Area": 9.8724822175094362e-11 }, "geometry": { "type": "MultiPolygon", "coordinates": [ [ [ [ 150.576006512000049, -35.028102117999936 ], [ 150.576006778000078, -35.02809310899994 ], [ 150.575995826000053, -35.028092889999982 ], [ 150.575995560000024, -35.028101898999978 ], [ 150.576006512000049, -35.028102117999936 ] ] ] ] } },
{ "type": "Feature", "properties": { "OBJECTID": 4939, "gridcode": 6, "Shape_Length": 3.9934230902382298e-05, "Shape_Area": 9.8724821665663653e-11 }, "geometry": { "type": "MultiPolygon", "coordinates": [ [ [ [ 150.576061009000114, -35.028112221999947 ], [ 150.576061275000029, -35.028103212999952 ], [ 150.576050323000118, -35.028102993999937 ], [ 150.576050057000089, -35.028112002999933 ], [ 150.576061009000114, -35.028112221999947 ] ] ] ] } },
{ "type": "Feature", "properties": { "OBJECTID": 4941, "gridcode": 6, "Shape_Length": 3.993623059855748e-05, "Shape_Area": 9.8733831094936707e-11 }, "geometry": { "type": "MultiPolygon", "coordinates": [ [ [ [ 150.576082915000029, -35.028112659999977 ], [ 150.576083181000058, -35.028103650999981 ], [ 150.576072228000044, -35.028103431999966 ], [ 150.576071962000015, -35.028112440999962 ], [ 150.576082915000029, -35.028112659999977 ] ] ] ] } },
{ "type": "Feature", "properties": { "OBJECTID": 4951, "gridcode": 6, "Shape_Length": 6.1847637874115594e-05, "Shape_Area": 1.9748528200358587e-10 }, "geometry": { "type": "MultiPolygon", "coordinates": [ [ [ [ 150.576093867000054, -35.028112878999934 ], [ 150.576115772000094, -35.028113316999963 ], [ 150.576116039000112, -35.028104306999978 ], [ 150.576094133000083, -35.028103868999949 ], [ 150.576093867000054, -35.028112878999934 ] ] ] ] } },
{ "type": "Feature", "properties": { "OBJECTID": 4963, "gridcode": 6, "Shape_Length": 0.0007280030413515079, "Shape_Area": 5.3315781686817217e-09 }, "geometry": { "type": "MultiPolygon", "coordinates": [ [ [ [ 150.575961105000033, -35.028155297999945 ], [ 150.576026821000028, -35.028156611999975 ], [ 150.576027087000057, -35.028147602999979 ], [ 150.576038040000071, -35.028147820999948 ], [ 150.5760383060001, -35.028138811999952 ], [ 150.576093069000081, -35.028139906999968 ], [ 150.57609333500011, -35.028130896999983 ], [ 150.57610428800001, -35.02813111599994 ], [ 150.57610455400004, -35.028122106999945 ], [ 150.576005980000105, -35.028120136999974 ], [ 150.576005714000075, -35.028129145999969 ], [ 150.575994761000061, -35.028128926999955 ], [ 150.575995028000079, -35.028119917999959 ], [ 150.575962170000025, -35.028119260999972 ], [ 150.575961637000091, -35.028137279999953 ], [ 150.575939732000052, -35.028136841999981 ], [ 150.575939998000081, -35.028127832999928 ], [ 150.575918093000041, -35.028127394999956 ], [ 150.57591835900007, -35.02811838599996 ], [ 150.575874549000105, -35.028117509999959 ], [ 150.57587481500002, -35.028108500999963 ], [ 150.575863862000119, -35.028108281999948 ], [ 150.57586359600009, -35.028117290999944 ], [ 150.575841691000051, -35.028116852999972 ], [ 150.575841425000021, -35.028125861999968 ], [ 150.575830472000121, -35.028125643999942 ], [ 150.575829940000062, -35.028143661999934 ], [ 150.575840892000087, -35.028143880999949 ], [ 150.575841159000106, -35.028134871999953 ], [ 150.575852111000017, -35.028135090999967 ], [ 150.575852377000047, -35.028126080999982 ], [ 150.575907140000027, -35.028127175999941 ], [ 150.575906874000111, -35.028136184999937 ], [ 150.575928780000027, -35.028136622999966 ], [ 150.575928513000122, -35.028145631999962 ], [ 150.575961371000062, -35.028146288999949 ], [ 150.575961105000033, -35.028155297999945 ] ] ] ] } },
{ "type": "Feature", "properties": { "OBJECTID": 4976, "gridcode": 6, "Shape_Length": 6.1845638769656379e-05, "Shape_Area": 1.9746337673521097e-10 }, "geometry": { "type": "MultiPolygon", "coordinates": [ [ [ [ 150.575784532000057, -35.028196841999943 ], [ 150.575806438000086, -35.028197279999972 ], [ 150.575806704000115, -35.028188270999976 ], [ 150.575784799000076, -35.028187832999947 ], [ 150.575784532000057, -35.028196841999943 ] ] ] ] } },
{ "type": "Feature", "properties": { "OBJECTID": 4977, "gridcode": 6, "Shape_Length": 0.00023961437281441383, "Shape_Area": 1.3822936376267291e-09 }, "geometry": { "type": "MultiPolygon", "coordinates": [ [ [ [ 150.575817390000111, -35.02819749899993 ], [ 150.575839296000026, -35.028197936999959 ], [ 150.575839562000056, -35.028188927999963 ], [ 150.575861467000095, -35.028189364999946 ], [ 150.575861733000011, -35.02818035599995 ], [ 150.575850781000099, -35.028180136999936 ], [ 150.575851047000015, -35.02817112799994 ], [ 150.575829141000099, -35.028170689999968 ], [ 150.575829408000118, -35.028161680999972 ], [ 150.575840360000029, -35.02816189999993 ], [ 150.575840626000058, -35.028152889999944 ], [ 150.575829674000033, -35.02815267099993 ], [ 150.575829940000062, -35.028143661999934 ], [ 150.575818987000048, -35.028143442999976 ], [ 150.575817923000045, -35.028179479999949 ], [ 150.575806970000031, -35.028179261999981 ], [ 150.575806704000115, -35.028188270999976 ], [ 150.575817656000027, -35.028188489999934 ], [ 150.575817390000111, -35.02819749899993 ] ] ] ] } },
{ "type": "Feature", "properties": { "OBJECTID": 4978, "gridcode": 6, "Shape_Length": 3.9935260260232673e-05, "Shape_Area": 9.8729435616873918e-11 }, "geometry": { "type": "MultiPolygon", "coordinates": [ [ [ [ 150.575849982000022, -35.028207164999969 ], [ 150.575850248000052, -35.028198155999974 ], [ 150.575839296000026, -35.028197936999959 ], [ 150.575839029000122, -35.028206945999955 ], [ 150.575849982000022, -35.028207164999969 ] ] ] ] } },
{ "type": "Feature", "properties": { "OBJECTID": 4992, "gridcode": 6, "Shape_Length": 0.00011980849337753439, "Shape_Area": 4.9367158896737508e-10 }, "geometry": { "type": "MultiPolygon", "coordinates": [ [ [ [ 150.583459965000088, -35.02843114999996 ], [ 150.583481870000014, -35.028431586999943 ], [ 150.583482401000083, -35.028413567999962 ], [ 150.583493354000097, -35.02841378599993 ], [ 150.583493619000024, -35.028404776999935 ], [ 150.583471714000098, -35.028404339999952 ], [ 150.583471183000029, -35.028422358999933 ], [ 150.583460230000014, -35.028422140999965 ], [ 150.583459965000088, -35.02843114999996 ] ] ] ] } },
{ "type": "Feature", "properties": { "OBJECTID": 5050, "gridcode": 6, "Shape_Length": 3.993715117685928e-05, "Shape_Area": 9.8738955501096061e-11 }, "geometry": { "type": "MultiPolygon", "coordinates": [ [ [ [ 150.580801177000012, -35.028657597999938 ], [ 150.580801442000052, -35.028648588999943 ], [ 150.580790489000037, -35.028648369999985 ], [ 150.580790224000111, -35.02865737999997 ], [ 150.580801177000012, -35.028657597999938 ] ] ] ] } },
{ "type": "Feature", "properties": { "OBJECTID": 5062, "gridcode": 6, "Shape_Length": 0.00022935935414568017, "Shape_Area": 1.1848245886024329e-09 }, "geometry": { "type": "MultiPolygon", "coordinates": [ [ [ [ 150.580877846000021, -35.028659127999958 ], [ 150.580877580000106, -35.028668136999954 ], [ 150.58088853300012, -35.028668354999979 ], [ 150.580889330000105, -35.028641326999946 ], [ 150.580801708000081, -35.028639579999947 ], [ 150.580801442000052, -35.028648588999943 ], [ 150.580856206000021, -35.028649680999933 ], [ 150.580855940000106, -35.028658690999976 ], [ 150.580877846000021, -35.028659127999958 ] ] ] ] } },
{ "type": "Feature", "properties": { "OBJECTID": 5063, "gridcode": 6, "Shape_Length": 5.7961003864231373e-05, "Shape_Area": 1.9745463582760588e-10 }, "geometry": { "type": "MultiPolygon", "coordinates": [ [ [ [ 150.58090001700009, -35.028650554999956 ], [ 150.580899486000021, -35.028668573999937 ], [ 150.580910438000046, -35.028668791999962 ], [ 150.580910969000115, -35.028650773999971 ], [ 150.58090001700009, -35.028650554999956 ] ] ] ] } },
{ "type": "Feature", "properties": { "OBJECTID": 5120, "gridcode": 6, "Shape_Length": 3.9937151293865891e-05, "Shape_Area": 9.8738956025647127e-11 }, "geometry": { "type": "MultiPolygon", "coordinates": [ [ [ [ 150.584421921000057, -35.029631231999929 ], [ 150.584422186000097, -35.029622221999944 ], [ 150.584411233000083, -35.029622003999975 ], [ 150.584410968000043, -35.029631012999971 ], [ 150.584421921000057, -35.029631231999929 ] ] ] ] } },
{ "type": "Feature", "properties": { "OBJECTID": 5123, "gridcode": 6, "Shape_Length": 3.993715117912676e-05, "Shape_Area": 9.8738955516159575e-11 }, "geometry": { "type": "MultiPolygon", "coordinates": [ [ [ [ 150.584573140000089, -35.029706360999967 ], [ 150.584573405000015, -35.029697350999982 ], [ 150.584562452000114, -35.029697132999956 ], [ 150.584562187000074, -35.029706141999952 ], [ 150.584573140000089, -35.029706360999967 ] ] ] ] } },
{ "type": "Feature", "properties": { "OBJECTID": 5125, "gridcode": 6, "Shape_Length": 3.9937151351821071e-05, "Shape_Area": 9.8738956344481865e-11 }, "geometry": { "type": "MultiPolygon", "coordinates": [ [ [ [ 150.584539751000079, -35.02972372499994 ], [ 150.584540016000119, -35.029714715999944 ], [ 150.584529063000105, -35.029714496999929 ], [ 150.584528798000065, -35.029723506999972 ], [ 150.584539751000079, -35.02972372499994 ] ] ] ] } },
{ "type": "Feature", "properties": { "OBJECTID": 5127, "gridcode": 6, "Shape_Length": 8.3756808681054875e-05, "Shape_Area": 2.9620004073566139e-10 }, "geometry": { "type": "MultiPolygon", "coordinates": [ [ [ [ 150.584403277000092, -35.02989228499996 ], [ 150.584436136000022, -35.029892938999978 ], [ 150.584436401000062, -35.029883929999983 ], [ 150.584403542000018, -35.029883275999964 ], [ 150.584403277000092, -35.02989228499996 ] ] ] ] } },
{ "type": "Feature", "properties": { "OBJECTID": 5128, "gridcode": 6, "Shape_Length": 3.9938189816905354e-05, "Shape_Area": 9.874451798190281e-11 }, "geometry": { "type": "MultiPolygon", "coordinates": [ [ [ [ 150.584413699000038, -35.029910521999966 ], [ 150.584413965000067, -35.029901511999981 ], [ 150.584403012000053, -35.029901293999956 ], [ 150.584402746000023, -35.029910303999941 ], [ 150.584413699000038, -35.029910521999966 ] ] ] ] } },
{ "type": "Feature", "properties": { "OBJECTID": 5129, "gridcode": 6, "Shape_Length": 7.9874321553365031e-05, "Shape_Area": 3.949557303297903e-10 }, "geometry": { "type": "MultiPolygon", "coordinates": [ [ [ [ 150.584260358000051, -35.029907467999976 ], [ 150.58428226400008, -35.02990790399997 ], [ 150.584282795000036, -35.029889884999932 ], [ 150.58426088900012, -35.029889448999938 ], [ 150.584260358000051, -35.029907467999976 ] ] ] ] } },
{ "type": "Feature", "properties": { "OBJECTID": 5130, "gridcode": 6, "Shape_Length": 0.00020356930095190702, "Shape_Area": 1.77726979321319e-09 }, "geometry": { "type": "MultiPolygon", "coordinates": [ [ [ [ 150.584204798000087, -35.029933404999952 ], [ 150.584226704000116, -35.029933840999945 ], [ 150.584226969000042, -35.029924831999949 ], [ 150.584248875000071, -35.029925267999943 ], [ 150.584249671000066, -35.029898239999966 ], [ 150.584194906000107, -35.029897148999964 ], [ 150.584194641000067, -35.02990615899995 ], [ 150.584183688000053, -35.029905939999935 ], [ 150.584183423000013, -35.029914949999977 ], [ 150.584194376000028, -35.029915167999945 ], [ 150.584194110000112, -35.029924176999941 ], [ 150.584205063000013, -35.029924394999966 ], [ 150.584204798000087, -35.029933404999952 ] ] ] ] } },
{ "type": "Feature", "properties": { "OBJECTID": 5132, "gridcode": 6, "Shape_Length": 6.1848469350265638e-05, "Shape_Area": 1.974886000464975e-10 }, "geometry": { "type": "MultiPolygon", "coordinates": [ [ [ [ 150.584335703000079, -35.029954041999929 ], [ 150.584357609000108, -35.029954477999979 ], [ 150.584357874000034, -35.029945467999937 ], [ 150.584335968000119, -35.029945031999944 ], [ 150.584335703000079, -35.029954041999929 ] ] ] ] } },
{ "type": "Feature", "properties": { "OBJECTID": 5138, "gridcode": 6, "Shape_Length": 3.9936131794302731e-05, "Shape_Area": 9.8733347100000945e-11 }, "geometry": { "type": "MultiPolygon", "coordinates": [ [ [ [ 150.583936092000044, -35.030126373999963 ], [ 150.583936357000084, -35.030117364999967 ], [ 150.58392540400007, -35.030117146999942 ], [ 150.58392513900003, -35.030126155999938 ], [ 150.583936092000044, -35.030126373999963 ] ] ] ] } },
{ "type": "Feature", "properties": { "OBJECTID": 5139, "gridcode": 6, "Shape_Length": 0.00084255574146206583, "Shape_Area": 1.6192849307884217e-08 }, "geometry": { "type": "MultiPolygon", "coordinates": [ [ [ [ 150.58393662200001, -35.030108354999982 ], [ 150.583936357000084, -35.030117364999967 ], [ 150.583947310000099, -35.030117582999935 ], [ 150.583948106000094, -35.030090554999958 ], [ 150.583959059000108, -35.030090772999984 ], [ 150.583959324000034, -35.030081763999931 ], [ 150.583970277000049, -35.030081981999956 ], [ 150.583971073000043, -35.030054953999979 ], [ 150.583982026000058, -35.030055171999948 ], [ 150.583982291000098, -35.030046162999952 ], [ 150.584026103000042, -35.030047035999928 ], [ 150.584026368000082, -35.030038025999943 ], [ 150.584081133000041, -35.030039116999944 ], [ 150.584080868000115, -35.03004812599994 ], [ 150.584113726000055, -35.030048780999948 ], [ 150.58411425700001, -35.030030761999967 ], [ 150.584147116000054, -35.030031416999975 ], [ 150.584147646000019, -35.030013397999937 ], [ 150.584136693000119, -35.030013179999969 ], [ 150.584137224000074, -35.029995160999931 ], [ 150.584126271000059, -35.029994942999963 ], [ 150.584126536000099, -35.029985933999967 ], [ 150.58410463000007, -35.029985496999984 ], [ 150.584104896000099, -35.029976487999932 ], [ 150.584093943000084, -35.029976269999963 ], [ 150.58409473800009, -35.02994924199993 ], [ 150.584083785000075, -35.029949023999961 ], [ 150.584083520000036, -35.029958032999957 ], [ 150.584072567000021, -35.029957814999932 ], [ 150.584072302000095, -35.029966823999985 ], [ 150.584017537000022, -35.029965732999983 ], [ 150.584017272000096, -35.029974741999979 ], [ 150.583995366000067, -35.029974305999929 ], [ 150.583994836000102, -35.029992324999967 ], [ 150.583972930000073, -35.029991887999984 ], [ 150.583972399000118, -35.030009906999965 ], [ 150.583950493000088, -35.030009470999971 ], [ 150.583950228000049, -35.030018479999967 ], [ 150.583917369000119, -35.030017824999959 ], [ 150.583915778000119, -35.030071881999959 ], [ 150.583904825000104, -35.030071662999944 ], [ 150.583904294000035, -35.030089681999982 ], [ 150.583926200000064, -35.030090118999965 ], [ 150.583925670000099, -35.030108136999957 ], [ 150.58393662200001, -35.030108354999982 ] ] ] ] } },
{ "type": "Feature", "properties": { "OBJECTID": 5161, "gridcode": 6, "Shape_Length": 0.00061070790349035983, "Shape_Area": 9.3799830227357472e-09 }, "geometry": { "type": "MultiPolygon", "coordinates": [ [ [ [ 150.583973803000049, -35.030334461999985 ], [ 150.58397353700002, -35.03034347199997 ], [ 150.583984490000034, -35.030343689999938 ], [ 150.583985021000103, -35.030325670999957 ], [ 150.583995974000118, -35.030325888999982 ], [ 150.583996504000083, -35.030307869999945 ], [ 150.584018410000112, -35.030308306999984 ], [ 150.584018941000068, -35.030290287999946 ], [ 150.584007988000053, -35.030290069999978 ], [ 150.584008518000019, -35.03027205099994 ], [ 150.583997565000118, -35.030271832999972 ], [ 150.583998096000073, -35.030253813999934 ], [ 150.583954284000015, -35.030252941999947 ], [ 150.583954019000089, -35.030261950999943 ], [ 150.58393211300006, -35.03026151499995 ], [ 150.58393184800002, -35.030270523999945 ], [ 150.583866130000047, -35.030269214999976 ], [ 150.583866395000086, -35.030260204999934 ], [ 150.583855442000072, -35.030259986999965 ], [ 150.583855707000112, -35.03025097799997 ], [ 150.583833801000083, -35.03025054099993 ], [ 150.583833536000043, -35.030259550999972 ], [ 150.583822583000028, -35.030259331999957 ], [ 150.583822053000063, -35.030277350999938 ], [ 150.583833006000077, -35.030277568999963 ], [ 150.583832740000048, -35.030286578999949 ], [ 150.583865599000092, -35.030287232999967 ], [ 150.583865069000012, -35.030305251999948 ], [ 150.58390888100007, -35.030306124999981 ], [ 150.583908615000041, -35.030315133999977 ], [ 150.58393052100007, -35.03031557099996 ], [ 150.583930256000031, -35.030324579999956 ], [ 150.58395216200006, -35.030325015999949 ], [ 150.58395189700002, -35.030334025999935 ], [ 150.583973803000049, -35.030334461999985 ] ] ] ] } },
{ "type": "Feature", "properties": { "OBJECTID": 5179, "gridcode": 6, "Shape_Length": 3.9937210090712047e-05, "Shape_Area": 9.8739174013868705e-11 }, "geometry": { "type": "MultiPolygon", "coordinates": [ [ [ [ 150.578659229000095, -35.030309603999967 ], [ 150.578659495000011, -35.030300594999972 ], [ 150.57864854200011, -35.030300375999957 ], [ 150.578648276000081, -35.030309385999942 ], [ 150.578659229000095, -35.030309603999967 ] ] ] ] } },
{ "type": "Feature", "properties": { "OBJECTID": 5188, "gridcode": 6, "Shape_Length": 5.7963062352532033e-05, "Shape_Area": 1.9747287189427765e-10 }, "geometry": { "type": "MultiPolygon", "coordinates": [ [ [ [ 150.578615152000111, -35.030317738999941 ], [ 150.578614620000053, -35.030335757999978 ], [ 150.578625573000068, -35.030335975999947 ], [ 150.578626105000012, -35.030317957999955 ], [ 150.578615152000111, -35.030317738999941 ] ] ] ] } },
{ "type": "Feature", "properties": { "OBJECTID": 5193, "gridcode": 6, "Shape_Length": 7.9873440666458834e-05, "Shape_Area": 2.9621231313303813e-10 }, "geometry": { "type": "MultiPolygon", "coordinates": [ [ [ [ 150.578592182000079, -35.03035333899993 ], [ 150.578614088000108, -35.03035377599997 ], [ 150.578614620000053, -35.030335757999978 ], [ 150.578603667000039, -35.030335538999964 ], [ 150.578603401, -35.03034454799996 ], [ 150.578592448000109, -35.030344328999945 ], [ 150.578592182000079, -35.03035333899993 ] ] ] ] } },
{ "type": "Feature", "properties": { "OBJECTID": 5229, "gridcode": 6, "Shape_Length": 5.7963062352526842e-05, "Shape_Area": 1.9747287189427765e-10 }, "geometry": { "type": "MultiPolygon", "coordinates": [ [ [ [ 150.578392371000064, -35.030439495999929 ], [ 150.578391839000119, -35.030457513999977 ], [ 150.57840279200002, -35.030457732999935 ], [ 150.578403324000078, -35.030439713999954 ], [ 150.578392371000064, -35.030439495999929 ] ] ] ] } },
{ "type": "Feature", "properties": { "OBJECTID": 5231, "gridcode": 6, "Shape_Length": 7.598993411854435e-05, "Shape_Area": 2.9621244616899231e-10 }, "geometry": { "type": "MultiPolygon", "coordinates": [ [ [ [ 150.578380886000105, -35.030457294999962 ], [ 150.578380088000017, -35.030484322999939 ], [ 150.578391041000032, -35.030484541999954 ], [ 150.578391839000119, -35.030457513999977 ], [ 150.578380886000105, -35.030457294999962 ] ] ] ] } },
{ "type": "Feature", "properties": { "OBJECTID": 5236, "gridcode": 6, "Shape_Length": 0.00046898178566148193, "Shape_Area": 4.3444148307534028e-09 }, "geometry": { "type": "MultiPolygon", "coordinates": [ [ [ [ 150.578193091000117, -35.030507632999957 ], [ 150.578214996000042, -35.030508070999929 ], [ 150.578215262000072, -35.030499060999944 ], [ 150.578237168000101, -35.030499498999973 ], [ 150.578237434000016, -35.030490489999977 ], [ 150.578248387000031, -35.030490707999945 ], [ 150.57824865300006, -35.030481698999949 ], [ 150.578259606000074, -35.030481917999964 ], [ 150.578259872000103, -35.030472907999979 ], [ 150.578270825000118, -35.030473126999937 ], [ 150.578271091000033, -35.030464117999941 ], [ 150.578282044000048, -35.030464335999966 ], [ 150.578282310000077, -35.03045532699997 ], [ 150.578304215000117, -35.030455764999942 ], [ 150.578304481000032, -35.030446754999957 ], [ 150.578315434000046, -35.030446973999972 ], [ 150.578315700000076, -35.030437964999976 ], [ 150.57832665300009, -35.030438182999944 ], [ 150.578326919000119, -35.030429173999948 ], [ 150.578294060000076, -35.030428517999951 ], [ 150.578293794000047, -35.030437526999947 ], [ 150.578282841000032, -35.030437307999932 ], [ 150.578282575000117, -35.030446317999974 ], [ 150.578238764000048, -35.030445442999962 ], [ 150.578238232000103, -35.030463461999943 ], [ 150.57820537300006, -35.030462804999956 ], [ 150.578205107000031, -35.030471814999942 ], [ 150.578183201000115, -35.030471376999969 ], [ 150.578182935000086, -35.030480386999955 ], [ 150.578171982000072, -35.03048016799994 ], [ 150.578171451000117, -35.030498186999978 ], [ 150.578193356000043, -35.030498623999961 ], [ 150.578193091000117, -35.030507632999957 ] ] ] ] } },
{ "type": "Feature", "properties": { "OBJECTID": 5248, "gridcode": 6, "Shape_Length": 0.00019968405187402013, "Shape_Area": 1.184854063578752e-09 }, "geometry": { "type": "MultiPolygon", "coordinates": [ [ [ [ 150.578148481000085, -35.030533785999978 ], [ 150.578148215000056, -35.030542795999963 ], [ 150.57815916800007, -35.030543013999932 ], [ 150.578159434000099, -35.030534004999936 ], [ 150.578170387000114, -35.03053422399995 ], [ 150.578170653000029, -35.030525214999955 ], [ 150.578181606000044, -35.03052543299998 ], [ 150.578181872000073, -35.030516423999984 ], [ 150.578192825000087, -35.030516642999942 ], [ 150.578193091000117, -35.030507632999957 ], [ 150.578171185000087, -35.030507195999974 ], [ 150.578170919000058, -35.030516204999969 ], [ 150.578159966000044, -35.030515985999955 ], [ 150.578160232000073, -35.030506976999959 ], [ 150.578138326000044, -35.030506539999976 ], [ 150.57813752800007, -35.030533567999953 ], [ 150.578148481000085, -35.030533785999978 ] ] ] ] } },
{ "type": "Feature", "properties": { "OBJECTID": 5261, "gridcode": 6, "Shape_Length": 3.9937210088444573e-05, "Shape_Area": 9.8739173998748348e-11 }, "geometry": { "type": "MultiPolygon", "coordinates": [ [ [ [ 150.578507802000104, -35.030613077999931 ], [ 150.578508068000019, -35.030604068999935 ], [ 150.578497115000118, -35.030603849999977 ], [ 150.578496849000089, -35.030612859999962 ], [ 150.578507802000104, -35.030613077999931 ] ] ] ] } },
{ "type": "Feature", "properties": { "OBJECTID": 5279, "gridcode": 6, "Shape_Length": 0.00090828796258436706, "Shape_Area": 7.9977005276484892e-09 }, "geometry": { "type": "MultiPolygon", "coordinates": [ [ [ [ 150.578101212000092, -35.030650032999972 ], [ 150.578123118000121, -35.030650469999955 ], [ 150.578123384000037, -35.030641460999959 ], [ 150.578134337000051, -35.030641678999984 ], [ 150.57813460300008, -35.030632669999932 ], [ 150.57815650900011, -35.030633107999961 ], [ 150.578156775000025, -35.030624097999976 ], [ 150.578167728000039, -35.030624316999933 ], [ 150.578167994000069, -35.030615307999938 ], [ 150.578189900000098, -35.030615744999977 ], [ 150.578190166000013, -35.030606735999982 ], [ 150.578201119000028, -35.030606954999939 ], [ 150.578201384000067, -35.030597944999954 ], [ 150.578223290000096, -35.030598382999983 ], [ 150.578223556000012, -35.030589372999941 ], [ 150.578234509000026, -35.030589591999956 ], [ 150.578234775000055, -35.03058058299996 ], [ 150.57824572800007, -35.030580800999928 ], [ 150.578245462000041, -35.03058981099997 ], [ 150.578256415000055, -35.030590028999939 ], [ 150.578256681000084, -35.030581019999943 ], [ 150.578278587000113, -35.030581457999972 ], [ 150.578278853000029, -35.03057244799993 ], [ 150.578289806000043, -35.030572666999944 ], [ 150.578290072000073, -35.030563657999949 ], [ 150.578301025000087, -35.030563875999974 ], [ 150.578301291000116, -35.030554866999978 ], [ 150.578323197000032, -35.030555303999961 ], [ 150.578323462000071, -35.030546294999965 ], [ 150.578334415000086, -35.03054651399998 ], [ 150.578334681000115, -35.030537504999984 ], [ 150.578345634000016, -35.030537722999952 ], [ 150.578345900000045, -35.030528713999956 ], [ 150.578356853000059, -35.030528932999971 ], [ 150.578357119000088, -35.030519922999929 ], [ 150.578368072000103, -35.030520141999943 ], [ 150.578368338000018, -35.030511132999948 ], [ 150.578379291000033, -35.030511350999973 ], [ 150.578380088000017, -35.030484322999939 ], [ 150.578369135000116, -35.030484104999971 ], [ 150.578368870000077, -35.030493113999967 ], [ 150.578357917000062, -35.030492894999952 ], [ 150.578357651000033, -35.030501904999937 ], [ 150.578346698000018, -35.03050168599998 ], [ 150.578346432000103, -35.030510694999975 ], [ 150.578335479000089, -35.03051047699995 ], [ 150.578335213000059, -35.030519485999946 ], [ 150.57831330700003, -35.030519047999974 ], [ 150.578313041000115, -35.030528057999959 ], [ 150.578291135000086, -35.03052761999993 ], [ 150.578290869000057, -35.030536629999972 ], [ 150.578279916000042, -35.030536410999957 ], [ 150.578279651000116, -35.030545419999953 ], [ 150.578268698000102, -35.030545201999985 ], [ 150.578268432000073, -35.030554210999981 ], [ 150.578246526000044, -35.030553772999951 ], [ 150.578246260000014, -35.030562782999937 ], [ 150.57820244800007, -35.030561907999981 ], [ 150.578202182000041, -35.030570916999977 ], [ 150.578191229000026, -35.030570698999952 ], [ 150.578190963000111, -35.030579707999948 ], [ 150.578180010000096, -35.030579488999933 ], [ 150.578179744000067, -35.030588497999929 ], [ 150.578157838000038, -35.030588060999946 ], [ 150.578157573000112, -35.030597069999942 ], [ 150.578146620000098, -35.030596851999974 ], [ 150.57814608800004, -35.030614869999965 ], [ 150.578135135000025, -35.03061465199994 ], [ 150.57813486900011, -35.030623660999936 ], [ 150.578123916000095, -35.030623441999978 ], [ 150.578123650000066, -35.030632450999974 ], [ 150.578101744000037, -35.030632013999934 ], [ 150.578101212000092, -35.030650032999972 ] ] ] ] } },
{ "type": "Feature", "properties": { "OBJECTID": 5282, "gridcode": 6, "Shape_Length": 3.9937210263418934e-05, "Shape_Area": 9.8739174842162574e-11 }, "geometry": { "type": "MultiPolygon", "coordinates": [ [ [ [ 150.578539065000086, -35.030667789999939 ], [ 150.578539331000115, -35.030658780999943 ], [ 150.578528378000101, -35.030658561999928 ], [ 150.578528112000072, -35.03066757199997 ], [ 150.578539065000086, -35.030667789999939 ] ] ] ] } },
{ "type": "Feature", "properties": { "OBJECTID": 5290, "gridcode": 6, "Shape_Length": 0.00063898745744635709, "Shape_Area": 6.2204307353291234e-09 }, "geometry": { "type": "MultiPolygon", "coordinates": [ [ [ [ 150.578012259000047, -35.030693328999973 ], [ 150.578045118000091, -35.03069398599996 ], [ 150.57804538400012, -35.030684975999975 ], [ 150.578056337000021, -35.030685194999933 ], [ 150.57805660300005, -35.030676185999937 ], [ 150.578067556000065, -35.030676403999962 ], [ 150.578067821000104, -35.030667394999966 ], [ 150.578078774000119, -35.030667613999981 ], [ 150.578079040000034, -35.030658603999939 ], [ 150.578089993000049, -35.030658822999953 ], [ 150.578090525000107, -35.030640804999962 ], [ 150.578057666000063, -35.030640147999975 ], [ 150.578057932000092, -35.030631138999979 ], [ 150.578046979000078, -35.030630919999965 ], [ 150.578047511000022, -35.030612901999973 ], [ 150.578080370000066, -35.03061355799997 ], [ 150.578080636000095, -35.030604548999975 ], [ 150.57809158900011, -35.030604766999943 ], [ 150.578091855000025, -35.030595757999947 ], [ 150.57810280800004, -35.030595976999962 ], [ 150.578103074000069, -35.030586966999977 ], [ 150.578114027000083, -35.030587185999934 ], [ 150.578114293000112, -35.030578176999938 ], [ 150.578125245000024, -35.030578395999953 ], [ 150.578125511000053, -35.030569385999968 ], [ 150.578136464000067, -35.030569604999982 ], [ 150.578136730000097, -35.03056059599993 ], [ 150.578147683000111, -35.030560813999955 ], [ 150.578147949000027, -35.030551804999959 ], [ 150.578115090000097, -35.030551148999962 ], [ 150.578114824000068, -35.030560157999957 ], [ 150.578092918000038, -35.030559720999975 ], [ 150.578092653000112, -35.03056872999997 ], [ 150.578081700000098, -35.030568510999956 ], [ 150.578081434000069, -35.030577520999941 ], [ 150.578070481000054, -35.030577301999983 ], [ 150.57806994900011, -35.030595320999964 ], [ 150.578037090000066, -35.030594663999977 ], [ 150.578036026000063, -35.030630701999939 ], [ 150.578025073000049, -35.030630482999982 ], [ 150.578024541000104, -35.030648500999973 ], [ 150.57801358800009, -35.030648282999948 ], [ 150.578012259000047, -35.030693328999973 ] ] ] ] } },
{ "type": "Feature", "properties": { "OBJECTID": 5386, "gridcode": 6, "Shape_Length": 0.0001017847893540494, "Shape_Area": 4.936829129382073e-10 }, "geometry": { "type": "MultiPolygon", "coordinates": [ [ [ [ 150.578383966000047, -35.03146699499996 ], [ 150.578405872000076, -35.031467432999932 ], [ 150.578406138000105, -35.031458422999947 ], [ 150.578417091000119, -35.031458641999961 ], [ 150.578417357000035, -35.031449632999966 ], [ 150.578384497000116, -35.031448976999968 ], [ 150.578383966000047, -35.03146699499996 ] ] ] ] } },
{ "type": "Feature", "properties": { "OBJECTID": 5408, "gridcode": 6, "Shape_Length": 3.993721009071204e-05, "Shape_Area": 9.8739174013868705e-11 }, "geometry": { "type": "MultiPolygon", "coordinates": [ [ [ [ 150.577405417000023, -35.031573656999967 ], [ 150.577405683000052, -35.031564646999982 ], [ 150.577394730000037, -35.031564428999957 ], [ 150.577394464000122, -35.031573437999953 ], [ 150.577405417000023, -35.031573656999967 ] ] ] ] } },
{ "type": "Feature", "properties": { "OBJECTID": 5416, "gridcode": 6, "Shape_Length": 3.9937210207731417e-05, "Shape_Area": 9.8739174538419759e-11 }, "geometry": { "type": "MultiPolygon", "coordinates": [ [ [ [ 150.577404885000078, -35.031591674999959 ], [ 150.577405151000107, -35.031582665999963 ], [ 150.577394198000093, -35.031582446999948 ], [ 150.577393932000064, -35.031591456999934 ], [ 150.577404885000078, -35.031591674999959 ] ] ] ] } },
{ "type": "Feature", "properties": { "OBJECTID": 5433, "gridcode": 6, "Shape_Length": 0.00044707346643965077, "Shape_Area": 3.3570874646312745e-09 }, "geometry": { "type": "MultiPolygon", "coordinates": [ [ [ [ 150.577448698000012, -35.03159255099996 ], [ 150.577448432000097, -35.031601559999956 ], [ 150.577437479000082, -35.031601340999941 ], [ 150.577437745000111, -35.031592331999946 ], [ 150.577448698000012, -35.03159255099996 ] ], [ [ 150.577404087000104, -35.031618702999936 ], [ 150.577436947000024, -35.031619359999979 ], [ 150.577437213000053, -35.031610349999937 ], [ 150.577459119000082, -35.031610787999966 ], [ 150.577459385000111, -35.031601778999971 ], [ 150.577470338000012, -35.031601996999939 ], [ 150.577470604000041, -35.031592987999943 ], [ 150.577481557000056, -35.031593206999958 ], [ 150.577481823000085, -35.031584197999962 ], [ 150.57747087000007, -35.031583978999947 ], [ 150.577471136000099, -35.031574968999962 ], [ 150.577438277000056, -35.031574312999965 ], [ 150.577438011000027, -35.03158332199996 ], [ 150.577416105000111, -35.031582884999978 ], [ 150.577415573000053, -35.031600902999969 ], [ 150.57738271300002, -35.031600246999972 ], [ 150.577383245000078, -35.031582227999934 ], [ 150.577372292000064, -35.031582009999966 ], [ 150.577372026000035, -35.031591018999961 ], [ 150.577350120000119, -35.031590580999932 ], [ 150.577349322000032, -35.031617608999966 ], [ 150.57739313400009, -35.031618483999978 ], [ 150.577393400000119, -35.031609474999982 ], [ 150.57740435300002, -35.03160969399994 ], [ 150.577404087000104, -35.031618702999936 ] ] ] ] } },
{ "type": "Feature", "properties": { "OBJECTID": 5528, "gridcode": 6, "Shape_Length": 3.9938180539466158e-05, "Shape_Area": 9.8743569976828983e-11 }, "geometry": { "type": "MultiPolygon", "coordinates": [ [ [ [ 150.579812235000077, -35.032090471999936 ], [ 150.579812501000106, -35.032081461999951 ], [ 150.579801547000102, -35.032081243999983 ], [ 150.579801282000062, -35.032090252999978 ], [ 150.579812235000077, -35.032090471999936 ] ] ] ] } },
{ "type": "Feature", "properties": { "OBJECTID": 5532, "gridcode": 6, "Shape_Length": 3.9937210146394536e-05, "Shape_Area": 9.8739174317611507e-11 }, "geometry": { "type": "MultiPolygon", "coordinates": [ [ [ [ 150.579811703000018, -35.032108489999985 ], [ 150.579811969000048, -35.032099480999932 ], [ 150.579801016000033, -35.032099261999974 ], [ 150.579800750000118, -35.032108271999959 ], [ 150.579811703000018, -35.032108489999985 ] ] ] ] } },
{ "type": "Feature", "properties": { "OBJECTID": 5550, "gridcode": 6, "Shape_Length": 0.0010783032447958198, "Shape_Area": 4.3050114836634395e-08 }, "geometry": { "type": "MultiPolygon", "coordinates": [ [ [ [ 150.580094360000089, -35.03218624799996 ], [ 150.580127220000122, -35.032186902999968 ], [ 150.580127751000077, -35.032168884999976 ], [ 150.58016061100011, -35.032169539999984 ], [ 150.580162471000108, -35.032106474999978 ], [ 150.580173424000122, -35.032106693999935 ], [ 150.580174221000107, -35.032079665999959 ], [ 150.580163268000092, -35.032079446999944 ], [ 150.580163534000121, -35.032070437999948 ], [ 150.580174487000022, -35.032070655999973 ], [ 150.580174753000051, -35.032061646999978 ], [ 150.580152846000033, -35.032061209999938 ], [ 150.580153112000062, -35.032052200999942 ], [ 150.580164065000076, -35.032052418999967 ], [ 150.580164331000105, -35.032043409999972 ], [ 150.580142424000087, -35.032042972999932 ], [ 150.580142956000032, -35.032024953999951 ], [ 150.580099143000098, -35.032024079999928 ], [ 150.580099409000013, -35.032015069999943 ], [ 150.580077503000098, -35.03201463299996 ], [ 150.580078034000053, -35.031996614999969 ], [ 150.580056128000024, -35.031996177999929 ], [ 150.580056659000093, -35.031978158999948 ], [ 150.580045706000078, -35.031977939999933 ], [ 150.580046237000033, -35.031959921999942 ], [ 150.580024331000118, -35.031959484999959 ], [ 150.580024597000033, -35.031950474999974 ], [ 150.579969831000085, -35.031949381999937 ], [ 150.579970097000114, -35.031940372999941 ], [ 150.57995914300011, -35.031940154999972 ], [ 150.579958612000041, -35.031958172999964 ], [ 150.579936706000012, -35.031957735999981 ], [ 150.579936440000097, -35.031966744999977 ], [ 150.579925487000082, -35.031966526999952 ], [ 150.579925221000053, -35.031975535999948 ], [ 150.579903315000024, -35.031975098999965 ], [ 150.579901455000027, -35.032038163999971 ], [ 150.579912408000041, -35.032038382999929 ], [ 150.579911611000057, -35.032065410999962 ], [ 150.579922564000071, -35.032065628999931 ], [ 150.579922298000042, -35.032074638999973 ], [ 150.579933251000057, -35.032074856999941 ], [ 150.579932986000017, -35.032083866999983 ], [ 150.579943939000032, -35.032084084999951 ], [ 150.579943673000116, -35.032093094999937 ], [ 150.579954626000017, -35.032093312999962 ], [ 150.579954095000062, -35.032111331999943 ], [ 150.579965048000076, -35.032111549999968 ], [ 150.579964516000018, -35.032129568999949 ], [ 150.579975470000022, -35.032129787999963 ], [ 150.579974938000078, -35.032147805999955 ], [ 150.579985891000092, -35.032148024999969 ], [ 150.579985626000052, -35.032157033999965 ], [ 150.579996579000067, -35.03215725299998 ], [ 150.579996313000038, -35.032166261999976 ], [ 150.580029173000071, -35.032166917999973 ], [ 150.580028907000042, -35.032175926999969 ], [ 150.580094626000118, -35.032177237999974 ], [ 150.580094360000089, -35.03218624799996 ] ] ] ] } },
{ "type": "Feature", "properties": { "OBJECTID": 5580, "gridcode": 6, "Shape_Length": 3.9936190706905039e-05, "Shape_Area": 9.8733565082600305e-11 }, "geometry": { "type": "MultiPolygon", "coordinates": [ [ [ [ 150.580003280000028, -35.032301619999942 ], [ 150.580003546000057, -35.032292610999946 ], [ 150.579992593000043, -35.032292392999977 ], [ 150.579992327000014, -35.032301401999973 ], [ 150.580003280000028, -35.032301619999942 ] ] ] ] } },
{ "type": "Feature", "properties": { "OBJECTID": 5599, "gridcode": 6, "Shape_Length": 0.0011065918785745166, "Shape_Area": 2.0735218754890791e-08 }, "geometry": { "type": "MultiPolygon", "coordinates": [ [ [ [ 150.579705152000088, -35.032376802999977 ], [ 150.579727058000117, -35.03237723999996 ], [ 150.57972785600009, -35.032350211999983 ], [ 150.579738809000105, -35.032350430999941 ], [ 150.57973934000006, -35.03233241199996 ], [ 150.579750294000064, -35.032332630999974 ], [ 150.579750559000104, -35.032323620999932 ], [ 150.579761513000108, -35.032323839999947 ], [ 150.579761778000034, -35.032314829999962 ], [ 150.579772732000038, -35.032315048999976 ], [ 150.579773263000106, -35.032297029999938 ], [ 150.579784216000121, -35.032297248999953 ], [ 150.579784482000036, -35.032288239999957 ], [ 150.579795435000051, -35.032288457999982 ], [ 150.57979570100008, -35.03227944899993 ], [ 150.579817607000109, -35.032279885999969 ], [ 150.579817873000025, -35.032270876999974 ], [ 150.579828826000039, -35.032271094999942 ], [ 150.579829092000068, -35.032262085999946 ], [ 150.579861952000101, -35.032262741999944 ], [ 150.579862217000027, -35.032253731999958 ], [ 150.579884124000046, -35.032254169999931 ], [ 150.57988492100003, -35.032227141999954 ], [ 150.579917781000063, -35.032227796999962 ], [ 150.579918578000047, -35.032200768999928 ], [ 150.579907625000033, -35.03220055099996 ], [ 150.579907890000072, -35.032191540999975 ], [ 150.579896937000058, -35.03219132299995 ], [ 150.579897203000087, -35.032182313999954 ], [ 150.579886250000072, -35.032182094999939 ], [ 150.579886781000027, -35.032164075999958 ], [ 150.579875828000013, -35.032163857999933 ], [ 150.579876625000111, -35.032136829999956 ], [ 150.579865672000096, -35.032136610999942 ], [ 150.579865938000012, -35.032127601999946 ], [ 150.579854985000111, -35.032127382999931 ], [ 150.579855516000066, -35.03210936499994 ], [ 150.579844563000051, -35.032109145999982 ], [ 150.579844829000081, -35.032100136999929 ], [ 150.579833875000077, -35.032099917999972 ], [ 150.579833610000037, -35.032108926999967 ], [ 150.579822657000022, -35.032108708999942 ], [ 150.579821594, -35.032144745999972 ], [ 150.579832547000024, -35.032144964999929 ], [ 150.579831218000095, -35.032190010999955 ], [ 150.57982026500008, -35.03218979299993 ], [ 150.579819999000051, -35.032198801999982 ], [ 150.579798093000022, -35.032198364999942 ], [ 150.579797827000107, -35.032207373999938 ], [ 150.579786874000092, -35.03220715599997 ], [ 150.579786342000034, -35.032225173999961 ], [ 150.579764436000119, -35.032224736999979 ], [ 150.57976390400006, -35.03224275599996 ], [ 150.579752951000046, -35.032242536999945 ], [ 150.579752420000091, -35.032260555999983 ], [ 150.579741466000087, -35.032260336999968 ], [ 150.579741201000047, -35.032269346999954 ], [ 150.579719294000029, -35.032268908999981 ], [ 150.579719029000103, -35.032277918999966 ], [ 150.579708075000099, -35.032277699999952 ], [ 150.579707012000085, -35.032313736999981 ], [ 150.579663199000038, -35.032312862999959 ], [ 150.579662934000112, -35.032321871999955 ], [ 150.579651981000097, -35.032321653999929 ], [ 150.579651449000039, -35.032339671999978 ], [ 150.579673355000068, -35.03234010999995 ], [ 150.579673090000028, -35.032349118999946 ], [ 150.579694996000057, -35.032349555999929 ], [ 150.579694730000028, -35.032358565999971 ], [ 150.579705684000032, -35.032358783999939 ], [ 150.579705152000088, -35.032376802999977 ] ] ] ] } },
{ "type": "Feature", "properties": { "OBJECTID": 5615, "gridcode": 6, "Shape_Length": 3.9937210090712202e-05, "Shape_Area": 9.8739174013868705e-11 }, "geometry": { "type": "MultiPolygon", "coordinates": [ [ [ [ 150.579527774000098, -35.032445379999956 ], [ 150.579528040000014, -35.032436369999971 ], [ 150.579517087000113, -35.032436151999946 ], [ 150.579516821000084, -35.032445160999941 ], [ 150.579527774000098, -35.032445379999956 ] ] ] ] } },
{ "type": "Feature", "properties": { "OBJECTID": 5623, "gridcode": 6, "Shape_Length": 3.9937210090712209e-05, "Shape_Area": 9.8739174013868705e-11 }, "geometry": { "type": "MultiPolygon", "coordinates": [ [ [ [ 150.579505336000011, -35.032462960999965 ], [ 150.57950560200004, -35.032453951999969 ], [ 150.579494649000026, -35.032453732999954 ], [ 150.57949438300011, -35.03246274299994 ], [ 150.579505336000011, -35.032462960999965 ] ] ] ] } },
{ "type": "Feature", "properties": { "OBJECTID": 5643, "gridcode": 6, "Shape_Length": 0.00081149349908262022, "Shape_Area": 1.4119716983117413e-08 }, "geometry": { "type": "MultiPolygon", "coordinates": [ [ [ [ 150.5795376640001, -35.032481635999943 ], [ 150.57953739900006, -35.032490644999939 ], [ 150.579526445000056, -35.032490425999981 ], [ 150.579526711000085, -35.032481416999929 ], [ 150.5795376640001, -35.032481635999943 ] ], [ [ 150.579513100000099, -35.032571291999943 ], [ 150.579535007000118, -35.032571728999983 ], [ 150.579535538000073, -35.032553709999945 ], [ 150.579546491000087, -35.03255392899996 ], [ 150.579546757000116, -35.032544919999964 ], [ 150.579557710000017, -35.032545137999932 ], [ 150.579558242000076, -35.032527118999951 ], [ 150.57956919500009, -35.032527337999966 ], [ 150.579569993000064, -35.032500309999932 ], [ 150.579580946000078, -35.032500528999947 ], [ 150.579581212000107, -35.032491518999961 ], [ 150.579592165000122, -35.032491737999976 ], [ 150.579592962000106, -35.032464709999942 ], [ 150.579603915000121, -35.032464928999957 ], [ 150.579605510000079, -35.032410872999947 ], [ 150.579616463000093, -35.032411090999972 ], [ 150.579616729000122, -35.032402081999976 ], [ 150.579605776000108, -35.032401862999961 ], [ 150.579606042000023, -35.032392853999966 ], [ 150.579616995000038, -35.03239307299998 ], [ 150.579617792000022, -35.032366044999947 ], [ 150.579628745000036, -35.032366262999972 ], [ 150.57962980800005, -35.032330225999942 ], [ 150.57959694900012, -35.032329569999945 ], [ 150.579596683000091, -35.032338578999941 ], [ 150.579585730000076, -35.032338360999972 ], [ 150.579584932000103, -35.032365388999949 ], [ 150.579573979000088, -35.032365169999935 ], [ 150.579573448000019, -35.032383188999972 ], [ 150.579562494000015, -35.032382969999958 ], [ 150.579561697000031, -35.032409997999935 ], [ 150.579550744000016, -35.032409779999966 ], [ 150.579549947000032, -35.032436807999943 ], [ 150.579538993000028, -35.032436588999929 ], [ 150.579538728000102, -35.032445597999981 ], [ 150.579527774000098, -35.032445379999956 ], [ 150.579527509000059, -35.032454388999952 ], [ 150.579516555000055, -35.032454169999937 ], [ 150.579516290000015, -35.032463179999979 ], [ 150.579505336000011, -35.032462960999965 ], [ 150.579505071000085, -35.03247196999996 ], [ 150.579494117000081, -35.032471751999935 ], [ 150.579493054000068, -35.032507788999965 ], [ 150.579504007000082, -35.032508007999979 ], [ 150.579502679000029, -35.032553053999948 ], [ 150.579513632000044, -35.032553272999962 ], [ 150.579513100000099, -35.032571291999943 ] ] ] ] } },
{ "type": "Feature", "properties": { "OBJECTID": 5653, "gridcode": 6, "Shape_Length": 3.9938180543180045e-05, "Shape_Area": 9.874356999192092e-11 }, "geometry": { "type": "MultiPolygon", "coordinates": [ [ [ [ 150.579291112000078, -35.032666021999944 ], [ 150.579291377000118, -35.032657011999959 ], [ 150.579280424000103, -35.032656793999934 ], [ 150.579280158000074, -35.032665802999929 ], [ 150.579291112000078, -35.032666021999944 ] ] ] ] } },
{ "type": "Feature", "properties": { "OBJECTID": 5659, "gridcode": 6, "Shape_Length": 3.993623059855748e-05, "Shape_Area": 9.8733831094936707e-11 }, "geometry": { "type": "MultiPolygon", "coordinates": [ [ [ [ 150.579213907000053, -35.032682509999972 ], [ 150.579214173000082, -35.032673500999977 ], [ 150.579203220000068, -35.032673281999962 ], [ 150.579202954000039, -35.032682290999958 ], [ 150.579213907000053, -35.032682509999972 ] ] ] ] } },
{ "type": "Feature", "properties": { "OBJECTID": 5664, "gridcode": 6, "Shape_Length": 3.993721026341375e-05, "Shape_Area": 9.8739174842162574e-11 }, "geometry": { "type": "MultiPolygon", "coordinates": [ [ [ [ 150.57897213800004, -35.032704727999942 ], [ 150.578972404000069, -35.032695717999957 ], [ 150.578961451000055, -35.032695499999932 ], [ 150.578961185000026, -35.032704508999984 ], [ 150.57897213800004, -35.032704727999942 ] ] ] ] } },
{ "type": "Feature", "properties": { "OBJECTID": 5669, "gridcode": 6, "Shape_Length": 3.9937210088444573e-05, "Shape_Area": 9.8739173998748348e-11 }, "geometry": { "type": "MultiPolygon", "coordinates": [ [ [ [ 150.578971606000096, -35.032722745999934 ], [ 150.578971872000011, -35.032713736999938 ], [ 150.57896091900011, -35.03271351799998 ], [ 150.578960653000081, -35.032722527999965 ], [ 150.578971606000096, -35.032722745999934 ] ] ] ] } },
{ "type": "Feature", "properties": { "OBJECTID": 5697, "gridcode": 6, "Shape_Length": 3.993623059855748e-05, "Shape_Area": 9.8733831094936707e-11 }, "geometry": { "type": "MultiPolygon", "coordinates": [ [ [ [ 150.579579939000041, -35.032906166999965 ], [ 150.57958020500007, -35.032897157999969 ], [ 150.579569252000056, -35.032896938999954 ], [ 150.579568986000027, -35.03290594799995 ], [ 150.579579939000041, -35.032906166999965 ] ] ] ] } },
{ "type": "Feature", "properties": { "OBJECTID": 5711, "gridcode": 6, "Shape_Length": 0.0021283343308388472, "Shape_Area": 3.2682805136665328e-08 }, "geometry": { "type": "MultiPolygon", "coordinates": [ [ [ [ 150.57886691200008, -35.03292799299993 ], [ 150.578888819000099, -35.03292842999997 ], [ 150.578889085000014, -35.032919420999974 ], [ 150.578910991000043, -35.032919857999957 ], [ 150.578911257000073, -35.032910848999961 ], [ 150.578922211000076, -35.03291106699993 ], [ 150.578922742000032, -35.032893048999938 ], [ 150.578933696000036, -35.032893266999963 ], [ 150.578933961000075, -35.032884257999967 ], [ 150.578944915000079, -35.032884476999982 ], [ 150.578945446000034, -35.032866457999944 ], [ 150.578956400000038, -35.032866676999959 ], [ 150.57895799500011, -35.032812620999948 ], [ 150.578968948000011, -35.032812838999973 ], [ 150.57896921400004, -35.032803829999978 ], [ 150.578980167000054, -35.032804048999935 ], [ 150.578980433000083, -35.03279503899995 ], [ 150.578991386000098, -35.032795257999965 ], [ 150.578991918000042, -35.032777238999984 ], [ 150.579002871000057, -35.032777457999941 ], [ 150.579003137000086, -35.032768448999946 ], [ 150.579025044000105, -35.032768885999928 ], [ 150.579025309000031, -35.032759876999933 ], [ 150.579047216000049, -35.032760313999972 ], [ 150.579047482000078, -35.032751304999977 ], [ 150.579058435000093, -35.032751522999945 ], [ 150.579058701000122, -35.032742513999949 ], [ 150.579080607000037, -35.032742950999932 ], [ 150.579080873000066, -35.032733941999936 ], [ 150.579113733000099, -35.032734597999934 ], [ 150.579113999000015, -35.032725588999938 ], [ 150.579124952000029, -35.032725806999963 ], [ 150.579125218000058, -35.032716797999967 ], [ 150.579136171000073, -35.032717016999982 ], [ 150.579136437000102, -35.03270800699994 ], [ 150.579125484000087, -35.032707788999971 ], [ 150.579125749000013, -35.032698778999929 ], [ 150.579136703000017, -35.032698997999944 ], [ 150.579136969000047, -35.032689988999948 ], [ 150.579147922000061, -35.032690206999973 ], [ 150.579148985000074, -35.032654169999944 ], [ 150.579159938000089, -35.032654388999958 ], [ 150.579160204000118, -35.032645378999973 ], [ 150.579171157000019, -35.032645597999931 ], [ 150.579171423000048, -35.032636588999935 ], [ 150.579215236000096, -35.032637462999958 ], [ 150.579214970000066, -35.032646472999943 ], [ 150.579258783000114, -35.032647346999966 ], [ 150.579259315000058, -35.032629328999974 ], [ 150.579292175000091, -35.032629983999982 ], [ 150.579292441000121, -35.032620974999929 ], [ 150.579303394000021, -35.032621193999944 ], [ 150.579303660000051, -35.032612183999959 ], [ 150.579314613000065, -35.032612402999973 ], [ 150.579314879000094, -35.032603393999977 ], [ 150.579325832000109, -35.032603611999946 ], [ 150.579326629000093, -35.032576583999969 ], [ 150.579337583000097, -35.032576802999984 ], [ 150.579337848000023, -35.032567793999931 ], [ 150.579348802000027, -35.032568011999956 ], [ 150.579349067000066, -35.03255900299996 ], [ 150.579370974000085, -35.032559439999943 ], [ 150.579371240000114, -35.032550430999947 ], [ 150.579393146000029, -35.03255086799993 ], [ 150.579393412000059, -35.032541858999934 ], [ 150.579404365000073, -35.032542077999949 ], [ 150.579404631000102, -35.032533067999964 ], [ 150.579415584000117, -35.032533286999978 ], [ 150.579415850000032, -35.032524277999983 ], [ 150.579437756000061, -35.032524714999965 ], [ 150.57943802200009, -35.03251570499998 ], [ 150.579394209000043, -35.032514830999958 ], [ 150.579393944000117, -35.032523839999953 ], [ 150.579382990000113, -35.032523621999928 ], [ 150.579382724000084, -35.032532630999981 ], [ 150.579360818000055, -35.032532193999941 ], [ 150.579360552000026, -35.032541202999937 ], [ 150.579349599000011, -35.032540983999979 ], [ 150.579349333000096, -35.032549993999964 ], [ 150.579327427000067, -35.032549555999935 ], [ 150.579327161000037, -35.032558565999977 ], [ 150.579316208000023, -35.032558346999963 ], [ 150.579315942000107, -35.032567355999959 ], [ 150.57927212900006, -35.032566481999936 ], [ 150.579271863000031, -35.032575490999932 ], [ 150.57916233100002, -35.032573304999971 ], [ 150.579162065000105, -35.032582313999967 ], [ 150.579151112000091, -35.032582095999942 ], [ 150.579150580000032, -35.032600113999933 ], [ 150.579139627000018, -35.032599895999965 ], [ 150.579139893000047, -35.03259088599998 ], [ 150.579128939000043, -35.032590667999955 ], [ 150.579126813000016, -35.032662741999957 ], [ 150.579115860000115, -35.032662523999932 ], [ 150.579115594000086, -35.032671532999984 ], [ 150.579104640000082, -35.03267131399997 ], [ 150.579104109000014, -35.032689332999951 ], [ 150.579082202000109, -35.032688895999968 ], [ 150.57908193600008, -35.032697904999964 ], [ 150.579049077000036, -35.032697248999966 ], [ 150.579048811000121, -35.032706257999962 ], [ 150.579026904000102, -35.032705820999979 ], [ 150.579026639000062, -35.032714829999975 ], [ 150.578993779000029, -35.032714173999977 ], [ 150.578993513000114, -35.032723183999963 ], [ 150.578971606000096, -35.032722745999934 ], [ 150.578971075000027, -35.032740764999971 ], [ 150.578949168000122, -35.032740327999932 ], [ 150.578948902000093, -35.032749336999984 ], [ 150.578959856000097, -35.032749555999942 ], [ 150.578959590000068, -35.032758564999938 ], [ 150.578948637000053, -35.03275834599998 ], [ 150.578948371000024, -35.032767355999965 ], [ 150.578915511000105, -35.032766699999968 ], [ 150.578914979000047, -35.032784717999959 ], [ 150.578925932000061, -35.032784936999974 ], [ 150.578924337000103, -35.032838992999984 ], [ 150.578935291000107, -35.032839210999953 ], [ 150.578935025000078, -35.032848220999938 ], [ 150.57889121200003, -35.032847345999983 ], [ 150.57889147800006, -35.03283833699993 ], [ 150.578880524000056, -35.032838117999972 ], [ 150.578879727000071, -35.032865145999949 ], [ 150.578890680000086, -35.032865364999964 ], [ 150.578890414000057, -35.03287437399996 ], [ 150.578879461000042, -35.032874154999945 ], [ 150.578879195000013, -35.03288316499993 ], [ 150.578868242000112, -35.032882945999972 ], [ 150.57886691200008, -35.03292799299993 ] ] ] ] } },
{ "type": "Feature", "properties": { "OBJECTID": 5722, "gridcode": 6, "Shape_Length": 6.184958815744321e-05, "Shape_Area": 1.9748749148015897e-10 }, "geometry": { "type": "MultiPolygon", "coordinates": [ [ [ [ 150.579611470000032, -35.03295186899993 ], [ 150.57963337700005, -35.03295230699996 ], [ 150.579633643000079, -35.032943296999974 ], [ 150.579611736000061, -35.032942859999935 ], [ 150.579611470000032, -35.03295186899993 ] ] ] ] } },
{ "type": "Feature", "properties": { "OBJECTID": 5727, "gridcode": 6, "Shape_Length": 3.9937200921769098e-05, "Shape_Area": 9.8738226008459095e-11 }, "geometry": { "type": "MultiPolygon", "coordinates": [ [ [ [ 150.57995075700012, -35.032967654999936 ], [ 150.579951022000046, -35.03295864599994 ], [ 150.579940069000031, -35.032958426999983 ], [ 150.579939803000116, -35.032967435999979 ], [ 150.57995075700012, -35.032967654999936 ] ] ] ] } },
{ "type": "Feature", "properties": { "OBJECTID": 5735, "gridcode": 6, "Shape_Length": 3.993720093073957e-05, "Shape_Area": 9.8738226048448443e-11 }, "geometry": { "type": "MultiPolygon", "coordinates": [ [ [ [ 150.579906678000043, -35.032975789999966 ], [ 150.579906943000083, -35.032966780999971 ], [ 150.579895990000068, -35.032966561999956 ], [ 150.579895724000039, -35.032975570999952 ], [ 150.579906678000043, -35.032975789999966 ] ] ] ] } },
{ "type": "Feature", "properties": { "OBJECTID": 5737, "gridcode": 6, "Shape_Length": 3.993720093073957e-05, "Shape_Area": 9.8738226048448443e-11 }, "geometry": { "type": "MultiPolygon", "coordinates": [ [ [ [ 150.58006002400009, -35.032978849999949 ], [ 150.580060290000119, -35.032969840999954 ], [ 150.580049336000116, -35.032969621999939 ], [ 150.580049071000076, -35.032978630999935 ], [ 150.58006002400009, -35.032978849999949 ] ] ] ] } },
{ "type": "Feature", "properties": { "OBJECTID": 5750, "gridcode": 6, "Shape_Length": 3.993720093073957e-05, "Shape_Area": 9.8738226048448443e-11 }, "geometry": { "type": "MultiPolygon", "coordinates": [ [ [ [ 150.580135900000073, -35.033007407999946 ], [ 150.580136165000113, -35.03299839899995 ], [ 150.580125212000098, -35.032998179999936 ], [ 150.580124946000069, -35.033007188999932 ], [ 150.580135900000073, -35.033007407999946 ] ] ] ] } },
{ "type": "Feature", "properties": { "OBJECTID": 5785, "gridcode": 6, "Shape_Length": 3.9937161036471525e-05, "Shape_Area": 9.8737960526438071e-11 }, "geometry": { "type": "MultiPolygon", "coordinates": [ [ [ [ 150.580331731000115, -35.033056387999977 ], [ 150.580331996000041, -35.033047378999981 ], [ 150.580321043000026, -35.033047160999956 ], [ 150.580320777000111, -35.033056169999952 ], [ 150.580331731000115, -35.033056387999977 ] ] ] ] } },
{ "type": "Feature", "properties": { "OBJECTID": 5801, "gridcode": 6, "Shape_Length": 3.9938180426173442e-05, "Shape_Area": 9.874356946736984e-11 }, "geometry": { "type": "MultiPolygon", "coordinates": [ [ [ [ 150.580451952000089, -35.033067801999948 ], [ 150.580452217000015, -35.033058791999963 ], [ 150.580441264000115, -35.033058573999938 ], [ 150.580440998000086, -35.033067582999934 ], [ 150.580451952000089, -35.033067801999948 ] ] ] ] } },
{ "type": "Feature", "properties": { "OBJECTID": 5809, "gridcode": 6, "Shape_Length": 3.9937210256708793e-05, "Shape_Area": 9.8739174817322004e-11 }, "geometry": { "type": "MultiPolygon", "coordinates": [ [ [ [ 150.580506452000122, -35.033077903999981 ], [ 150.580506718000038, -35.033068893999939 ], [ 150.580495765000023, -35.033068675999971 ], [ 150.580495499000108, -35.033077684999967 ], [ 150.580506452000122, -35.033077903999981 ] ] ] ] } },
{ "type": "Feature", "properties": { "OBJECTID": 5816, "gridcode": 6, "Shape_Length": 0.00010567025581758181, "Shape_Area": 3.9494786873188755e-10 }, "geometry": { "type": "MultiPolygon", "coordinates": [ [ [ [ 150.580517406000013, -35.033078121999949 ], [ 150.58056121900006, -35.033078995999972 ], [ 150.580561485000089, -35.033069986999976 ], [ 150.580517671000052, -35.033069112999954 ], [ 150.580517406000013, -35.033078121999949 ] ] ] ] } },
{ "type": "Feature", "properties": { "OBJECTID": 5818, "gridcode": 6, "Shape_Length": 3.9938180597416039e-05, "Shape_Area": 9.8743570295692143e-11 }, "geometry": { "type": "MultiPolygon", "coordinates": [ [ [ [ 150.58058286000005, -35.03308844299994 ], [ 150.580583126000079, -35.033079432999955 ], [ 150.580572172000075, -35.03307921499993 ], [ 150.580571907000035, -35.033088223999982 ], [ 150.58058286000005, -35.03308844299994 ] ] ] ] } },
{ "type": "Feature", "properties": { "OBJECTID": 5822, "gridcode": 6, "Shape_Length": 3.9937161098857054e-05, "Shape_Area": 9.8737960854993034e-11 }, "geometry": { "type": "MultiPolygon", "coordinates": [ [ [ [ 150.580637361000072, -35.033098543999984 ], [ 150.580637627000101, -35.033089534999931 ], [ 150.580626673000097, -35.033089316999963 ], [ 150.580626408000057, -35.033098325999958 ], [ 150.580637361000072, -35.033098543999984 ] ] ] ] } },
{ "type": "Feature", "properties": { "OBJECTID": 5855, "gridcode": 6, "Shape_Length": 3.9937210207731417e-05, "Shape_Area": 9.8739174538419759e-11 }, "geometry": { "type": "MultiPolygon", "coordinates": [ [ [ [ 150.581560822000029, -35.034117587999958 ], [ 150.581561088000058, -35.034108577999973 ], [ 150.581550135000043, -35.034108359999948 ], [ 150.581549869000014, -35.034117368999944 ], [ 150.581560822000029, -35.034117587999958 ] ] ] ] } },
{ "type": "Feature", "properties": { "OBJECTID": 5859, "gridcode": 6, "Shape_Length": 3.9937161098857135e-05, "Shape_Area": 9.8737960854993034e-11 }, "geometry": { "type": "MultiPolygon", "coordinates": [ [ [ [ 150.581560291000073, -35.03413560599995 ], [ 150.581560557000103, -35.034126596999954 ], [ 150.581549603000099, -35.034126378999929 ], [ 150.581549338000059, -35.034135387999982 ], [ 150.581560291000073, -35.03413560599995 ] ] ] ] } },
{ "type": "Feature", "properties": { "OBJECTID": 5864, "gridcode": 6, "Shape_Length": 5.7965003075241116e-05, "Shape_Area": 1.9749067271787165e-10 }, "geometry": { "type": "MultiPolygon", "coordinates": [ [ [ [ 150.58154907200003, -35.034144396999977 ], [ 150.581548541000075, -35.034162415999958 ], [ 150.581559495000079, -35.034162633999983 ], [ 150.581560026000034, -35.034144615999935 ], [ 150.58154907200003, -35.034144396999977 ] ] ] ] } },
{ "type": "Feature", "properties": { "OBJECTID": 5867, "gridcode": 6, "Shape_Length": 3.9938180590723612e-05, "Shape_Area": 9.8743570270851573e-11 }, "geometry": { "type": "MultiPolygon", "coordinates": [ [ [ [ 150.581481758000109, -35.034197142999972 ], [ 150.581482024000024, -35.03418813299993 ], [ 150.581471070000021, -35.034187914999961 ], [ 150.581470805000095, -35.034196923999957 ], [ 150.581481758000109, -35.034197142999972 ] ] ] ] } },
{ "type": "Feature", "properties": { "OBJECTID": 5868, "gridcode": 6, "Shape_Length": 3.9938190347723758e-05, "Shape_Area": 9.8742574306213887e-11 }, "geometry": { "type": "MultiPolygon", "coordinates": [ [ [ [ 150.581470539000065, -35.034205932999953 ], [ 150.581470805000095, -35.034196923999957 ], [ 150.581459851000091, -35.034196705999932 ], [ 150.581459585000061, -35.034205714999985 ], [ 150.581470539000065, -35.034205932999953 ] ] ] ] } },
{ "type": "Feature", "properties": { "OBJECTID": 5870, "gridcode": 6, "Shape_Length": 0.00012369903808194673, "Shape_Area": 5.9243968352853783e-10 }, "geometry": { "type": "MultiPolygon", "coordinates": [ [ [ [ 150.58149271100001, -35.03419736099994 ], [ 150.581525572000032, -35.034198015999948 ], [ 150.581525837000072, -35.034189006999952 ], [ 150.581536791000076, -35.034189224999977 ], [ 150.581537057000105, -35.034180215999982 ], [ 150.581504196000083, -35.034179560999974 ], [ 150.581503931000043, -35.034188569999969 ], [ 150.581492977000039, -35.034188351999944 ], [ 150.58149271100001, -35.03419736099994 ] ] ] ] } },
{ "type": "Feature", "properties": { "OBJECTID": 5872, "gridcode": 6, "Shape_Length": 3.9939209782070064e-05, "Shape_Area": 9.8748183918290615e-11 }, "geometry": { "type": "MultiPolygon", "coordinates": [ [ [ [ 150.581415506000099, -35.034213850999947 ], [ 150.581415772000014, -35.034204840999962 ], [ 150.58140481800001, -35.034204622999937 ], [ 150.581404552000095, -35.034213631999933 ], [ 150.581415506000099, -35.034213850999947 ] ] ] ] } },
{ "type": "Feature", "properties": { "OBJECTID": 5875, "gridcode": 6, "Shape_Length": 3.9937160923900271e-05, "Shape_Area": 9.8737960011635651e-11 }, "geometry": { "type": "MultiPolygon", "coordinates": [ [ [ [ 150.580954929000086, -35.034222692999947 ], [ 150.580955194000012, -35.034213683999951 ], [ 150.580944241000111, -35.034213465999983 ], [ 150.580943975000082, -35.034222474999979 ], [ 150.580954929000086, -35.034222692999947 ] ] ] ] } },
{ "type": "Feature", "properties": { "OBJECTID": 5880, "gridcode": 6, "Shape_Length": 3.9937160926162452e-05, "Shape_Area": 9.8737960026727574e-11 }, "geometry": { "type": "MultiPolygon", "coordinates": [ [ [ [ 150.580853691000016, -35.034310819999973 ], [ 150.580853957000045, -35.034301810999978 ], [ 150.580843003000041, -35.034301592999952 ], [ 150.580842738000115, -35.034310601999948 ], [ 150.580853691000016, -35.034310819999973 ] ] ] ] } },
{ "type": "Feature", "properties": { "OBJECTID": 5909, "gridcode": 6, "Shape_Length": 3.993819028977406e-05, "Shape_Area": 9.8742573987322306e-11 }, "geometry": { "type": "MultiPolygon", "coordinates": [ [ [ [ 150.582486568000036, -35.035803751999936 ], [ 150.582486834000065, -35.03579474299994 ], [ 150.582475880000061, -35.035794524999972 ], [ 150.582475614000032, -35.035803533999967 ], [ 150.582486568000036, -35.035803751999936 ] ] ] ] } },
{ "type": "Feature", "properties": { "OBJECTID": 5912, "gridcode": 6, "Shape_Length": 3.993720093073957e-05, "Shape_Area": 9.8738226048448443e-11 }, "geometry": { "type": "MultiPolygon", "coordinates": [ [ [ [ 150.582320670000058, -35.035854532999963 ], [ 150.582320935000098, -35.035845523999967 ], [ 150.582309982000083, -35.035845304999953 ], [ 150.582309716000054, -35.035854313999948 ], [ 150.582320670000058, -35.035854532999963 ] ] ] ] } },
{ "type": "Feature", "properties": { "OBJECTID": 5931, "gridcode": 6, "Shape_Length": 0.00017389599805216693, "Shape_Area": 1.3824137073281241e-09 }, "geometry": { "type": "MultiPolygon", "coordinates": [ [ [ [ 150.582525339000085, -35.035975802999928 ], [ 150.582525073000056, -35.03598481299997 ], [ 150.58253602700006, -35.035985030999939 ], [ 150.582537620000039, -35.035930974999928 ], [ 150.582504759000017, -35.035930319999977 ], [ 150.582503962000033, -35.035957347999954 ], [ 150.582514916000036, -35.035957565999979 ], [ 150.582514385000081, -35.03597558499996 ], [ 150.582525339000085, -35.035975802999928 ] ] ] ] } },
{ "type": "Feature", "properties": { "OBJECTID": 5934, "gridcode": 6, "Shape_Length": 0.00039161072332105813, "Shape_Area": 2.4686020960653142e-09 }, "geometry": { "type": "MultiPolygon", "coordinates": [ [ [ [ 150.582218104000049, -35.035987706999947 ], [ 150.58221783800002, -35.035996716999932 ], [ 150.582228792000024, -35.035996934999957 ], [ 150.582229057000063, -35.035987925999962 ], [ 150.582240011000067, -35.03598814399993 ], [ 150.582240277000096, -35.035979134999934 ], [ 150.582251230000111, -35.035979352999959 ], [ 150.582251761000066, -35.035961334999968 ], [ 150.58226271500007, -35.035961552999936 ], [ 150.582262981000099, -35.03595254399994 ], [ 150.582273934000114, -35.035952761999965 ], [ 150.582274731000098, -35.035925733999932 ], [ 150.582285685000102, -35.035925951999957 ], [ 150.582286747000012, -35.035889914999984 ], [ 150.582264839000118, -35.035889477999945 ], [ 150.582264308000049, -35.035907496999982 ], [ 150.582275262000053, -35.035907714999951 ], [ 150.582274996000024, -35.035916724999936 ], [ 150.582264043, -35.035916505999978 ], [ 150.582263777000094, -35.035925515999963 ], [ 150.58225282300009, -35.035925296999949 ], [ 150.582252292000021, -35.03594331599993 ], [ 150.58224133900012, -35.035943097999962 ], [ 150.582240808000051, -35.035961115999953 ], [ 150.582229854000047, -35.035960897999985 ], [ 150.582229588000018, -35.035969906999981 ], [ 150.582218635000118, -35.035969688999955 ], [ 150.582218369000088, -35.035978697999951 ], [ 150.582207415000084, -35.035978479999983 ], [ 150.582207150000045, -35.035987488999979 ], [ 150.582218104000049, -35.035987706999947 ] ] ] ] } },
{ "type": "Feature", "properties": { "OBJECTID": 5940, "gridcode": 6, "Shape_Length": 9.7901193784407042e-05, "Shape_Area": 3.9497781218952586e-10 }, "geometry": { "type": "MultiPolygon", "coordinates": [ [ [ [ 150.581987544000071, -35.036001139999939 ], [ 150.581987013000116, -35.036019157999931 ], [ 150.58199796700012, -35.036019376999946 ], [ 150.581998233000036, -35.03601036799995 ], [ 150.58200918600005, -35.036010585999975 ], [ 150.582009717000119, -35.035992566999937 ], [ 150.581998764000105, -35.035992348999969 ], [ 150.581998498000075, -35.036001357999965 ], [ 150.581987544000071, -35.036001139999939 ] ] ] ] } },
{ "type": "Feature", "properties": { "OBJECTID": 5963, "gridcode": 6, "Shape_Length": 3.993915093286996e-05, "Shape_Area": 9.8747965749221712e-11 }, "geometry": { "type": "MultiPolygon", "coordinates": [ [ [ [ 150.582981414000074, -35.036120113999971 ], [ 150.582981679000113, -35.036111103999929 ], [ 150.582970725000109, -35.03611088599996 ], [ 150.58297046000007, -35.036119894999956 ], [ 150.582981414000074, -35.036120113999971 ] ] ] ] } },
{ "type": "Feature", "properties": { "OBJECTID": 5977, "gridcode": 6, "Shape_Length": 0.00020357642824971671, "Shape_Area": 1.2836710477403825e-09 }, "geometry": { "type": "MultiPolygon", "coordinates": [ [ [ [ 150.582608721000042, -35.036121698999978 ], [ 150.582608455000013, -35.036130708999963 ], [ 150.582619409000017, -35.036130926999931 ], [ 150.582619675000046, -35.036121917999935 ], [ 150.582641582000065, -35.036122354999975 ], [ 150.58264211300002, -35.036104335999937 ], [ 150.582598298000107, -35.036103461999971 ], [ 150.582598564000023, -35.036094452999976 ], [ 150.582587610000019, -35.03609423499995 ], [ 150.582587079000064, -35.036112252999942 ], [ 150.58257612500006, -35.036112034999974 ], [ 150.58257586000002, -35.03612104399997 ], [ 150.582608721000042, -35.036121698999978 ] ] ] ] } },
{ "type": "Feature", "properties": { "OBJECTID": 5987, "gridcode": 6, "Shape_Length": 3.9938180598867752e-05, "Shape_Area": 9.8743570295692143e-11 }, "geometry": { "type": "MultiPolygon", "coordinates": [ [ [ [ 150.581829678000076, -35.03615124099997 ], [ 150.581829943000116, -35.036142230999928 ], [ 150.581818990000102, -35.03614201299996 ], [ 150.581818724000073, -35.036151021999956 ], [ 150.581829678000076, -35.03615124099997 ] ] ] ] } },
{ "type": "Feature", "properties": { "OBJECTID": 6006, "gridcode": 6, "Shape_Length": 0.0009044407173825047, "Shape_Area": 1.9551302372895787e-08 }, "geometry": { "type": "MultiPolygon", "coordinates": [ [ [ [ 150.582771169000011, -35.036188039999956 ], [ 150.582770903000096, -35.036197048999952 ], [ 150.582759950000082, -35.036196830999984 ], [ 150.582760215000121, -35.036187821999931 ], [ 150.582771169000011, -35.036188039999956 ] ], [ [ 150.582748465000122, -35.03621463099995 ], [ 150.582770372000027, -35.036215067999933 ], [ 150.582770638000056, -35.036206058999937 ], [ 150.582814453000083, -35.03620693199997 ], [ 150.582814984000038, -35.036188912999933 ], [ 150.582825938000042, -35.036189131999947 ], [ 150.582826203000081, -35.036180121999962 ], [ 150.582859064000104, -35.03618077699997 ], [ 150.582860657000083, -35.03612672099996 ], [ 150.582871611000087, -35.036126939999974 ], [ 150.582871876000013, -35.036117929999932 ], [ 150.582893784000021, -35.036118366999972 ], [ 150.58289404900006, -35.036109357999976 ], [ 150.582970725000109, -35.03611088599996 ], [ 150.582970991000025, -35.036101876999965 ], [ 150.582960037000021, -35.03610165799995 ], [ 150.58296030200006, -35.036092648999954 ], [ 150.582916487000034, -35.036091775999978 ], [ 150.582916753000063, -35.036082765999936 ], [ 150.582905799000059, -35.036082547999968 ], [ 150.582906065000088, -35.036073538999972 ], [ 150.58288415700008, -35.036073101999932 ], [ 150.58288442300011, -35.036064092999936 ], [ 150.582862515000102, -35.036063655999953 ], [ 150.582862781000017, -35.036054646999958 ], [ 150.582840873, -35.036054209999975 ], [ 150.582841139000038, -35.036045200999979 ], [ 150.582808277000026, -35.036044545999971 ], [ 150.582807216000106, -35.036080582999944 ], [ 150.582774354000094, -35.036079927999936 ], [ 150.582773823000025, -35.036097946999973 ], [ 150.58276287000001, -35.036097727999959 ], [ 150.58276313500005, -35.036088718999963 ], [ 150.582752181000046, -35.036088500999938 ], [ 150.582751650000091, -35.036106518999929 ], [ 150.582718789000069, -35.036105863999978 ], [ 150.582718258000114, -35.036123882999959 ], [ 150.582729212000118, -35.036124100999984 ], [ 150.582727619000025, -35.036178156999938 ], [ 150.582738573000029, -35.036178375999953 ], [ 150.582738308000103, -35.036187384999948 ], [ 150.582749261000117, -35.036187602999973 ], [ 150.582748465000122, -35.03621463099995 ] ] ] ] } },
{ "type": "Feature", "properties": { "OBJECTID": 6010, "gridcode": 6, "Shape_Length": 3.9937161040907254e-05, "Shape_Area": 9.8737960536129874e-11 }, "geometry": { "type": "MultiPolygon", "coordinates": [ [ [ [ 150.582780530000036, -35.036242313999935 ], [ 150.582780795000076, -35.036233304999939 ], [ 150.582769842000062, -35.036233086999971 ], [ 150.582769576000032, -35.036242095999967 ], [ 150.582780530000036, -35.036242313999935 ] ] ] ] } },
{ "type": "Feature", "properties": { "OBJECTID": 6012, "gridcode": 6, "Shape_Length": 5.7965003019558594e-05, "Shape_Area": 1.9749067242163216e-10 }, "geometry": { "type": "MultiPolygon", "coordinates": [ [ [ [ 150.582781326000031, -35.036215285999958 ], [ 150.582780795000076, -35.036233304999939 ], [ 150.58279174900008, -35.036233522999964 ], [ 150.582792280000035, -35.036215504999973 ], [ 150.582781326000031, -35.036215285999958 ] ] ] ] } },
{ "type": "Feature", "properties": { "OBJECTID": 6025, "gridcode": 6, "Shape_Length": 5.7963003445207539e-05, "Shape_Area": 1.9747265413703931e-10 }, "geometry": { "type": "MultiPolygon", "coordinates": [ [ [ [ 150.582769311000106, -35.036251104999963 ], [ 150.582768780000038, -35.036269123999944 ], [ 150.582779733000052, -35.036269341999969 ], [ 150.582780264000121, -35.036251323999977 ], [ 150.582769311000106, -35.036251104999963 ] ] ] ] } },
{ "type": "Feature", "properties": { "OBJECTID": 6030, "gridcode": 6, "Shape_Length": 0.00029759511598225331, "Shape_Area": 2.1723891847285762e-09 }, "geometry": { "type": "MultiPolygon", "coordinates": [ [ [ [ 150.581683561000091, -35.036274531999936 ], [ 150.581683296000051, -35.036283540999932 ], [ 150.581694249000066, -35.036283759999947 ], [ 150.581694515000095, -35.036274749999961 ], [ 150.581705469000099, -35.036274968999976 ], [ 150.581706, -35.036256949999938 ], [ 150.581716954000058, -35.036257167999963 ], [ 150.581717219000097, -35.036248158999967 ], [ 150.581728173000101, -35.036248377999982 ], [ 150.581728970000086, -35.036221349999948 ], [ 150.581718016000082, -35.036221130999934 ], [ 150.581717750000053, -35.03623013999993 ], [ 150.581706797000038, -35.036229921999961 ], [ 150.581706531, -35.036238930999957 ], [ 150.581695577000119, -35.036238712999932 ], [ 150.581695312000079, -35.036247721999985 ], [ 150.581673404000071, -35.036247284999945 ], [ 150.581673139000031, -35.03625629499993 ], [ 150.581651231000023, -35.036255857999947 ], [ 150.581650434000039, -35.036282885999981 ], [ 150.581661388000043, -35.036283103999949 ], [ 150.581661654000072, -35.036274094999953 ], [ 150.581683561000091, -35.036274531999936 ] ] ] ] } },
{ "type": "Feature", "properties": { "OBJECTID": 6039, "gridcode": 6, "Shape_Length": 3.9939150877182152e-05, "Shape_Area": 9.8747965445422054e-11 }, "geometry": { "type": "MultiPolygon", "coordinates": [ [ [ [ 150.582338132000018, -35.03637772999997 ], [ 150.582338397000058, -35.036368719999984 ], [ 150.582327443000054, -35.036368501999959 ], [ 150.582327178000014, -35.036377510999955 ], [ 150.582338132000018, -35.03637772999997 ] ] ] ] } },
{ "type": "Feature", "properties": { "OBJECTID": 6047, "gridcode": 6, "Shape_Length": 3.9938180543180039e-05, "Shape_Area": 9.874356999192092e-11 }, "geometry": { "type": "MultiPolygon", "coordinates": [ [ [ [ 150.581701219000024, -35.036419117999969 ], [ 150.581701485000053, -35.036410108999974 ], [ 150.581690531000049, -35.036409889999959 ], [ 150.58169026600001, -35.036418899999944 ], [ 150.581701219000024, -35.036419117999969 ] ] ] ] } },
{ "type": "Feature", "properties": { "OBJECTID": 6050, "gridcode": 6, "Shape_Length": 0.00018166593231309477, "Shape_Area": 1.0861884109515771e-09 }, "geometry": { "type": "MultiPolygon", "coordinates": [ [ [ [ 150.582293254000092, -35.036412892999977 ], [ 150.582292989000052, -35.036421902999962 ], [ 150.582303943000056, -35.03642212099993 ], [ 150.582304208000096, -35.036413111999934 ], [ 150.582326116000104, -35.036413547999985 ], [ 150.58232638100003, -35.036404538999932 ], [ 150.582337335000034, -35.036404757999946 ], [ 150.582337866000103, -35.036386738999965 ], [ 150.582315958000095, -35.036386301999983 ], [ 150.582315693000055, -35.036395310999978 ], [ 150.582293785000047, -35.036394874999928 ], [ 150.582293520000121, -35.036403883999981 ], [ 150.582282566000117, -35.036403665999956 ], [ 150.582282301000077, -35.036412674999951 ], [ 150.582293254000092, -35.036412892999977 ] ] ] ] } },
{ "type": "Feature", "properties": { "OBJECTID": 6053, "gridcode": 6, "Shape_Length": 0.00016364028690918665, "Shape_Area": 6.9122735748044025e-10 }, "geometry": { "type": "MultiPolygon", "coordinates": [ [ [ [ 150.582632556000021, -35.036428671999943 ], [ 150.582654464000029, -35.036429108999982 ], [ 150.582654729000069, -35.03642009899994 ], [ 150.582643775000065, -35.036419880999972 ], [ 150.582644041000094, -35.036410871999976 ], [ 150.582622133000086, -35.036410434999937 ], [ 150.582622399000115, -35.036401425999941 ], [ 150.582611445000111, -35.036401206999983 ], [ 150.582611179000082, -35.036410216999968 ], [ 150.582600226000068, -35.036409997999954 ], [ 150.582599960000039, -35.036419007999939 ], [ 150.582632821000061, -35.036419662999947 ], [ 150.582632556000021, -35.036428671999943 ] ] ] ] } },
{ "type": "Feature", "properties": { "OBJECTID": 6061, "gridcode": 6, "Shape_Length": 0.0001456134152010284, "Shape_Area": 6.9123263997273982e-10 }, "geometry": { "type": "MultiPolygon", "coordinates": [ [ [ [ 150.582227001000092, -35.036429601999941 ], [ 150.582259862000114, -35.03643025699995 ], [ 150.58226012800003, -35.036421247999954 ], [ 150.582282035000048, -35.036421683999947 ], [ 150.582282301000077, -35.036412674999951 ], [ 150.582238485000062, -35.036411800999929 ], [ 150.582238220000022, -35.036420810999971 ], [ 150.582227266000018, -35.036420591999956 ], [ 150.582227001000092, -35.036429601999941 ] ] ] ] } },
{ "type": "Feature", "properties": { "OBJECTID": 6069, "gridcode": 6, "Shape_Length": 0.001683779560670077, "Shape_Area": 4.2558702668604009e-08 }, "geometry": { "type": "MultiPolygon", "coordinates": [ [ [ [ 150.582512595000026, -35.036408250999955 ], [ 150.5825123300001, -35.03641726099994 ], [ 150.582501376000096, -35.036417041999982 ], [ 150.582501907000051, -35.036399023999934 ], [ 150.582512861000055, -35.036399241999959 ], [ 150.582513126000094, -35.036390232999963 ], [ 150.582535034000102, -35.036390668999957 ], [ 150.582535565000057, -35.036372650999965 ], [ 150.582557472000076, -35.036373087999948 ], [ 150.582556941000121, -35.03639110599994 ], [ 150.582545988000106, -35.036390887999971 ], [ 150.582545722000077, -35.036399896999967 ], [ 150.582534768000073, -35.036399678999942 ], [ 150.582534503000034, -35.036408687999938 ], [ 150.582512595000026, -35.036408250999955 ] ], [ [ 150.582500049000032, -35.03646208899994 ], [ 150.582532910000054, -35.036462743999948 ], [ 150.582533706000049, -35.036435715999971 ], [ 150.582544660000053, -35.036435934999929 ], [ 150.582544926000082, -35.036426924999944 ], [ 150.582566833000101, -35.036427361999984 ], [ 150.582567364000056, -35.036409342999946 ], [ 150.58257831800006, -35.03640956199996 ], [ 150.582578584000089, -35.036400551999975 ], [ 150.582611445000111, -35.036401206999983 ], [ 150.582611710000037, -35.03639219799993 ], [ 150.582600757000023, -35.036391979999962 ], [ 150.582602880000081, -35.036319904999971 ], [ 150.582591927000067, -35.036319686999946 ], [ 150.582592458000022, -35.036301667999965 ], [ 150.582581504000018, -35.036301449999939 ], [ 150.582581769000058, -35.036292439999954 ], [ 150.582592723000062, -35.036292658999969 ], [ 150.582592989000091, -35.036283648999984 ], [ 150.582603942000105, -35.036283867999941 ], [ 150.582605270000045, -35.036238820999984 ], [ 150.582594316000041, -35.036238602999958 ], [ 150.582594847000109, -35.036220583999977 ], [ 150.582583893000105, -35.036220364999963 ], [ 150.582584159000021, -35.036211355999967 ], [ 150.582551297, -35.036210700999959 ], [ 150.582550501000014, -35.036237728999936 ], [ 150.58253954700001, -35.036237510999968 ], [ 150.582539282000084, -35.036246519999963 ], [ 150.58252832800008, -35.036246301999938 ], [ 150.582527797000012, -35.03626431999993 ], [ 150.582494936000103, -35.036263664999979 ], [ 150.582495201000029, -35.036254655999983 ], [ 150.582484247000025, -35.036254437999958 ], [ 150.582485840000118, -35.036200381999947 ], [ 150.582474887000103, -35.036200162999933 ], [ 150.582475152000029, -35.036191153999937 ], [ 150.582464198000025, -35.036190935999969 ], [ 150.582464464000054, -35.036181925999983 ], [ 150.58245351000005, -35.036181707999958 ], [ 150.582453245000011, -35.036190716999954 ], [ 150.58244229100012, -35.036190498999929 ], [ 150.582442025000091, -35.036199507999982 ], [ 150.582431072000077, -35.036199289999956 ], [ 150.582430806000048, -35.036208298999952 ], [ 150.582419852000044, -35.036208080999984 ], [ 150.582419056000049, -35.036235108999961 ], [ 150.582408102000045, -35.036234889999946 ], [ 150.582407837000119, -35.036243899999931 ], [ 150.582396883000115, -35.036243680999974 ], [ 150.582396617000086, -35.036252690999959 ], [ 150.582385664000071, -35.036252471999944 ], [ 150.582385398000042, -35.036261481999929 ], [ 150.582374444000038, -35.036261262999972 ], [ 150.582374710000067, -35.036252253999976 ], [ 150.582363756000063, -35.036252035999951 ], [ 150.582361898000045, -35.036315100999957 ], [ 150.582416666000086, -35.036316192999948 ], [ 150.582416932000115, -35.036307182999963 ], [ 150.582460747000027, -35.036308056999928 ], [ 150.582460216000072, -35.036326075999966 ], [ 150.582482123000091, -35.03632651199996 ], [ 150.582481593000011, -35.036344530999941 ], [ 150.582459685000117, -35.036344093999958 ], [ 150.582459154000048, -35.036362112999939 ], [ 150.582448200000044, -35.03636189499997 ], [ 150.582447669000089, -35.036379912999962 ], [ 150.582436715000085, -35.036379694999937 ], [ 150.582436981000114, -35.036370685999941 ], [ 150.582393166000088, -35.036369811999975 ], [ 150.582392900000059, -35.036378820999971 ], [ 150.582381947000044, -35.036378602999946 ], [ 150.582380088000036, -35.036441667999952 ], [ 150.58239104200004, -35.036441886999967 ], [ 150.582390511000085, -35.036459904999958 ], [ 150.582434326000111, -35.036460778999981 ], [ 150.582434591000037, -35.036451769999928 ], [ 150.582500314000072, -35.036453079999944 ], [ 150.582500049000032, -35.03646208899994 ] ] ] ] } },
{ "type": "Feature", "properties": { "OBJECTID": 6074, "gridcode": 6, "Shape_Length": 3.9938180597421149e-05, "Shape_Area": 9.8743570295692143e-11 }, "geometry": { "type": "MultiPolygon", "coordinates": [ [ [ [ 150.581557227000076, -35.036470333999944 ], [ 150.581557492000115, -35.036461324999948 ], [ 150.581546539000101, -35.036461105999933 ], [ 150.581546273000072, -35.036470115999975 ], [ 150.581557227000076, -35.036470333999944 ] ] ] ] } },
{ "type": "Feature", "properties": { "OBJECTID": 6100, "gridcode": 6, "Shape_Length": 3.9938180480401941e-05, "Shape_Area": 9.8743569771141076e-11 }, "geometry": { "type": "MultiPolygon", "coordinates": [ [ [ [ 150.582016223000096, -35.036515545999976 ], [ 150.582016489000011, -35.036506535999933 ], [ 150.582005535000121, -35.036506317999965 ], [ 150.582005270000082, -35.036515326999961 ], [ 150.582016223000096, -35.036515545999976 ] ] ] ] } },
{ "type": "Feature", "properties": { "OBJECTID": 6102, "gridcode": 6, "Shape_Length": 3.9938180543180045e-05, "Shape_Area": 9.874356999192092e-11 }, "geometry": { "type": "MultiPolygon", "coordinates": [ [ [ [ 150.58145731500008, -35.036513414999945 ], [ 150.581457580000119, -35.03650440499996 ], [ 150.581446627000105, -35.036504186999935 ], [ 150.581446361000076, -35.03651319599993 ], [ 150.58145731500008, -35.036513414999945 ] ] ] ] } },
{ "type": "Feature", "properties": { "OBJECTID": 6105, "gridcode": 6, "Shape_Length": 3.9937161043169435e-05, "Shape_Area": 9.8737960551221811e-11 }, "geometry": { "type": "MultiPolygon", "coordinates": [ [ [ [ 150.58222408000006, -35.036528703999977 ], [ 150.5822243450001, -35.036519694999981 ], [ 150.582213392000085, -35.036519476999956 ], [ 150.582213126000056, -35.036528485999952 ], [ 150.58222408000006, -35.036528703999977 ] ] ] ] } },
{ "type": "Feature", "properties": { "OBJECTID": 6108, "gridcode": 6, "Shape_Length": 0.00023963002380367743, "Shape_Area": 1.5799342393102211e-09 }, "geometry": { "type": "MultiPolygon", "coordinates": [ [ [ [ 150.581544680000093, -35.036524171999929 ], [ 150.581588495000119, -35.036525045999952 ], [ 150.581589026000074, -35.036507026999971 ], [ 150.581599980000078, -35.036507244999939 ], [ 150.581600511000033, -35.036489226999947 ], [ 150.581611465000037, -35.036489444999972 ], [ 150.581611996000106, -35.036471425999935 ], [ 150.581590088000098, -35.036470989999941 ], [ 150.581589557000029, -35.036489007999933 ], [ 150.581578603000025, -35.036488789999964 ], [ 150.581578338000099, -35.03649779899996 ], [ 150.581567384000095, -35.036497580999935 ], [ 150.581567118000066, -35.036506589999931 ], [ 150.581556165000052, -35.036506371999963 ], [ 150.581555899000023, -35.036515380999958 ], [ 150.581544945000019, -35.036515161999944 ], [ 150.581544680000093, -35.036524171999929 ] ] ] ] } },
{ "type": "Feature", "properties": { "OBJECTID": 6111, "gridcode": 6, "Shape_Length": 3.9937161034209344e-05, "Shape_Area": 9.8737960511346147e-11 }, "geometry": { "type": "MultiPolygon", "coordinates": [ [ [ [ 150.582278052000106, -35.036556823999945 ], [ 150.582278318000021, -35.036547814999949 ], [ 150.582267364000018, -35.036547596999981 ], [ 150.582267099000092, -35.036556605999976 ], [ 150.582278052000106, -35.036556823999945 ] ] ] ] } },
{ "type": "Feature", "properties": { "OBJECTID": 6116, "gridcode": 6, "Shape_Length": 3.9937161043169435e-05, "Shape_Area": 9.8737960551221811e-11 }, "geometry": { "type": "MultiPolygon", "coordinates": [ [ [ [ 150.581400952000081, -35.036566377999975 ], [ 150.58140121800011, -35.036557368999979 ], [ 150.581390264000106, -35.036557150999954 ], [ 150.581389999000066, -35.03656615999995 ], [ 150.581400952000081, -35.036566377999975 ] ] ] ] } },
{ "type": "Feature", "properties": { "OBJECTID": 6132, "gridcode": 6, "Shape_Length": 3.9939209788780204e-05, "Shape_Area": 9.8748183943131184e-11 }, "geometry": { "type": "MultiPolygon", "coordinates": [ [ [ [ 150.581441580000046, -35.036675363999962 ], [ 150.581441846000075, -35.036666354999966 ], [ 150.581430892000071, -35.036666135999951 ], [ 150.581430626000042, -35.036675145999936 ], [ 150.581441580000046, -35.036675363999962 ] ] ] ] } },
{ "type": "Feature", "properties": { "OBJECTID": 6161, "gridcode": 6, "Shape_Length": 0.00014172789964129003, "Shape_Area": 7.8994926257367865e-10 }, "geometry": { "type": "MultiPolygon", "coordinates": [ [ [ [ 150.580713847000084, -35.036823111999979 ], [ 150.580735755000092, -35.036823548999962 ], [ 150.580736020000018, -35.036814538999977 ], [ 150.580757928000025, -35.03681497599996 ], [ 150.580758459000094, -35.036796957999968 ], [ 150.580736552000076, -35.036796520999928 ], [ 150.580736286000047, -35.036805529999981 ], [ 150.580714378000039, -35.036805092999941 ], [ 150.580713847000084, -35.036823111999979 ] ] ] ] } },
{ "type": "Feature", "properties": { "OBJECTID": 6165, "gridcode": 6, "Shape_Length": 0.0041450580951179466, "Shape_Area": 8.521635695401679e-08 }, "geometry": { "type": "MultiPolygon", "coordinates": [ [ [ [ 150.581309603000022, -35.036690760999932 ], [ 150.581309072000067, -35.036708779999969 ], [ 150.581287164000059, -35.03670834299993 ], [ 150.581287430000089, -35.036699333999934 ], [ 150.581298384000092, -35.036699551999959 ], [ 150.581298649000018, -35.036690542999963 ], [ 150.581309603000022, -35.036690760999932 ] ], [ [ 150.58095430000003, -35.036845937999942 ], [ 150.580954034000115, -35.036854946999938 ], [ 150.580964988000119, -35.036855164999963 ], [ 150.580965519000074, -35.036837146999972 ], [ 150.58095456500007, -35.036836927999957 ], [ 150.580954831000099, -35.036827918999961 ], [ 150.580976739000107, -35.036828355999944 ], [ 150.580976473000078, -35.03683736499994 ], [ 150.580998381000086, -35.03683780199998 ], [ 150.580998646000012, -35.036828792999984 ], [ 150.581031508000024, -35.036829447999935 ], [ 150.581031242000108, -35.036838457999977 ], [ 150.581107919000033, -35.036839986999951 ], [ 150.581108184000072, -35.036830977999955 ], [ 150.581173907000107, -35.03683228899996 ], [ 150.581174439000051, -35.036814269999979 ], [ 150.581185392000066, -35.036814488999937 ], [ 150.581185127000026, -35.036823497999933 ], [ 150.58119608100003, -35.036823716999947 ], [ 150.58119634600007, -35.036814706999962 ], [ 150.581207300000074, -35.036814925999977 ], [ 150.581207566000103, -35.036805915999935 ], [ 150.581229473000121, -35.036806352999974 ], [ 150.581230536000021, -35.036770315999945 ], [ 150.581241490000025, -35.03677053399997 ], [ 150.581241224000109, -35.036779543999955 ], [ 150.581252178000113, -35.036779761999981 ], [ 150.581252444000029, -35.036770752999985 ], [ 150.581263397000043, -35.036770970999953 ], [ 150.581263132000117, -35.036779980999938 ], [ 150.581274086000121, -35.036780198999963 ], [ 150.581274882000116, -35.03675317099993 ], [ 150.58128583600012, -35.036753389999944 ], [ 150.581286102000035, -35.036744379999959 ], [ 150.581308010000043, -35.036744816999942 ], [ 150.581308541000112, -35.03672679899995 ], [ 150.581330448000017, -35.036727235999933 ], [ 150.581330980000075, -35.036709216999952 ], [ 150.58134193300009, -35.036709434999977 ], [ 150.58134166800005, -35.036718444999963 ], [ 150.581352622000054, -35.036718662999931 ], [ 150.581352887000094, -35.036709653999935 ], [ 150.581363841000098, -35.03670987199996 ], [ 150.581363575000069, -35.036718881999946 ], [ 150.581374529000072, -35.036719099999971 ], [ 150.581374795000102, -35.036710090999975 ], [ 150.581385749000106, -35.036710308999943 ], [ 150.581386014000032, -35.036701299999947 ], [ 150.581396968000035, -35.036701517999973 ], [ 150.581398296000089, -35.036656471999947 ], [ 150.581409250000092, -35.036656689999973 ], [ 150.581409516000122, -35.036647680999977 ], [ 150.581420469000022, -35.036647898999945 ], [ 150.581420204000096, -35.03665690899993 ], [ 150.581518788000039, -35.036658874999944 ], [ 150.581519054000069, -35.036649864999958 ], [ 150.581551915000091, -35.036650520999956 ], [ 150.581552446000046, -35.036632501999975 ], [ 150.581574354000054, -35.036632938999958 ], [ 150.581574088000025, -35.036641947999954 ], [ 150.581595996000033, -35.036642384999936 ], [ 150.581596527000102, -35.036624366999945 ], [ 150.581618435000109, -35.036624803999985 ], [ 150.581618966000065, -35.036606784999947 ], [ 150.581640873000083, -35.03660722199993 ], [ 150.581641139000112, -35.036598211999944 ], [ 150.581728769000051, -35.036599959999933 ], [ 150.581728504000012, -35.036608968999928 ], [ 150.58175041100003, -35.036609405999968 ], [ 150.581750942000099, -35.03659138699993 ], [ 150.581739989000084, -35.036591168999962 ], [ 150.581740520000039, -35.036573149999981 ], [ 150.581729566000035, -35.036572931999956 ], [ 150.581729832000065, -35.03656392299996 ], [ 150.581740785000079, -35.036564140999928 ], [ 150.581741317000024, -35.036546121999947 ], [ 150.581752270000038, -35.036546340999962 ], [ 150.581752536000067, -35.036537330999977 ], [ 150.581818259000102, -35.036538641999982 ], [ 150.581818524000028, -35.03652963299993 ], [ 150.581840432000035, -35.036530069999969 ], [ 150.581840963000104, -35.036512050999931 ], [ 150.581873824000013, -35.036512705999939 ], [ 150.581874090000042, -35.036503696999944 ], [ 150.581885044000046, -35.036503914999969 ], [ 150.581885309000086, -35.036494905999973 ], [ 150.581907217000094, -35.036495342999956 ], [ 150.58190748200002, -35.036486332999971 ], [ 150.581918436000024, -35.036486551999928 ], [ 150.581918702000053, -35.036477541999943 ], [ 150.581984424000098, -35.036478852999949 ], [ 150.581984159000058, -35.036487861999944 ], [ 150.581995113000062, -35.036488080999959 ], [ 150.581995378000101, -35.036479070999974 ], [ 150.582017286000109, -35.036479507999957 ], [ 150.582017551000035, -35.036470498999961 ], [ 150.5821380430001, -35.036472900999968 ], [ 150.582137777000071, -35.036481910999953 ], [ 150.582159685000079, -35.036482346999946 ], [ 150.582160216000034, -35.036464328999955 ], [ 150.582171170000038, -35.03646454699998 ], [ 150.582171435000078, -35.036455537999984 ], [ 150.582149528000059, -35.036455100999945 ], [ 150.582149793000099, -35.036446091999949 ], [ 150.582160747000103, -35.036446309999974 ], [ 150.582161012000029, -35.036437300999978 ], [ 150.582117197000116, -35.036436426999956 ], [ 150.582116932000076, -35.036445435999951 ], [ 150.582105978000072, -35.036445217999983 ], [ 150.582106244000101, -35.03643620899993 ], [ 150.582051475000071, -35.03643511699994 ], [ 150.582051209000042, -35.036444125999935 ], [ 150.581952625000099, -35.036442159999979 ], [ 150.581952891000014, -35.036433150999983 ], [ 150.58193098300012, -35.036432713999943 ], [ 150.581931249000036, -35.036423704999947 ], [ 150.581898387000024, -35.036423049999939 ], [ 150.581898122000098, -35.036432058999935 ], [ 150.581854307000071, -35.036431184999969 ], [ 150.581854041000042, -35.036440194999955 ], [ 150.581832134000024, -35.036439757999972 ], [ 150.581831868000108, -35.036448766999968 ], [ 150.581820914000104, -35.036448548999942 ], [ 150.581820649000065, -35.036457557999938 ], [ 150.581798741000057, -35.036457120999955 ], [ 150.581798210000102, -35.036475139999936 ], [ 150.581787256000098, -35.036474920999979 ], [ 150.581786725000029, -35.03649293999996 ], [ 150.58175386400012, -35.036492284999952 ], [ 150.581754129000046, -35.036483274999966 ], [ 150.581743176000032, -35.036483056999941 ], [ 150.581742644000087, -35.036501075999979 ], [ 150.581720737000069, -35.036500638999939 ], [ 150.58172047100004, -35.036509647999935 ], [ 150.581709517000036, -35.036509429999967 ], [ 150.58170925200011, -35.036518438999963 ], [ 150.581698298000106, -35.036518220999938 ], [ 150.581698033000066, -35.036527229999933 ], [ 150.581687079000062, -35.036527011999965 ], [ 150.581686813000033, -35.036536020999961 ], [ 150.581697767000037, -35.036536238999929 ], [ 150.581696970000053, -35.036563266999963 ], [ 150.581686016000049, -35.036563048999938 ], [ 150.581686282000078, -35.036554039999942 ], [ 150.581675328000074, -35.036553820999984 ], [ 150.581675594000103, -35.036544811999931 ], [ 150.581653686000095, -35.036544374999949 ], [ 150.581653421000055, -35.036553383999944 ], [ 150.581598652000025, -35.036552291999953 ], [ 150.581598917000065, -35.036543282999958 ], [ 150.581577010000046, -35.036542845999975 ], [ 150.581577275000086, -35.036533835999933 ], [ 150.581566322000072, -35.036533617999964 ], [ 150.581565790000013, -35.036551636999945 ], [ 150.581500068000082, -35.03655032599994 ], [ 150.581499802000053, -35.036559334999936 ], [ 150.581434079000019, -35.036558024999977 ], [ 150.581433814000093, -35.036567033999972 ], [ 150.581411906000085, -35.036566596999933 ], [ 150.581411640000056, -35.036575605999928 ], [ 150.581389733000037, -35.036575168999946 ], [ 150.581389202000082, -35.036593187999983 ], [ 150.581367294000074, -35.036592750999944 ], [ 150.581367028000045, -35.03660175999994 ], [ 150.581356075000031, -35.036601541999971 ], [ 150.581355809000115, -35.036610550999967 ], [ 150.581344855000111, -35.036610332999942 ], [ 150.581344590000072, -35.036619341999938 ], [ 150.581333636000068, -35.036619123999969 ], [ 150.581333370000038, -35.036628132999965 ], [ 150.581322416000035, -35.03662791499994 ], [ 150.581322151000109, -35.036636923999936 ], [ 150.581311197000105, -35.036636704999978 ], [ 150.581310931000075, -35.036645714999963 ], [ 150.581299978000061, -35.036645495999949 ], [ 150.581299712000032, -35.036654505999934 ], [ 150.581288758000028, -35.036654286999976 ], [ 150.581288227000073, -35.036672305999957 ], [ 150.581277273000069, -35.036672086999943 ], [ 150.581276742000114, -35.03669010599998 ], [ 150.58126578800011, -35.036689886999966 ], [ 150.581265522000081, -35.036698896999951 ], [ 150.581232661000058, -35.036698240999954 ], [ 150.581232395000029, -35.036707250999939 ], [ 150.581221442000015, -35.036707031999981 ], [ 150.58122091000007, -35.036725050999962 ], [ 150.581231864000074, -35.03672526899993 ], [ 150.581231598000045, -35.036734278999973 ], [ 150.58122064500003, -35.036734059999958 ], [ 150.581219848000046, -35.036761087999935 ], [ 150.581208894000042, -35.036760869999966 ], [ 150.581209160000071, -35.036751859999981 ], [ 150.581198206000067, -35.036751641999956 ], [ 150.581196878000014, -35.036796688999971 ], [ 150.58118592400001, -35.036796469999956 ], [ 150.58118618900005, -35.03678746099996 ], [ 150.581175236000036, -35.036787241999946 ], [ 150.581175501000075, -35.03677823299995 ], [ 150.581164547000071, -35.036778013999935 ], [ 150.5811648130001, -35.03676900499994 ], [ 150.581099090000066, -35.036767693999934 ], [ 150.581099356000095, -35.036758684999938 ], [ 150.581033633000061, -35.036757373999933 ], [ 150.58103389900009, -35.036748364999937 ], [ 150.581022945000086, -35.036748145999979 ], [ 150.581022413000028, -35.03676616499996 ], [ 150.580978598000115, -35.036765290999938 ], [ 150.580978067000046, -35.036783308999929 ], [ 150.580890436000118, -35.036781560999941 ], [ 150.580890702000033, -35.036772551999945 ], [ 150.580879748000029, -35.036772332999931 ], [ 150.580879217000074, -35.036790351999969 ], [ 150.580901125000082, -35.036790788999951 ], [ 150.580900859000053, -35.036799797999947 ], [ 150.580933720000075, -35.036800453999945 ], [ 150.580933455000036, -35.03680946299994 ], [ 150.58094440800005, -35.036809681999955 ], [ 150.580943346000026, -35.036845718999984 ], [ 150.58095430000003, -35.036845937999942 ] ] ] ] } },
{ "type": "Feature", "properties": { "OBJECTID": 6169, "gridcode": 6, "Shape_Length": 0.00014172687040304749, "Shape_Area": 6.9122106296852218e-10 }, "geometry": { "type": "MultiPolygon", "coordinates": [ [ [ [ 150.580756599000097, -35.036860022999974 ], [ 150.580756334000057, -35.03686903199997 ], [ 150.580767288000061, -35.036869250999985 ], [ 150.580767819000016, -35.036851231999947 ], [ 150.58077877300002, -35.036851450999961 ], [ 150.58077903800006, -35.036842440999976 ], [ 150.580746177000037, -35.036841785999968 ], [ 150.580745911000122, -35.036850794999964 ], [ 150.580734957000118, -35.036850576999939 ], [ 150.580734692000078, -35.036859585999935 ], [ 150.580756599000097, -35.036860022999974 ] ] ] ] } },
{ "type": "Feature", "properties": { "OBJECTID": 6181, "gridcode": 6, "Shape_Length": 3.9937161040907254e-05, "Shape_Area": 9.8737960536129874e-11 }, "geometry": { "type": "MultiPolygon", "coordinates": [ [ [ [ 150.580611543000032, -35.036947274999932 ], [ 150.580611808000072, -35.036938265999936 ], [ 150.580600855000057, -35.036938047999968 ], [ 150.580600589000028, -35.036947056999963 ], [ 150.580611543000032, -35.036947274999932 ] ] ] ] } },
{ "type": "Feature", "properties": { "OBJECTID": 6184, "gridcode": 6, "Shape_Length": 0.00050506023719932582, "Shape_Area": 5.9246536627924041e-09 }, "geometry": { "type": "MultiPolygon", "coordinates": [ [ [ [ 150.580644404000054, -35.036947930999929 ], [ 150.580666312000062, -35.036948367999969 ], [ 150.580666843000017, -35.036930348999931 ], [ 150.580688751000025, -35.036930785999971 ], [ 150.580689814000038, -35.036894748999941 ], [ 150.580711721000057, -35.036895185999981 ], [ 150.580711987000086, -35.036886176999928 ], [ 150.580657218000056, -35.036885083999948 ], [ 150.580657484000085, -35.036876074999952 ], [ 150.580635576000077, -35.03687563799997 ], [ 150.580635310000048, -35.036884646999965 ], [ 150.580624356000044, -35.03688442899994 ], [ 150.580624622000073, -35.036875418999955 ], [ 150.580613668000069, -35.03687520099993 ], [ 150.580613403000029, -35.036884209999982 ], [ 150.580602449000025, -35.036883991999957 ], [ 150.58060218300011, -35.036893000999953 ], [ 150.580580275000102, -35.03689256399997 ], [ 150.580580010000062, -35.036901572999966 ], [ 150.580569056000058, -35.036901354999941 ], [ 150.580569322000088, -35.036892344999956 ], [ 150.580558368000084, -35.03689212699993 ], [ 150.580557836000025, -35.036910144999979 ], [ 150.580568790000029, -35.036910363999937 ], [ 150.580568525000103, -35.036919372999932 ], [ 150.580612340000016, -35.036920246999955 ], [ 150.580611808000072, -35.036938265999936 ], [ 150.580622762000075, -35.036938484999951 ], [ 150.580623028000105, -35.036929474999965 ], [ 150.580633982000109, -35.03692969399998 ], [ 150.580633716000079, -35.036938702999976 ], [ 150.580644670000083, -35.036938921999933 ], [ 150.580644404000054, -35.036947930999929 ] ] ] ] } },
{ "type": "Feature", "properties": { "OBJECTID": 6189, "gridcode": 6, "Shape_Length": 0.0029105357837626912, "Shape_Area": 1.7882567414894214e-07 }, "geometry": { "type": "MultiPolygon", "coordinates": [ [ [ [ 150.577444560000117, -35.036929123999982 ], [ 150.577510282000048, -35.036930436999967 ], [ 150.577510548000078, -35.036921426999982 ], [ 150.577532456000085, -35.036921864999954 ], [ 150.577533520000088, -35.036885827999981 ], [ 150.577544474000092, -35.03688604599995 ], [ 150.577545006000037, -35.036868027999958 ], [ 150.577566914000045, -35.03686846599993 ], [ 150.577567446000103, -35.036850446999949 ], [ 150.577589353000121, -35.036850884999978 ], [ 150.577589619000037, -35.036841874999936 ], [ 150.577611527000045, -35.036842312999966 ], [ 150.5776109950001, -35.036860330999957 ], [ 150.577654810000013, -35.036861206999959 ], [ 150.577654544000097, -35.036870215999954 ], [ 150.577676452000105, -35.036870653999983 ], [ 150.577675920000047, -35.036888671999975 ], [ 150.577730689000077, -35.036889765999945 ], [ 150.577730423000048, -35.036898774999941 ], [ 150.577741376000063, -35.036898993999955 ], [ 150.577741908000121, -35.036880975999964 ], [ 150.577785724000023, -35.036881850999976 ], [ 150.577786256000081, -35.036863831999938 ], [ 150.5778081630001, -35.036864269999967 ], [ 150.577807897000071, -35.036873278999963 ], [ 150.577829805000079, -35.036873716999935 ], [ 150.577830071000108, -35.03686470699995 ], [ 150.577851979000116, -35.036865144999979 ], [ 150.577852245000031, -35.036856135999983 ], [ 150.577885106000053, -35.03685679199998 ], [ 150.577884840000024, -35.036865800999976 ], [ 150.577895794000028, -35.036866019999934 ], [ 150.577896326000086, -35.036848000999953 ], [ 150.577951095000117, -35.03684909499998 ], [ 150.577951627000061, -35.036831076999931 ], [ 150.577962580000076, -35.036831295999946 ], [ 150.577962314000047, -35.036840304999942 ], [ 150.578038991000085, -35.036841835999951 ], [ 150.578038725000056, -35.036850845999936 ], [ 150.578060633000064, -35.036851282999976 ], [ 150.578060899000093, -35.03684227399998 ], [ 150.578071852000107, -35.036842492999938 ], [ 150.578072118000023, -35.036833482999953 ], [ 150.578083072000027, -35.036833701999967 ], [ 150.578083338000056, -35.036824692999971 ], [ 150.57809429200006, -35.03682491099994 ], [ 150.578094558000089, -35.036815901999944 ], [ 150.578105512000093, -35.036816120999958 ], [ 150.578105778000122, -35.036807111999963 ], [ 150.578127685000027, -35.036807548999946 ], [ 150.578128217000085, -35.036789529999965 ], [ 150.578150125000093, -35.036789967999937 ], [ 150.578151189000096, -35.036753930999964 ], [ 150.578140235000092, -35.03675371199995 ], [ 150.578139969000063, -35.036762720999945 ], [ 150.578118061000055, -35.036762283999963 ], [ 150.578117795000026, -35.036771292999958 ], [ 150.578095888000121, -35.036770855999976 ], [ 150.578096154000036, -35.036761845999933 ], [ 150.578074246000028, -35.036761408999951 ], [ 150.578074778000087, -35.03674338999997 ], [ 150.578052871000068, -35.03674295299993 ], [ 150.578053137000097, -35.036733942999945 ], [ 150.578020275000085, -35.036733286999947 ], [ 150.57802080700003, -35.036715267999966 ], [ 150.577976992000117, -35.036714392999954 ], [ 150.577977258000033, -35.036705383999958 ], [ 150.577900582000098, -35.036703852999949 ], [ 150.577900848000013, -35.036694842999964 ], [ 150.577846079000096, -35.036693748999937 ], [ 150.577846611000041, -35.036675730999946 ], [ 150.577835657000037, -35.036675511999931 ], [ 150.577835923000066, -35.036666502999935 ], [ 150.577824969000062, -35.036666283999978 ], [ 150.57782550100012, -35.03664826499994 ], [ 150.577814548000106, -35.036648045999982 ], [ 150.577814814000021, -35.036639036999929 ], [ 150.577792906000013, -35.036638599999947 ], [ 150.577793172000042, -35.036629589999961 ], [ 150.577771264000035, -35.036629152999978 ], [ 150.577771796000093, -35.036611133999941 ], [ 150.577760843000078, -35.036610914999983 ], [ 150.577761109000107, -35.03660190599993 ], [ 150.577728247000096, -35.036601249999933 ], [ 150.577728513000011, -35.036592239999948 ], [ 150.577739467000015, -35.036592458999962 ], [ 150.577739733000044, -35.036583449999966 ], [ 150.577717826000026, -35.036583011999937 ], [ 150.57771756000011, -35.036592021999979 ], [ 150.577706606000106, -35.036591802999965 ], [ 150.577706872000022, -35.03658279299998 ], [ 150.577695918000018, -35.036582574999954 ], [ 150.577695652000102, -35.03659158399995 ], [ 150.577684698000098, -35.036591364999936 ], [ 150.577684964000014, -35.03658235599994 ], [ 150.577674011000113, -35.036582136999982 ], [ 150.577674277000028, -35.03657312799993 ], [ 150.577663323000024, -35.036572908999972 ], [ 150.577663589000053, -35.036563899999976 ], [ 150.577641681000046, -35.036563461999947 ], [ 150.577641947000075, -35.036554452999951 ], [ 150.57763099400006, -35.036554233999937 ], [ 150.577630728000031, -35.036563242999932 ], [ 150.577619774000027, -35.036563023999975 ], [ 150.577620040000056, -35.036554014999979 ], [ 150.577598132000048, -35.03655357699995 ], [ 150.577598398000077, -35.036544567999954 ], [ 150.577587445000063, -35.036544348999939 ], [ 150.577587711000092, -35.036535339999944 ], [ 150.57755484900008, -35.036534683999946 ], [ 150.577555382000014, -35.036516664999965 ], [ 150.577522520000116, -35.036516008999968 ], [ 150.577520924000055, -35.036570063999932 ], [ 150.577488063000033, -35.036569407999934 ], [ 150.577487265000059, -35.036596435999968 ], [ 150.577465357000051, -35.036595997999939 ], [ 150.577465091000022, -35.036605007999981 ], [ 150.577454137000018, -35.036604788999966 ], [ 150.577453871000102, -35.036613797999962 ], [ 150.577442918000088, -35.036613578999948 ], [ 150.577442651000069, -35.036622588999933 ], [ 150.577409790000047, -35.036621931999946 ], [ 150.577410056000076, -35.03661292299995 ], [ 150.577377195000054, -35.036612265999963 ], [ 150.577377461000083, -35.036603256999967 ], [ 150.577311738000049, -35.036601943999983 ], [ 150.577311206000104, -35.036619962999964 ], [ 150.577322160000108, -35.036620180999932 ], [ 150.577320564000047, -35.036674236999943 ], [ 150.577342471000065, -35.036674674999972 ], [ 150.577342205000036, -35.036683683999968 ], [ 150.577331251000032, -35.036683464999953 ], [ 150.577330453000059, -35.03671049299993 ], [ 150.577352361000067, -35.036710930999959 ], [ 150.577351297000064, -35.036746967999932 ], [ 150.57734034300006, -35.036746748999974 ], [ 150.577339811000115, -35.036764767999955 ], [ 150.57736171800002, -35.036765205999984 ], [ 150.577361186000076, -35.036783223999976 ], [ 150.57737214000008, -35.036783442999933 ], [ 150.57737187400005, -35.036792451999929 ], [ 150.577404735000073, -35.036793108999973 ], [ 150.577403405000041, -35.036838154999941 ], [ 150.577392451000037, -35.036837935999984 ], [ 150.577391653000063, -35.03686496399996 ], [ 150.577413561000071, -35.036865401999933 ], [ 150.577413028000024, -35.03688342099997 ], [ 150.577423982000028, -35.036883638999939 ], [ 150.577423450000083, -35.036901657999977 ], [ 150.577434404000087, -35.036901876999934 ], [ 150.577434138000058, -35.03691088599993 ], [ 150.577445092000062, -35.036911104999945 ], [ 150.577444560000117, -35.036929123999982 ] ] ] ] } },
{ "type": "Feature", "properties": { "OBJECTID": 6209, "gridcode": 6, "Shape_Length": 3.9938180597421149e-05, "Shape_Area": 9.8743570295692143e-11 }, "geometry": { "type": "MultiPolygon", "coordinates": [ [ [ [ 150.579741672000068, -35.037083165999945 ], [ 150.579741937000108, -35.03707415699995 ], [ 150.579730984000093, -35.037073937999935 ], [ 150.579730718000064, -35.037082947999977 ], [ 150.579741672000068, -35.037083165999945 ] ] ] ] } },
{ "type": "Feature", "properties": { "OBJECTID": 6216, "gridcode": 6, "Shape_Length": 7.9877381030762451e-05, "Shape_Area": 3.9498161099774303e-10 }, "geometry": { "type": "MultiPolygon", "coordinates": [ [ [ [ 150.580300318000013, -35.037094313999944 ], [ 150.580322226000021, -35.037094751999973 ], [ 150.58032275700009, -35.037076732999935 ], [ 150.580300849000082, -35.037076295999952 ], [ 150.580300318000013, -35.037094313999944 ] ] ] ] } },
{ "type": "Feature", "properties": { "OBJECTID": 6217, "gridcode": 6, "Shape_Length": 0.00083093905415531862, "Shape_Area": 1.362675302711555e-08 }, "geometry": { "type": "MultiPolygon", "coordinates": [ [ [ [ 150.580431764000082, -35.037096936999944 ], [ 150.580464626000094, -35.037097592999942 ], [ 150.58046489100002, -35.037088583999946 ], [ 150.580475845000024, -35.037088801999971 ], [ 150.580476111000053, -35.037079792999975 ], [ 150.580487065000057, -35.037080010999944 ], [ 150.580487331000086, -35.037071001999948 ], [ 150.5804982840001, -35.037071220999962 ], [ 150.580498550000016, -35.037062210999977 ], [ 150.580520458000024, -35.03706264799996 ], [ 150.580520724000053, -35.037053638999964 ], [ 150.580531677000067, -35.037053856999933 ], [ 150.580532209000012, -35.037035838999941 ], [ 150.58055411600003, -35.037036275999981 ], [ 150.580554648000088, -35.037018256999943 ], [ 150.580543694000085, -35.037018038999975 ], [ 150.580543960000114, -35.037009028999933 ], [ 150.580554914000118, -35.037009247999947 ], [ 150.580554648000088, -35.037018256999943 ], [ 150.580565602000092, -35.037018475999957 ], [ 150.580565867000018, -35.037009465999972 ], [ 150.580576821000022, -35.03700968499993 ], [ 150.580577353000081, -35.036991665999949 ], [ 150.580588307000085, -35.036991884999964 ], [ 150.58058883800004, -35.036973865999983 ], [ 150.580610746000048, -35.036974302999965 ], [ 150.580611011000087, -35.03696529399997 ], [ 150.580600057000083, -35.036965074999955 ], [ 150.580600589000028, -35.036947056999963 ], [ 150.58057868100002, -35.036946619999981 ], [ 150.580578150000065, -35.036964637999972 ], [ 150.580567196000061, -35.036964419999947 ], [ 150.580567727000016, -35.036946400999966 ], [ 150.580556774000115, -35.036946182999941 ], [ 150.58055730500007, -35.03692816399996 ], [ 150.580513490000044, -35.036927289999937 ], [ 150.580512958000099, -35.036945308999975 ], [ 150.580502004000095, -35.036945089999961 ], [ 150.580501473000027, -35.036963108999942 ], [ 150.580490519000023, -35.036962889999984 ], [ 150.580490785000052, -35.036953880999931 ], [ 150.580479831000048, -35.036953661999974 ], [ 150.580479300000093, -35.036971680999955 ], [ 150.580457392000085, -35.036971243999972 ], [ 150.580456860000027, -35.036989261999963 ], [ 150.580478768000035, -35.036989698999946 ], [ 150.58047797100005, -35.03701672699998 ], [ 150.580467017000046, -35.037016508999955 ], [ 150.580466486000091, -35.037034527999936 ], [ 150.580455532000087, -35.037034308999978 ], [ 150.580454469000074, -35.03707034599995 ], [ 150.580432561000066, -35.037069908999968 ], [ 150.580431764000082, -35.037096936999944 ] ] ] ] } },
{ "type": "Feature", "properties": { "OBJECTID": 6224, "gridcode": 6, "Shape_Length": 0.0017562123828521999, "Shape_Area": 5.3322149227840723e-08 }, "geometry": { "type": "MultiPolygon", "coordinates": [ [ [ [ 150.578911839000057, -35.036976455999934 ], [ 150.578911573000028, -35.03698546499993 ], [ 150.578900619000024, -35.036985245999972 ], [ 150.578900885000053, -35.036976236999976 ], [ 150.578911839000057, -35.036976455999934 ] ], [ [ 150.578831705000084, -35.037092045999941 ], [ 150.5788755210001, -35.037092920999953 ], [ 150.578876318000084, -35.037065892999976 ], [ 150.578887272000088, -35.037066110999945 ], [ 150.578888070000062, -35.037039082999968 ], [ 150.578877116000058, -35.037038864999943 ], [ 150.57887844600009, -35.036993817999985 ], [ 150.578889399000104, -35.036994036999943 ], [ 150.578889133000075, -35.037003045999938 ], [ 150.578900087000079, -35.037003264999953 ], [ 150.578900353000108, -35.036994255999957 ], [ 150.578911307000112, -35.036994473999982 ], [ 150.578911041000083, -35.037003483999968 ], [ 150.578943903000095, -35.037004139999965 ], [ 150.578943637000066, -35.037013148999961 ], [ 150.57895459100007, -35.037013367999975 ], [ 150.578953793000096, -35.037040395999952 ], [ 150.578942839000092, -35.037040176999938 ], [ 150.578942573000063, -35.037049185999933 ], [ 150.578931619000059, -35.037048966999976 ], [ 150.57893135300003, -35.037057976999961 ], [ 150.578920400000015, -35.037057757999946 ], [ 150.578919868000071, -35.037075776999984 ], [ 150.578908914000067, -35.03707555799997 ], [ 150.578908648000038, -35.037084566999965 ], [ 150.578974371000072, -35.03708587899996 ], [ 150.578974637000101, -35.037076869999964 ], [ 150.57900749800001, -35.037077525999962 ], [ 150.579007764000039, -35.037068516999966 ], [ 150.579018718000043, -35.037068735999981 ], [ 150.579018452000014, -35.037077744999976 ], [ 150.579095129000052, -35.037079275999929 ], [ 150.579095395000081, -35.037070265999944 ], [ 150.579117303000089, -35.037070703999973 ], [ 150.579117569000118, -35.037061693999931 ], [ 150.579128522000019, -35.037061912999945 ], [ 150.579128788000048, -35.03705290399995 ], [ 150.579139742000052, -35.037053121999975 ], [ 150.579140008000081, -35.037044112999979 ], [ 150.579150962000085, -35.037044331999937 ], [ 150.579152025000099, -35.037008293999975 ], [ 150.579141071000095, -35.03700807599995 ], [ 150.57914133700001, -35.036999065999964 ], [ 150.579119430000105, -35.036998628999982 ], [ 150.57911996100006, -35.036980610999933 ], [ 150.57906519200003, -35.036979516999963 ], [ 150.579065458000059, -35.036970507999968 ], [ 150.579010689000029, -35.036969413999941 ], [ 150.579011221000087, -35.036951395999949 ], [ 150.578989313000079, -35.036950957999977 ], [ 150.57898904700005, -35.036959967999962 ], [ 150.578945232000024, -35.03695909299995 ], [ 150.578944966000108, -35.036968101999946 ], [ 150.578846382000052, -35.036966133999954 ], [ 150.578846648000081, -35.036957124999958 ], [ 150.578759017000039, -35.036955374999934 ], [ 150.578759283000068, -35.036946365999938 ], [ 150.578693560000033, -35.036945053999943 ], [ 150.578693826000062, -35.036936043999958 ], [ 150.57866096500004, -35.036935387999961 ], [ 150.578660433000096, -35.036953406999942 ], [ 150.578649479000092, -35.036953187999984 ], [ 150.578648415000089, -35.036989224999957 ], [ 150.578637461000085, -35.036989006999931 ], [ 150.578635334000069, -35.037061080999933 ], [ 150.578690103000099, -35.03706217499996 ], [ 150.57868983700007, -35.037071183999956 ], [ 150.578755560000104, -35.037072495999951 ], [ 150.578755294000075, -35.037081505999936 ], [ 150.578810064000095, -35.037082598999973 ], [ 150.578810329000021, -35.037073589999977 ], [ 150.578832237000029, -35.03707402699996 ], [ 150.578831705000084, -35.037092045999941 ] ] ] ] } },
{ "type": "Feature", "properties": { "OBJECTID": 6237, "gridcode": 6, "Shape_Length": 0.002435169134278332, "Shape_Area": 7.6428544083147086e-08 }, "geometry": { "type": "MultiPolygon", "coordinates": [ [ [ [ 150.57997840400003, -35.037232124999946 ], [ 150.579977872000086, -35.037250142999937 ], [ 150.57998882600009, -35.037250361999952 ], [ 150.579989092000119, -35.037241352999956 ], [ 150.580000046, -35.037241570999981 ], [ 150.580000312000038, -35.037232561999929 ], [ 150.580011265000053, -35.037232780999943 ], [ 150.580011797000111, -35.037214761999962 ], [ 150.580022751000115, -35.037214979999931 ], [ 150.58002301700003, -35.037205970999935 ], [ 150.580033971000034, -35.037206189999949 ], [ 150.580035034000048, -35.037170151999931 ], [ 150.580056941000066, -35.03717058999996 ], [ 150.580057473000011, -35.037152570999979 ], [ 150.580090334000033, -35.037153226999976 ], [ 150.580090600000062, -35.037144216999934 ], [ 150.580134416000078, -35.037145091999946 ], [ 150.580134947000033, -35.037127072999965 ], [ 150.580156855000041, -35.037127509999948 ], [ 150.58015738600011, -35.037109491999956 ], [ 150.580168340000114, -35.037109709999982 ], [ 150.580168606000029, -35.037100700999929 ], [ 150.580179560000033, -35.037100919999943 ], [ 150.580179294000118, -35.037109928999939 ], [ 150.580168340000114, -35.037109709999982 ], [ 150.580168074000085, -35.037118719999967 ], [ 150.580200936000097, -35.037119374999975 ], [ 150.580201467000052, -35.037101356999983 ], [ 150.580256237000071, -35.037102449999963 ], [ 150.580256502000111, -35.037093439999978 ], [ 150.580245549000097, -35.037093221999953 ], [ 150.580245814000023, -35.037084211999968 ], [ 150.580234861000122, -35.037083993999943 ], [ 150.580235392000077, -35.037065974999962 ], [ 150.580246346000081, -35.037066193999976 ], [ 150.580246877000036, -35.037048174999939 ], [ 150.580268785000044, -35.037048611999978 ], [ 150.580269051000073, -35.037039602999982 ], [ 150.580280005000077, -35.037039820999951 ], [ 150.580279739000048, -35.037048830999936 ], [ 150.580290693000052, -35.037049048999961 ], [ 150.580290958000091, -35.037040039999965 ], [ 150.580312866000099, -35.037040476999948 ], [ 150.580313132000015, -35.037031467999952 ], [ 150.580324086000019, -35.037031685999978 ], [ 150.580324351000058, -35.037022676999982 ], [ 150.580280536000032, -35.037021802999959 ], [ 150.580280270000117, -35.037030811999955 ], [ 150.580269317000102, -35.03703059399993 ], [ 150.580269582000028, -35.037021583999945 ], [ 150.580203859000108, -35.037020272999939 ], [ 150.580203593000078, -35.037029281999935 ], [ 150.580148824000048, -35.037028188999955 ], [ 150.580148559000122, -35.03703719899994 ], [ 150.580137605000118, -35.037036979999982 ], [ 150.580137870000044, -35.037027970999929 ], [ 150.58012691700003, -35.037027751999972 ], [ 150.580126651000114, -35.037036760999968 ], [ 150.580104743000106, -35.037036323999985 ], [ 150.580105009000022, -35.037027314999932 ], [ 150.580094055000018, -35.037027095999974 ], [ 150.580093789000102, -35.03703610599996 ], [ 150.580082835000098, -35.037035886999945 ], [ 150.580082570000059, -35.037044895999941 ], [ 150.580060662000051, -35.037044458999958 ], [ 150.580060396000022, -35.037053468999943 ], [ 150.580049442000018, -35.037053249999929 ], [ 150.580049708000047, -35.037044240999933 ], [ 150.580038754000043, -35.037044021999975 ], [ 150.580038223000088, -35.037062040999956 ], [ 150.580027269000084, -35.037061821999941 ], [ 150.580027535000113, -35.037052812999946 ], [ 150.580016581000109, -35.037052593999931 ], [ 150.580016049000051, -35.037070612999969 ], [ 150.579972234000024, -35.037069737999957 ], [ 150.579972766000083, -35.037051719999965 ], [ 150.579950858000075, -35.037051282999983 ], [ 150.579950592000046, -35.037060291999978 ], [ 150.579873915000121, -35.037058761999958 ], [ 150.579873384000052, -35.03707677999995 ], [ 150.579829568000036, -35.037075905999984 ], [ 150.579829834000066, -35.037066896999931 ], [ 150.579818880000062, -35.037066677999974 ], [ 150.579818614000033, -35.03707568699997 ], [ 150.579807661000018, -35.037075468999944 ], [ 150.579807926000058, -35.037066458999959 ], [ 150.579786019000039, -35.037066021999976 ], [ 150.579786284000079, -35.037057012999981 ], [ 150.579775331000064, -35.037056793999966 ], [ 150.579775065000035, -35.037065803999951 ], [ 150.579764111000031, -35.037065584999937 ], [ 150.579763845000116, -35.037074593999932 ], [ 150.579752891000112, -35.037074375999964 ], [ 150.579752626000072, -35.03708338499996 ], [ 150.579763579000087, -35.037083603999974 ], [ 150.579763314000047, -35.03709261299997 ], [ 150.579697590000023, -35.037091300999975 ], [ 150.579698388000111, -35.037064272999942 ], [ 150.579654573000084, -35.037063398999976 ], [ 150.57965483800001, -35.037054388999934 ], [ 150.579632931000106, -35.037053951999951 ], [ 150.579632399000047, -35.037071970999932 ], [ 150.579621445000043, -35.037071751999974 ], [ 150.579620914000088, -35.037089770999955 ], [ 150.579609960000084, -35.037089551999941 ], [ 150.579608896000082, -35.03712558899997 ], [ 150.579619850000086, -35.037125807999985 ], [ 150.579619053000101, -35.037152835999962 ], [ 150.579640961000109, -35.037153272999944 ], [ 150.57964069500008, -35.03716228299993 ], [ 150.579684510000106, -35.037163156999952 ], [ 150.579684244000077, -35.037172165999948 ], [ 150.579706152000085, -35.037172603999977 ], [ 150.579705089000072, -35.03720864099995 ], [ 150.579716043000076, -35.037208859999964 ], [ 150.579715777000047, -35.03721786899996 ], [ 150.579781500000081, -35.037219180999955 ], [ 150.579782032000026, -35.037201161999974 ], [ 150.579792986000029, -35.037201380999932 ], [ 150.579792720000114, -35.037210389999984 ], [ 150.579803674000118, -35.037210607999953 ], [ 150.579804205000073, -35.037192589999961 ], [ 150.579815159000077, -35.037192807999929 ], [ 150.579815691000022, -35.037174789999938 ], [ 150.579826645000026, -35.037175007999963 ], [ 150.57982637900011, -35.037184017999948 ], [ 150.579837333000114, -35.037184235999973 ], [ 150.57983759800004, -35.037175226999977 ], [ 150.579870460000052, -35.037175882999975 ], [ 150.579870194000023, -35.037184891999971 ], [ 150.579903056000035, -35.037185547999968 ], [ 150.579902790000119, -35.037194556999964 ], [ 150.579891836000115, -35.037194338999939 ], [ 150.579891570000086, -35.037203347999935 ], [ 150.579935386000102, -35.037204221999957 ], [ 150.579935120000073, -35.037213231999942 ], [ 150.579957028000081, -35.037213668999982 ], [ 150.579956496000023, -35.037231687999963 ], [ 150.57997840400003, -35.037232124999946 ] ] ] ] } },
{ "type": "Feature", "properties": { "OBJECTID": 6281, "gridcode": 6, "Shape_Length": 3.9938230233468679e-05, "Shape_Area": 9.8742840303429944e-11 }, "geometry": { "type": "MultiPolygon", "coordinates": [ [ [ [ 150.580105390000085, -35.037757506999981 ], [ 150.580105656000114, -35.037748497999928 ], [ 150.58009470200011, -35.03774827899997 ], [ 150.580094436000081, -35.037757287999966 ], [ 150.580105390000085, -35.037757506999981 ] ] ] ] } },
{ "type": "Feature", "properties": { "OBJECTID": 6284, "gridcode": 6, "Shape_Length": 3.9939209788780211e-05, "Shape_Area": 9.8748183943131184e-11 }, "geometry": { "type": "MultiPolygon", "coordinates": [ [ [ [ 150.580094170000052, -35.037766297999951 ], [ 150.580094436000081, -35.037757287999966 ], [ 150.580083482000077, -35.037757069999941 ], [ 150.580083216000048, -35.037766078999937 ], [ 150.580094170000052, -35.037766297999951 ] ] ] ] } },
{ "type": "Feature", "properties": { "OBJECTID": 6297, "gridcode": 6, "Shape_Length": 3.9939209788780211e-05, "Shape_Area": 9.8748183943131184e-11 }, "geometry": { "type": "MultiPolygon", "coordinates": [ [ [ [ 150.581658194000056, -35.037878629999966 ], [ 150.581658460000085, -35.037869619999981 ], [ 150.581647506000081, -35.037869401999956 ], [ 150.581647240000052, -35.037878410999951 ], [ 150.581658194000056, -35.037878629999966 ] ] ] ] } },
{ "type": "Feature", "properties": { "OBJECTID": 6301, "gridcode": 6, "Shape_Length": 6.1851488937988378e-05, "Shape_Area": 1.97495798377162e-10 }, "geometry": { "type": "MultiPolygon", "coordinates": [ [ [ [ 150.581657929000016, -35.037887638999962 ], [ 150.581679837000024, -35.037888075999945 ], [ 150.581680102000064, -35.037879065999959 ], [ 150.581658194000056, -35.037878629999966 ], [ 150.581657929000016, -35.037887638999962 ] ] ] ] } },
{ "type": "Feature", "properties": { "OBJECTID": 6302, "gridcode": 6, "Shape_Length": 3.9938180536482502e-05, "Shape_Area": 9.8743569967080337e-11 }, "geometry": { "type": "MultiPolygon", "coordinates": [ [ [ [ 150.581690525000113, -35.037897303999955 ], [ 150.581690790000039, -35.03788829399997 ], [ 150.581679837000024, -35.037888075999945 ], [ 150.581679571000109, -35.03789708499994 ], [ 150.581690525000113, -35.037897303999955 ] ] ] ] } },
{ "type": "Feature", "properties": { "OBJECTID": 6305, "gridcode": 6, "Shape_Length": 3.9938190292036139e-05, "Shape_Area": 9.8742574002442651e-11 }, "geometry": { "type": "MultiPolygon", "coordinates": [ [ [ [ 150.581701213000088, -35.037906530999976 ], [ 150.581701479000117, -35.03789752199998 ], [ 150.581690525000113, -35.037897303999955 ], [ 150.581690259000084, -35.037906312999951 ], [ 150.581701213000088, -35.037906530999976 ] ] ] ] } },
{ "type": "Feature", "properties": { "OBJECTID": 6309, "gridcode": 6, "Shape_Length": 3.9939150877182152e-05, "Shape_Area": 9.8747965445422054e-11 }, "geometry": { "type": "MultiPolygon", "coordinates": [ [ [ [ 150.581722856000056, -35.037915977999944 ], [ 150.581723121000095, -35.037906967999959 ], [ 150.581712167000092, -35.037906749999934 ], [ 150.581711902000052, -35.037915758999929 ], [ 150.581722856000056, -35.037915977999944 ] ] ] ] } },
{ "type": "Feature", "properties": { "OBJECTID": 6312, "gridcode": 6, "Shape_Length": 6.1852567206500183e-05, "Shape_Area": 1.9750732121830327e-10 }, "geometry": { "type": "MultiPolygon", "coordinates": [ [ [ [ 150.581733278000115, -35.03793421499995 ], [ 150.581755186, -35.037934651999933 ], [ 150.581755452000039, -35.037925641999948 ], [ 150.581733544000031, -35.037925204999965 ], [ 150.581733278000115, -35.03793421499995 ] ] ] ] } },
{ "type": "Feature", "properties": { "OBJECTID": 6316, "gridcode": 6, "Shape_Length": 6.1852508408503207e-05, "Shape_Area": 1.9750688471026048e-10 }, "geometry": { "type": "MultiPolygon", "coordinates": [ [ [ [ 150.581776829000091, -35.037944097999969 ], [ 150.581798737000099, -35.037944534999951 ], [ 150.581799002000025, -35.037935524999966 ], [ 150.581777094000017, -35.037935087999983 ], [ 150.581776829000091, -35.037944097999969 ] ] ] ] } },
{ "type": "Feature", "properties": { "OBJECTID": 6317, "gridcode": 6, "Shape_Length": 3.9938190292036139e-05, "Shape_Area": 9.8742574002442651e-11 }, "geometry": { "type": "MultiPolygon", "coordinates": [ [ [ [ 150.581809425000074, -35.037953761999972 ], [ 150.581809691000103, -35.037944752999977 ], [ 150.581798737000099, -35.037944534999951 ], [ 150.58179847100007, -35.037953543999947 ], [ 150.581809425000074, -35.037953761999972 ] ] ] ] } },
{ "type": "Feature", "properties": { "OBJECTID": 6325, "gridcode": 6, "Shape_Length": 6.1852567316809514e-05, "Shape_Area": 1.9750732170562189e-10 }, "geometry": { "type": "MultiPolygon", "coordinates": [ [ [ [ 150.581841490000102, -35.037981445999947 ], [ 150.58186339800011, -35.037981882999929 ], [ 150.581863664000025, -35.037972872999944 ], [ 150.581841756000017, -35.037972435999961 ], [ 150.581841490000102, -35.037981445999947 ] ] ] ] } },
{ "type": "Feature", "properties": { "OBJECTID": 6329, "gridcode": 6, "Shape_Length": 6.1851488995938266e-05, "Shape_Area": 1.9749579900735658e-10 }, "geometry": { "type": "MultiPolygon", "coordinates": [ [ [ [ 150.58186313300007, -35.037990891999982 ], [ 150.581885041000078, -35.037991328999965 ], [ 150.581885306000117, -35.03798231899998 ], [ 150.58186339800011, -35.037981882999929 ], [ 150.58186313300007, -35.037990891999982 ] ] ] ] } },
{ "type": "Feature", "properties": { "OBJECTID": 6339, "gridcode": 6, "Shape_Length": 3.9939209788780204e-05, "Shape_Area": 9.8748183943131184e-11 }, "geometry": { "type": "MultiPolygon", "coordinates": [ [ [ [ 150.58171913700005, -35.038042107999956 ], [ 150.581719403000079, -35.038033098999961 ], [ 150.581708449000075, -35.038032879999946 ], [ 150.581708183000046, -35.038041889999931 ], [ 150.58171913700005, -35.038042107999956 ] ] ] ] } },
{ "type": "Feature", "properties": { "OBJECTID": 6347, "gridcode": 6, "Shape_Length": 3.9938131377171548e-05, "Shape_Area": 9.8742356004722945e-11 }, "geometry": { "type": "MultiPolygon", "coordinates": [ [ [ [ 150.581817458000046, -35.038053082999966 ], [ 150.581817723000086, -35.03804407399997 ], [ 150.581806769000082, -35.038043855999945 ], [ 150.581806504000042, -35.038052864999941 ], [ 150.581817458000046, -35.038053082999966 ] ] ] ] } },
{ "type": "Feature", "properties": { "OBJECTID": 6349, "gridcode": 6, "Shape_Length": 0.00045875766149813704, "Shape_Area": 2.4686360753970176e-09 }, "geometry": { "type": "MultiPolygon", "coordinates": [ [ [ [ 150.582025849000047, -35.038048223999965 ], [ 150.582058711000059, -35.038048878999973 ], [ 150.582058977000088, -35.038039869999977 ], [ 150.582069931000092, -35.038040088999935 ], [ 150.582070196000018, -35.03803107899995 ], [ 150.582026380000116, -35.038030205999974 ], [ 150.582026646000031, -35.038021195999931 ], [ 150.581982830000015, -35.038020322999955 ], [ 150.581983095000055, -35.03801131299997 ], [ 150.581939279000039, -35.038010439999937 ], [ 150.581939545000068, -35.038001429999952 ], [ 150.581906683000057, -35.038000774999944 ], [ 150.581906949000086, -35.037991765999948 ], [ 150.581895995000082, -35.037991546999933 ], [ 150.581895463000023, -35.038009565999971 ], [ 150.581928325000035, -35.038010220999979 ], [ 150.581928060000109, -35.038019229999975 ], [ 150.581960922000121, -35.038019885999972 ], [ 150.581960656000092, -35.038028894999968 ], [ 150.582004472000108, -35.038029768999934 ], [ 150.582004207000068, -35.03803877799993 ], [ 150.582026115000076, -35.038039214999969 ], [ 150.582025849000047, -35.038048223999965 ] ] ] ] } },
{ "type": "Feature", "properties": { "OBJECTID": 6350, "gridcode": 6, "Shape_Length": 6.1852508473140264e-05, "Shape_Area": 1.975068853901362e-10 }, "geometry": { "type": "MultiPolygon", "coordinates": [ [ [ [ 150.58177364200003, -35.038052209999933 ], [ 150.581795550000038, -35.038052646999972 ], [ 150.581795815000078, -35.03804363699993 ], [ 150.58177390700007, -35.038043199999947 ], [ 150.58177364200003, -35.038052209999933 ] ] ] ] } },
{ "type": "Feature", "properties": { "OBJECTID": 6352, "gridcode": 6, "Shape_Length": 3.9938190292036139e-05, "Shape_Area": 9.8742574002442651e-11 }, "geometry": { "type": "MultiPolygon", "coordinates": [ [ [ [ 150.58188291600004, -35.038063402999967 ], [ 150.58188318200007, -35.038054393999971 ], [ 150.581872228000066, -35.038054175999946 ], [ 150.581871962000037, -35.038063184999942 ], [ 150.58188291600004, -35.038063402999967 ] ] ] ] } },
{ "type": "Feature", "properties": { "OBJECTID": 6355, "gridcode": 6, "Shape_Length": 3.9939150868229949e-05, "Shape_Area": 9.8747965405517983e-11 }, "geometry": { "type": "MultiPolygon", "coordinates": [ [ [ [ 150.582080088000112, -35.038067334999937 ], [ 150.582080353000038, -35.038058325999941 ], [ 150.582069399000034, -35.038058106999983 ], [ 150.582069134000108, -35.038067116999969 ], [ 150.582080088000112, -35.038067334999937 ] ] ] ] } },
{ "type": "Feature", "properties": { "OBJECTID": 6358, "gridcode": 6, "Shape_Length": 3.993819028977406e-05, "Shape_Area": 9.8742573987322306e-11 }, "geometry": { "type": "MultiPolygon", "coordinates": [ [ [ [ 150.581926466000027, -35.038073285999928 ], [ 150.581926732000056, -35.038064276999933 ], [ 150.581915778000052, -35.038064058999964 ], [ 150.581915512000023, -35.03807306799996 ], [ 150.581926466000027, -35.038073285999928 ] ] ] ] } },
{ "type": "Feature", "properties": { "OBJECTID": 6366, "gridcode": 6, "Shape_Length": 6.1850509294231353e-05, "Shape_Area": 1.9748497694193846e-10 }, "geometry": { "type": "MultiPolygon", "coordinates": [ [ [ [ 150.581959063000113, -35.038082950999978 ], [ 150.581980971000121, -35.038083387999961 ], [ 150.581981236000047, -35.038074378999966 ], [ 150.581959328000039, -35.038073941999983 ], [ 150.581959063000113, -35.038082950999978 ] ] ] ] } },
{ "type": "Feature", "properties": { "OBJECTID": 6373, "gridcode": 6, "Shape_Length": 6.185154784287629e-05, "Shape_Area": 1.974962348229097e-10 }, "geometry": { "type": "MultiPolygon", "coordinates": [ [ [ [ 150.582024521000108, -35.03809327099998 ], [ 150.582046429000115, -35.038093707999963 ], [ 150.582046695000031, -35.038084697999977 ], [ 150.582024787000023, -35.038084261999984 ], [ 150.582024521000108, -35.03809327099998 ] ] ] ] } },
{ "type": "Feature", "properties": { "OBJECTID": 6379, "gridcode": 6, "Shape_Length": 6.1852567799153849e-05, "Shape_Area": 1.9749442290682336e-10 }, "geometry": { "type": "MultiPolygon", "coordinates": [ [ [ [ 150.580295963000026, -35.041700698999932 ], [ 150.580317872000023, -35.041701135999972 ], [ 150.580318138000052, -35.041692126999976 ], [ 150.580296229000055, -35.041691689999936 ], [ 150.580295963000026, -35.041700698999932 ] ] ] ] } },
{ "type": "Feature", "properties": { "OBJECTID": 6381, "gridcode": 6, "Shape_Length": 3.9941209425589327e-05, "Shape_Area": 9.8757193651642267e-11 }, "geometry": { "type": "MultiPolygon", "coordinates": [ [ [ [ 150.580317075000039, -35.041728163999949 ], [ 150.580317341000068, -35.041719154999953 ], [ 150.580306386000075, -35.041718935999938 ], [ 150.580306120000046, -35.04172794599998 ], [ 150.580317075000039, -35.041728163999949 ] ] ] ] } },
{ "type": "Feature", "properties": { "OBJECTID": 6397, "gridcode": 6, "Shape_Length": 3.9941209425584136e-05, "Shape_Area": 9.8757193651642267e-11 }, "geometry": { "type": "MultiPolygon", "coordinates": [ [ [ [ 150.578540038000028, -35.043630833999941 ], [ 150.578540304000057, -35.043621823999956 ], [ 150.578529349000064, -35.043621605999931 ], [ 150.578529083000035, -35.043630614999984 ], [ 150.578540038000028, -35.043630833999941 ] ] ] ] } },
{ "type": "Feature", "properties": { "OBJECTID": 6410, "gridcode": 6, "Shape_Length": 0.00085925230268771725, "Shape_Area": 9.9739339794688058e-09 }, "geometry": { "type": "MultiPolygon", "coordinates": [ [ [ [ 150.578391775000114, -35.043826193999962 ], [ 150.578413684000111, -35.043826631999934 ], [ 150.578413950000026, -35.043817622999939 ], [ 150.578402995000033, -35.043817403999981 ], [ 150.578403261000062, -35.043808393999939 ], [ 150.578414216000056, -35.043808612999953 ], [ 150.578414482000085, -35.043799603999958 ], [ 150.578403527000091, -35.043799384999943 ], [ 150.57840379300012, -35.043790375999947 ], [ 150.578414748000114, -35.043790594999962 ], [ 150.578415014000029, -35.043781584999977 ], [ 150.578404059000036, -35.043781366999951 ], [ 150.578404591000094, -35.04376334799997 ], [ 150.578415546000087, -35.043763566999928 ], [ 150.57841661000009, -35.043727529999956 ], [ 150.578427565000084, -35.043727747999981 ], [ 150.578427831000113, -35.043718738999985 ], [ 150.578416876000119, -35.04371851999997 ], [ 150.578417142000035, -35.043709510999975 ], [ 150.578439052000022, -35.043709947999957 ], [ 150.578438786000106, -35.043718957999943 ], [ 150.578460695000103, -35.043719394999982 ], [ 150.578460961000019, -35.04371038599993 ], [ 150.578482871000119, -35.043710823999959 ], [ 150.578483403000064, -35.043692804999978 ], [ 150.578505312000061, -35.043693241999961 ], [ 150.578505844000119, -35.043675223999969 ], [ 150.578516799000113, -35.043675442999984 ], [ 150.578517331000057, -35.043657423999946 ], [ 150.578528285000061, -35.04365764299996 ], [ 150.578529083000035, -35.043630614999984 ], [ 150.578518129000031, -35.043630395999969 ], [ 150.578517863000116, -35.043639404999965 ], [ 150.578495953000015, -35.043638967999982 ], [ 150.578496751000102, -35.043611939999948 ], [ 150.578485797000099, -35.043611720999934 ], [ 150.578485531000069, -35.043620730999976 ], [ 150.578463621000083, -35.043620292999947 ], [ 150.578463089000024, -35.043638311999985 ], [ 150.578452134000031, -35.04363809299997 ], [ 150.578451336000057, -35.043665120999947 ], [ 150.578440382000053, -35.043664901999932 ], [ 150.578439850000109, -35.04368292099997 ], [ 150.578417940000122, -35.043682482999941 ], [ 150.578418206000038, -35.043673473999945 ], [ 150.57839629700004, -35.043673035999973 ], [ 150.578394701000093, -35.043727091999983 ], [ 150.5783837460001, -35.043726872999969 ], [ 150.578381884, -35.043789937999975 ], [ 150.578392839000117, -35.043790156999933 ], [ 150.578391775000114, -35.043826193999962 ] ] ] ] } },
{ "type": "Feature", "properties": { "OBJECTID": 6411, "gridcode": 6, "Shape_Length": 3.9939209788780211e-05, "Shape_Area": 9.8748183943131184e-11 }, "geometry": { "type": "MultiPolygon", "coordinates": [ [ [ [ 150.578402197000059, -35.043844431999958 ], [ 150.578402463000089, -35.043835421999972 ], [ 150.578391509000085, -35.043835203999947 ], [ 150.578391243000056, -35.043844212999943 ], [ 150.578402197000059, -35.043844431999958 ] ] ] ] } },
{ "type": "Feature", "properties": { "OBJECTID": 6415, "gridcode": 6, "Shape_Length": 9.7908310819056079e-05, "Shape_Area": 4.9376993264084435e-10 }, "geometry": { "type": "MultiPolygon", "coordinates": [ [ [ [ 150.578301210000063, -35.043923545999974 ], [ 150.57832312000005, -35.043923983999946 ], [ 150.578323918000024, -35.043896955999969 ], [ 150.57831296300003, -35.043896736999955 ], [ 150.578312697000115, -35.04390574699994 ], [ 150.578301742000122, -35.043905527999982 ], [ 150.578301210000063, -35.043923545999974 ] ] ] ] } },
{ "type": "Feature", "properties": { "OBJECTID": 6430, "gridcode": 6, "Shape_Length": 0.0005771909074127774, "Shape_Area": 8.2952400152477027e-09 }, "geometry": { "type": "MultiPolygon", "coordinates": [ [ [ [ 150.578393951000066, -35.044123719999959 ], [ 150.578415860000064, -35.044124156999942 ], [ 150.578416392000122, -35.04410613899995 ], [ 150.578438302000109, -35.044106575999933 ], [ 150.578438568000024, -35.044097566999937 ], [ 150.578449523000018, -35.044097785999952 ], [ 150.578449789000047, -35.044088776999956 ], [ 150.578438834000053, -35.044088557999942 ], [ 150.578439100000082, -35.044079548999946 ], [ 150.578428145000089, -35.044079329999931 ], [ 150.578428411000118, -35.044070319999946 ], [ 150.578439366000111, -35.044070538999961 ], [ 150.578439898000056, -35.044052520999969 ], [ 150.578428943000063, -35.044052301999955 ], [ 150.578429209000092, -35.044043292999959 ], [ 150.578418254000098, -35.044043073999944 ], [ 150.578418520000014, -35.044034063999959 ], [ 150.57840756600001, -35.044033845999934 ], [ 150.578407832000039, -35.044024835999949 ], [ 150.578396877000046, -35.04402461799998 ], [ 150.578396611000016, -35.044033626999976 ], [ 150.578385656000023, -35.044033407999962 ], [ 150.578385922000052, -35.044024398999966 ], [ 150.578364013000055, -35.044023960999937 ], [ 150.578364545000113, -35.044005942999945 ], [ 150.57835359000012, -35.044005723999931 ], [ 150.578353856000035, -35.043996714999935 ], [ 150.578331946000048, -35.043996276999962 ], [ 150.578331148000075, -35.044023304999939 ], [ 150.578342103000068, -35.044023523999954 ], [ 150.57834157100001, -35.044041541999945 ], [ 150.578330616000017, -35.044041323999977 ], [ 150.578329552000014, -35.04407736099995 ], [ 150.578362417000108, -35.044078016999947 ], [ 150.578362151000078, -35.044087025999943 ], [ 150.578351196000085, -35.044086807999975 ], [ 150.578350930000056, -35.04409581699997 ], [ 150.578383794000047, -35.044096472999968 ], [ 150.578383262000102, -35.044114491999949 ], [ 150.578394217000096, -35.044114710999963 ], [ 150.578393951000066, -35.044123719999959 ] ] ] ] } }
]
}
