{
"type": "FeatureCollection",
"name": "Worst-case_80dBA",
"crs": { "type": "name", "properties": { "name": "urn:ogc:def:crs:OGC:1.3:CRS84" } },
"features": [
{ "type": "Feature", "properties": { "OBJECTID": 45, "Comments": "Construction noise contour - CnstrContoursEarthworks", "FSource": "MOTTM - noise specialists model run for Rev B", "SourceDate": 20251027.0, "Supplier": "MOTTM", "path_windows": "C:\\Users\\bri86955\\Mott MacDonald\\MGO - Moata Geospatial - JBR2HR\\01Incoming\\20251024_Noise\\Noise shp files Rev B\\Noise Rev B figures\\Metadata\\CnstrContours\\CnstrContoursEarthworks.shp", "path_rootname": "CnstrContoursEarthworks", "IsoValue": 80, "shapefile_type": "shapefile_polygon", "SHAPE_Length": 30.436324590647587, "SHAPE_Area": 70.589249197993382 }, "geometry": { "type": "MultiPolygon", "coordinates": [ [ [ [ 150.578180129478483, -35.026833646883439 ], [ 150.578180430953466, -35.026830895327443 ], [ 150.578182178764422, -35.026825663880246 ], [ 150.578185332939967, -35.026820569592786 ], [ 150.578189738183227, -35.026815713032221 ], [ 150.578195239117434, -35.026811197468476 ], [ 150.578201681514514, -35.02680712439146 ], [ 150.578208907860613, -35.026803595225516 ], [ 150.578216762805965, -35.026800712339671 ], [ 150.578225093217895, -35.026798577245813 ], [ 150.578233741556318, -35.026797292269251 ], [ 150.578242552498267, -35.026796958878236 ], [ 150.578249703299804, -35.026797437909799 ], [ 150.578258159387389, -35.026798842664817 ], [ 150.578266348216914, -35.026801059709875 ], [ 150.57827411710835, -35.026803989539864 ], [ 150.578281318857847, -35.026807532758959 ], [ 150.578287800758659, -35.02681159076301 ], [ 150.578293413416247, -35.026816064112552 ], [ 150.57829800743599, -35.026820853368115 ], [ 150.578301431232717, -35.026825859046475 ], [ 150.578303535385032, -35.026830982609084 ], [ 150.578304169429543, -35.026836123693649 ], [ 150.578302157505931, -35.026843769396443 ], [ 150.57829892510108, -35.026848729609938 ], [ 150.578294382956813, -35.026853397739558 ], [ 150.578288702293293, -35.026857690663547 ], [ 150.578282056547721, -35.026861524402889 ], [ 150.578274618062295, -35.026864814956788 ], [ 150.578266558030805, -35.026867480104393 ], [ 150.57825804876893, -35.026869436745898 ], [ 150.578249262619096, -35.026870600880549 ], [ 150.578240370801836, -35.026870889386736 ], [ 150.578229948928367, -35.026870033131658 ], [ 150.578221131919491, -35.026868306557006 ], [ 150.578212745361952, -35.026865770949854 ], [ 150.578204956227609, -35.026862524298096 ], [ 150.578197932556805, -35.026858665512378 ], [ 150.578191840172821, -35.026854294360625 ], [ 150.578186846073663, -35.026849507929803 ], [ 150.578183118299535, -35.026844405130639 ], [ 150.578180823768491, -35.026839085752876 ], [ 150.578180129478483, -35.026833646883439 ] ] ] ] } },
{ "type": "Feature", "properties": { "OBJECTID": 46, "Comments": "Construction noise contour - CnstrContoursEarthworks", "FSource": "MOTTM - noise specialists model run for Rev B", "SourceDate": 20251027.0, "Supplier": "MOTTM", "path_windows": "C:\\Users\\bri86955\\Mott MacDonald\\MGO - Moata Geospatial - JBR2HR\\01Incoming\\20251024_Noise\\Noise shp files Rev B\\Noise Rev B figures\\Metadata\\CnstrContours\\CnstrContoursEarthworks.shp", "path_rootname": "CnstrContoursEarthworks", "IsoValue": 80, "shapefile_type": "shapefile_polygon", "SHAPE_Length": 43.830001760879846, "SHAPE_Area": 149.50951291958592 }, "geometry": { "type": "MultiPolygon", "coordinates": [ [ [ [ 150.57780982646193, -35.024316967633119 ], [ 150.577811546809841, -35.024305387534881 ], [ 150.577814435930492, -35.024297686336993 ], [ 150.577818556032554, -35.024290716469906 ], [ 150.577823779326735, -35.024284500622464 ], [ 150.577829975806878, -35.024279062340632 ], [ 150.577837018752518, -35.024274425236044 ], [ 150.577844777062467, -35.024270612832829 ], [ 150.577853124016372, -35.024267648742651 ], [ 150.577861930703705, -35.024265556533436 ], [ 150.577871067171714, -35.024264357949427 ], [ 150.577880406620579, -35.024264079305162 ], [ 150.577891964488998, -35.02426501235739 ], [ 150.577900511025916, -35.024266610950313 ], [ 150.577908822971125, -35.02426895487546 ], [ 150.577916773891673, -35.024272020874371 ], [ 150.577924235137687, -35.024275786545793 ], [ 150.577931082466563, -35.024280228675075 ], [ 150.577937186133028, -35.024285324839141 ], [ 150.577942420825764, -35.024291050900587 ], [ 150.577946658963128, -35.024297385380976 ], [ 150.577949772990138, -35.024304305901019 ], [ 150.577951637621709, -35.024311787422306 ], [ 150.577952124154194, -35.024319809345457 ], [ 150.577951644875355, -35.024325355493801 ], [ 150.577950571070801, -35.024330995240902 ], [ 150.577948937282031, -35.024336746404337 ], [ 150.577946781299346, -35.024342553848001 ], [ 150.577944137521115, -35.024348365973921 ], [ 150.577941042642465, -35.0243541276241 ], [ 150.577937533252225, -35.0243597872443 ], [ 150.577933647087605, -35.024365291500281 ], [ 150.577929419722039, -35.024370586113136 ], [ 150.57792488667576, -35.024375618605809 ], [ 150.577920085686031, -35.024380335644075 ], [ 150.577915052299829, -35.024384683849945 ], [ 150.577909824254476, -35.024388609889215 ], [ 150.577904436001717, -35.024392060362068 ], [ 150.577898925252356, -35.024394982835211 ], [ 150.577893328648599, -35.024397323952591 ], [ 150.577887681737508, -35.024399030336241 ], [ 150.57788202228312, -35.024400047751065 ], [ 150.577876385805922, -35.024400323720066 ], [ 150.577868374875266, -35.024399365042903 ], [ 150.577862744816116, -35.024397752573556 ], [ 150.577857247367461, -35.024395434201949 ], [ 150.577851908128366, -35.024392470837427 ], [ 150.577846758173905, -35.02438892349862 ], [ 150.577841824251465, -35.024384851314849 ], [ 150.577837134176974, -35.024380314338217 ], [ 150.577832719025508, -35.02437537358739 ], [ 150.577828604449053, -35.02437008816981 ], [ 150.577824820400792, -35.024364519983202 ], [ 150.577821393654546, -35.024358727255944 ], [ 150.577818355285217, -35.024352771006704 ], [ 150.577815730918161, -35.024346711243872 ], [ 150.577813549464423, -35.02434060804142 ], [ 150.577811839808419, -35.024334522374261 ], [ 150.577810630887654, -35.024328513415455 ], [ 150.5778099504914, -35.024322642118015 ], [ 150.57780982646193, -35.024316967633119 ] ] ] ] } },
{ "type": "Feature", "properties": { "OBJECTID": 47, "Comments": "Construction noise contour - CnstrContoursEarthworks", "FSource": "MOTTM - noise specialists model run for Rev B", "SourceDate": 20251027.0, "Supplier": "MOTTM", "path_windows": "C:\\Users\\bri86955\\Mott MacDonald\\MGO - Moata Geospatial - JBR2HR\\01Incoming\\20251024_Noise\\Noise shp files Rev B\\Noise Rev B figures\\Metadata\\CnstrContours\\CnstrContoursEarthworks.shp", "path_rootname": "CnstrContoursEarthworks", "IsoValue": 80, "shapefile_type": "shapefile_polygon", "SHAPE_Length": 50.031967180593433, "SHAPE_Area": 111.52818016842512 }, "geometry": { "type": "MultiPolygon", "coordinates": [ [ [ [ 150.576783997337998, -35.02371660324529 ], [ 150.5767840170451, -35.023710999241835 ], [ 150.57678412357393, -35.023705238315479 ], [ 150.576784311057622, -35.02369918512948 ], [ 150.576784572796498, -35.023692881017325 ], [ 150.576784903212769, -35.023686366433388 ], [ 150.576785295660017, -35.023679680909289 ], [ 150.576785744587056, -35.023672863998485 ], [ 150.576786245431464, -35.023665958880073 ], [ 150.576786790504855, -35.023659003261891 ], [ 150.576787374202752, -35.023652038499293 ], [ 150.57678799094748, -35.023645105046668 ], [ 150.576788635161165, -35.023638243358434 ], [ 150.576789300197447, -35.023631492966203 ], [ 150.576789981520534, -35.0236248961481 ], [ 150.576790670346867, -35.023618490590103 ], [ 150.576791364304427, -35.023612319515088 ], [ 150.576792054609712, -35.023606420608978 ], [ 150.576792736726873, -35.023600836149981 ], [ 150.576793405104809, -35.02359560569154 ], [ 150.576794051948752, -35.023590770545255 ], [ 150.576799665860221, -35.023562862521786 ], [ 150.576806029101931, -35.023558197473484 ], [ 150.576817816120609, -35.023565061423938 ], [ 150.576831725804794, -35.023591523224702 ], [ 150.576832903869416, -35.023594528801461 ], [ 150.576834772051484, -35.02359951065143 ], [ 150.576836674843321, -35.023604842059129 ], [ 150.576838591431454, -35.02361048564871 ], [ 150.576840505383217, -35.023616404131914 ], [ 150.576842398048882, -35.023622561077595 ], [ 150.576844253022443, -35.023628918296524 ], [ 150.576846049490342, -35.023635438412889 ], [ 150.576847772115116, -35.023642084160258 ], [ 150.576849401178407, -35.023648818184725 ], [ 150.576850919125718, -35.023655604077035 ], [ 150.576852308482302, -35.023662402725144 ], [ 150.576853549503227, -35.023669177676062 ], [ 150.576854626824371, -35.023675892564285 ], [ 150.576855519685324, -35.023682508212161 ], [ 150.576856212748595, -35.023688987353268 ], [ 150.576856686242564, -35.023695294435541 ], [ 150.576856922692514, -35.023701390346915 ], [ 150.576856903448629, -35.0237072386563 ], [ 150.576856610982958, -35.023712802053467 ], [ 150.576856027794122, -35.02371804232736 ], [ 150.576853094072874, -35.023730147160123 ], [ 150.576848535802696, -35.023739781979884 ], [ 150.576842688974466, -35.023747406935165 ], [ 150.576835927288869, -35.023753207080063 ], [ 150.576828626610734, -35.023757368413499 ], [ 150.576821163953241, -35.023760075154435 ], [ 150.576813911895727, -35.023761513236323 ], [ 150.576807248493338, -35.023761868702046 ], [ 150.576798461506939, -35.023760399547463 ], [ 150.576790209910484, -35.02375356476189 ], [ 150.576785546605919, -35.023739550296099 ], [ 150.576783997337998, -35.02371660324529 ] ] ] ] } },
{ "type": "Feature", "properties": { "OBJECTID": 48, "Comments": "Construction noise contour - CnstrContoursEarthworks", "FSource": "MOTTM - noise specialists model run for Rev B", "SourceDate": 20251027.0, "Supplier": "MOTTM", "path_windows": "C:\\Users\\bri86955\\Mott MacDonald\\MGO - Moata Geospatial - JBR2HR\\01Incoming\\20251024_Noise\\Noise shp files Rev B\\Noise Rev B figures\\Metadata\\CnstrContours\\CnstrContoursEarthworks.shp", "path_rootname": "CnstrContoursEarthworks", "IsoValue": 80, "shapefile_type": "shapefile_polygon", "SHAPE_Length": 114.71739483102904, "SHAPE_Area": 855.44318812479503 }, "geometry": { "type": "MultiPolygon", "coordinates": [ [ [ [ 150.578664271906973, -35.023050139613254 ], [ 150.578652253492351, -35.023043798577262 ], [ 150.578643430871665, -35.023038486807337 ], [ 150.578635033617331, -35.02303283466216 ], [ 150.578627071267249, -35.023026853149808 ], [ 150.578619548898615, -35.023020555893694 ], [ 150.578612476075875, -35.023013953000927 ], [ 150.578605861214982, -35.02300705635863 ], [ 150.578599710514993, -35.022999878711119 ], [ 150.578594032445011, -35.022992430143653 ], [ 150.578588835367867, -35.022984724345228 ], [ 150.57858412556223, -35.022976771357307 ], [ 150.578580493890286, -35.022969790036001 ], [ 150.578576863246639, -35.022961808110324 ], [ 150.578573638133236, -35.022953563841462 ], [ 150.578570798458827, -35.022945032488842 ], [ 150.578568321968476, -35.022936188367176 ], [ 150.578566186460364, -35.022927003989352 ], [ 150.578564371869959, -35.022917453713802 ], [ 150.578562854847064, -35.022907511833395 ], [ 150.578561616422292, -35.022897152728447 ], [ 150.578560634393909, -35.022886348911804 ], [ 150.578559885411693, -35.022875074676321 ], [ 150.578559350532913, -35.022863303501367 ], [ 150.578559124121227, -35.022856045803621 ], [ 150.578558964361719, -35.022848646103796 ], [ 150.578558868612049, -35.022841119673998 ], [ 150.578558834953071, -35.02283349442132 ], [ 150.578558860343918, -35.022825799131873 ], [ 150.578558943933928, -35.022818062635523 ], [ 150.578559083750861, -35.022810314641191 ], [ 150.578559276753737, -35.022802583935025 ], [ 150.578559522145184, -35.022794897545005 ], [ 150.578559816804557, -35.022787286960053 ], [ 150.578560158865827, -35.02277977828539 ], [ 150.578560547425326, -35.022772402152725 ], [ 150.57856098056385, -35.022765186469123 ], [ 150.578561454118727, -35.022758160899791 ], [ 150.578561968361214, -35.022751353395527 ], [ 150.578562520223812, -35.022744793643383 ], [ 150.578563107787346, -35.022738509550429 ], [ 150.578563729106122, -35.022732529924646 ], [ 150.578564382207873, -35.022726884474991 ], [ 150.578565065173393, -35.022721601108522 ], [ 150.578572026819728, -35.022693823560509 ], [ 150.578584073319035, -35.022682903935213 ], [ 150.578606005317226, -35.02268038047454 ], [ 150.578611293954225, -35.022680561778657 ], [ 150.578618096550741, -35.022680982446388 ], [ 150.578625398050406, -35.022681615903025 ], [ 150.578633123097831, -35.022682453432402 ], [ 150.57864119858101, -35.02268348456024 ], [ 150.578649552456511, -35.022684699735031 ], [ 150.57865810824714, -35.022686091119745 ], [ 150.578666793962611, -35.022687647361082 ], [ 150.578675536411225, -35.022689360687636 ], [ 150.578684259195427, -35.022691220559594 ], [ 150.578692891366956, -35.022693217447461 ], [ 150.578701357570282, -35.02269534263521 ], [ 150.578709584666711, -35.022697586549647 ], [ 150.578717499544297, -35.022699938716649 ], [ 150.578725026820734, -35.022702391321189 ], [ 150.578743989321737, -35.022709927487632 ], [ 150.57875535900078, -35.022715932839454 ], [ 150.578765247593282, -35.022722701912244 ], [ 150.578773805859242, -35.02273039907795 ], [ 150.578781184425679, -35.022739193213063 ], [ 150.578787530767045, -35.022749248623718 ], [ 150.578792997780596, -35.022760731527256 ], [ 150.578795505324223, -35.02276722344417 ], [ 150.578797742643616, -35.022773848792184 ], [ 150.578799811438955, -35.022780837671846 ], [ 150.578801718706558, -35.022788175799384 ], [ 150.5788034702679, -35.022795851571978 ], [ 150.578805069753997, -35.022803853343099 ], [ 150.578806524134649, -35.022812167729917 ], [ 150.578807837067444, -35.022820782184972 ], [ 150.578809014400463, -35.022829684204488 ], [ 150.578810060859809, -35.022838862163809 ], [ 150.578810983415337, -35.022848302680103 ], [ 150.578811785698065, -35.022857994106786 ], [ 150.578812474651215, -35.022867923962039 ], [ 150.578813052863694, -35.02287807877552 ], [ 150.578813528320836, -35.022888447889102 ], [ 150.578813820486999, -35.02289637488412 ], [ 150.578814056357544, -35.022904390000257 ], [ 150.578814237745235, -35.022912468934187 ], [ 150.578814365367634, -35.022920587360723 ], [ 150.578814438900253, -35.022928719130903 ], [ 150.578814460155797, -35.02293683994143 ], [ 150.57881442768803, -35.022944924522413 ], [ 150.57881434440489, -35.022952948592398 ], [ 150.578814208860109, -35.022960886881521 ], [ 150.578814021797854, -35.022968714163632 ], [ 150.578813785057378, -35.022976405234495 ], [ 150.578813498234524, -35.022983936647947 ], [ 150.578813162099976, -35.022991282276948 ], [ 150.578812776276095, -35.022998417774417 ], [ 150.578812342628822, -35.023005317035171 ], [ 150.578811860753888, -35.023011956613061 ], [ 150.578811332490716, -35.023018311303815 ], [ 150.578810756419529, -35.023024354936659 ], [ 150.578810134326602, -35.0230300641092 ], [ 150.578809466956045, -35.023035413595281 ], [ 150.578806922266892, -35.02305020359649 ], [ 150.578800274220015, -35.023067388907805 ], [ 150.578789010505886, -35.023075955132832 ], [ 150.578771104244197, -35.023078042449647 ], [ 150.578766861414096, -35.023077884733368 ], [ 150.578759918236273, -35.023077362105923 ], [ 150.578752415283503, -35.023076498367729 ], [ 150.578744432345815, -35.023075300520262 ], [ 150.578736050441307, -35.023073771082295 ], [ 150.578727349413214, -35.02307191525346 ], [ 150.578718410253003, -35.023069736453465 ], [ 150.578709312803852, -35.023067239882018 ], [ 150.578700139125857, -35.023064429881686 ], [ 150.578690966898421, -35.023061310707533 ], [ 150.578681878181641, -35.023057886702162 ], [ 150.578672952871699, -35.023054161263495 ], [ 150.578664271906973, -35.023050139613254 ] ] ] ] } },
{ "type": "Feature", "properties": { "OBJECTID": 49, "Comments": "Construction noise contour - CnstrContoursEarthworks", "FSource": "MOTTM - noise specialists model run for Rev B", "SourceDate": 20251027.0, "Supplier": "MOTTM", "path_windows": "C:\\Users\\bri86955\\Mott MacDonald\\MGO - Moata Geospatial - JBR2HR\\01Incoming\\20251024_Noise\\Noise shp files Rev B\\Noise Rev B figures\\Metadata\\CnstrContours\\CnstrContoursEarthworks.shp", "path_rootname": "CnstrContoursEarthworks", "IsoValue": 80, "shapefile_type": "shapefile_polygon", "SHAPE_Length": 867.55162653890557, "SHAPE_Area": 14107.557853231405 }, "geometry": { "type": "MultiPolygon", "coordinates": [ [ [ [ 150.580720349492822, -35.016763089573701 ], [ 150.580720613776208, -35.016756575449747 ], [ 150.58072094610128, -35.016751024546053 ], [ 150.580721405652554, -35.016745060604464 ], [ 150.580722005040343, -35.016738701905822 ], [ 150.580722758959013, -35.016731970378352 ], [ 150.580723681087505, -35.016724885225621 ], [ 150.580724786120129, -35.016717468375866 ], [ 150.580726087709195, -35.016709739933603 ], [ 150.580727599533532, -35.016701719102436 ], [ 150.580729336314079, -35.016693426909619 ], [ 150.580731310581427, -35.016684884338765 ], [ 150.580733537082978, -35.01667611151624 ], [ 150.580736030592732, -35.016667127667446 ], [ 150.580738803588133, -35.016657955577841 ], [ 150.58074187196479, -35.016648613593745 ], [ 150.580745248226776, -35.016639123599681 ], [ 150.580748946052893, -35.016629504799205 ], [ 150.580752980163936, -35.016619778219578 ], [ 150.580755424386467, -35.016614214447088 ], [ 150.580758760575634, -35.016606939454405 ], [ 150.580762262384951, -35.016599621790107 ], [ 150.580765913308085, -35.016592263829331 ], [ 150.580769701165991, -35.016584869836528 ], [ 150.5807736095054, -35.016577440384985 ], [ 150.580777623930544, -35.016569980596344 ], [ 150.580781730178359, -35.016562491087633 ], [ 150.580785912758046, -35.016554976958638 ], [ 150.580790158475082, -35.016547439749154 ], [ 150.580794450823106, -35.016539881834348 ], [ 150.580798776554644, -35.016532306555874 ], [ 150.580803120205331, -35.016524718112628 ], [ 150.580807467512187, -35.016517117121602 ], [ 150.580811804132622, -35.016509506902608 ], [ 150.580816114602243, -35.016501891654578 ], [ 150.580820383536519, -35.016494272873572 ], [ 150.580824598782954, -35.016486653923117 ], [ 150.580828743835355, -35.016479037178428 ], [ 150.580832804351047, -35.016471425959288 ], [ 150.580836764892325, -35.016463823563704 ], [ 150.580840612264836, -35.01645623153145 ], [ 150.580844331030846, -35.016448653160538 ], [ 150.580847906847765, -35.01644109177078 ], [ 150.58085132430449, -35.016433549759249 ], [ 150.580855770644661, -35.0164231453819 ], [ 150.580859468048715, -35.016413837574341 ], [ 150.580862935326138, -35.0164044188042 ], [ 150.580866184324066, -35.016394821697894 ], [ 150.580869230201472, -35.016384978046418 ], [ 150.580872085927069, -35.01637481959709 ], [ 150.580874766659832, -35.01636427814087 ], [ 150.580877286436987, -35.016353286347879 ], [ 150.580879659348909, -35.016341775086282 ], [ 150.580881899432882, -35.016329677026171 ], [ 150.580884019657475, -35.016316923914829 ], [ 150.580886036250234, -35.016303448466026 ], [ 150.580887961111159, -35.016289181504277 ], [ 150.580889809372593, -35.01627405572146 ], [ 150.580891595098223, -35.016258002886723 ], [ 150.580893332351764, -35.016240954769181 ], [ 150.580895035196903, -35.016222843137939 ], [ 150.580896717670782, -35.016203600663083 ], [ 150.580898393836975, -35.016183159113702 ], [ 150.580900077759168, -35.016161450258934 ], [ 150.580900511420765, -35.016155694939457 ], [ 150.580900938352357, -35.016149944894536 ], [ 150.580901367646561, -35.016144114666325 ], [ 150.580901798128593, -35.0161382069358 ], [ 150.580902229771908, -35.016132222603879 ], [ 150.580902662496868, -35.016126164373382 ], [ 150.58090309625041, -35.016120034046189 ], [ 150.58090353095281, -35.016113834325097 ], [ 150.580903966524517, -35.016107567912918 ], [ 150.58090440406059, -35.016101234831467 ], [ 150.580904842333183, -35.0160948395636 ], [ 150.58090528024718, -35.016088382087496 ], [ 150.580905720981747, -35.016081866072376 ], [ 150.580906161198442, -35.016075293254644 ], [ 150.580906603060924, -35.016068664578867 ], [ 150.580907045341377, -35.016061984527894 ], [ 150.58090748803977, -35.016055253101747 ], [ 150.580907932171584, -35.016048473025066 ], [ 150.58090837658861, -35.016041646077866 ], [ 150.580908821184693, -35.016034775863901 ], [ 150.580909267028318, -35.016027863305943 ], [ 150.580909712971362, -35.016020910184025 ], [ 150.580910160029248, -35.0160139192228 ], [ 150.580910607053767, -35.016006892202292 ], [ 150.580911053965309, -35.015999831825305 ], [ 150.5809115018059, -35.015992739915561 ], [ 150.580911950548938, -35.015985617373985 ], [ 150.580912398966575, -35.015978468683407 ], [ 150.580912848154014, -35.015971293865704 ], [ 150.580913296909841, -35.015964096502756 ], [ 150.580913746302684, -35.015956877517311 ], [ 150.580914195157789, -35.015949639590374 ], [ 150.580914644490633, -35.015942385446593 ], [ 150.580915094274616, -35.015935115986892 ], [ 150.580915544430155, -35.015927833914056 ], [ 150.580915993809015, -35.015920541008164 ], [ 150.580916443426673, -35.015913239993814 ], [ 150.580916892134923, -35.01590593265108 ], [ 150.580917342070933, -35.015898620825482 ], [ 150.580917790964804, -35.015891307176169 ], [ 150.580918239858505, -35.015883993526835 ], [ 150.580918688699057, -35.015876681679359 ], [ 150.580919136311621, -35.015869374314704 ], [ 150.580919584833367, -35.015862073278441 ], [ 150.580920031994395, -35.015854781229685 ], [ 150.580920479958422, -35.015847499113043 ], [ 150.580920926455576, -35.015840229587639 ], [ 150.580921372501336, -35.015832975378132 ], [ 150.580921818042555, -35.015825738286409 ], [ 150.58092226305277, -35.015818519213376 ], [ 150.580922707425742, -35.01581132176279 ], [ 150.580923151108379, -35.01580414773651 ], [ 150.580923595142735, -35.01579699895828 ], [ 150.580924037285484, -35.015789877186265 ], [ 150.580924478552078, -35.015782785145106 ], [ 150.580924919957994, -35.015775725559486 ], [ 150.580925359313028, -35.015768698385685 ], [ 150.580925798674656, -35.015761708172072 ], [ 150.580926236921243, -35.015754755797765 ], [ 150.58092667399967, -35.015747843064624 ], [ 150.580927109803781, -35.015740973576378 ], [ 150.580927545428665, -35.015734147354884 ], [ 150.580927978577961, -35.015727367960189 ], [ 150.580928411388726, -35.01572063723787 ], [ 150.580928843807925, -35.015713956989771 ], [ 150.580929273565658, -35.015707329875049 ], [ 150.580929702825671, -35.015700756838292 ], [ 150.580930131481722, -35.015694241483246 ], [ 150.580930557290515, -35.015687785568126 ], [ 150.580930982415708, -35.015681390037528 ], [ 150.580931406751176, -35.015675058495191 ], [ 150.580931829175199, -35.015668791820246 ], [ 150.580932249581622, -35.015662593616398 ], [ 150.580932669065561, -35.015656463905501 ], [ 150.58093308639917, -35.015650407170405 ], [ 150.580933502677567, -35.01564442343291 ], [ 150.580933916699479, -35.015638516274969 ], [ 150.580934329533449, -35.015632686619334 ], [ 150.580934741099838, -35.015626937168832 ], [ 150.580935150223894, -35.015621270604392 ], [ 150.58093691552719, -35.015597505324898 ], [ 150.580938498359814, -35.015577180904906 ], [ 150.580940053637335, -35.015558089139709 ], [ 150.580941586105268, -35.01554018054339 ], [ 150.580943096128607, -35.015523405542638 ], [ 150.580944584125518, -35.015507712762286 ], [ 150.580946053746317, -35.015493052694552 ], [ 150.580947504313997, -35.015479373942441 ], [ 150.580948939452327, -35.01546662789908 ], [ 150.580950358484273, -35.01545476316749 ], [ 150.580951765060178, -35.015443730239838 ], [ 150.580953158476404, -35.015433478620089 ], [ 150.580954542409813, -35.015423957899479 ], [ 150.580955917251856, -35.015415117603816 ], [ 150.580957284462642, -35.015406908181589 ], [ 150.580958646623827, -35.015399279202249 ], [ 150.580960003031862, -35.015392180169719 ], [ 150.580961357363435, -35.015385560675242 ], [ 150.580962711078655, -35.015379371167391 ], [ 150.580964064568974, -35.015373561171891 ], [ 150.580967744080368, -35.015359503181216 ], [ 150.580972844781371, -35.015343994227877 ], [ 150.580978716280242, -35.015330476657624 ], [ 150.580985782972959, -35.015317823087571 ], [ 150.580994467064727, -35.015304906090982 ], [ 150.58100519188153, -35.015290597361826 ], [ 150.581007681665454, -35.015287390019402 ], [ 150.581011856965461, -35.015282053674454 ], [ 150.581016261251648, -35.015276457766468 ], [ 150.581020871341167, -35.015270608143382 ], [ 150.581025666161594, -35.015264513399565 ], [ 150.581030622556653, -35.015258178482014 ], [ 150.581035719533674, -35.015251609282366 ], [ 150.581040933830138, -35.01524481435132 ], [ 150.581046244479865, -35.01523779867955 ], [ 150.581051628246968, -35.015230569916881 ], [ 150.581057063070233, -35.01522313303213 ], [ 150.581062528998984, -35.015215495740662 ], [ 150.581068000633678, -35.015207664747649 ], [ 150.581073459171904, -35.015199645988417 ], [ 150.581078879214061, -35.015191446168174 ], [ 150.581084241957768, -35.015183071222246 ], [ 150.58108952307208, -35.015174528778623 ], [ 150.581094700469237, -35.015165824707118 ], [ 150.581098445167953, -35.015159297049586 ], [ 150.581102623491716, -35.015151737747992 ], [ 150.581106670894258, -35.015144084787508 ], [ 150.581110567425014, -35.015136345883491 ], [ 150.58111428867349, -35.015128531366763 ], [ 150.581117814689094, -35.015120648952688 ], [ 150.581121123278137, -35.01511270811482 ], [ 150.581124192273307, -35.015104717425814 ], [ 150.581126999507404, -35.015096685458303 ], [ 150.581129523908345, -35.01508862080675 ], [ 150.581131742187296, -35.015080532922894 ], [ 150.581133634367205, -35.015072430423039 ], [ 150.581135177159325, -35.015064322758924 ], [ 150.581136348422973, -35.015056217602258 ], [ 150.58113712818124, -35.015048123569322 ], [ 150.581137493118746, -35.015040051012789 ], [ 150.581137422190039, -35.015032007626189 ], [ 150.581136892132861, -35.015024001960299 ], [ 150.581135881822064, -35.01501604441146 ], [ 150.5811343702388, -35.015008141772228 ], [ 150.581132334067689, -35.015000304395258 ], [ 150.58112908825791, -35.014990754452221 ], [ 150.581126093342334, -35.014983585774829 ], [ 150.581122659900245, -35.014976499400667 ], [ 150.581118805267437, -35.014969501985654 ], [ 150.581114544562922, -35.014962601042953 ], [ 150.581109896164406, -35.014955805052217 ], [ 150.581104876286048, -35.014949121548426 ], [ 150.58109950116841, -35.014942557165661 ], [ 150.581093788094108, -35.014936120361703 ], [ 150.581087754398879, -35.014929817792471 ], [ 150.581081417338737, -35.014923658816663 ], [ 150.581074790990641, -35.014917649123753 ], [ 150.581067894853874, -35.014911796314237 ], [ 150.581060745089417, -35.01490610972504 ], [ 150.581053357964294, -35.014900595089273 ], [ 150.581045749666004, -35.014895260842891 ], [ 150.581037938598683, -35.014890114564587 ], [ 150.581029941002868, -35.014885162888454 ], [ 150.581021773039453, -35.014880415151367 ], [ 150.581013450975462, -35.01487587708651 ], [ 150.581004993161912, -35.014871558074425 ], [ 150.580996415865883, -35.014867463848312 ], [ 150.580984774282712, -35.014862349353898 ], [ 150.580975065669548, -35.014858458833153 ], [ 150.580965282273638, -35.014854875121408 ], [ 150.58095545011156, -35.014851607752185 ], [ 150.580945591914656, -35.014848666193409 ], [ 150.580935730334573, -35.01484606261586 ], [ 150.58092588925075, -35.014843804707489 ], [ 150.580916093531584, -35.014841903781821 ], [ 150.580906364786728, -35.014840370185929 ], [ 150.580896727937642, -35.014839213431515 ], [ 150.580887204620495, -35.014838442964717 ], [ 150.580877820825236, -35.014838069219998 ], [ 150.580868599230087, -35.014838103467262 ], [ 150.580859562592792, -35.014838554273581 ], [ 150.580850735808326, -35.014839432051595 ], [ 150.5808421405128, -35.014840746247501 ], [ 150.580833801548067, -35.014842509075848 ], [ 150.580825742793508, -35.01484472822461 ], [ 150.580817986953946, -35.014847414062807 ], [ 150.580810556707547, -35.014850577860337 ], [ 150.5808040286812, -35.014853912900094 ], [ 150.580797149304118, -35.014858053152466 ], [ 150.580790599442281, -35.014862649807363 ], [ 150.580784364428098, -35.014867680035721 ], [ 150.580778427456863, -35.014873119162857 ], [ 150.580772770575663, -35.014878944294125 ], [ 150.580767380291661, -35.014885129919428 ], [ 150.580762238625425, -35.014891654045073 ], [ 150.580757329893999, -35.014898491117243 ], [ 150.580752637239527, -35.014905618263171 ], [ 150.580748146047597, -35.014913010851814 ], [ 150.580743838391868, -35.014920645087571 ], [ 150.580739699604891, -35.014928498141309 ], [ 150.580735711786815, -35.014936545316473 ], [ 150.580731859201592, -35.014944762861155 ], [ 150.580728127208232, -35.014953127045239 ], [ 150.580724497906942, -35.014961613172211 ], [ 150.580720955535099, -35.014970198391026 ], [ 150.580717483261566, -35.014978858927947 ], [ 150.580714066498331, -35.014987569250991 ], [ 150.58071205877161, -35.014992749593127 ], [ 150.580708816212905, -35.015001200162551 ], [ 150.580705599617119, -35.015009662067257 ], [ 150.580702402679151, -35.015018126166851 ], [ 150.580699219093958, -35.015026583320939 ], [ 150.580696044693525, -35.015035026234671 ], [ 150.580692871035779, -35.015043443922089 ], [ 150.580689693926132, -35.01505182998924 ], [ 150.580686507086114, -35.015060174394833 ], [ 150.580683304210623, -35.015068467998447 ], [ 150.580680077846409, -35.015076703439696 ], [ 150.580676823905151, -35.015084870720919 ], [ 150.580673536055258, -35.015092961602662 ], [ 150.580670207991574, -35.015100966944495 ], [ 150.580666834477682, -35.015108878528807 ], [ 150.580663407018307, -35.015116687171499 ], [ 150.580659922593611, -35.015124383797676 ], [ 150.580656373750344, -35.015131961046947 ], [ 150.580652754210007, -35.015139408877999 ], [ 150.5806490587361, -35.015146719073172 ], [ 150.580645279928376, -35.015153882470216 ], [ 150.580638011749045, -35.015166790721715 ], [ 150.580632550668497, -35.015175749638004 ], [ 150.580626875672266, -35.015184419424422 ], [ 150.580620962827652, -35.015192794194775 ], [ 150.580614789270385, -35.015200868985701 ], [ 150.580608332109705, -35.015208639734702 ], [ 150.58060156629125, -35.01521610143471 ], [ 150.580594471140927, -35.015223249165999 ], [ 150.580587020482767, -35.015230078800535 ], [ 150.580579193642677, -35.01523658541857 ], [ 150.580570965566295, -35.015242764013003 ], [ 150.580562313389407, -35.015248609620357 ], [ 150.580553214247772, -35.015254117277173 ], [ 150.580543644129079, -35.01525928380002 ], [ 150.580533580195663, -35.015264103324476 ], [ 150.580522728583674, -35.01526869439116 ], [ 150.580514404458626, -35.015271885413171 ], [ 150.58050581682042, -35.015274945874808 ], [ 150.580496981192852, -35.015277906735527 ], [ 150.580487910909426, -35.015280798911 ], [ 150.580478618288168, -35.015283650592316 ], [ 150.580469119947907, -35.015286492760737 ], [ 150.580459428126971, -35.015289356310141 ], [ 150.580449556185414, -35.015292271255298 ], [ 150.580439519726525, -35.015295265852828 ], [ 150.580429332030633, -35.015298372820347 ], [ 150.580419007579366, -35.015301621293546 ], [ 150.580408558664146, -35.015305040364474 ], [ 150.580397999686937, -35.015308661871622 ], [ 150.580387345129253, -35.015312514950736 ], [ 150.580376609446148, -35.015316629638484 ], [ 150.580365805970956, -35.015321036850587 ], [ 150.580354948090104, -35.015325765700965 ], [ 150.580344050232071, -35.015330847127217 ], [ 150.580333126851713, -35.015336311166017 ], [ 150.580323500508825, -35.015341451308359 ], [ 150.580316161764159, -35.015345560733223 ], [ 150.580308836424621, -35.015349810152138 ], [ 150.580301530523286, -35.015354180754656 ], [ 150.580294254473586, -35.015358653817756 ], [ 150.580287014388205, -35.015363207828216 ], [ 150.580279818463879, -35.015367824920247 ], [ 150.580272675003528, -35.015372483624319 ], [ 150.580265592177341, -35.015377166975583 ], [ 150.58025857831484, -35.015381852603596 ], [ 150.580251639422528, -35.015386522598874 ], [ 150.580244784871923, -35.015391156414694 ], [ 150.580238021791303, -35.015395735262501 ], [ 150.580231359552073, -35.015400238595539 ], [ 150.580224805282597, -35.015404647625303 ], [ 150.580218366137586, -35.015408942662248 ], [ 150.580212050393527, -35.015413103137853 ], [ 150.580205866273758, -35.015417110285398 ], [ 150.580199822001617, -35.015420945338178 ], [ 150.580193924785078, -35.015424586804841 ], [ 150.580188182847479, -35.015428015918715 ], [ 150.580182604438733, -35.015431213012143 ], [ 150.580177196687146, -35.015434159296611 ], [ 150.580171967869177, -35.015436834203541 ], [ 150.58016692626137, -35.015439217164364 ], [ 150.580162080033944, -35.015441291214266 ], [ 150.580157436421445, -35.015443033960977 ], [ 150.58015300359412, -35.01544442843965 ], [ 150.58014878878646, -35.015445452258042 ], [ 150.580144801263856, -35.015446088473155 ], [ 150.580136966493342, -35.015446096241504 ], [ 150.580131914935237, -35.015444987628186 ], [ 150.580127339618144, -35.01544300057234 ], [ 150.580123198536597, -35.015440184718038 ], [ 150.580119450753529, -35.015436590632198 ], [ 150.580116056400499, -35.01543226980445 ], [ 150.580112972376753, -35.015427271857035 ], [ 150.580110158840398, -35.015421647378645 ], [ 150.580107574854338, -35.015415446936132 ], [ 150.580105178359815, -35.01540872197544 ], [ 150.580102929568, -35.015401521283366 ], [ 150.580100786420104, -35.015393896305852 ], [ 150.580098708005636, -35.015385896708764 ], [ 150.580096653334465, -35.015377574860842 ], [ 150.580094581522644, -35.015368979527025 ], [ 150.580092451606561, -35.015360162175064 ], [ 150.580090222675778, -35.015351172470837 ], [ 150.580087852698171, -35.015342060959355 ], [ 150.580085300710238, -35.015332879108357 ], [ 150.580083035027371, -35.015325285040184 ], [ 150.580080446920334, -35.015317142759194 ], [ 150.580077697622443, -35.015309004474119 ], [ 150.580074795655577, -35.015300878468203 ], [ 150.580071747245029, -35.015292776584623 ], [ 150.580068558722473, -35.015284707062897 ], [ 150.580065238530011, -35.015276680889009 ], [ 150.580061792946168, -35.015268708104323 ], [ 150.580058228275902, -35.015260797849251 ], [ 150.580054552961428, -35.015252961109795 ], [ 150.580050773307704, -35.015245207026396 ], [ 150.580046895593227, -35.015237545640375 ], [ 150.58004292716501, -35.015229987915916 ], [ 150.580038876544791, -35.015222542136215 ], [ 150.580034747794315, -35.015215219199831 ], [ 150.580030550450687, -35.015208030114621 ], [ 150.580026290872098, -35.015200982219177 ], [ 150.580021975257296, -35.01519408825763 ], [ 150.580017612128017, -35.015187356513181 ], [ 150.580013206667587, -35.015180797005378 ], [ 150.580008766222988, -35.015174420698322 ], [ 150.580004299315902, -35.015168235875244 ], [ 150.579994577279024, -35.015155544906577 ], [ 150.579987107730716, -35.015146434421425 ], [ 150.579979598915941, -35.015137763968859 ], [ 150.579972058812615, -35.01512948593038 ], [ 150.579964493235053, -35.015121551742865 ], [ 150.579956911203197, -35.015113915611558 ], [ 150.579949317436245, -35.015106528951492 ], [ 150.579941721007316, -35.01509934416606 ], [ 150.579934128799238, -35.015092313614886 ], [ 150.579926547668464, -35.015085390558603 ], [ 150.579918984524426, -35.015078526455937 ], [ 150.579911446250009, -35.01507167366659 ], [ 150.579903941865325, -35.015064786395776 ], [ 150.579896183225429, -35.015057528958479 ], [ 150.579889265285516, -35.015050857118204 ], [ 150.57988252796477, -35.015044079803886 ], [ 150.579876039663361, -35.015037181252389 ], [ 150.579869868781515, -35.015030145700585 ], [ 150.579864083639592, -35.015022960088189 ], [ 150.57985875378597, -35.015015606872083 ], [ 150.579853947541068, -35.015008072991996 ], [ 150.57984973223634, -35.015000341762025 ], [ 150.579846179503988, -35.014992399286534 ], [ 150.579843355553805, -35.014984229758731 ], [ 150.579841329854276, -35.014975818338293 ], [ 150.579840170778795, -35.014967150163031 ], [ 150.579839947822251, -35.014958209491716 ], [ 150.579840258113705, -35.014953035864416 ], [ 150.579841099326984, -35.014946392624282 ], [ 150.579842430371514, -35.014939636557806 ], [ 150.579844241875605, -35.014932788211723 ], [ 150.579846523452147, -35.014925865408067 ], [ 150.57984926471417, -35.014918885968846 ], [ 150.579852452978116, -35.014911871276155 ], [ 150.579856080100228, -35.014904837393829 ], [ 150.579860134492179, -35.014897805725795 ], [ 150.579864605793432, -35.014890793193132 ], [ 150.579869482442234, -35.014883820298806 ], [ 150.579874754078105, -35.01487690396393 ], [ 150.579880411329441, -35.014870064735121 ], [ 150.579886442714127, -35.014863320412573 ], [ 150.579892837792102, -35.014856690620178 ], [ 150.579899585054704, -35.014850194059008 ], [ 150.579906675210054, -35.01484384857293 ], [ 150.579914096696456, -35.014837674664925 ], [ 150.579921840222084, -35.014831690178823 ], [ 150.579929893183248, -35.014825913793906 ], [ 150.579933978577969, -35.014823145770016 ], [ 150.579941768098593, -35.014818128570795 ], [ 150.579949777224897, -35.014813281621919 ], [ 150.579957982342989, -35.014808588225847 ], [ 150.579966360854428, -35.014804034409742 ], [ 150.579974890187259, -35.014799605299778 ], [ 150.57998354782265, -35.014795284220305 ], [ 150.579992311109038, -35.014791059000331 ], [ 150.580001158622679, -35.014786912986075 ], [ 150.580010065601471, -35.014782831260035 ], [ 150.580019012758697, -35.01477879901401 ], [ 150.58002797421068, -35.014774802209629 ], [ 150.580036929602159, -35.014770825115882 ], [ 150.580045855266121, -35.014766852837184 ], [ 150.580054728630586, -35.01476287049978 ], [ 150.580063528192227, -35.014758864152746 ], [ 150.580072230337009, -35.014754817098598 ], [ 150.580080813535062, -35.014750716287352 ], [ 150.580089254172378, -35.014746545021573 ], [ 150.580097529650459, -35.014742289328481 ], [ 150.580105618492468, -35.014737934356205 ], [ 150.580113498126451, -35.014733465231082 ], [ 150.580118572647848, -35.01473044739506 ], [ 150.580127754991565, -35.014724680906312 ], [ 150.580136605490907, -35.014718722996442 ], [ 150.580145138381994, -35.014712573949559 ], [ 150.580153364589194, -35.014706234885097 ], [ 150.580161296078728, -35.014699708746249 ], [ 150.58016894706023, -35.014692996717997 ], [ 150.580176329553098, -35.014686099941628 ], [ 150.580183454455096, -35.014679020437498 ], [ 150.580190335949197, -35.014671760291563 ], [ 150.580196986081461, -35.014664319744128 ], [ 150.58020341791314, -35.01465670176021 ], [ 150.580209642368686, -35.014648907459204 ], [ 150.580215671467357, -35.014640937982392 ], [ 150.580221520487385, -35.014632795437514 ], [ 150.580227199257962, -35.014624480922116 ], [ 150.580232721935516, -35.014615997423043 ], [ 150.580238099470904, -35.01460734515873 ], [ 150.580242193349505, -35.014600496360295 ], [ 150.580246511796332, -35.014593017409943 ], [ 150.58025074117603, -35.014585437521518 ], [ 150.580254882318087, -35.014577765726223 ], [ 150.580258936078678, -35.014570010154358 ], [ 150.580262905530645, -35.01456217807889 ], [ 150.580266791503561, -35.014554278531087 ], [ 150.580270595922059, -35.014546320563959 ], [ 150.580274319668831, -35.014538311406881 ], [ 150.580277964668539, -35.014530260112878 ], [ 150.580281531777359, -35.014522174812242 ], [ 150.58028502404153, -35.014514063678917 ], [ 150.580288441195563, -35.014505935722276 ], [ 150.580291786285784, -35.014497799116285 ], [ 150.580295060168339, -35.01448966199122 ], [ 150.580298264767833, -35.014481533400087 ], [ 150.580301402062076, -35.014473420594108 ], [ 150.58030447178561, -35.014465332582645 ], [ 150.5803074769847, -35.014457277539641 ], [ 150.580310418488949, -35.014449264496307 ], [ 150.58031329937117, -35.014441300725672 ], [ 150.580315109639884, -35.014436239951905 ], [ 150.580318433651144, -35.014426885044998 ], [ 150.580321704645542, -35.014417693147088 ], [ 150.580324944026842, -35.014408718773034 ], [ 150.580328171061581, -35.014400014592162 ], [ 150.58033140832822, -35.014391632438347 ], [ 150.580334676188443, -35.014383625002772 ], [ 150.580337996045984, -35.01437604680028 ], [ 150.580341389410648, -35.014368948741989 ], [ 150.580344876617659, -35.014362384419982 ], [ 150.580348479123842, -35.014356406547215 ], [ 150.580352217264306, -35.014351068715811 ], [ 150.580356112522509, -35.014346422737773 ], [ 150.580360186355222, -35.014342521326085 ], [ 150.580364460219272, -35.014339417193725 ], [ 150.580368954423392, -35.014337164833698 ], [ 150.580373689382469, -35.014335815135233 ], [ 150.580378687621959, -35.014335421734103 ], [ 150.580384194373664, -35.014336066146448 ], [ 150.580388746776208, -35.014337304518499 ], [ 150.580393457698079, -35.01433915003409 ], [ 150.580398312870273, -35.014341566349955 ], [ 150.580403298023754, -35.014344517122844 ], [ 150.58040839661976, -35.014347968668631 ], [ 150.580413594362682, -35.014351885545018 ], [ 150.58041887588837, -35.014356231386898 ], [ 150.580424226874726, -35.014360971652934 ], [ 150.580429633026171, -35.014366070900792 ], [ 150.580435077856862, -35.014371493644518 ], [ 150.580440547044702, -35.014377205342711 ], [ 150.580446026347119, -35.014383168751245 ], [ 150.580451499225148, -35.014389350185972 ], [ 150.580456952478301, -35.014395714226474 ], [ 150.580462369620705, -35.01440222538676 ], [ 150.580467736383184, -35.014408847323622 ], [ 150.580473038416926, -35.014415546396606 ], [ 150.580478259262691, -35.014422286218867 ], [ 150.580483385719731, -35.014429031369936 ], [ 150.58048840127563, -35.01443574726477 ], [ 150.580493702362418, -35.014442961956163 ], [ 150.580500084260223, -35.014451798306126 ], [ 150.580506260927763, -35.014460497145379 ], [ 150.580512244729476, -35.014469047902985 ], [ 150.580518045813051, -35.014477440865278 ], [ 150.580523677691133, -35.014485663681263 ], [ 150.580529152701587, -35.014493706680952 ], [ 150.580534481018674, -35.014501559249723 ], [ 150.580539676155013, -35.014509209036582 ], [ 150.580544748231773, -35.014516647228781 ], [ 150.580549710761574, -35.014523861475325 ], [ 150.580554574987303, -35.014530842084376 ], [ 150.580559352204773, -35.014537577562173 ], [ 150.58056405475196, -35.014544058238712 ], [ 150.580568695046423, -35.014550271741179 ], [ 150.58057328323585, -35.014556208355835 ], [ 150.580579140295384, -35.014563445851884 ], [ 150.580587376102642, -35.014573028627751 ], [ 150.580595710357272, -35.014582133787123 ], [ 150.58060427625432, -35.014591038032044 ], [ 150.580613207015659, -35.014600017163566 ], [ 150.580622633646527, -35.014609347839972 ], [ 150.580632689422202, -35.014619304060403 ], [ 150.580643508607068, -35.014630163449475 ], [ 150.580655223328705, -35.014642201786259 ], [ 150.580658503686266, -35.014645631480874 ], [ 150.580663368048562, -35.014650748759806 ], [ 150.580668385245559, -35.01465603405493 ], [ 150.580673551666877, -35.014661461151739 ], [ 150.580678869177547, -35.014667003944929 ], [ 150.580684336410428, -35.014672634461782 ], [ 150.580689954135437, -35.014678326575172 ], [ 150.580695722080549, -35.014684052334175 ], [ 150.580701638798899, -35.014689786468914 ], [ 150.580707704018494, -35.014695501028541 ], [ 150.580713919604278, -35.01470116990771 ], [ 150.580720283093996, -35.01470676511186 ], [ 150.580726794162473, -35.014712260492004 ], [ 150.580733454701146, -35.01471762904189 ], [ 150.580740263289812, -35.014722844590665 ], [ 150.580747218561186, -35.014727879165605 ], [ 150.580754321285127, -35.014732706639556 ], [ 150.580761571162952, -35.014737299962583 ], [ 150.580768968991066, -35.014741632106578 ], [ 150.580776512253948, -35.014745676878839 ], [ 150.580784201774549, -35.014749406350347 ], [ 150.580792038349216, -35.014752793492981 ], [ 150.580800019435856, -35.014755813014986 ], [ 150.580804822843078, -35.014757421471359 ], [ 150.580813901752208, -35.01476007255259 ], [ 150.580823143889205, -35.014762315820313 ], [ 150.580832540101738, -35.014764201574025 ], [ 150.580842080222084, -35.014765777388561 ], [ 150.58085175619297, -35.014767093585256 ], [ 150.580861556698551, -35.014768199519004 ], [ 150.580871474856366, -35.014769142830161 ], [ 150.580881498228933, -35.014769973752692 ], [ 150.580891619907305, -35.014770740827977 ], [ 150.580901829644233, -35.01477149433363 ], [ 150.580912117272078, -35.014772281844536 ], [ 150.580922474760342, -35.01477315278111 ], [ 150.580932891888352, -35.014774156520133 ], [ 150.580943359530636, -35.014775342460169 ], [ 150.580953867493065, -35.014776759077044 ], [ 150.580964407745256, -35.014778455791202 ], [ 150.580974970066677, -35.014780481979379 ], [ 150.580985545358374, -35.014782886139308 ], [ 150.580996123399899, -35.014785717647705 ], [ 150.581006695092356, -35.014789025002294 ], [ 150.581016214831237, -35.014792445696308 ], [ 150.581023884932534, -35.01479549596224 ], [ 150.581031548936068, -35.014798790403191 ], [ 150.581039205156003, -35.014802311857707 ], [ 150.581046855112277, -35.014806045932673 ], [ 150.581054499229595, -35.014809978213108 ], [ 150.581062139107445, -35.014814091603057 ], [ 150.581069773006959, -35.01481837074293 ], [ 150.581077402421357, -35.014822802140564 ], [ 150.581085027881642, -35.014827367777208 ], [ 150.581092649759398, -35.014832055039761 ], [ 150.581100269680633, -35.014836845931356 ], [ 150.581107885853356, -35.014841726894268 ], [ 150.581115499877001, -35.014846680832562 ], [ 150.581123112149697, -35.014851694232192 ], [ 150.581130723175818, -35.014856749975358 ], [ 150.58113833444861, -35.014861834569878 ], [ 150.581145944282213, -35.014866930854296 ], [ 150.581153554222908, -35.014872023534515 ], [ 150.58116116469543, -35.014877098195576 ], [ 150.581168777272637, -35.014882138642456 ], [ 150.581176390189, -35.014887130416511 ], [ 150.581184005017349, -35.014892057322712 ], [ 150.581191622235423, -35.014896903144248 ], [ 150.581199242241411, -35.014901654367023 ], [ 150.581206866634574, -35.014906293895102 ], [ 150.581214493622952, -35.014910808170804 ], [ 150.581222124805805, -35.014915180098143 ], [ 150.581231286697033, -35.014920222588039 ], [ 150.581241606699194, -35.014925639741591 ], [ 150.581251912790037, -35.014930785275844 ], [ 150.581262192684619, -35.014935667058992 ], [ 150.581272434071394, -35.014940293860214 ], [ 150.581282625787026, -35.014944672668648 ], [ 150.58129275439839, -35.014948813132577 ], [ 150.581302808768726, -35.014952721340194 ], [ 150.581312777628455, -35.014956407884405 ], [ 150.581322647650723, -35.014959878809755 ], [ 150.581332406470807, -35.014963144687307 ], [ 150.581342044073693, -35.014966210726179 ], [ 150.581351545904539, -35.014969087453771 ], [ 150.581360901895181, -35.014971781881101 ], [ 150.581370099707556, -35.014974303678315 ], [ 150.581379127109841, -35.014976658911777 ], [ 150.581387970695403, -35.014978856328909 ], [ 150.581396621411557, -35.014980905665333 ], [ 150.581405064836275, -35.014982812943821 ], [ 150.581413288631524, -35.014984587834519 ], [ 150.581421282702621, -35.014986238249371 ], [ 150.581440144075628, -35.014989903765091 ], [ 150.581454410101827, -35.014992633882706 ], [ 150.581467540546015, -35.014995340455691 ], [ 150.581479477834705, -35.014998229673523 ], [ 150.581490166505006, -35.015001510472196 ], [ 150.581499552162711, -35.015005392710435 ], [ 150.581507578329621, -35.01501008259951 ], [ 150.581514188447926, -35.015015789053521 ], [ 150.581519329271515, -35.01502272015103 ], [ 150.581522944242437, -35.015031084806047 ], [ 150.581524616497063, -35.015038295614779 ], [ 150.58152528864332, -35.015043673636598 ], [ 150.581525613403926, -35.015049462110788 ], [ 150.581525609342378, -35.015055663210404 ], [ 150.581525297265244, -35.015062277350303 ], [ 150.581524694667422, -35.015069305780727 ], [ 150.581523820165415, -35.015076748872836 ], [ 150.581522693417696, -35.015084608821525 ], [ 150.581521334109254, -35.015092886920705 ], [ 150.581519758692991, -35.015101582596948 ], [ 150.581517987922439, -35.015110698066955 ], [ 150.58151604150919, -35.0151202337237 ], [ 150.581513935853025, -35.015130190795631 ], [ 150.581511690638933, -35.015140570576676 ], [ 150.581509326673626, -35.015151373481679 ], [ 150.581506860356882, -35.015162600739039 ], [ 150.581504312442291, -35.015174254565515 ], [ 150.581501700477816, -35.015186334409456 ], [ 150.581499043053412, -35.01519884154299 ], [ 150.581496360949274, -35.015211777281877 ], [ 150.581494690329663, -35.015220022129618 ], [ 150.5814933196136, -35.015226901827958 ], [ 150.581491948168122, -35.015233880672952 ], [ 150.58149057722099, -35.015240954181692 ], [ 150.58148920807966, -35.015248115168554 ], [ 150.581487841998381, -35.015255358249753 ], [ 150.581486478014824, -35.015262678898779 ], [ 150.581485117409841, -35.015270070830894 ], [ 150.581483762532827, -35.015277528684173 ], [ 150.581482412421423, -35.015285047932075 ], [ 150.581481068382971, -35.015292621388951 ], [ 150.581479730576774, -35.0153002436492 ], [ 150.581478401325711, -35.015307910251806 ], [ 150.581477079693883, -35.015315615769296 ], [ 150.581475768057317, -35.015323353938804 ], [ 150.581474465480113, -35.015331119332878 ], [ 150.581473174338271, -35.015338905688616 ], [ 150.581471894737945, -35.015346709402294 ], [ 150.581470626891416, -35.015354523266431 ], [ 150.581469372026504, -35.015362342798149 ], [ 150.581468131424145, -35.015370161712752 ], [ 150.581466905243502, -35.015377974604618 ], [ 150.581465693643906, -35.015385776068136 ], [ 150.581464498974697, -35.015393560741337 ], [ 150.581463321395177, -35.015401323218612 ], [ 150.581462161091139, -35.015409057193438 ], [ 150.581461019290344, -35.015416758182951 ], [ 150.581459896178615, -35.015424419880581 ], [ 150.581458793010313, -35.01543203690256 ], [ 150.581457711013172, -35.015439604766051 ], [ 150.581456650399588, -35.015447116263566 ], [ 150.581455612423895, -35.015454566011293 ], [ 150.581454597192277, -35.015461950405523 ], [ 150.581453606038622, -35.015469261359655 ], [ 150.581452639069227, -35.015476495269951 ], [ 150.581451697564859, -35.015483645851667 ], [ 150.58145078168485, -35.015490707699222 ], [ 150.581449893778625, -35.015497675450646 ], [ 150.581449032910342, -35.015504543678517 ], [ 150.58144820036091, -35.015511306098077 ], [ 150.581446608538329, -35.015524612440657 ], [ 150.581445134065717, -35.01553743162728 ], [ 150.58144376343742, -35.015549812969276 ], [ 150.581442492113894, -35.01556176178493 ], [ 150.581441312296789, -35.015573282426111 ], [ 150.581440217229755, -35.015584381068329 ], [ 150.581439200209644, -35.015595062085289 ], [ 150.581438255601711, -35.015605330773447 ], [ 150.581437376649632, -35.015615193308321 ], [ 150.581436555555058, -35.015624654041787 ], [ 150.581435787804935, -35.015633717391154 ], [ 150.581435064452734, -35.015642389488349 ], [ 150.581434380958825, -35.015650675651614 ], [ 150.581433729524804, -35.015658580232788 ], [ 150.58143310342092, -35.015666108506501 ], [ 150.581432498107461, -35.015673265791044 ], [ 150.581431903542835, -35.015680058196416 ], [ 150.581431316335596, -35.015686489260887 ], [ 150.581430728634217, -35.015692565138146 ], [ 150.581430132613775, -35.015698291081002 ], [ 150.581427850903822, -35.015715897178893 ], [ 150.581424283040775, -35.015732788011377 ], [ 150.581418982337965, -35.015747574528547 ], [ 150.581411138482167, -35.015762284195254 ], [ 150.581399941158935, -35.01577894447594 ], [ 150.581395365361431, -35.01578522930307 ], [ 150.581391396766804, -35.015790578797024 ], [ 150.581387194697925, -35.015796191370775 ], [ 150.581382785702544, -35.015802058538952 ], [ 150.581378197423561, -35.015808171838074 ], [ 150.581373456382238, -35.015814523683737 ], [ 150.581368589126328, -35.015821105590618 ], [ 150.581363623298699, -35.015827909095201 ], [ 150.58135858651579, -35.015834926634966 ], [ 150.581353505351899, -35.015842148823651 ], [ 150.581348407423405, -35.015849568098723 ], [ 150.581343318183116, -35.015857175953023 ], [ 150.581338265247354, -35.015864964824033 ], [ 150.581333277380793, -35.015872925369202 ], [ 150.581328378887974, -35.015881050861424 ], [ 150.58132359856009, -35.015889331057217 ], [ 150.581318963987087, -35.015897759294994 ], [ 150.581314500621687, -35.015906327067682 ], [ 150.581309350731289, -35.015916886009748 ], [ 150.581305723660307, -35.015924813289388 ], [ 150.581302243936989, -35.015932834554988 ], [ 150.581298909556978, -35.015940943456314 ], [ 150.581295714108933, -35.015949134456761 ], [ 150.581292653292053, -35.015957404766198 ], [ 150.581289724033468, -35.015965747111622 ], [ 150.581286919868688, -35.015974157758279 ], [ 150.581284235481547, -35.015982631191385 ], [ 150.581281668841058, -35.015991161961672 ], [ 150.581279213509362, -35.015999745433433 ], [ 150.581276864196752, -35.016008375190964 ], [ 150.581274617697602, -35.016017048465926 ], [ 150.58127246984381, -35.016025757963504 ], [ 150.58127041310243, -35.016034499026183 ], [ 150.581268445389441, -35.016043268006527 ], [ 150.581266561415106, -35.016052058488832 ], [ 150.581264755863231, -35.016060864958284 ], [ 150.58126302445956, -35.016069683723806 ], [ 150.581261363009503, -35.016078508391509 ], [ 150.581259673905635, -35.016087862569293 ], [ 150.581258119298155, -35.016096854335501 ], [ 150.581256624662529, -35.016105893272261 ], [ 150.581255184981273, -35.016115000914688 ], [ 150.581253798469248, -35.01612420066526 ], [ 150.581252460108914, -35.016133514059135 ], [ 150.58125116704656, -35.016142963576002 ], [ 150.581249915306756, -35.016152572574711 ], [ 150.581248702088772, -35.016162361733087 ], [ 150.581247522348605, -35.016172353487207 ], [ 150.581246374301031, -35.016182571239568 ], [ 150.581245252928596, -35.016193036525273 ], [ 150.58124415535093, -35.016203772725 ], [ 150.581243077672212, -35.016214800494737 ], [ 150.581242015890467, -35.016226144094261 ], [ 150.581240967231508, -35.016237823300486 ], [ 150.581239927666758, -35.016249863274105 ], [ 150.58123889439554, -35.016262284692957 ], [ 150.581237862400314, -35.01627510909217 ], [ 150.581236828774166, -35.016288360753329 ], [ 150.581236302421615, -35.01629525457956 ], [ 150.581235782108735, -35.016302166555526 ], [ 150.581235259917946, -35.016309179458133 ], [ 150.581234735982036, -35.016316288782711 ], [ 150.581234210513259, -35.01632348732177 ], [ 150.581233683644427, -35.016330770570619 ], [ 150.581233155534733, -35.016338133123661 ], [ 150.581232624206308, -35.016345567729701 ], [ 150.581232091955542, -35.016353070828707 ], [ 150.581231557899713, -35.01636063519134 ], [ 150.581231022171465, -35.016368256312923 ], [ 150.581230483888106, -35.01637592696413 ], [ 150.581229943155762, -35.016383643541204 ], [ 150.5812294001868, -35.016391398836667 ], [ 150.581228855113892, -35.016399188345851 ], [ 150.581228308122917, -35.01640700576219 ], [ 150.581227758304493, -35.016414844757314 ], [ 150.58122720576489, -35.016422701727443 ], [ 150.581226650716332, -35.016430569465122 ], [ 150.581226093318151, -35.01643844256472 ], [ 150.581225533729594, -35.016446315620648 ], [ 150.581224971014819, -35.016454183205411 ], [ 150.581224404264532, -35.01646203899066 ], [ 150.581223835801666, -35.016469878515345 ], [ 150.581223264743414, -35.016477694550197 ], [ 150.581222689032302, -35.016485482546813 ], [ 150.581222112112982, -35.016493237165129 ], [ 150.581221530885841, -35.016500952033063 ], [ 150.581220946605299, -35.016508621766839 ], [ 150.581220358335514, -35.016516240938998 ], [ 150.581219767357339, -35.016523803264832 ], [ 150.581219172708472, -35.016531304217821 ], [ 150.581218574601223, -35.016538736590483 ], [ 150.581217973141776, -35.016546096779081 ], [ 150.581217367473897, -35.016553376653341 ], [ 150.581216758772371, -35.016560573532303 ], [ 150.581216145085818, -35.016567679263865 ], [ 150.581215528737232, -35.016574689387028 ], [ 150.581214907695625, -35.016581598452497 ], [ 150.581214283241906, -35.016588400175564 ], [ 150.581212887885954, -35.016603031977496 ], [ 150.581211617150728, -35.016615739833391 ], [ 150.581210333138841, -35.016628005706558 ], [ 150.581209037960946, -35.016639832343486 ], [ 150.581207734822698, -35.016651222512522 ], [ 150.581206422575946, -35.01666217799368 ], [ 150.581205106643239, -35.016672700698024 ], [ 150.581203784728189, -35.016682794185641 ], [ 150.581202462279833, -35.016692459466647 ], [ 150.581201138123447, -35.016701699222011 ], [ 150.581199816586434, -35.016710515340947 ], [ 150.581198496494096, -35.016718910504451 ], [ 150.581197182147264, -35.016726887502678 ], [ 150.581195873519448, -35.016734447236544 ], [ 150.581194573789787, -35.016741593375343 ], [ 150.581193282931821, -35.016748326819993 ], [ 150.581192004124716, -35.016754651239737 ], [ 150.581190739532218, -35.016760567579226 ], [ 150.581189489048143, -35.016766079442178 ], [ 150.581188254836206, -35.016771187773209 ], [ 150.581181247293557, -35.016792355065334 ], [ 150.581165376426583, -35.016807860196657 ], [ 150.581133019923897, -35.016814995510281 ], [ 150.581126230942914, -35.016815802158888 ], [ 150.581119497022598, -35.016816525167393 ], [ 150.581112323237534, -35.016817226783374 ], [ 150.581104732797428, -35.016817900257905 ], [ 150.58109675209127, -35.016818542511253 ], [ 150.58108840315407, -35.016819149475459 ], [ 150.581079712454482, -35.016819715368008 ], [ 150.581070704217723, -35.016820236164634 ], [ 150.581061402695639, -35.016820706940059 ], [ 150.581051833208619, -35.016821123691869 ], [ 150.581042021077081, -35.016821482417612 ], [ 150.581031989484245, -35.016821777269307 ], [ 150.581021762655439, -35.016822004222668 ], [ 150.581011367032715, -35.016822158396181 ], [ 150.581000826814829, -35.016822236666535 ], [ 150.580990166280202, -35.016822233207613 ], [ 150.580979409680623, -35.016822143094224 ], [ 150.580968583405138, -35.016821963246784 ], [ 150.580957709541877, -35.016821687795499 ], [ 150.580946814506376, -35.016821312759845 ], [ 150.5809338730989, -35.016820734648491 ], [ 150.580923075276615, -35.01682014700075 ], [ 150.580912334785353, -35.016819473053317 ], [ 150.580901676627064, -35.016818719615074 ], [ 150.58089112577693, -35.016817894395857 ], [ 150.580880704993518, -35.016817005962771 ], [ 150.580870441521995, -35.016816059366533 ], [ 150.580860359162841, -35.016815064997978 ], [ 150.580850482971016, -35.016814027864172 ], [ 150.580840836800093, -35.01681295655407 ], [ 150.580831445598704, -35.016811859678498 ], [ 150.580822335516984, -35.016810742266387 ], [ 150.580813529286786, -35.016809613785789 ], [ 150.580805053031611, -35.016808480166603 ], [ 150.580796930578401, -35.016807350898731 ], [ 150.580789186955542, -35.016806231890214 ], [ 150.580781848233357, -35.016805130872839 ], [ 150.580774937196878, -35.016804055512779 ], [ 150.580768478847801, -35.016803012619043 ], [ 150.580762499203445, -35.016802011725247 ], [ 150.580726633075045, -35.016790960189191 ], [ 150.580720349492822, -35.016763089573701 ] ] ] ] } },
{ "type": "Feature", "properties": { "OBJECTID": 50, "Comments": "Construction noise contour - CnstrContoursEarthworks", "FSource": "MOTTM - noise specialists model run for Rev B", "SourceDate": 20251027.0, "Supplier": "MOTTM", "path_windows": "C:\\Users\\bri86955\\Mott MacDonald\\MGO - Moata Geospatial - JBR2HR\\01Incoming\\20251024_Noise\\Noise shp files Rev B\\Noise Rev B figures\\Metadata\\CnstrContours\\CnstrContoursEarthworks.shp", "path_rootname": "CnstrContoursEarthworks", "IsoValue": 80, "shapefile_type": "shapefile_polygon", "SHAPE_Length": 125.8012604297805, "SHAPE_Area": 892.9223646216409 }, "geometry": { "type": "MultiPolygon", "coordinates": [ [ [ [ 150.579329048853424, -35.014953902592623 ], [ 150.579309873603535, -35.014951038198994 ], [ 150.579293078743376, -35.014947638058061 ], [ 150.579277318538999, -35.01494381954933 ], [ 150.579261212373183, -35.014939693946623 ], [ 150.579243379682026, -35.014935370721098 ], [ 150.579222441959303, -35.014930963891473 ], [ 150.579214372435757, -35.014929458765458 ], [ 150.579206916802889, -35.014928129956864 ], [ 150.579199112448009, -35.014926773454704 ], [ 150.579190984930136, -35.014925377148458 ], [ 150.579182555507572, -35.014923926137442 ], [ 150.579173848670735, -35.014922407388362 ], [ 150.579164887841557, -35.014920806945156 ], [ 150.579155695320395, -35.014919111730862 ], [ 150.579146295624184, -35.014917307811274 ], [ 150.579136711106429, -35.014915380307571 ], [ 150.579126966204399, -35.014913317988366 ], [ 150.579117083298172, -35.014911105073907 ], [ 150.579107085756533, -35.014908729410031 ], [ 150.579096997028017, -35.014906176139817 ], [ 150.579086841603129, -35.014903432230042 ], [ 150.579076641808797, -35.014900483702803 ], [ 150.579066421040352, -35.01489731750312 ], [ 150.57905620162478, -35.014893919653105 ], [ 150.579046009174164, -35.0148902762405 ], [ 150.57903586601546, -35.014886373287496 ], [ 150.579027329808696, -35.014882858484427 ], [ 150.57901857600524, -35.014879031036891 ], [ 150.57900993478134, -35.01487502734561 ], [ 150.579001435146523, -35.014870866920376 ], [ 150.57899310838016, -35.014866566611865 ], [ 150.578984981354665, -35.014862144084269 ], [ 150.578977084227745, -35.014857617067406 ], [ 150.57896944715705, -35.014853003291037 ], [ 150.578962097014937, -35.014848320419397 ], [ 150.578955065054174, -35.014843586204158 ], [ 150.578948380363812, -35.014838817452294 ], [ 150.578942070884779, -35.014834032750841 ], [ 150.578936165679522, -35.014829249807782 ], [ 150.5789306960273, -35.014824485473831 ], [ 150.578925688773865, -35.014819758314147 ], [ 150.578921174103328, -35.014815085157615 ], [ 150.578917182173285, -35.014810483734031 ], [ 150.578913739829403, -35.014805972608578 ], [ 150.578910878350882, -35.014801568631995 ], [ 150.578908626826745, -35.014797288611256 ], [ 150.578907013171232, -35.014793152034315 ], [ 150.578906067568454, -35.014789175730016 ], [ 150.578905817985742, -35.014785377384428 ], [ 150.578906659002371, -35.01478041538018 ], [ 150.578908583467893, -35.014776204285901 ], [ 150.578911551086321, -35.014772289860431 ], [ 150.578915501893533, -35.014768661892198 ], [ 150.578920373681996, -35.014765311927761 ], [ 150.578926107582731, -35.014762229777418 ], [ 150.57893264248338, -35.014759407009535 ], [ 150.5789399172983, -35.01475683429161 ], [ 150.578947873131909, -35.014754502334831 ], [ 150.578956447776847, -35.014752402685751 ], [ 150.578965582337617, -35.014750526055579 ], [ 150.578975214660062, -35.014748862189002 ], [ 150.578985285822114, -35.014747402698184 ], [ 150.578995734711498, -35.01474613915159 ], [ 150.579006500269202, -35.014745061315821 ], [ 150.579017523573157, -35.01474416080309 ], [ 150.579028742442659, -35.014743428259116 ], [ 150.579040097982158, -35.014742854395202 ], [ 150.5790508194697, -35.014742453577526 ], [ 150.579061201716684, -35.014742186616822 ], [ 150.579071629921799, -35.014742033255573 ], [ 150.579082097673989, -35.014741987957024 ], [ 150.579092596292327, -35.014742047843505 ], [ 150.579103117148946, -35.014742208235511 ], [ 150.57911365487476, -35.014742465420035 ], [ 150.579124199773389, -35.014742813794719 ], [ 150.579134746502262, -35.014743248745667 ], [ 150.579145285258846, -35.014743768274286 ], [ 150.579155809658488, -35.014744365942917 ], [ 150.579166312141922, -35.014745037994835 ], [ 150.579176785149883, -35.014745780673337 ], [ 150.579187221176142, -35.014746588419818 ], [ 150.579197611539712, -35.014747458356666 ], [ 150.579207949802907, -35.014748385848101 ], [ 150.579218228433007, -35.014749366236458 ], [ 150.579228438775544, -35.014750395743199 ], [ 150.579238574419463, -35.014751468831605 ], [ 150.579248627778838, -35.014752582645897 ], [ 150.579260153820286, -35.01475391876231 ], [ 150.579271753218421, -35.014755331163165 ], [ 150.579283180110053, -35.014756796912614 ], [ 150.579294413608864, -35.014758318298313 ], [ 150.579305430611839, -35.01475989846513 ], [ 150.579316208095605, -35.014761537855136 ], [ 150.579326721888521, -35.014763238690406 ], [ 150.579336952225958, -35.014765002379534 ], [ 150.579346872693009, -35.014766832902801 ], [ 150.579356463578165, -35.014768729866908 ], [ 150.579365699561521, -35.014770697273995 ], [ 150.579374559809963, -35.014772735609881 ], [ 150.579383019030189, -35.014774847975758 ], [ 150.579391056388943, -35.014777034857424 ], [ 150.57939864878324, -35.014779299399834 ], [ 150.579405773136472, -35.014781643846938 ], [ 150.579412406425234, -35.014784068640857 ], [ 150.579423529089638, -35.01478886643109 ], [ 150.579435905051668, -35.014795864464794 ], [ 150.579445835560421, -35.014803672794685 ], [ 150.579453783702093, -35.014812453911176 ], [ 150.579460212616368, -35.014822368502621 ], [ 150.579465586458298, -35.014833579981854 ], [ 150.579470368341219, -35.014846249937861 ], [ 150.579473350956448, -35.014855391714612 ], [ 150.579475338218316, -35.014862243740552 ], [ 150.579477123695938, -35.014869287357818 ], [ 150.57947863384689, -35.014876452587586 ], [ 150.579479798360751, -35.014883671318415 ], [ 150.579480544763584, -35.014890874494284 ], [ 150.579480799486248, -35.014897993037231 ], [ 150.579480490028175, -35.014904958792187 ], [ 150.579479546105404, -35.01491170274673 ], [ 150.579477893027189, -35.014918156702038 ], [ 150.579475460536173, -35.014924250744777 ], [ 150.579472175010096, -35.014929917598828 ], [ 150.579467964001452, -35.014935087307123 ], [ 150.579462756131278, -35.014939690835327 ], [ 150.579459510610889, -35.014941919398488 ], [ 150.579454058784961, -35.01494494860772 ], [ 150.579448003743096, -35.014947588065787 ], [ 150.579441411701367, -35.014949858926116 ], [ 150.579434345643705, -35.01495178047481 ], [ 150.579426872961079, -35.014953371184383 ], [ 150.579419056557782, -35.014954653043766 ], [ 150.579410962756214, -35.014955643602676 ], [ 150.579402655608902, -35.014956363070063 ], [ 150.579394201358525, -35.014956831698512 ], [ 150.579385664057611, -35.014957069696983 ], [ 150.5793771089335, -35.014957094593441 ], [ 150.579368602175691, -35.014956928442437 ], [ 150.579360206794718, -35.014956589629243 ], [ 150.57935198796477, -35.014956097483768 ], [ 150.579344012996927, -35.01495547318153 ], [ 150.579336343806716, -35.014954735085972 ], [ 150.579329048853424, -35.014953902592623 ] ] ] ] } },
{ "type": "Feature", "properties": { "OBJECTID": 51, "Comments": "Construction noise contour - CnstrContoursEarthworks", "FSource": "MOTTM - noise specialists model run for Rev B", "SourceDate": 20251027.0, "Supplier": "MOTTM", "path_windows": "C:\\Users\\bri86955\\Mott MacDonald\\MGO - Moata Geospatial - JBR2HR\\01Incoming\\20251024_Noise\\Noise shp files Rev B\\Noise Rev B figures\\Metadata\\CnstrContours\\CnstrContoursEarthworks.shp", "path_rootname": "CnstrContoursEarthworks", "IsoValue": 80, "shapefile_type": "shapefile_polygon", "SHAPE_Length": 43.674577601301991, "SHAPE_Area": 150.07028833605483 }, "geometry": { "type": "MultiPolygon", "coordinates": [ [ [ [ 150.580731012903385, -35.014253677281651 ], [ 150.580731267690084, -35.014250013399256 ], [ 150.580732213391741, -35.014244283616023 ], [ 150.580733794458951, -35.014238447511154 ], [ 150.580735971853585, -35.014232565605681 ], [ 150.580738705469059, -35.01422669749789 ], [ 150.580741955251938, -35.014220900984114 ], [ 150.580745682137689, -35.01421523748634 ], [ 150.580749846046331, -35.014209765701864 ], [ 150.58075440580285, -35.014204544306196 ], [ 150.580759322369346, -35.014199633820333 ], [ 150.580764555665922, -35.014195092941613 ], [ 150.580770066681282, -35.014190981290113 ], [ 150.58077581528255, -35.014187359365081 ], [ 150.5807817603214, -35.014184284941066 ], [ 150.580787862760104, -35.014181818539136 ], [ 150.580794083587449, -35.014180019779417 ], [ 150.580800381628677, -35.014178947337427 ], [ 150.58080671677763, -35.014178660811488 ], [ 150.580813078972994, -35.01417920417277 ], [ 150.580819239409607, -35.014180496233521 ], [ 150.580825319123704, -35.014182482615368 ], [ 150.58083127812165, -35.01418510753129 ], [ 150.580837078706196, -35.014188311634285 ], [ 150.580842680883592, -35.014192039137377 ], [ 150.580848046930072, -35.014196231594461 ], [ 150.580853135783286, -35.014200832295835 ], [ 150.58085791078787, -35.014205783718182 ], [ 150.580862332003079, -35.014211028272669 ], [ 150.580866359488255, -35.014216508370495 ], [ 150.580869955466227, -35.01422216736745 ], [ 150.580873081117858, -35.014227946795614 ], [ 150.580875696449198, -35.014233790868047 ], [ 150.580877762667711, -35.01423964021587 ], [ 150.580879240874452, -35.014245439073989 ], [ 150.580880093318825, -35.014251129897247 ], [ 150.580880278991316, -35.014256654173998 ], [ 150.580879775472511, -35.014261954664846 ], [ 150.580877930470365, -35.014269088125616 ], [ 150.580874866263173, -35.01427572670687 ], [ 150.580870698710157, -35.014281842970746 ], [ 150.580865545834399, -35.014287410423968 ], [ 150.580859524537289, -35.014292403452345 ], [ 150.580852750704935, -35.014296793717087 ], [ 150.580845342360561, -35.014300554724912 ], [ 150.580837416405814, -35.0143036608617 ], [ 150.580829090917149, -35.014306083832373 ], [ 150.580820480606093, -35.014307797979143 ], [ 150.580811703549188, -35.014308775007017 ], [ 150.580802876621703, -35.01430899020292 ], [ 150.580792187158352, -35.014308194669837 ], [ 150.580783278071237, -35.014306624225817 ], [ 150.580774691169893, -35.014304271424614 ], [ 150.580766543820715, -35.014301169256811 ], [ 150.580758951067224, -35.014297355174101 ], [ 150.580752028032464, -35.014292863925327 ], [ 150.580745889839363, -35.014287730259383 ], [ 150.58074065265285, -35.014281990748906 ], [ 150.58073643050065, -35.014275680120875 ], [ 150.580733339574039, -35.014268834046995 ], [ 150.580731494969058, -35.014261488177034 ], [ 150.580731012903385, -35.014253677281651 ] ] ] ] } },
{ "type": "Feature", "properties": { "OBJECTID": 52, "Comments": "Construction noise contour - CnstrContoursEarthworks", "FSource": "MOTTM - noise specialists model run for Rev B", "SourceDate": 20251027.0, "Supplier": "MOTTM", "path_windows": "C:\\Users\\bri86955\\Mott MacDonald\\MGO - Moata Geospatial - JBR2HR\\01Incoming\\20251024_Noise\\Noise shp files Rev B\\Noise Rev B figures\\Metadata\\CnstrContours\\CnstrContoursEarthworks.shp", "path_rootname": "CnstrContoursEarthworks", "IsoValue": 80, "shapefile_type": "shapefile_polygon", "SHAPE_Length": 30.933121870123934, "SHAPE_Area": 72.419329195573269 }, "geometry": { "type": "MultiPolygon", "coordinates": [ [ [ [ 150.580824898951903, -35.012642268216858 ], [ 150.580825391164808, -35.012635528760441 ], [ 150.580826689603526, -35.012627755175188 ], [ 150.580828745783663, -35.012620221166401 ], [ 150.580831534578948, -35.012613110131944 ], [ 150.580835031905195, -35.012606607293328 ], [ 150.580839214773277, -35.012600897893989 ], [ 150.580844058057096, -35.012596165331679 ], [ 150.580849537619684, -35.012592596629858 ], [ 150.580855630525235, -35.012590375229991 ], [ 150.580862310499896, -35.012589686309923 ], [ 150.580867070761059, -35.012590151744362 ], [ 150.580872745671684, -35.012591555815405 ], [ 150.580878531471853, -35.01259380767231 ], [ 150.580884309078755, -35.012596821103969 ], [ 150.5808899604516, -35.012600511722979 ], [ 150.5808953687241, -35.012604792461012 ], [ 150.580900415881899, -35.012609578029803 ], [ 150.580904982841929, -35.012614782218286 ], [ 150.580908951563174, -35.012620320639158 ], [ 150.580912204084086, -35.012626106202269 ], [ 150.580914624553543, -35.012632054564008 ], [ 150.580916091698185, -35.012638079469639 ], [ 150.580916489719982, -35.012644094773663 ], [ 150.580915683289874, -35.012650268154268 ], [ 150.580913647034777, -35.012656456673909 ], [ 150.580910535655534, -35.012662392977902 ], [ 150.580906502579381, -35.012668001698373 ], [ 150.580901698937481, -35.012673211027476 ], [ 150.580896278130723, -35.012677946498279 ], [ 150.580890390168861, -35.012682137182061 ], [ 150.58088418954793, -35.012685708633754 ], [ 150.580877826330919, -35.012688588122842 ], [ 150.580871453865853, -35.012690702984408 ], [ 150.580865222242323, -35.012691979586982 ], [ 150.5808592859035, -35.012692345287554 ], [ 150.580854297459069, -35.012691851863977 ], [ 150.580847355900318, -35.012689667103324 ], [ 150.580841303724952, -35.012685931529049 ], [ 150.580836163432224, -35.012680848419755 ], [ 150.580831956532535, -35.012674617428409 ], [ 150.580828704403217, -35.012667442712633 ], [ 150.580826429622874, -35.012659524848168 ], [ 150.580825154743394, -35.012651065311616 ], [ 150.580824898951903, -35.012642268216858 ] ] ] ] } },
{ "type": "Feature", "properties": { "OBJECTID": 53, "Comments": "Construction noise contour - CnstrContoursEarthworks", "FSource": "MOTTM - noise specialists model run for Rev B", "SourceDate": 20251027.0, "Supplier": "MOTTM", "path_windows": "C:\\Users\\bri86955\\Mott MacDonald\\MGO - Moata Geospatial - JBR2HR\\01Incoming\\20251024_Noise\\Noise shp files Rev B\\Noise Rev B figures\\Metadata\\CnstrContours\\CnstrContoursEarthworks.shp", "path_rootname": "CnstrContoursEarthworks", "IsoValue": 80, "shapefile_type": "shapefile_polygon", "SHAPE_Length": 108.4920072209265, "SHAPE_Area": 383.79255967317965 }, "geometry": { "type": "MultiPolygon", "coordinates": [ [ [ [ 150.581065609179177, -35.012089107196864 ], [ 150.581064453694523, -35.012081801214336 ], [ 150.581063451999682, -35.012075225781295 ], [ 150.581062448923007, -35.012068399713229 ], [ 150.581061451758245, -35.012061335776103 ], [ 150.581060463312838, -35.012054050252281 ], [ 150.581059492002169, -35.01204655502864 ], [ 150.581058542850286, -35.012038865530258 ], [ 150.581057622055937, -35.012030994501266 ], [ 150.58105673354811, -35.012022957344946 ], [ 150.581055884594065, -35.012014767728175 ], [ 150.581055080270858, -35.012006439274195 ], [ 150.5810543267242, -35.011997986529011 ], [ 150.581053630126206, -35.01198942313767 ], [ 150.581052994432468, -35.011980763602516 ], [ 150.581052426910162, -35.011972021590438 ], [ 150.581051933704913, -35.011963211647448 ], [ 150.581051518825319, -35.011954346473985 ], [ 150.581051189459004, -35.011945442439782 ], [ 150.581050950736113, -35.011936511366173 ], [ 150.581050808775757, -35.011927568700102 ], [ 150.581050767351684, -35.01191822598512 ], [ 150.581050830397572, -35.011909242333751 ], [ 150.581050990292312, -35.011900281347337 ], [ 150.581051244527373, -35.011891353793452 ], [ 150.581051590647121, -35.011882468637772 ], [ 150.581052023926418, -35.011873637505133 ], [ 150.581052544099691, -35.011864869404882 ], [ 150.581053145399807, -35.01185617413816 ], [ 150.581053827481696, -35.011847563417106 ], [ 150.581054584604658, -35.01183904614193 ], [ 150.581055415355195, -35.011830633102029 ], [ 150.581056317251182, -35.011822334164009 ], [ 150.581057286715492, -35.011814159172694 ], [ 150.581058320144535, -35.011806118873778 ], [ 150.581059415029671, -35.011798224034841 ], [ 150.58106056784689, -35.011790482698792 ], [ 150.581061776061091, -35.011782906534151 ], [ 150.581063038258662, -35.011775506330302 ], [ 150.581064348698987, -35.01176829098744 ], [ 150.581065705995115, -35.011761270393997 ], [ 150.581069014537917, -35.011745850089262 ], [ 150.581071720752902, -35.011734882733244 ], [ 150.581074584460282, -35.011724743358776 ], [ 150.5810776131799, -35.011715511444784 ], [ 150.581080816648353, -35.01170726561292 ], [ 150.581084202385512, -35.011700085342135 ], [ 150.581087781196601, -35.011694050176835 ], [ 150.581091559559496, -35.011689237772266 ], [ 150.581095547157872, -35.011685728551932 ], [ 150.581099752606775, -35.011683602016596 ], [ 150.581104185669489, -35.011682935886981 ], [ 150.581106635542852, -35.011683199287312 ], [ 150.581110898164525, -35.011684599524116 ], [ 150.581115280360365, -35.01168714790807 ], [ 150.581119737784064, -35.011690787664008 ], [ 150.581124226115861, -35.011695461115849 ], [ 150.581128702184145, -35.011701108807422 ], [ 150.58113312057398, -35.011707673040867 ], [ 150.581137436939031, -35.011715097041012 ], [ 150.581141608107515, -35.011723321351745 ], [ 150.581145588637895, -35.011732289176088 ], [ 150.581149335331872, -35.01174194195891 ], [ 150.581152803895918, -35.011752221123153 ], [ 150.581155949983497, -35.011763069893732 ], [ 150.581157810558693, -35.011770431402709 ], [ 150.581159449973711, -35.011777712778589 ], [ 150.581160939428514, -35.01178517506326 ], [ 150.581162275929842, -35.011792808280916 ], [ 150.581163455415975, -35.011800601532983 ], [ 150.581164475988686, -35.01180854486546 ], [ 150.581165334654742, -35.011816628302583 ], [ 150.58116602954243, -35.011824840989412 ], [ 150.581166555468457, -35.011833172906492 ], [ 150.581166911629623, -35.011841614121678 ], [ 150.581167093964154, -35.011850153736397 ], [ 150.581167100600396, -35.011858780895707 ], [ 150.581166928491967, -35.011867487425718 ], [ 150.581166574698727, -35.011876261548707 ], [ 150.581166036227387, -35.011885093288889 ], [ 150.581165310111174, -35.011893971769503 ], [ 150.581164393330312, -35.011902887915674 ], [ 150.581163284013115, -35.011911830872485 ], [ 150.581161978097782, -35.01192078974136 ], [ 150.581160473659565, -35.011929755469225 ], [ 150.581158977893921, -35.011937682881474 ], [ 150.581157193716422, -35.011946250893679 ], [ 150.581155252567868, -35.01195479143626 ], [ 150.581153170123827, -35.011963293102696 ], [ 150.581150962113156, -35.011971742684672 ], [ 150.581148640899812, -35.011980129611089 ], [ 150.581146223334201, -35.011988439794528 ], [ 150.581143723970428, -35.011996662707581 ], [ 150.581141156347257, -35.012004785098235 ], [ 150.581138537261921, -35.012012794680885 ], [ 150.581135880200094, -35.012020680005421 ], [ 150.581133199768999, -35.01202842874256 ], [ 150.581130511670978, -35.012036028584909 ], [ 150.581127830513225, -35.012043467203199 ], [ 150.58112517199811, -35.012050732290042 ], [ 150.581122549611223, -35.012057812395284 ], [ 150.581119977986475, -35.012064694288746 ], [ 150.581117472799576, -35.01207136656398 ], [ 150.581115049752896, -35.01207781691356 ], [ 150.581112721263594, -35.012084032964587 ], [ 150.581110505224132, -35.012090002453327 ], [ 150.581102660927229, -35.012111730916473 ], [ 150.581098291252005, -35.012124043443123 ], [ 150.58109458741967, -35.012134210236574 ], [ 150.581091415986776, -35.012142186267099 ], [ 150.581088646794797, -35.012147926570428 ], [ 150.581086148616663, -35.012151385259465 ], [ 150.581083789103502, -35.012152517326221 ], [ 150.581082571050729, -35.012152170312682 ], [ 150.581080256870024, -35.012149755114457 ], [ 150.581077929474759, -35.012145073367996 ], [ 150.581075574503501, -35.012138166254324 ], [ 150.581073179785051, -35.012129074998171 ], [ 150.58107072879443, -35.012117839835959 ], [ 150.581068210402435, -35.012104503816083 ], [ 150.581065609179177, -35.012089107196864 ] ] ] ] } },
{ "type": "Feature", "properties": { "OBJECTID": 54, "Comments": "Construction noise contour - CnstrContoursEarthworks", "FSource": "MOTTM - noise specialists model run for Rev B", "SourceDate": 20251027.0, "Supplier": "MOTTM", "path_windows": "C:\\Users\\bri86955\\Mott MacDonald\\MGO - Moata Geospatial - JBR2HR\\01Incoming\\20251024_Noise\\Noise shp files Rev B\\Noise Rev B figures\\Metadata\\CnstrContours\\CnstrContoursEarthworks.shp", "path_rootname": "CnstrContoursEarthworks", "IsoValue": 80, "shapefile_type": "shapefile_polygon", "SHAPE_Length": 947.71604763704886, "SHAPE_Area": 7217.2134942819112 }, "geometry": { "type": "MultiPolygon", "coordinates": [ [ [ [ 150.585681490565037, -35.009479058420609 ], [ 150.585675207772169, -35.009474707302246 ], [ 150.585669211045854, -35.009470464644146 ], [ 150.585662942621497, -35.009465997521872 ], [ 150.585656371149838, -35.009461328749602 ], [ 150.585649465175806, -35.009456484745272 ], [ 150.58564219439225, -35.009451490146709 ], [ 150.58563452737053, -35.009446370470904 ], [ 150.585626432708551, -35.00944115033387 ], [ 150.585617880072618, -35.00943585527434 ], [ 150.585608838060693, -35.009430509908313 ], [ 150.585599275244107, -35.009425139752707 ], [ 150.585589160220707, -35.009419769423516 ], [ 150.585578463751943, -35.009414424481164 ], [ 150.585567153340605, -35.009409129519831 ], [ 150.585555198653083, -35.00940391007812 ], [ 150.585542567192221, -35.009398790750154 ], [ 150.585529229719413, -35.009393797096301 ], [ 150.585515154805933, -35.009388954633351 ], [ 150.585500309981114, -35.009384287054345 ], [ 150.585490990190749, -35.009381570237601 ], [ 150.585483464159552, -35.009379481386439 ], [ 150.585475781231992, -35.009377437189734 ], [ 150.585467953532799, -35.009375435184396 ], [ 150.585459991985658, -35.009373476489287 ], [ 150.585451905430148, -35.009371558575914 ], [ 150.585443705885069, -35.009369682584932 ], [ 150.585435403232026, -35.009367847811546 ], [ 150.585427008500687, -35.009366051770897 ], [ 150.585418532614796, -35.009364295581811 ], [ 150.585409984360922, -35.009362578517738 ], [ 150.58540137690585, -35.009360899939239 ], [ 150.585392719062639, -35.009359258218815 ], [ 150.585384021808011, -35.009357652673451 ], [ 150.585375296065678, -35.009356084422059 ], [ 150.585366551743704, -35.009354551858898 ], [ 150.585357800913869, -35.009353054322773 ], [ 150.58534905238929, -35.009351590186206 ], [ 150.585340317093596, -35.009350160568061 ], [ 150.58533160709851, -35.009348764807193 ], [ 150.585322931243667, -35.009347400375127 ], [ 150.585314300452723, -35.009346068390805 ], [ 150.585305726797372, -35.009344768193046 ], [ 150.585297219090762, -35.009343498154344 ], [ 150.585288788309526, -35.00934225759174 ], [ 150.58528044537735, -35.009341047624169 ], [ 150.58527220132396, -35.009339865766805 ], [ 150.585264066004385, -35.009338712215822 ], [ 150.585256049300369, -35.009337586266483 ], [ 150.585248164378612, -35.009336487279427 ], [ 150.585240418930653, -35.009335414506353 ], [ 150.585232825028271, -35.009334367286066 ], [ 150.585225393621585, -35.009333345836581 ], [ 150.585218133523711, -35.00933234853045 ], [ 150.585211057901347, -35.009331374728319 ], [ 150.585204174419658, -35.009330424582799 ], [ 150.585197496271803, -35.009329496553605 ], [ 150.585191033312952, -35.009328590836965 ], [ 150.585184794329734, -35.009327706706365 ], [ 150.585178792488819, -35.009326843522437 ], [ 150.585133197378951, -35.009319402957615 ], [ 150.585100235136878, -35.009311220440416 ], [ 150.585076089667865, -35.009300728086217 ], [ 150.585051747210741, -35.009285608181955 ], [ 150.585044740749595, -35.00928094153555 ], [ 150.585039152017146, -35.009277208184784 ], [ 150.585033277256429, -35.00927329064924 ], [ 150.585027127903373, -35.00926920989027 ], [ 150.585020712055751, -35.009264988605729 ], [ 150.585014042271013, -35.009260646877827 ], [ 150.585007127768534, -35.009256206525272 ], [ 150.584999978862612, -35.009251689388556 ], [ 150.584992605894143, -35.009247116407245 ], [ 150.584985020272427, -35.009242509443638 ], [ 150.584977232364849, -35.009237888536354 ], [ 150.584969251390646, -35.009233275504108 ], [ 150.584961088732683, -35.009228693110131 ], [ 150.584952753689777, -35.009224160470346 ], [ 150.584944257618162, -35.009219701248895 ], [ 150.584935610911657, -35.009215334583494 ], [ 150.584926822762981, -35.009211083193783 ], [ 150.584917905676434, -35.009206968963895 ], [ 150.584908867829228, -35.009203011888872 ], [ 150.584899720657063, -35.009199232930044 ], [ 150.584890474421201, -35.009195655729862 ], [ 150.584879442215538, -35.009191707627103 ], [ 150.584869450423952, -35.009188408559091 ], [ 150.584859401797246, -35.009185328316669 ], [ 150.584849314306126, -35.009182451932674 ], [ 150.584839209179677, -35.009179765406273 ], [ 150.58482910553667, -35.009177251990202 ], [ 150.584819022363178, -35.009174899441938 ], [ 150.584808982036492, -35.009172691980609 ], [ 150.584799002527234, -35.009170614639046 ], [ 150.584789103996087, -35.00916865249372 ], [ 150.584779305455811, -35.009166792401182 ], [ 150.584769629283556, -35.009165018580568 ], [ 150.584760092328537, -35.009163316943905 ], [ 150.584750715872957, -35.009161671688517 ], [ 150.584741520051097, -35.009160068791886 ], [ 150.58473252390209, -35.009158494209629 ], [ 150.584723748708228, -35.009156932139085 ], [ 150.584715212387266, -35.009155369415083 ], [ 150.584706935152838, -35.009153789312229 ], [ 150.584698938207794, -35.009152178730751 ], [ 150.584683209005505, -35.009148675268264 ], [ 150.584669157899725, -35.009145075404092 ], [ 150.584656024058489, -35.009141208036446 ], [ 150.584643666295705, -35.009137030690049 ], [ 150.584631946683857, -35.009132501855824 ], [ 150.584620723957357, -35.009127581761092 ], [ 150.584609861336844, -35.009122227116606 ], [ 150.584599216514874, -35.009116396325915 ], [ 150.584588651511069, -35.00911004968161 ], [ 150.584578026287687, -35.009103142927927 ], [ 150.584573635194459, -35.009100152773129 ], [ 150.584566657011152, -35.009095271212324 ], [ 150.584559560683402, -35.009090197089215 ], [ 150.584552327763618, -35.009084961587831 ], [ 150.584544935344553, -35.009079598507753 ], [ 150.58453736273546, -35.009074140791249 ], [ 150.584529590340708, -35.009068621402378 ], [ 150.584521595306029, -35.009063072338847 ], [ 150.584513357982701, -35.009057528366576 ], [ 150.584504856638034, -35.00905202060413 ], [ 150.584496069486221, -35.00904658197193 ], [ 150.584486976878566, -35.009041247235878 ], [ 150.584477557082323, -35.00903604751452 ], [ 150.584467789406716, -35.009031015750033 ], [ 150.58445765313445, -35.009026185785565 ], [ 150.584447125384713, -35.009021590519659 ], [ 150.584435955090868, -35.009017160948815 ], [ 150.584427304784043, -35.009013998535984 ], [ 150.584418477358042, -35.009010972323033 ], [ 150.584409499358173, -35.009008073823836 ], [ 150.584400398424748, -35.009005294574095 ], [ 150.584391203372661, -35.009002623428486 ], [ 150.584381940694215, -35.009000053702785 ], [ 150.584372640325739, -35.008997573372547 ], [ 150.584363329854597, -35.008995175775375 ], [ 150.584354035905619, -35.008992849722389 ], [ 150.584344787187632, -35.008990587672066 ], [ 150.58433561027249, -35.00898838023739 ], [ 150.584326536138548, -35.008986217217668 ], [ 150.584317590262629, -35.008984089204105 ], [ 150.584308800258526, -35.008981988633437 ], [ 150.58430019600965, -35.008979905283127 ], [ 150.584291804061309, -35.008977830667192 ], [ 150.584283652106876, -35.00897575451954 ], [ 150.584275769976671, -35.008973668419564 ], [ 150.584268183147543, -35.008971562958536 ], [ 150.584247100853105, -35.008964997832734 ], [ 150.58423351030541, -35.008960045875547 ], [ 150.58422091754079, -35.008954808189536 ], [ 150.584209103142314, -35.008949220007175 ], [ 150.584197850898619, -35.008943219329176 ], [ 150.584186942514435, -35.008936740508759 ], [ 150.58417616175214, -35.008929722447363 ], [ 150.584165291438183, -35.008922098618932 ], [ 150.584154113145047, -35.008913807881157 ], [ 150.58414573208313, -35.00890737848615 ], [ 150.584139252616694, -35.008902342766255 ], [ 150.584132600185313, -35.00889715305653 ], [ 150.584125767344375, -35.008891838957091 ], [ 150.584118745686681, -35.008886425541554 ], [ 150.584111527847114, -35.008880939707204 ], [ 150.584104104244005, -35.00887540920867 ], [ 150.584096469755224, -35.008869859184969 ], [ 150.584088614772554, -35.008864318291643 ], [ 150.58408053083582, -35.008858813404181 ], [ 150.584072210632883, -35.008853369617995 ], [ 150.584063646772023, -35.008848014731257 ], [ 150.584054830793008, -35.00884277561947 ], [ 150.584045754235689, -35.008837679158084 ], [ 150.584036409734807, -35.008832752244345 ], [ 150.584026789925105, -35.008828021775535 ], [ 150.584016886372865, -35.008823513726135 ], [ 150.584005092590957, -35.008818603838058 ], [ 150.58399616346145, -35.008815162697722 ], [ 150.583987047702095, -35.008811845848129 ], [ 150.583977756952095, -35.008808630082896 ], [ 150.583968301782249, -35.008805491272909 ], [ 150.583958692763247, -35.008802405289053 ], [ 150.583948941534459, -35.008799348924953 ], [ 150.583939058666573, -35.00879629805155 ], [ 150.58392905470393, -35.00879322944062 ], [ 150.583918940270308, -35.00879011716124 ], [ 150.583908725856958, -35.008786939787093 ], [ 150.583898423182802, -35.008783671409041 ], [ 150.583888043860526, -35.008780289721678 ], [ 150.58387759629764, -35.008776769651362 ], [ 150.583867094323352, -35.008773088035383 ], [ 150.583856546318543, -35.008769220701041 ], [ 150.583845963922613, -35.008765144442016 ], [ 150.583835357732909, -35.008760834228319 ], [ 150.583824739415348, -35.008756265952663 ], [ 150.583814118392837, -35.008751417266083 ], [ 150.583807753654071, -35.008748367040866 ], [ 150.583799695984936, -35.008744353684307 ], [ 150.583791653826097, -35.008740185583896 ], [ 150.583783631212981, -35.008735874539056 ], [ 150.583775634291584, -35.008731435095676 ], [ 150.583767667176858, -35.008726876350394 ], [ 150.583759734919767, -35.00872221282728 ], [ 150.58375184374583, -35.008717456369432 ], [ 150.583743998811968, -35.008712617897132 ], [ 150.583736204100575, -35.008707711011745 ], [ 150.58372846583714, -35.008702747556327 ], [ 150.583720790273617, -35.008697738473025 ], [ 150.583713180297423, -35.008692697341367 ], [ 150.58370564320245, -35.008687636927171 ], [ 150.583698183077132, -35.008682567228028 ], [ 150.583690806093898, -35.00867750188889 ], [ 150.583683515166626, -35.008672453588353 ], [ 150.583676318737247, -35.008667433312169 ], [ 150.583669219719638, -35.008662453738921 ], [ 150.58366222431269, -35.008657527612669 ], [ 150.583655337673292, -35.008652665853717 ], [ 150.583648564878814, -35.008647882085221 ], [ 150.583641911086175, -35.008643187227541 ], [ 150.583635381399205, -35.008638594002861 ], [ 150.583628982016791, -35.008634115155232 ], [ 150.583622715879244, -35.008629762462277 ], [ 150.583616591402006, -35.008625547810752 ], [ 150.583604974151967, -35.00861769360494 ], [ 150.583592269129895, -35.008609311106312 ], [ 150.583580191732381, -35.008601530667406 ], [ 150.583568685347046, -35.008594265521367 ], [ 150.583557690156141, -35.008587426133076 ], [ 150.583547147357365, -35.008580925692058 ], [ 150.583536997053614, -35.008574677365928 ], [ 150.583527180522367, -35.008568591641342 ], [ 150.583517640056527, -35.008562581729528 ], [ 150.583508314690704, -35.008556559875338 ], [ 150.583499146770976, -35.00855043748809 ], [ 150.583490076374062, -35.008544128636288 ], [ 150.583480432898398, -35.00853711423877 ], [ 150.583472900780976, -35.008531476069592 ], [ 150.583465304459253, -35.008525711317155 ], [ 150.583457600326597, -35.008519849762642 ], [ 150.583449749236024, -35.008513918571687 ], [ 150.583441709797484, -35.008507946668146 ], [ 150.583433441768904, -35.008501961195833 ], [ 150.583424904855292, -35.008495991100375 ], [ 150.583416057693029, -35.008490064404697 ], [ 150.583406860013582, -35.008484209153465 ], [ 150.583397270426957, -35.008478454270502 ], [ 150.583387249786085, -35.008472826921327 ], [ 150.583376756727404, -35.008467355128786 ], [ 150.583365749834371, -35.008462068717556 ], [ 150.583360255625848, -35.008459595622064 ], [ 150.583352179539247, -35.00845613537026 ], [ 150.583343891364393, -35.008452770955678 ], [ 150.583335420799017, -35.008449498462561 ], [ 150.583326798635795, -35.008446313996984 ], [ 150.583318053450938, -35.008443214522316 ], [ 150.583309218227186, -35.008440196188253 ], [ 150.583300320419113, -35.008437256837325 ], [ 150.583291390872517, -35.008434390773722 ], [ 150.583282460300552, -35.008431596806368 ], [ 150.5832735595489, -35.008428869239523 ], [ 150.583264718235682, -35.008426206860278 ], [ 150.583255965016633, -35.008423603929266 ], [ 150.583247332794912, -35.008421059299067 ], [ 150.583238850226223, -35.008418567230279 ], [ 150.583230546928633, -35.00841612651012 ], [ 150.583222454842883, -35.008413731464636 ], [ 150.583214602518638, -35.008411379958254 ], [ 150.583207020748546, -35.008409068097158 ], [ 150.583199740298738, -35.008406792888458 ], [ 150.583192790866917, -35.0084045504165 ], [ 150.583170835647138, -35.008396754342861 ], [ 150.583155612027582, -35.00839041212398 ], [ 150.583141902245359, -35.008383746688182 ], [ 150.583129067327093, -35.008376504614198 ], [ 150.583116464935244, -35.008368435117838 ], [ 150.58310345275919, -35.008359286513723 ], [ 150.583089390652191, -35.008348808060788 ], [ 150.583081351729049, -35.008342671175953 ], [ 150.583075410918525, -35.008338099570516 ], [ 150.583069273612892, -35.008333354574241 ], [ 150.583062955680447, -35.008328455434032 ], [ 150.583056474031423, -35.008323423220517 ], [ 150.583049843465659, -35.008318276257882 ], [ 150.583043080919907, -35.008313034715769 ], [ 150.583036201193949, -35.008307716918381 ], [ 150.583029222292993, -35.008302343958178 ], [ 150.583022157921846, -35.008296934137498 ], [ 150.583015026112236, -35.008291507647854 ], [ 150.583007841637311, -35.008286083714381 ], [ 150.5830006214604, -35.008280681605825 ], [ 150.582993381423051, -35.008275321470101 ], [ 150.582986137420107, -35.008270021653196 ], [ 150.582978905266657, -35.008264803203971 ], [ 150.582971700857428, -35.00825968446842 ], [ 150.582964540033998, -35.008254685594459 ], [ 150.582957440854585, -35.008249825872696 ], [ 150.582944984864611, -35.008241548332869 ], [ 150.582934886087088, -35.00823504136207 ], [ 150.58292495519288, -35.008228786540222 ], [ 150.582915191264675, -35.008222740578702 ], [ 150.582905596617138, -35.008216862056187 ], [ 150.582896172416923, -35.008211111331455 ], [ 150.582886919910266, -35.00820544606043 ], [ 150.582877839248425, -35.008199823877234 ], [ 150.58286893162466, -35.0081942042397 ], [ 150.582860199327172, -35.008188546627466 ], [ 150.582851642533853, -35.008182807773679 ], [ 150.582843262411416, -35.008176948037146 ], [ 150.582835060206151, -35.008170925073784 ], [ 150.582829064690628, -35.00816631450509 ], [ 150.582821442690033, -35.008160233688656 ], [ 150.58281387832335, -35.008154018800163 ], [ 150.582806311505891, -35.00814770109519 ], [ 150.582798683274461, -35.008141310950208 ], [ 150.582790931354396, -35.008134879577135 ], [ 150.582782996809101, -35.008128436451436 ], [ 150.582774819527373, -35.008122013729619 ], [ 150.582766339451098, -35.008115641766238 ], [ 150.582757496522163, -35.008109350915838 ], [ 150.582748229587452, -35.008103171511145 ], [ 150.582738479683798, -35.008097133928501 ], [ 150.582728186700166, -35.008091270324265 ], [ 150.582717289509873, -35.008085610130145 ], [ 150.582711620093164, -35.008082874793892 ], [ 150.582703831769294, -35.008079318368303 ], [ 150.582695807187918, -35.008075860001675 ], [ 150.582687575993617, -35.00807249758023 ], [ 150.582679171142445, -35.008069228154802 ], [ 150.582670623400503, -35.008066048732516 ], [ 150.582661964655301, -35.008062955441432 ], [ 150.582653226688421, -35.008059948013376 ], [ 150.582644440345405, -35.008057020752709 ], [ 150.582635638502808, -35.008054173413079 ], [ 150.582626850884679, -35.008051401177987 ], [ 150.582618111515558, -35.008048702021057 ], [ 150.582609448944936, -35.008046073806781 ], [ 150.582600897250416, -35.008043512706941 ], [ 150.582592487197957, -35.008041015728779 ], [ 150.582584249527173, -35.008038580780443 ], [ 150.582576217167485, -35.008036205813788 ], [ 150.582568420938003, -35.00803388603422 ], [ 150.582560892646683, -35.008031620272668 ], [ 150.582553664154574, -35.00802940555824 ], [ 150.582546766254211, -35.008027237997283 ], [ 150.58253119983209, -35.008022049058184 ], [ 150.582514423110695, -35.008015767760661 ], [ 150.582499591920737, -35.008009311583812 ], [ 150.582485920495543, -35.008002352060664 ], [ 150.582472625205924, -35.007994562569344 ], [ 150.582458921354743, -35.007985615564891 ], [ 150.582444024271837, -35.007975182601051 ], [ 150.58243700424191, -35.007970129710287 ], [ 150.582430999367517, -35.00796580109504 ], [ 150.582424754181375, -35.007961336076306 ], [ 150.582418270801583, -35.007956774360821 ], [ 150.58241155353619, -35.007952155698902 ], [ 150.582404605545264, -35.007947521620963 ], [ 150.58239742894682, -35.00794291183368 ], [ 150.582390028022388, -35.007938366988355 ], [ 150.582382405931924, -35.007933928615373 ], [ 150.582374565888443, -35.00792963644323 ], [ 150.582366511078448, -35.007925531101385 ], [ 150.582358244688322, -35.007921653219306 ], [ 150.582349771026031, -35.007918042547338 ], [ 150.582341091061465, -35.007914740572197 ], [ 150.582332210171018, -35.007911787966968 ], [ 150.582323131567563, -35.007909224460192 ], [ 150.582313857342427, -35.007907090659479 ], [ 150.582304390681912, -35.007905427194267 ], [ 150.582294735867322, -35.007904274715841 ], [ 150.582283533847601, -35.007903611547412 ], [ 150.582274922405446, -35.007903527365578 ], [ 150.582266221639117, -35.007903760522034 ], [ 150.58225745028858, -35.00790426992279 ], [ 150.58224863035224, -35.007905015440286 ], [ 150.582239780490539, -35.007905958683324 ], [ 150.582230922754974, -35.007907057722484 ], [ 150.582222076901047, -35.007908274188431 ], [ 150.582213262737213, -35.007909567909977 ], [ 150.58220450116707, -35.007910898737741 ], [ 150.582195813094074, -35.007912226522372 ], [ 150.582187218326879, -35.007913511092681 ], [ 150.582178736620989, -35.007914714079369 ], [ 150.582170390028097, -35.007915793553046 ], [ 150.582162197208703, -35.007916711122633 ], [ 150.582154179066492, -35.007917426638748 ], [ 150.582146356531638, -35.007917899051151 ], [ 150.582138749359729, -35.007918089990582 ], [ 150.58213137845442, -35.007917959307719 ], [ 150.582124263650996, -35.007917465930475 ], [ 150.582117425826539, -35.007916570610497 ], [ 150.582110884763239, -35.007915234077579 ], [ 150.582102135784794, -35.007912527480762 ], [ 150.582095056781611, -35.007909441296476 ], [ 150.582088424218284, -35.00790570503797 ], [ 150.582082222825335, -35.007901353558196 ], [ 150.58207643730691, -35.007896422610983 ], [ 150.582071050150518, -35.007890948807479 ], [ 150.582066048250169, -35.007884967945152 ], [ 150.582061414119806, -35.007878515734205 ], [ 150.582057132463461, -35.007871627928445 ], [ 150.582053187958564, -35.007864341182632 ], [ 150.582049565335609, -35.007856690349648 ], [ 150.582046249272025, -35.007848712084218 ], [ 150.582043223403304, -35.007840441217397 ], [ 150.582040471285239, -35.007831915283042 ], [ 150.582037979838418, -35.007823169177648 ], [ 150.582035731576696, -35.00781423861136 ], [ 150.582033711204019, -35.007805159337977 ], [ 150.582031903371302, -35.007795968913179 ], [ 150.582030430702901, -35.007787526174134 ], [ 150.582029121844784, -35.007779027203355 ], [ 150.582027967199849, -35.007770425834714 ], [ 150.582026965108554, -35.00776170400583 ], [ 150.58202611174795, -35.007752842709728 ], [ 150.582025402253095, -35.007743821115668 ], [ 150.582024833869468, -35.007734621139484 ], [ 150.582024403895673, -35.007725222895012 ], [ 150.582024108508705, -35.007715607375296 ], [ 150.582023943885559, -35.007705755573312 ], [ 150.582023906229836, -35.007695647581151 ], [ 150.582023992813504, -35.007685264413638 ], [ 150.582024200908592, -35.007674587085589 ], [ 150.582024524528691, -35.007663595645425 ], [ 150.582024962040748, -35.007652271129807 ], [ 150.582025509621843, -35.007640594531736 ], [ 150.582026164570436, -35.00762854596509 ], [ 150.582026921942088, -35.007616107301992 ], [ 150.582027779061832, -35.007603257755378 ], [ 150.58202873208009, -35.007589979219205 ], [ 150.582029285950085, -35.007582628883824 ], [ 150.582029821320674, -35.007575720799721 ], [ 150.582030378329989, -35.007568710379722 ], [ 150.582030957940361, -35.007561602150361 ], [ 150.582031558950717, -35.007554399693554 ], [ 150.58203218117535, -35.007547109315844 ], [ 150.582032823439675, -35.007539733698238 ], [ 150.582033486652989, -35.007532279169133 ], [ 150.582034170735767, -35.007524748431322 ], [ 150.582034873312239, -35.00751714774772 ], [ 150.582035595397883, -35.007509479842959 ], [ 150.582036336833482, -35.007501750122678 ], [ 150.582037096391446, -35.007493963069763 ], [ 150.582037873912611, -35.007486124089787 ], [ 150.58203866931737, -35.0074782358856 ], [ 150.582039482446561, -35.007470303862824 ], [ 150.582040312072564, -35.007462332504304 ], [ 150.582041159131222, -35.007454327237511 ], [ 150.582042021352947, -35.007446290721589 ], [ 150.582042900768556, -35.007438228405817 ], [ 150.582043793960509, -35.007430144729419 ], [ 150.582044702959507, -35.007422045141674 ], [ 150.582045627686085, -35.007413932345386 ], [ 150.582046565791018, -35.007405811702526 ], [ 150.582047517115171, -35.007397688618724 ], [ 150.582048483768972, -35.007389565840455 ], [ 150.582049462281759, -35.007381449608786 ], [ 150.582050453668899, -35.007373342648378 ], [ 150.582051457744768, -35.007365251265796 ], [ 150.582052474429759, -35.007357178163815 ], [ 150.582053502443159, -35.007349129627222 ], [ 150.582054541678957, -35.00734110925972 ], [ 150.58205559090942, -35.007333121544214 ], [ 150.582056652192023, -35.007325171029038 ], [ 150.582057723204059, -35.007317262175192 ], [ 150.582058803812942, -35.007309399487426 ], [ 150.582059892791051, -35.007301587448559 ], [ 150.582060992169204, -35.007293831507873 ], [ 150.582062099677842, -35.007286134324545 ], [ 150.582063216226317, -35.00727850222696 ], [ 150.582064917242889, -35.007267094717875 ], [ 150.582066540432379, -35.007256469933381 ], [ 150.582068174229676, -35.007246005821301 ], [ 150.582069818396093, -35.0072357104901 ], [ 150.582071470449876, -35.007225593806425 ], [ 150.582073127909297, -35.007215665636927 ], [ 150.582074790482579, -35.007205935891953 ], [ 150.582076453551025, -35.007196412592641 ], [ 150.582078117917916, -35.007187105671122 ], [ 150.582079778885003, -35.007178025851339 ], [ 150.582081436213514, -35.007169181241778 ], [ 150.582083087421807, -35.007160581709073 ], [ 150.582084730054675, -35.007152236218957 ], [ 150.582086362698789, -35.00714415556088 ], [ 150.582087982898969, -35.00713634870057 ], [ 150.582089589321583, -35.007128823724635 ], [ 150.58209117833681, -35.00712159227978 ], [ 150.582092749705936, -35.007114662474493 ], [ 150.582094300947318, -35.007108044175411 ], [ 150.58209582960572, -35.007101746348276 ], [ 150.582097334294417, -35.007095778881585 ], [ 150.582098812531655, -35.007090151642011 ], [ 150.58210026186228, -35.007084873595261 ], [ 150.582101681994516, -35.007079954651708 ], [ 150.582103068283232, -35.007075403733381 ], [ 150.582104421531625, -35.007071230772453 ], [ 150.582105737094594, -35.007067444690996 ], [ 150.582107014680361, -35.007064055399347 ], [ 150.582111291228358, -35.007055225131111 ], [ 150.582115417722861, -35.007051082202359 ], [ 150.582119851828793, -35.007051041668326 ], [ 150.582124990936819, -35.007054667927804 ], [ 150.582131235722898, -35.007061525444968 ], [ 150.5821389847261, -35.007071176838359 ], [ 150.582148636379884, -35.007083188330121 ], [ 150.58216059029246, -35.007097123461257 ], [ 150.582167020220396, -35.007104130704221 ], [ 150.582171668079951, -35.007109036268133 ], [ 150.582176528363448, -35.007114057847424 ], [ 150.582181578447575, -35.007119182370644 ], [ 150.582186795682475, -35.007124397667276 ], [ 150.582192158539812, -35.007129690687727 ], [ 150.582197644369643, -35.007135049261485 ], [ 150.582203231643689, -35.007140460338924 ], [ 150.582208896617033, -35.00714591172774 ], [ 150.582214618882773, -35.007151389499221 ], [ 150.582220375764479, -35.007156882383796 ], [ 150.582226143543807, -35.007162377288232 ], [ 150.582231901760764, -35.007167862085716 ], [ 150.58223762672344, -35.007173322782023 ], [ 150.582243297945411, -35.007178748151318 ], [ 150.58224889170819, -35.007184125100331 ], [ 150.58225438538841, -35.007189440557696 ], [ 150.58225975855251, -35.007194681495619 ], [ 150.582264988524031, -35.007199836644638 ], [ 150.582270051584487, -35.007204892911489 ], [ 150.582274926231918, -35.007209836345666 ], [ 150.582279590884838, -35.007214655699521 ], [ 150.582284022919652, -35.007219337901631 ], [ 150.582288199686445, -35.007223870781587 ], [ 150.582292099656627, -35.007228241289795 ], [ 150.582303572303914, -35.007242448073669 ], [ 150.58231278809933, -35.007257766460583 ], [ 150.582316844242229, -35.007271607282178 ], [ 150.582316072617232, -35.007285015642594 ], [ 150.582310802945727, -35.007299035700846 ], [ 150.582301366070652, -35.007314710736338 ], [ 150.582298195049589, -35.007319297304015 ], [ 150.582294455114237, -35.007324526096674 ], [ 150.58229048113455, -35.00732996387238 ], [ 150.582286321714406, -35.007335597176294 ], [ 150.582282026420046, -35.007341417080106 ], [ 150.582277642760317, -35.007347410107158 ], [ 150.582273218164573, -35.007353565483633 ], [ 150.582268803373609, -35.007359871600258 ], [ 150.582264445816861, -35.007366317683179 ], [ 150.582260195140123, -35.007372892101365 ], [ 150.582256097677828, -35.007379584059152 ], [ 150.582252203128945, -35.007386380123613 ], [ 150.582248559964853, -35.007393271344654 ], [ 150.582245216763027, -35.007400245168441 ], [ 150.582242223169487, -35.007407289963915 ], [ 150.582239625492122, -35.007414395836427 ], [ 150.582237472335095, -35.00742154933122 ], [ 150.582235814412854, -35.007428739739979 ], [ 150.582234699155009, -35.007435956288958 ], [ 150.582234174017572, -35.00744318730343 ], [ 150.582234156146257, -35.007447367047462 ], [ 150.582234616656052, -35.007454724078954 ], [ 150.582235660603146, -35.007462062088486 ], [ 150.582237239137442, -35.007469365679015 ], [ 150.582239301165856, -35.007476621211694 ], [ 150.582241798906693, -35.007483814212243 ], [ 150.582244681293304, -35.007490930140847 ], [ 150.582247897232492, -35.007497955358687 ], [ 150.582251398969078, -35.007504874490508 ], [ 150.58225513653133, -35.007511673018378 ], [ 150.582259057704476, -35.007518338182564 ], [ 150.582263114759769, -35.00752485370689 ], [ 150.582267257698931, -35.00753120597436 ], [ 150.582271436523598, -35.007537381368003 ], [ 150.582275600219987, -35.007543363546148 ], [ 150.582279699831759, -35.007549140715568 ], [ 150.582283685440018, -35.007554696556433 ], [ 150.582287508141405, -35.007560017473608 ], [ 150.58229111580053, -35.007565088004618 ], [ 150.582294460582489, -35.007569895477054 ], [ 150.582308959718688, -35.007592875251156 ], [ 150.582318811870465, -35.00760831359446 ], [ 150.582331652589431, -35.007623837639542 ], [ 150.582351810334444, -35.007642140689015 ], [ 150.58235415936872, -35.007644039115362 ], [ 150.58235887058899, -35.007647761408322 ], [ 150.582363906920591, -35.007651642528081 ], [ 150.582369256398266, -35.007655679531759 ], [ 150.582374903745176, -35.007659870311947 ], [ 150.582380833711056, -35.007664211860259 ], [ 150.582387034330651, -35.007668701233811 ], [ 150.582393490353638, -35.007673335424244 ], [ 150.582400188693214, -35.007678112367778 ], [ 150.582407114125687, -35.007683028155121 ], [ 150.582414253564139, -35.007688080722517 ], [ 150.582421592853393, -35.007693267083397 ], [ 150.582429117811529, -35.007698585152205 ], [ 150.58243681430983, -35.00770403104147 ], [ 150.58244466816646, -35.007709602665614 ], [ 150.582452665226128, -35.007715297038104 ], [ 150.582460792428549, -35.007721111194229 ], [ 150.582469034496853, -35.00772704302662 ], [ 150.582477378397215, -35.007733088669639 ], [ 150.58248580885288, -35.007739246015888 ], [ 150.582494313898479, -35.007745512122533 ], [ 150.582502878257145, -35.007751884882154 ], [ 150.582511487800105, -35.007758360407337 ], [ 150.582520128371982, -35.007764935711599 ], [ 150.582528785764396, -35.007771609610295 ], [ 150.582536020605147, -35.00777725543395 ], [ 150.582543354345404, -35.007783040250935 ], [ 150.582550688499765, -35.007788885473992 ], [ 150.582558026459367, -35.007794787564855 ], [ 150.582565365018809, -35.007800743755233 ], [ 150.582572706474195, -35.00780675048501 ], [ 150.58258005093154, -35.007812804150447 ], [ 150.582587396333508, -35.007818900203212 ], [ 150.582594743828167, -35.007825036863231 ], [ 150.582602092479647, -35.007831208703081 ], [ 150.582609444557477, -35.007837413063577 ], [ 150.582616797977778, -35.007843646297324 ], [ 150.582624152820131, -35.007849905701498 ], [ 150.582631509217094, -35.007856186771434 ], [ 150.582638867274795, -35.00786248590336 ], [ 150.582646227099303, -35.007868799493522 ], [ 150.582653588770199, -35.007875124839124 ], [ 150.582660952420042, -35.00788145743546 ], [ 150.582668317033438, -35.007887794557888 ], [ 150.582675683837948, -35.007894131723553 ], [ 150.58268305069663, -35.007900467086934 ], [ 150.582690419985141, -35.0079067943851 ], [ 150.582697790634967, -35.007913112695313 ], [ 150.582705162778694, -35.007919417512852 ], [ 150.582712535453908, -35.007925704311219 ], [ 150.582719909808702, -35.007931971310363 ], [ 150.582727284880633, -35.007938213983778 ], [ 150.582734660802231, -35.007944427826743 ], [ 150.582742038721619, -35.007950611059236 ], [ 150.582747854073745, -35.007955460536529 ], [ 150.582755853084734, -35.007962095158241 ], [ 150.582763845837519, -35.00796868187701 ], [ 150.582771825841633, -35.007975217859141 ], [ 150.582779788876138, -35.007981697611697 ], [ 150.582787728424108, -35.007988119201897 ], [ 150.582795642428124, -35.007994478081436 ], [ 150.582803523355693, -35.008000769592897 ], [ 150.582811368001416, -35.008006990967992 ], [ 150.582819170996288, -35.008013138493908 ], [ 150.582826925902907, -35.008019207535021 ], [ 150.582834629515759, -35.008025195323114 ], [ 150.582842277587389, -35.008031097266212 ], [ 150.582849862558902, -35.008036909607846 ], [ 150.582857381251301, -35.008042628678794 ], [ 150.582864828269095, -35.008048251667212 ], [ 150.582872198296343, -35.008053773058364 ], [ 150.582879487032557, -35.00805919006217 ], [ 150.582886690230282, -35.008064498086696 ], [ 150.582893801398995, -35.008069694298243 ], [ 150.582900816264754, -35.008074775005781 ], [ 150.582907729511618, -35.008079734694604 ], [ 150.582914536812581, -35.008084571475635 ], [ 150.582921232825129, -35.008089280735042 ], [ 150.582927813248773, -35.008093859682809 ], [ 150.582934272767545, -35.008098302804193 ], [ 150.582940606012528, -35.008102606386423 ], [ 150.582953320149386, -35.008111083786574 ], [ 150.582965400555906, -35.008118943674788 ], [ 150.582976990116862, -35.008126319610788 ], [ 150.582988116646931, -35.008133271645669 ], [ 150.582998812393782, -35.008139858115896 ], [ 150.583009107362216, -35.008146139116199 ], [ 150.583019030514976, -35.00815217291759 ], [ 150.583028614099987, -35.008158017856516 ], [ 150.583037887000529, -35.008163734906745 ], [ 150.583046880369636, -35.008169382382924 ], [ 150.583055623143679, -35.008175019456935 ], [ 150.583064146475749, -35.008180704443397 ], [ 150.583072480397306, -35.00818649653597 ], [ 150.583082102965193, -35.008193511449662 ], [ 150.583090070940813, -35.008199527025702 ], [ 150.583098029430971, -35.008205641573589 ], [ 150.58310604279427, -35.008211827528612 ], [ 150.583114175495382, -35.008218053722281 ], [ 150.583122495124996, -35.008224294457179 ], [ 150.583131066147757, -35.008230518564801 ], [ 150.583139955112358, -35.008236698523973 ], [ 150.583149225309029, -35.008242805847146 ], [ 150.583158945529448, -35.008248811254887 ], [ 150.583169177942295, -35.008254687138724 ], [ 150.583179991365824, -35.008260403318204 ], [ 150.583191449063719, -35.008265932206591 ], [ 150.583196848192955, -35.008268359243353 ], [ 150.58320469291985, -35.008271713030176 ], [ 150.583212774576367, -35.008274983192912 ], [ 150.583221061221877, -35.008278175405465 ], [ 150.583229524280284, -35.008281292704382 ], [ 150.583238131916886, -35.008284337159779 ], [ 150.583246854434066, -35.008287312687372 ], [ 150.583255661039175, -35.008290223180992 ], [ 150.583264522060972, -35.008293071655395 ], [ 150.583273405611891, -35.008295861982653 ], [ 150.583282282047179, -35.00829859627656 ], [ 150.583291120574245, -35.008301278431063 ], [ 150.583299891521875, -35.008303911460914 ], [ 150.583308562975873, -35.008306500139163 ], [ 150.583317106413091, -35.008309045700514 ], [ 150.583325489919332, -35.00831155291808 ], [ 150.583333683823412, -35.008314024806637 ], [ 150.583341657332625, -35.008316465260137 ], [ 150.583349380802304, -35.008318876392465 ], [ 150.583356821249737, -35.008321262053975 ], [ 150.583363951167257, -35.00832362620406 ], [ 150.583382991136403, -35.008330482534348 ], [ 150.583397597215992, -35.008336476175941 ], [ 150.583410869312786, -35.008342675820572 ], [ 150.58342320943126, -35.008349233711442 ], [ 150.583435022887585, -35.008356301256057 ], [ 150.583446714998274, -35.008364029861802 ], [ 150.583458691026919, -35.008372572737741 ], [ 150.583471354126942, -35.008382080346387 ], [ 150.583474840708391, -35.008384753235006 ], [ 150.583480832647695, -35.008389375420499 ], [ 150.583487035160488, -35.008394176684853 ], [ 150.583493448962685, -35.008399132702699 ], [ 150.583500072553647, -35.008404220005971 ], [ 150.583506908759659, -35.008409417015756 ], [ 150.583513954985079, -35.008414700242142 ], [ 150.583521214109254, -35.008420046304352 ], [ 150.583528684605, -35.008425432635242 ], [ 150.583536367135139, -35.008430836711298 ], [ 150.583544262415472, -35.008436234207181 ], [ 150.583552369987302, -35.00844160347846 ], [ 150.583560691634915, -35.008446921122548 ], [ 150.583569225831127, -35.008452164572276 ], [ 150.583577973291682, -35.008457309502269 ], [ 150.583586934652828, -35.00846233428998 ], [ 150.583596110603878, -35.008467215510905 ], [ 150.583605500712508, -35.00847193061977 ], [ 150.583615105667974, -35.008476456192078 ], [ 150.583619666957503, -35.008478500526181 ], [ 150.583628645530894, -35.008482344732336 ], [ 150.583637788217573, -35.008486047972106 ], [ 150.583647083484266, -35.008489629847972 ], [ 150.583656524071614, -35.008493113653458 ], [ 150.583666100609946, -35.008496519935626 ], [ 150.583675804797878, -35.008499870164265 ], [ 150.583685626117699, -35.008503186666566 ], [ 150.583695557363171, -35.008506490934131 ], [ 150.583705588095995, -35.00850980259132 ], [ 150.58371570993549, -35.008513145810753 ], [ 150.583725913538387, -35.008516540238574 ], [ 150.583736190550439, -35.008520009146523 ], [ 150.583746531628492, -35.008523572180749 ], [ 150.58375692734981, -35.008527251690218 ], [ 150.58376736938672, -35.008531070045713 ], [ 150.583777848369522, -35.008535047794346 ], [ 150.583788355997029, -35.008539206405963 ], [ 150.58379888287314, -35.008543567328623 ], [ 150.583809419575118, -35.00854815291131 ], [ 150.583819956706805, -35.008552984602083 ], [ 150.583830522932317, -35.008558093621716 ], [ 150.583838725768828, -35.008562236974079 ], [ 150.583846908204976, -35.008566515139606 ], [ 150.583855065083924, -35.008570917197986 ], [ 150.583863188043182, -35.00857542946067 ], [ 150.583871270830798, -35.008580040985521 ], [ 150.583879307221366, -35.008584739929518 ], [ 150.583887289920966, -35.008589513526879 ], [ 150.58389521379911, -35.00859434995634 ], [ 150.583903069371843, -35.0085992364085 ], [ 150.58391085255073, -35.008604162885781 ], [ 150.583918554999741, -35.008609114798759 ], [ 150.583926171561956, -35.008614081227094 ], [ 150.583933694890391, -35.0086190512069 ], [ 150.583941117744018, -35.008624010170507 ], [ 150.58394843384437, -35.008628948076748 ], [ 150.583955636992414, -35.008633852181667 ], [ 150.583962719867685, -35.008638710620403 ], [ 150.583969676271153, -35.00864351064898 ], [ 150.583976499950808, -35.008648241325311 ], [ 150.583983182517613, -35.008652889861821 ], [ 150.583989718867571, -35.008657443536315 ], [ 150.583996102748642, -35.008661891406732 ], [ 150.584002325745246, -35.008666221586395 ], [ 150.584008382779928, -35.008670420452255 ], [ 150.58401426538407, -35.008674477919477 ], [ 150.584028973722525, -35.008684485050537 ], [ 150.584042511742723, -35.008693529544153 ], [ 150.584055126056256, -35.008701831762558 ], [ 150.584066974059084, -35.00870955349879 ], [ 150.584078213173854, -35.008716855644842 ], [ 150.584089004081846, -35.008723900058989 ], [ 150.584099502015988, -35.008730847589504 ], [ 150.584109867604951, -35.008737861896435 ], [ 150.584120258324845, -35.008745102069696 ], [ 150.584130832641165, -35.008752730824668 ], [ 150.584139962112772, -35.008759529401239 ], [ 150.584146775704227, -35.008764678147998 ], [ 150.584153748450973, -35.008769966185376 ], [ 150.584160894288345, -35.008775366746846 ], [ 150.584168227178168, -35.008780852164961 ], [ 150.584175760013693, -35.008786393849519 ], [ 150.584183506730255, -35.008791965033964 ], [ 150.584191481289622, -35.008797538050857 ], [ 150.584199696558642, -35.008803085210886 ], [ 150.584208165403965, -35.008808578824784 ], [ 150.584216902882503, -35.008813991246853 ], [ 150.584225921834417, -35.008819295688753 ], [ 150.584235235179534, -35.008824462659284 ], [ 150.584244857921504, -35.008829466314609 ], [ 150.584254801858634, -35.008834278042684 ], [ 150.584265082021091, -35.008838871098732 ], [ 150.584276965279003, -35.008843719640979 ], [ 150.584285735110711, -35.008847026876033 ], [ 150.584294666865247, -35.008850193100223 ], [ 150.584303730659201, -35.008853228535997 ], [ 150.584312903311854, -35.008856139032019 ], [ 150.584322156034773, -35.00885893483261 ], [ 150.584331462335655, -35.008861622621914 ], [ 150.584340794574132, -35.008864210864196 ], [ 150.584350127326445, -35.008866707166376 ], [ 150.584359432952226, -35.008869119992731 ], [ 150.58436868490611, -35.008871457829358 ], [ 150.584377855574246, -35.0088737282396 ], [ 150.584386919532847, -35.008875938830386 ], [ 150.584395849141544, -35.008878098066063 ], [ 150.584404617881518, -35.008880213531789 ], [ 150.584413198085912, -35.008882294592816 ], [ 150.584421563262424, -35.008884347933396 ], [ 150.584429686839172, -35.008886382940609 ], [ 150.584437542323883, -35.008888406298723 ], [ 150.584445102076216, -35.008890426472043 ], [ 150.584460913183591, -35.008894980001159 ], [ 150.584475530268207, -35.008899711681565 ], [ 150.58448898196778, -35.00890465363527 ], [ 150.584501519754554, -35.00890989831214 ], [ 150.584513389599294, -35.008915538953936 ], [ 150.584524842948042, -35.008921668911235 ], [ 150.584536126893283, -35.008928380546401 ], [ 150.58454748959619, -35.008935767144465 ], [ 150.584559182503142, -35.008943922055735 ], [ 150.584566816793057, -35.008949480160254 ], [ 150.584573334087935, -35.008954311076621 ], [ 150.58458002718487, -35.008959311362958 ], [ 150.584586902486478, -35.008964449595368 ], [ 150.584593969627434, -35.008969696217264 ], [ 150.584601237147325, -35.00897502165023 ], [ 150.584608711448823, -35.00898039447037 ], [ 150.584616401044997, -35.008985786000224 ], [ 150.5846243156235, -35.008991164881287 ], [ 150.584632460412394, -35.008996502370692 ], [ 150.584640846194276, -35.009001767131686 ], [ 150.584649479292239, -35.009006930443228 ], [ 150.584658368298847, -35.009011960924994 ], [ 150.58466752175363, -35.009016828998547 ], [ 150.584676946006169, -35.009021505041815 ], [ 150.584686651812433, -35.009025958619048 ], [ 150.584696644453459, -35.00903015918545 ], [ 150.584706932203801, -35.00903408617193 ], [ 150.584715926138614, -35.009037225658254 ], [ 150.584725111579218, -35.00904018686046 ], [ 150.584734478352431, -35.009042980393595 ], [ 150.58474401623215, -35.009045618674506 ], [ 150.584753713897243, -35.009048114098306 ], [ 150.584763560026545, -35.009050479060122 ], [ 150.584773545515418, -35.009052725097668 ], [ 150.584783659042756, -35.009054864606092 ], [ 150.584793888192394, -35.009056909958694 ], [ 150.584804224954752, -35.009058872715009 ], [ 150.584814655818633, -35.0090607652266 ], [ 150.584825172774515, -35.009062599053017 ], [ 150.584835763379715, -35.009064387468541 ], [ 150.584846416339644, -35.009066141967345 ], [ 150.584857123618235, -35.009067875009976 ], [ 150.584867870635833, -35.009069598025214 ], [ 150.584878650424884, -35.009071324396338 ], [ 150.584889449527282, -35.009073064673018 ], [ 150.584900258811956, -35.009074831294001 ], [ 150.584915976110835, -35.009077472688858 ], [ 150.584926623996495, -35.009079325339556 ], [ 150.584937268906515, -35.009081241934233 ], [ 150.584947912765927, -35.009083231525878 ], [ 150.584958553040337, -35.009085305783138 ], [ 150.584969191654835, -35.009087473758989 ], [ 150.584979827196491, -35.0090897462429 ], [ 150.584990458252406, -35.009092134024364 ], [ 150.585001086747695, -35.00909464615637 ], [ 150.585011710147967, -35.009097294307523 ], [ 150.585022330378308, -35.009100087530825 ], [ 150.585032944904356, -35.00910303749491 ], [ 150.585043555624708, -35.009106154153706 ], [ 150.58505416115301, -35.009109447395751 ], [ 150.58506476010291, -35.009112927109584 ], [ 150.585075354320026, -35.00911660505102 ], [ 150.585085941349462, -35.009120490185857 ], [ 150.585096523063413, -35.009124593368988 ], [ 150.585107096954033, -35.009128925368081 ], [ 150.585117664946466, -35.009133495236135 ], [ 150.585122708384006, -35.00913576366203 ], [ 150.585131153478329, -35.009139683680488 ], [ 150.585139595641522, -35.009143740662978 ], [ 150.585148033054423, -35.009147921952781 ], [ 150.585156468357553, -35.00915221227752 ], [ 150.585164899758297, -35.009156598079507 ], [ 150.585173328722561, -35.009161066767362 ], [ 150.585181756795777, -35.009165603046952 ], [ 150.585190182185386, -35.009170193360568 ], [ 150.585198607452298, -35.009174825138643 ], [ 150.585207030856878, -35.00917948302164 ], [ 150.585215454960036, -35.009184154439957 ], [ 150.585223878022163, -35.009188824034062 ], [ 150.58523230257768, -35.009193480135309 ], [ 150.585240726886866, -35.009198107384137 ], [ 150.585249153537234, -35.009202692310069 ], [ 150.585257580762516, -35.009207220454456 ], [ 150.585266010002186, -35.009211680126853 ], [ 150.585274442828052, -35.009216055132185 ], [ 150.58528287742098, -35.00922033281369 ], [ 150.585291316394802, -35.009224498799917 ], [ 150.585299757930386, -35.009228540434108 ], [ 150.585308204668081, -35.009232442443896 ], [ 150.585316654788642, -35.009236192172537 ], [ 150.585325110905984, -35.009239775248552 ], [ 150.585333571253841, -35.009243177213357 ], [ 150.585345281730952, -35.00924757148033 ], [ 150.585356057204649, -35.009251308896587 ], [ 150.585366799307423, -35.009254765291445 ], [ 150.585377488920585, -35.009257957412203 ], [ 150.585388106925308, -35.009260902006226 ], [ 150.585398632012868, -35.009263615777243 ], [ 150.58540904506458, -35.00926611547262 ], [ 150.585419324771607, -35.009268417796129 ], [ 150.585429453110294, -35.009270539516926 ], [ 150.585439409893439, -35.009272496459623 ], [ 150.585449173785719, -35.009274306228988 ], [ 150.585458724600016, -35.009275984649626 ], [ 150.58546804431262, -35.009277548490751 ], [ 150.585477111588347, -35.009279015357102 ], [ 150.585485906239967, -35.009280401073312 ], [ 150.585494409175311, -35.009281721485891 ], [ 150.585502600127796, -35.009282995122298 ], [ 150.585510458936653, -35.009284236906261 ], [ 150.585517965388306, -35.00928546356343 ], [ 150.585525100311031, -35.00928669364307 ], [ 150.585551686273277, -35.009292327797198 ], [ 150.585568078188288, -35.009297255134022 ], [ 150.585582867002444, -35.009303268381522 ], [ 150.585597034075022, -35.009310752166172 ], [ 150.585611558708337, -35.009320086565758 ], [ 150.585627419030914, -35.009331654338538 ], [ 150.58563544247545, -35.009337843036526 ], [ 150.585641064368218, -35.009342275657332 ], [ 150.585646845941028, -35.009346904369856 ], [ 150.585652760427735, -35.009351707907598 ], [ 150.585658783305092, -35.009356663245818 ], [ 150.585664887806928, -35.009361749118035 ], [ 150.585671048288532, -35.009366943378673 ], [ 150.585677239105166, -35.009372223882096 ], [ 150.585683434638554, -35.009377567581787 ], [ 150.585689610286011, -35.009382954155832 ], [ 150.585695738292117, -35.009388358712229 ], [ 150.585701794027784, -35.00939376182999 ], [ 150.585707751901083, -35.009399139561687 ], [ 150.585713586240757, -35.009404470662666 ], [ 150.585719271401956, -35.009409732987386 ], [ 150.585724781766373, -35.009414903489315 ], [ 150.585730090567637, -35.009419960902036 ], [ 150.585735172160895, -35.009424883080008 ], [ 150.585740003117792, -35.009429647020312 ], [ 150.585744554455459, -35.009434232313886 ], [ 150.585757958721501, -35.009448507877167 ], [ 150.585768047864946, -35.009460572873429 ], [ 150.585775275339216, -35.009470805027853 ], [ 150.585779975426163, -35.009479461601352 ], [ 150.585782481339464, -35.009486798931995 ], [ 150.585783128483229, -35.009493073401238 ], [ 150.585777967439782, -35.009505090013135 ], [ 150.585769315748394, -35.009509797474145 ], [ 150.585756891996709, -35.009511252193647 ], [ 150.585750603073762, -35.009510798900628 ], [ 150.585742140491732, -35.009509260252131 ], [ 150.585732599412893, -35.009506466932194 ], [ 150.58572187135897, -35.009502232882447 ], [ 150.585709848841077, -35.009496375669912 ], [ 150.585696425492074, -35.009488711982435 ], [ 150.585681490565037, -35.009479058420609 ] ] ] ] } },
{ "type": "Feature", "properties": { "OBJECTID": 55, "Comments": "Construction noise contour - CnstrContoursEarthworks", "FSource": "MOTTM - noise specialists model run for Rev B", "SourceDate": 20251027.0, "Supplier": "MOTTM", "path_windows": "C:\\Users\\bri86955\\Mott MacDonald\\MGO - Moata Geospatial - JBR2HR\\01Incoming\\20251024_Noise\\Noise shp files Rev B\\Noise Rev B figures\\Metadata\\CnstrContours\\CnstrContoursEarthworks.shp", "path_rootname": "CnstrContoursEarthworks", "IsoValue": 80, "shapefile_type": "shapefile_polygon", "SHAPE_Length": 142.07945205193252, "SHAPE_Area": 772.82944711002392 }, "geometry": { "type": "MultiPolygon", "coordinates": [ [ [ [ 150.581834249271481, -35.008669439845754 ], [ 150.581832797925529, -35.008662617465355 ], [ 150.581831657945514, -35.008657202170156 ], [ 150.581830451979926, -35.008651423170186 ], [ 150.581829188231723, -35.008645299559738 ], [ 150.581827874877348, -35.008638851334048 ], [ 150.581826516755143, -35.008632100224744 ], [ 150.581825123189645, -35.008625064447045 ], [ 150.581823700087625, -35.00861776665532 ], [ 150.581822255652071, -35.008610225943919 ], [ 150.581820795842816, -35.008602463165332 ], [ 150.581819329957852, -35.008594497435681 ], [ 150.581817862835521, -35.008586350486631 ], [ 150.581816402652208, -35.008578042313438 ], [ 150.581814956489268, -35.008569592889472 ], [ 150.58181353140165, -35.008561023089129 ], [ 150.581812135565684, -35.008552352907621 ], [ 150.581810774967806, -35.008543602296584 ], [ 150.581809457757828, -35.008534792152162 ], [ 150.5818081899221, -35.008525942425955 ], [ 150.581806979610548, -35.008517074014151 ], [ 150.581805754754356, -35.008507583300656 ], [ 150.581804650576458, -35.008498570966928 ], [ 150.581803600080491, -35.008489558801806 ], [ 150.581802595574857, -35.008480547553425 ], [ 150.58180162827307, -35.008471537948111 ], [ 150.581800693848066, -35.008462528096686 ], [ 150.581799783513333, -35.00845351872546 ], [ 150.581798890672246, -35.008444510604399 ], [ 150.581798009902855, -35.00843550182249 ], [ 150.581797132418643, -35.008426493106057 ], [ 150.58179625162299, -35.008417485225081 ], [ 150.581795360998996, -35.008408476246693 ], [ 150.581794453950067, -35.00839946694088 ], [ 150.581793523879696, -35.008390458077614 ], [ 150.581792562080921, -35.008381447680399 ], [ 150.581791564120607, -35.008372437463791 ], [ 150.581790520196904, -35.008363425429465 ], [ 150.581789425903196, -35.008354412391057 ], [ 150.581788273548, -35.008345399096719 ], [ 150.581787055519356, -35.008336383591761 ], [ 150.581785252119772, -35.008323843403858 ], [ 150.581783928098588, -35.008315004276319 ], [ 150.58178258477281, -35.008306188202077 ], [ 150.58178124372418, -35.008297406428923 ], [ 150.581779925545447, -35.008288666579098 ], [ 150.581778651765234, -35.008279981702266 ], [ 150.581777442976346, -35.008271359420661 ], [ 150.581776319665465, -35.008262810960268 ], [ 150.581775304509193, -35.0082543475907 ], [ 150.581774417005306, -35.008245976912391 ], [ 150.581773678708913, -35.008237711074074 ], [ 150.581773111228159, -35.008229560422592 ], [ 150.581772734034246, -35.00822153345932 ], [ 150.581772568735317, -35.00821364053111 ], [ 150.581772636886456, -35.008205893786695 ], [ 150.581772959080411, -35.008198300848321 ], [ 150.581773556872179, -35.008190873864699 ], [ 150.581774450827993, -35.008183621359009 ], [ 150.581775660339417, -35.008176554535389 ], [ 150.581777209204574, -35.008169683784331 ], [ 150.581778756892163, -35.008164155293123 ], [ 150.581781899408071, -35.00815514377593 ], [ 150.581785652941306, -35.008146590664438 ], [ 150.581789958395632, -35.008138530839183 ], [ 150.581794757769728, -35.008130999202614 ], [ 150.581799994130989, -35.008124031579896 ], [ 150.58180560731472, -35.00811766192885 ], [ 150.581811540388287, -35.008111926074662 ], [ 150.581817734282168, -35.008106857997035 ], [ 150.581824133158847, -35.008102493542964 ], [ 150.581830675732277, -35.008098867549464 ], [ 150.581837305070025, -35.008096015841765 ], [ 150.581843964319148, -35.008093971542301 ], [ 150.581850593235714, -35.008092771311794 ], [ 150.58185713494035, -35.008092449173645 ], [ 150.581865315828708, -35.008093351447911 ], [ 150.581872207445031, -35.008095285442351 ], [ 150.581878925586778, -35.008098236438421 ], [ 150.581885470591658, -35.00810215576373 ], [ 150.581891846082442, -35.0081069948113 ], [ 150.581898052449816, -35.008112703106818 ], [ 150.58190409224801, -35.008119231120624 ], [ 150.581909969073109, -35.008126531146686 ], [ 150.581915683315827, -35.008134552710679 ], [ 150.581921237530224, -35.00814324628292 ], [ 150.581926635365392, -35.008152562355498 ], [ 150.58193187603743, -35.008162453135093 ], [ 150.581936964316895, -35.008172868234702 ], [ 150.581939156216123, -35.00817761036771 ], [ 150.581942254130752, -35.008184625127292 ], [ 150.581945257037177, -35.008191852542019 ], [ 150.581948144933619, -35.008199302129363 ], [ 150.581950897685601, -35.00820698791145 ], [ 150.581953495264798, -35.008214920306663 ], [ 150.581955917616227, -35.008223110634333 ], [ 150.581958144658472, -35.008231571114734 ], [ 150.581960157405092, -35.008240313989944 ], [ 150.581961933611126, -35.008249350535635 ], [ 150.58196345431665, -35.008258692092973 ], [ 150.581964699466653, -35.008268349981265 ], [ 150.581965650048119, -35.008278337343548 ], [ 150.581966283869036, -35.008288663653623 ], [ 150.581966582984933, -35.008299342977246 ], [ 150.581966526272168, -35.008310385710992 ], [ 150.581966093675732, -35.008321803174162 ], [ 150.581965265087547, -35.008333608487945 ], [ 150.581964021573924, -35.008345812092514 ], [ 150.581962341984848, -35.008358425285337 ], [ 150.581960206212017, -35.008371461187608 ], [ 150.581959016316404, -35.008377862220534 ], [ 150.581957715555546, -35.008384381840116 ], [ 150.581956313670929, -35.008390986886219 ], [ 150.581954815201726, -35.008397672040566 ], [ 150.581953223671661, -35.008404429260189 ], [ 150.581951543672915, -35.00841125142486 ], [ 150.581949780892757, -35.008418131436237 ], [ 150.581947937733361, -35.008425062130456 ], [ 150.581946020950426, -35.008432037331886 ], [ 150.581944032972672, -35.008439048975767 ], [ 150.581941978365819, -35.008446090842831 ], [ 150.581939862843626, -35.008453154933747 ], [ 150.581937690971756, -35.008460235029283 ], [ 150.581935465178987, -35.008467323064622 ], [ 150.581933191126012, -35.008474412842368 ], [ 150.581930873405014, -35.008481497242279 ], [ 150.581928516608315, -35.00848856914417 ], [ 150.58192612425961, -35.008495620505123 ], [ 150.581923700924648, -35.008502645105821 ], [ 150.581921251195638, -35.008509635826094 ], [ 150.581918780733304, -35.00851658646851 ], [ 150.581916291992968, -35.008523488067354 ], [ 150.581913790635326, -35.008530334425181 ], [ 150.581911280131123, -35.008537119300911 ], [ 150.581908766194118, -35.008543834695253 ], [ 150.581906252321573, -35.008550473466173 ], [ 150.581903743105755, -35.008557028493478 ], [ 150.581901243112384, -35.008563493557922 ], [ 150.58189875586524, -35.008569860616561 ], [ 150.581896288146623, -35.008576122592828 ], [ 150.5818938412107, -35.008582274102942 ], [ 150.581891421919408, -35.008588305367546 ], [ 150.581889033690317, -35.008594211947461 ], [ 150.581886681168839, -35.008599984920593 ], [ 150.581884368920697, -35.008605618067712 ], [ 150.581882101538156, -35.008611104268624 ], [ 150.581879882518507, -35.00861643638131 ], [ 150.581877716480534, -35.008621606384629 ], [ 150.581875607963497, -35.008626608960306 ], [ 150.581873562681182, -35.008631436109013 ], [ 150.581871583062394, -35.008636079765992 ], [ 150.581869674741426, -35.008640534634743 ], [ 150.581867842337005, -35.008644792694149 ], [ 150.58184395079445, -35.008691371189613 ], [ 150.581834249271481, -35.008669439845754 ] ] ] ] } },
{ "type": "Feature", "properties": { "OBJECTID": 56, "Comments": "Construction noise contour - CnstrContoursEarthworks", "FSource": "MOTTM - noise specialists model run for Rev B", "SourceDate": 20251027.0, "Supplier": "MOTTM", "path_windows": "C:\\Users\\bri86955\\Mott MacDonald\\MGO - Moata Geospatial - JBR2HR\\01Incoming\\20251024_Noise\\Noise shp files Rev B\\Noise Rev B figures\\Metadata\\CnstrContours\\CnstrContoursEarthworks.shp", "path_rootname": "CnstrContoursEarthworks", "IsoValue": 80, "shapefile_type": "shapefile_polygon", "SHAPE_Length": 67.549070157793508, "SHAPE_Area": 103.20749626002285 }, "geometry": { "type": "MultiPolygon", "coordinates": [ [ [ [ 150.582113803625106, -35.006528860200916 ], [ 150.582113988962931, -35.006523160315709 ], [ 150.582114292942208, -35.00651540294394 ], [ 150.582114658145628, -35.006507575576528 ], [ 150.582115080598612, -35.006499701572416 ], [ 150.582115559717607, -35.006491800752244 ], [ 150.582116092623039, -35.006483896496697 ], [ 150.58211667432488, -35.006476009440114 ], [ 150.582117305255053, -35.006468162127724 ], [ 150.582117980370498, -35.006460376995697 ], [ 150.582118699061169, -35.006452674765605 ], [ 150.582119457405526, -35.006445076994481 ], [ 150.58212025255051, -35.00643760616213 ], [ 150.582121083833016, -35.006430284792003 ], [ 150.582121946263157, -35.006423133518375 ], [ 150.582122838082711, -35.006416174842876 ], [ 150.582123757560254, -35.006409430366176 ], [ 150.582124701869219, -35.006402921667153 ], [ 150.582125667088093, -35.006396670302863 ], [ 150.582126651432276, -35.00639069967584 ], [ 150.582127652128378, -35.006385029563091 ], [ 150.582128667391743, -35.006379683367165 ], [ 150.582129693327374, -35.006374681744205 ], [ 150.582130728177304, -35.00637004719578 ], [ 150.582131769114966, -35.006365801300802 ], [ 150.582132814382334, -35.006361966560888 ], [ 150.582139148070439, -35.006347604423347 ], [ 150.582143827176822, -35.006346274264573 ], [ 150.582148207318085, -35.006352382458495 ], [ 150.582152151317786, -35.006365080695424 ], [ 150.582155523173441, -35.006383517984766 ], [ 150.58215632348896, -35.006389417808016 ], [ 150.582157048660008, -35.006395488313728 ], [ 150.58215771564528, -35.006401860552558 ], [ 150.582158322811779, -35.006408515561134 ], [ 150.582158864226187, -35.006415431586028 ], [ 150.582159338282054, -35.006422588762966 ], [ 150.582159738992999, -35.006429967140342 ], [ 150.582160064779146, -35.006437545952977 ], [ 150.582160310749032, -35.006445305271072 ], [ 150.582160474227777, -35.006453224307599 ], [ 150.582160551418951, -35.00646128315465 ], [ 150.582160537457696, -35.006469460981506 ], [ 150.582160429616039, -35.006477738803 ], [ 150.582160224150584, -35.006486094909334 ], [ 150.5821599161699, -35.006494509370754 ], [ 150.582159504067562, -35.006502962322969 ], [ 150.582158984073686, -35.006511432957119 ], [ 150.582158350201837, -35.006519901321617 ], [ 150.58215760087208, -35.006528346651244 ], [ 150.582156731192981, -35.006536749016227 ], [ 150.582156011871064, -35.006542909726043 ], [ 150.582154783877627, -35.006552281237958 ], [ 150.582153419485365, -35.006561485062974 ], [ 150.582151934440816, -35.006570470131301 ], [ 150.582150342353629, -35.006579183527663 ], [ 150.582148657875422, -35.006587574160484 ], [ 150.582146895710849, -35.006595589136303 ], [ 150.582145068321552, -35.006603177319882 ], [ 150.582143191507242, -35.006610285839585 ], [ 150.582141278824565, -35.006616863582018 ], [ 150.582139346046688, -35.006622858576478 ], [ 150.582137405688371, -35.006628217885876 ], [ 150.582135472401347, -35.006632890418622 ], [ 150.582133559768749, -35.006636824160388 ], [ 150.582131683563858, -35.006639967140487 ], [ 150.582129858464896, -35.006642267366402 ], [ 150.582128096986651, -35.00664367190106 ], [ 150.58212641378077, -35.006644129652855 ], [ 150.582124210458801, -35.00664312567713 ], [ 150.582122729856366, -35.006641241850865 ], [ 150.582121349725412, -35.006638438728217 ], [ 150.582120073066562, -35.006634763245231 ], [ 150.58211890071712, -35.006630261393433 ], [ 150.582117835651218, -35.006624981009786 ], [ 150.582116879774532, -35.006618969008557 ], [ 150.582116036114229, -35.006612271424899 ], [ 150.582115305480983, -35.006604935151188 ], [ 150.582114690902017, -35.006597006222584 ], [ 150.582114193161431, -35.006588532432431 ], [ 150.582113816354848, -35.006579560738643 ], [ 150.582113561319431, -35.006570137132648 ], [ 150.582113429960827, -35.006560308528748 ], [ 150.582113425279658, -35.006550121862979 ], [ 150.582113549208032, -35.00653962314864 ], [ 150.582113803625106, -35.006528860200916 ] ] ] ] } },
{ "type": "Feature", "properties": { "OBJECTID": 57, "Comments": "Construction noise contour - CnstrContoursEarthworks", "FSource": "MOTTM - noise specialists model run for Rev B", "SourceDate": 20251027.0, "Supplier": "MOTTM", "path_windows": "C:\\Users\\bri86955\\Mott MacDonald\\MGO - Moata Geospatial - JBR2HR\\01Incoming\\20251024_Noise\\Noise shp files Rev B\\Noise Rev B figures\\Metadata\\CnstrContours\\CnstrContoursEarthworks.shp", "path_rootname": "CnstrContoursEarthworks", "IsoValue": 80, "shapefile_type": "shapefile_polygon", "SHAPE_Length": 444.22829208392392, "SHAPE_Area": 8843.7019694496066 }, "geometry": { "type": "MultiPolygon", "coordinates": [ [ [ [ 150.580921001957165, -35.002148046717416 ], [ 150.58092089193002, -35.002142036246937 ], [ 150.580920798271819, -35.002135879163717 ], [ 150.5809207164437, -35.002129580786104 ], [ 150.58092064399051, -35.002123150079775 ], [ 150.580920576399876, -35.002116591462112 ], [ 150.580920510121729, -35.002109913876978 ], [ 150.580920441738641, -35.002103121763582 ], [ 150.580920366605625, -35.002096224043953 ], [ 150.580920283495033, -35.002089225200983 ], [ 150.580920186667015, -35.002082134134845 ], [ 150.580920072677571, -35.002074956185709 ], [ 150.580919939124641, -35.002067698517379 ], [ 150.580919780321381, -35.002060368228229 ], [ 150.580919595013626, -35.002052970702039 ], [ 150.580919377488073, -35.002045513938064 ], [ 150.580919125342575, -35.002038005100189 ], [ 150.58091883513319, -35.002030449528505 ], [ 150.58091850226802, -35.002022854343195 ], [ 150.580918124345004, -35.002015226708139 ], [ 150.580917695703761, -35.002007572820681 ], [ 150.580917215037175, -35.001999899866505 ], [ 150.580916676658376, -35.001992214943975 ], [ 150.580916078218422, -35.001984523415054 ], [ 150.580915416193704, -35.001976833322665 ], [ 150.5809146860189, -35.001969150886069 ], [ 150.580913884223492, -35.001961482346303 ], [ 150.5809130083789, -35.001953835768155 ], [ 150.580912052851374, -35.001946216448111 ], [ 150.580911016333744, -35.001938631571804 ], [ 150.580909893139193, -35.001931088237598 ], [ 150.580908680892179, -35.001923592708401 ], [ 150.580907375000777, -35.00191615210435 ], [ 150.580905973089472, -35.001908772688374 ], [ 150.580904470566367, -35.001901461580644 ], [ 150.580902863934426, -35.001894225923152 ], [ 150.580901149749792, -35.001887071056011 ], [ 150.580899323393993, -35.001880005000373 ], [ 150.580897382491514, -35.001873034019091 ], [ 150.580895323571838, -35.001866164353274 ], [ 150.580893142043152, -35.001859403123035 ], [ 150.580889017541551, -35.001847824474467 ], [ 150.580885114254045, -35.001837997279537 ], [ 150.58088093739417, -35.001828419744662 ], [ 150.580876497161086, -35.001819080354082 ], [ 150.580871803674484, -35.001809970294907 ], [ 150.580866867107034, -35.001801078952326 ], [ 150.58086169650997, -35.001792396590687 ], [ 150.580856303097789, -35.001783914418901 ], [ 150.580850694879871, -35.001775620877552 ], [ 150.580844884165657, -35.001767507197414 ], [ 150.580838878911436, -35.001759563620986 ], [ 150.580832690384739, -35.001751779555292 ], [ 150.580826327610282, -35.001744146165592 ], [ 150.580819801855625, -35.001736652858945 ], [ 150.580813121077, -35.001729289877844 ], [ 150.580806296515505, -35.001722047530251 ], [ 150.580799338343724, -35.001714915201418 ], [ 150.580792255586317, -35.001707884056593 ], [ 150.580785058389409, -35.00170094438193 ], [ 150.580777756925642, -35.001694085562676 ], [ 150.580770361314563, -35.001687298785932 ], [ 150.580762881755362, -35.001680572535975 ], [ 150.580755327272641, -35.001673897978087 ], [ 150.580747708012581, -35.001667265398453 ], [ 150.58074003412122, -35.001660665083229 ], [ 150.580732315771229, -35.001654086417652 ], [ 150.580724892248782, -35.001647801198715 ], [ 150.580717352042456, -35.001641460465983 ], [ 150.580709788127649, -35.001635143599643 ], [ 150.580702204645291, -35.001628858795456 ], [ 150.580694604694287, -35.001622612425457 ], [ 150.580686992495117, -35.001616409982667 ], [ 150.580679373283488, -35.001610259684632 ], [ 150.580671750184962, -35.001604167002512 ], [ 150.580664128461734, -35.001598139252984 ], [ 150.580656511239368, -35.001592181907149 ], [ 150.580648903727052, -35.001586304083574 ], [ 150.580641309076782, -35.00158051035244 ], [ 150.580633731455919, -35.001574808008613 ], [ 150.580626175031796, -35.001569204346914 ], [ 150.580618645119728, -35.001563704882152 ], [ 150.580611145887019, -35.001558316909168 ], [ 150.580603679337742, -35.001553046778184 ], [ 150.580596251829007, -35.001547901827756 ], [ 150.580588867554695, -35.001542888451752 ], [ 150.58058152851882, -35.001538013000449 ], [ 150.580574241078523, -35.001533282812311 ], [ 150.580567008359253, -35.001528703358524 ], [ 150.580559835623262, -35.001524281955774 ], [ 150.58055272484799, -35.001520025855221 ], [ 150.580545682417124, -35.001515941494446 ], [ 150.580538712551032, -35.001512034366435 ], [ 150.580531817200637, -35.001508312623301 ], [ 150.580524618560645, -35.001504584831395 ], [ 150.580512221136701, -35.001498526738047 ], [ 150.580500118667516, -35.001493018110196 ], [ 150.580488321928868, -35.00148799065137 ], [ 150.580476845034383, -35.001483374328693 ], [ 150.580465697665005, -35.001479100823829 ], [ 150.580454893881466, -35.001475101905825 ], [ 150.58044444667604, -35.001471308420925 ], [ 150.580434366798244, -35.001467652973595 ], [ 150.580424667293499, -35.001464064608207 ], [ 150.580415359979725, -35.001460476851989 ], [ 150.58040645787591, -35.001456819650279 ], [ 150.58039797285312, -35.001453024728434 ], [ 150.580389917877284, -35.001449023833651 ], [ 150.580382303751151, -35.001444747768531 ], [ 150.580370293224092, -35.001436676288598 ], [ 150.580362762097991, -35.0014306611452 ], [ 150.580355708046369, -35.001424294027935 ], [ 150.580349074890592, -35.001417622495687 ], [ 150.580342803167355, -35.001410694041773 ], [ 150.580336836724655, -35.001403555324067 ], [ 150.580331117140986, -35.0013962556596 ], [ 150.58032558497959, -35.00138884164074 ], [ 150.580320184035344, -35.001381361727184 ], [ 150.58031485708787, -35.00137386165401 ], [ 150.580309543499396, -35.001366391595461 ], [ 150.580304188239353, -35.001358997330243 ], [ 150.580295967813782, -35.001348042820553 ], [ 150.580290039797859, -35.00134026933295 ], [ 150.580284264586368, -35.001332626901011 ], [ 150.580278760694682, -35.001325108873779 ], [ 150.580273642311653, -35.001317706711191 ], [ 150.58026902469436, -35.001310412795902 ], [ 150.58026502304682, -35.001303221312469 ], [ 150.580261754869014, -35.001296122885435 ], [ 150.5802593353649, -35.001289111699336 ], [ 150.580257878723074, -35.001282179214073 ], [ 150.580257501268903, -35.001275318735125 ], [ 150.580258256129213, -35.001268735053593 ], [ 150.580260307277968, -35.001261733704546 ], [ 150.580263633389592, -35.001254815478141 ], [ 150.580268224423833, -35.001247986484266 ], [ 150.580274069245519, -35.001241252810978 ], [ 150.580281158882855, -35.001234621490859 ], [ 150.580289479957798, -35.001228100370071 ], [ 150.580299025768028, -35.001221693822046 ], [ 150.580309782909012, -35.00121541059378 ], [ 150.580321741367129, -35.001209255894047 ], [ 150.580334892170697, -35.001203236755273 ], [ 150.580342989788136, -35.001199838362453 ], [ 150.580350595223422, -35.001196821389591 ], [ 150.580358485446823, -35.001193843450302 ], [ 150.580366645076595, -35.001190906040712 ], [ 150.580375060947233, -35.001188009799641 ], [ 150.580383714418872, -35.001185155256778 ], [ 150.580392593394436, -35.00118234397371 ], [ 150.580401682518641, -35.001179576545653 ], [ 150.580410964273057, -35.001176852623146 ], [ 150.580420426560579, -35.001174173767851 ], [ 150.580430052931092, -35.001171540553095 ], [ 150.580439828002852, -35.001168954475041 ], [ 150.580449737542125, -35.00116641524977 ], [ 150.580459766193627, -35.001163923472475 ], [ 150.580469898575586, -35.001161480639318 ], [ 150.58048011933289, -35.001159087345499 ], [ 150.580490414205173, -35.001156744208096 ], [ 150.580500768905608, -35.00115445274507 ], [ 150.580511165942255, -35.001152211706135 ], [ 150.580521592070085, -35.001150024432988 ], [ 150.580532030892101, -35.001147889697172 ], [ 150.580547308718849, -35.00114486345403 ], [ 150.580558151089235, -35.001142789950194 ], [ 150.580569054356232, -35.001140769043381 ], [ 150.580580043782305, -35.001138798532992 ], [ 150.580591145724753, -35.001136876240196 ], [ 150.580602386541017, -35.001134999986206 ], [ 150.580613790398644, -35.001133167548502 ], [ 150.580625383628387, -35.001131377649209 ], [ 150.580637192640694, -35.001129626307581 ], [ 150.580649243739884, -35.001127913146661 ], [ 150.580661561120024, -35.00112623504296 ], [ 150.580674172206756, -35.001124590740339 ], [ 150.580687102289119, -35.0011229771372 ], [ 150.580700376629551, -35.001121392032744 ], [ 150.580714020463915, -35.001119834127167 ], [ 150.580728062339432, -35.001118301285203 ], [ 150.580742525355163, -35.001116790361458 ], [ 150.580757435841974, -35.001115300077906 ], [ 150.580772821252083, -35.001113828277383 ], [ 150.580788704658119, -35.001112372715369 ], [ 150.58079857609701, -35.00111149861236 ], [ 150.580806992759733, -35.00111076948312 ], [ 150.580815528634417, -35.001110047237731 ], [ 150.580824176109729, -35.001109329921462 ], [ 150.580832927441776, -35.001108620084274 ], [ 150.580841774939699, -35.001107918474275 ], [ 150.580850710939131, -35.001107224938593 ], [ 150.580859727749214, -35.001106540225315 ], [ 150.580868818747433, -35.001105866005339 ], [ 150.580877975121496, -35.001105203905851 ], [ 150.580887189260153, -35.001104551972134 ], [ 150.580896454487799, -35.00110391367695 ], [ 150.580905763140123, -35.001103288867441 ], [ 150.580915107552812, -35.001102677390783 ], [ 150.580924478886971, -35.001102081775151 ], [ 150.580933871668122, -35.00110150191135 ], [ 150.58094327713701, -35.001100937624749 ], [ 150.580952687549711, -35.001100391465314 ], [ 150.580962096310287, -35.001099864203034 ], [ 150.580971494685997, -35.001099354762282 ], [ 150.580980876027809, -35.001098865714916 ], [ 150.580990231550004, -35.001098397787196 ], [ 150.580999554683103, -35.001097950848184 ], [ 150.581008837736306, -35.001097525645996 ], [ 150.581018072965605, -35.001097124730613 ], [ 150.58102725275981, -35.001096746147404 ], [ 150.581036370443314, -35.001096393369117 ], [ 150.581045417283462, -35.001096065320176 ], [ 150.581054385536277, -35.001095764550627 ], [ 150.581063267563991, -35.001095490006726 ], [ 150.581072057839009, -35.001095243381229 ], [ 150.581080746480666, -35.001095025378604 ], [ 150.581089326892993, -35.001094836768821 ], [ 150.581097791358616, -35.001094679201003 ], [ 150.581106132239768, -35.001094551621392 ], [ 150.581114341792443, -35.001094456580049 ], [ 150.581122413447275, -35.001094393946012 ], [ 150.581130337297083, -35.001094365324697 ], [ 150.581138108962193, -35.001094370628856 ], [ 150.581145718561913, -35.001094410562956 ], [ 150.581156247665149, -35.001094529437459 ], [ 150.581174540315857, -35.001094929299946 ], [ 150.58119176895471, -35.0010955603572 ], [ 150.581207974226032, -35.001096418912667 ], [ 150.581223199043393, -35.001097498610584 ], [ 150.581237486214263, -35.001098796698884 ], [ 150.581250875394176, -35.001100305855317 ], [ 150.581263408348661, -35.001102021504018 ], [ 150.581275129033202, -35.001103939112767 ], [ 150.581286078118495, -35.001106054083806 ], [ 150.581296296301701, -35.001108360918444 ], [ 150.581305826469958, -35.001110854161581 ], [ 150.581314710388767, -35.00111352923723 ], [ 150.581322989850264, -35.001116380668414 ], [ 150.581330706620065, -35.001119403879088 ], [ 150.58133790246373, -35.001122594293214 ], [ 150.581349734278291, -35.001128737483562 ], [ 150.581359683087015, -35.001134798060491 ], [ 150.581368567488937, -35.001140842825841 ], [ 150.581376555544239, -35.001146633537068 ], [ 150.581383818650977, -35.001151930215087 ], [ 150.581390524922341, -35.001156492815362 ], [ 150.581396844581832, -35.001160084039711 ], [ 150.581402947985538, -35.001162462085233 ], [ 150.581409003193642, -35.001163388709131 ], [ 150.581417119096017, -35.001162195596464 ], [ 150.581423422666489, -35.001159784530813 ], [ 150.581430104172199, -35.001156332592771 ], [ 150.581437272935318, -35.001152070934246 ], [ 150.581445043778984, -35.001147229915297 ], [ 150.581453525972478, -35.001142042489697 ], [ 150.581462833244103, -35.001136738995584 ], [ 150.581473075984633, -35.001131551507484 ], [ 150.581484365706302, -35.001126711220778 ], [ 150.581491052376009, -35.001124274434147 ], [ 150.581499086228206, -35.001121700435569 ], [ 150.581507489293244, -35.001119349247134 ], [ 150.581516216733036, -35.001117218172013 ], [ 150.581525219329876, -35.001115304426094 ], [ 150.58153445227228, -35.001113604411621 ], [ 150.58154386636906, -35.001112114443551 ], [ 150.58155341672915, -35.001110833627031 ], [ 150.581563055309346, -35.00110975649693 ], [ 150.581572735055317, -35.001108881213838 ], [ 150.58158240893917, -35.001108205037347 ], [ 150.581592031027981, -35.001107725248929 ], [ 150.581601553252028, -35.001107437284489 ], [ 150.581610929651873, -35.001107339326474 ], [ 150.581620113226137, -35.001107427733615 ], [ 150.58163576077709, -35.001108029014119 ], [ 150.581647857780581, -35.00110892371135 ], [ 150.581659101335703, -35.001110153869085 ], [ 150.581669337644257, -35.001111696589611 ], [ 150.581678410797792, -35.001113526228792 ], [ 150.581686165929625, -35.001115618966203 ], [ 150.58169244814647, -35.001117951882307 ], [ 150.581697102634621, -35.001120499354798 ], [ 150.581699973432364, -35.001123237541357 ], [ 150.581700906741219, -35.001126143544184 ], [ 150.581700097967513, -35.001128720042566 ], [ 150.581697547991126, -35.001131755837797 ], [ 150.581693359449673, -35.001135039327885 ], [ 150.581687636692209, -35.001138635695355 ], [ 150.581680488500496, -35.001142608408109 ], [ 150.581672017007179, -35.001147023505851 ], [ 150.5816623288041, -35.001151944412783 ], [ 150.581651530456497, -35.00115743545404 ], [ 150.581639725218366, -35.001163561790207 ], [ 150.581627020749721, -35.001170387768255 ], [ 150.581613520357479, -35.001177976746902 ], [ 150.581605832745936, -35.001182484090116 ], [ 150.581599083918206, -35.001186585555253 ], [ 150.581592225112985, -35.00119092461798 ], [ 150.581585276470292, -35.001195524216428 ], [ 150.581578259145516, -35.001200410013368 ], [ 150.58157119322567, -35.001205606748833 ], [ 150.58156409775583, -35.001211137339105 ], [ 150.581556992769947, -35.001217028326082 ], [ 150.581549899476386, -35.00122330357069 ], [ 150.58154283689376, -35.001229986890188 ], [ 150.581535825056022, -35.001237104826473 ], [ 150.581528885224571, -35.001244679438614 ], [ 150.581522036338441, -35.001252737246702 ], [ 150.581515298511079, -35.001261302089816 ], [ 150.58150869182947, -35.00127039870803 ], [ 150.581502236380601, -35.001280051841384 ], [ 150.581495953346348, -35.001290286251773 ], [ 150.581489861745325, -35.001301125756491 ], [ 150.581483980569601, -35.001312595073777 ], [ 150.581478332095998, -35.001324718987355 ], [ 150.58147293422175, -35.001337522193637 ], [ 150.581467809223653, -35.001351029476325 ], [ 150.581462974999027, -35.001365265531881 ], [ 150.581461181719078, -35.001370991059147 ], [ 150.581459444187828, -35.001376795223898 ], [ 150.581457750633831, -35.00138270573693 ], [ 150.581456101163269, -35.001388718994534 ], [ 150.581454495882156, -35.001394831392908 ], [ 150.581452932653804, -35.001401041086567 ], [ 150.581451410489365, -35.001407344449881 ], [ 150.581449929494966, -35.001413737879155 ], [ 150.581448489750187, -35.001420218671541 ], [ 150.581447088049885, -35.001426784058765 ], [ 150.581445724500128, -35.001433430437046 ], [ 150.581444399207101, -35.001440154202662 ], [ 150.581443111128891, -35.001446953531897 ], [ 150.581441858208365, -35.001453823876403 ], [ 150.581440641593389, -35.001460763456137 ], [ 150.581439459200368, -35.001467768623691 ], [ 150.581438310013937, -35.001474836654438 ], [ 150.58143719416671, -35.001481963043673 ], [ 150.581436109495428, -35.001489146846801 ], [ 150.581435057254168, -35.001496382680031 ], [ 150.581434034184667, -35.001503669576941 ], [ 150.581433041541061, -35.00151100215372 ], [ 150.581432078254977, -35.001518379487628 ], [ 150.581431142269196, -35.00152579703029 ], [ 150.58143023363678, -35.001533252979861 ], [ 150.581429352490403, -35.001540742831615 ], [ 150.581428495624863, -35.001548263817277 ], [ 150.581427664214715, -35.00155581325587 ], [ 150.581426857271111, -35.001563387521792 ], [ 150.581426072657308, -35.001570984769522 ], [ 150.581425311600867, -35.001578600516211 ], [ 150.581424571991533, -35.001586232015363 ], [ 150.581423852840487, -35.001593875641426 ], [ 150.581423154200849, -35.001601529592506 ], [ 150.581422473988852, -35.001609190221195 ], [ 150.581421813405512, -35.001616853945578 ], [ 150.581421169245743, -35.001624517997357 ], [ 150.581420542683958, -35.001632179695548 ], [ 150.581419932757939, -35.001639834513611 ], [ 150.581419337330942, -35.001647480606039 ], [ 150.581418756482464, -35.001655115270019 ], [ 150.581418189250343, -35.001662733979011 ], [ 150.581417634592611, -35.001670334909335 ], [ 150.581417092641971, -35.001677913556286 ], [ 150.581416562356566, -35.001685468096177 ], [ 150.581416041652687, -35.001692994881573 ], [ 150.58141553060986, -35.001700491209675 ], [ 150.581415029334295, -35.001707953476732 ], [ 150.581414535742198, -35.00171537803535 ], [ 150.581414048791714, -35.0017227630618 ], [ 150.581413569683889, -35.001730104974172 ], [ 150.581413095213577, -35.001737401004156 ], [ 150.581412625513423, -35.00174464664709 ], [ 150.581412160636432, -35.001751840101072 ], [ 150.581411698472408, -35.001758978619627 ], [ 150.581411239153965, -35.001766057698077 ], [ 150.581410781665795, -35.001773074611791 ], [ 150.581410323897643, -35.001780026614277 ], [ 150.581409868118897, -35.001786911046402 ], [ 150.581409410056011, -35.001793724217073 ], [ 150.58140813575389, -35.001812185197316 ], [ 150.581407217867763, -35.001825015508125 ], [ 150.581406288602267, -35.001837562531406 ], [ 150.58140534785133, -35.00184982987092 ], [ 150.581404393345622, -35.00186182018583 ], [ 150.581403423884041, -35.001873537058046 ], [ 150.581402437223744, -35.001884982245777 ], [ 150.581401431095316, -35.001896158408222 ], [ 150.581400404271221, -35.001907070028238 ], [ 150.581399355603509, -35.001917718885849 ], [ 150.581398281727814, -35.001928107618397 ], [ 150.581397182538069, -35.001938239829656 ], [ 150.581396055791373, -35.001948117277827 ], [ 150.581394899165275, -35.00195774442394 ], [ 150.581393710443393, -35.001967122125293 ], [ 150.581392489493084, -35.001976254886571 ], [ 150.581391234045014, -35.001985145366923 ], [ 150.581389941856202, -35.001993795324601 ], [ 150.581388610630768, -35.002002208319666 ], [ 150.581387240289104, -35.002010387054945 ], [ 150.581385827440357, -35.002018335068705 ], [ 150.581384370936576, -35.002026054140991 ], [ 150.581382868481739, -35.002033547831921 ], [ 150.581381319996382, -35.002040818844279 ], [ 150.581379722116083, -35.002047869815407 ], [ 150.581378072544908, -35.002054704305394 ], [ 150.581376371229879, -35.00206132411612 ], [ 150.58137461587495, -35.002067732807703 ], [ 150.581372804237304, -35.002073932138309 ], [ 150.581370935089325, -35.002079926590845 ], [ 150.581364685854112, -35.002097456336188 ], [ 150.581359333343357, -35.002110055805993 ], [ 150.581353616166325, -35.002121682534415 ], [ 150.581347534000031, -35.002132459114478 ], [ 150.581341086574525, -35.002142506337321 ], [ 150.581334274741266, -35.002151944114978 ], [ 150.581327097108812, -35.002160894117686 ], [ 150.581319555596934, -35.002169477180217 ], [ 150.581311649962089, -35.002177813192752 ], [ 150.58130337988112, -35.002186024748291 ], [ 150.581294745110313, -35.002194231737001 ], [ 150.581285747542893, -35.00220255589457 ], [ 150.581282385576827, -35.002205633185206 ], [ 150.581276146141619, -35.002211295308342 ], [ 150.58126974272065, -35.002217019968896 ], [ 150.581263169540222, -35.002222780007699 ], [ 150.581256425206305, -35.00222854835296 ], [ 150.581249503892167, -35.002234299647377 ], [ 150.581242402067062, -35.002240004973601 ], [ 150.581235118310474, -35.002245638160737 ], [ 150.58122764570075, -35.002251173829677 ], [ 150.581219982897011, -35.002256583106714 ], [ 150.581212124099068, -35.002261839733627 ], [ 150.581204066765025, -35.002266918418655 ], [ 150.581195807364168, -35.002271790244372 ], [ 150.581187342286228, -35.002276428996268 ], [ 150.581178666826048, -35.002280808437931 ], [ 150.581169777399822, -35.002284901453855 ], [ 150.581160670423884, -35.002288680928544 ], [ 150.581151341193078, -35.002292120625604 ], [ 150.581141788313602, -35.002295193473181 ], [ 150.58113246388001, -35.002297763348849 ], [ 150.581123253530819, -35.002299919020693 ], [ 150.581113915920156, -35.00230174582348 ], [ 150.581104487074441, -35.002303248081333 ], [ 150.581095000830203, -35.002304430074759 ], [ 150.581085490997509, -35.002305296985178 ], [ 150.581075993602724, -35.002305853136761 ], [ 150.58106654250895, -35.002306101909099 ], [ 150.581057170431308, -35.002306048461833 ], [ 150.581047914491108, -35.002305697140976 ], [ 150.58103880852488, -35.002305052227086 ], [ 150.581029885247716, -35.002304118879827 ], [ 150.581021180739043, -35.002302899621569 ], [ 150.581012729877273, -35.002301400556561 ], [ 150.581004565403987, -35.002299625943593 ], [ 150.580996723345493, -35.002297580106905 ], [ 150.580989236469946, -35.00229526640431 ], [ 150.580982141871999, -35.002292690082868 ], [ 150.580975471171769, -35.002289856280449 ], [ 150.580969260422137, -35.002286768420362 ], [ 150.580961921204789, -35.002282379779231 ], [ 150.580954132090312, -35.002276490239375 ], [ 150.580947403196717, -35.002269866409947 ], [ 150.580941654421309, -35.002262438182427 ], [ 150.580936806676732, -35.002254138172916 ], [ 150.580932782023581, -35.002244897217452 ], [ 150.580929500359105, -35.002234645207395 ], [ 150.58092688371741, -35.002223313879661 ], [ 150.580924851969172, -35.002210834026535 ], [ 150.580923327174986, -35.002197136483943 ], [ 150.580922230300558, -35.002182152065949 ], [ 150.580921481216564, -35.002165811564829 ], [ 150.580921001957165, -35.002148046717416 ] ] ] ] } },
{ "type": "Feature", "properties": { "OBJECTID": 58, "Comments": "Construction noise contour - CnstrContoursEarthworks", "FSource": "MOTTM - noise specialists model run for Rev B", "SourceDate": 20251027.0, "Supplier": "MOTTM", "path_windows": "C:\\Users\\bri86955\\Mott MacDonald\\MGO - Moata Geospatial - JBR2HR\\01Incoming\\20251024_Noise\\Noise shp files Rev B\\Noise Rev B figures\\Metadata\\CnstrContours\\CnstrContoursEarthworks.shp", "path_rootname": "CnstrContoursEarthworks", "IsoValue": 80, "shapefile_type": "shapefile_polygon", "SHAPE_Length": 161.04751593395724, "SHAPE_Area": 1413.2968517168802 }, "geometry": { "type": "MultiPolygon", "coordinates": [ [ [ [ 150.583532927357226, -35.001858522327467 ], [ 150.583529221513544, -35.001850910443615 ], [ 150.583526435992979, -35.001845009846534 ], [ 150.583523621602609, -35.001838861672297 ], [ 150.583520804037391, -35.001832486264952 ], [ 150.583518005760595, -35.001825902101274 ], [ 150.583515253588502, -35.001819128646204 ], [ 150.583512569957833, -35.001812185277466 ], [ 150.583509982779816, -35.001805091481806 ], [ 150.583507514517663, -35.001797865736044 ], [ 150.583505189824308, -35.001790526560534 ], [ 150.583503035489514, -35.001783094321183 ], [ 150.583501073949975, -35.001775588395724 ], [ 150.583499330980032, -35.001768026425388 ], [ 150.583497832248042, -35.001760429655256 ], [ 150.583496600243564, -35.001752815661135 ], [ 150.583495661782848, -35.001745203907994 ], [ 150.583495040397423, -35.001737613795356 ], [ 150.583494761808538, -35.001730064766363 ], [ 150.583494850669126, -35.001722575341397 ], [ 150.583495330510601, -35.001715164919993 ], [ 150.58349622702778, -35.00170785384622 ], [ 150.583498242497001, -35.001697699294702 ], [ 150.583500557720356, -35.001689533040704 ], [ 150.583503439231237, -35.00168163137841 ], [ 150.583506868106156, -35.001674041708597 ], [ 150.583510825421655, -35.001666811432109 ], [ 150.58351529337574, -35.001659987070596 ], [ 150.583520251950063, -35.001653616003082 ], [ 150.583525684464121, -35.001647743872091 ], [ 150.583531569778188, -35.001642418935759 ], [ 150.583537890090469, -35.001637687715743 ], [ 150.583544627599082, -35.001633596733718 ], [ 150.583551763380797, -35.001630193390532 ], [ 150.583559277444067, -35.001627524164171 ], [ 150.583567153055526, -35.001625636499121 ], [ 150.583575369128738, -35.001624576851619 ], [ 150.583583908957053, -35.001624391765162 ], [ 150.583592752495946, -35.001625129519674 ], [ 150.583601883091802, -35.001626834856808 ], [ 150.583608797126658, -35.001628734934428 ], [ 150.583614534728014, -35.001630665668486 ], [ 150.583620352783697, -35.00163291532126 ], [ 150.583626244291935, -35.001635461216608 ], [ 150.583632202224464, -35.001638281579332 ], [ 150.583638217389648, -35.001641353689635 ], [ 150.583644283854142, -35.001644655794131 ], [ 150.5836503946162, -35.001648165216658 ], [ 150.583656541605563, -35.001651858358343 ], [ 150.583662716672507, -35.001655714323078 ], [ 150.583668912788738, -35.001659711335712 ], [ 150.583675124100324, -35.001663824939982 ], [ 150.583681342457595, -35.00166803423982 ], [ 150.5836875597372, -35.001672317438235 ], [ 150.583693768963883, -35.001676650958132 ], [ 150.583699962040868, -35.001681012101571 ], [ 150.583706134103068, -35.001685380037912 ], [ 150.583712274863927, -35.001689732025582 ], [ 150.583718378416449, -35.001694045410275 ], [ 150.583724436663886, -35.001698297494023 ], [ 150.58373044369921, -35.001702465622515 ], [ 150.583736390277693, -35.001706528877875 ], [ 150.583742270492337, -35.001710464605779 ], [ 150.583748076272883, -35.001714249207367 ], [ 150.583753800564352, -35.001717861808373 ], [ 150.583759436391318, -35.001721278831745 ], [ 150.583764974535541, -35.001724478458648 ], [ 150.583770409063476, -35.001727438935738 ], [ 150.58377573297318, -35.001730137586868 ], [ 150.583780938194366, -35.001732550813188 ], [ 150.583793147455538, -35.001737194033353 ], [ 150.583805052607033, -35.001740220273213 ], [ 150.583816318038771, -35.001741604819678 ], [ 150.583827026652756, -35.001741508883676 ], [ 150.583837263593921, -35.001740091917881 ], [ 150.583847109601237, -35.001737514188619 ], [ 150.583856649793404, -35.001733936049426 ], [ 150.583865967125831, -35.001729516909258 ], [ 150.583875143406146, -35.001724417957156 ], [ 150.583884262684904, -35.001718798623806 ], [ 150.583893407864679, -35.001712820119977 ], [ 150.583902663022656, -35.001706640975421 ], [ 150.583913075636815, -35.00169977272116 ], [ 150.583921114284863, -35.001694614149599 ], [ 150.583929275852825, -35.001689559891211 ], [ 150.583937552181197, -35.001684663871536 ], [ 150.58394593935779, -35.001679984608067 ], [ 150.58395443248142, -35.001675576992682 ], [ 150.583963024381632, -35.001671498576457 ], [ 150.583971710130868, -35.001667805152294 ], [ 150.583980484775026, -35.001664553413946 ], [ 150.583989341170252, -35.001661800011604 ], [ 150.583998276605428, -35.001659599880782 ], [ 150.584007282788718, -35.001658011451767 ], [ 150.584016354819255, -35.00165708961643 ], [ 150.584025488811506, -35.00165689199136 ], [ 150.584038162787863, -35.00165787817231 ], [ 150.584046602667911, -35.001659340748681 ], [ 150.584054939850091, -35.001661426897947 ], [ 150.584063114591231, -35.001664119203987 ], [ 150.58407106824302, -35.001667400272552 ], [ 150.58407873884579, -35.001671253544913 ], [ 150.58408606881963, -35.001675662549552 ], [ 150.58409299625788, -35.001680608925902 ], [ 150.584099463606947, -35.001686075301521 ], [ 150.584105408880646, -35.001692046018675 ], [ 150.58411077236201, -35.001698502760391 ], [ 150.584115495375983, -35.001705429033422 ], [ 150.584119518178966, -35.001712807421718 ], [ 150.584122779906011, -35.001720621388408 ], [ 150.584125220839951, -35.001728852616488 ], [ 150.58412644135629, -35.001735033944598 ], [ 150.584127216777347, -35.001741560686305 ], [ 150.584127510610216, -35.001748258131684 ], [ 150.58412732247524, -35.00175510193354 ], [ 150.58412665193984, -35.001762069546565 ], [ 150.584125498650934, -35.001769135722633 ], [ 150.584123862202347, -35.001776277015459 ], [ 150.584121741119588, -35.001783469056058 ], [ 150.58411913611792, -35.001790687518998 ], [ 150.584116044601444, -35.001797908914412 ], [ 150.584112469501747, -35.001805108059536 ], [ 150.584108407101525, -35.001812262343606 ], [ 150.584103858116094, -35.001819347441192 ], [ 150.584098822192317, -35.001826338104117 ], [ 150.584093298924188, -35.001833210886062 ], [ 150.584087287905561, -35.001839942340723 ], [ 150.584080787662032, -35.001846508099035 ], [ 150.584073797840517, -35.001852882912821 ], [ 150.584066319103414, -35.001859044258445 ], [ 150.584058349976317, -35.001864967766863 ], [ 150.584049890079768, -35.001870629090789 ], [ 150.584041772315885, -35.001875534585643 ], [ 150.584034583439433, -35.00187951383954 ], [ 150.584027133160845, -35.001883329229173 ], [ 150.584019435661077, -35.001886982839821 ], [ 150.584011506162994, -35.001890478580478 ], [ 150.584003357752692, -35.001893818514624 ], [ 150.583995005679469, -35.001897005650271 ], [ 150.583986464097876, -35.001900042973688 ], [ 150.583977748257269, -35.001902933492893 ], [ 150.583968870122305, -35.001905680150557 ], [ 150.583959846063806, -35.001908285075544 ], [ 150.583950690209718, -35.001910752155091 ], [ 150.583941415646166, -35.001913083452663 ], [ 150.583932038690932, -35.001915282899098 ], [ 150.583922572456601, -35.001917351656978 ], [ 150.583913031044659, -35.001919294514423 ], [ 150.583903429730981, -35.001921113578575 ], [ 150.58389378160166, -35.001922810913001 ], [ 150.583884101879619, -35.001924390426673 ], [ 150.583874405814242, -35.001925855127709 ], [ 150.583864705396678, -35.00192720705784 ], [ 150.583855016944739, -35.001928450147922 ], [ 150.583845354639465, -35.001929586483293 ], [ 150.583835731540347, -35.001930619028457 ], [ 150.583826164018262, -35.001931549912399 ], [ 150.583816663984834, -35.001932383879691 ], [ 150.583807247810881, -35.001933123059331 ], [ 150.583794175911265, -35.001934005783887 ], [ 150.583781758431371, -35.001934689695531 ], [ 150.583769547266229, -35.001935212746268 ], [ 150.583757556543844, -35.001935578823449 ], [ 150.583745801434105, -35.00193579363804 ], [ 150.583734293901728, -35.001935860132861 ], [ 150.583723048048228, -35.001935783096108 ], [ 150.583712076880119, -35.001935567294268 ], [ 150.583701394498917, -35.001935217515616 ], [ 150.583691015085577, -35.001934735845595 ], [ 150.583680952688638, -35.001934128874339 ], [ 150.583671219272702, -35.001933399544662 ], [ 150.583661828912682, -35.001932553545736 ], [ 150.583652795763072, -35.001931593863986 ], [ 150.583644133925333, -35.001930525287683 ], [ 150.583635856432494, -35.001929351682342 ], [ 150.58362797626458, -35.001928078715409 ], [ 150.583620507576001, -35.001926709373237 ], [ 150.583613464468215, -35.001925248444124 ], [ 150.583606861042654, -35.001923700716354 ], [ 150.583583375603069, -35.001915988754369 ], [ 150.583570082213043, -35.001908759244607 ], [ 150.583559254688652, -35.001899787631899 ], [ 150.583550028041032, -35.001888684382244 ], [ 150.583541539498242, -35.001875059103838 ], [ 150.583532927357226, -35.001858522327467 ] ] ] ] } },
{ "type": "Feature", "properties": { "OBJECTID": 59, "Comments": "Construction noise contour - CnstrContoursEarthworks", "FSource": "MOTTM - noise specialists model run for Rev B", "SourceDate": 20251027.0, "Supplier": "MOTTM", "path_windows": "C:\\Users\\bri86955\\Mott MacDonald\\MGO - Moata Geospatial - JBR2HR\\01Incoming\\20251024_Noise\\Noise shp files Rev B\\Noise Rev B figures\\Metadata\\CnstrContours\\CnstrContoursEarthworks.shp", "path_rootname": "CnstrContoursEarthworks", "IsoValue": 80, "shapefile_type": "shapefile_polygon", "SHAPE_Length": 33.399750397757202, "SHAPE_Area": 81.141636714761177 }, "geometry": { "type": "MultiPolygon", "coordinates": [ [ [ [ 150.583331529876546, -35.00132894979582 ], [ 150.583332542185786, -35.001319304425813 ], [ 150.583334047198065, -35.001312536438299 ], [ 150.583336146860574, -35.001305813650106 ], [ 150.58333878434189, -35.001299243105294 ], [ 150.58334190620144, -35.001292928309525 ], [ 150.583345455634344, -35.001286975405904 ], [ 150.583349378078708, -35.001281488779249 ], [ 150.583353616756256, -35.001276573671724 ], [ 150.583358117105178, -35.001272334468148 ], [ 150.58336282451063, -35.001268877355272 ], [ 150.58336768115268, -35.001266305751557 ], [ 150.583372634606377, -35.001264725887388 ], [ 150.583377625930439, -35.001264242060394 ], [ 150.583380540117759, -35.001264502036904 ], [ 150.583385429240309, -35.001265816404491 ], [ 150.583390217428814, -35.001268141109421 ], [ 150.583394852932997, -35.001271373255065 ], [ 150.583399281865695, -35.001275408099318 ], [ 150.583403450313284, -35.001280141800997 ], [ 150.583407305456888, -35.001285470540736 ], [ 150.583410793356308, -35.001291291378308 ], [ 150.583413862287472, -35.001297500516188 ], [ 150.583416458336529, -35.001303994113194 ], [ 150.5834185265212, -35.001310667405427 ], [ 150.583420016185812, -35.001317417518059 ], [ 150.583420872321398, -35.001324140588117 ], [ 150.583421042108967, -35.001330732796248 ], [ 150.583420360760442, -35.001337954403041 ], [ 150.583418363681375, -35.001346255001351 ], [ 150.583415228160476, -35.001353928038554 ], [ 150.583411106021003, -35.001360877377287 ], [ 150.583406148097424, -35.001367003254579 ], [ 150.583400508376428, -35.001372210477612 ], [ 150.583394337692766, -35.00137639928348 ], [ 150.583387788964956, -35.001379473556646 ], [ 150.583381014069829, -35.001381335357955 ], [ 150.583374164884162, -35.001381886748241 ], [ 150.583369872182942, -35.001381525392354 ], [ 150.583363076307279, -35.001379817864859 ], [ 150.583356587894912, -35.001376820151151 ], [ 150.583350547198819, -35.001372643221117 ], [ 150.58334509455139, -35.001367395341859 ], [ 150.583340368042116, -35.001361186538745 ], [ 150.583336509018466, -35.001354127803502 ], [ 150.583333655569731, -35.001346329161521 ], [ 150.583331950191052, -35.001337899824456 ], [ 150.583331529876546, -35.00132894979582 ] ] ] ] } },
{ "type": "Feature", "properties": { "OBJECTID": 60, "Comments": "Construction noise contour - CnstrContoursEarthworks", "FSource": "MOTTM - noise specialists model run for Rev B", "SourceDate": 20251027.0, "Supplier": "MOTTM", "path_windows": "C:\\Users\\bri86955\\Mott MacDonald\\MGO - Moata Geospatial - JBR2HR\\01Incoming\\20251024_Noise\\Noise shp files Rev B\\Noise Rev B figures\\Metadata\\CnstrContours\\CnstrContoursEarthworks.shp", "path_rootname": "CnstrContoursEarthworks", "IsoValue": 80, "shapefile_type": "shapefile_polygon", "SHAPE_Length": 32.350617183928442, "SHAPE_Area": 79.121124979112565 }, "geometry": { "type": "MultiPolygon", "coordinates": [ [ [ [ 150.583070917901438, -35.000965609752292 ], [ 150.583072245518878, -35.00096003087554 ], [ 150.583074484444523, -35.000956059440561 ], [ 150.583077679116343, -35.000952110651227 ], [ 150.58308172520816, -35.000948230206944 ], [ 150.583086517325455, -35.000944462884334 ], [ 150.583091947883901, -35.000940853416367 ], [ 150.583097913678898, -35.000937446623333 ], [ 150.583104307126206, -35.000934287238216 ], [ 150.583111023952881, -35.000931419158576 ], [ 150.583117958684994, -35.000928889863935 ], [ 150.583125004912915, -35.000926741406332 ], [ 150.583132058284292, -35.000925020386227 ], [ 150.583139011214968, -35.000923771536741 ], [ 150.583145759432171, -35.000923038755552 ], [ 150.583152197515147, -35.000922867720369 ], [ 150.58316436713082, -35.000924384823527 ], [ 150.583172747315672, -35.000927202978517 ], [ 150.583179979346028, -35.000931213439245 ], [ 150.583186063014381, -35.000936199849576 ], [ 150.583191001477019, -35.000941943215956 ], [ 150.583194796662923, -35.000948229027685 ], [ 150.583197450580343, -35.000954840071167 ], [ 150.583198965264046, -35.000961558231907 ], [ 150.583199342669246, -35.000968168098112 ], [ 150.583198327215058, -35.00097557415927 ], [ 150.583195254267025, -35.000983279988866 ], [ 150.583190155000864, -35.000990002518058 ], [ 150.583183047609907, -35.000995532968538 ], [ 150.583173949192854, -35.000999662540089 ], [ 150.58316287465874, -35.001002182388817 ], [ 150.583149843323213, -35.001002882857051 ], [ 150.583141969576332, -35.001002437535398 ], [ 150.583134582939124, -35.001001559296412 ], [ 150.583127022547131, -35.001000256610276 ], [ 150.583119422358124, -35.000998556485179 ], [ 150.583111916330068, -35.000996485929313 ], [ 150.583104640610543, -35.000994071994569 ], [ 150.583097730305241, -35.000991339909156 ], [ 150.583091319292407, -35.000988319384192 ], [ 150.583085543799058, -35.000985034768789 ], [ 150.583080538851277, -35.000981513994084 ], [ 150.583076438380175, -35.000977784969308 ], [ 150.583073377491274, -35.000973872922778 ], [ 150.583071493426814, -35.000969804928246 ], [ 150.583070917901438, -35.000965609752292 ] ] ] ] } },
{ "type": "Feature", "properties": { "OBJECTID": 61, "Comments": "Construction noise contour - CnstrContoursEarthworks", "FSource": "MOTTM - noise specialists model run for Rev B", "SourceDate": 20251027.0, "Supplier": "MOTTM", "path_windows": "C:\\Users\\bri86955\\Mott MacDonald\\MGO - Moata Geospatial - JBR2HR\\01Incoming\\20251024_Noise\\Noise shp files Rev B\\Noise Rev B figures\\Metadata\\CnstrContours\\CnstrContoursEarthworks.shp", "path_rootname": "CnstrContoursEarthworks", "IsoValue": 80, "shapefile_type": "shapefile_polygon", "SHAPE_Length": 428.99100292337226, "SHAPE_Area": 7099.7721338142956 }, "geometry": { "type": "MultiPolygon", "coordinates": [ [ [ [ 150.584305708092415, -34.997901983141993 ], [ 150.584297302859312, -34.997897045219524 ], [ 150.58428931064023, -34.997891697238657 ], [ 150.584281832074282, -34.997886018729531 ], [ 150.584274849060762, -34.997880029164136 ], [ 150.584268346889502, -34.997873744476117 ], [ 150.58426230748637, -34.997867183236465 ], [ 150.584256717209456, -34.997860362301559 ], [ 150.58425155801109, -34.99785329934145 ], [ 150.584246814033207, -34.997846012069807 ], [ 150.584242469391256, -34.997838519101258 ], [ 150.584238508306754, -34.997830835446599 ], [ 150.584234912652391, -34.997822981478706 ], [ 150.58423166881289, -34.997814973152956 ], [ 150.584228757645604, -34.997806828117568 ], [ 150.584226165482221, -34.997798564129788 ], [ 150.584223875369844, -34.997790198881439 ], [ 150.584221870355549, -34.997781750064341 ], [ 150.584220134581358, -34.997773235392138 ], [ 150.584218652215696, -34.99776467167748 ], [ 150.584217406305697, -34.997756076612198 ], [ 150.584216380966836, -34.997747468810843 ], [ 150.584215468766075, -34.997737695860948 ], [ 150.584214859945234, -34.997728707820201 ], [ 150.584214472260385, -34.997719725083989 ], [ 150.58421430357464, -34.997710745806863 ], [ 150.58421435386154, -34.997701770889741 ], [ 150.584214620931192, -34.997692800289002 ], [ 150.584215104783539, -34.997683834004675 ], [ 150.584215804297202, -34.99767487291588 ], [ 150.584216716240491, -34.997665915155316 ], [ 150.584217841681664, -34.99765696164576 ], [ 150.584219178430999, -34.997648012343561 ], [ 150.584220725393465, -34.997639067226913 ], [ 150.5842224825426, -34.997630127196771 ], [ 150.584224446646715, -34.997621190385821 ], [ 150.584226618774068, -34.997612257716796 ], [ 150.584228995640075, -34.997603329124267 ], [ 150.584231577244594, -34.99759440460825 ], [ 150.584234362466248, -34.99758548504785 ], [ 150.584237350263095, -34.99757656861938 ], [ 150.58424053841884, -34.997567656180152 ], [ 150.58424371025481, -34.997559298720269 ], [ 150.584246946827193, -34.997551198566207 ], [ 150.584250319276322, -34.99754313447179 ], [ 150.584253815108326, -34.997535121513188 ], [ 150.584257420707985, -34.997527175645757 ], [ 150.584261119149033, -34.997519313660348 ], [ 150.58426489791114, -34.997511551534082 ], [ 150.584268742310741, -34.997503904299556 ], [ 150.58427263870621, -34.997496388813055 ], [ 150.584276571319123, -34.997489020085361 ], [ 150.584280527602687, -34.997481814994565 ], [ 150.584284491752101, -34.997474789452397 ], [ 150.584288450178605, -34.997467958513248 ], [ 150.584292388172315, -34.99746133811071 ], [ 150.58429629099669, -34.997454945079227 ], [ 150.58430014613154, -34.997448795395968 ], [ 150.584303937771949, -34.997442904972672 ], [ 150.584307652329386, -34.997437288863765 ], [ 150.584311275093825, -34.997431963002789 ], [ 150.584314791328893, -34.997426944224266 ], [ 150.584318187419427, -34.997422248483524 ], [ 150.584321448682033, -34.997417890813196 ], [ 150.584343621876457, -34.997394148597948 ], [ 150.584359008442362, -34.99738668789481 ], [ 150.584375267145049, -34.997385519674097 ], [ 150.584386690143447, -34.997386033770496 ], [ 150.584396066090591, -34.997386905558685 ], [ 150.584406351352811, -34.997388334528246 ], [ 150.584417571968402, -34.997390441092641 ], [ 150.584429754991135, -34.997393348389906 ], [ 150.584442926406666, -34.997397178635346 ], [ 150.584457113322003, -34.997402053165054 ], [ 150.584463086077221, -34.997404322980714 ], [ 150.584470749851135, -34.997407390006281 ], [ 150.584478684435368, -34.997410710326726 ], [ 150.584486898103336, -34.997414263372903 ], [ 150.584495398006993, -34.997418029454856 ], [ 150.584504191298436, -34.997421988882628 ], [ 150.584513285156106, -34.997426121065295 ], [ 150.584522687826933, -34.997430406334658 ], [ 150.584532405368009, -34.997434824978946 ], [ 150.584542444957918, -34.997439356407234 ], [ 150.584552815964798, -34.997443980072156 ], [ 150.584563523324476, -34.997448677141094 ], [ 150.584574575310285, -34.997453427044874 ], [ 150.584585980169038, -34.997458210115283 ], [ 150.584597743984403, -34.997463005739554 ], [ 150.584608631506512, -34.997467313351109 ], [ 150.584617240827782, -34.997470637179148 ], [ 150.5846260093019, -34.997473950652932 ], [ 150.584634927075058, -34.997477253576285 ], [ 150.584643987737053, -34.997480540412731 ], [ 150.584653181434163, -34.997483810966088 ], [ 150.584662500608289, -34.997487061479987 ], [ 150.584671936553605, -34.997490289978153 ], [ 150.584681481685493, -34.997493493605155 ], [ 150.584691127298072, -34.997496670384749 ], [ 150.584700865833298, -34.997499816560541 ], [ 150.584710687490315, -34.99750293013448 ], [ 150.584720585753018, -34.997506009173897 ], [ 150.584730551968448, -34.997509049900664 ], [ 150.584740577430637, -34.997512050338479 ], [ 150.584750653460162, -34.997515007610176 ], [ 150.584760773540864, -34.997517919783064 ], [ 150.584770926777054, -34.99752078483732 ], [ 150.584781107826842, -34.997523598159262 ], [ 150.584791306862968, -34.997526358651747 ], [ 150.584801515205982, -34.997529063437653 ], [ 150.584817153341419, -34.997533093291722 ], [ 150.584827758546794, -34.997535750985882 ], [ 150.58483834272073, -34.997538341551831 ], [ 150.584848895956497, -34.997540866595301 ], [ 150.58485940954813, -34.997543324140054 ], [ 150.584869874789661, -34.997545712209856 ], [ 150.584880280706017, -34.997548031487732 ], [ 150.584890618591203, -34.997550279997469 ], [ 150.584900880807595, -34.99755245668559 ], [ 150.584911055311778, -34.997554561312349 ], [ 150.584921134492589, -34.997556591923356 ], [ 150.58493110852271, -34.997558547421555 ], [ 150.584940967548448, -34.997560427610807 ], [ 150.584950702837233, -34.997562231415856 ], [ 150.584960305656665, -34.997563957761464 ], [ 150.584969766205944, -34.997565604649608 ], [ 150.584979074604774, -34.997567172785153 ], [ 150.584988222173678, -34.997568659290955 ], [ 150.584997200127219, -34.99757006489363 ], [ 150.585005997569709, -34.997571387573437 ], [ 150.585015596328134, -34.997572767670007 ], [ 150.585029058706937, -34.997574602384532 ], [ 150.585042044679284, -34.997576283380056 ], [ 150.585054564134424, -34.9975778469123 ], [ 150.585066626855621, -34.997579332840751 ], [ 150.585078242732067, -34.997580777421128 ], [ 150.585089421600117, -34.997582218710974 ], [ 150.585100171132837, -34.997583693823366 ], [ 150.585110501166554, -34.99758524081588 ], [ 150.585120422632514, -34.997586897767853 ], [ 150.585129944298643, -34.997588701814088 ], [ 150.585139076001411, -34.997590691012157 ], [ 150.585147825413969, -34.997592902475056 ], [ 150.585160816415623, -34.997596872386282 ], [ 150.585171914517304, -34.997600949757569 ], [ 150.585182845048394, -34.997605547545781 ], [ 150.585193868453899, -34.997610675442026 ], [ 150.585205244163632, -34.99761634041262 ], [ 150.585217231580799, -34.99762255032477 ], [ 150.585230091177294, -34.997629313968325 ], [ 150.585244082330206, -34.997636640111189 ], [ 150.585259464469715, -34.997644535719246 ], [ 150.585263276198532, -34.997646457789813 ], [ 150.585270091034715, -34.997649859442419 ], [ 150.585277157761283, -34.997653338225369 ], [ 150.585284463557741, -34.997656883065844 ], [ 150.585291996724834, -34.997660482011845 ], [ 150.585299746578784, -34.997664125836039 ], [ 150.585307700352018, -34.997667801663724 ], [ 150.585315846292389, -34.99767149934479 ], [ 150.585324172700609, -34.997675206927291 ], [ 150.585332668892931, -34.997678915183876 ], [ 150.585341322101726, -34.997682611239846 ], [ 150.585350120574759, -34.997686284945125 ], [ 150.585359052612773, -34.99768992434776 ], [ 150.58536810643713, -34.997693520198617 ], [ 150.585377270401523, -34.99769705874386 ], [ 150.585386533795571, -34.997700531657109 ], [ 150.585395882756757, -34.997703926041893 ], [ 150.585405307722596, -34.997707231791701 ], [ 150.585414795898942, -34.997710436932856 ], [ 150.585424334438613, -34.997713531293485 ], [ 150.585433913805588, -34.997716503866179 ], [ 150.58544352120569, -34.997719342677215 ], [ 150.585453144913089, -34.997722036675633 ], [ 150.585464743539035, -34.997725075573825 ], [ 150.585475578811412, -34.997727697224619 ], [ 150.585486415070932, -34.997730098935797 ], [ 150.585497249430148, -34.99773226712788 ], [ 150.585508078922089, -34.997734190924199 ], [ 150.585518900606303, -34.997735858547152 ], [ 150.585529713732029, -34.99773725826266 ], [ 150.585540514263869, -34.997738378271414 ], [ 150.585551299261425, -34.997739206795742 ], [ 150.585562066878992, -34.997739732079857 ], [ 150.58557281524449, -34.997739943268869 ], [ 150.585583540375438, -34.99773982676151 ], [ 150.585594241468158, -34.997739372625631 ], [ 150.585604913418848, -34.997738568139134 ], [ 150.585615556571582, -34.99773740158976 ], [ 150.585626165769611, -34.997735862057269 ], [ 150.585636740288635, -34.997733936906712 ], [ 150.585647277188059, -34.99773161436049 ], [ 150.585657773527345, -34.997728882640985 ], [ 150.585668226339465, -34.997725730871565 ], [ 150.585677146510278, -34.997722691936403 ], [ 150.585685441927126, -34.99771958918484 ], [ 150.585693690552375, -34.997716252021227 ], [ 150.585701887371073, -34.997712701981058 ], [ 150.585710021893931, -34.997708960490847 ], [ 150.585718088037652, -34.997705048163333 ], [ 150.585726077529131, -34.997700985567661 ], [ 150.585733983163834, -34.997696794195754 ], [ 150.585741795573853, -34.997692494594986 ], [ 150.585749507581028, -34.997688107356296 ], [ 150.585757111980712, -34.997683653971627 ], [ 150.58576460047351, -34.997679155911051 ], [ 150.585771964786403, -34.997674633743792 ], [ 150.585779197767806, -34.997670107159834 ], [ 150.585786292186611, -34.997665598552047 ], [ 150.58579323867508, -34.99766112846784 ], [ 150.585800030028651, -34.997656718399114 ], [ 150.585806659095681, -34.997652388035888 ], [ 150.585813117576805, -34.997648158848321 ], [ 150.585819397172685, -34.997644052306505 ], [ 150.585825489610329, -34.997640088979693 ], [ 150.585831388806582, -34.997636289480603 ], [ 150.585837086462078, -34.997632675279363 ], [ 150.585842573209078, -34.997629266923418 ], [ 150.585847842937909, -34.997626085926434 ], [ 150.585876514649669, -34.997611539699463 ], [ 150.585894609292268, -34.997606350295968 ], [ 150.585911804282631, -34.997605456516176 ], [ 150.585929840906005, -34.997608355731764 ], [ 150.585950460368224, -34.997614548016138 ], [ 150.585956038551274, -34.997616490788658 ], [ 150.585962834831548, -34.997618959013671 ], [ 150.585969896708434, -34.997621634451797 ], [ 150.585977179477851, -34.997624509903218 ], [ 150.585984639557182, -34.997627577289002 ], [ 150.585992233443108, -34.997630825827407 ], [ 150.585999917500004, -34.997634249241415 ], [ 150.586007648171659, -34.997637838551128 ], [ 150.586015380833402, -34.99764158385404 ], [ 150.58602307184961, -34.997645478873132 ], [ 150.586030676622073, -34.997649512804927 ], [ 150.586038153704834, -34.99765367941599 ], [ 150.586045457378333, -34.99765796878205 ], [ 150.586052544086243, -34.997662371923276 ], [ 150.586059370219346, -34.997666881661836 ], [ 150.586065891126395, -34.997671488996126 ], [ 150.586072065414356, -34.997676185890938 ], [ 150.586077846242205, -34.997680963301129 ], [ 150.586083191148475, -34.997685812268742 ], [ 150.586087333263407, -34.997689950386587 ], [ 150.58609445173596, -34.997698119591732 ], [ 150.586100424711503, -34.997706461624716 ], [ 150.586105344131823, -34.997714979216425 ], [ 150.586109301991769, -34.997723673295781 ], [ 150.586112392449422, -34.997732545736248 ], [ 150.5861147074732, -34.997741598367611 ], [ 150.586116340152842, -34.997750832140518 ], [ 150.586117382403899, -34.99776025068666 ], [ 150.586117928463977, -34.997769853176521 ], [ 150.586118069127366, -34.997779644120953 ], [ 150.586117897536894, -34.997789622668627 ], [ 150.586117437709589, -34.997800761080534 ], [ 150.586116922819173, -34.997809001076917 ], [ 150.586116244644273, -34.997817280193651 ], [ 150.586115396526679, -34.997825564042479 ], [ 150.586114368576546, -34.997833816367901 ], [ 150.58611315301431, -34.997842003660779 ], [ 150.586111738855323, -34.997850089643805 ], [ 150.586110119467861, -34.997858039027776 ], [ 150.586108284909074, -34.997865817359049 ], [ 150.586106226331111, -34.997873390205768 ], [ 150.586103934965422, -34.997880720433272 ], [ 150.586101401911236, -34.997887775411584 ], [ 150.586098618399944, -34.997894518006021 ], [ 150.586095575557295, -34.997900914685658 ], [ 150.586091809085019, -34.997907704431803 ], [ 150.586085661787848, -34.997916852828865 ], [ 150.586078728439475, -34.997925200407273 ], [ 150.586070976231838, -34.997932894354946 ], [ 150.586062373531178, -34.997940079178818 ], [ 150.586052889745645, -34.99794690120941 ], [ 150.586042494336169, -34.997953504975335 ], [ 150.586031155589467, -34.997960037686227 ], [ 150.586018840803064, -34.997966642926102 ], [ 150.586007817703319, -34.997972275939077 ], [ 150.586000008440209, -34.997976095136472 ], [ 150.585991888525058, -34.99797989823626 ], [ 150.585983457895367, -34.99798365007986 ], [ 150.58597472084179, -34.997987316496761 ], [ 150.585965677248879, -34.997990864130301 ], [ 150.585956330365377, -34.997994256986281 ], [ 150.585946682292189, -34.99799746085062 ], [ 150.585936734008811, -34.998000442388431 ], [ 150.585926487642752, -34.998003166484679 ], [ 150.585915945294886, -34.998005598925289 ], [ 150.585905109066204, -34.998007705496228 ], [ 150.585893982179101, -34.998009451104195 ], [ 150.585882564518357, -34.998010802392557 ], [ 150.585870858211479, -34.998011724246219 ], [ 150.585857272371243, -34.99801222377323 ], [ 150.585848010078564, -34.998012253121992 ], [ 150.585838604354706, -34.998012056051884 ], [ 150.585829063455662, -34.998011649855037 ], [ 150.585819394648524, -34.998011048198066 ], [ 150.58580960618923, -34.998010268373108 ], [ 150.585799705291862, -34.998009325848656 ], [ 150.585789700291855, -34.998008235214037 ], [ 150.585779599498068, -34.99800701195953 ], [ 150.585769410071634, -34.998005673355507 ], [ 150.585759140374392, -34.998004233090356 ], [ 150.585748797567447, -34.998002708434448 ], [ 150.585738391081009, -34.998001113998924 ], [ 150.585727927007781, -34.997999466131425 ], [ 150.585717413709574, -34.997997778520386 ], [ 150.585706859415751, -34.997996069358877 ], [ 150.585696272461774, -34.99799435323628 ], [ 150.585685660088018, -34.997992644720142 ], [ 150.585675030550419, -34.997990961102659 ], [ 150.585664391115841, -34.99798931605045 ], [ 150.585652527247163, -34.997987547470224 ], [ 150.585641561137919, -34.997985984259294 ], [ 150.585630424724968, -34.997984475352375 ], [ 150.58561903594611, -34.997983017313473 ], [ 150.585607314876029, -34.99798160855201 ], [ 150.585595179373172, -34.997980248334756 ], [ 150.585582548470228, -34.997978933247403 ], [ 150.58556934114705, -34.997977661677467 ], [ 150.585555477478266, -34.997976432034243 ], [ 150.585540876443702, -34.997975242705159 ], [ 150.58552545595478, -34.997974091154902 ], [ 150.585509134991327, -34.997972975770779 ], [ 150.585491833654544, -34.997971894060917 ], [ 150.585473469829395, -34.99797084439075 ], [ 150.585453962495677, -34.997969825147386 ], [ 150.585433231754621, -34.997968833838712 ], [ 150.58541119658608, -34.99796786885171 ], [ 150.585387774875102, -34.997966928551435 ], [ 150.585362886722862, -34.997966010445474 ], [ 150.585336450040899, -34.997965111997729 ], [ 150.585329552675489, -34.997964889987792 ], [ 150.585322561098536, -34.997964667905386 ], [ 150.585315471946103, -34.997964448387947 ], [ 150.585308286392404, -34.997964228754419 ], [ 150.585301007669131, -34.997964010872074 ], [ 150.585293639087325, -34.997963793905271 ], [ 150.585286181741907, -34.997963577875808 ], [ 150.585278638917458, -34.997963362849056 ], [ 150.58527101173533, -34.997963147945832 ], [ 150.585263303427155, -34.997962935033378 ], [ 150.585255517330495, -34.997962722375163 ], [ 150.585247654513751, -34.997962510893913 ], [ 150.585239717166672, -34.997962300633183 ], [ 150.585231708600332, -34.997962090757426 ], [ 150.585223631004425, -34.997961881310168 ], [ 150.585215486542268, -34.997961673235935 ], [ 150.585207278524905, -34.997961465699156 ], [ 150.585199008047226, -34.997961258721581 ], [ 150.585190678393843, -34.997961052368588 ], [ 150.585182290659588, -34.997960846661975 ], [ 150.585173849223935, -34.997960641688863 ], [ 150.585165354113428, -34.997960436548325 ], [ 150.585156810749368, -34.997960233151176 ], [ 150.585148219184731, -34.997960029695534 ], [ 150.585139581609297, -34.997959826224971 ], [ 150.585130902376022, -34.997959623727567 ], [ 150.585122182579767, -34.997959422225136 ], [ 150.585113425558092, -34.997959219981141 ], [ 150.585104632352909, -34.997959018819259 ], [ 150.585095805180487, -34.997958817882122 ], [ 150.585086948420212, -34.997958617256884 ], [ 150.585078063167003, -34.997958416965353 ], [ 150.585069151610583, -34.997958217051085 ], [ 150.585060217035561, -34.997958017579464 ], [ 150.585051260563262, -34.997957817671313 ], [ 150.585042286546695, -34.9979576183148 ], [ 150.585033296080724, -34.99795741953163 ], [ 150.585024290286697, -34.997957220442714 ], [ 150.585015274638948, -34.997957021156999 ], [ 150.585006249111018, -34.997956822575404 ], [ 150.584997217013949, -34.997956623862386 ], [ 150.584988180563954, -34.997956424160584 ], [ 150.584979141897861, -34.997956225315477 ], [ 150.584970104326715, -34.997956026491487 ], [ 150.584961068945375, -34.997955827710399 ], [ 150.584952039038455, -34.997955629037612 ], [ 150.584943016822223, -34.997955429615772 ], [ 150.584934005554658, -34.997955230411193 ], [ 150.584925006357253, -34.997955030544745 ], [ 150.584916021393184, -34.99795483096095 ], [ 150.584907053973552, -34.997954630824253 ], [ 150.584898107356508, -34.997954431100986 ], [ 150.584889181594946, -34.997954229989261 ], [ 150.584880281015444, -34.997954029378143 ], [ 150.584871406739296, -34.997953828388489 ], [ 150.584862562077632, -34.997953626184774 ], [ 150.584853749167166, -34.997953424612454 ], [ 150.584844970250629, -34.997953221913235 ], [ 150.58483622749128, -34.997953019031662 ], [ 150.584827524173676, -34.997952816033134 ], [ 150.584818861419222, -34.997952612038503 ], [ 150.584810243607365, -34.99795240713496 ], [ 150.584801670711613, -34.997952202223459 ], [ 150.584793147111412, -34.997951997391183 ], [ 150.58478467395463, -34.997951790858082 ], [ 150.584776254499388, -34.997951583590449 ], [ 150.584767890908893, -34.997951376532853 ], [ 150.5847595854259, -34.99795116792702 ], [ 150.584751339118753, -34.997950958695668 ], [ 150.584743157461816, -34.997950748947815 ], [ 150.58473504045503, -34.997950538683469 ], [ 150.584726990314664, -34.997950327045295 ], [ 150.584719011393702, -34.997950115021418 ], [ 150.584711104813437, -34.997949901732717 ], [ 150.584703272737187, -34.997949688123732 ], [ 150.584695518502514, -34.997949472457989 ], [ 150.584687843151272, -34.997949256559181 ], [ 150.584680251089395, -34.997949039613545 ], [ 150.584672742316968, -34.997948821621137 ], [ 150.584665321213379, -34.997948602669119 ], [ 150.584646851059716, -34.997948040254435 ], [ 150.584626690900365, -34.997947391005852 ], [ 150.584607237990042, -34.99794671977515 ], [ 150.584588476117574, -34.997946019028198 ], [ 150.584570389045439, -34.997945282131752 ], [ 150.584552962752241, -34.997944501595256 ], [ 150.584536182121781, -34.997943669906284 ], [ 150.584520030889962, -34.997942781332519 ], [ 150.584504493967046, -34.997941827460551 ], [ 150.584489556183911, -34.997940802579812 ], [ 150.584475202450761, -34.997939698276902 ], [ 150.584461417624937, -34.997938507940269 ], [ 150.584448185495376, -34.99793722403561 ], [ 150.584435491987733, -34.997935840874064 ], [ 150.584423320917466, -34.99793435002038 ], [ 150.584411657141885, -34.997932744862929 ], [ 150.584400485544791, -34.997931017889194 ], [ 150.584389790983522, -34.997929162487523 ], [ 150.584379558315362, -34.997927172046253 ], [ 150.584369771355767, -34.997925038130099 ], [ 150.584360416030449, -34.997922755050098 ], [ 150.584351476128319, -34.997920315271855 ], [ 150.584342936533233, -34.997917711282781 ], [ 150.584334781034102, -34.997914935548401 ], [ 150.584326996651527, -34.997911982401568 ], [ 150.584319566079529, -34.997908844286066 ], [ 150.584312475296855, -34.997905513711025 ], [ 150.584305708092415, -34.997901983141993 ] ] ] ] } },
{ "type": "Feature", "properties": { "OBJECTID": 62, "Comments": "Construction noise contour - CnstrContoursEarthworks", "FSource": "MOTTM - noise specialists model run for Rev B", "SourceDate": 20251027.0, "Supplier": "MOTTM", "path_windows": "C:\\Users\\bri86955\\Mott MacDonald\\MGO - Moata Geospatial - JBR2HR\\01Incoming\\20251024_Noise\\Noise shp files Rev B\\Noise Rev B figures\\Metadata\\CnstrContours\\CnstrContoursEarthworks.shp", "path_rootname": "CnstrContoursEarthworks", "IsoValue": 80, "shapefile_type": "shapefile_polygon", "SHAPE_Length": 114.74194469589874, "SHAPE_Area": 786.13453842344677 }, "geometry": { "type": "MultiPolygon", "coordinates": [ [ [ [ 150.587653254775773, -34.988961797899165 ], [ 150.587653755921053, -34.988955733757336 ], [ 150.58765461384138, -34.988950314949207 ], [ 150.587655840354984, -34.988944467157445 ], [ 150.587657400794484, -34.988938251894254 ], [ 150.58765926262916, -34.988931732517301 ], [ 150.58766139007048, -34.988924971417909 ], [ 150.58766375056129, -34.988918032854706 ], [ 150.587666308313061, -34.988910979219035 ], [ 150.587669030795098, -34.988903873868566 ], [ 150.587671883313703, -34.988896779216454 ], [ 150.587674831122285, -34.988889759477729 ], [ 150.58767784174313, -34.988882876208145 ], [ 150.587680880429645, -34.988876193622787 ], [ 150.587683911393498, -34.988869774113027 ], [ 150.587690833418975, -34.988855920009129 ], [ 150.58769656417428, -34.988844884556983 ], [ 150.587702140938319, -34.988834020026871 ], [ 150.587707566742836, -34.988822812641118 ], [ 150.58771284360401, -34.988810745897531 ], [ 150.587717974500492, -34.988797307820349 ], [ 150.587722961395258, -34.988781983709188 ], [ 150.587724956727584, -34.988775095579157 ], [ 150.587726700488588, -34.988768792009274 ], [ 150.587728460792619, -34.988762260696291 ], [ 150.587730254097863, -34.988755538026219 ], [ 150.587732095794053, -34.988748659462324 ], [ 150.587734002312885, -34.988741662291545 ], [ 150.587735989070666, -34.988734581076216 ], [ 150.587738073620244, -34.988727452224076 ], [ 150.587740270256631, -34.988720311176635 ], [ 150.587742596532735, -34.988713194341649 ], [ 150.587745067811881, -34.988706138083316 ], [ 150.587747700605092, -34.988699176985754 ], [ 150.587750511344069, -34.988692348335846 ], [ 150.587753514323822, -34.988685687575135 ], [ 150.58775672712369, -34.988679230210366 ], [ 150.587760165107028, -34.988673012605787 ], [ 150.587763844758399, -34.988667070246386 ], [ 150.587767782535991, -34.988661439518161 ], [ 150.587771993829591, -34.988656155884328 ], [ 150.587776493976179, -34.988651256610062 ], [ 150.587785247127357, -34.988643533740841 ], [ 150.587792775063292, -34.988638293502653 ], [ 150.587800747321126, -34.988633776061107 ], [ 150.587809092033979, -34.988629929505173 ], [ 150.587817733997838, -34.988626703660358 ], [ 150.587826602387651, -34.988624048439284 ], [ 150.587835621999403, -34.988621913667544 ], [ 150.587844722034504, -34.988620248356817 ], [ 150.587853826220623, -34.988619001410058 ], [ 150.587862863732653, -34.988618122739936 ], [ 150.587871761556016, -34.988617562215659 ], [ 150.587880445607794, -34.988617268783727 ], [ 150.587888841805011, -34.988617191390652 ], [ 150.587896879296096, -34.988617280850164 ], [ 150.587918836539416, -34.988618540369195 ], [ 150.587932069073048, -34.988620956120691 ], [ 150.587942816901858, -34.988625250723899 ], [ 150.587950948948048, -34.98863197147066 ], [ 150.587956330849124, -34.988641665587423 ], [ 150.587958829310423, -34.98865488122312 ], [ 150.587958952029396, -34.988657305912739 ], [ 150.587958984383363, -34.988662398960564 ], [ 150.587958751994222, -34.988667853644138 ], [ 150.587958274186519, -34.988673646007904 ], [ 150.58795756686834, -34.98867975653571 ], [ 150.58795664826954, -34.988686161250271 ], [ 150.587955537582474, -34.988692840700729 ], [ 150.587954251915761, -34.988699771788937 ], [ 150.587952808325156, -34.988706933218637 ], [ 150.587951226055964, -34.988714303737126 ], [ 150.587949522216775, -34.988721860246237 ], [ 150.587947714905255, -34.988729583273368 ], [ 150.587945822351287, -34.988737448841221 ], [ 150.587943860462957, -34.988745437433657 ], [ 150.587941849633268, -34.988753526017817 ], [ 150.587939806918001, -34.988761693297469 ], [ 150.58793774939943, -34.98876991707543 ], [ 150.587935695201651, -34.988778176978137 ], [ 150.587933662528144, -34.988786449929243 ], [ 150.587931669529553, -34.988794714654276 ], [ 150.587929733235228, -34.988802950757936 ], [ 150.587928387400353, -34.988808834042864 ], [ 150.587926280224366, -34.988818301763615 ], [ 150.587924256058272, -34.988827665662384 ], [ 150.587922304536363, -34.988836905700829 ], [ 150.587920414251073, -34.988846000016885 ], [ 150.587918573768434, -34.988854927649463 ], [ 150.587916770559644, -34.988863667615689 ], [ 150.587914994285484, -34.988872198976225 ], [ 150.587913234606646, -34.988880500791737 ], [ 150.587911479020818, -34.988888551178434 ], [ 150.587909717135858, -34.988896330998827 ], [ 150.587907936449454, -34.988903818369145 ], [ 150.587906126648733, -34.988910991449082 ], [ 150.587904276273292, -34.98891783017848 ], [ 150.587902373889023, -34.98892431359625 ], [ 150.587900408088387, -34.988930419840301 ], [ 150.587898367410929, -34.988936128850526 ], [ 150.587896241543802, -34.988941418786581 ], [ 150.587885021899041, -34.988960400672731 ], [ 150.587875001777832, -34.988969415410189 ], [ 150.587862689213296, -34.988975549452064 ], [ 150.587847556298271, -34.988979546833846 ], [ 150.587829080651971, -34.988982149897438 ], [ 150.58782007321301, -34.988983010231109 ], [ 150.587812112043082, -34.988983640754611 ], [ 150.587803809131373, -34.988984195972236 ], [ 150.58779523123124, -34.988984678112402 ], [ 150.58778644725902, -34.988985090348002 ], [ 150.587777523941611, -34.988985435808459 ], [ 150.587768528005881, -34.988985717623208 ], [ 150.587759526178701, -34.988985938921658 ], [ 150.587750586281686, -34.988986102855065 ], [ 150.587741776136454, -34.988986212574638 ], [ 150.587733162522738, -34.988986269408024 ], [ 150.587724813182859, -34.988986279209321 ], [ 150.587716794922983, -34.988986242405247 ], [ 150.587709174417057, -34.988986163927208 ], [ 150.587702019539591, -34.988986045124669 ], [ 150.587679333126573, -34.988984956771013 ], [ 150.587664195095186, -34.988981664741459 ], [ 150.587655669688559, -34.988974499843764 ], [ 150.587653254775773, -34.988961797899165 ] ] ] ] } },
{ "type": "Feature", "properties": { "OBJECTID": 63, "Comments": "Construction noise contour - CnstrContoursEarthworks", "FSource": "MOTTM - noise specialists model run for Rev B", "SourceDate": 20251027.0, "Supplier": "MOTTM", "path_windows": "C:\\Users\\bri86955\\Mott MacDonald\\MGO - Moata Geospatial - JBR2HR\\01Incoming\\20251024_Noise\\Noise shp files Rev B\\Noise Rev B figures\\Metadata\\CnstrContours\\CnstrContoursEarthworks.shp", "path_rootname": "CnstrContoursEarthworks", "IsoValue": 80, "shapefile_type": "shapefile_polygon", "SHAPE_Length": 562.44349721821482, "SHAPE_Area": 14440.173200224959 }, "geometry": { "type": "MultiPolygon", "coordinates": [ [ [ [ 150.584685108793906, -34.988728063391584 ], [ 150.584662658916102, -34.988723105569626 ], [ 150.584645364574499, -34.988718945399711 ], [ 150.584628854441149, -34.988714676434704 ], [ 150.584613089723319, -34.988710314129165 ], [ 150.584598030612938, -34.988705871213043 ], [ 150.584583639465023, -34.988701361360718 ], [ 150.584569877513275, -34.988696799125741 ], [ 150.584556704923187, -34.988692198138871 ], [ 150.584544082954949, -34.988687572052633 ], [ 150.584531972868774, -34.988682934519574 ], [ 150.584520335924935, -34.988678299192159 ], [ 150.584509133357074, -34.988673680623798 ], [ 150.584498325330742, -34.98866909244515 ], [ 150.584487874227364, -34.988664547429494 ], [ 150.584477739064738, -34.988660060987542 ], [ 150.584467883319036, -34.98865564591437 ], [ 150.58445826715581, -34.988651315840514 ], [ 150.584448850714011, -34.988647085297536 ], [ 150.584439596348631, -34.988642967959578 ], [ 150.584430464225221, -34.988638977457185 ], [ 150.584421415604027, -34.988635127442691 ], [ 150.584412412813521, -34.988631432491161 ], [ 150.584403414950998, -34.988627905310366 ], [ 150.584390832253831, -34.988623285399122 ], [ 150.5843804408658, -34.988619727770612 ], [ 150.584370059597177, -34.988616384892389 ], [ 150.584359712902966, -34.988613244630692 ], [ 150.584349424143397, -34.988610294830067 ], [ 150.584339218815245, -34.988607525180413 ], [ 150.584329119184076, -34.988604923504496 ], [ 150.584319151920766, -34.988602476811266 ], [ 150.584309339264451, -34.988600173824373 ], [ 150.584299706738335, -34.988598003332875 ], [ 150.584290277676246, -34.988595954082257 ], [ 150.584281075491418, -34.988594012115172 ], [ 150.584272126748886, -34.988592168044391 ], [ 150.584263453740704, -34.98859040879173 ], [ 150.584255081990136, -34.988588723146279 ], [ 150.584247034857526, -34.988587098952593 ], [ 150.58423933677139, -34.988585524977978 ], [ 150.584232012186789, -34.988583989088809 ], [ 150.584225084464009, -34.988582479129647 ], [ 150.584218579126372, -34.988580983889634 ], [ 150.584202658643619, -34.988576668011291 ], [ 150.584184022364838, -34.988567929541539 ], [ 150.584171628444039, -34.988553795653843 ], [ 150.584164133909383, -34.988530951052489 ], [ 150.584160193546069, -34.988496082198928 ], [ 150.584159904993271, -34.988491104851008 ], [ 150.584159645362462, -34.988485926149792 ], [ 150.584159410115745, -34.988480551413723 ], [ 150.584159200188964, -34.988474986070287 ], [ 150.584159011097199, -34.988469233636053 ], [ 150.584158842655086, -34.988463300417614 ], [ 150.584158692540683, -34.988457190876069 ], [ 150.584158557284439, -34.988450911252656 ], [ 150.584158437848629, -34.988444466073872 ], [ 150.584158329695356, -34.988437860658166 ], [ 150.584158231597513, -34.988431099488473 ], [ 150.584158142301391, -34.988424187948645 ], [ 150.584158059458673, -34.98841713140073 ], [ 150.584157980694442, -34.988409936107757 ], [ 150.584157904834512, -34.988402604750725 ], [ 150.584157829477562, -34.988395144493602 ], [ 150.58415775230165, -34.988387559797481 ], [ 150.584157672053152, -34.988379856046251 ], [ 150.584157586410157, -34.988372037701005 ], [ 150.584157493024321, -34.988364110123818 ], [ 150.584157391710221, -34.988356079621276 ], [ 150.584157277982968, -34.988347949709969 ], [ 150.584157151683712, -34.988339725795541 ], [ 150.584157009342789, -34.988331414119195 ], [ 150.58415685082781, -34.988323019185664 ], [ 150.584156672695656, -34.988314546335197 ], [ 150.584156474813938, -34.988306000072505 ], [ 150.5841562526183, -34.988297386616992 ], [ 150.584156006002786, -34.988288709572444 ], [ 150.58415573259262, -34.98827997520187 ], [ 150.584155431134093, -34.988271188889094 ], [ 150.58415509821063, -34.988262355073452 ], [ 150.584154732568578, -34.98825347913882 ], [ 150.584154331859565, -34.98824456644725 ], [ 150.584153895951204, -34.988235621503442 ], [ 150.584153420279193, -34.988226650526805 ], [ 150.584152904737522, -34.988217657121119 ], [ 150.584152345856722, -34.988208647527593 ], [ 150.584151743477832, -34.988199627151879 ], [ 150.58415109418425, -34.988190600433278 ], [ 150.584150688114846, -34.988185261059236 ], [ 150.584149974691314, -34.988176366481284 ], [ 150.58414921841424, -34.988167476458976 ], [ 150.584148419257247, -34.988158591893196 ], [ 150.584147580398508, -34.988149716453158 ], [ 150.584146703948164, -34.98814085288523 ], [ 150.584145790921383, -34.98813200391406 ], [ 150.584144844549513, -34.988123171406912 ], [ 150.584143865821346, -34.988114358989343 ], [ 150.58414285684691, -34.988105569407786 ], [ 150.584141819762749, -34.988096804507705 ], [ 150.584140756625828, -34.988088068837399 ], [ 150.584139668530952, -34.988079362418674 ], [ 150.584138558603428, -34.988070690722544 ], [ 150.584137427911514, -34.988062054671772 ], [ 150.584136279659987, -34.988053457034567 ], [ 150.584135113716371, -34.988044902315622 ], [ 150.584133933338421, -34.988036391481295 ], [ 150.584132740636193, -34.988027927277969 ], [ 150.584131537693196, -34.988019513353031 ], [ 150.584130325524711, -34.988011152431085 ], [ 150.584129106267198, -34.98800284635761 ], [ 150.584127883099001, -34.98799459880177 ], [ 150.584126655967111, -34.987986411565458 ], [ 150.584125428049788, -34.987978288317784 ], [ 150.584124201457058, -34.987970231805207 ], [ 150.584122977230692, -34.987962243851406 ], [ 150.584121758575435, -34.987954327224571 ], [ 150.584120546480051, -34.987946485550282 ], [ 150.584119343081028, -34.987938720673995 ], [ 150.584118150461961, -34.987931036243118 ], [ 150.584116970759283, -34.987923434103088 ], [ 150.584115804961812, -34.987915917879477 ], [ 150.584114656300756, -34.987908489439533 ], [ 150.584113525791395, -34.987901151507927 ], [ 150.584112415517239, -34.987893907731973 ], [ 150.584111327588289, -34.987886760858117 ], [ 150.584110264167577, -34.9878797118309 ], [ 150.584109227312069, -34.987872765198595 ], [ 150.584108219131764, -34.987865923707638 ], [ 150.584107239600257, -34.987859188258973 ], [ 150.584105238662886, -34.987845017889157 ], [ 150.584103511137471, -34.987832166403663 ], [ 150.584101940971891, -34.987819700274123 ], [ 150.5841005379568, -34.987807584538182 ], [ 150.584099316129368, -34.987795788825323 ], [ 150.584098286295472, -34.98778428089782 ], [ 150.584097460382253, -34.987773027638781 ], [ 150.584096851358595, -34.987761997754987 ], [ 150.584096471125179, -34.987751159030466 ], [ 150.584096330487853, -34.987740479227497 ], [ 150.584096443536737, -34.987729926173692 ], [ 150.584096820009478, -34.987719466708548 ], [ 150.58409747284847, -34.987709070439813 ], [ 150.584098415075545, -34.98769870427234 ], [ 150.584099657496552, -34.987688335968386 ], [ 150.584101212012115, -34.987677933311986 ], [ 150.584103091591032, -34.987667465009871 ], [ 150.584105308160417, -34.987656897945143 ], [ 150.58410787359432, -34.987646200802764 ], [ 150.58411079872505, -34.987635340444001 ], [ 150.584113650033771, -34.987625724446055 ], [ 150.584115920345909, -34.987618583133141 ], [ 150.584118338110386, -34.987611381653011 ], [ 150.584120900872819, -34.987604128971505 ], [ 150.584123607326603, -34.98759683227432 ], [ 150.584126454990923, -34.987589501428239 ], [ 150.584129441437909, -34.987582144498134 ], [ 150.584132564266213, -34.987574768647953 ], [ 150.584135822089763, -34.987567383766219 ], [ 150.584139212480693, -34.987559997917842 ], [ 150.584142733011191, -34.987552619167666 ], [ 150.584146382348109, -34.987545255602392 ], [ 150.584150156915939, -34.987537917066973 ], [ 150.584154055434567, -34.987530609846189 ], [ 150.584158076517866, -34.987523343828606 ], [ 150.584162216643335, -34.98751612705729 ], [ 150.584166474477883, -34.987508967618936 ], [ 150.584170847567123, -34.987501874479335 ], [ 150.584175334604538, -34.987494854824234 ], [ 150.584179932014621, -34.987487918498609 ], [ 150.584184638464251, -34.987481073589102 ], [ 150.584189451525589, -34.987474328160602 ], [ 150.584194369865628, -34.987467690299795 ], [ 150.584199389935321, -34.987461168950688 ], [ 150.584204510401605, -34.98745477219996 ], [ 150.584209729931416, -34.987448508134293 ], [ 150.584215043854556, -34.987442386576852 ], [ 150.584220453080349, -34.98743641385601 ], [ 150.584225954006911, -34.987430600717673 ], [ 150.584231544259353, -34.987424953424863 ], [ 150.584237221383489, -34.98741948094338 ], [ 150.584245587640396, -34.987411884047859 ], [ 150.584253990005891, -34.98740477286114 ], [ 150.584262548387414, -34.987398018155822 ], [ 150.584271256454997, -34.98739161169263 ], [ 150.584280104541563, -34.987385546968795 ], [ 150.584289085248997, -34.987379814822319 ], [ 150.584298190004887, -34.987374408772219 ], [ 150.584307410289853, -34.98736932053567 ], [ 150.584316739773982, -34.987364541873369 ], [ 150.584326167748458, -34.987360064458898 ], [ 150.584335687803872, -34.987355882755836 ], [ 150.584345292568514, -34.987351986701235 ], [ 150.584354971280646, -34.98734836977053 ], [ 150.58436471763676, -34.987345022823568 ], [ 150.584374524132812, -34.987341940302109 ], [ 150.58438438120757, -34.987339112099633 ], [ 150.584394280262273, -34.987336532636142 ], [ 150.584404215019902, -34.987334191870502 ], [ 150.584414175813407, -34.987332083299997 ], [ 150.584424155191613, -34.987330199564525 ], [ 150.584434145756319, -34.987328531502108 ], [ 150.584444137840478, -34.987327072610022 ], [ 150.584455796731334, -34.987325625262386 ], [ 150.584466739064823, -34.987324519729874 ], [ 150.584477661968378, -34.987323665319565 ], [ 150.584488557620091, -34.987323067284592 ], [ 150.584499420440608, -34.987322729119768 ], [ 150.584510242608019, -34.987322656078227 ], [ 150.584521018516398, -34.987322852555721 ], [ 150.584531741438724, -34.987323323827191 ], [ 150.584542404700755, -34.987324073365649 ], [ 150.584553001548898, -34.98732510734699 ], [ 150.584563526430202, -34.987326428365101 ], [ 150.584573972591102, -34.987328042595841 ], [ 150.584584333357412, -34.987329953512273 ], [ 150.584594602002028, -34.987332166389308 ], [ 150.584604772892561, -34.987334686523702 ], [ 150.584614838286569, -34.987337516465765 ], [ 150.584624792525233, -34.987340662413175 ], [ 150.584634628907878, -34.987344128739906 ], [ 150.58464434073386, -34.987347919819982 ], [ 150.584653922370791, -34.987352040950142 ], [ 150.584659075140422, -34.987354420628023 ], [ 150.584667388150734, -34.987358511096339 ], [ 150.584675576692035, -34.987362848793609 ], [ 150.584683626771266, -34.987367425328124 ], [ 150.584691528827165, -34.987372230593408 ], [ 150.584699272150772, -34.987377256263152 ], [ 150.584706843870265, -34.987382493066441 ], [ 150.584714235545476, -34.98738793001769 ], [ 150.584721433156886, -34.987393559626121 ], [ 150.584728428237867, -34.987399371807101 ], [ 150.584735207916452, -34.987405357289731 ], [ 150.58474176151023, -34.98741150684674 ], [ 150.584748078336588, -34.987417811250836 ], [ 150.584754146618309, -34.987424261252954 ], [ 150.584759955699354, -34.987430846724848 ], [ 150.584765494897169, -34.987437558439247 ], [ 150.584770752407962, -34.987444388047997 ], [ 150.584775717549235, -34.987451326323836 ], [ 150.584780378596605, -34.987458362215797 ], [ 150.58478472481454, -34.987465488298476 ], [ 150.584788745547002, -34.987472694443632 ], [ 150.584792429016574, -34.987479971402202 ], [ 150.58479576456719, -34.987487309045939 ], [ 150.584799249351363, -34.987496054149446 ], [ 150.58480212985225, -34.987504488838894 ], [ 150.584804598684229, -34.987513028919665 ], [ 150.584806675022776, -34.987521692802822 ], [ 150.584808381301059, -34.987530499865748 ], [ 150.58480973992576, -34.987539470386778 ], [ 150.584810772288336, -34.987548621919586 ], [ 150.58481149863249, -34.987557973798005 ], [ 150.584811941391422, -34.987567545399365 ], [ 150.584812121930156, -34.98757735517831 ], [ 150.584812061560598, -34.987587423391368 ], [ 150.584811781674262, -34.98759776759222 ], [ 150.584811304677828, -34.987608408059167 ], [ 150.58481065193638, -34.987619363246843 ], [ 150.584809844814799, -34.987630651609891 ], [ 150.584808903530444, -34.987642293383004 ], [ 150.584807851637748, -34.987654307064417 ], [ 150.58480670938053, -34.987666711987906 ], [ 150.584805499244993, -34.98767952572895 ], [ 150.584804241422006, -34.987692769423191 ], [ 150.584803574283342, -34.987699853414036 ], [ 150.584802928781329, -34.987706760246013 ], [ 150.584802281408571, -34.987713768005342 ], [ 150.584801633498074, -34.987720868605301 ], [ 150.584800986250457, -34.987728058463937 ], [ 150.58480034316176, -34.987735330439051 ], [ 150.584799704390832, -34.987742679125006 ], [ 150.584799073433629, -34.987750097379617 ], [ 150.584798451517287, -34.987757580719979 ], [ 150.58479783992189, -34.987765122861262 ], [ 150.584797241048705, -34.987772716639526 ], [ 150.584796657219556, -34.987780357593628 ], [ 150.584796090835738, -34.987788038559593 ], [ 150.584795542056099, -34.987795754131803 ], [ 150.584795014323731, -34.987803498969924 ], [ 150.584794508945123, -34.987811265888226 ], [ 150.584794027147467, -34.987819050403807 ], [ 150.58479357242669, -34.987826845374471 ], [ 150.584793144968188, -34.987834644493638 ], [ 150.584792748188562, -34.987842443321945 ], [ 150.58479238339433, -34.987850234673672 ], [ 150.584792051839088, -34.987858013164924 ], [ 150.584791756992416, -34.987865772554464 ], [ 150.584791499013136, -34.987873507436682 ], [ 150.584791281397315, -34.987881210669379 ], [ 150.584791104277315, -34.987888877747849 ], [ 150.584790971149204, -34.98789650152991 ], [ 150.58479088436124, -34.987904076653514 ], [ 150.58479084297764, -34.987911597691181 ], [ 150.584790851589133, -34.987919057522561 ], [ 150.584790911449289, -34.987926450763773 ], [ 150.584791024932997, -34.987933771151816 ], [ 150.584791192199077, -34.987941013281009 ], [ 150.58479141671711, -34.987948170910144 ], [ 150.584791699767152, -34.98795523775442 ], [ 150.584792043697576, -34.987962208451741 ], [ 150.584792449788466, -34.987969076717313 ], [ 150.584792920388139, -34.987975837189047 ], [ 150.584793457897916, -34.987982482703018 ], [ 150.584794062476647, -34.987989007853521 ], [ 150.584795606310877, -34.98800263454465 ], [ 150.584797440515189, -34.988015400703077 ], [ 150.584799608158306, -34.988027629912168 ], [ 150.58480212099127, -34.988039332321925 ], [ 150.5848049896438, -34.988050518961543 ], [ 150.584808224745615, -34.98806120086023 ], [ 150.584811838047671, -34.988071388167988 ], [ 150.584815840153226, -34.988081092814937 ], [ 150.58482024281318, -34.988090324951116 ], [ 150.584825056657309, -34.988099095605669 ], [ 150.584830293436454, -34.988107414928628 ], [ 150.584835962659156, -34.988115294828248 ], [ 150.584842078292269, -34.988122744597213 ], [ 150.584848648722982, -34.988129777022927 ], [ 150.584855685728741, -34.988136401354446 ], [ 150.584863202128645, -34.988142628664434 ], [ 150.584871206362919, -34.988148469938473 ], [ 150.584879712345383, -34.988153936271011 ], [ 150.584888728516262, -34.988159038647559 ], [ 150.584895708390746, -34.988162575208257 ], [ 150.58490319978057, -34.988166038112674 ], [ 150.584910957198815, -34.988169319707239 ], [ 150.584918961717193, -34.988172430432819 ], [ 150.584927194328031, -34.988175383433102 ], [ 150.584935634981946, -34.988178190028073 ], [ 150.58494426581882, -34.988180861581377 ], [ 150.584953066762836, -34.988183410313916 ], [ 150.584962019927474, -34.988185848490296 ], [ 150.584971105263293, -34.988188187430517 ], [ 150.584980304910317, -34.988190438498179 ], [ 150.584989597671381, -34.988192614793469 ], [ 150.584998966807717, -34.988194726800828 ], [ 150.585008392216963, -34.988196787642195 ], [ 150.585017854970886, -34.988198807758494 ], [ 150.585027336061813, -34.988200800293448 ], [ 150.585036816535023, -34.988202776588913 ], [ 150.585046277435822, -34.988204747986778 ], [ 150.585055699783055, -34.988206726729864 ], [ 150.585065063500821, -34.988208725039151 ], [ 150.585074350729144, -34.988210754278377 ], [ 150.585083541418584, -34.988212825767619 ], [ 150.585092617656301, -34.988214952672429 ], [ 150.585101560514062, -34.988217145433815 ], [ 150.585110349889447, -34.988219417173731 ], [ 150.585119220128007, -34.988221844673603 ], [ 150.585131062848944, -34.988225291394187 ], [ 150.585142572613449, -34.988228848678425 ], [ 150.58515375176043, -34.988232474203912 ], [ 150.585164604685957, -34.988236130196476 ], [ 150.585175136986692, -34.988239775300016 ], [ 150.585185352043311, -34.988243369015755 ], [ 150.58519525427829, -34.988246872668597 ], [ 150.585204847072276, -34.988250245759744 ], [ 150.585214135995358, -34.988253447833998 ], [ 150.585223124401722, -34.988256439293529 ], [ 150.585231815645443, -34.988259180540481 ], [ 150.585240215323182, -34.98826163021868 ], [ 150.585248327883704, -34.988263748752075 ], [ 150.585256155559932, -34.988265497421978 ], [ 150.585263705043133, -34.98826683489397 ], [ 150.585270978592689, -34.988267721548418 ], [ 150.585277980683856, -34.988268116908287 ], [ 150.585283944126218, -34.988268035455008 ], [ 150.585293849483946, -34.988266996656961 ], [ 150.585303276292507, -34.988264946802353 ], [ 150.585312319831417, -34.988262035628338 ], [ 150.585321074285645, -34.98825841285025 ], [ 150.585329634987858, -34.988254226403313 ], [ 150.585338093933586, -34.988249625959241 ], [ 150.585346546429236, -34.988244760354171 ], [ 150.585355087754607, -34.988239779325077 ], [ 150.585363809958437, -34.988234830741753 ], [ 150.5853728093889, -34.988230065263906 ], [ 150.585382178094761, -34.988225630761256 ], [ 150.585391772130407, -34.988221729002888 ], [ 150.585400755553195, -34.988218589455492 ], [ 150.585409999211038, -34.988215801250149 ], [ 150.585419454237922, -34.988213349892376 ], [ 150.585429071608957, -34.98821122629338 ], [ 150.585438803499926, -34.98820941778235 ], [ 150.585448600991811, -34.988207911666763 ], [ 150.58545841401795, -34.988206697034151 ], [ 150.585468195795954, -34.988205763037463 ], [ 150.585477897433236, -34.988205096083256 ], [ 150.585487468836703, -34.988204686160074 ], [ 150.585496863276774, -34.988204520619014 ], [ 150.585506030713276, -34.988204587646756 ], [ 150.585518679077609, -34.988205071003513 ], [ 150.585531122638287, -34.988206037978827 ], [ 150.585543183995014, -34.988207486845816 ], [ 150.58555496261036, -34.988209424992519 ], [ 150.585566563473463, -34.988211858113914 ], [ 150.585578088289225, -34.988214791839638 ], [ 150.585589638762571, -34.988218231799259 ], [ 150.585601318761519, -34.988222184566837 ], [ 150.585613228922767, -34.98822665484915 ], [ 150.585622941980603, -34.988230595521898 ], [ 150.585631380026001, -34.988234237679436 ], [ 150.585639909081863, -34.988238137664638 ], [ 150.585648497189112, -34.988242302053315 ], [ 150.585657114604601, -34.988246736563973 ], [ 150.58566573043754, -34.988251448695202 ], [ 150.585674317134334, -34.988256444209057 ], [ 150.585682841614698, -34.988261730560588 ], [ 150.585691275256636, -34.98826731258913 ], [ 150.585699587142926, -34.988273198694252 ], [ 150.5857077486516, -34.988279393715338 ], [ 150.585715727797066, -34.988285905129231 ], [ 150.585723494809713, -34.988292739555391 ], [ 150.585731583077489, -34.988300458404353 ], [ 150.585737860013381, -34.988306932343164 ], [ 150.585743933607802, -34.988313653745983 ], [ 150.585749791792097, -34.988320623274127 ], [ 150.585755423618934, -34.988327840709893 ], [ 150.585760819156178, -34.988335308560053 ], [ 150.585765967482956, -34.988343025705909 ], [ 150.585770858693564, -34.98835099375335 ], [ 150.585775480719462, -34.988359213363751 ], [ 150.585779824802586, -34.988367684362899 ], [ 150.585783877726641, -34.988376409192263 ], [ 150.585787631828424, -34.98838538769941 ], [ 150.585791073970881, -34.988394619623008 ], [ 150.58579419422199, -34.988404107469862 ], [ 150.585796982755369, -34.988413850143047 ], [ 150.585798889880408, -34.988421491983424 ], [ 150.585800595919892, -34.988429229886144 ], [ 150.585802119494076, -34.988437101181937 ], [ 150.585803468451388, -34.988445099716664 ], [ 150.585804652909047, -34.988453216676916 ], [ 150.5858056818102, -34.988461445930348 ], [ 150.585806560893218, -34.988469778576437 ], [ 150.585807301317118, -34.988478207625441 ], [ 150.585807909862154, -34.988486726000502 ], [ 150.585808396592597, -34.988495326690114 ], [ 150.585808769436227, -34.988504000837295 ], [ 150.585809035173298, -34.98851274136517 ], [ 150.585809204936396, -34.988521542184984 ], [ 150.585809285585071, -34.988530393517038 ], [ 150.585809287130786, -34.988539290151664 ], [ 150.585809215338287, -34.988548222287434 ], [ 150.585809081313869, -34.988557184736464 ], [ 150.585808892985312, -34.988566168641796 ], [ 150.585808658227535, -34.988575166948358 ], [ 150.5858083860102, -34.988584172622851 ], [ 150.585808078806707, -34.988593250620283 ], [ 150.585807737964359, -34.988602243210288 ], [ 150.585807351698435, -34.988611215965676 ], [ 150.585806912610423, -34.988620159724555 ], [ 150.585806414475854, -34.98862906264398 ], [ 150.585805847653774, -34.988637917320354 ], [ 150.585805204798504, -34.988646712789944 ], [ 150.585804479606281, -34.988655439912584 ], [ 150.585803662515502, -34.988664088581892 ], [ 150.58580274612757, -34.988672649635951 ], [ 150.585801723096864, -34.988681112110989 ], [ 150.585800585998328, -34.988689467746063 ], [ 150.585799326365105, -34.988697706456513 ], [ 150.585797936825088, -34.988705818179533 ], [ 150.585796408884988, -34.988713793731399 ], [ 150.58579473626736, -34.988721623071079 ], [ 150.585792910505404, -34.988729296113924 ], [ 150.585790923105776, -34.988736803676268 ], [ 150.585788766696396, -34.988744135695235 ], [ 150.585786434973357, -34.988751283030723 ], [ 150.58578366451448, -34.988758897612989 ], [ 150.585779631700319, -34.988768616350463 ], [ 150.585775169867702, -34.988777874915691 ], [ 150.585770254604995, -34.988786646680317 ], [ 150.585764865932418, -34.988794903301191 ], [ 150.585758980506625, -34.988802619072672 ], [ 150.58575257509014, -34.988809764685321 ], [ 150.585745628529082, -34.98881631447702 ], [ 150.585738116464881, -34.988822240017463 ], [ 150.585730017770175, -34.988827514743583 ], [ 150.585721309181167, -34.988832110246825 ], [ 150.585711969544093, -34.988836000865042 ], [ 150.585701974500438, -34.988839158167863 ], [ 150.585691302949584, -34.98884155469122 ], [ 150.585687202469501, -34.988842241156654 ], [ 150.585679509127857, -34.988843225737611 ], [ 150.585671525115799, -34.988843888118787 ], [ 150.585663266272263, -34.988844248447592 ], [ 150.585654748462758, -34.988844325970533 ], [ 150.585645985363158, -34.988844139890531 ], [ 150.585636993907315, -34.988843710376777 ], [ 150.585627788839361, -34.988843057554952 ], [ 150.585618383861771, -34.988842199727024 ], [ 150.585608796976544, -34.988841157984943 ], [ 150.585599039643569, -34.988839952389029 ], [ 150.585589129944282, -34.988838601328418 ], [ 150.585579082622928, -34.988837124928764 ], [ 150.585568912423611, -34.988835543315744 ], [ 150.585558633022259, -34.988833875692329 ], [ 150.585548262473736, -34.988832141348595 ], [ 150.585537814400993, -34.988830361289381 ], [ 150.585527303574594, -34.988828554739456 ], [ 150.585516745859962, -34.988826740945342 ], [ 150.585506156001145, -34.988824940032742 ], [ 150.585495549837049, -34.988823172149147 ], [ 150.585483306795794, -34.988821193202206 ], [ 150.585472397460109, -34.988819491401479 ], [ 150.585461368648311, -34.988817829591433 ], [ 150.58545016463421, -34.988816203057269 ], [ 150.585438729744624, -34.988814605282279 ], [ 150.585427010495863, -34.988813029793313 ], [ 150.585414950119969, -34.988811470051822 ], [ 150.585402492943757, -34.988809919541055 ], [ 150.585389583267556, -34.988808372645146 ], [ 150.585376167634223, -34.988806821989897 ], [ 150.585362189222877, -34.988805262838568 ], [ 150.585347593481629, -34.988803687795105 ], [ 150.585332324710834, -34.988802091243521 ], [ 150.585316326169107, -34.988800465744141 ], [ 150.585299545414671, -34.988798806647203 ], [ 150.585281923516646, -34.988797106469342 ], [ 150.585263408086178, -34.988795358758829 ], [ 150.585243942302554, -34.988793558778617 ], [ 150.585223471640376, -34.98879169823141 ], [ 150.585201940373707, -34.98878977240183 ], [ 150.585198100101081, -34.988789431846484 ], [ 150.585190755996166, -34.988788782672074 ], [ 150.585183298223228, -34.988788124924817 ], [ 150.5851757311612, -34.98878745869186 ], [ 150.585168059162669, -34.988786784961256 ], [ 150.585160284470021, -34.988786101974661 ], [ 150.585152413651798, -34.988785409862807 ], [ 150.585144447776173, -34.988784709548383 ], [ 150.585136393464666, -34.98878399936023 ], [ 150.585128252880281, -34.988783280242814 ], [ 150.585120030428442, -34.98878255138235 ], [ 150.585111730488137, -34.988781812865966 ], [ 150.585103356343609, -34.988781064758996 ], [ 150.585094913521601, -34.988780305368472 ], [ 150.585086403063826, -34.988779536518088 ], [ 150.585077832686551, -34.988778756558425 ], [ 150.585069202363201, -34.988777966390415 ], [ 150.585060519809986, -34.988777164364677 ], [ 150.585051786095192, -34.988776351403949 ], [ 150.585043006692558, -34.988775527617129 ], [ 150.585034184912757, -34.988774692168647 ], [ 150.585025325134836, -34.988773845145651 ], [ 150.585016431764217, -34.988772985734322 ], [ 150.585007506990422, -34.988772113978257 ], [ 150.584998556287132, -34.988771229986355 ], [ 150.584989584033366, -34.9887703338458 ], [ 150.584980592445049, -34.988769424699179 ], [ 150.584971586969488, -34.9887685035564 ], [ 150.584962570970362, -34.988767567780023 ], [ 150.584953548773626, -34.988766619259039 ], [ 150.584944523663609, -34.988765658058838 ], [ 150.584935500072135, -34.988764682464684 ], [ 150.584926482378307, -34.988763692563715 ], [ 150.584917473839823, -34.988762689322279 ], [ 150.584908477793846, -34.988761671003836 ], [ 150.584899499687708, -34.988760638618267 ], [ 150.584890542832056, -34.988759591330023 ], [ 150.58488161160588, -34.988758529226267 ], [ 150.58487270929345, -34.988757452372347 ], [ 150.58486383920544, -34.988756359932715 ], [ 150.584855007910363, -34.988755252038125 ], [ 150.584846216502939, -34.988754128710362 ], [ 150.584837470483336, -34.988752989157433 ], [ 150.584828773135854, -34.988751833444724 ], [ 150.584820128839425, -34.98875066165941 ], [ 150.58481154087832, -34.988749473866861 ], [ 150.58480301368445, -34.988748268352381 ], [ 150.584794552678602, -34.988747047026791 ], [ 150.584786159008445, -34.988745808110039 ], [ 150.584777839242463, -34.988744551732864 ], [ 150.584769595543662, -34.988743278839813 ], [ 150.584761432343981, -34.988741987716153 ], [ 150.584753354022411, -34.988740678449112 ], [ 150.584745363836674, -34.988739352004984 ], [ 150.584737466218769, -34.98873800666906 ], [ 150.58472966554757, -34.988736642528536 ], [ 150.584721965080917, -34.988735260549731 ], [ 150.58471436922423, -34.988733859918895 ], [ 150.584706882382932, -34.988732439822279 ], [ 150.584699506746546, -34.98873100030346 ], [ 150.584692247788809, -34.988729541471436 ], [ 150.584685108793906, -34.988728063391584 ] ] ] ] } },
{ "type": "Feature", "properties": { "OBJECTID": 64, "Comments": "Construction noise contour - CnstrContoursEarthworks", "FSource": "MOTTM - noise specialists model run for Rev B", "SourceDate": 20251027.0, "Supplier": "MOTTM", "path_windows": "C:\\Users\\bri86955\\Mott MacDonald\\MGO - Moata Geospatial - JBR2HR\\01Incoming\\20251024_Noise\\Noise shp files Rev B\\Noise Rev B figures\\Metadata\\CnstrContours\\CnstrContoursEarthworks.shp", "path_rootname": "CnstrContoursEarthworks", "IsoValue": 80, "shapefile_type": "shapefile_polygon", "SHAPE_Length": 122.57765099600049, "SHAPE_Area": 1044.9854631035225 }, "geometry": { "type": "MultiPolygon", "coordinates": [ [ [ [ 150.586085251991534, -34.988746385056658 ], [ 150.586083370927042, -34.988740689110408 ], [ 150.5860816976178, -34.988734670063621 ], [ 150.58608022197285, -34.988728335828817 ], [ 150.586078936868034, -34.988721705195125 ], [ 150.586077835258465, -34.988714794248835 ], [ 150.586076910019955, -34.988707621779106 ], [ 150.58607615295989, -34.988700205652371 ], [ 150.586075558101811, -34.988692562877631 ], [ 150.586075118374339, -34.988684710442143 ], [ 150.586074825584944, -34.988676666212342 ], [ 150.58607467373065, -34.988668448098174 ], [ 150.586074654645387, -34.988660073065127 ], [ 150.58607476232612, -34.988651559023154 ], [ 150.58607498858035, -34.98864292383869 ], [ 150.586075327405013, -34.988634185421695 ], [ 150.586075769565866, -34.98862535981489 ], [ 150.586076310128078, -34.988616465851017 ], [ 150.586076942046873, -34.988607519616366 ], [ 150.586077655982052, -34.988598540757437 ], [ 150.586078445983588, -34.988589545382332 ], [ 150.586079417392995, -34.988579445709796 ], [ 150.586080350666094, -34.988570532514153 ], [ 150.586081351796281, -34.988561658530145 ], [ 150.5860824235385, -34.988552841841951 ], [ 150.586083565363481, -34.988544100468438 ], [ 150.586084776768445, -34.988535451527532 ], [ 150.586086059387043, -34.988526913982597 ], [ 150.586087413784838, -34.988518505874275 ], [ 150.586088840580231, -34.988510243441297 ], [ 150.586090339217407, -34.988502145603491 ], [ 150.586091910261899, -34.988494230401493 ], [ 150.586093555373935, -34.988486515897726 ], [ 150.586095272982448, -34.9884790182874 ], [ 150.586097065789431, -34.988471757456558 ], [ 150.586098933292106, -34.988464750523157 ], [ 150.586100876056008, -34.988458015527819 ], [ 150.586102894673047, -34.98845156961027 ], [ 150.586104988587522, -34.98844543169028 ], [ 150.586107159512608, -34.988439618028401 ], [ 150.586109407960862, -34.988434148467164 ], [ 150.586114688886056, -34.988423255591357 ], [ 150.586122432752859, -34.988411263238589 ], [ 150.586130996376141, -34.988402053803362 ], [ 150.586140452718126, -34.988395380832763 ], [ 150.586150877009857, -34.988390995214615 ], [ 150.586162341092404, -34.988388651375082 ], [ 150.586174922412738, -34.98838809934449 ], [ 150.586185795910637, -34.988388819569153 ], [ 150.586194311008398, -34.988390063508568 ], [ 150.586203128881465, -34.988391963430026 ], [ 150.58621220108023, -34.988394565246132 ], [ 150.586221476912726, -34.988397916627825 ], [ 150.586230905739825, -34.988402063444134 ], [ 150.586240437990909, -34.988407052486856 ], [ 150.586250022973985, -34.988412931426986 ], [ 150.58625961336071, -34.988419745297996 ], [ 150.586269156269708, -34.988427541727383 ], [ 150.58627860213025, -34.988436367506957 ], [ 150.586285423242401, -34.98844348507486 ], [ 150.586290317583746, -34.988448961502243 ], [ 150.586295161388563, -34.988454666798972 ], [ 150.586299952325334, -34.98846056846574 ], [ 150.58630468579355, -34.988466636662572 ], [ 150.586309358366805, -34.988472838868404 ], [ 150.586313967660516, -34.988479144385813 ], [ 150.586318508032377, -34.988485521551141 ], [ 150.586322977124297, -34.988491938766053 ], [ 150.586327370335653, -34.988498366190541 ], [ 150.586331685361273, -34.98850477042437 ], [ 150.58633591760065, -34.988511121627539 ], [ 150.586340063600829, -34.988517388179922 ], [ 150.586344119935404, -34.988523537560489 ], [ 150.586348082003809, -34.988529539929203 ], [ 150.586351948542585, -34.988535363709524 ], [ 150.586355712788162, -34.98854097811693 ], [ 150.58635937353003, -34.988546349772982 ], [ 150.586362927235825, -34.988551449760408 ], [ 150.586366368316106, -34.988556244613612 ], [ 150.586369694359746, -34.988560704536177 ], [ 150.586385281996854, -34.988578931303088 ], [ 150.586397076447156, -34.988590850757582 ], [ 150.58640439140612, -34.988600324667985 ], [ 150.586406689373774, -34.98861140707097 ], [ 150.586406469914238, -34.988614478520581 ], [ 150.586405646370025, -34.988619731230344 ], [ 150.5864043037746, -34.988625537935775 ], [ 150.586402526270945, -34.988631830897376 ], [ 150.586400393649654, -34.988638541387566 ], [ 150.586397987784892, -34.98864560432613 ], [ 150.586395391804416, -34.988652949248952 ], [ 150.586392685419497, -34.988660510131332 ], [ 150.586389951678541, -34.988668219212002 ], [ 150.586387271467004, -34.98867600778523 ], [ 150.586384727780484, -34.98868380989164 ], [ 150.586382400436264, -34.98869155590279 ], [ 150.586379678002316, -34.98870171450136 ], [ 150.586377198866131, -34.988711272151662 ], [ 150.586374518967915, -34.988720541845538 ], [ 150.586371295536537, -34.988729483410445 ], [ 150.58636718911157, -34.988738055838212 ], [ 150.586361854758707, -34.98874621801172 ], [ 150.586354950827769, -34.988753928879056 ], [ 150.58634613457383, -34.988761147366439 ], [ 150.586335065414914, -34.988767833344362 ], [ 150.586328085555238, -34.988771192206812 ], [ 150.586321757040196, -34.988773856371388 ], [ 150.586315002718408, -34.988776398480454 ], [ 150.586307864348981, -34.988778813955761 ], [ 150.586300382490464, -34.988781101801074 ], [ 150.586292601144379, -34.988783255679849 ], [ 150.586284560869217, -34.98878527459587 ], [ 150.586276304518947, -34.988787153992746 ], [ 150.586267874894475, -34.988788891115917 ], [ 150.586259312660246, -34.988790481365463 ], [ 150.586250660590792, -34.988791922887792 ], [ 150.586241960445193, -34.988793211104785 ], [ 150.586233255024524, -34.988794343261951 ], [ 150.586224586034973, -34.988795316583065 ], [ 150.58621599635697, -34.988796125610818 ], [ 150.58620752654906, -34.988796769349108 ], [ 150.586199219491647, -34.988797242340709 ], [ 150.586191117959231, -34.988797542732122 ], [ 150.586183262616316, -34.988797665923499 ], [ 150.586175697332095, -34.988797610083175 ], [ 150.586163654491656, -34.988797093765243 ], [ 150.586148635239425, -34.988795467122593 ], [ 150.586135257820388, -34.988792689509665 ], [ 150.586123448407761, -34.988788663902561 ], [ 150.586113129943357, -34.988783291410058 ], [ 150.586104226384265, -34.988776475865514 ], [ 150.58609666288811, -34.988768117520138 ], [ 150.586090363438245, -34.988758119306141 ], [ 150.586085251991534, -34.988746385056658 ] ] ] ] } },
{ "type": "Feature", "properties": { "OBJECTID": 65, "Comments": "Construction noise contour - CnstrContoursEarthworks", "FSource": "MOTTM - noise specialists model run for Rev B", "SourceDate": 20251027.0, "Supplier": "MOTTM", "path_windows": "C:\\Users\\bri86955\\Mott MacDonald\\MGO - Moata Geospatial - JBR2HR\\01Incoming\\20251024_Noise\\Noise shp files Rev B\\Noise Rev B figures\\Metadata\\CnstrContours\\CnstrContoursEarthworks.shp", "path_rootname": "CnstrContoursEarthworks", "IsoValue": 80, "shapefile_type": "shapefile_polygon", "SHAPE_Length": 997.43469564786301, "SHAPE_Area": 20567.959347003671 }, "geometry": { "type": "MultiPolygon", "coordinates": [ [ [ [ 150.57847550336129, -35.026365077471276 ], [ 150.578463289065212, -35.026363056818248 ], [ 150.578453364736561, -35.026361125155724 ], [ 150.57844356162397, -35.026358948010163 ], [ 150.578433919103048, -35.026356527970748 ], [ 150.578424476549287, -35.026353867626597 ], [ 150.578415275528783, -35.026350969610611 ], [ 150.578406356485601, -35.026347837434763 ], [ 150.578397758848524, -35.026344471886347 ], [ 150.578389523035071, -35.026340877378303 ], [ 150.578381689515993, -35.026337056521683 ], [ 150.578374298815163, -35.026333010125697 ], [ 150.578367391323496, -35.026328743504223 ], [ 150.57836100759144, -35.026324256565523 ], [ 150.578355186941252, -35.02631955370066 ], [ 150.578349969870146, -35.026314636619823 ], [ 150.578345397917417, -35.026309508856833 ], [ 150.578341510484961, -35.026304172099991 ], [ 150.578338348016814, -35.02629862986128 ], [ 150.57833594988827, -35.026292884729884 ], [ 150.578334358786947, -35.02628693845967 ], [ 150.578333612966276, -35.026280794518833 ], [ 150.578333778258212, -35.026273967431678 ], [ 150.578334525076798, -35.026268713290271 ], [ 150.57833576521557, -35.026263341892637 ], [ 150.578337464509332, -35.026257859768251 ], [ 150.57833958889924, -35.026252269842935 ], [ 150.578342100960953, -35.026246577679615 ], [ 150.578344968773052, -35.026240788049712 ], [ 150.578348156059548, -35.026234904736178 ], [ 150.578351627639876, -35.026228931543884 ], [ 150.578355349348811, -35.026222875002318 ], [ 150.578359286005877, -35.026216738916332 ], [ 150.578363402430341, -35.026210527090797 ], [ 150.578367664483693, -35.02620424515429 ], [ 150.5783720369854, -35.026197896911683 ], [ 150.578376484728238, -35.026191487068772 ], [ 150.57838097360036, -35.026185020353232 ], [ 150.57838546729937, -35.026178501449003 ], [ 150.578389932835165, -35.026171934204712 ], [ 150.578394333878862, -35.026165324205252 ], [ 150.578398636345156, -35.026158675277372 ], [ 150.57840280502694, -35.02615199212692 ], [ 150.57840680471719, -35.02614527945974 ], [ 150.578410601330603, -35.026138541102576 ], [ 150.578414158538351, -35.026131782640377 ], [ 150.578417443350446, -35.026125007921785 ], [ 150.578420420533234, -35.026118222553592 ], [ 150.57842221759114, -35.02611369793086 ], [ 150.578425260796621, -35.026104972128671 ], [ 150.578427772811608, -35.026096235720559 ], [ 150.578429773350422, -35.026087489100185 ], [ 150.578431283222812, -35.026078732683075 ], [ 150.578432326524108, -35.026069966950317 ], [ 150.578432921873429, -35.026061192273708 ], [ 150.578433092270927, -35.026052409112467 ], [ 150.578432858552816, -35.026043616981156 ], [ 150.578432241475497, -35.026034818097102 ], [ 150.578431264065671, -35.026026012018633 ], [ 150.578429946037687, -35.026017199139325 ], [ 150.578428310391587, -35.026008379918416 ], [ 150.578426376841776, -35.025999554749482 ], [ 150.578424168388182, -35.025990724091763 ], [ 150.57842170474521, -35.025981888338862 ], [ 150.578419008912874, -35.025973047949961 ], [ 150.578416101700725, -35.025964203340578 ], [ 150.578413005013488, -35.02595535494801 ], [ 150.578409738565483, -35.025946503165891 ], [ 150.578406325356667, -35.025937648453422 ], [ 150.578402680804345, -35.02592853761351 ], [ 150.578399289995644, -35.025920335106107 ], [ 150.578395811786805, -35.025912160601841 ], [ 150.578392256704831, -35.025904028734338 ], [ 150.578388633033114, -35.02589595589528 ], [ 150.578384951351808, -35.025887954916399 ], [ 150.578381222161369, -35.025880041332229 ], [ 150.578377454893541, -35.025872229754512 ], [ 150.578373660075272, -35.025864534816847 ], [ 150.578369846069705, -35.025856970208153 ], [ 150.578366023350668, -35.025849552363894 ], [ 150.578362203593485, -35.025842294137661 ], [ 150.578358394012838, -35.025835210998416 ], [ 150.57835460623096, -35.025828317601608 ], [ 150.578350849679509, -35.025821628558994 ], [ 150.57834713379026, -35.025815158482274 ], [ 150.5783434690901, -35.025808922005098 ], [ 150.578339865010776, -35.025802933739172 ], [ 150.578336332105749, -35.025797207417192 ], [ 150.578332879753617, -35.025791759452751 ], [ 150.578329517412584, -35.025786603556661 ], [ 150.57832625673143, -35.025781753483479 ], [ 150.578314012903405, -35.025765287178388 ], [ 150.578300684045928, -35.025751573010048 ], [ 150.578285934510802, -35.025741364209772 ], [ 150.578267818780262, -35.02573303805903 ], [ 150.578244391232118, -35.025724975441797 ], [ 150.578238880678896, -35.025723246381261 ], [ 150.578232093092026, -35.025721157378207 ], [ 150.578224949465096, -35.025718990049882 ], [ 150.578217471755892, -35.025716743031722 ], [ 150.578209680853632, -35.025714414036429 ], [ 150.578201600880107, -35.025712002644092 ], [ 150.578193254941539, -35.025709505710203 ], [ 150.578184663927118, -35.025706920947449 ], [ 150.578175850836743, -35.025704248815032 ], [ 150.578166838803327, -35.025701485267511 ], [ 150.578157650853342, -35.025698629863165 ], [ 150.578148307875921, -35.025695680314698 ], [ 150.578138832950799, -35.025692634378551 ], [ 150.57812925019968, -35.025689491634907 ], [ 150.578119579443126, -35.025686248873669 ], [ 150.578109845924644, -35.025682904795978 ], [ 150.578100070506878, -35.025679458015475 ], [ 150.57809027626945, -35.025675906288662 ], [ 150.578080486292009, -35.025672247372 ], [ 150.578070721410597, -35.025668480780091 ], [ 150.578061005826612, -35.025664603390389 ], [ 150.57805407744695, -35.025661752533921 ], [ 150.578044425357206, -35.025657654650871 ], [ 150.578034870941252, -35.025653440625845 ], [ 150.578025428437115, -35.025649110743188 ], [ 150.578016113204654, -35.02564466440819 ], [ 150.578006939535072, -35.025640100103352 ], [ 150.577997922814745, -35.025635416333031 ], [ 150.577989076186469, -35.025630613359716 ], [ 150.577980416131879, -35.025625689709678 ], [ 150.577971955820288, -35.025620644744443 ], [ 150.577963710638102, -35.025615476968412 ], [ 150.577955695945178, -35.025610185786881 ], [ 150.577947924937376, -35.025604769660511 ], [ 150.577940414043155, -35.025599228917422 ], [ 150.577933176458401, -35.025593562018258 ], [ 150.577926227542889, -35.025587768368354 ], [ 150.577919582683052, -35.025581846472036 ], [ 150.577913255048088, -35.025575795690976 ], [ 150.577907261119634, -35.025569614551358 ], [ 150.577901614066946, -35.025563302414817 ], [ 150.577896329223194, -35.025556859587596 ], [ 150.577889425417112, -35.025547458278901 ], [ 150.577884435114498, -35.025539872869047 ], [ 150.577879845661442, -35.025532258504171 ], [ 150.577875621244488, -35.025524677571539 ], [ 150.577871723859772, -35.02551719241464 ], [ 150.57786811659858, -35.025509865398874 ], [ 150.577864762525707, -35.025502759790534 ], [ 150.577861624705832, -35.02549593885589 ], [ 150.577858666283532, -35.025489463158465 ], [ 150.577855849175194, -35.025483397744516 ], [ 150.577853137593934, -35.025477804100326 ], [ 150.577850493562522, -35.025472743668473 ], [ 150.577847881187807, -35.025468281538927 ], [ 150.577845261423846, -35.025464478231441 ], [ 150.577842599499348, -35.025461397956938 ], [ 150.577839856341768, -35.025459102136111 ], [ 150.577836997206418, -35.02545765407892 ], [ 150.577833981898891, -35.0254571160851 ], [ 150.577832186601427, -35.025457236184607 ], [ 150.577829114130026, -35.025458078090821 ], [ 150.577825877985561, -35.025459675760366 ], [ 150.577822482033525, -35.025461972478212 ], [ 150.577818926800603, -35.025464913265608 ], [ 150.577815213908707, -35.025468443165671 ], [ 150.577811347170069, -35.025472507265256 ], [ 150.577807328180086, -35.025477051508403 ], [ 150.577803157518616, -35.025482019114484 ], [ 150.577798837876145, -35.025487356049425 ], [ 150.57779437199639, -35.025493006477284 ], [ 150.577789761474719, -35.025498916342087 ], [ 150.577785006864417, -35.025505029764155 ], [ 150.577780111951313, -35.025511292731295 ], [ 150.577775078410468, -35.02551764848473 ], [ 150.577769907837364, -35.025524042968506 ], [ 150.577764602949145, -35.025530421247623 ], [ 150.577759164272578, -35.025536728343333 ], [ 150.577753595646783, -35.025542908441558 ], [ 150.577747897571953, -35.025548907464447 ], [ 150.577742078135117, -35.025554674190154 ], [ 150.577734166594524, -35.025561965875788 ], [ 150.577726091803413, -35.025568810780563 ], [ 150.577717889341017, -35.025575191585752 ], [ 150.577709594759995, -35.025581091873548 ], [ 150.577701242491315, -35.025586496105312 ], [ 150.577692868140815, -35.025591386061379 ], [ 150.577684507234693, -35.02559574622498 ], [ 150.577676193161807, -35.025599559233676 ], [ 150.577667962543558, -35.025602809592577 ], [ 150.577659850959321, -35.025605479983035 ], [ 150.57765189177141, -35.025607553943622 ], [ 150.577644121627856, -35.025609015078473 ], [ 150.577636574986201, -35.025609846948093 ], [ 150.577629287399219, -35.025610033134754 ], [ 150.577623266488274, -35.025609667683398 ], [ 150.577614002231428, -35.025608061945277 ], [ 150.577605382391909, -35.025605229565343 ], [ 150.577597455298019, -35.025601203961635 ], [ 150.577590266018888, -35.025596017585713 ], [ 150.577583865126314, -35.025589702097484 ], [ 150.577578297662598, -35.025582290849393 ], [ 150.577573613050959, -35.025573817281355 ], [ 150.577569857508564, -35.025564312064866 ], [ 150.577567078241316, -35.025553809496976 ], [ 150.577565324725299, -35.025542341215719 ], [ 150.577564715684247, -35.025533607394522 ], [ 150.57756458726746, -35.02552693129735 ], [ 150.57756470546019, -35.025520031154059 ], [ 150.57756505127125, -35.025512919205838 ], [ 150.577565606778023, -35.025505608616648 ], [ 150.577566353042442, -35.025498109825797 ], [ 150.577567271046718, -35.025490435975378 ], [ 150.577568341773002, -35.025482600207503 ], [ 150.577569547351857, -35.025474613884278 ], [ 150.577570867670318, -35.025466490125922 ], [ 150.577572283737112, -35.025458241173595 ], [ 150.577573778751542, -35.025449879312241 ], [ 150.577575332653765, -35.025441415860193 ], [ 150.577576925304186, -35.025432864838642 ], [ 150.577578541023883, -35.025424237653418 ], [ 150.577580158631264, -35.025415546501982 ], [ 150.577581760203799, -35.025406804548311 ], [ 150.577583325655098, -35.025398024011679 ], [ 150.577584838211038, -35.025389216276118 ], [ 150.577586277758769, -35.025380394461841 ], [ 150.577587663854672, -35.025371378666797 ], [ 150.577588985017655, -35.025362409352404 ], [ 150.577590280085928, -35.025353470166529 ], [ 150.577591585924978, -35.025344574465976 ], [ 150.577592935981471, -35.025335740046586 ], [ 150.577594364903774, -35.025326981122326 ], [ 150.577595909477481, -35.02531831375277 ], [ 150.577597602133807, -35.025309753009068 ], [ 150.577599478563144, -35.025301314928939 ], [ 150.577601573360596, -35.025293015528213 ], [ 150.577603921174415, -35.025284869020815 ], [ 150.577606558763563, -35.02527689236728 ], [ 150.577609517490572, -35.025269099715899 ], [ 150.577612835209692, -35.025261508049056 ], [ 150.57761654547383, -35.025254131558818 ], [ 150.577620682851517, -35.025246987161886 ], [ 150.577625283086263, -35.025240089094055 ], [ 150.577630380746456, -35.025233454272048 ], [ 150.577636009385174, -35.025227096887868 ], [ 150.577642204692665, -35.025221032979147 ], [ 150.57764602034311, -35.025217697148207 ], [ 150.577651994672664, -35.025212956680917 ], [ 150.577658362828544, -35.025208425105227 ], [ 150.577665107526428, -35.025204093962707 ], [ 150.57767220488418, -35.025199955564595 ], [ 150.577679636495645, -35.025196002331526 ], [ 150.577687382832977, -35.025192227563188 ], [ 150.577695421109183, -35.025188623592705 ], [ 150.577703731822993, -35.025185182818845 ], [ 150.577712295499708, -35.025181896739426 ], [ 150.577721091489622, -35.025178759533219 ], [ 150.577730098127631, -35.0251757626543 ], [ 150.577739295885806, -35.025172899402399 ], [ 150.577748665289533, -35.025170161275334 ], [ 150.577758184647053, -35.025167540628168 ], [ 150.577767833308684, -35.025165031639666 ], [ 150.577777591826305, -35.025162624906791 ], [ 150.577787439550235, -35.025160314608321 ], [ 150.577797357032438, -35.025158091341197 ], [ 150.577807321432715, -35.025155949240492 ], [ 150.577817314344998, -35.02515388072689 ], [ 150.577827315199414, -35.025151877276414 ], [ 150.57783730337286, -35.02514993216699 ], [ 150.577847257173545, -35.025148037753688 ], [ 150.577863409878773, -35.025145043849456 ], [ 150.577874779378334, -35.025143006428102 ], [ 150.577886058574023, -35.025141058250057 ], [ 150.5778972383319, -35.025139211753427 ], [ 150.577908311681767, -35.025137480321014 ], [ 150.577919270638091, -35.025135874610939 ], [ 150.577930107082324, -35.025134409785956 ], [ 150.577940813002385, -35.025133097405153 ], [ 150.577951381428136, -35.025131950851289 ], [ 150.57796180325218, -35.025130981661583 ], [ 150.577972071477888, -35.025130204119769 ], [ 150.577982179188325, -35.025129629806756 ], [ 150.577992116127803, -35.025129272039777 ], [ 150.578001876421354, -35.025129144223463 ], [ 150.578011450961725, -35.025129257895045 ], [ 150.578020832778833, -35.025129626437312 ], [ 150.578030014929169, -35.025130262332162 ], [ 150.578038987156987, -35.025131178896793 ], [ 150.578047743640695, -35.025132387734011 ], [ 150.578056275193092, -35.025133903083834 ], [ 150.578065367062351, -35.025135927229748 ], [ 150.578075697929904, -35.025138782926042 ], [ 150.578085673135575, -35.025142141747629 ], [ 150.57809530614125, -35.025145993145884 ], [ 150.57810461382735, -35.025150322133065 ], [ 150.578113611846135, -35.025155118204246 ], [ 150.57812231379242, -35.025160366306089 ], [ 150.578130736440158, -35.025166055054584 ], [ 150.57813889445282, -35.025172170319181 ], [ 150.578146803509156, -35.025178700693985 ], [ 150.578154479341151, -35.025185632971215 ], [ 150.578161935490357, -35.025192953899399 ], [ 150.578169189879162, -35.025200650314474 ], [ 150.578176256022516, -35.025208709865851 ], [ 150.578183149625829, -35.025217120246694 ], [ 150.578189885352373, -35.025225867326405 ], [ 150.578193425681064, -35.02523067250501 ], [ 150.578198200563293, -35.025237351236314 ], [ 150.578202916665361, -35.025244127954686 ], [ 150.578207582903389, -35.025250960469421 ], [ 150.578212210437101, -35.025257804831639 ], [ 150.578216807087358, -35.025264618828714 ], [ 150.578221383987199, -35.025271359412727 ], [ 150.578225948984141, -35.025277983470133 ], [ 150.578230513211253, -35.02528444795297 ], [ 150.578235084515939, -35.025290709747701 ], [ 150.57823967400472, -35.02529672670731 ], [ 150.57824429174201, -35.025302454861055 ], [ 150.578248945548637, -35.025307851996288 ], [ 150.578253646557698, -35.025312875065104 ], [ 150.578258402616569, -35.025317480953895 ], [ 150.578263224858262, -35.025321626614755 ], [ 150.57826812222541, -35.025325268955946 ], [ 150.57827310363399, -35.025328365786741 ], [ 150.578278180243586, -35.025330873158211 ], [ 150.578283359901548, -35.025332747956831 ], [ 150.578288653687707, -35.025333948936456 ], [ 150.578294070597735, -35.025334431203547 ], [ 150.578299039811043, -35.025334227532205 ], [ 150.578304143945388, -35.025333425278518 ], [ 150.578309316489594, -35.02533205015834 ], [ 150.578314534767969, -35.025330127861352 ], [ 150.578319781607718, -35.025327683285624 ], [ 150.578325033211428, -35.025324742999878 ], [ 150.578330271311017, -35.02532133188037 ], [ 150.578335474299593, -35.025317476539563 ], [ 150.578340622787294, -35.025313202732747 ], [ 150.578345695220349, -35.025308535270561 ], [ 150.578350670018494, -35.025303499864528 ], [ 150.578355528860556, -35.025298123192812 ], [ 150.578360250192844, -35.025292430065996 ], [ 150.578364813503754, -35.025286447118489 ], [ 150.578369198334826, -35.025280199182809 ], [ 150.578373384201086, -35.025273711992376 ], [ 150.578377350617558, -35.02526701128064 ], [ 150.578381075977489, -35.025260123660146 ], [ 150.578384542012913, -35.025253074007132 ], [ 150.578387726048504, -35.02524588801132 ], [ 150.578390607599289, -35.025238591406165 ], [ 150.578393167275635, -35.025231209946988 ], [ 150.578395384565994, -35.025223770268212 ], [ 150.578397237943534, -35.02521629627951 ], [ 150.578399112156887, -35.025206407686184 ], [ 150.57840022859628, -35.025197911147437 ], [ 150.578400929918644, -35.025189407221873 ], [ 150.578401250129275, -35.025180894785507 ], [ 150.578401226412694, -35.025172376383694 ], [ 150.578400893842854, -35.025163851815286 ], [ 150.578400287493537, -35.02515532087908 ], [ 150.57839944345406, -35.025146786098588 ], [ 150.578398397920068, -35.025138246393553 ], [ 150.578397184790418, -35.025129704243717 ], [ 150.57839584245113, -35.025121158612599 ], [ 150.57839440480106, -35.025112611979921 ], [ 150.578392908035738, -35.025104063265481 ], [ 150.57839138824437, -35.025095514992721 ], [ 150.578389880500765, -35.025086966960494 ], [ 150.578388419878593, -35.025078418967595 ], [ 150.578387043562259, -35.025069873559431 ], [ 150.578385785556833, -35.025061329611994 ], [ 150.578384683046664, -35.02505278967066 ], [ 150.578383771132025, -35.0250442526333 ], [ 150.578383085901976, -35.025035721023457 ], [ 150.578382547624017, -35.025023694669365 ], [ 150.578382455069033, -35.025014798081244 ], [ 150.578382600570706, -35.025005855764242 ], [ 150.578382962835832, -35.02499684655956 ], [ 150.578383523910247, -35.024987747572133 ], [ 150.578384262500776, -35.02497853764315 ], [ 150.578385160626652, -35.024969194778478 ], [ 150.578386198090016, -35.024959697841162 ], [ 150.578387355814726, -35.024950024815212 ], [ 150.578388612534411, -35.024940153640898 ], [ 150.578389951336845, -35.024930063246863 ], [ 150.578391349886886, -35.024919730650581 ], [ 150.578392791272421, -35.024909134780721 ], [ 150.578394253105159, -35.024898254456609 ], [ 150.57839571852611, -35.024887066805022 ], [ 150.578397166242269, -35.02487555066719 ], [ 150.578398578272839, -35.024863684048981 ], [ 150.578399933324846, -35.024851445791597 ], [ 150.578401212348865, -35.024838812978096 ], [ 150.578402396215751, -35.024825765394354 ], [ 150.578402963533108, -35.024818868806555 ], [ 150.578403497323819, -35.024811957125934 ], [ 150.578404006737799, -35.024804943093216 ], [ 150.578404494848002, -35.024797833981481 ], [ 150.578404964833766, -35.024790633460043 ], [ 150.578405418672901, -35.024783348780097 ], [ 150.578405861682, -35.024775985456586 ], [ 150.578406293728136, -35.024768547994164 ], [ 150.578406720074696, -35.02476104370966 ], [ 150.578407142779298, -35.0247534771514 ], [ 150.578407563846241, -35.024745854669739 ], [ 150.578407987523519, -35.024738180856744 ], [ 150.578408415788829, -35.024730462963639 ], [ 150.578408852916823, -35.024722704681601 ], [ 150.578409299763365, -35.024714914140922 ], [ 150.578409759507849, -35.024707095010896 ], [ 150.578410236345036, -35.024699253685561 ], [ 150.578410733374511, -35.024691396537015 ], [ 150.578411251558549, -35.024683528091813 ], [ 150.578411795091938, -35.02467565474393 ], [ 150.578412366005608, -35.024667781942718 ], [ 150.578412968494405, -35.02465991608215 ], [ 150.578413604615747, -35.024652061710647 ], [ 150.578414277495853, -35.024644224299365 ], [ 150.578414990207676, -35.024636411121428 ], [ 150.578415744808723, -35.024628626725189 ], [ 150.578416544425124, -35.024620876581849 ], [ 150.578417393251755, -35.024613167085413 ], [ 150.5784182922242, -35.024605503663338 ], [ 150.578419245537305, -35.024597892709636 ], [ 150.578420255248545, -35.024590338772661 ], [ 150.578421324484111, -35.024582847323657 ], [ 150.578422456316957, -35.024575425635682 ], [ 150.578423653899762, -35.024568078278946 ], [ 150.578424920358771, -35.024560810724708 ], [ 150.578426257698226, -35.024553629323179 ], [ 150.578427669044316, -35.024546539545582 ], [ 150.578429157523175, -35.02453954686311 ], [ 150.578430725165731, -35.024532656725086 ], [ 150.578432376166745, -35.024525875525498 ], [ 150.578436381412303, -35.024511097570652 ], [ 150.578439733847347, -35.024500134196103 ], [ 150.578443322757835, -35.024489475730171 ], [ 150.578447144214721, -35.024479106769498 ], [ 150.578451189881605, -35.024469012724197 ], [ 150.578455452517233, -35.024459179026287 ], [ 150.578459928112864, -35.024449592975181 ], [ 150.578464608385218, -35.024440238179153 ], [ 150.578469487161698, -35.024431100992992 ], [ 150.578474558296307, -35.024422166870529 ], [ 150.578479814547876, -35.024413421243779 ], [ 150.578485249717204, -35.024404851368423 ], [ 150.578490857711472, -35.024396440896481 ], [ 150.578496632358053, -35.024388176182732 ], [ 150.578502566415779, -35.024380042659153 ], [ 150.578508653712078, -35.024372026680531 ], [ 150.578514887005696, -35.024364113678878 ], [ 150.578521261272471, -35.024356288228958 ], [ 150.578527768149371, -35.024348536641838 ], [ 150.578534403680806, -35.024340844415093 ], [ 150.578541158408598, -35.02433319783794 ], [ 150.578548028377099, -35.024325582407947 ], [ 150.578555005276485, -35.024317982634322 ], [ 150.578562775425951, -35.024309645073579 ], [ 150.578569119924424, -35.024302902585845 ], [ 150.578575489505425, -35.024296164204351 ], [ 150.578581860021046, -35.024289431249954 ], [ 150.578588208445325, -35.024282704164406 ], [ 150.578594508386828, -35.024275986026652 ], [ 150.578600736846028, -35.024269276377559 ], [ 150.57860686858001, -35.024262576516101 ], [ 150.578612880536099, -35.02425588778501 ], [ 150.57861874634952, -35.024249212362328 ], [ 150.578624444089513, -35.024242550711726 ], [ 150.578629947444369, -35.024235903209401 ], [ 150.578635233335035, -35.024229272098999 ], [ 150.578640276545059, -35.024222657778651 ], [ 150.578645053995302, -35.024216062491988 ], [ 150.578649540469428, -35.024209486637083 ], [ 150.57865371072441, -35.024202931512967 ], [ 150.578657541707798, -35.024196398462429 ], [ 150.578661009298429, -35.024189887905344 ], [ 150.578664088226731, -35.024183402041722 ], [ 150.578666754345051, -35.024176942192405 ], [ 150.578668984627427, -35.02417050879923 ], [ 150.578670752735746, -35.024164103139348 ], [ 150.578672034548902, -35.024157725632655 ], [ 150.578672808056467, -35.024151379445691 ], [ 150.578673045851701, -35.024145064932732 ], [ 150.578672925703842, -35.024141299824855 ], [ 150.578672233078805, -35.024134615166524 ], [ 150.578670962645305, -35.024127977568178 ], [ 150.578669152523332, -35.024121395002517 ], [ 150.578666839763997, -35.024114874519427 ], [ 150.578664063662188, -35.024108421410688 ], [ 150.578660862337699, -35.024102043649009 ], [ 150.578657271746522, -35.024095748262404 ], [ 150.578653332252003, -35.024089541465415 ], [ 150.57864908087879, -35.024083431208865 ], [ 150.578644555826344, -35.024077422762694 ], [ 150.578639795241003, -35.024071523198607 ], [ 150.578634837242504, -35.024065740489355 ], [ 150.578629720003789, -35.024060080805747 ], [ 150.578624480602485, -35.024054550296775 ], [ 150.578619158253531, -35.024049156957027 ], [ 150.578613790034495, -35.024043906935482 ], [ 150.57860841518692, -35.024038807325802 ], [ 150.578603069666599, -35.024033865156063 ], [ 150.578597793836764, -35.02402908664088 ], [ 150.57859262474841, -35.024024478830185 ], [ 150.57858760054782, -35.024020048795805 ], [ 150.578582759381135, -35.024015803609579 ], [ 150.578578139421126, -35.02401174944238 ], [ 150.578573777718816, -35.024007893344198 ], [ 150.578558577961815, -35.023993973280923 ], [ 150.578539983176455, -35.023976378679222 ], [ 150.578522600408547, -35.023962015680127 ], [ 150.578498618431496, -35.023946983653275 ], [ 150.578493652401619, -35.023944259444271 ], [ 150.578487909130018, -35.023941210515346 ], [ 150.578481773306322, -35.023938058193657 ], [ 150.578475264139314, -35.023934819990458 ], [ 150.578468398673948, -35.023931512472345 ], [ 150.578461196145525, -35.023928152249646 ], [ 150.578453675789461, -35.023924755932661 ], [ 150.57844585569265, -35.023921341911759 ], [ 150.578437754021792, -35.023917925874457 ], [ 150.578429389985615, -35.023914525332003 ], [ 150.578420780655591, -35.023911155950103 ], [ 150.578411946309018, -35.023907836162792 ], [ 150.578402905085994, -35.023904582558565 ], [ 150.578393674057963, -35.023901410803091 ], [ 150.578384273502166, -35.023898339330479 ], [ 150.578374721558731, -35.023895384729208 ], [ 150.578365036367586, -35.023892563587758 ], [ 150.578355236068802, -35.023889892494623 ], [ 150.578345339870936, -35.023887388961143 ], [ 150.578335367009259, -35.023885069597661 ], [ 150.57832533343327, -35.02388295094898 ], [ 150.578314482365414, -35.023880906123381 ], [ 150.578303930007849, -35.023879136798648 ], [ 150.57829337217467, -35.023877553065184 ], [ 150.578282827133478, -35.023876130046744 ], [ 150.578272312136335, -35.02387484014244 ], [ 150.578261847641329, -35.023873658519747 ], [ 150.578251450847375, -35.02387255937969 ], [ 150.578241141117303, -35.023871517867889 ], [ 150.578230937920353, -35.023870505526297 ], [ 150.578220859470946, -35.023869499280572 ], [ 150.578210924089916, -35.023868472452648 ], [ 150.578201150098096, -35.023867398364487 ], [ 150.578191556858371, -35.023866252161767 ], [ 150.57818216266503, -35.023865008067396 ], [ 150.578172986934106, -35.023863639425208 ], [ 150.578164047933342, -35.023862121358995 ], [ 150.578155363983569, -35.023860427190783 ], [ 150.578146954447732, -35.023858532066249 ], [ 150.578138837620145, -35.023856410208346 ], [ 150.578131031821727, -35.023854034939006 ], [ 150.578118503663347, -35.02384936850595 ], [ 150.578108781552714, -35.023844902337537 ], [ 150.578099624012992, -35.023839909268112 ], [ 150.578090987905767, -35.023834402859833 ], [ 150.578082831214516, -35.023828395795753 ], [ 150.57807511085403, -35.023821899836129 ], [ 150.578067786998105, -35.02381492770769 ], [ 150.578060816508383, -35.023807492972551 ], [ 150.578054156299601, -35.023799607390906 ], [ 150.578047766519035, -35.023791284590388 ], [ 150.578041602986247, -35.023782536309326 ], [ 150.578035624753284, -35.023773376153486 ], [ 150.578029788761512, -35.023763814982082 ], [ 150.578024054036462, -35.023753867301799 ], [ 150.578019125815956, -35.023744923730348 ], [ 150.578015371170693, -35.023737876835 ], [ 150.578011639557843, -35.023730680756536 ], [ 150.578007930711493, -35.023723344504269 ], [ 150.578004242228616, -35.02371587524194 ], [ 150.578000572774727, -35.023708281056038 ], [ 150.577996922110515, -35.02370057005502 ], [ 150.57799328895473, -35.02369274852348 ], [ 150.57798967191971, -35.023684826349843 ], [ 150.577986068628974, -35.023676809796889 ], [ 150.577982479938413, -35.02366870699489 ], [ 150.577978903391767, -35.023660526909431 ], [ 150.577975336612553, -35.023652275803308 ], [ 150.577971781551923, -35.023643961828633 ], [ 150.577968233563155, -35.023635593907279 ], [ 150.577964693555344, -35.023627178367626 ], [ 150.57796116016749, -35.023618724197142 ], [ 150.577957630996423, -35.023610238559534 ], [ 150.577954105802945, -35.023601729563218 ], [ 150.577950582157285, -35.023593205272817 ], [ 150.577947060942023, -35.023584672917693 ], [ 150.577947060942023, -35.023584672917693 ], [ 150.577903582687725, -35.023406631025082 ], [ 150.578123532854647, -35.023378678666766 ], [ 150.578128565914852, -35.023374636039769 ], [ 150.578136401612426, -35.023368346135655 ], [ 150.57814423031229, -35.023362070514679 ], [ 150.57815205060021, -35.023355819966199 ], [ 150.578159857829547, -35.023349603412051 ], [ 150.57816764844884, -35.023343429795965 ], [ 150.578175420028515, -35.023337307182601 ], [ 150.578183166746953, -35.023331247174724 ], [ 150.578190887296358, -35.023325256957989 ], [ 150.578198577003462, -35.023319346355152 ], [ 150.57820623229037, -35.023313525210881 ], [ 150.578213850700791, -35.023307802490784 ], [ 150.578221427614807, -35.023302186215794 ], [ 150.578228959401201, -35.023296688032438 ], [ 150.578236443657005, -35.023291315104451 ], [ 150.578243875708978, -35.023286077254646 ], [ 150.578251252005828, -35.023280983426758 ], [ 150.578258570038145, -35.023276044388247 ], [ 150.578265825212611, -35.023271267259126 ], [ 150.578273013924587, -35.023266662785019 ], [ 150.578280133744528, -35.023262239030579 ], [ 150.578287181067935, -35.023258006741408 ], [ 150.578294151274804, -35.023253973938466 ], [ 150.578301040813756, -35.023250149565492 ], [ 150.578307847202126, -35.023246543489023 ], [ 150.578314566861906, -35.023243165553758 ], [ 150.5783211951466, -35.023240024681556 ], [ 150.578327729626608, -35.023237128937112 ], [ 150.578341212804531, -35.023231857748812 ], [ 150.578354248747303, -35.023227742320543 ], [ 150.578366769951884, -35.023224767782793 ], [ 150.578378737895576, -35.023222902716796 ], [ 150.578390115070931, -35.0232221184285 ], [ 150.578400860738043, -35.023222384356387 ], [ 150.578410937415981, -35.023223670905452 ], [ 150.578420304338096, -35.023225948415124 ], [ 150.578428924049888, -35.023229186389464 ], [ 150.578436756879825, -35.023233355189738 ], [ 150.578443764278035, -35.023238424298142 ], [ 150.578449906546183, -35.023244364976868 ], [ 150.578455145107768, -35.02325114760901 ], [ 150.578459441439207, -35.023258740775795 ], [ 150.578462245757805, -35.023265536107125 ], [ 150.578464098995596, -35.023271436227226 ], [ 150.578465599728901, -35.023277621383762 ], [ 150.57846678716686, -35.023284062611239 ], [ 150.578467702788686, -35.023290728285126 ], [ 150.578468384628479, -35.023297592120855 ], [ 150.578468871975076, -35.023304622450134 ], [ 150.578469204010986, -35.023311791208428 ], [ 150.578469421067155, -35.023319068551167 ], [ 150.578469561230889, -35.023326426391925 ], [ 150.578469663737906, -35.023333834864317 ], [ 150.578469767823918, -35.023341264101852 ], [ 150.57846991488853, -35.023348685182832 ], [ 150.578470140828784, -35.023356069977098 ], [ 150.578470488192551, -35.023363387782872 ], [ 150.578470993998678, -35.023370609590948 ], [ 150.578471698551624, -35.023377706457701 ], [ 150.578472641060557, -35.023384649417643 ], [ 150.578473860734789, -35.023391409505301 ], [ 150.578475396810092, -35.023397956854225 ], [ 150.578479312821997, -35.023409935259856 ], [ 150.578483224022335, -35.023418956768353 ], [ 150.578487748120892, -35.023427707453642 ], [ 150.578492791457109, -35.023436316157927 ], [ 150.57849825703164, -35.023444913459763 ], [ 150.578504052305817, -35.023453627322333 ], [ 150.578510082497218, -35.02346258746698 ], [ 150.578516251781508, -35.023471921791348 ], [ 150.578522466444866, -35.023481760939596 ], [ 150.578528630663016, -35.02349223280941 ], [ 150.578534651870427, -35.023503466264998 ], [ 150.578540433067843, -35.023515591884994 ], [ 150.578545880621107, -35.023528737610846 ], [ 150.57854700254245, -35.023531716810361 ], [ 150.578549137641346, -35.023537683855949 ], [ 150.578551202541775, -35.02354383880742 ], [ 150.578553200795113, -35.023550172720995 ], [ 150.578555137047999, -35.023556676674858 ], [ 150.578557014878413, -35.023563340824303 ], [ 150.578558837890881, -35.023570154423773 ], [ 150.578560609610292, -35.023577109430434 ], [ 150.578562335831577, -35.023584195142419 ], [ 150.578564017942284, -35.023591401671347 ], [ 150.578565660615652, -35.023598719194403 ], [ 150.578567268498261, -35.023606138789717 ], [ 150.578568845168121, -35.023613650612631 ], [ 150.578570393107952, -35.023621244796622 ], [ 150.578571918086226, -35.023628911540726 ], [ 150.578573423654291, -35.023636641901206 ], [ 150.5785749123215, -35.023644425110618 ], [ 150.578576388734547, -35.023652252247089 ], [ 150.578577856471327, -35.023660113465944 ], [ 150.578579320231682, -35.023667998043436 ], [ 150.578580783540417, -35.023675897936798 ], [ 150.578582250002086, -35.023683802400377 ], [ 150.578583723168151, -35.023691702490495 ], [ 150.578585207711768, -35.023699588384304 ], [ 150.578586706142289, -35.023707449314351 ], [ 150.578588224175036, -35.023715277281561 ], [ 150.578589764345907, -35.02372306061752 ], [ 150.578591330179705, -35.023730791279462 ], [ 150.57859292744493, -35.023738459466415 ], [ 150.578594557555704, -35.023746054389079 ], [ 150.578596226253808, -35.023753567147388 ], [ 150.578597935995532, -35.023760988775798 ], [ 150.578601535662045, -35.023775704917497 ], [ 150.578604270240618, -35.023786165106166 ], [ 150.578607096625035, -35.023796410776306 ], [ 150.578610011423336, -35.023806445466064 ], [ 150.578613013487171, -35.023816270955422 ], [ 150.578616097207629, -35.023825891639703 ], [ 150.578619261436359, -35.023835309298917 ], [ 150.578622502808003, -35.023844526570279 ], [ 150.578625816862029, -35.023853546069105 ], [ 150.57862920346551, -35.023862372300059 ], [ 150.578632657115833, -35.023871006054748 ], [ 150.578636175489692, -35.023879451794109 ], [ 150.578639755248332, -35.023887711254403 ], [ 150.578643394094996, -35.023895787995613 ], [ 150.578647089759528, -35.023903684676824 ], [ 150.578650836712711, -35.023911402990585 ], [ 150.578654634821675, -35.023918947441537 ], [ 150.578658478530627, -35.023926320623133 ], [ 150.578662366691191, -35.023933524315417 ], [ 150.578666294816202, -35.023940562034639 ], [ 150.578670261730679, -35.023947436461725 ], [ 150.578674571149719, -35.023954662085423 ], [ 150.578680409697114, -35.023964102482232 ], [ 150.578686261955852, -35.023973226738761 ], [ 150.578692093628831, -35.023982045889326 ], [ 150.578697871434485, -35.023990573692942 ], [ 150.578703560007114, -35.023998820261184 ], [ 150.578709126091667, -35.024006798452113 ], [ 150.578714535364497, -35.02401452020105 ], [ 150.5787197535019, -35.024021997443285 ], [ 150.578724747275373, -35.024029242135974 ], [ 150.578729481266066, -35.02403626619256 ], [ 150.578733923367224, -35.024043080691186 ], [ 150.578738038133395, -35.02404969844622 ], [ 150.578741792336047, -35.024056131414824 ], [ 150.578745150556273, -35.024062391510498 ], [ 150.578750920684428, -35.024075080314795 ], [ 150.578754832907691, -35.024085740696393 ], [ 150.578758182656571, -35.024096448444382 ], [ 150.578761356631873, -35.024107468195631 ], [ 150.578764743698457, -35.0241190655316 ], [ 150.578768729462411, -35.024131505067203 ], [ 150.578773701720536, -35.024145051461048 ], [ 150.578780048243431, -35.024159970272599 ], [ 150.578782469320174, -35.024165159651218 ], [ 150.57878532521562, -35.024171025694535 ], [ 150.578788380892746, -35.024177066102595 ], [ 150.578791625877926, -35.024183264439969 ], [ 150.578795048655422, -35.024189602447443 ], [ 150.578798636587806, -35.024196062744991 ], [ 150.578802378106104, -35.024202628875251 ], [ 150.578806260599436, -35.024209282557202 ], [ 150.578810273594115, -35.024216007355392 ], [ 150.578814405574434, -35.024222785010686 ], [ 150.578818642780988, -35.02422959902205 ], [ 150.578822974766751, -35.024236432053087 ], [ 150.578827388920701, -35.02424326582279 ], [ 150.578831874769179, -35.024250083895716 ], [ 150.57883641860596, -35.02425686796898 ], [ 150.578841009930699, -35.0242636025081 ], [ 150.578845637254233, -35.024270268352936 ], [ 150.57885028679064, -35.024276849903472 ], [ 150.578854949241077, -35.024283328043289 ], [ 150.578859610846138, -35.024289686271388 ], [ 150.578864261158657, -35.024295907251428 ], [ 150.578868886419258, -35.024301974482377 ], [ 150.578873477329097, -35.024307868847906 ], [ 150.578877665936091, -35.02431313587693 ], [ 150.578885876096564, -35.024323166287573 ], [ 150.578893919357625, -35.024332650684919 ], [ 150.578901790679396, -35.024341648465025 ], [ 150.57890948504857, -35.024350218122954 ], [ 150.578916998493867, -35.02435841997756 ], [ 150.578924323811577, -35.024366312480197 ], [ 150.578931458125737, -35.024373955971583 ], [ 150.578938395327924, -35.024381408924931 ], [ 150.578945130351713, -35.02438873163721 ], [ 150.578951658183996, -35.024395982603536 ], [ 150.578957974880126, -35.024403221241798 ], [ 150.578964074278673, -35.024410507827113 ], [ 150.578971663277827, -35.024420123780224 ], [ 150.578977362003513, -35.024427842281256 ], [ 150.578982841449431, -35.024435750219652 ], [ 150.578988103864731, -35.024443882797421 ], [ 150.578993154784229, -35.024452275282158 ], [ 150.578997997605427, -35.024460961095869 ], [ 150.579002637863169, -35.024469975506129 ], [ 150.579007077833182, -35.024479352814012 ], [ 150.579011324118909, -35.024489129209904 ], [ 150.579015379022707, -35.024499338093918 ], [ 150.579019248079391, -35.02451001473365 ], [ 150.579022935728574, -35.024521194374827 ], [ 150.579025648033593, -35.024530145961208 ], [ 150.579027708831404, -35.024537407820482 ], [ 150.579029699829505, -35.02454484407189 ], [ 150.57903162132024, -35.02455244480516 ], [ 150.579033470283662, -35.024560200945388 ], [ 150.579035244821682, -35.024568102538574 ], [ 150.579036944131389, -35.024576139652602 ], [ 150.579038566341268, -35.024584301432562 ], [ 150.579040109500028, -35.024592579726317 ], [ 150.579041572804726, -35.02460096460176 ], [ 150.579042953288649, -35.024609445182087 ], [ 150.579044250148883, -35.024618011535182 ], [ 150.579045461460709, -35.024626654608021 ], [ 150.579046585299437, -35.024635365347507 ], [ 150.579047620915247, -35.024644132019681 ], [ 150.579048566356931, -35.024652946472393 ], [ 150.579049418657718, -35.024661797828891 ], [ 150.57905017810981, -35.024670676178893 ], [ 150.579050841666827, -35.024679573348415 ], [ 150.57905140857892, -35.024688477603476 ], [ 150.579051883116563, -35.024697541376668 ], [ 150.579052252965027, -35.024706587735302 ], [ 150.579052517438953, -35.024715677063789 ], [ 150.579052675847294, -35.02472483278634 ], [ 150.579052724293177, -35.024734075558882 ], [ 150.579052663154187, -35.024743429728446 ], [ 150.579052489628651, -35.024752915972776 ], [ 150.579052201930295, -35.024762557694267 ], [ 150.579051798272928, -35.024772378295339 ], [ 150.579051278045227, -35.024782398497422 ], [ 150.579050636175282, -35.024792641637347 ], [ 150.579049874162592, -35.024803131183084 ], [ 150.579048989205319, -35.024813887812392 ], [ 150.579047978422039, -35.024824934905773 ], [ 150.579046841148283, -35.024836294986564 ], [ 150.579045575624349, -35.024847990556239 ], [ 150.579044179021906, -35.024860043193442 ], [ 150.579042650623308, -35.024872477223369 ], [ 150.579040987626797, -35.024885313323736 ], [ 150.579039189341245, -35.024898574918815 ], [ 150.579037951348226, -35.024907405284878 ], [ 150.579036968111495, -35.024914286362879 ], [ 150.579035957882866, -35.024921265161609 ], [ 150.579034925202706, -35.024928336362933 ], [ 150.579033870230489, -35.024935494561234 ], [ 150.579032798601759, -35.02494273446024 ], [ 150.579031711597707, -35.024950049775249 ], [ 150.579030612636956, -35.024957436067204 ], [ 150.579029505191102, -35.024964887095159 ], [ 150.579028392705339, -35.0249723975191 ], [ 150.579027277502973, -35.024979962878049 ], [ 150.579026163082261, -35.024987576030171 ], [ 150.579025051739961, -35.024995233415432 ], [ 150.57902394697436, -35.025002927891954 ], [ 150.579022852203963, -35.025010655020651 ], [ 150.579021769778734, -35.02501840943966 ], [ 150.57902070426556, -35.025026184929892 ], [ 150.579019655823885, -35.025033976085751 ], [ 150.579018630062762, -35.025041778511877 ], [ 150.579017629358646, -35.025049585945453 ], [ 150.5790166571567, -35.025057393046502 ], [ 150.579015715806804, -35.025065194453092 ], [ 150.579014807658865, -35.025072984803401 ], [ 150.579013937279882, -35.025080757878328 ], [ 150.579013106966585, -35.025088510117847 ], [ 150.579012319148575, -35.025096233457312 ], [ 150.579011578286583, -35.025103925281364 ], [ 150.579010886810181, -35.025111577525323 ], [ 150.579010247016157, -35.025119186629176 ], [ 150.579009663498084, -35.025126745472939 ], [ 150.579009137457462, -35.025134250474707 ], [ 150.579008673461232, -35.025141695415421 ], [ 150.579008273885961, -35.025149074032242 ], [ 150.579007942150128, -35.025156381886141 ], [ 150.579007680603752, -35.025163613615206 ], [ 150.579007492718546, -35.025170762978519 ], [ 150.579007381939647, -35.025177824636039 ], [ 150.579007351712193, -35.025184793247789 ], [ 150.579007403264342, -35.025191664330926 ], [ 150.579007540067835, -35.02519843164454 ], [ 150.579008352993128, -35.025216307668273 ], [ 150.579009264440117, -35.025228206250532 ], [ 150.579010435804179, -35.025239763858949 ], [ 150.57901184798817, -35.025250996338727 ], [ 150.579013478502986, -35.02526192307311 ], [ 150.579015304939247, -35.025272560742614 ], [ 150.579017305902994, -35.025282928752361 ], [ 150.579019460106622, -35.025293042903769 ], [ 150.579021747224857, -35.025302923524777 ], [ 150.579024143806123, -35.025312585472179 ], [ 150.579026628429887, -35.025322049052008 ], [ 150.579029180850569, -35.025331331889433 ], [ 150.57903177868522, -35.02534044976403 ], [ 150.579034400513308, -35.025349422981854 ], [ 150.579037023925309, -35.025358268223407 ], [ 150.579039628675588, -35.025367003113843 ], [ 150.579042192301443, -35.025375646135529 ], [ 150.579044693462095, -35.025384214891744 ], [ 150.579047111911791, -35.025392727007649 ], [ 150.579049423023974, -35.025401200020958 ], [ 150.579051608716924, -35.025409652501487 ], [ 150.579053903510811, -35.025419198832104 ], [ 150.579055909171757, -35.025428256206901 ], [ 150.57905776014573, -35.025437356468622 ], [ 150.579059464530076, -35.025446522315505 ], [ 150.579061028258309, -35.025455775501115 ], [ 150.579062461618236, -35.025465138767416 ], [ 150.579063769394992, -35.02547463564796 ], [ 150.579064960807784, -35.025484287961909 ], [ 150.579066041790099, -35.025494117462806 ], [ 150.579067022603198, -35.025504147793548 ], [ 150.57906790808542, -35.025514400685829 ], [ 150.579068706307567, -35.025524899738826 ], [ 150.579069425420158, -35.025535665848842 ], [ 150.579070073520626, -35.02554672171415 ], [ 150.579070657557992, -35.025558091812933 ], [ 150.57907118351892, -35.025569796096903 ], [ 150.579071661638096, -35.025581859109877 ], [ 150.579072096780493, -35.025594301682588 ], [ 150.579072499207342, -35.025607147457961 ], [ 150.579072873756928, -35.025620418167648 ], [ 150.579073057501347, -35.02562737752816 ], [ 150.579073232398542, -35.025634302456467 ], [ 150.579073403197384, -35.025641329168344 ], [ 150.57907356789346, -35.025648451313536 ], [ 150.579073727767991, -35.025655662607363 ], [ 150.579073882953878, -35.025662958545155 ], [ 150.579074031420106, -35.025670333677638 ], [ 150.579074175569787, -35.025677780841015 ], [ 150.579074314413901, -35.025685296409726 ], [ 150.5790744470699, -35.025692873154433 ], [ 150.579074573697227, -35.025700505669533 ], [ 150.57907469555056, -35.025708188571286 ], [ 150.579074810598911, -35.025715916410384 ], [ 150.579074920096929, -35.025723683803072 ], [ 150.579075023135459, -35.025731484420973 ], [ 150.579075119847346, -35.025739313759424 ], [ 150.579075210445183, -35.025747164610948 ], [ 150.579075295061926, -35.025755032470876 ], [ 150.579075372788282, -35.02576291101083 ], [ 150.579075444852435, -35.025770795747988 ], [ 150.579075509276464, -35.025778679431184 ], [ 150.579075567288584, -35.02578655757759 ], [ 150.579075619048126, -35.025794424781637 ], [ 150.579075663672569, -35.025802273813973 ], [ 150.579075701268152, -35.025810101070888 ], [ 150.579075730925695, -35.025817900223949 ], [ 150.579075753926475, -35.025825664988531 ], [ 150.579075770429938, -35.025833389959018 ], [ 150.579075778405098, -35.025841069686095 ], [ 150.579075779106603, -35.025848698786007 ], [ 150.579075772693926, -35.025856271853179 ], [ 150.57907575937972, -35.025863781680137 ], [ 150.579075737079791, -35.025871224619408 ], [ 150.579075707075361, -35.025878594386342 ], [ 150.579075669552537, -35.025885884674416 ], [ 150.579075624644162, -35.025893090978947 ], [ 150.579075570372424, -35.02590020604876 ], [ 150.579075507938796, -35.02590722630196 ], [ 150.579075438651131, -35.025914144552985 ], [ 150.579075359356693, -35.025920956231545 ], [ 150.57907517361329, -35.025934311311993 ], [ 150.579074938830331, -35.025947174115906 ], [ 150.579074639340178, -35.025959629969591 ], [ 150.579074259145017, -35.025971701090356 ], [ 150.579073782220661, -35.025983410596346 ], [ 150.579073193691102, -35.02599477982578 ], [ 150.579072478653842, -35.026005831017756 ], [ 150.579071621084552, -35.026016587290471 ], [ 150.579070605038567, -35.026027069059339 ], [ 150.579069414465067, -35.026037300343454 ], [ 150.579068035583219, -35.026047302502867 ], [ 150.579066451300037, -35.026057097732966 ], [ 150.579064646712993, -35.026066708272865 ], [ 150.579062606892876, -35.026076157262622 ], [ 150.579060314799875, -35.026085465095733 ], [ 150.579057756573434, -35.026094655835038 ], [ 150.579054915147111, -35.026103750774972 ], [ 150.579051775644871, -35.026112771253715 ], [ 150.579048323110953, -35.026121741312203 ], [ 150.579044541574092, -35.026130682266732 ], [ 150.579041572653807, -35.026137189264048 ], [ 150.579037948500456, -35.026144658565606 ], [ 150.579034122391761, -35.026152101299161 ], [ 150.579030112197046, -35.02615950610241 ], [ 150.579025940193105, -35.026166860799492 ], [ 150.579021625344467, -35.02617415404994 ], [ 150.57901718990135, -35.026181374578819 ], [ 150.579012652828339, -35.026188511045682 ], [ 150.579008036428831, -35.02619555037375 ], [ 150.579003360709493, -35.026202483046276 ], [ 150.578998644688028, -35.026209295920943 ], [ 150.578993910614741, -35.026215977722863 ], [ 150.578989178549477, -35.026222517133419 ], [ 150.578984469647338, -35.026228902855898 ], [ 150.578979804021316, -35.026235121769837 ], [ 150.578975201678077, -35.026241164358474 ], [ 150.57897068273067, -35.026247017501397 ], [ 150.578966269402883, -35.026252670824675 ], [ 150.578961981807737, -35.026258111207838 ], [ 150.578957841073759, -35.026263328255119 ], [ 150.578953865096992, -35.026268309703291 ], [ 150.578950077223027, -35.026273044299373 ], [ 150.578946497511737, -35.026277520724761 ], [ 150.578943144954394, -35.026281726738112 ], [ 150.578914897196654, -35.026313904007729 ], [ 150.578877627526055, -35.026328158567559 ], [ 150.578869089999642, -35.026329998400605 ], [ 150.578862605189812, -35.026331313993026 ], [ 150.57885567117728, -35.026332662986604 ], [ 150.578848311068384, -35.02633404223667 ], [ 150.578840550159981, -35.026335448642286 ], [ 150.578832414817498, -35.026336880025305 ], [ 150.57882392929568, -35.026338331461083 ], [ 150.578815118838236, -35.02633980165055 ], [ 150.578806007673307, -35.026341286569973 ], [ 150.578796622193011, -35.026342783140322 ], [ 150.578786986598857, -35.026344288238818 ], [ 150.578777126187731, -35.026345798764538 ], [ 150.578767065134656, -35.026347312495652 ], [ 150.578756829884895, -35.026348824551292 ], [ 150.5787464456821, -35.026350333632422 ], [ 150.578735935632636, -35.026351836594444 ], [ 150.57872532727697, -35.026353328578352 ], [ 150.578714643668405, -35.026354808241415 ], [ 150.578703910130315, -35.026356271581868 ], [ 150.578693153028212, -35.026357716421671 ], [ 150.578679487962233, -35.026359515174377 ], [ 150.578668629554869, -35.026360902098773 ], [ 150.578657775894868, -35.026362239536489 ], [ 150.578646928529452, -35.026363512193512 ], [ 150.578636087750965, -35.026364710159605 ], [ 150.578625257270545, -35.026365819085456 ], [ 150.578614436338512, -35.026366827237062 ], [ 150.578603628586222, -35.026367722967883 ], [ 150.578592835534238, -35.026368491884895 ], [ 150.57858205750162, -35.026369123176941 ], [ 150.578571297077673, -35.026369603373702 ], [ 150.578560555729808, -35.026369919884054 ], [ 150.578549834898922, -35.026370061017701 ], [ 150.578539136052484, -35.026370014183478 ], [ 150.578528461779797, -35.026369765911163 ], [ 150.578517812426526, -35.026369304488618 ], [ 150.578507190528796, -35.02636861824746 ], [ 150.578496596512053, -35.026367692772801 ], [ 150.578486033981051, -35.02636651731904 ], [ 150.57847550336129, -35.026365077471276 ] ] ] ] } },
{ "type": "Feature", "properties": { "OBJECTID": 66, "Comments": "Construction noise contour - CnstrContoursEarthworks", "FSource": "MOTTM - noise specialists model run for Rev B", "SourceDate": 20251027.0, "Supplier": "MOTTM", "path_windows": "C:\\Users\\bri86955\\Mott MacDonald\\MGO - Moata Geospatial - JBR2HR\\01Incoming\\20251024_Noise\\Noise shp files Rev B\\Noise Rev B figures\\Metadata\\CnstrContours\\CnstrContoursEarthworks.shp", "path_rootname": "CnstrContoursEarthworks", "IsoValue": 80, "shapefile_type": "shapefile_polygon", "SHAPE_Length": 119.20682190530593, "SHAPE_Area": 789.76055986174913 }, "geometry": { "type": "MultiPolygon", "coordinates": [ [ [ [ 150.577689075380761, -35.023634052139677 ], [ 150.577673080243471, -35.023633833653953 ], [ 150.57766356702578, -35.023632947728281 ], [ 150.577654148430753, -35.023631529123826 ], [ 150.577644837792178, -35.02362960875665 ], [ 150.577635651729423, -35.023627217608485 ], [ 150.577626603602738, -35.023624385694468 ], [ 150.577617708909713, -35.023621144875385 ], [ 150.577608983174372, -35.023617526111103 ], [ 150.577600440825591, -35.023613560339541 ], [ 150.577592096318824, -35.023609277597785 ], [ 150.577583964056231, -35.023604709724736 ], [ 150.577576060683697, -35.0235998868012 ], [ 150.577568400603354, -35.023594840666078 ], [ 150.577560997175368, -35.023589601334542 ], [ 150.577553866992275, -35.023584200689278 ], [ 150.577547023414212, -35.023578668745458 ], [ 150.577540483033715, -35.023573037385759 ], [ 150.577533087652398, -35.023566226061007 ], [ 150.577525535675392, -35.023558742722287 ], [ 150.577518434110431, -35.023551184543066 ], [ 150.57751174070151, -35.023543572314608 ], [ 150.577505415383058, -35.023535926871851 ], [ 150.577499415899126, -35.023528269005972 ], [ 150.577493699940561, -35.023520621310041 ], [ 150.577488225278017, -35.023513003674303 ], [ 150.577482949655547, -35.023505436889906 ], [ 150.577477832954486, -35.023497943593625 ], [ 150.577472831850315, -35.023490543653807 ], [ 150.577467904060541, -35.023483258762525 ], [ 150.57746300954625, -35.023476108853735 ], [ 150.577454170929315, -35.023463543503624 ], [ 150.577448332673242, -35.023455361499522 ], [ 150.577442764041507, -35.023447512111737 ], [ 150.577437581130226, -35.023440034619206 ], [ 150.577432897898177, -35.023432966455211 ], [ 150.577428830494512, -35.02342634509678 ], [ 150.57742549279817, -35.023420210680065 ], [ 150.577423002106599, -35.023414598902129 ], [ 150.577421471203593, -35.023409549877186 ], [ 150.577421017359995, -35.02340510020322 ], [ 150.577423453946608, -35.023398176952618 ], [ 150.577428913039142, -35.023393884144909 ], [ 150.577437145141857, -35.023390984495805 ], [ 150.577447833260464, -35.02338926523813 ], [ 150.577460660400902, -35.02338851360463 ], [ 150.577475309595741, -35.023388515927152 ], [ 150.577486961739908, -35.023388886582367 ], [ 150.577496047877219, -35.023389352923836 ], [ 150.57750543700601, -35.023389986678254 ], [ 150.577515071000988, -35.023390789389005 ], [ 150.577524889466702, -35.023391765258538 ], [ 150.577534835319824, -35.023392917654022 ], [ 150.577544849286681, -35.023394249898899 ], [ 150.577554872120203, -35.023395764415653 ], [ 150.577564845615285, -35.023397465450572 ], [ 150.577574709403024, -35.023399356305283 ], [ 150.577584406426695, -35.02340143944609 ], [ 150.577590650959309, -35.023402910950757 ], [ 150.577601730922936, -35.02340577443281 ], [ 150.577612542141338, -35.023408869631297 ], [ 150.577623120511817, -35.023412168416449 ], [ 150.577633497630728, -35.023415639868155 ], [ 150.57764370720497, -35.023419255812804 ], [ 150.577653784036642, -35.023422988098687 ], [ 150.577663759668866, -35.023426807607493 ], [ 150.577673668956891, -35.02343068438563 ], [ 150.577683544512411, -35.023434590237571 ], [ 150.577683544512411, -35.023434590237571 ], [ 150.57790349480581, -35.02340663828474 ], [ 150.577847112729785, -35.023582676964345 ], [ 150.577839174587382, -35.023586346952726 ], [ 150.57782962945825, -35.023590738471846 ], [ 150.577820090304186, -35.023595076021714 ], [ 150.577810560113335, -35.02359933261809 ], [ 150.577801044170457, -35.023603477716755 ], [ 150.577791543299895, -35.023607483388815 ], [ 150.577782062733348, -35.023611320891916 ], [ 150.577772604470027, -35.023614959616225 ], [ 150.577763172593336, -35.023618372599422 ], [ 150.577753771266373, -35.023621530176328 ], [ 150.577744402435314, -35.023624403538996 ], [ 150.577735070236656, -35.023626963923228 ], [ 150.57772577883361, -35.023629181663864 ], [ 150.577716529077122, -35.023631027931103 ], [ 150.577707327267632, -35.023632474905405 ], [ 150.57769817430929, -35.023633491955081 ], [ 150.577689075380761, -35.023634052139677 ] ] ] ] } },
{ "type": "Feature", "properties": { "OBJECTID": 67, "Comments": "Construction noise contour - CnstrContoursEarthworks", "FSource": "MOTTM - noise specialists model run for Rev B", "SourceDate": 20251027.0, "Supplier": "MOTTM", "path_windows": "C:\\Users\\bri86955\\Mott MacDonald\\MGO - Moata Geospatial - JBR2HR\\01Incoming\\20251024_Noise\\Noise shp files Rev B\\Noise Rev B figures\\Metadata\\CnstrContours\\CnstrContoursEarthworks.shp", "path_rootname": "CnstrContoursEarthworks", "IsoValue": 80, "shapefile_type": "shapefile_polygon", "SHAPE_Length": 0.043965595355245454, "SHAPE_Area": 6.9999995473772267e-05 }, "geometry": { "type": "MultiPolygon", "coordinates": [ [ [ [ 150.577903582687725, -35.023406631025082 ], [ 150.57790349480581, -35.02340663828474 ], [ 150.577903543399486, -35.023406476991717 ], [ 150.577903582687725, -35.023406631025082 ] ] ] ] } }
]
}
