{
"type": "FeatureCollection",
"name": "R1_General Residential",
"crs": { "type": "name", "properties": { "name": "urn:ogc:def:crs:OGC:1.3:CRS84" } },
"features": [
{ "type": "Feature", "properties": { "OBJECTID": 8, "Comments": "Downloaded from SEED Map Service 20250513", "FSource": "https://mapprod3.environment.nsw.gov.au/arcgis/rest/services/Planning/EPI_Primary_Planning_Layers/MapServer/2", "SourceDate": 20250513.0, "Supplier": "DOP", "EPI_NAME": "Shoalhaven Local Environmental Plan 2014", "LGA_NAME": "SHOALHAVEN", "PUBLISHED_DATE": "20140408000000", "COMMENCED_DATE": "20140422000000", "CURRENCY_DATE": "20240823000000", "AMENDMENT": null, "MAP_TYPE": "LZN", "MAP_NAME": "Land Zoning Map", "LAY_NAME": "Zone", "LAY_CLASS": "General Residential", "PCO_REF_KEY": "2014-179", "EPI_TYPE": "LEP", "SYM_CODE": "R1", "PURPOSE": null, "arcgisonline_objectid": 584914.0, "arcgisonline_type": "arcgisonline_polygon", "multi_reader_type": "ARCGISFEATURES", "SHAPE_Length": 6227.8898226123738, "SHAPE_Area": 518910.67329383089 }, "geometry": { "type": "MultiPolygon", "coordinates": [ [ [ [ 150.679441028901863, -35.072293221058779 ], [ 150.679496452145742, -35.07202200705796 ], [ 150.679100584722249, -35.071967317017979 ], [ 150.679001101593911, -35.071953611885178 ], [ 150.678672805100035, -35.071919539244242 ], [ 150.678728453094266, -35.071643682800314 ], [ 150.678801096137903, -35.071280255621765 ], [ 150.678801571359912, -35.071277879404931 ], [ 150.678801967013698, -35.07127548633931 ], [ 150.678802279581731, -35.071273084470896 ], [ 150.678802503354746, -35.071270681803682 ], [ 150.678802638562445, -35.071268270228728 ], [ 150.678802692595497, -35.071265859803852 ], [ 150.678802656763139, -35.071263447658197 ], [ 150.678802530988776, -35.071261036494739 ], [ 150.678802324906002, -35.07125863461124 ], [ 150.678802037725177, -35.071256231174878 ], [ 150.678801661417538, -35.071253838652567 ], [ 150.67880119605968, -35.071251454341372 ], [ 150.678800649067767, -35.071249087398101 ], [ 150.678800020646008, -35.07124673061481 ], [ 150.678799304040211, -35.071244390172538 ], [ 150.67879850574937, -35.071242068900169 ], [ 150.678797627990804, -35.071239765938664 ], [ 150.678796668368506, -35.071237488453988 ], [ 150.678795629023284, -35.071235238290122 ], [ 150.678794499251154, -35.07123300622726 ], [ 150.678793297427518, -35.071230801632076 ], [ 150.678792024444107, -35.07122863173349 ], [ 150.678790671482574, -35.071226498165593 ], [ 150.678789237702148, -35.071224391897481 ], [ 150.67878773164054, -35.071222321205987 ], [ 150.678786153297693, -35.071220286091048 ], [ 150.678784504839996, -35.071218287495682 ], [ 150.678782783845833, -35.071216333486817 ], [ 150.678780999108113, -35.071214423331327 ], [ 150.678779134111437, -35.071212559417425 ], [ 150.678777216585672, -35.071210730556821 ], [ 150.678775235035516, -35.071208955460534 ], [ 150.678773182019341, -35.071207225872691 ], [ 150.678771075963539, -35.071205549357984 ], [ 150.678768905857851, -35.071203927508556 ], [ 150.678766683808476, -35.071202358753233 ], [ 150.678764396894053, -35.071200834731293 ], [ 150.678762067618436, -35.071199373903234 ], [ 150.678759682015425, -35.071197966085343 ], [ 150.678757252955251, -35.071196621440343 ], [ 150.678754770829926, -35.071195330769463 ], [ 150.678752251848465, -35.071194102496392 ], [ 150.678749679801854, -35.071192928197419 ], [ 150.678747070643851, -35.07119182530618 ], [ 150.678744426796044, -35.071190785755697 ], [ 150.678741744996188, -35.071189808582034 ], [ 150.678739029602383, -35.071188894770131 ], [ 150.678736277378022, -35.071188042455006 ], [ 150.678733508813593, -35.071187263748328 ], [ 150.678508376457501, -35.071131327422194 ], [ 150.678196842034708, -35.071052310344982 ], [ 150.678194036649671, -35.071051593123016 ], [ 150.678191204016031, -35.071050947497483 ], [ 150.678188352875651, -35.071050374537322 ], [ 150.678185485726658, -35.071049863472581 ], [ 150.678182597930174, -35.071049423229233 ], [ 150.678179694048509, -35.071049047584303 ], [ 150.678176781344547, -35.071048751100577 ], [ 150.678173858060518, -35.071048518419211 ], [ 150.678170927254371, -35.071048357712101 ], [ 150.678167996648568, -35.071048267324208 ], [ 150.6781650563033, -35.071048249769589 ], [ 150.678162124900098, -35.071048303603099 ], [ 150.678159183808532, -35.071048428467904 ], [ 150.678156262567114, -35.071048626732711 ], [ 150.678153340685441, -35.071048886285844 ], [ 150.678150436513192, -35.071049217395021 ], [ 150.678147540136081, -35.071049621673339 ], [ 150.678144653822471, -35.071050096459778 ], [ 150.678141793960123, -35.071050643871182 ], [ 150.678138953209441, -35.071051252047766 ], [ 150.678136137788528, -35.071051933729329 ], [ 150.678133341453787, -35.071052677077041 ], [ 150.678130580337552, -35.071053493217654 ], [ 150.678127845953327, -35.071054372072375 ], [ 150.678125139141741, -35.071055322672052 ], [ 150.678122476622377, -35.0710563354207 ], [ 150.678119842211771, -35.071057400993553 ], [ 150.678117250665565, -35.071058540407236 ], [ 150.678114705628929, -35.071059741110879 ], [ 150.678112203737498, -35.071061005744461 ], [ 150.678109738722156, -35.071062323370192 ], [ 150.67810732786225, -35.071063703333785 ], [ 150.678104970291685, -35.071065137505379 ], [ 150.678102658339014, -35.07106662573802 ], [ 150.678100408213169, -35.071068176455505 ], [ 150.678098211376607, -35.071069781380977 ], [ 150.678096069206163, -35.071071430624549 ], [ 150.678093989117883, -35.071073133343035 ], [ 150.678091964510742, -35.071074890311529 ], [ 150.67809000879106, -35.071076692771989 ], [ 150.678088117626203, -35.071078538838478 ], [ 150.6780862986366, -35.071080430459936 ], [ 150.678084540888591, -35.071082366525431 ], [ 150.678082855596642, -35.071084338234996 ], [ 150.678081243575832, -35.071086355520514 ], [ 150.678079700723345, -35.071088408387133 ], [ 150.678078231193069, -35.071090505027726 ], [ 150.678076832131325, -35.071092630062488 ], [ 150.678075515669804, -35.07109478101934 ], [ 150.678074277959013, -35.071096977657128 ], [ 150.678073112144574, -35.071099190997195 ], [ 150.678072037646643, -35.071101432229284 ], [ 150.678071033413033, -35.071103709063479 ], [ 150.678070108951459, -35.071105995538964 ], [ 150.678069276698039, -35.071108317135412 ], [ 150.678068523146379, -35.071110647451178 ], [ 150.678067850207356, -35.07111299643914 ], [ 150.67806725902804, -35.071115362318316 ], [ 150.678066757484089, -35.071117738027752 ], [ 150.678066336578325, -35.07112013150838 ], [ 150.67806600421207, -35.071122534798263 ], [ 150.678065761813144, -35.071124936205507 ], [ 150.678065600282252, -35.071127347275052 ], [ 150.678065519874764, -35.071129758996989 ], [ 150.678065537895577, -35.071132179816104 ], [ 150.678097719686008, -35.07188149612125 ], [ 150.678078474707661, -35.072346260488693 ], [ 150.677862200521986, -35.072214696162661 ], [ 150.67786137569243, -35.072212383391161 ], [ 150.677860461530713, -35.072210088740931 ], [ 150.677859466804222, -35.072207812379915 ], [ 150.677858389931828, -35.072205571405945 ], [ 150.677857243479536, -35.072203348030143 ], [ 150.677856006113984, -35.072201159873437 ], [ 150.677854697766122, -35.072199000105769 ], [ 150.677853316039887, -35.072196875893091 ], [ 150.677851855710941, -35.072194778120533 ], [ 150.677850314076721, -35.072192724765898 ], [ 150.677848708902019, -35.072190708056183 ], [ 150.677847033636652, -35.072188726964427 ], [ 150.677845285807933, -35.072186791359556 ], [ 150.67784346569681, -35.072184891330636 ], [ 150.677841583777308, -35.072183044206447 ], [ 150.677839636991536, -35.072181241815088 ], [ 150.677837620930177, -35.07217948497356 ], [ 150.677835549865961, -35.072177773053824 ], [ 150.67783341587193, -35.072176114918797 ], [ 150.677831228836993, -35.072174509856431 ], [ 150.677828978821225, -35.072172960380747 ], [ 150.677826675790101, -35.072171463076749 ], [ 150.677715836040335, -35.072101543910271 ], [ 150.677583168726642, -35.072017865460026 ], [ 150.677450500872567, -35.071934176942122 ], [ 150.677317896675646, -35.071850534576882 ], [ 150.677185284011188, -35.071766891007037 ], [ 150.677166181196526, -35.071754835471069 ], [ 150.677052679496938, -35.071683240240603 ], [ 150.676920066259783, -35.07159959727943 ], [ 150.676768815940193, -35.071504193275452 ], [ 150.676617575000364, -35.071408780253151 ], [ 150.676466129105762, -35.071313260350358 ], [ 150.67627790194652, -35.071253587495065 ], [ 150.676090770457904, -35.071194263495435 ], [ 150.675903646644883, -35.071134949274771 ], [ 150.67571650499778, -35.071075616398112 ], [ 150.67552800070024, -35.07106614137772 ], [ 150.675506980758229, -35.071065091948945 ], [ 150.675310436285855, -35.071055213606932 ], [ 150.675300109845921, -35.071054693746007 ], [ 150.675093237884994, -35.071044296071847 ], [ 150.67485967234677, -35.071032553073486 ], [ 150.674794540571725, -35.071034723079251 ], [ 150.674665942279631, -35.071038997569495 ], [ 150.674472213270178, -35.071045442676535 ], [ 150.674278483101034, -35.071051889253553 ], [ 150.674084762577877, -35.071058342916743 ], [ 150.673894106793853, -35.07106468019132 ], [ 150.673732585560288, -35.071147784607 ], [ 150.673571071652248, -35.071230889841708 ], [ 150.673409550008358, -35.071313985690125 ], [ 150.673243779150226, -35.071399278693455 ], [ 150.673187010015198, -35.071428482331555 ], [ 150.67287953678121, -35.071585900068676 ], [ 150.672877080720411, -35.071587207841368 ], [ 150.672874668056778, -35.071588570535852 ], [ 150.672872311992506, -35.071589986602625 ], [ 150.672870007862485, -35.071591465868394 ], [ 150.67286774853261, -35.071592989265163 ], [ 150.672865552070562, -35.071594576972309 ], [ 150.672863410297509, -35.071596208098818 ], [ 150.672861330347587, -35.071597901712693 ], [ 150.67285930416989, -35.071599632417978 ], [ 150.672857351055939, -35.071601415910202 ], [ 150.672855450388028, -35.071603244581674 ], [ 150.67285362191825, -35.071605117910117 ], [ 150.672851855757784, -35.071607036607219 ], [ 150.672850161795481, -35.071608999961285 ], [ 150.672848538095394, -35.071610998920399 ], [ 150.672846989041261, -35.071613033568752 ], [ 150.67284550805752, -35.071615103780026 ], [ 150.672844101694096, -35.071617210581515 ], [ 150.672842774385884, -35.071619352255375 ], [ 150.672841520832435, -35.071621522389506 ], [ 150.672840345238228, -35.071623727374998 ], [ 150.672839243680272, -35.07162595090989 ], [ 150.672838231040828, -35.071628209506535 ], [ 150.672837289149896, -35.071630486589477 ], [ 150.672836437785207, -35.07163278073547 ], [ 150.672835658009035, -35.071635102398659 ], [ 150.672834967867942, -35.071637433895944 ], [ 150.672834357319488, -35.071639781344906 ], [ 150.672833837220566, -35.071642148559874 ], [ 150.672833399136465, -35.071644523659678 ], [ 150.672833040824173, -35.07164690840424 ], [ 150.672832771076656, -35.071649302060884 ], [ 150.672832582248077, -35.071651703581345 ], [ 150.67283247561349, -35.071654106679766 ], [ 150.67283246659261, -35.07165650894769 ], [ 150.67283252995361, -35.071658910802235 ], [ 150.672832682109743, -35.071661313459991 ], [ 150.672832923342526, -35.07166370701006 ], [ 150.672833247102062, -35.071666090425246 ], [ 150.672833658535183, -35.071668475523573 ], [ 150.672834151655081, -35.07167084145609 ], [ 150.672834726129025, -35.071673199935631 ], [ 150.672835388865224, -35.071675539375612 ], [ 150.672836133006683, -35.071677869560624 ], [ 150.67283695794373, -35.071680173350885 ], [ 150.672837862324457, -35.071682459735243 ], [ 150.672838848622348, -35.071684718844892 ], [ 150.67283991548544, -35.071686959668682 ], [ 150.67267513924034, -35.071812812260518 ], [ 150.672742037354823, -35.07188953688275 ], [ 150.67241342774679, -35.07207889173668 ], [ 150.672074284218894, -35.072274314954456 ], [ 150.671957849794666, -35.072140787524141 ], [ 150.671826089149675, -35.071989681580327 ], [ 150.671660227008658, -35.071799457112355 ], [ 150.67171119732464, -35.071635514213504 ], [ 150.671487624663825, -35.071379109629561 ], [ 150.671327931761283, -35.0711959662544 ], [ 150.671044696078809, -35.070870394576481 ], [ 150.671037864381532, -35.070862541257746 ], [ 150.670909805365483, -35.070715658593087 ], [ 150.670788449590873, -35.070576456283931 ], [ 150.67066709503635, -35.070437263798318 ], [ 150.67054574004797, -35.070298062173428 ], [ 150.670424393976532, -35.070158869618531 ], [ 150.670291224465814, -35.070006114148974 ], [ 150.670094392614146, -35.069802820487801 ], [ 150.669932243555564, -35.069780410434866 ], [ 150.669921476594538, -35.069778114753618 ], [ 150.668188475568599, -35.069530958332741 ], [ 150.667969781766146, -35.069500573394379 ], [ 150.667783625979467, -35.069474710254838 ], [ 150.667459308020256, -35.069430840778011 ], [ 150.667483097491584, -35.069165829490288 ], [ 150.667483635346485, -35.06916311286848 ], [ 150.667520512269078, -35.068977872755816 ], [ 150.667557694720244, -35.068791098777936 ], [ 150.667594875856224, -35.068604325656629 ], [ 150.667635651773651, -35.068399498363284 ], [ 150.667664748779174, -35.068253501279976 ], [ 150.667702952918404, -35.068061430865875 ], [ 150.66772632191487, -35.067944011293662 ], [ 150.667727486787015, -35.067938140741823 ], [ 150.668075021344805, -35.067875930112443 ], [ 150.668180724630417, -35.067857025661056 ], [ 150.668840643791356, -35.067512637495696 ], [ 150.669144505170379, -35.067554687289828 ], [ 150.66920035041565, -35.067400059454407 ], [ 150.669451145479854, -35.067321579144689 ], [ 150.669685894124001, -35.067253175785787 ], [ 150.670425648199256, -35.067296677273028 ], [ 150.670751215344353, -35.065661772538597 ], [ 150.67076538928626, -35.065565320665158 ], [ 150.670604398369022, -35.065543031274522 ], [ 150.670646450844743, -35.065371419691104 ], [ 150.670804603635645, -35.065393292997612 ], [ 150.671130911731211, -35.065437636813641 ], [ 150.671402888372967, -35.065475196443785 ], [ 150.671675600390671, -35.065512854330102 ], [ 150.671947416921995, -35.06555039524735 ], [ 150.672219241382038, -35.065587936612602 ], [ 150.672546947754483, -35.065633948689282 ], [ 150.672768008768685, -35.06566454282688 ], [ 150.673092721015479, -35.06570948810522 ], [ 150.673473888143604, -35.065658653770598 ], [ 150.674065198520253, -35.065569013735796 ], [ 150.674095461739768, -35.065704092459512 ], [ 150.674125732743164, -35.06583917042299 ], [ 150.674155996393182, -35.065974240123978 ], [ 150.674186258804639, -35.066109317906395 ], [ 150.674216530044674, -35.066244396751578 ], [ 150.674240742782729, -35.066352457396434 ], [ 150.67426495448089, -35.06646051801615 ], [ 150.674289176097631, -35.066568578820949 ], [ 150.674302541697728, -35.066628234638621 ], [ 150.674344528515547, -35.066681767679619 ], [ 150.6744223995683, -35.066781025225467 ], [ 150.67450026968433, -35.066880283607134 ], [ 150.67457814082519, -35.066979550975525 ], [ 150.674656001447858, -35.067078809079675 ], [ 150.674733871862287, -35.067178076338685 ], [ 150.674811742717054, -35.067277334543675 ], [ 150.674902288581052, -35.067392755036757 ], [ 150.674992834694791, -35.067508175470081 ], [ 150.675083379962359, -35.067623595822688 ], [ 150.675173925479669, -35.067739016115553 ], [ 150.675282587948459, -35.067877518188489 ], [ 150.675391240888445, -35.068016020887278 ], [ 150.675499892836626, -35.068154532488926 ], [ 150.675630543936109, -35.068412246599465 ], [ 150.675784904549488, -35.068652463985835 ], [ 150.675941058928288, -35.068895459679212 ], [ 150.676034749732878, -35.069041259132042 ], [ 150.676128443077602, -35.069187057663243 ], [ 150.67622448304158, -35.069336497111756 ], [ 150.67638007006309, -35.069399181808031 ], [ 150.676530155403043, -35.069459653199146 ], [ 150.676680239036443, -35.069520115360525 ], [ 150.676830332507222, -35.069580586542969 ], [ 150.676965401480004, -35.069635006464949 ], [ 150.67708547545638, -35.069683376642487 ], [ 150.677169630075014, -35.069716605009162 ], [ 150.677298603080118, -35.069769242725151 ], [ 150.677448686768571, -35.069829704855991 ], [ 150.6775987715273, -35.06989017583988 ], [ 150.677718845209085, -35.069938544495045 ], [ 150.677838917635569, -35.069986923827251 ], [ 150.677958990464504, -35.070035294035705 ], [ 150.678079053602886, -35.070083663040464 ], [ 150.678246008984928, -35.070370545810142 ], [ 150.678469759523892, -35.070755011401445 ], [ 150.678442696876033, -35.070827215526194 ], [ 150.678595569776036, -35.070865958951252 ], [ 150.67861614171764, -35.070843073979553 ], [ 150.678498909452543, -35.070486378644127 ], [ 150.678262135383306, -35.070009073537626 ], [ 150.678591605812926, -35.069874838011387 ], [ 150.678733128997806, -35.069817181343183 ], [ 150.67912249879663, -35.069658537046081 ], [ 150.679104937479963, -35.069624196081882 ], [ 150.679459903118953, -35.069565293468557 ], [ 150.679624159753843, -35.069538034319727 ], [ 150.680243714638721, -35.069557360541879 ], [ 150.681269641919471, -35.069875393067143 ], [ 150.681640507264774, -35.069926406459764 ], [ 150.681967594236767, -35.069967694803445 ], [ 150.682337376464716, -35.07008195852211 ], [ 150.682967444724568, -35.070161719692059 ], [ 150.683672255531746, -35.070419074197353 ], [ 150.684100016587223, -35.070495170123309 ], [ 150.684067639020725, -35.070658063165162 ], [ 150.684020255531777, -35.070896486790311 ], [ 150.683966355326334, -35.071167682733929 ], [ 150.68391301174583, -35.071436046900821 ], [ 150.6838685861415, -35.071659751659695 ], [ 150.683824170633017, -35.071883438553833 ], [ 150.68377969898512, -35.072107394791622 ], [ 150.683735247803526, -35.07233119904209 ], [ 150.683682280544843, -35.072599688318945 ], [ 150.68365183783439, -35.072748686653014 ], [ 150.683623189700597, -35.072897929311843 ], [ 150.683593626662372, -35.073047142756323 ], [ 150.683564082436931, -35.073196268202736 ], [ 150.683534528505362, -35.073345383534971 ], [ 150.683504749439379, -35.073495708847275 ], [ 150.683076379923193, -35.073436529631991 ], [ 150.682911613176117, -35.073413770314481 ], [ 150.682746855326229, -35.073391010043004 ], [ 150.68258209752949, -35.07336825135291 ], [ 150.682417338766442, -35.0733454915203 ], [ 150.68229594892469, -35.073328719863468 ], [ 150.682252581432806, -35.073322723379135 ], [ 150.682087822852509, -35.073299964006367 ], [ 150.681923065497784, -35.073277203532989 ], [ 150.681788820853825, -35.073258658438469 ], [ 150.681755268420233, -35.07325402411162 ], [ 150.681326898618551, -35.073194834238812 ], [ 150.681000672067711, -35.073149826461716 ], [ 150.680963257205491, -35.073338401738454 ], [ 150.680956903363864, -35.073337604973659 ], [ 150.680852668074863, -35.073324517172779 ], [ 150.680789911312672, -35.073303541621719 ], [ 150.680725370841202, -35.073294639693707 ], [ 150.680532923661588, -35.073268097705679 ], [ 150.680506371942812, -35.07308164670728 ], [ 150.680536132337352, -35.072931625671707 ], [ 150.680565721976734, -35.072782519063324 ], [ 150.680595302980691, -35.072633403262465 ], [ 150.680624883861697, -35.072484287446812 ], [ 150.68063019927709, -35.072457503397295 ], [ 150.680430733183755, -35.072429948042526 ], [ 150.680232791048184, -35.07240259911697 ], [ 150.680034857575265, -35.072375259050759 ], [ 150.679836914618875, -35.072347910368507 ], [ 150.679638971583159, -35.072320569476794 ], [ 150.679441028901863, -35.072293221058779 ] ], [ [ 150.67276098599649, -35.070844613389404 ], [ 150.672861965742015, -35.070960617010449 ], [ 150.673029672563473, -35.070874356528925 ], [ 150.673171303496929, -35.070801515927073 ], [ 150.673312935331381, -35.07072867336808 ], [ 150.673501886753229, -35.070631495588572 ], [ 150.673693851086171, -35.070532767084124 ], [ 150.673826509132681, -35.070885705113291 ], [ 150.673895558864359, -35.070883410679428 ], [ 150.673762908983349, -35.070530444930831 ], [ 150.673997694635801, -35.070522672962696 ], [ 150.674254522189472, -35.070514165932316 ], [ 150.674251215136223, -35.070871604823765 ], [ 150.674418114751205, -35.070866074200715 ], [ 150.674779399153749, -35.070854079978943 ], [ 150.675304475376805, -35.070873235726388 ], [ 150.675636717243918, -35.07088993589786 ], [ 150.675650108442426, -35.070822464507089 ], [ 150.675671039348344, -35.07071703033683 ], [ 150.675696811030406, -35.070587213805908 ], [ 150.675699661496424, -35.070572888959283 ], [ 150.675715769844942, -35.070491729302134 ], [ 150.675744121962282, -35.070348906101103 ], [ 150.675965344285657, -35.069948018906494 ], [ 150.675891202960287, -35.069908263858196 ], [ 150.675873033122656, -35.069898824980591 ], [ 150.675652239812848, -35.069775318692166 ], [ 150.675436861949805, -35.069645772273937 ], [ 150.675068620185186, -35.069637865686744 ], [ 150.675047080229604, -35.069637882578618 ], [ 150.675025539785054, -35.069637955349016 ], [ 150.675004008305564, -35.069638098602908 ], [ 150.674982467109658, -35.069638313784999 ], [ 150.674960927667598, -35.069638583085663 ], [ 150.674939396094516, -35.069638922848817 ], [ 150.674917864898077, -35.069639326620404 ], [ 150.674896333033416, -35.069639792577441 ], [ 150.674874801315212, -35.069640330651794 ], [ 150.674853270024556, -35.069640930932614 ], [ 150.674831746807172, -35.069641594468024 ], [ 150.674810225087612, -35.06964232113188 ], [ 150.674788711492312, -35.069643109248361 ], [ 150.6747671969473, -35.069643969461126 ], [ 150.674745683899943, -35.069644892802373 ], [ 150.67472417869547, -35.069645887507086 ], [ 150.674702684011407, -35.06964693649855 ], [ 150.674681178488754, -35.069648058298121 ], [ 150.674659692074584, -35.06964924085954 ], [ 150.674637283209051, -35.069650549958972 ], [ 150.674614881371468, -35.069651920489662 ], [ 150.674592490357242, -35.069653373258447 ], [ 150.674570097833794, -35.069654879181421 ], [ 150.674547713992922, -35.069656465498447 ], [ 150.674525339320439, -35.069658115090782 ], [ 150.674502974937752, -35.069659827078411 ], [ 150.674480618397268, -35.069661610429229 ], [ 150.674458271839626, -35.069663466987244 ], [ 150.674435924638203, -35.069665384829342 ], [ 150.674413595116334, -35.069667375124837 ], [ 150.674391265765195, -35.069669436636339 ], [ 150.674368954374785, -35.069671560690345 ], [ 150.674346149538223, -35.069673801480647 ], [ 150.674323345942526, -35.069676114408779 ], [ 150.674300559795853, -35.06967850789902 ], [ 150.674277781746611, -35.069680963742378 ], [ 150.674255022472352, -35.069683492059987 ], [ 150.674232262272454, -35.069686091572393 ], [ 150.67420952880002, -35.069688753795369 ], [ 150.674186797408225, -35.069691497187115 ], [ 150.674164082624941, -35.069694312110066 ], [ 150.674141375964325, -35.069697188485172 ], [ 150.674118688052744, -35.069700138235547 ], [ 150.674096010199747, -35.069703158490007 ], [ 150.674073348648108, -35.06970626108761 ], [ 150.674050706459184, -35.069709415436748 ], [ 150.674028071804372, -35.069712651960806 ], [ 150.674005454853585, -35.069715960037158 ], [ 150.674080045517542, -35.070069956197266 ], [ 150.67391411242491, -35.070097619120673 ], [ 150.673748171561442, -35.070125281665113 ], [ 150.673583512210712, -35.070172028548122 ], [ 150.673418808284481, -35.070218794180072 ], [ 150.673254820581576, -35.070265237079319 ], [ 150.673253986954109, -35.07026547890171 ], [ 150.673143980857873, -35.070327868222449 ], [ 150.673033974622655, -35.070390256535184 ], [ 150.67288272547782, -35.070476041490778 ], [ 150.672808718848728, -35.0705180206566 ], [ 150.6727345774421, -35.070560071109171 ], [ 150.672586421231728, -35.070644107594042 ], [ 150.672683645160276, -35.070755780660448 ], [ 150.67276098599649, -35.070844613389404 ] ], [ [ 150.673100043789105, -35.068464945671259 ], [ 150.67311091746771, -35.068636928563755 ], [ 150.673783189950939, -35.068657160760836 ], [ 150.674024204863656, -35.068664412327422 ], [ 150.674232357837212, -35.068670678663764 ], [ 150.674254266650706, -35.068671332477457 ], [ 150.674453276368808, -35.068677320248796 ], [ 150.674915719147265, -35.068619404617429 ], [ 150.674912259721509, -35.068600741641724 ], [ 150.674478142659126, -35.068655053845987 ], [ 150.674416846013742, -35.06864660120268 ], [ 150.674253324760684, -35.068624048032312 ], [ 150.674088566401963, -35.068601314950776 ], [ 150.673923817754428, -35.068578590847828 ], [ 150.673759058482318, -35.06855585820513 ], [ 150.673594310017279, -35.068533134562088 ], [ 150.673429550927665, -35.068510402379289 ], [ 150.673264801830584, -35.068487669264258 ], [ 150.673100043789105, -35.068464945671259 ] ], [ [ 150.668910005397549, -35.069413558418461 ], [ 150.668987068718764, -35.069429899363044 ], [ 150.669135135224536, -35.069185819816887 ], [ 150.669131710902406, -35.069185049018728 ], [ 150.669128313836069, -35.069184206626275 ], [ 150.669124934771446, -35.069183309589683 ], [ 150.669121590351892, -35.069182351017147 ], [ 150.669118265286301, -35.069181328811702 ], [ 150.669114966124283, -35.069180244000734 ], [ 150.66911170356849, -35.069179105804849 ], [ 150.669108466916299, -35.069177905003471 ], [ 150.669105267152219, -35.069176640906335 ], [ 150.669102102924086, -35.069175322502225 ], [ 150.669098974436906, -35.069173942583248 ], [ 150.669095891348604, -35.069172508546956 ], [ 150.669092834164019, -35.069171011905169 ], [ 150.669089830914714, -35.069169469423521 ], [ 150.669086864527941, -35.069167864547111 ], [ 150.669083942162246, -35.069166215443161 ], [ 150.669081064355879, -35.069164503190976 ], [ 150.668910005397549, -35.069413558418461 ] ] ] ] } },
{ "type": "Feature", "properties": { "OBJECTID": 53, "Comments": "Downloaded from SEED Map Service 20250513", "FSource": "https://mapprod3.environment.nsw.gov.au/arcgis/rest/services/Planning/EPI_Primary_Planning_Layers/MapServer/2", "SourceDate": 20250513.0, "Supplier": "DOP", "EPI_NAME": "Shoalhaven Local Environmental Plan 2014", "LGA_NAME": "SHOALHAVEN", "PUBLISHED_DATE": "20140408000000", "COMMENCED_DATE": "20140422000000", "CURRENCY_DATE": "20240823000000", "AMENDMENT": null, "MAP_TYPE": "LZN", "MAP_NAME": "Land Zoning Map", "LAY_NAME": "Zone", "LAY_CLASS": "General Residential", "PCO_REF_KEY": "2014-179", "EPI_TYPE": "LEP", "SYM_CODE": "R1", "PURPOSE": null, "arcgisonline_objectid": 585056.0, "arcgisonline_type": "arcgisonline_polygon", "multi_reader_type": "ARCGISFEATURES", "SHAPE_Length": 300.04765092532153, "SHAPE_Area": 5370.8150927462275 }, "geometry": { "type": "MultiPolygon", "coordinates": [ [ [ [ 150.663009600885005, -35.080001068063581 ], [ 150.663004042981754, -35.079581446573492 ], [ 150.663381122556302, -35.079442800842436 ], [ 150.663754715469224, -35.079305436213588 ], [ 150.66403925183667, -35.079532834745308 ], [ 150.6641396411095, -35.079717250708541 ], [ 150.663632098394999, -35.079903943361153 ], [ 150.66307391806842, -35.080109263723038 ], [ 150.663009600885005, -35.080001068063581 ] ] ] ] } },
{ "type": "Feature", "properties": { "OBJECTID": 86, "Comments": "Downloaded from SEED Map Service 20250513", "FSource": "https://mapprod3.environment.nsw.gov.au/arcgis/rest/services/Planning/EPI_Primary_Planning_Layers/MapServer/2", "SourceDate": 20250513.0, "Supplier": "DOP", "EPI_NAME": "Shoalhaven Local Environmental Plan 2014", "LGA_NAME": "SHOALHAVEN", "PUBLISHED_DATE": "20140408000000", "COMMENCED_DATE": "20140422000000", "CURRENCY_DATE": "20240823000000", "AMENDMENT": null, "MAP_TYPE": "LZN", "MAP_NAME": "Land Zoning Map", "LAY_NAME": "Zone", "LAY_CLASS": "General Residential", "PCO_REF_KEY": "2014-179", "EPI_TYPE": "LEP", "SYM_CODE": "R1", "PURPOSE": null, "arcgisonline_objectid": 585318.0, "arcgisonline_type": "arcgisonline_polygon", "multi_reader_type": "ARCGISFEATURES", "SHAPE_Length": 204.02686610328553, "SHAPE_Area": 1950.6461769335656 }, "geometry": { "type": "MultiPolygon", "coordinates": [ [ [ [ 150.655460078286751, -35.073879692814685 ], [ 150.65578495992952, -35.073770780321667 ], [ 150.655827216669536, -35.073855956636955 ], [ 150.655880597458321, -35.073963568513051 ], [ 150.65592964924511, -35.074062441592773 ], [ 150.655901645584947, -35.074113222819697 ], [ 150.655660746435615, -35.074181546510289 ], [ 150.655490207059927, -35.074093609555838 ], [ 150.655455757649662, -35.074075842267476 ], [ 150.655413205656345, -35.074044710741362 ], [ 150.655181457788785, -35.073875130116178 ], [ 150.655180929016183, -35.073820735721959 ], [ 150.655362746167953, -35.073683471169957 ], [ 150.655418681928836, -35.073796229595999 ], [ 150.655460078286751, -35.073879692814685 ] ] ] ] } },
{ "type": "Feature", "properties": { "OBJECTID": 128, "Comments": "Downloaded from SEED Map Service 20250513", "FSource": "https://mapprod3.environment.nsw.gov.au/arcgis/rest/services/Planning/EPI_Primary_Planning_Layers/MapServer/2", "SourceDate": 20250513.0, "Supplier": "DOP", "EPI_NAME": "Shoalhaven Local Environmental Plan 2014", "LGA_NAME": "SHOALHAVEN", "PUBLISHED_DATE": "20140408000000", "COMMENCED_DATE": "20140422000000", "CURRENCY_DATE": "20240823000000", "AMENDMENT": null, "MAP_TYPE": "LZN", "MAP_NAME": "Land Zoning Map", "LAY_NAME": "Zone", "LAY_CLASS": "General Residential", "PCO_REF_KEY": "2014-179", "EPI_TYPE": "LEP", "SYM_CODE": "R1", "PURPOSE": null, "arcgisonline_objectid": 585500.0, "arcgisonline_type": "arcgisonline_polygon", "multi_reader_type": "ARCGISFEATURES", "SHAPE_Length": 379.99881139093458, "SHAPE_Area": 8749.7142539929337 }, "geometry": { "type": "MultiPolygon", "coordinates": [ [ [ [ 150.68219374391029, -35.082513625008346 ], [ 150.682191036446454, -35.082509393974078 ], [ 150.682188411163196, -35.082505126649188 ], [ 150.682185864746799, -35.082500823871747 ], [ 150.682183390365822, -35.082496494525955 ], [ 150.682180997910422, -35.082492137899429 ], [ 150.682178675298275, -35.082487754662644 ], [ 150.682176434611705, -35.082483344145132 ], [ 150.68217427498405, -35.082478898217055 ], [ 150.682172186066225, -35.082474433808571 ], [ 150.682170186465953, -35.082469952177036 ], [ 150.682168259181481, -35.082465434066251 ], [ 150.68216642233611, -35.082460897852371 ], [ 150.682164656149524, -35.082456344960121 ], [ 150.682162979586394, -35.082451764032903 ], [ 150.682161374803542, -35.082447165547293 ], [ 150.682159860459763, -35.082442548958596 ], [ 150.682158425568758, -35.082437914958213 ], [ 150.682157072373684, -35.082433261786086 ], [ 150.682155799446946, -35.082428601134161 ], [ 150.682154616118112, -35.082423913348293 ], [ 150.682153513949686, -35.082419225311533 ], [ 150.682152491514444, -35.082414509952166 ], [ 150.682151560104245, -35.082409794530548 ], [ 150.682150708146736, -35.082405061697251 ], [ 150.682149936508495, -35.082400319582199 ], [ 150.682149256124717, -35.082395569295933 ], [ 150.68214865473459, -35.08239081781587 ], [ 150.682148134989291, -35.082386048966058 ], [ 150.68214770517281, -35.08238128003304 ], [ 150.682147364163626, -35.08237651189684 ], [ 150.682147104595174, -35.082371733598826 ], [ 150.68214692506541, -35.082366955929949 ], [ 150.682146835719408, -35.082362169167936 ], [ 150.682146836047224, -35.082357391332621 ], [ 150.682146915572588, -35.082352605095565 ], [ 150.682147077124711, -35.082347826737511 ], [ 150.682147328580072, -35.082343049197213 ], [ 150.682147659844532, -35.082338280394978 ], [ 150.682148081037695, -35.082333511509532 ], [ 150.682148583390955, -35.082328742373164 ], [ 150.682149175392453, -35.082323983064505 ], [ 150.682149847228459, -35.082319231592898 ], [ 150.682150609553702, -35.082314498979862 ], [ 150.682151451942985, -35.082309766094944 ], [ 150.68215237523728, -35.082305041969036 ], [ 150.682233095430661, -35.081911236302034 ], [ 150.68226134107212, -35.081917587367414 ], [ 150.682480940177442, -35.081966964985583 ], [ 150.682738411956223, -35.082067532019849 ], [ 150.682877049533431, -35.082121683118316 ], [ 150.683061814906466, -35.082218753646295 ], [ 150.683311245993906, -35.082349807081073 ], [ 150.683487711105556, -35.082460315345863 ], [ 150.68335556472914, -35.082570823485128 ], [ 150.682782363904039, -35.083050109795188 ], [ 150.68271889026741, -35.083103184267841 ], [ 150.682510333565659, -35.082881775171927 ], [ 150.682221361657241, -35.082550152826023 ], [ 150.682218010104577, -35.082546243924405 ], [ 150.682214719856177, -35.082542300135849 ], [ 150.682211510947354, -35.082538311025715 ], [ 150.682208364438878, -35.082534287049612 ], [ 150.682205299040447, -35.082530225860857 ], [ 150.682202666688767, -35.082526634510735 ], [ 150.682202296067828, -35.082526128905172 ], [ 150.682199374154266, -35.082521996538823 ], [ 150.682196523435096, -35.082517828573209 ], [ 150.68219374391029, -35.082513625008346 ] ] ] ] } },
{ "type": "Feature", "properties": { "OBJECTID": 157, "Comments": "Downloaded from SEED Map Service 20250513", "FSource": "https://mapprod3.environment.nsw.gov.au/arcgis/rest/services/Planning/EPI_Primary_Planning_Layers/MapServer/2", "SourceDate": 20250513.0, "Supplier": "DOP", "EPI_NAME": "Shoalhaven Local Environmental Plan 2014", "LGA_NAME": "SHOALHAVEN", "PUBLISHED_DATE": "20140408000000", "COMMENCED_DATE": "20140422000000", "CURRENCY_DATE": "20240823000000", "AMENDMENT": null, "MAP_TYPE": "LZN", "MAP_NAME": "Land Zoning Map", "LAY_NAME": "Zone", "LAY_CLASS": "General Residential", "PCO_REF_KEY": "2014-179", "EPI_TYPE": "LEP", "SYM_CODE": "R1", "PURPOSE": null, "arcgisonline_objectid": 585575.0, "arcgisonline_type": "arcgisonline_polygon", "multi_reader_type": "ARCGISFEATURES", "SHAPE_Length": 447.84878382921181, "SHAPE_Area": 10221.254919417726 }, "geometry": { "type": "MultiPolygon", "coordinates": [ [ [ [ 150.691569294323301, -35.104252930140831 ], [ 150.691619036449396, -35.104217603151021 ], [ 150.691619295992098, -35.104217424193727 ], [ 150.691869660081608, -35.104039587194499 ], [ 150.691886207951939, -35.103959575218248 ], [ 150.691897457442906, -35.103961395935094 ], [ 150.691904898078036, -35.103962874557737 ], [ 150.691908591326069, -35.103963698543026 ], [ 150.691912284120377, -35.103964577509764 ], [ 150.691915924114909, -35.103965500544632 ], [ 150.691923174313672, -35.103967508312813 ], [ 150.691926778756539, -35.103968602852653 ], [ 150.691930346870606, -35.103969740872898 ], [ 150.691937418961629, -35.103972151814695 ], [ 150.691940905984893, -35.103973442442921 ], [ 150.691944375012667, -35.103974787718492 ], [ 150.691947807965732, -35.103976167464509 ], [ 150.691954584827016, -35.103979089329357 ], [ 150.691957937760321, -35.103980622605285 ], [ 150.691961244446702, -35.103982200975679 ], [ 150.6919645167429, -35.103983831878189 ], [ 150.691970952450617, -35.103987220520466 ], [ 150.691974145235321, -35.103988986933039 ], [ 150.691977272931638, -35.103990805293023 ], [ 150.691983413064577, -35.10399456151702 ], [ 150.691986434323042, -35.103996497746124 ], [ 150.691989391538584, -35.103998487745521 ], [ 150.691992306050452, -35.104000513892096 ], [ 150.691998043299407, -35.104004708673642 ], [ 150.692000839338846, -35.10400685155868 ], [ 150.692003581482197, -35.104009038491036 ], [ 150.692008933860535, -35.104013538754572 ], [ 150.692011542156877, -35.104015843034055 ], [ 150.692014087532101, -35.104018200203754 ], [ 150.692016588519124, -35.104020575458996 ], [ 150.692021455575201, -35.104025442394772 ], [ 150.692023804585148, -35.104027916622286 ], [ 150.692026100515875, -35.104030444828972 ], [ 150.692028341094726, -35.104032990912394 ], [ 150.692032661275618, -35.104038189993432 ], [ 150.692034732614957, -35.104040824804088 ], [ 150.692036757682018, -35.104043505610285 ], [ 150.692040630567902, -35.104048928753038 ], [ 150.692042467985857, -35.104051689822555 ], [ 150.692044260761435, -35.104054477987596 ], [ 150.692045991632284, -35.104057283003101 ], [ 150.692049272506296, -35.104062966214798 ], [ 150.692050822280777, -35.104065852519959 ], [ 150.692052301582862, -35.10406874830057 ], [ 150.692055098287852, -35.10407460168458 ], [ 150.692056380327472, -35.104077568530684 ], [ 150.692057634678434, -35.104080544765665 ], [ 150.692058809531886, -35.104083539319006 ], [ 150.692060961693016, -35.104089570638493 ], [ 150.692063344863669, -35.104096473580675 ], [ 150.69206514728171, -35.104101681498669 ], [ 150.692069583678546, -35.104113728623375 ], [ 150.692071879628571, -35.104119601316611 ], [ 150.692074272183362, -35.104125704825478 ], [ 150.692078091537127, -35.104134893326666 ], [ 150.692081363548539, -35.104142485701217 ], [ 150.692084419338101, -35.104149460050223 ], [ 150.69208818382549, -35.104157599086037 ], [ 150.692091769901225, -35.104165101885386 ], [ 150.692095580175248, -35.104172901033998 ], [ 150.692099210298437, -35.104180008922818 ], [ 150.692103100571416, -35.10418742195894 ], [ 150.692107708034484, -35.104196009759733 ], [ 150.692111150608326, -35.104202105321086 ], [ 150.692114144336472, -35.104207429682297 ], [ 150.692120831088062, -35.104218759719359 ], [ 150.692123969312547, -35.1042238614627 ], [ 150.69212774243374, -35.104229983151825 ], [ 150.692133003860306, -35.104238175938725 ], [ 150.692137674031613, -35.104245240531846 ], [ 150.692142291766174, -35.104252141859845 ], [ 150.69214730228282, -35.104259312999019 ], [ 150.692152241234112, -35.104266260109647 ], [ 150.692157763951883, -35.104273861994479 ], [ 150.692162433964398, -35.104280037725388 ], [ 150.692167650670115, -35.10428686031252 ], [ 150.692174149403627, -35.104295133456517 ], [ 150.692178416676228, -35.104300342342675 ], [ 150.692182683212508, -35.104305577357557 ], [ 150.692189513822143, -35.104313635057764 ], [ 150.692195196413081, -35.104320196974683 ], [ 150.692200395059274, -35.10432610421536 ], [ 150.692206832462773, -35.104333168207773 ], [ 150.692212802392532, -35.104339576936141 ], [ 150.692218979117058, -35.104346121218661 ], [ 150.692224985071618, -35.104352225031178 ], [ 150.692231187953581, -35.104358464209902 ], [ 150.692239057188232, -35.104366218057486 ], [ 150.692245628656934, -35.104372457043524 ], [ 150.692252109388136, -35.10437849056683 ], [ 150.692259316891182, -35.10438508693202 ], [ 150.692265331902036, -35.104390403022457 ], [ 150.6922720456364, -35.104396265193927 ], [ 150.692280354281507, -35.104403374736734 ], [ 150.692285751262887, -35.104407811833056 ], [ 150.692291183434236, -35.104412284756997 ], [ 150.692299743760657, -35.104419105209622 ], [ 150.692306880132037, -35.104424645486958 ], [ 150.69231336059056, -35.104429638695187 ], [ 150.692321320324368, -35.104435545327732 ], [ 150.692328661650635, -35.104440897492118 ], [ 150.692336281032624, -35.104446347803822 ], [ 150.69234356870939, -35.104451385230895 ], [ 150.692351116366325, -35.104456539392125 ], [ 150.692359875100607, -35.104462392726312 ], [ 150.692366435701416, -35.104466605875743 ], [ 150.692371939742685, -35.104470164262239 ], [ 150.69238414924169, -35.104477739328821 ], [ 150.692389904215673, -35.104481190709919 ], [ 150.692396527848643, -35.104485152644031 ], [ 150.69240587759046, -35.104490548461079 ], [ 150.692413962979458, -35.104495111572554 ], [ 150.692421744497807, -35.104499441723931 ], [ 150.692430305486653, -35.104504022004896 ], [ 150.692438560412086, -35.104508369283991 ], [ 150.692447560007622, -35.104512994877098 ], [ 150.69245526929592, -35.104516813413724 ], [ 150.692463695082722, -35.104520936772246 ], [ 150.692480744846847, -35.104528924029879 ], [ 150.692487306688548, -35.104531926510262 ], [ 150.692500815726959, -35.104537842350098 ], [ 150.692506687107482, -35.104540316936344 ], [ 150.692514466920869, -35.104543579698266 ], [ 150.692524247276737, -35.104547515197289 ], [ 150.692533086184682, -35.104550992845866 ], [ 150.692542076135283, -35.104554443621275 ], [ 150.692550951350029, -35.104557645205873 ], [ 150.692559933603832, -35.104560863251841 ], [ 150.692566674852088, -35.104563650084991 ], [ 150.692569040239476, -35.104564144064774 ], [ 150.692575422816446, -35.104566384982945 ], [ 150.692581052552697, -35.104568481751784 ], [ 150.692586636630494, -35.10457064165594 ], [ 150.692592166867058, -35.104572882569158 ], [ 150.692597661900777, -35.104575204846384 ], [ 150.692603094347731, -35.104577607064662 ], [ 150.69260848259222, -35.104580098588912 ], [ 150.692613806768492, -35.104582644784593 ], [ 150.692619095742003, -35.10458527234433 ], [ 150.692624312286796, -35.104587978756257 ], [ 150.692629484832395, -35.104590767266203 ], [ 150.692634585203308, -35.104593625618421 ], [ 150.692639631119391, -35.104596547839989 ], [ 150.692644606748729, -35.104599550757534 ], [ 150.692654368994368, -35.104605763037483 ], [ 150.692659146839731, -35.104608972232889 ], [ 150.692663843434531, -35.104612261915541 ], [ 150.69266850474645, -35.104615596901589 ], [ 150.692673067265815, -35.104619012040864 ], [ 150.692677558910106, -35.104622489835421 ], [ 150.692681986232259, -35.104626031311469 ], [ 150.692686335030118, -35.104629634395678 ], [ 150.692690619505782, -35.104633301161442 ], [ 150.692694796083629, -35.104637020862725 ], [ 150.692698901532395, -35.104640812229249 ], [ 150.692702935238373, -35.104644658121252 ], [ 150.69270687968492, -35.104648557303726 ], [ 150.692710752160025, -35.104652519120641 ], [ 150.692714518062331, -35.104656525785039 ], [ 150.692718219642416, -35.104660596131026 ], [ 150.692721822629096, -35.104664700658731 ], [ 150.692725345639474, -35.104668879387695 ], [ 150.692728770056476, -35.10467309229837 ], [ 150.692732113959607, -35.104677359567567 ], [ 150.692735358761269, -35.104681679038407 ], [ 150.692738513638886, -35.10468603646197 ], [ 150.692741579282455, -35.104690446275072 ], [ 150.692744546281773, -35.104694892071912 ], [ 150.692747414382779, -35.104699382862464 ], [ 150.692750193452923, -35.104703918834588 ], [ 150.692752874132793, -35.104708481780527 ], [ 150.692755464710757, -35.104713088986188 ], [ 150.692757956644414, -35.104717732175629 ], [ 150.692760341137358, -35.104722412082836 ], [ 150.692762626757315, -35.104727136082779 ], [ 150.692764813398611, -35.104731869015765 ], [ 150.692766903105678, -35.104736655093213 ], [ 150.692768875144822, -35.104741451550822 ], [ 150.692770758178341, -35.104746292289057 ], [ 150.692773338751294, -35.104753472125076 ], [ 150.692774979624801, -35.104758420035687 ], [ 150.692776520757462, -35.104763403909239 ], [ 150.692777956053675, -35.104768406501563 ], [ 150.692779272407677, -35.10477342576015 ], [ 150.692781030079004, -35.104780767518548 ], [ 150.692782069659131, -35.104785759871575 ], [ 150.69278301082332, -35.104790780099464 ], [ 150.692783844491657, -35.104795800083501 ], [ 150.692784561384997, -35.104800837676549 ], [ 150.692785181238207, -35.104805893254394 ], [ 150.692785701244674, -35.104810949635521 ], [ 150.692786094888191, -35.104816013526822 ], [ 150.692786390623695, -35.104821087273109 ], [ 150.692786579091887, -35.104826152666568 ], [ 150.692786659860786, -35.104831225024121 ], [ 150.692786641853928, -35.1048362991068 ], [ 150.692786488916113, -35.104841373324717 ], [ 150.692786256196598, -35.104846437008703 ], [ 150.692785907159134, -35.104851502083804 ], [ 150.692785449808639, -35.104856556983222 ], [ 150.692784876140166, -35.104861613273734 ], [ 150.692783423776632, -35.104871689396482 ], [ 150.692746186432061, -35.105050646027102 ], [ 150.691003173532096, -35.104806097103896 ], [ 150.691042507133147, -35.104627077351054 ], [ 150.691188602973938, -35.104523310879372 ], [ 150.69129156238219, -35.104450191165832 ], [ 150.691301539642467, -35.104443100921252 ], [ 150.691450181258602, -35.104337531886905 ], [ 150.691569294323301, -35.104252930140831 ] ] ] ] } },
{ "type": "Feature", "properties": { "OBJECTID": 207, "Comments": "Downloaded from SEED Map Service 20250513", "FSource": "https://mapprod3.environment.nsw.gov.au/arcgis/rest/services/Planning/EPI_Primary_Planning_Layers/MapServer/2", "SourceDate": 20250513.0, "Supplier": "DOP", "EPI_NAME": "Shoalhaven Local Environmental Plan 2014", "LGA_NAME": "SHOALHAVEN", "PUBLISHED_DATE": "20140408000000", "COMMENCED_DATE": "20140422000000", "CURRENCY_DATE": "20240823000000", "AMENDMENT": null, "MAP_TYPE": "LZN", "MAP_NAME": "Land Zoning Map", "LAY_NAME": "Zone", "LAY_CLASS": "General Residential", "PCO_REF_KEY": "2014-179", "EPI_TYPE": "LEP", "SYM_CODE": "R1", "PURPOSE": null, "arcgisonline_objectid": 585736.0, "arcgisonline_type": "arcgisonline_polygon", "multi_reader_type": "ARCGISFEATURES", "SHAPE_Length": 779.21244313647128, "SHAPE_Area": 27692.893410082477 }, "geometry": { "type": "MultiPolygon", "coordinates": [ [ [ [ 150.66479002051247, -35.035433900440466 ], [ 150.664713494347666, -35.035799361405523 ], [ 150.66467779100978, -35.035977135673846 ], [ 150.664668889592804, -35.036021471305169 ], [ 150.664254750491352, -35.038083484153866 ], [ 150.664218046105049, -35.038266233115358 ], [ 150.664027627947007, -35.03808699288502 ], [ 150.663560828222671, -35.037646835440754 ], [ 150.663533388752654, -35.037604220240247 ], [ 150.663507779217412, -35.037560853297549 ], [ 150.663484016192541, -35.037516768287915 ], [ 150.663462142561883, -35.037472037255625 ], [ 150.663442171485968, -35.037426698317361 ], [ 150.663424136066169, -35.037380820624399 ], [ 150.663408063523832, -35.037334448874532 ], [ 150.663393954199108, -35.037287647981692 ], [ 150.663381843845713, -35.03724047092129 ], [ 150.663371741900818, -35.037192971063043 ], [ 150.66336366521287, -35.037145210934213 ], [ 150.663357605409317, -35.037097253477476 ], [ 150.663353589685187, -35.037049144291124 ], [ 150.663351618251852, -35.037000952793377 ], [ 150.663351680699634, -35.036952736478483 ], [ 150.663353796401395, -35.036904546202592 ], [ 150.663357955632421, -35.036856453896625 ], [ 150.663364140623003, -35.036808506094935 ], [ 150.663372360579103, -35.036760764275272 ], [ 150.663382597551561, -35.036713281278651 ], [ 150.663394842860043, -35.036666130858741 ], [ 150.663409077716835, -35.036619356825454 ], [ 150.66342528524288, -35.036573012941666 ], [ 150.663703252225645, -35.035279845742579 ], [ 150.663879950957607, -35.035304891479541 ], [ 150.664230586819656, -35.035354596350651 ], [ 150.664350794273304, -35.035371636297725 ], [ 150.66479002051247, -35.035433900440466 ] ] ] ] } },
{ "type": "Feature", "properties": { "OBJECTID": 306, "Comments": "Downloaded from SEED Map Service 20250513", "FSource": "https://mapprod3.environment.nsw.gov.au/arcgis/rest/services/Planning/EPI_Primary_Planning_Layers/MapServer/2", "SourceDate": 20250513.0, "Supplier": "DOP", "EPI_NAME": "Shoalhaven Local Environmental Plan 2014", "LGA_NAME": "SHOALHAVEN", "PUBLISHED_DATE": "20140408000000", "COMMENCED_DATE": "20140422000000", "CURRENCY_DATE": "20240823000000", "AMENDMENT": null, "MAP_TYPE": "LZN", "MAP_NAME": "Land Zoning Map", "LAY_NAME": "Zone", "LAY_CLASS": "General Residential", "PCO_REF_KEY": "2014-179", "EPI_TYPE": "LEP", "SYM_CODE": "R1", "PURPOSE": null, "arcgisonline_objectid": 586099.0, "arcgisonline_type": "arcgisonline_polygon", "multi_reader_type": "ARCGISFEATURES", "SHAPE_Length": 3768.1020740565436, "SHAPE_Area": 261452.67480824565 }, "geometry": { "type": "MultiPolygon", "coordinates": [ [ [ [ 150.556616442198475, -34.902037610073734 ], [ 150.556399254664484, -34.90200810906132 ], [ 150.556362985140282, -34.902187585776744 ], [ 150.556167845860017, -34.903144380853732 ], [ 150.556019722485075, -34.90387409104931 ], [ 150.555729007667082, -34.905304479018014 ], [ 150.555712530686407, -34.90538569288465 ], [ 150.555711483017888, -34.905390838143312 ], [ 150.555692935491322, -34.905482279918452 ], [ 150.555440526166109, -34.906726988603815 ], [ 150.555166765616548, -34.906689331315555 ], [ 150.555145029094547, -34.906790488859833 ], [ 150.555092839970541, -34.906957344854966 ], [ 150.555072931137829, -34.906971749904152 ], [ 150.555024027568152, -34.907077077986159 ], [ 150.554942280824804, -34.907115746324592 ], [ 150.554523237990793, -34.907314870792305 ], [ 150.554511480140775, -34.907173367044528 ], [ 150.554606955848044, -34.906966684932705 ], [ 150.554512179533646, -34.906923460536866 ], [ 150.55417301770558, -34.906815068175774 ], [ 150.553950218148287, -34.906747398397961 ], [ 150.553816223606105, -34.906687350110246 ], [ 150.55371805991561, -34.90658152086047 ], [ 150.553631011316043, -34.906476641984007 ], [ 150.553531537070853, -34.906402930891439 ], [ 150.553477663342676, -34.90638380193333 ], [ 150.553501884836834, -34.906341706948048 ], [ 150.55350770143076, -34.906331255242009 ], [ 150.553521129577433, -34.906303924425892 ], [ 150.553532352988384, -34.906275921777514 ], [ 150.553541326150707, -34.906247379798749 ], [ 150.553548021718058, -34.906218408820457 ], [ 150.553552397218141, -34.906189149518724 ], [ 150.553553615927655, -34.906175775482872 ], [ 150.553559810536399, -34.906091119488011 ], [ 150.553560634395097, -34.906075047506043 ], [ 150.553562356454705, -34.906017131947522 ], [ 150.553567698094724, -34.905947168093505 ], [ 150.553568620807823, -34.90592986669099 ], [ 150.553568756699917, -34.905914852702914 ], [ 150.553567858994427, -34.905831497116679 ], [ 150.553570611269578, -34.905738718933513 ], [ 150.553574089099158, -34.905693209638578 ], [ 150.553584604791894, -34.905643217536671 ], [ 150.553589301551852, -34.905624554295983 ], [ 150.553685655412011, -34.905562264064805 ], [ 150.553698474369185, -34.90555372206061 ], [ 150.553725186939516, -34.905534090494612 ], [ 150.553750286189654, -34.905513069715667 ], [ 150.553773663579506, -34.905490740474335 ], [ 150.553795214435723, -34.905467200727053 ], [ 150.553814853716972, -34.905442550628592 ], [ 150.553832495128177, -34.90541689571721 ], [ 150.553834601758865, -34.905413534181662 ], [ 150.553861798102901, -34.905369888987906 ], [ 150.553926438152047, -34.905305142522558 ], [ 150.553929665668363, -34.905301879280785 ], [ 150.553951223257997, -34.905278330624043 ], [ 150.553970863565922, -34.905253679616919 ], [ 150.553985537835104, -34.90523261472557 ], [ 150.554087135562355, -34.905077241836722 ], [ 150.554090102574833, -34.905072652687473 ], [ 150.55410295683555, -34.905051040898577 ], [ 150.554108506067593, -34.905047750481074 ], [ 150.554136724766408, -34.905029607727464 ], [ 150.554163436766629, -34.905009985962366 ], [ 150.554188535742611, -34.904988965079902 ], [ 150.554211913955072, -34.904966635763358 ], [ 150.554233464517836, -34.904943096826479 ], [ 150.554246704112529, -34.904926862851383 ], [ 150.554311667064269, -34.904843390064464 ], [ 150.554318066770037, -34.904834963943287 ], [ 150.554335699111817, -34.904809309669346 ], [ 150.554351269116495, -34.904782758372001 ], [ 150.554364689317282, -34.904755418270682 ], [ 150.554375910869027, -34.904727423603582 ], [ 150.554383325624343, -34.904704441103227 ], [ 150.554412009732346, -34.9046050930815 ], [ 150.554413570046279, -34.904599526350964 ], [ 150.554420257244772, -34.904570563253415 ], [ 150.554424631460648, -34.904541295766137 ], [ 150.554426684339688, -34.904511858040642 ], [ 150.55442982200762, -34.904405940481929 ], [ 150.55442952686866, -34.904376457285487 ], [ 150.554426891128429, -34.9043470477624 ], [ 150.554421925957229, -34.904317851865713 ], [ 150.554414646714861, -34.904288978982663 ], [ 150.554405099780382, -34.904260562563103 ], [ 150.554393313369189, -34.904232721267569 ], [ 150.554379346477589, -34.904205568967313 ], [ 150.554363246764723, -34.904179232827403 ], [ 150.554345399574743, -34.904154223627202 ], [ 150.554274629532358, -34.90406195733285 ], [ 150.554274325243682, -34.904061554558197 ], [ 150.554254192212369, -34.90403717272126 ], [ 150.554242018393012, -34.904023941892248 ], [ 150.554221464384455, -34.904002427271678 ], [ 150.554224996386495, -34.90397775927385 ], [ 150.554227040561585, -34.903948321375481 ], [ 150.554226744366531, -34.90391883905852 ], [ 150.554224171833141, -34.90388995726375 ], [ 150.55421773600176, -34.903839777015349 ], [ 150.554218489254254, -34.903837033675579 ], [ 150.554222809527971, -34.903819580709651 ], [ 150.554244834130969, -34.903720556573553 ], [ 150.554273851843334, -34.903657315660716 ], [ 150.554275697616106, -34.903653228586464 ], [ 150.554286920118187, -34.903625233939998 ], [ 150.554295902760515, -34.903596683961091 ], [ 150.554302589897048, -34.903567720864004 ], [ 150.554306972828158, -34.903538453552237 ], [ 150.554307180140853, -34.903536481698055 ], [ 150.554308478755388, -34.90353394495741 ], [ 150.554318088754229, -34.903513866125991 ], [ 150.554329312313854, -34.903485871495668 ], [ 150.554338284814008, -34.903457330322958 ], [ 150.55434079546626, -34.903447613414535 ], [ 150.554347249779198, -34.903421222936814 ], [ 150.554351435514405, -34.903401958901171 ], [ 150.554355809373192, -34.903372701319974 ], [ 150.554357853473448, -34.90334326341415 ], [ 150.554357557487776, -34.903313772083635 ], [ 150.554354922637202, -34.903284370687203 ], [ 150.554349956706403, -34.903255165755297 ], [ 150.554342686309298, -34.903226293044405 ], [ 150.554340231391762, -34.903218270091223 ], [ 150.554333211592734, -34.90319614724455 ], [ 150.55433338237421, -34.903188545858661 ], [ 150.554333014733373, -34.903161617775034 ], [ 150.554330379066784, -34.903132207346623 ], [ 150.554325412856656, -34.903103012324046 ], [ 150.554322194842115, -34.903089027891966 ], [ 150.554304196864507, -34.903017173322311 ], [ 150.554300144560301, -34.903002283239935 ], [ 150.554290597734393, -34.902973868615597 ], [ 150.554278810479985, -34.902946025488916 ], [ 150.554264836110605, -34.902918874828622 ], [ 150.554255217120954, -34.902902631335827 ], [ 150.554224380763543, -34.902853087535462 ], [ 150.554207394808856, -34.902820745950393 ], [ 150.554201747099683, -34.902810357248647 ], [ 150.554185647717134, -34.902784020192399 ], [ 150.554167496575303, -34.90275860820087 ], [ 150.554147372406305, -34.902734233739594 ], [ 150.554125346821451, -34.902710991101273 ], [ 150.554101520958341, -34.902688975173021 ], [ 150.554076010569275, -34.902668304574554 ], [ 150.554061085305534, -34.902657386496543 ], [ 150.553965088887082, -34.902589699166853 ], [ 150.553930972228159, -34.902548456712069 ], [ 150.553920924644331, -34.902536704715772 ], [ 150.55391711443022, -34.902532688553649 ], [ 150.553922851894669, -34.902522900508934 ], [ 150.553936279208529, -34.902495569599857 ], [ 150.553947503003116, -34.902467565990847 ], [ 150.553956475501366, -34.902439024842884 ], [ 150.553963171653095, -34.902410052927351 ], [ 150.553967545842056, -34.902380786349973 ], [ 150.553969590034342, -34.902351348451063 ], [ 150.55396929390227, -34.902321866130492 ], [ 150.553966659200853, -34.902292464728319 ], [ 150.553961693446922, -34.90226325978437 ], [ 150.553954423280345, -34.902234386154284 ], [ 150.553952523581501, -34.902228120526651 ], [ 150.553955069122878, -34.902224714636972 ], [ 150.553972702086497, -34.902199059508341 ], [ 150.553988271660643, -34.902172508231565 ], [ 150.554001691207304, -34.902145178057339 ], [ 150.55401291385823, -34.902117173514945 ], [ 150.554021896130649, -34.9020886325563 ], [ 150.554028583448314, -34.902059661358287 ], [ 150.554032958440956, -34.902030402905716 ], [ 150.554035010515861, -34.902000956147631 ], [ 150.554035055782492, -34.901999172142865 ], [ 150.554035512681452, -34.901980599282965 ], [ 150.554036023142146, -34.901978367598538 ], [ 150.554039600420992, -34.901955822577506 ], [ 150.554075312007484, -34.901955579782857 ], [ 150.554111007682025, -34.901953402096495 ], [ 150.554146451416671, -34.90194931541604 ], [ 150.554155030105676, -34.901948024155168 ], [ 150.554196308668395, -34.901941561469357 ], [ 150.554238475443896, -34.901937321655545 ], [ 150.554265761909079, -34.901934004625666 ], [ 150.55430080162904, -34.901928007657482 ], [ 150.554335296190004, -34.901920137260063 ], [ 150.554369090247775, -34.901910429069645 ], [ 150.554402041554397, -34.901898919887685 ], [ 150.554431614436055, -34.901886728777136 ], [ 150.554475421556759, -34.901867285208205 ], [ 150.554477823276045, -34.90186621843803 ], [ 150.554508668775185, -34.901851258362449 ], [ 150.5545382581127, -34.901834674678511 ], [ 150.55456585875956, -34.90181692681503 ], [ 150.554583992525295, -34.901816692393091 ], [ 150.554619687867955, -34.901814523563417 ], [ 150.554655130699928, -34.901810427699488 ], [ 150.554690171171671, -34.901804439646796 ], [ 150.554724664556204, -34.901796569112911 ], [ 150.554758458523139, -34.901786860809906 ], [ 150.554791410824919, -34.901775351539754 ], [ 150.554823385321413, -34.901762093552541 ], [ 150.554854229629484, -34.901747133362719 ], [ 150.55488382105105, -34.901730549633882 ], [ 150.554905944721696, -34.901716538932469 ], [ 150.554923549287594, -34.901704778389856 ], [ 150.554946075460549, -34.901691215701398 ], [ 150.554973819264376, -34.901673358840632 ], [ 150.555000532393791, -34.901653727862772 ], [ 150.555025622383738, -34.901632708393215 ], [ 150.555038422707213, -34.901620857445359 ], [ 150.555056450262782, -34.901603539701036 ], [ 150.555064095919846, -34.901596036474743 ], [ 150.555088047490074, -34.901572004793117 ], [ 150.555114088384585, -34.90154976491732 ], [ 150.55511764687958, -34.901546698510543 ], [ 150.555124119116073, -34.901542862294058 ], [ 150.555152338545241, -34.901524719279799 ], [ 150.555179050223501, -34.901505097245803 ], [ 150.555198125734336, -34.901489374542628 ], [ 150.555216779863883, -34.901473212451357 ], [ 150.555230172568685, -34.901462711190369 ], [ 150.555233309846727, -34.901460233077877 ], [ 150.555246585833686, -34.901449645628915 ], [ 150.555268582033477, -34.901431072640932 ], [ 150.555291961057918, -34.901408743995447 ], [ 150.555313510357877, -34.901385203901988 ], [ 150.555333150366096, -34.901360552626713 ], [ 150.555350782684741, -34.90133489817007 ], [ 150.555366345057251, -34.901308347456812 ], [ 150.555379773040187, -34.901281007367686 ], [ 150.555386611932533, -34.901264693110541 ], [ 150.555399179797803, -34.901246433377501 ], [ 150.555407866548819, -34.901233301546256 ], [ 150.555423427815327, -34.901206749900787 ], [ 150.555436855761116, -34.901179409803454 ], [ 150.555448078553781, -34.901151415931892 ], [ 150.555457051488105, -34.901122873760983 ], [ 150.555463738206896, -34.901093902455543 ], [ 150.555468113981505, -34.901064634936418 ], [ 150.555470112731712, -34.901011613538657 ], [ 150.555469987189298, -34.901007876208354 ], [ 150.555473581772048, -34.900974583214698 ], [ 150.555475562873596, -34.90094566595603 ], [ 150.55547526727031, -34.900916183632781 ], [ 150.555474585862129, -34.90090860836208 ], [ 150.555485136395021, -34.900887122214712 ], [ 150.555496359419493, -34.90085911842484 ], [ 150.555499954279156, -34.900848586735222 ], [ 150.555518393867544, -34.900791933303644 ], [ 150.555523010167605, -34.900776695743147 ], [ 150.555531283320363, -34.900759242929269 ], [ 150.555542507135812, -34.90073124816459 ], [ 150.555551480223585, -34.900702697873228 ], [ 150.55555817646794, -34.900673734864434 ], [ 150.555558273657141, -34.900673187822896 ], [ 150.555568673683638, -34.900618060158735 ], [ 150.555572947849157, -34.900589338683766 ], [ 150.555574383739867, -34.900572720068936 ], [ 150.555576651748623, -34.90053751899962 ], [ 150.555577251445186, -34.90052470941113 ], [ 150.555576956064925, -34.900495218075463 ], [ 150.5555743120579, -34.900465816502738 ], [ 150.555571308676093, -34.900446543865186 ], [ 150.555564540366333, -34.900409585183567 ], [ 150.555563178770001, -34.900402512769688 ], [ 150.555561054021325, -34.900392024641292 ], [ 150.5555605879116, -34.900381689785426 ], [ 150.555560507037143, -34.900379914959814 ], [ 150.555557863330989, -34.900350503476339 ], [ 150.555552897084112, -34.900321298570432 ], [ 150.555545627283607, -34.90029243494353 ], [ 150.555536071797832, -34.900264011215398 ], [ 150.555524293168503, -34.90023616927396 ], [ 150.555510318571322, -34.900209025955533 ], [ 150.555494227965767, -34.900182689242342 ], [ 150.555476076932422, -34.90015727744359 ], [ 150.555455943349898, -34.900132894893567 ], [ 150.555433919152193, -34.900109651618195 ], [ 150.555410102141423, -34.900087644239356 ], [ 150.555384581237377, -34.900066973707524 ], [ 150.555357482381226, -34.900047710166653 ], [ 150.555328905480877, -34.900029952985406 ], [ 150.55529898386439, -34.90001378147123 ], [ 150.555279899454547, -34.900004611637414 ], [ 150.555247664578019, -34.899989847632881 ], [ 150.555226169483291, -34.899974779614155 ], [ 150.555197592397036, -34.899957030512446 ], [ 150.555167671074372, -34.899940850859473 ], [ 150.555136530067728, -34.89992632068769 ], [ 150.555104295557101, -34.899913502032938 ], [ 150.555071119354324, -34.899902441220554 ], [ 150.555052106671241, -34.89989701661429 ], [ 150.55502373560094, -34.89988940688405 ], [ 150.555008756918596, -34.899885578840795 ], [ 150.554974111937241, -34.899878184480436 ], [ 150.554938946158103, -34.899872670918768 ], [ 150.554905914204113, -34.899869255656149 ], [ 150.554902167135623, -34.89986735565256 ], [ 150.554884507736944, -34.899858840063366 ], [ 150.554845442426256, -34.89984081306104 ], [ 150.554831960902249, -34.899834798409159 ], [ 150.554799734400802, -34.899821970821563 ], [ 150.55476656022671, -34.899810918081457 ], [ 150.554732567761221, -34.899801668033689 ], [ 150.554697922871043, -34.899794272695971 ], [ 150.554662765631832, -34.899788768241969 ], [ 150.55462777003288, -34.899785192578626 ], [ 150.554571798577655, -34.899780997222017 ], [ 150.554571278801774, -34.899780961517216 ], [ 150.554562906670924, -34.899780387315587 ], [ 150.554535539673424, -34.899767739519397 ], [ 150.55450331519512, -34.899754920008398 ], [ 150.554470139145593, -34.899743859037535 ], [ 150.554436155253484, -34.899734617193744 ], [ 150.554425122260653, -34.899732044035041 ], [ 150.554398714092599, -34.899726137797671 ], [ 150.55438156600249, -34.899702230760781 ], [ 150.554361432831143, -34.89967784894656 ], [ 150.554345082098877, -34.899660298018759 ], [ 150.554326418680091, -34.899641257269266 ], [ 150.554304717780212, -34.899612662850501 ], [ 150.554280488047482, -34.899577139273966 ], [ 150.554265733594207, -34.899556790749855 ], [ 150.554245609266218, -34.899532408193977 ], [ 150.554236475700037, -34.899522387427403 ], [ 150.554233902315104, -34.899519652831685 ], [ 150.5542238547132, -34.899502747139977 ], [ 150.554212934928614, -34.899485365938808 ], [ 150.554209538648138, -34.899480309707663 ], [ 150.554196128169394, -34.899460652620583 ], [ 150.554191476369027, -34.899451186344798 ], [ 150.554180764142075, -34.899430829049443 ], [ 150.554164672988691, -34.899404493059805 ], [ 150.554153289058348, -34.899388115764275 ], [ 150.554107386015517, -34.899325179192466 ], [ 150.554100617314305, -34.899316144465367 ], [ 150.554080494184802, -34.89929176190774 ], [ 150.554077239458991, -34.899288168008354 ], [ 150.554087449785357, -34.89927527788997 ], [ 150.554105082021607, -34.899249622702868 ], [ 150.554120643257335, -34.899223072119327 ], [ 150.554134071289809, -34.899195731261543 ], [ 150.554134339666774, -34.899195130875135 ], [ 150.554137226931402, -34.899190640174382 ], [ 150.554152796919681, -34.899164088860786 ], [ 150.554166216182665, -34.899136747822233 ], [ 150.554177439079211, -34.899108754065956 ], [ 150.55418641242278, -34.899080203880821 ], [ 150.554193108975625, -34.899051240954741 ], [ 150.554197482832166, -34.899021974343562 ], [ 150.55419855848325, -34.899010536472467 ], [ 150.554200890213139, -34.898980766289469 ], [ 150.554201857394276, -34.898962767114895 ], [ 150.554201974427315, -34.898946094920269 ], [ 150.554201204467148, -34.898895250749447 ], [ 150.554203382535547, -34.898857602201559 ], [ 150.554203839724153, -34.898847131779618 ], [ 150.554203543684707, -34.898817641332769 ], [ 150.554200908961718, -34.898788239020497 ], [ 150.554195942165961, -34.898759034054088 ], [ 150.554188672950119, -34.898730170364608 ], [ 150.55418269377401, -34.898711561665486 ], [ 150.554168020246578, -34.898669529820353 ], [ 150.55416444240268, -34.898659713759493 ], [ 150.554152655692945, -34.898631871530881 ], [ 150.55413868945169, -34.898604728232179 ], [ 150.554122589949628, -34.898578383956398 ], [ 150.554104447383025, -34.898552970330933 ], [ 150.554084314289241, -34.898528597490952 ], [ 150.554062289774549, -34.898505354873912 ], [ 150.554046083510627, -34.898490062304319 ], [ 150.554012253578492, -34.898459566712326 ], [ 150.554004632936056, -34.898452844233525 ], [ 150.553979122752253, -34.898432172734033 ], [ 150.553952015742681, -34.898412917743848 ], [ 150.553937242345256, -34.898403434258611 ], [ 150.553897442448374, -34.898378774459829 ], [ 150.553883647209517, -34.898370509623973 ], [ 150.553853725628159, -34.898354329655895 ], [ 150.553822584362763, -34.898339799156062 ], [ 150.553790349857081, -34.898326971152258 ], [ 150.553757174211086, -34.898315919021321 ], [ 150.553723191230773, -34.898306668895323 ], [ 150.553688545975575, -34.898299273275718 ], [ 150.553682853767583, -34.898298251765098 ], [ 150.553601129491426, -34.898283890708946 ], [ 150.553571664308294, -34.898279400252314 ], [ 150.553536140658451, -34.898275796525617 ], [ 150.553522667419685, -34.898274935623462 ], [ 150.553488747663039, -34.898273107633109 ], [ 150.553459946826251, -34.898263632761811 ], [ 150.553425963932341, -34.898254381653871 ], [ 150.553391318703973, -34.898246986852349 ], [ 150.553387750091019, -34.898246340741245 ], [ 150.553329994874957, -34.89823599692091 ], [ 150.553328696458294, -34.898235763431025 ], [ 150.553326428423389, -34.898235351753037 ], [ 150.553286520639432, -34.89822805466293 ], [ 150.55325266369104, -34.898222783343229 ], [ 150.553217147980348, -34.898219171570517 ], [ 150.553181417570357, -34.898217485516945 ], [ 150.553145624216711, -34.898217736352201 ], [ 150.553138704462214, -34.898218149575726 ], [ 150.553124720488938, -34.89817498753461 ], [ 150.553118346983382, -34.898156845019713 ], [ 150.553106559601332, -34.898129002683071 ], [ 150.55309891360622, -34.898114141139416 ], [ 150.553107751101408, -34.898099063519695 ], [ 150.553121170214979, -34.89807173250977 ], [ 150.5531237530422, -34.898065296632041 ], [ 150.553127186269734, -34.898064310160308 ], [ 150.553160137278667, -34.8980528003733 ], [ 150.55319210287567, -34.898039542605119 ], [ 150.553211089262049, -34.898030605594343 ], [ 150.553216502874648, -34.898029547225541 ], [ 150.553250996959179, -34.898021677090256 ], [ 150.553284790592897, -34.898011969156975 ], [ 150.553317742654542, -34.898000459347323 ], [ 150.553333339952587, -34.897994265752857 ], [ 150.553366265008293, -34.897984771981299 ], [ 150.553399215928579, -34.897973263027467 ], [ 150.553431182552856, -34.897960005215339 ], [ 150.553434113524901, -34.897958687694945 ], [ 150.553436120947367, -34.89795792581284 ], [ 150.553445810934448, -34.897954125637312 ], [ 150.553456146469841, -34.897950288881056 ], [ 150.553488112009944, -34.897937030130194 ], [ 150.553518957011988, -34.897922078374151 ], [ 150.553548547235039, -34.897905495816389 ], [ 150.553576767081694, -34.897887343232938 ], [ 150.553603478975418, -34.897867721523596 ], [ 150.553628570332819, -34.897846700539979 ], [ 150.553651947612508, -34.89782437215257 ], [ 150.553661834691326, -34.897813964523188 ], [ 150.553670995619285, -34.897804023656597 ], [ 150.553682667397226, -34.897790882639349 ], [ 150.5537004433844, -34.897768562241957 ], [ 150.553719554711108, -34.897767396561576 ], [ 150.55373997439014, -34.897765280929157 ], [ 150.553752308735085, -34.897763811099786 ], [ 150.553767332109715, -34.897761839209139 ], [ 150.553802372251539, -34.897755842353 ], [ 150.553836866174123, -34.897747972043824 ], [ 150.553864286181607, -34.897740254065013 ], [ 150.553892648377939, -34.897733638622704 ], [ 150.553926443987081, -34.897723931447345 ], [ 150.553959394758635, -34.897712421432516 ], [ 150.553991360104561, -34.897699163442418 ], [ 150.554022206024939, -34.897684211572518 ], [ 150.554051795266332, -34.897667618951452 ], [ 150.554053866261654, -34.897666373346148 ], [ 150.55406049945617, -34.897662966816725 ], [ 150.554090089508804, -34.897646383217008 ], [ 150.55411830010965, -34.897628240232507 ], [ 150.554145011793963, -34.897608618394415 ], [ 150.554170103204342, -34.897587588279698 ], [ 150.55419348135942, -34.897565259800018 ], [ 150.554215029862348, -34.897541720760259 ], [ 150.554219324492664, -34.897536628260113 ], [ 150.554225876389268, -34.897528731648173 ], [ 150.554241223309276, -34.897509172154308 ], [ 150.554258855060851, -34.897483517821378 ], [ 150.554274416200599, -34.897456956383962 ], [ 150.554287844659058, -34.897429625420202 ], [ 150.554299068340555, -34.897401631656173 ], [ 150.554303684872139, -34.897387898699769 ], [ 150.554310532496601, -34.897373313694338 ], [ 150.55432175616167, -34.897345319927332 ], [ 150.554330532406567, -34.897317540117264 ], [ 150.554343977706793, -34.897290156298027 ], [ 150.554355201641584, -34.897262152616342 ], [ 150.554364183165006, -34.89723361158476 ], [ 150.55437087071823, -34.897204648455926 ], [ 150.554371031200674, -34.89720359065241 ], [ 150.554379099346278, -34.89719765641361 ], [ 150.554380381921504, -34.897196652751397 ], [ 150.554386467364168, -34.897192529321856 ], [ 150.554413180201379, -34.89717289842762 ], [ 150.55443614596058, -34.897153769938143 ], [ 150.554443273089305, -34.897147467880671 ], [ 150.554445397121526, -34.897145576979362 ], [ 150.554468775125969, -34.897123246635012 ], [ 150.554490324523499, -34.897099707558802 ], [ 150.554509955988891, -34.897075057115558 ], [ 150.554527597426272, -34.897049402031776 ], [ 150.554543158364282, -34.897022841452156 ], [ 150.554556577881158, -34.896995511175078 ], [ 150.55456182087363, -34.896983194411931 ], [ 150.554564161799448, -34.89697742072034 ], [ 150.55457014918457, -34.896961733908199 ], [ 150.554572731711403, -34.896953532002662 ], [ 150.554576155738999, -34.896947688163486 ], [ 150.554589574431816, -34.896920347949205 ], [ 150.554600797959296, -34.896892353247082 ], [ 150.554609770869831, -34.896863803005097 ], [ 150.554616467047595, -34.89683484003239 ], [ 150.55462041052067, -34.896809302237621 ], [ 150.554624892454882, -34.896794090844324 ], [ 150.554631588620225, -34.896765127870019 ], [ 150.554635964364792, -34.896735860364636 ], [ 150.554638006962222, -34.896706422391858 ], [ 150.554637712648059, -34.896676940983852 ], [ 150.554635075871545, -34.896647529614633 ], [ 150.554630110923313, -34.896618333708979 ], [ 150.55462821920284, -34.896609845215451 ], [ 150.554628748834006, -34.89659814663549 ], [ 150.554628452601293, -34.896568656173777 ], [ 150.554625816655545, -34.896539253835506 ], [ 150.55462573690815, -34.896538769941827 ], [ 150.554633418682641, -34.896533132604397 ], [ 150.554658518111125, -34.896512111552035 ], [ 150.554681887335903, -34.896489773771115 ], [ 150.554684854247682, -34.896486725211197 ], [ 150.554695602449499, -34.896476085114841 ], [ 150.554698254497566, -34.896473360156037 ], [ 150.554703624689182, -34.896467784460889 ], [ 150.554722521525946, -34.896446979299611 ], [ 150.554742151930412, -34.896422319775738 ], [ 150.55475979314545, -34.896396664646915 ], [ 150.55477535467395, -34.896370113958994 ], [ 150.554788774049342, -34.896342781844126 ], [ 150.554793480860241, -34.896331460320532 ], [ 150.554816669091082, -34.896340684872108 ], [ 150.554849844944272, -34.896351745721049 ], [ 150.55488382861148, -34.89636098741979 ], [ 150.554918473163838, -34.896368383572025 ], [ 150.554953630952696, -34.896373895146496 ], [ 150.55498914510045, -34.896377499152898 ], [ 150.555018153030261, -34.896379014201841 ], [ 150.555039998773339, -34.896379677439946 ], [ 150.555046730369156, -34.896379848078311 ], [ 150.555082515004415, -34.896379606405361 ], [ 150.555118209366327, -34.896377427440825 ], [ 150.555153652840829, -34.896373340405404 ], [ 150.555188693403153, -34.896367343141215 ], [ 150.555223186361076, -34.896359481416276 ], [ 150.55525697168838, -34.896349764631246 ], [ 150.555289923895259, -34.896338255167372 ], [ 150.555299488123183, -34.896334517212324 ], [ 150.555324712781868, -34.896325651305631 ], [ 150.555355978518463, -34.896318435861161 ], [ 150.555380271779029, -34.896311461422734 ], [ 150.555390588828288, -34.89631879428503 ], [ 150.55541916557155, -34.896336552331753 ], [ 150.555449088109299, -34.89635272381485 ], [ 150.555480220209546, -34.896367253706501 ], [ 150.55551245425778, -34.896380081244516 ], [ 150.555545629378344, -34.896391133777364 ], [ 150.555579612884429, -34.896400384294544 ], [ 150.555588656864785, -34.896402311527979 ], [ 150.555606863190064, -34.896408263399863 ], [ 150.555640845884568, -34.896417504869106 ], [ 150.555661336952653, -34.896422122548152 ], [ 150.555677624674303, -34.896425509875364 ], [ 150.555691778237673, -34.896428289035356 ], [ 150.55572693606382, -34.896433802190927 ], [ 150.555762460153005, -34.896437405270625 ], [ 150.55579818989267, -34.896439090535203 ], [ 150.555833974591678, -34.896438847740797 ], [ 150.555869668652576, -34.896436679366829 ], [ 150.55588722131688, -34.896434895118539 ], [ 150.555903965252412, -34.896432968390478 ], [ 150.555905291747933, -34.896432807571699 ], [ 150.555926213807226, -34.896431301150066 ], [ 150.555961657306085, -34.896427212977137 ], [ 150.555982024228655, -34.896423726558076 ], [ 150.556034499100605, -34.896425142846503 ], [ 150.556039035529096, -34.896425250336641 ], [ 150.556074819105532, -34.896425008349908 ], [ 150.556110513452097, -34.896422829994307 ], [ 150.556145956941435, -34.896418741767029 ], [ 150.556180997441857, -34.896412745115249 ], [ 150.556215481833931, -34.896404874820895 ], [ 150.556249276654484, -34.896395166963032 ], [ 150.556282227664298, -34.896383657202918 ], [ 150.556314193185528, -34.896370400385599 ], [ 150.556345038475428, -34.896355438875069 ], [ 150.556374628683614, -34.896338855599687 ], [ 150.556393282010418, -34.896327139340478 ], [ 150.556515597124928, -34.896246804655256 ], [ 150.556525152084163, -34.896240386333041 ], [ 150.556551865184957, -34.896220755854451 ], [ 150.55656958730745, -34.896206197419872 ], [ 150.556639783849391, -34.89614583487851 ], [ 150.556647161672828, -34.896139371856123 ], [ 150.556670530003203, -34.896117042673801 ], [ 150.556692079875432, -34.896093494178857 ], [ 150.556710438406327, -34.896070563910541 ], [ 150.556762294740452, -34.89600126391516 ], [ 150.556763576645949, -34.895999542639608 ], [ 150.55678120837652, -34.8959738879106 ], [ 150.556787913703403, -34.895962978805088 ], [ 150.556824209549887, -34.895901934344543 ], [ 150.55683305653298, -34.89588628328238 ], [ 150.556846485232825, -34.895858942996014 ], [ 150.556856623724627, -34.895833933558478 ], [ 150.556867936456456, -34.895803043979981 ], [ 150.556869020570815, -34.895800058464374 ], [ 150.556877993363656, -34.895771517944873 ], [ 150.55688468098532, -34.895742554651662 ], [ 150.556889055831533, -34.895713287926107 ], [ 150.556891099765835, -34.895683849920466 ], [ 150.556890803826747, -34.895654358547858 ], [ 150.556888168146969, -34.895624957145358 ], [ 150.556883201607832, -34.895595752265478 ], [ 150.55687592426483, -34.89556687953246 ], [ 150.556866377269898, -34.895538464176973 ], [ 150.556854588946493, -34.895510621255397 ], [ 150.55684062444945, -34.895483478283865 ], [ 150.556824524370342, -34.895457142451988 ], [ 150.556822050191897, -34.895453682415976 ], [ 150.556828253413556, -34.895434015301866 ], [ 150.556844049019134, -34.895376378086915 ], [ 150.556844200359251, -34.895375812300237 ], [ 150.55685088707213, -34.895346841776835 ], [ 150.556855262753942, -34.895317583180812 ], [ 150.556856929999867, -34.89529365822748 ], [ 150.556878201350486, -34.895278024443307 ], [ 150.556883902645779, -34.895273489295654 ], [ 150.556894882377748, -34.895265618471235 ], [ 150.556908418672975, -34.89526223070731 ], [ 150.556912371973283, -34.895261226637771 ], [ 150.556946166246433, -34.895251518561423 ], [ 150.556979109022393, -34.895240009334223 ], [ 150.557011075374987, -34.895226742419787 ], [ 150.557041919841595, -34.895211789716029 ], [ 150.557071510562054, -34.895195207168072 ], [ 150.557099719650154, -34.895177064323057 ], [ 150.557126432288385, -34.895157432794029 ], [ 150.557151521897566, -34.895136411903245 ], [ 150.557174900730985, -34.895114082822936 ], [ 150.557196451011464, -34.895090543249445 ], [ 150.557216081419057, -34.895065884199376 ], [ 150.557233713888763, -34.895040229408934 ], [ 150.557249274383508, -34.895013677453946 ], [ 150.557262695107227, -34.894986337853375 ], [ 150.557273917411607, -34.894958343748385 ], [ 150.557282890276895, -34.894929792374505 ], [ 150.55728958636567, -34.89490083102438 ], [ 150.557291048251329, -34.894892108904614 ], [ 150.557303436539968, -34.894889983514162 ], [ 150.557337928919424, -34.894882113945187 ], [ 150.557352397425177, -34.894878205791841 ], [ 150.557381871261498, -34.894869626808394 ], [ 150.557414822602425, -34.8948581167284 ], [ 150.557446788713349, -34.894844850590381 ], [ 150.557477632933796, -34.894829898666814 ], [ 150.557507223457947, -34.894813315101452 ], [ 150.557515890974656, -34.894808000286666 ], [ 150.557564620010709, -34.894777486075661 ], [ 150.557578809670559, -34.894768288746057 ], [ 150.557589001314454, -34.894761458539193 ], [ 150.55759435407839, -34.894757827739909 ], [ 150.557621056328713, -34.894738205802774 ], [ 150.557646156858709, -34.894717176909317 ], [ 150.557669525596822, -34.894694847524015 ], [ 150.557672465503515, -34.894691818176035 ], [ 150.557689578013736, -34.894674033550928 ], [ 150.557708187006142, -34.894653524101678 ], [ 150.557724224587872, -34.894633649878443 ], [ 150.557737123542807, -34.894616717170521 ], [ 150.557740718320645, -34.89461193139126 ], [ 150.557746401531034, -34.894604087425243 ], [ 150.557754038621056, -34.894593295251539 ], [ 150.557765987639328, -34.894575483436512 ], [ 150.557781548936703, -34.894548932323623 ], [ 150.557794968308883, -34.894521592629879 ], [ 150.557802901509518, -34.894502463257538 ], [ 150.557825131643227, -34.89448370152369 ], [ 150.55784851010614, -34.894461372296227 ], [ 150.557869440308423, -34.89443854942121 ], [ 150.557889331839476, -34.894415368511176 ], [ 150.557897731301978, -34.894408019059419 ], [ 150.557921109723367, -34.894385689816033 ], [ 150.557942658502185, -34.894362150068822 ], [ 150.557962289627227, -34.894337490000026 ], [ 150.5579799216749, -34.89431183598326 ], [ 150.557995483970188, -34.894285283958027 ], [ 150.558008903224618, -34.89425794423483 ], [ 150.558020126258924, -34.894229950065196 ], [ 150.55802909984115, -34.89420139954197 ], [ 150.55803578687437, -34.894172437057428 ], [ 150.558040169971406, -34.894143169538033 ], [ 150.558042204648132, -34.894113732212546 ], [ 150.558042204147796, -34.89411286227935 ], [ 150.558042258107008, -34.894112037613112 ], [ 150.558043514118964, -34.894061821869137 ], [ 150.558043280888285, -34.894036516390514 ], [ 150.558045315664856, -34.894007186341987 ], [ 150.558045396422386, -34.893988532846549 ], [ 150.558044841057495, -34.893961469327053 ], [ 150.558044454849295, -34.893950642063814 ], [ 150.558043272293418, -34.893934192521776 ], [ 150.558042814812211, -34.89391380008 ], [ 150.558040770906672, -34.893889193808356 ], [ 150.558035213206779, -34.893841550033599 ], [ 150.558035885854224, -34.893840412371077 ], [ 150.558041757801249, -34.893832657822536 ], [ 150.558059389733984, -34.893807002885843 ], [ 150.558074951845697, -34.893780452645295 ], [ 150.558088371008552, -34.893753112005804 ], [ 150.558093891870243, -34.893740105617063 ], [ 150.558115227056732, -34.893687262706251 ], [ 150.558309329423338, -34.893714111073024 ], [ 150.557645289770988, -34.897010990042411 ], [ 150.557414464701679, -34.898125389590312 ], [ 150.557288051911712, -34.898735647259642 ], [ 150.557109495794862, -34.899597559084256 ], [ 150.556990157329921, -34.900188131476526 ], [ 150.55687247505341, -34.900770528158162 ], [ 150.556616442198475, -34.902037610073734 ] ] ] ] } },
{ "type": "Feature", "properties": { "OBJECTID": 320, "Comments": "Downloaded from SEED Map Service 20250513", "FSource": "https://mapprod3.environment.nsw.gov.au/arcgis/rest/services/Planning/EPI_Primary_Planning_Layers/MapServer/2", "SourceDate": 20250513.0, "Supplier": "DOP", "EPI_NAME": "Shoalhaven Local Environmental Plan 2014", "LGA_NAME": "SHOALHAVEN", "PUBLISHED_DATE": "20140408000000", "COMMENCED_DATE": "20140422000000", "CURRENCY_DATE": "20240823000000", "AMENDMENT": null, "MAP_TYPE": "LZN", "MAP_NAME": "Land Zoning Map", "LAY_NAME": "Zone", "LAY_CLASS": "General Residential", "PCO_REF_KEY": "2014-179", "EPI_TYPE": "LEP", "SYM_CODE": "R1", "PURPOSE": null, "arcgisonline_objectid": 586269.0, "arcgisonline_type": "arcgisonline_polygon", "multi_reader_type": "ARCGISFEATURES", "SHAPE_Length": 845.53430116059428, "SHAPE_Area": 28104.184275289281 }, "geometry": { "type": "MultiPolygon", "coordinates": [ [ [ [ 150.585430100940727, -34.893605781413825 ], [ 150.585372730194024, -34.893892251501519 ], [ 150.585334435190333, -34.894083461662824 ], [ 150.585306422903443, -34.8942233529365 ], [ 150.585267644445111, -34.894416974830463 ], [ 150.585233174949479, -34.894588346357139 ], [ 150.585200072837722, -34.894583722771912 ], [ 150.585016974196918, -34.894554589277945 ], [ 150.585030061539328, -34.894489260385434 ], [ 150.585050625276978, -34.894387268133109 ], [ 150.58506213527221, -34.894329172914873 ], [ 150.585090784297932, -34.894186645814983 ], [ 150.584913054377608, -34.894162219158254 ], [ 150.584974154806417, -34.893859900618494 ], [ 150.584801400364825, -34.893836154174309 ], [ 150.584628726717426, -34.89381241720568 ], [ 150.584456062998896, -34.893788681092104 ], [ 150.584283398036774, -34.893764953724798 ], [ 150.584110733452462, -34.893741217106367 ], [ 150.583938068982008, -34.893717480246373 ], [ 150.583918276069681, -34.893714764402503 ], [ 150.583977850886527, -34.893420002037331 ], [ 150.583892541086669, -34.893411880605754 ], [ 150.583304655555395, -34.893354430190492 ], [ 150.583353823758074, -34.893111166475549 ], [ 150.583377815027887, -34.892992474260886 ], [ 150.58340449764313, -34.892860453992199 ], [ 150.583455987738887, -34.892605733497447 ], [ 150.58364818514778, -34.892587562914535 ], [ 150.583756783693474, -34.892577291405182 ], [ 150.583954762080054, -34.892558565508061 ], [ 150.584199292065989, -34.892535439016683 ], [ 150.584683903870911, -34.892489606350892 ], [ 150.585444902189153, -34.892417634838928 ], [ 150.585706438980338, -34.892385770783349 ], [ 150.585668017551171, -34.892416863799951 ], [ 150.585592045873625, -34.892796389433776 ], [ 150.58557604517614, -34.892876499801694 ], [ 150.585492400928757, -34.893294508531135 ], [ 150.585477744129292, -34.893367760973781 ], [ 150.585463034489578, -34.893441247649818 ], [ 150.585430100940727, -34.893605781413825 ] ] ] ] } },
{ "type": "Feature", "properties": { "OBJECTID": 331, "Comments": "Downloaded from SEED Map Service 20250513", "FSource": "https://mapprod3.environment.nsw.gov.au/arcgis/rest/services/Planning/EPI_Primary_Planning_Layers/MapServer/2", "SourceDate": 20250513.0, "Supplier": "DOP", "EPI_NAME": "Shoalhaven Local Environmental Plan 2014", "LGA_NAME": "SHOALHAVEN", "PUBLISHED_DATE": "20140408000000", "COMMENCED_DATE": "20140422000000", "CURRENCY_DATE": "20240823000000", "AMENDMENT": null, "MAP_TYPE": "LZN", "MAP_NAME": "Land Zoning Map", "LAY_NAME": "Zone", "LAY_CLASS": "General Residential", "PCO_REF_KEY": "2014-179", "EPI_TYPE": "LEP", "SYM_CODE": "R1", "PURPOSE": null, "arcgisonline_objectid": 586399.0, "arcgisonline_type": "arcgisonline_polygon", "multi_reader_type": "ARCGISFEATURES", "SHAPE_Length": 2234.5439489839332, "SHAPE_Area": 193165.14488983157 }, "geometry": { "type": "MultiPolygon", "coordinates": [ [ [ [ 150.552628767011271, -34.888588709777686 ], [ 150.552681744432704, -34.88859370286437 ], [ 150.552691553345085, -34.888549756161929 ], [ 150.552909321470679, -34.888583008683327 ], [ 150.55715882837498, -34.889167249751445 ], [ 150.556953549759868, -34.890160640259616 ], [ 150.555582249102969, -34.889955542543568 ], [ 150.55536947682063, -34.890943199816192 ], [ 150.553669771843033, -34.890711312947772 ], [ 150.552504172630307, -34.890556537193362 ], [ 150.5522616557719, -34.891737867278884 ], [ 150.552035618112399, -34.891733114570521 ], [ 150.55119864203877, -34.89171569875996 ], [ 150.550017519943452, -34.891961956136896 ], [ 150.549238803816593, -34.892128632133655 ], [ 150.548776894135443, -34.892220818150349 ], [ 150.548806127017144, -34.892092930062631 ], [ 150.548814365357515, -34.892052770698122 ], [ 150.548825328590766, -34.891999337133257 ], [ 150.54897571037219, -34.891266327547072 ], [ 150.549253499400606, -34.889912726458157 ], [ 150.549328332382601, -34.889548080986131 ], [ 150.549611631008474, -34.88816766083378 ], [ 150.551269614336633, -34.888399428584997 ], [ 150.552628767011271, -34.888588709777686 ] ] ] ] } },
{ "type": "Feature", "properties": { "OBJECTID": 352, "Comments": "Downloaded from SEED Map Service 20250513", "FSource": "https://mapprod3.environment.nsw.gov.au/arcgis/rest/services/Planning/EPI_Primary_Planning_Layers/MapServer/2", "SourceDate": 20250513.0, "Supplier": "DOP", "EPI_NAME": "Shoalhaven Local Environmental Plan 2014", "LGA_NAME": "SHOALHAVEN", "PUBLISHED_DATE": "20140408000000", "COMMENCED_DATE": "20140422000000", "CURRENCY_DATE": "20240823000000", "AMENDMENT": null, "MAP_TYPE": "LZN", "MAP_NAME": "Land Zoning Map", "LAY_NAME": "Zone", "LAY_CLASS": "General Residential", "PCO_REF_KEY": "2014-179", "EPI_TYPE": "LEP", "SYM_CODE": "R1", "PURPOSE": null, "arcgisonline_objectid": 586430.0, "arcgisonline_type": "arcgisonline_polygon", "multi_reader_type": "ARCGISFEATURES", "SHAPE_Length": 310.73380423121802, "SHAPE_Area": 5290.1535517168913 }, "geometry": { "type": "MultiPolygon", "coordinates": [ [ [ [ 150.625911556736042, -34.895469201499708 ], [ 150.625908275204807, -34.895466736704101 ], [ 150.625897357418921, -34.895459412394999 ], [ 150.625862962475367, -34.895434905746505 ], [ 150.625855494911661, -34.895430001748167 ], [ 150.625847974603857, -34.89542514359615 ], [ 150.625840399965597, -34.895420348387709 ], [ 150.625832780864641, -34.895415615414223 ], [ 150.625825098944262, -34.895410936203518 ], [ 150.625817371701089, -34.895406311097517 ], [ 150.625809591246878, -34.895401748055484 ], [ 150.625801755628032, -34.895397238925788 ], [ 150.625793876614011, -34.895392792953345 ], [ 150.62578595227717, -34.895388401085569 ], [ 150.625777974469912, -34.895384080291528 ], [ 150.625769951599153, -34.895379804592309 ], [ 150.625761885099791, -34.895375600159142 ], [ 150.625753762316236, -34.895371450517885 ], [ 150.625745596189375, -34.895367362231852 ], [ 150.625737394322073, -34.895363337252611 ], [ 150.625729138124171, -34.895359375216813 ], [ 150.625720847279354, -34.895355476509152 ], [ 150.625712510878145, -34.89535164001493 ], [ 150.625704129154002, -34.895347857625275 ], [ 150.625695712575379, -34.895344145771602 ], [ 150.625687250388467, -34.895340497933304 ], [ 150.625678743738661, -34.895336912329746 ], [ 150.62567020900309, -34.895333390182522 ], [ 150.625661629830518, -34.895329929369062 ], [ 150.625653007262628, -34.895326531712676 ], [ 150.625644357443008, -34.8953232065438 ], [ 150.625635662066941, -34.895319943588269 ], [ 150.625626939698549, -34.895316744110382 ], [ 150.625618181641357, -34.895313606137194 ], [ 150.625609378809912, -34.895310541210492 ], [ 150.62560055013148, -34.895307537980834 ], [ 150.625591694227211, -34.895304606337632 ], [ 150.625582800395136, -34.895301737958306 ], [ 150.625573873035393, -34.895298932027387 ], [ 150.625564917330252, -34.895296198562512 ], [ 150.625555935752089, -34.895293527695607 ], [ 150.625546918225666, -34.895290927343183 ], [ 150.625537873447314, -34.895288399478147 ], [ 150.625528801702387, -34.895285934189715 ], [ 150.625519704058433, -34.8952835324002 ], [ 150.625510586869154, -34.895281201445748 ], [ 150.625501434773128, -34.89527894282903 ], [ 150.625492264199352, -34.895276755969689 ], [ 150.625483067752384, -34.895274631708283 ], [ 150.625473842985798, -34.895272579011881 ], [ 150.625250281001456, -34.895223663868279 ], [ 150.625244588956292, -34.895222381568807 ], [ 150.625238923878641, -34.895221036691908 ], [ 150.625233276994351, -34.895219629967578 ], [ 150.625227665017775, -34.895218150904633 ], [ 150.625222071260538, -34.895216609093275 ], [ 150.625216504496819, -34.895215003803528 ], [ 150.625210964674778, -34.895213336837365 ], [ 150.625205452105774, -34.895211597382968 ], [ 150.625199974993194, -34.895209804532023 ], [ 150.625194523988228, -34.895207940973471 ], [ 150.625189110912231, -34.895206014150297 ], [ 150.625183732484572, -34.895204023998403 ], [ 150.625178380765135, -34.895201980278948 ], [ 150.625173065047051, -34.895199864242308 ], [ 150.625167794627288, -34.895197695001542 ], [ 150.62516255882997, -34.895195463333039 ], [ 150.625157359868098, -34.895193168378583 ], [ 150.625152197715749, -34.89519081103915 ], [ 150.62514707872657, -34.895188398650873 ], [ 150.625142005269282, -34.895185924949644 ], [ 150.625136967553942, -34.895183387941103 ], [ 150.625131974043427, -34.895180797707077 ], [ 150.625127035699052, -34.895178153560366 ], [ 150.625122130909574, -34.89517544606359 ], [ 150.625117282353813, -34.895172685576512 ], [ 150.625112476935328, -34.895169870941601 ], [ 150.625107717100633, -34.8951669931918 ], [ 150.625103011312603, -34.895164062408959 ], [ 150.625098359363705, -34.895161085800908 ], [ 150.625093750785595, -34.895158046936231 ], [ 150.625089198441174, -34.895154955081267 ], [ 150.625084697748861, -34.895151817358382 ], [ 150.625080252196739, -34.895148626623836 ], [ 150.62507585855613, -34.895145381011559 ], [ 150.625071529897525, -34.89514208258003 ], [ 150.625067253958548, -34.895138739202963 ], [ 150.625063032066265, -34.895135342792905 ], [ 150.625060379093441, -34.895133127354462 ], [ 150.625057787562383, -34.895130868042571 ], [ 150.625055259634195, -34.895128565800981 ], [ 150.6250527946045, -34.895126207093554 ], [ 150.625050401925961, -34.89512380562747 ], [ 150.625048070741059, -34.895121358485973 ], [ 150.625045811959154, -34.895118866783839 ], [ 150.625043624253237, -34.895116338608553 ], [ 150.625041499367995, -34.895113756670405 ], [ 150.625039456208611, -34.895111148383677 ], [ 150.625037484384677, -34.895108494613986 ], [ 150.625035592358984, -34.89510580544313 ], [ 150.625033772476797, -34.895103080721498 ], [ 150.625032024504662, -34.895100328557923 ], [ 150.625030357450242, -34.895097540113611 ], [ 150.62502877126164, -34.895094717190524 ], [ 150.625027256983032, -34.895091866825496 ], [ 150.625025831017439, -34.8950889893392 ], [ 150.62502447805528, -34.895086084432364 ], [ 150.625023213380189, -34.895083153305258 ], [ 150.625022030171436, -34.895080204839445 ], [ 150.625020927646858, -34.895077228201735 ], [ 150.625019905495066, -34.895074234203946 ], [ 150.625018973557815, -34.895071223038471 ], [ 150.625018120951779, -34.895068192689571 ], [ 150.62501735939432, -34.895065154204204 ], [ 150.62501667849503, -34.895062088447929 ], [ 150.625016086223809, -34.895059022621275 ], [ 150.625015576512396, -34.895055939477317 ], [ 150.625015154620826, -34.895052846330771 ], [ 150.625014823518427, -34.895049754057581 ], [ 150.625014572555244, -34.895046652533175 ], [ 150.625014410479451, -34.89504354192853 ], [ 150.625014330444515, -34.895040432026242 ], [ 150.625014347578229, -34.895037329432462 ], [ 150.625014445892788, -34.895034219410775 ], [ 150.625014633954692, -34.895031108439106 ], [ 150.62501490377204, -34.895028008080587 ], [ 150.625015262009754, -34.895024914859555 ], [ 150.625015710777006, -34.895021831521689 ], [ 150.625016239423928, -34.895018747942416 ], [ 150.625016857299272, -34.895015681432817 ], [ 150.625026323705811, -34.894971651109493 ], [ 150.625089115526151, -34.894851856272858 ], [ 150.625101109525218, -34.894827805495026 ], [ 150.625106783939117, -34.894815982494542 ], [ 150.625112511467194, -34.894804176758839 ], [ 150.625118294011116, -34.894792398241492 ], [ 150.625124128835125, -34.894780627957687 ], [ 150.625130359242348, -34.89476746899831 ], [ 150.625136526689886, -34.894754292580977 ], [ 150.625142621361874, -34.894741097612346 ], [ 150.625148645704911, -34.894727875125341 ], [ 150.625154607088319, -34.894714635180421 ], [ 150.625160495929777, -34.894701368575376 ], [ 150.625166313063431, -34.894688084341439 ], [ 150.625172059608786, -34.894674781599015 ], [ 150.625177733612304, -34.894661452196466 ], [ 150.625235084822691, -34.894633197308742 ], [ 150.625883569172714, -34.894721131651856 ], [ 150.625919649621807, -34.894762562451838 ], [ 150.625885129094002, -34.894935396790785 ], [ 150.625880566582794, -34.894958237035056 ], [ 150.625829740574062, -34.894988249639276 ], [ 150.625819133985004, -34.895041267245418 ], [ 150.625938366214911, -34.895057432453491 ], [ 150.625992329948815, -34.895064755938179 ], [ 150.625958626034787, -34.895233547739956 ], [ 150.625911556736042, -34.895469201499708 ] ] ] ] } },
{ "type": "Feature", "properties": { "OBJECTID": 353, "Comments": "Downloaded from SEED Map Service 20250513", "FSource": "https://mapprod3.environment.nsw.gov.au/arcgis/rest/services/Planning/EPI_Primary_Planning_Layers/MapServer/2", "SourceDate": 20250513.0, "Supplier": "DOP", "EPI_NAME": "Shoalhaven Local Environmental Plan 2014", "LGA_NAME": "SHOALHAVEN", "PUBLISHED_DATE": "20140408000000", "COMMENCED_DATE": "20140422000000", "CURRENCY_DATE": "20240823000000", "AMENDMENT": null, "MAP_TYPE": "LZN", "MAP_NAME": "Land Zoning Map", "LAY_NAME": "Zone", "LAY_CLASS": "General Residential", "PCO_REF_KEY": "2014-179", "EPI_TYPE": "LEP", "SYM_CODE": "R1", "PURPOSE": null, "arcgisonline_objectid": 586433.0, "arcgisonline_type": "arcgisonline_polygon", "multi_reader_type": "ARCGISFEATURES", "SHAPE_Length": 423.46244197445793, "SHAPE_Area": 6318.5530804289283 }, "geometry": { "type": "MultiPolygon", "coordinates": [ [ [ [ 150.625558070590841, -34.895469094957193 ], [ 150.625565850188451, -34.895472053346012 ], [ 150.62557359516461, -34.895475074162007 ], [ 150.625581304140582, -34.895478167294584 ], [ 150.625588968938615, -34.895481312751187 ], [ 150.625596606484748, -34.895484530695391 ], [ 150.625604189699914, -34.895487811583052 ], [ 150.62561174618196, -34.89549114693866 ], [ 150.625619259060898, -34.895494552659351 ], [ 150.625626725523119, -34.895498012463307 ], [ 150.625634147236809, -34.895501544412923 ], [ 150.625641533469178, -34.895505130659579 ], [ 150.62564886649011, -34.895508778970111 ], [ 150.625656162702654, -34.895512489665158 ], [ 150.625663405937274, -34.895516254315268 ], [ 150.625670603563378, -34.895520082980894 ], [ 150.6256777666201, -34.895523972271803 ], [ 150.625684865478206, -34.895527925214921 ], [ 150.625691930207921, -34.895531923466642 ], [ 150.625698930505536, -34.895535993479406 ], [ 150.625705896441332, -34.895540116909658 ], [ 150.625712798489758, -34.89554429318035 ], [ 150.625719654929753, -34.895548533466588 ], [ 150.625726458651229, -34.895552818698157 ], [ 150.625733208927869, -34.895557174102592 ], [ 150.625739914088967, -34.895561576403935 ], [ 150.625746556196844, -34.895566040576959 ], [ 150.625753145586231, -34.89557054969535 ], [ 150.62575968069666, -34.895575119955438 ], [ 150.625766160590302, -34.895579745929943 ], [ 150.62577257904303, -34.895584415777904 ], [ 150.625778943139068, -34.895589149470503 ], [ 150.625785227696838, -34.895593909554599 ], [ 150.625791457975708, -34.895598730780414 ], [ 150.625797633556516, -34.895603589701061 ], [ 150.625803737309894, -34.8956085112235 ], [ 150.625809788370702, -34.895613476790373 ], [ 150.625815776585853, -34.895618497021204 ], [ 150.62582171098893, -34.895623562176105 ], [ 150.625827574109309, -34.895628671012183 ], [ 150.625833382064712, -34.895633833760826 ], [ 150.625839118426114, -34.895639051002469 ], [ 150.625844792486532, -34.895644303987453 ], [ 150.625850404820739, -34.895649610756792 ], [ 150.625855953475082, -34.895654963158925 ], [ 150.625861439620934, -34.895660358512252 ], [ 150.625866854432132, -34.895665799348798 ], [ 150.625872204469914, -34.895671285796787 ], [ 150.625877494134386, -34.89567681704073 ], [ 150.625882701840055, -34.895682382742393 ], [ 150.625887856541851, -34.895688003300442 ], [ 150.625892930352393, -34.895693659238589 ], [ 150.625897941576596, -34.895699360830974 ], [ 150.62590288065789, -34.895705097974421 ], [ 150.625907756085184, -34.895710879849773 ], [ 150.625912551740669, -34.895716696225648 ], [ 150.625917284783867, -34.895722559156759 ], [ 150.625921938029279, -34.89572845748939 ], [ 150.62592652762072, -34.895734400553941 ], [ 150.625931036554221, -34.895740370889833 ], [ 150.625935473085406, -34.895746385786659 ], [ 150.625939839919994, -34.895752427267574 ], [ 150.625944132165159, -34.895758513266735 ], [ 150.625948354402482, -34.895764636661752 ], [ 150.625952496033733, -34.89577078552616 ], [ 150.625956565262555, -34.895776978951595 ], [ 150.625960563649357, -34.895783200741711 ], [ 150.625964481430032, -34.895789448001238 ], [ 150.625968317173886, -34.895795732421611 ], [ 150.62597208298763, -34.895802051534929 ], [ 150.625975641344951, -34.895808165561853 ], [ 150.625979120189555, -34.89581430507959 ], [ 150.62598253477924, -34.895820472189286 ], [ 150.625985870037766, -34.895826658482946 ], [ 150.625989140833838, -34.895832879576425 ], [ 150.625992333210689, -34.895839126182139 ], [ 150.626039661876774, -34.895932943287185 ], [ 150.626105083375251, -34.896062615501492 ], [ 150.626108103360622, -34.896068693763013 ], [ 150.62611104409234, -34.896074788505629 ], [ 150.626113911794562, -34.896080911570323 ], [ 150.626116699983783, -34.896087060125957 ], [ 150.626119406654425, -34.896093227822909 ], [ 150.626122032666615, -34.896099422791401 ], [ 150.62612458791412, -34.896105643421791 ], [ 150.626127061694888, -34.896111881391526 ], [ 150.6261294648925, -34.896118138716297 ], [ 150.626131777615598, -34.896124422219309 ], [ 150.626134017853701, -34.896130715123803 ], [ 150.62613616980434, -34.896137034249307 ], [ 150.62613824898466, -34.896143372687092 ], [ 150.626140247817602, -34.896149727584664 ], [ 150.62614216757828, -34.896156092656483 ], [ 150.626144004545068, -34.896162483155173 ], [ 150.62614576137193, -34.896168882905783 ], [ 150.626147427905693, -34.896175302527801 ], [ 150.626149024219217, -34.896181728891101 ], [ 150.626150539013906, -34.89618817439576 ], [ 150.626114118566591, -34.896217827625627 ], [ 150.626119754825964, -34.89632824138971 ], [ 150.626159673537501, -34.89637004371744 ], [ 150.626158893777728, -34.896375960286051 ], [ 150.62615804288518, -34.896381877267679 ], [ 150.626157118983969, -34.89638778380781 ], [ 150.626156132957647, -34.896393681922071 ], [ 150.626155075798522, -34.896399580449369 ], [ 150.626153964195112, -34.89640546979939 ], [ 150.626133858097887, -34.896507936946335 ], [ 150.626116808703699, -34.89659486984101 ], [ 150.626109817516408, -34.896630466494607 ], [ 150.626088026183481, -34.896741564919303 ], [ 150.626062219708018, -34.896873093776406 ], [ 150.626012047921591, -34.896902917276442 ], [ 150.625850668486805, -34.896881403848099 ], [ 150.625741980158182, -34.896866918505722 ], [ 150.625622490192058, -34.89685098961705 ], [ 150.625664539743298, -34.896636481552626 ], [ 150.625678738598083, -34.896564052986243 ], [ 150.625695715815823, -34.896477514505769 ], [ 150.6257350491164, -34.896277071547892 ], [ 150.625751202763524, -34.896169651970609 ], [ 150.625692487848085, -34.896161821725087 ], [ 150.625515744377878, -34.896138265027645 ], [ 150.625548803181289, -34.895969733939104 ], [ 150.625582076591741, -34.895800090083092 ], [ 150.625535571609078, -34.895793895714696 ], [ 150.625387673752329, -34.895774193971413 ], [ 150.625419137681433, -34.895613935363528 ], [ 150.625443492478041, -34.895489901194473 ], [ 150.625453953234796, -34.895436601318352 ], [ 150.625462137264606, -34.895438699483606 ], [ 150.6254702940941, -34.895440868334397 ], [ 150.625478425024397, -34.895443100684247 ], [ 150.625486527634934, -34.895445404599222 ], [ 150.625494595649855, -34.89544777004032 ], [ 150.625502645161021, -34.895450208139934 ], [ 150.625510658931148, -34.895452709546248 ], [ 150.62551864573453, -34.895455273529279 ], [ 150.625526597683006, -34.895457908048272 ], [ 150.625534512796975, -34.89546060585262 ], [ 150.625542400918334, -34.89546336713471 ], [ 150.625550253065285, -34.895466199832377 ], [ 150.625558070590841, -34.895469094957193 ] ] ] ] } },
{ "type": "Feature", "properties": { "OBJECTID": 355, "Comments": "Downloaded from SEED Map Service 20250513", "FSource": "https://mapprod3.environment.nsw.gov.au/arcgis/rest/services/Planning/EPI_Primary_Planning_Layers/MapServer/2", "SourceDate": 20250513.0, "Supplier": "DOP", "EPI_NAME": "Shoalhaven Local Environmental Plan 2014", "LGA_NAME": "SHOALHAVEN", "PUBLISHED_DATE": "20140408000000", "COMMENCED_DATE": "20140422000000", "CURRENCY_DATE": "20240823000000", "AMENDMENT": null, "MAP_TYPE": "LZN", "MAP_NAME": "Land Zoning Map", "LAY_NAME": "Zone", "LAY_CLASS": "General Residential", "PCO_REF_KEY": "2014-179", "EPI_TYPE": "LEP", "SYM_CODE": "R1", "PURPOSE": null, "arcgisonline_objectid": 586435.0, "arcgisonline_type": "arcgisonline_polygon", "multi_reader_type": "ARCGISFEATURES", "SHAPE_Length": 580.47405209989017, "SHAPE_Area": 17702.89555968807 }, "geometry": { "type": "MultiPolygon", "coordinates": [ [ [ [ 150.628660974529055, -34.897313339831868 ], [ 150.628418266316714, -34.897591412208612 ], [ 150.62828758047948, -34.897702995930359 ], [ 150.628243155673374, -34.897916034275752 ], [ 150.628201527083831, -34.898115957313145 ], [ 150.628194920955394, -34.898148272976364 ], [ 150.628166012446258, -34.898286631843973 ], [ 150.628159531571555, -34.898318319807629 ], [ 150.628130497641251, -34.898457306354103 ], [ 150.628118656043711, -34.898514756111609 ], [ 150.628088707712578, -34.89865809972072 ], [ 150.628078031675784, -34.898709946929309 ], [ 150.628024077891041, -34.898969221330724 ], [ 150.627851969470157, -34.898923102157262 ], [ 150.627802568516529, -34.898909638347391 ], [ 150.627664693448423, -34.898872913811196 ], [ 150.627539698684473, -34.898839219056782 ], [ 150.627477129762724, -34.898822653753498 ], [ 150.627308409763089, -34.898777251772707 ], [ 150.627289845738773, -34.898772455666141 ], [ 150.627055490068329, -34.898709655432313 ], [ 150.627083250865923, -34.898576307480056 ], [ 150.627114642942871, -34.898426313213278 ], [ 150.627135053529997, -34.898327502897438 ], [ 150.627155320655334, -34.89823086236489 ], [ 150.627190459559557, -34.898062061341314 ], [ 150.627225597180427, -34.897893261177089 ], [ 150.627260735756977, -34.897724460112997 ], [ 150.627310628674365, -34.897483498932417 ], [ 150.627381480384486, -34.897492731979284 ], [ 150.627407170338017, -34.897369638486509 ], [ 150.627565762049983, -34.89731014430177 ], [ 150.627884342381037, -34.897190536201819 ], [ 150.628133244905172, -34.897097094792976 ], [ 150.628232825928563, -34.897059732176182 ], [ 150.628445998998529, -34.897185997983186 ], [ 150.628660974529055, -34.897313339831868 ] ] ] ] } },
{ "type": "Feature", "properties": { "OBJECTID": 356, "Comments": "Downloaded from SEED Map Service 20250513", "FSource": "https://mapprod3.environment.nsw.gov.au/arcgis/rest/services/Planning/EPI_Primary_Planning_Layers/MapServer/2", "SourceDate": 20250513.0, "Supplier": "DOP", "EPI_NAME": "Shoalhaven Local Environmental Plan 2014", "LGA_NAME": "SHOALHAVEN", "PUBLISHED_DATE": "20140408000000", "COMMENCED_DATE": "20140422000000", "CURRENCY_DATE": "20240823000000", "AMENDMENT": null, "MAP_TYPE": "LZN", "MAP_NAME": "Land Zoning Map", "LAY_NAME": "Zone", "LAY_CLASS": "General Residential", "PCO_REF_KEY": "2014-179", "EPI_TYPE": "LEP", "SYM_CODE": "R1", "PURPOSE": null, "arcgisonline_objectid": 586436.0, "arcgisonline_type": "arcgisonline_polygon", "multi_reader_type": "ARCGISFEATURES", "SHAPE_Length": 408.7270927122596, "SHAPE_Area": 9926.7141671192348 }, "geometry": { "type": "MultiPolygon", "coordinates": [ [ [ [ 150.628536347377576, -34.900140756644419 ], [ 150.628343629605439, -34.900163203399423 ], [ 150.628325827436385, -34.899979127641345 ], [ 150.628320627476143, -34.899925344184176 ], [ 150.628302806968861, -34.899741071535978 ], [ 150.628296693226531, -34.899676602902943 ], [ 150.628295698445385, -34.899667629880739 ], [ 150.628294730055387, -34.899660288169564 ], [ 150.628293592054519, -34.89965294675298 ], [ 150.628292300929729, -34.899645641110986 ], [ 150.628290857432575, -34.899638345115029 ], [ 150.628289252866153, -34.899631056792337 ], [ 150.628287496243587, -34.899623805166556 ], [ 150.628285595246041, -34.899616589486143 ], [ 150.628283533987826, -34.899609391411175 ], [ 150.628281346567434, -34.899602318884639 ], [ 150.628278961942726, -34.89959510277702 ], [ 150.628276442925454, -34.899587994027371 ], [ 150.628275286712153, -34.899584937939565 ], [ 150.628273781202211, -34.899580939285435 ], [ 150.628270966329467, -34.899573921219016 ], [ 150.628268358187569, -34.89956778073266 ], [ 150.628267999452788, -34.899566938047471 ], [ 150.62826488903579, -34.899559999852457 ], [ 150.628261643827273, -34.899553106804731 ], [ 150.628260567985848, -34.89955094656424 ], [ 150.628258246096578, -34.899546266671564 ], [ 150.628254696885449, -34.899539481276229 ], [ 150.628251011815252, -34.89953274010584 ], [ 150.628247166515933, -34.899526053502477 ], [ 150.628243204809053, -34.899519419617199 ], [ 150.628239098758712, -34.899512858638865 ], [ 150.628234850287868, -34.899506341757295 ], [ 150.628230457499541, -34.899499896881686 ], [ 150.628225939529045, -34.899493505454281 ], [ 150.628221278593884, -34.899487177044286 ], [ 150.628216482691244, -34.89948093795104 ], [ 150.628211552831885, -34.899474753036159 ], [ 150.628206506046808, -34.899468638858934 ], [ 150.628201324760823, -34.89946259778069 ], [ 150.628196027124403, -34.899456645481131 ], [ 150.628190576421929, -34.899450765016574 ], [ 150.62818632748332, -34.899446318847318 ], [ 150.628185028452606, -34.899444956574932 ], [ 150.62817935343017, -34.899439228589543 ], [ 150.628176530244616, -34.899436494240284 ], [ 150.628173545627618, -34.899433589963472 ], [ 150.628167629363105, -34.899428032156607 ], [ 150.628161586854105, -34.899422564738124 ], [ 150.628155437577902, -34.899417195300195 ], [ 150.628149171609408, -34.899411888490917 ], [ 150.628142798588641, -34.89940668957302 ], [ 150.628136308357227, -34.899401571303422 ], [ 150.628129728596946, -34.89939656036578 ], [ 150.628123015222144, -34.899391629756138 ], [ 150.628116219947685, -34.89938680752887 ], [ 150.628109317906109, -34.899382083282056 ], [ 150.628102326309744, -34.899377467268145 ], [ 150.628095226277338, -34.899372931172238 ], [ 150.628088037524549, -34.899368512340402 ], [ 150.628157041647711, -34.899193669661557 ], [ 150.628215074731571, -34.899046606715622 ], [ 150.628221833378547, -34.899029458002374 ], [ 150.628224423629774, -34.899022905157295 ], [ 150.628283326417659, -34.899038663791671 ], [ 150.62840695734107, -34.899071749704852 ], [ 150.628561577371755, -34.899113126540158 ], [ 150.628769686342736, -34.899168818996259 ], [ 150.628791952667711, -34.899174779751398 ], [ 150.628977803009946, -34.89922452026574 ], [ 150.629140266581686, -34.899268039049872 ], [ 150.629186117819415, -34.899280266518936 ], [ 150.629335386551503, -34.899320209150545 ], [ 150.62941524664086, -34.899341578716388 ], [ 150.629452438243703, -34.899351528516142 ], [ 150.629362978499756, -34.899529903303339 ], [ 150.629293803314056, -34.899667804798263 ], [ 150.629277811643391, -34.899699690352087 ], [ 150.629276888664066, -34.899701536622231 ], [ 150.629201662630607, -34.899851486486249 ], [ 150.629189812445304, -34.899875114965987 ], [ 150.629138986911414, -34.899976434994272 ], [ 150.629088843299542, -34.900076410661754 ], [ 150.629073765902518, -34.90007816819022 ], [ 150.628926325965267, -34.900095325246475 ], [ 150.628897246853143, -34.900098723328369 ], [ 150.628742339807246, -34.900116759407602 ], [ 150.628731350098406, -34.900118032350527 ], [ 150.628717321302133, -34.900119663359895 ], [ 150.628544611389856, -34.900139788401766 ], [ 150.628536347377576, -34.900140756644419 ] ] ] ] } },
{ "type": "Feature", "properties": { "OBJECTID": 358, "Comments": "Downloaded from SEED Map Service 20250513", "FSource": "https://mapprod3.environment.nsw.gov.au/arcgis/rest/services/Planning/EPI_Primary_Planning_Layers/MapServer/2", "SourceDate": 20250513.0, "Supplier": "DOP", "EPI_NAME": "Shoalhaven Local Environmental Plan 2014", "LGA_NAME": "SHOALHAVEN", "PUBLISHED_DATE": "20230915000000", "COMMENCED_DATE": "20230915000000", "CURRENCY_DATE": "20240823000000", "AMENDMENT": "Amendment No 50", "MAP_TYPE": "LZN", "MAP_NAME": "Land Zoning Map", "LAY_NAME": "Zone", "LAY_CLASS": "General Residential", "PCO_REF_KEY": "2014-179", "EPI_TYPE": "LEP", "SYM_CODE": "R1", "PURPOSE": null, "arcgisonline_objectid": 586439.0, "arcgisonline_type": "arcgisonline_polygon", "multi_reader_type": "ARCGISFEATURES", "SHAPE_Length": 11630.319187079882, "SHAPE_Area": 1719673.5540664159 }, "geometry": { "type": "MultiPolygon", "coordinates": [ [ [ [ 150.609706121067916, -34.905060250279533 ], [ 150.609744235858983, -34.904900978525681 ], [ 150.609784467484104, -34.904732851647125 ], [ 150.609788078015242, -34.904717774131221 ], [ 150.609821495624999, -34.904569644223841 ], [ 150.609857503237777, -34.904410077634651 ], [ 150.609894927476233, -34.90424421768585 ], [ 150.609930926851632, -34.904084659914631 ], [ 150.609969023034893, -34.903915841854079 ], [ 150.609971452812658, -34.903916163712346 ], [ 150.61007324790279, -34.903929628008044 ], [ 150.610157409233096, -34.90367483730293 ], [ 150.610242657729572, -34.90342453747337 ], [ 150.610303101235445, -34.90320726863451 ], [ 150.61030293942315, -34.902928651375731 ], [ 150.610274217082775, -34.902720428196105 ], [ 150.61021811159597, -34.902531037428979 ], [ 150.610174186669212, -34.902356697679487 ], [ 150.610108364656867, -34.902221180512882 ], [ 150.609924107878953, -34.901882326152467 ], [ 150.609915035200515, -34.901888152442055 ], [ 150.609797257901988, -34.90169627065972 ], [ 150.609673884963655, -34.901498623643022 ], [ 150.609540535403454, -34.90132052813302 ], [ 150.609385834690443, -34.901134284771217 ], [ 150.609253463281703, -34.900976195953021 ], [ 150.609116680678369, -34.900854250889189 ], [ 150.608951159929461, -34.900702043288256 ], [ 150.608764384868209, -34.900539866754755 ], [ 150.608554797537892, -34.900393073654982 ], [ 150.608343981658805, -34.900266215811051 ], [ 150.608178909614765, -34.900177579780923 ], [ 150.607989741344198, -34.900089769907048 ], [ 150.607703010193745, -34.899988772611181 ], [ 150.607517427925387, -34.899913807587531 ], [ 150.607290969980284, -34.899828049632745 ], [ 150.607060871504046, -34.899694917712317 ], [ 150.606937115396505, -34.899609840707221 ], [ 150.606782099528147, -34.899499835592863 ], [ 150.606649191151007, -34.899350817744974 ], [ 150.606513188342944, -34.899216179683364 ], [ 150.606458883775133, -34.899151666797415 ], [ 150.606455567937928, -34.899147723275341 ], [ 150.606454500888276, -34.89914757964916 ], [ 150.606235428463435, -34.898932848266149 ], [ 150.606224250626582, -34.898919716034101 ], [ 150.606101013080291, -34.898791066121746 ], [ 150.605962483421166, -34.898661778474576 ], [ 150.605908878687728, -34.898610649073568 ], [ 150.605793170199604, -34.89850034822819 ], [ 150.605604002600387, -34.898341704164629 ], [ 150.60556985950393, -34.898317403274788 ], [ 150.605648634406805, -34.897932311596328 ], [ 150.606082707691087, -34.897992585282296 ], [ 150.606093428842939, -34.897994118129169 ], [ 150.60626575225595, -34.898017989215234 ], [ 150.606299743760047, -34.898022712972008 ], [ 150.606516762487217, -34.898052840836286 ], [ 150.60695084396599, -34.898113105291344 ], [ 150.607384917107623, -34.898173378858971 ], [ 150.607818999958084, -34.89823364296344 ], [ 150.608252983344016, -34.898293889144789 ], [ 150.608450477582352, -34.898321309652701 ], [ 150.608686974822035, -34.898354143861383 ], [ 150.608736958481643, -34.898361082971178 ], [ 150.609121057503245, -34.898414408748891 ], [ 150.609555140050844, -34.898474663979314 ], [ 150.609989229832507, -34.89853491961393 ], [ 150.610423312370727, -34.898595184382785 ], [ 150.610857403523795, -34.898655439666605 ], [ 150.611297814469594, -34.898716860695927 ], [ 150.611338726905984, -34.898722355587999 ], [ 150.611357783412529, -34.898689340131817 ], [ 150.611382766645221, -34.89864969357938 ], [ 150.611404566126254, -34.898617853497349 ], [ 150.611430203429222, -34.898583162644847 ], [ 150.611457739876499, -34.898548446022737 ], [ 150.611486784662674, -34.898514616363599 ], [ 150.611517332966429, -34.898481726759272 ], [ 150.611549369735769, -34.898449805760237 ], [ 150.611582841980749, -34.898418907314195 ], [ 150.611616805872416, -34.898389469016131 ], [ 150.611651989601711, -34.898361018379219 ], [ 150.611692068083755, -34.898330926796447 ], [ 150.611729690352405, -34.898304679531222 ], [ 150.611768405468496, -34.898279535522093 ], [ 150.611808160393679, -34.898255512656597 ], [ 150.612224438648695, -34.898020119147425 ], [ 150.61223532106672, -34.898013933389272 ], [ 150.612246167554304, -34.898007703652524 ], [ 150.612251572846134, -34.898004566344497 ], [ 150.612262356872208, -34.897998264161089 ], [ 150.612273104967784, -34.897991917999114 ], [ 150.612278464747618, -34.89798872750908 ], [ 150.612289149288074, -34.897982308878994 ], [ 150.612294475090152, -34.897979082562415 ], [ 150.612305097142951, -34.897972592386722 ], [ 150.612310394461133, -34.897969329450092 ], [ 150.612320954884979, -34.897962775859078 ], [ 150.61233146841667, -34.897956178975583 ], [ 150.61233671259393, -34.897952861805578 ], [ 150.612347173479918, -34.897946193569972 ], [ 150.612357580990562, -34.897939479210045 ], [ 150.612367952596742, -34.897932719970655 ], [ 150.612378278430384, -34.897925916559359 ], [ 150.61238856945306, -34.897919068290108 ], [ 150.612393688133494, -34.897915626048814 ], [ 150.612403906591567, -34.897908714149445 ], [ 150.612414080370598, -34.897901758099685 ], [ 150.612424219338692, -34.897894757192013 ], [ 150.612434303785705, -34.897887711940562 ], [ 150.612439323552479, -34.897884171294159 ], [ 150.612449345276843, -34.897877062606085 ], [ 150.612459322322138, -34.897869909767664 ], [ 150.612464288921814, -34.897866315789038 ], [ 150.61247419340242, -34.897859099320613 ], [ 150.612479123602355, -34.897855477581359 ], [ 150.612488965568986, -34.897848190468579 ], [ 150.612493860723617, -34.897844531980482 ], [ 150.612503632025721, -34.897837191191435 ], [ 150.612513348858869, -34.897829804256745 ], [ 150.61252302101289, -34.897822373171799 ], [ 150.612527833942949, -34.897818644553297 ], [ 150.61253743433889, -34.897811159770669 ], [ 150.612546989223034, -34.89780362180656 ], [ 150.612556491303565, -34.897796055759329 ], [ 150.612561233283714, -34.897792245512754 ], [ 150.612570663840927, -34.897784617659113 ], [ 150.612580048651552, -34.897776944732811 ], [ 150.61258938115418, -34.897769226604915 ], [ 150.612598667649394, -34.897761472414132 ], [ 150.612607909491572, -34.897753673172204 ], [ 150.612612507668985, -34.897749765441375 ], [ 150.612626232110557, -34.897737968751372 ], [ 150.612635320829213, -34.897730053812182 ], [ 150.612644356979104, -34.897722102681215 ], [ 150.612648857101931, -34.897718104676258 ], [ 150.612657811651701, -34.897710099654397 ], [ 150.612666721522288, -34.897702050482451 ], [ 150.61267557882411, -34.897693965118769 ], [ 150.612684389285732, -34.89768583466104 ], [ 150.612693147152498, -34.897677668912586 ], [ 150.612701851356917, -34.897669466950923 ], [ 150.612710501898988, -34.897661228776073 ], [ 150.612719098778712, -34.897652954388043 ], [ 150.6127276408765, -34.897644644666322 ], [ 150.612736138295134, -34.897636290794608 ], [ 150.612740360446395, -34.897632105223252 ], [ 150.612748777123755, -34.897623705591073 ], [ 150.612757141493177, -34.897615260757526 ], [ 150.612761300400507, -34.897611029769713 ], [ 150.612765442280022, -34.897606782220365 ], [ 150.612773697944306, -34.897598274849834 ], [ 150.612777803189346, -34.89759400764892 ], [ 150.612790039720153, -34.897581144990731 ], [ 150.61279409020932, -34.897576841555249 ], [ 150.612798124529462, -34.897572529688517 ], [ 150.612806156978678, -34.897563870986929 ], [ 150.612814143159682, -34.89755518523247 ], [ 150.612822068023547, -34.89754646311453 ], [ 150.612826002387521, -34.897542088883007 ], [ 150.612833846484108, -34.897533321905776 ], [ 150.612841627050329, -34.897524519423108 ], [ 150.612849362963544, -34.897515671889614 ], [ 150.612857035944444, -34.897506805990695 ], [ 150.612868438169755, -34.897493432013526 ], [ 150.612872211260083, -34.897488959053739 ], [ 150.612875967113951, -34.897484476740267 ], [ 150.612883443202549, -34.897475495186256 ], [ 150.612890857974065, -34.897466477268864 ], [ 150.612898216870207, -34.897457423996563 ], [ 150.612901873600748, -34.897452888349719 ], [ 150.612905513094859, -34.897448343349183 ], [ 150.612912765473226, -34.897439227583263 ], [ 150.61292352132773, -34.897425502841941 ], [ 150.612930621753861, -34.897416306561176 ], [ 150.612934144914362, -34.897411697972714 ], [ 150.612941153350988, -34.897402466528725 ], [ 150.612948109271201, -34.897393197091425 ], [ 150.612955003587501, -34.897383901201586 ], [ 150.612958427598784, -34.897379240180861 ], [ 150.612965231306077, -34.897369899238612 ], [ 150.612971981064362, -34.897360531994259 ], [ 150.61297532404825, -34.897355835124401 ], [ 150.612981984265048, -34.897346423750129 ], [ 150.612985292775647, -34.897341708172853 ], [ 150.612988581836618, -34.897336984099944 ], [ 150.612991854728648, -34.897332251595856 ], [ 150.612998362758788, -34.897322767815801 ], [ 150.613004807024083, -34.897313256639336 ], [ 150.613008007663296, -34.897308487557069 ], [ 150.61301436238719, -34.897298932250784 ], [ 150.613020655272607, -34.89728935860083 ], [ 150.613026885721553, -34.897279749467202 ], [ 150.613033061180204, -34.89727011220814 ], [ 150.61303611806872, -34.897265281703916 ], [ 150.613042203725286, -34.897255609324823 ], [ 150.613048219029736, -34.897245910321452 ], [ 150.613054180385348, -34.897236185016112 ], [ 150.613060070321382, -34.89722643216404 ], [ 150.613065904980402, -34.897216661097289 ], [ 150.613071678296535, -34.897206854568438 ], [ 150.613077387587253, -34.897197029653064 ], [ 150.613083031967619, -34.897187179121843 ], [ 150.613033024703384, -34.897168855564189 ], [ 150.612569755653453, -34.896999114419899 ], [ 150.612213033023522, -34.896868412305629 ], [ 150.612371209377216, -34.896095083046262 ], [ 150.61264645791681, -34.896130499254397 ], [ 150.612956998437454, -34.896166382018585 ], [ 150.613278733925455, -34.896185581045742 ], [ 150.613585482157646, -34.896186504655262 ], [ 150.613726100544937, -34.896180974043283 ], [ 150.613866430905745, -34.896171821744801 ], [ 150.614006341346538, -34.896159029844718 ], [ 150.61414569622292, -34.896142634444118 ], [ 150.614284360672684, -34.896122644615495 ], [ 150.614413612936289, -34.896100656009573 ], [ 150.614559071006994, -34.896071961985974 ], [ 150.614694839826115, -34.8960413142335 ], [ 150.614711807539436, -34.89603739686963 ], [ 150.614721104458482, -34.89603524545624 ], [ 150.614820290261434, -34.89601230638317 ], [ 150.614945419549343, -34.89598713603953 ], [ 150.615071533525793, -34.895965559294432 ], [ 150.615206432473713, -34.895946591588917 ], [ 150.615334097486539, -34.895932481387376 ], [ 150.61546227404844, -34.895922020397343 ], [ 150.615553589816869, -34.89591718858285 ], [ 150.615590817517102, -34.895915216596499 ], [ 150.615719567393796, -34.895912096583224 ], [ 150.6158483709915, -34.895912643838415 ], [ 150.615858321517379, -34.895912975240591 ], [ 150.615985108034749, -34.89591725098515 ], [ 150.616104571830107, -34.895922154579189 ], [ 150.616110756244098, -34.895922638332529 ], [ 150.616256198389181, -34.895937921932266 ], [ 150.616400733386087, -34.895956996346833 ], [ 150.616438148028237, -34.895779375536875 ], [ 150.616481139362378, -34.895786196785835 ], [ 150.616577135838696, -34.895801426694327 ], [ 150.616715208100345, -34.895827484877188 ], [ 150.616716391045287, -34.895827744273745 ], [ 150.616832124961064, -34.895853050377994 ], [ 150.616948030149786, -34.89588151944865 ], [ 150.617167755566498, -34.895826300473388 ], [ 150.617212198998004, -34.895815131902154 ], [ 150.617429377925049, -34.895760558448039 ], [ 150.617491992461851, -34.895759142351672 ], [ 150.617936956600744, -34.895749074534102 ], [ 150.617913686312534, -34.895926687444337 ], [ 150.617916133489445, -34.895955605591752 ], [ 150.617933398601451, -34.896165675377958 ], [ 150.617948898300028, -34.896350916008259 ], [ 150.617961699022288, -34.896503797078047 ], [ 150.617975621182723, -34.896670167465849 ], [ 150.617989175729178, -34.896832030412241 ], [ 150.618002720233903, -34.896993901271145 ], [ 150.618016275682464, -34.897155773242133 ], [ 150.618029821349495, -34.897317644115873 ], [ 150.618044504824184, -34.897493006429443 ], [ 150.618070089024485, -34.897798624837705 ], [ 150.61808107077411, -34.897929901204677 ], [ 150.618289411800419, -34.898170969170124 ], [ 150.618272783973907, -34.898183868907275 ], [ 150.618256219413638, -34.89819681315381 ], [ 150.618239715958481, -34.898209800965915 ], [ 150.618223267542078, -34.898222852958888 ], [ 150.618206872029305, -34.898235967287917 ], [ 150.618192027824932, -34.8982479157551 ], [ 150.618175740748853, -34.898261101620271 ], [ 150.618159524567915, -34.898274333046061 ], [ 150.61814336238416, -34.898287626829429 ], [ 150.618127263466647, -34.898300965122367 ], [ 150.618111217712936, -34.898314356741736 ], [ 150.618095235199405, -34.898327793771713 ], [ 150.618079314832499, -34.898341276190877 ], [ 150.61806344788971, -34.898354802926733 ], [ 150.618047636297831, -34.898368383031979 ], [ 150.618031895366926, -34.898382016806821 ], [ 150.618016441647086, -34.898395480420859 ], [ 150.618001059655882, -34.898408998627026 ], [ 150.617985731323159, -34.898422553041271 ], [ 150.617970456440702, -34.898436150871447 ], [ 150.617955253312914, -34.898449802392832 ], [ 150.617940104911156, -34.898463491044808 ], [ 150.617877168016093, -34.898520689593219 ], [ 150.617815342870074, -34.898523190488568 ], [ 150.617750497495024, -34.898474758455492 ], [ 150.617662318879553, -34.898554896980706 ], [ 150.617727165093498, -34.898603338091974 ], [ 150.617730195434632, -34.898654261270224 ], [ 150.617652477786578, -34.898724907616341 ], [ 150.617844817940238, -34.898764850695549 ], [ 150.617896495423537, -34.898779972322458 ], [ 150.618018389182168, -34.898815639969825 ], [ 150.618248334253508, -34.898935013353125 ], [ 150.618285785091302, -34.898954456184484 ], [ 150.618077374055815, -34.899143865370625 ], [ 150.617869131431348, -34.899333130533613 ], [ 150.61758713319071, -34.899589419584714 ], [ 150.617444633890244, -34.89975429348921 ], [ 150.617431931256249, -34.899768985613569 ], [ 150.617299874370872, -34.899920798744553 ], [ 150.617290103756119, -34.899935240052244 ], [ 150.617265676701578, -34.899968407162078 ], [ 150.617241249392549, -34.900001582374834 ], [ 150.616570482313904, -34.899908508744403 ], [ 150.616541528821557, -34.900050713760251 ], [ 150.616712167478596, -34.900074387445443 ], [ 150.616927913488411, -34.900104327654191 ], [ 150.617143785258094, -34.900134276259458 ], [ 150.616957478371916, -34.900387929649995 ], [ 150.616794092116692, -34.900609589655183 ], [ 150.616565968502812, -34.900919716935228 ], [ 150.616438376138717, -34.901093169387309 ], [ 150.616413231669384, -34.901127358038245 ], [ 150.616354059758663, -34.901207808627767 ], [ 150.616320516748146, -34.901253399444258 ], [ 150.616197809049254, -34.901420228677893 ], [ 150.616075092144001, -34.901587055789584 ], [ 150.615829669251241, -34.90192069538849 ], [ 150.615669267491171, -34.902138753144968 ], [ 150.615584235336627, -34.902254342331204 ], [ 150.615338811387318, -34.902587989817718 ], [ 150.615212283618973, -34.902716999497642 ], [ 150.615181089980723, -34.902748812686568 ], [ 150.615149518851098, -34.902781002489178 ], [ 150.614885036069893, -34.90305069112739 ], [ 150.615106331339717, -34.903080748178091 ], [ 150.615339458483191, -34.903111879989019 ], [ 150.616226778665379, -34.903228717020575 ], [ 150.616623078764775, -34.903281004132715 ], [ 150.616860678907216, -34.903312378563882 ], [ 150.617098162212471, -34.903343789005142 ], [ 150.617261988237317, -34.903365651645039 ], [ 150.617065719770522, -34.904341674027471 ], [ 150.617313006807962, -34.904376401881883 ], [ 150.617480642929053, -34.904398569782607 ], [ 150.617642720699735, -34.904420002809786 ], [ 150.617804799634911, -34.90444143654635 ], [ 150.617966887442236, -34.904462869340449 ], [ 150.618128965477496, -34.904484302629449 ], [ 150.61829105235887, -34.904505735876938 ], [ 150.61845577519955, -34.904527518079753 ], [ 150.618615093428986, -34.904548583800405 ], [ 150.618777117377192, -34.904570007957588 ], [ 150.618939133740582, -34.904591432652779 ], [ 150.618903286680279, -34.904769268680873 ], [ 150.619135625647601, -34.904799988423115 ], [ 150.619411259671068, -34.904836435969159 ], [ 150.619584122292906, -34.904859294795116 ], [ 150.619546823058442, -34.905043656390774 ], [ 150.619509954638175, -34.905225938564364 ], [ 150.619450423823139, -34.905520225439403 ], [ 150.619407225757328, -34.905733611941827 ], [ 150.619348404173763, -34.906024151625274 ], [ 150.619337593757564, -34.906070567389101 ], [ 150.619324129929339, -34.906116291993236 ], [ 150.619304004783686, -34.906171501304939 ], [ 150.619280151914154, -34.906225213202021 ], [ 150.619244555572237, -34.906291107507315 ], [ 150.619203849890653, -34.906353970922943 ], [ 150.619158294863411, -34.906413401968848 ], [ 150.61915645732293, -34.906415607050093 ], [ 150.619150918113576, -34.906422195629382 ], [ 150.619149053725124, -34.90642438305602 ], [ 150.619147179753696, -34.906426561279922 ], [ 150.619145305782183, -34.906428739503788 ], [ 150.619144356336193, -34.906429824314792 ], [ 150.619143414571937, -34.906430908374851 ], [ 150.619142473615085, -34.906432002367104 ], [ 150.619141523075342, -34.906433087156657 ], [ 150.6191405727958, -34.906434162936407 ], [ 150.619139623349639, -34.906435247747368 ], [ 150.619138672835817, -34.906436331635902 ], [ 150.619137713806765, -34.906437407244162 ], [ 150.61913676326688, -34.906438492033651 ], [ 150.619135804237771, -34.906439567641868 ], [ 150.619134845208634, -34.906440643250093 ], [ 150.619133886153435, -34.906441719759272 ], [ 150.619132918374817, -34.906442795195979 ], [ 150.619131949762703, -34.906443861601467 ], [ 150.619130990733453, -34.906444937209649 ], [ 150.619130013085623, -34.906446013354369 ], [ 150.619129045567121, -34.906447079781273 ], [ 150.619128076954894, -34.906448146186712 ], [ 150.619127100660904, -34.906449213343095 ], [ 150.619126123299225, -34.906450279577022 ], [ 150.619125145911482, -34.906451346711947 ], [ 150.619124168549718, -34.906452412945853 ], [ 150.61912318350619, -34.90645347993069 ], [ 150.619122206378591, -34.90645453805579 ], [ 150.61911825279293, -34.906458777786035 ], [ 150.619117266915765, -34.906459835739597 ], [ 150.619116271455709, -34.906460884490457 ], [ 150.619115276829064, -34.906461942272529 ], [ 150.619114272359298, -34.906462999861624 ], [ 150.619108258012233, -34.90646929245284 ], [ 150.619102180125992, -34.90647554954181 ], [ 150.61906005819182, -34.906516173398749 ], [ 150.619031328570998, -34.906541479343069 ], [ 150.619030198923099, -34.90654243801864 ], [ 150.619029069249109, -34.906543397595179 ], [ 150.619027939861382, -34.906544347260962 ], [ 150.619026810447593, -34.906545297827698 ], [ 150.619025672284323, -34.906546248222931 ], [ 150.619024542896511, -34.906547197888671 ], [ 150.619023404733213, -34.906548148283882 ], [ 150.619022266569857, -34.906549098679072 ], [ 150.619021127338868, -34.906550048151843 ], [ 150.619019989435714, -34.906550989537244 ], [ 150.61901884168941, -34.906551930729698 ], [ 150.619017693943078, -34.906552871922138 ], [ 150.619016556039867, -34.906553813307497 ], [ 150.619015408293478, -34.906554754499908 ], [ 150.619014251797637, -34.906555695520808 ], [ 150.619013104311421, -34.906556627703424 ], [ 150.619011957658643, -34.906557568917229 ], [ 150.619010801396968, -34.906558501829295 ], [ 150.619009645161213, -34.906559433840393 ], [ 150.61900848783182, -34.906560365830011 ], [ 150.618958818608519, -34.906598103894197 ], [ 150.618907195093243, -34.906633108181374 ], [ 150.618853768970382, -34.90666527979451 ], [ 150.618726767385795, -34.906737421560912 ], [ 150.618753452544752, -34.906769297512966 ], [ 150.619349524321194, -34.906848297995538 ], [ 150.619372624078238, -34.906851363230139 ], [ 150.619336678472052, -34.907030212473863 ], [ 150.619315361718805, -34.907027397632177 ], [ 150.619158599580686, -34.907006735317339 ], [ 150.61873078288292, -34.906950342301684 ], [ 150.618423326069632, -34.906909815555188 ], [ 150.61822898640807, -34.907020224406068 ], [ 150.61840247541042, -34.907227749775458 ], [ 150.618339610946151, -34.90757763917523 ], [ 150.618438349347031, -34.907709310823975 ], [ 150.618621708518617, -34.907733657945698 ], [ 150.618816442423963, -34.907759509690699 ], [ 150.618772724239591, -34.907982192599462 ], [ 150.618957490849539, -34.908006673193803 ], [ 150.618797447373993, -34.908805514023001 ], [ 150.618754598418633, -34.909019483921931 ], [ 150.61869566878454, -34.909309942514362 ], [ 150.618598839810971, -34.909791522357587 ], [ 150.618339671218052, -34.909757171433547 ], [ 150.618275641734186, -34.910072747941967 ], [ 150.617690201497396, -34.909995145642242 ], [ 150.61747416835243, -34.909966515021175 ], [ 150.617276395677521, -34.909940303927755 ], [ 150.617203984738978, -34.909930703360494 ], [ 150.617056193789352, -34.910252562692044 ], [ 150.617247638808607, -34.910278612166138 ], [ 150.617370060394848, -34.910297535183112 ], [ 150.617337565662581, -34.910474071396706 ], [ 150.617331388875186, -34.910510196294837 ], [ 150.617070930041336, -34.911933887493014 ], [ 150.616787208159735, -34.913484704910303 ], [ 150.616280265619935, -34.913421445695711 ], [ 150.616093884979591, -34.914439957092029 ], [ 150.616011056621119, -34.914892600756268 ], [ 150.615967903964162, -34.91512844236911 ], [ 150.615609466266335, -34.917087174242809 ], [ 150.615545175957038, -34.917434446967135 ], [ 150.615060061043664, -34.917374207912012 ], [ 150.614399862098509, -34.920981163555936 ], [ 150.614325744662096, -34.921386093201015 ], [ 150.612582144820294, -34.921166939897233 ], [ 150.610782656292542, -34.920940725953763 ], [ 150.61077924507731, -34.920910445621466 ], [ 150.610645132355046, -34.91971969314816 ], [ 150.610639574640771, -34.919719353027261 ], [ 150.610622919184379, -34.919718590835402 ], [ 150.610606282886579, -34.919717658637715 ], [ 150.610589662066928, -34.919716645608787 ], [ 150.610573043028012, -34.919715533449377 ], [ 150.610556432852036, -34.91971434213152 ], [ 150.610539823389217, -34.919713050760741 ], [ 150.610523239484536, -34.919711670643636 ], [ 150.610506664756514, -34.919710200556473 ], [ 150.610490100037737, -34.919708649530442 ], [ 150.610473542569252, -34.919706999481619 ], [ 150.610457004928605, -34.919705269588597 ], [ 150.610440474512274, -34.919703441573752 ], [ 150.610423971920511, -34.919701522152806 ], [ 150.610407478453425, -34.919699514563753 ], [ 150.610390993875882, -34.919697426915349 ], [ 150.610374535170564, -34.919695239709071 ], [ 150.610358095225649, -34.919692971736175 ], [ 150.61034166362532, -34.919690604762067 ], [ 150.610325260368853, -34.919688166224759 ], [ 150.610308865430966, -34.919685629587207 ], [ 150.610292506183981, -34.919682994486529 ], [ 150.610276164342537, -34.919680287607463 ], [ 150.610259840716679, -34.919677481019939 ], [ 150.610243543717587, -34.919674586608792 ], [ 150.610227265244106, -34.919671619539827 ], [ 150.610211013998537, -34.919668543924942 ], [ 150.610194788024614, -34.919665389474638 ], [ 150.610178581931649, -34.919662153378376 ], [ 150.610162410462323, -34.919658817896597 ], [ 150.610146257701757, -34.919655403450271 ], [ 150.610130131646656, -34.91965189847749 ], [ 150.610114041047837, -34.919648303150453 ], [ 150.610097985591779, -34.919644628280821 ], [ 150.610081940407525, -34.919640863462845 ], [ 150.610065939404279, -34.919637009363825 ], [ 150.610049965965402, -34.91963307286867 ], [ 150.610034028139836, -34.919629040613515 ], [ 150.610018116549668, -34.919624934049423 ], [ 150.610002250208453, -34.91962073912687 ], [ 150.609986393877961, -34.91961646326574 ], [ 150.60997058964702, -34.91961208926466 ], [ 150.609954821443978, -34.919607642950368 ], [ 150.609939081276025, -34.919603098022598 ], [ 150.609923385054316, -34.919598471922647 ], [ 150.609907725069661, -34.919593766301809 ], [ 150.609892100254456, -34.919588980237577 ], [ 150.609876502432883, -34.919584093736432 ], [ 150.609860969027153, -34.919579137283847 ], [ 150.609845461233817, -34.919574090283518 ], [ 150.609829988610102, -34.919568962839875 ], [ 150.609814562094385, -34.919563755168184 ], [ 150.60979917978662, -34.919558457314778 ], [ 150.609783833742341, -34.91955307903963 ], [ 150.609768540656802, -34.919547610755004 ], [ 150.609753292324285, -34.919542071230602 ], [ 150.609738080516735, -34.919536442274818 ], [ 150.609722913749749, -34.91953073216861 ], [ 150.60970779968028, -34.919524941062711 ], [ 150.609692722968362, -34.919519069556692 ], [ 150.609677698954044, -34.919513117051011 ], [ 150.60966272867887, -34.919507085369148 ], [ 150.609633253608934, -34.919492369982187 ], [ 150.60963327280939, -34.919492311763655 ], [ 150.609496061722751, -34.919214465703106 ], [ 150.609495962864543, -34.919213685776988 ], [ 150.609432371978414, -34.919131987508806 ], [ 150.609335820814579, -34.919023944525364 ], [ 150.609232026448495, -34.918905388218825 ], [ 150.609127165619867, -34.918768865902521 ], [ 150.609020512652336, -34.918601821849322 ], [ 150.608921199734226, -34.918444576202688 ], [ 150.608917533550084, -34.918438759771291 ], [ 150.608889458486573, -34.918394297577663 ], [ 150.608796250448847, -34.91819437499823 ], [ 150.608690663919447, -34.917951182621486 ], [ 150.608681681613717, -34.917930484394276 ], [ 150.608637193695927, -34.917735994123255 ], [ 150.608607254043022, -34.91756436884787 ], [ 150.608604762077618, -34.917373732635063 ], [ 150.608613556987422, -34.917194901817396 ], [ 150.608613745201012, -34.917191056188351 ], [ 150.608615752639565, -34.917150243182377 ], [ 150.608662420515543, -34.916972237389118 ], [ 150.608708971101436, -34.916792419982343 ], [ 150.608877906862205, -34.916487618897008 ], [ 150.608885625444515, -34.916474620912872 ], [ 150.608995928208657, -34.916289014269339 ], [ 150.609148146220605, -34.916110747649675 ], [ 150.609274879581534, -34.915947810140565 ], [ 150.609354318162445, -34.915840556566913 ], [ 150.609477000982537, -34.915720941942425 ], [ 150.609581547672065, -34.915628989264668 ], [ 150.609717711730667, -34.915514286859406 ], [ 150.609860877127176, -34.915368729949961 ], [ 150.609998044433951, -34.91519642498637 ], [ 150.610146830097335, -34.915034473933162 ], [ 150.610257453909099, -34.91485951524637 ], [ 150.610402645795858, -34.914562773519556 ], [ 150.610502684025079, -34.91435763285417 ], [ 150.610525766542168, -34.91422724281918 ], [ 150.610566132584637, -34.914017064352542 ], [ 150.610617845765574, -34.913775908711507 ], [ 150.610638930595513, -34.913537636550792 ], [ 150.610635783296686, -34.913475686823574 ], [ 150.610635522821497, -34.913470666741112 ], [ 150.610633202190968, -34.913424896893147 ], [ 150.610632888557319, -34.913418766037474 ], [ 150.610625510371818, -34.913273657673024 ], [ 150.610611374858905, -34.91310863960544 ], [ 150.610619298882369, -34.912870879288754 ], [ 150.610596763947854, -34.912675590898786 ], [ 150.61057666775784, -34.912561219958022 ], [ 150.610543679265106, -34.912373451629527 ], [ 150.610515048479215, -34.912149604159815 ], [ 150.610459023926296, -34.911908759351434 ], [ 150.610410699862229, -34.911695158332023 ], [ 150.610410368567472, -34.911694808348585 ], [ 150.610376438822016, -34.91158678301187 ], [ 150.610354450538352, -34.911516739570366 ], [ 150.610307739041218, -34.911284563590343 ], [ 150.610262113337456, -34.911108099073118 ], [ 150.61023195803989, -34.910951623739216 ], [ 150.610217705718583, -34.910877627115653 ], [ 150.610155657176904, -34.910683772527882 ], [ 150.610083739038799, -34.910434510478446 ], [ 150.610025984925528, -34.910276485095572 ], [ 150.610011767885993, -34.910190826633048 ], [ 150.609998680235805, -34.910111961443228 ], [ 150.609930563060971, -34.909927329419425 ], [ 150.609885805967821, -34.90976522627826 ], [ 150.609849196612601, -34.909629833980574 ], [ 150.609829871205221, -34.909526183205074 ], [ 150.609801473315855, -34.909453230653583 ], [ 150.609862567584514, -34.909277864431523 ], [ 150.609816972049629, -34.909118574523269 ], [ 150.609758419337936, -34.908969037908015 ], [ 150.609718672789285, -34.908791614303524 ], [ 150.609682207823198, -34.908537297300789 ], [ 150.609656024049968, -34.908323740413721 ], [ 150.609639271065731, -34.908134189044112 ], [ 150.60957182707844, -34.907844455119232 ], [ 150.609548798037281, -34.907614691183646 ], [ 150.609535325655003, -34.907394097709123 ], [ 150.609528665370107, -34.907208749327694 ], [ 150.609513695304486, -34.90704848349538 ], [ 150.609514100774049, -34.906757969884424 ], [ 150.609513535415346, -34.906447422383735 ], [ 150.609539316149267, -34.906170686999033 ], [ 150.609548828164662, -34.905909603052088 ], [ 150.609559100759583, -34.905733990352822 ], [ 150.609587543306674, -34.905555490768137 ], [ 150.609811438797436, -34.905585090387056 ], [ 150.609845905212609, -34.905407065343965 ], [ 150.609629835866116, -34.90537850596489 ], [ 150.609668005850608, -34.905219531021345 ], [ 150.609706121067916, -34.905060250279533 ] ], [ [ 150.610588358985638, -34.916818839607686 ], [ 150.610785827561557, -34.916843374635064 ], [ 150.610804732557824, -34.9168457234844 ], [ 150.610958957710778, -34.916864870383449 ], [ 150.611021419642611, -34.91687263297721 ], [ 150.611132080046929, -34.916886374747591 ], [ 150.611216198418475, -34.916896826827163 ], [ 150.611305211212198, -34.916907879941483 ], [ 150.611420031923416, -34.916922141395403 ], [ 150.611478342482343, -34.916929384892008 ], [ 150.611607191410997, -34.9169453941741 ], [ 150.61165147359614, -34.916950898608896 ], [ 150.6118246138264, -34.916972403244777 ], [ 150.612062437863358, -34.917001939655407 ], [ 150.612257548953693, -34.917026169930359 ], [ 150.612443570780982, -34.917049270149015 ], [ 150.612528746820743, -34.916704525662723 ], [ 150.612595815862022, -34.916566982071544 ], [ 150.612659227599693, -34.916219342266082 ], [ 150.612850556454759, -34.916243096950559 ], [ 150.612869192613203, -34.916244863242433 ], [ 150.612909423232651, -34.916086765468464 ], [ 150.612916477272535, -34.916058941856676 ], [ 150.612951939814678, -34.915919112691348 ], [ 150.612989257123104, -34.915771996300784 ], [ 150.612994464954539, -34.915751460060093 ], [ 150.613025615631869, -34.915628618438234 ], [ 150.613036981984294, -34.915583816261943 ], [ 150.613065478977177, -34.915471426572772 ], [ 150.61307949798865, -34.915416163406455 ], [ 150.613105852628536, -34.915312253336353 ], [ 150.613122014633262, -34.915248519556052 ], [ 150.613146209412406, -34.915153089664663 ], [ 150.613164531607282, -34.915080857660101 ], [ 150.613188814945431, -34.914985086932035 ], [ 150.61320689579793, -34.914913778704587 ], [ 150.613008468250655, -34.91487963434507 ], [ 150.6130990050805, -34.914523702615213 ], [ 150.613104903226542, -34.914500450233852 ], [ 150.613142848866318, -34.914341124664752 ], [ 150.613135479843436, -34.914340156794275 ], [ 150.613004963741076, -34.914323269048616 ], [ 150.612688560497162, -34.914281863630855 ], [ 150.612295389948429, -34.914230445464348 ], [ 150.611895514353506, -34.914179449512666 ], [ 150.611634266708762, -34.914145708464602 ], [ 150.611365784971099, -34.914111035790704 ], [ 150.611343912875952, -34.914098557302239 ], [ 150.611293733164359, -34.914037898460499 ], [ 150.611218855574492, -34.914333269362075 ], [ 150.611195092445172, -34.914426351748652 ], [ 150.611152566686627, -34.914594004606414 ], [ 150.611110049511865, -34.914761656709167 ], [ 150.611067542223651, -34.914929300870675 ], [ 150.611025025731436, -34.915096953843658 ], [ 150.610982518058108, -34.91526459795292 ], [ 150.610939992691669, -34.915432241691818 ], [ 150.610897484633313, -34.91559988574884 ], [ 150.610854976643594, -34.915767520770018 ], [ 150.610812468983823, -34.915935137745684 ], [ 150.610769952952523, -34.916102772563995 ], [ 150.610727445740309, -34.916270398518627 ], [ 150.610670613202245, -34.916494497371723 ], [ 150.610588358985638, -34.916818839607686 ] ], [ [ 150.612375510475346, -34.907777544167608 ], [ 150.612836305497609, -34.907839727253382 ], [ 150.612892617507754, -34.907708118997476 ], [ 150.612947182062868, -34.907580579932031 ], [ 150.613025563813068, -34.907397383266883 ], [ 150.613103182799165, -34.90721598894612 ], [ 150.613174169489469, -34.907050030198263 ], [ 150.613242251621443, -34.906890911595923 ], [ 150.613310189822215, -34.906732105638483 ], [ 150.61337812855183, -34.906573309560819 ], [ 150.613446219118941, -34.90641417295322 ], [ 150.613501778641364, -34.906284293939436 ], [ 150.613480031223077, -34.906253807519349 ], [ 150.613117733255507, -34.906205786693796 ], [ 150.612869178642285, -34.906172843601595 ], [ 150.612681293334845, -34.906147932860698 ], [ 150.612440510705113, -34.906116011577346 ], [ 150.61225084107582, -34.906090867677506 ], [ 150.612029385197729, -34.906061510691643 ], [ 150.611807965618027, -34.906032153116648 ], [ 150.611618224459079, -34.906006999616793 ], [ 150.611377666246227, -34.905975105893603 ], [ 150.61118788815233, -34.90594995280231 ], [ 150.610966468823051, -34.905920873168171 ], [ 150.610914262073663, -34.906187846289583 ], [ 150.610879462913545, -34.906365825448795 ], [ 150.610854256291049, -34.906462923581778 ], [ 150.610801942315987, -34.906730434501114 ], [ 150.610940731372096, -34.90674908001359 ], [ 150.611017839619677, -34.906759441932223 ], [ 150.611122548357287, -34.906773578437019 ], [ 150.611233801587105, -34.906788602604649 ], [ 150.611304294374577, -34.906798113056816 ], [ 150.611428159388822, -34.906814840055922 ], [ 150.611486047910631, -34.906822656569062 ], [ 150.61164407489585, -34.90684399097649 ], [ 150.611667793888898, -34.906847200563924 ], [ 150.611601029837828, -34.907182730596091 ], [ 150.611566769007027, -34.907324297817972 ], [ 150.611500094201887, -34.907659397699447 ], [ 150.61166187595478, -34.90768123415279 ], [ 150.611681068447382, -34.90768382466721 ], [ 150.611862043076883, -34.907708242359696 ], [ 150.611897334616486, -34.907713002811612 ], [ 150.612043026291758, -34.907732669869354 ], [ 150.612120036078608, -34.907743067935975 ], [ 150.612224000880047, -34.907757096941445 ], [ 150.612307168594413, -34.907768320001026 ], [ 150.612375510475346, -34.907777544167608 ] ], [ [ 150.611316256699382, -34.899821819130459 ], [ 150.611071871470358, -34.89978936039406 ], [ 150.611068347863693, -34.899806553662451 ], [ 150.611038766883922, -34.899950981417078 ], [ 150.611007295097551, -34.900104658184958 ], [ 150.610975723754592, -34.90025882068516 ], [ 150.61096089777476, -34.900331196114443 ], [ 150.610939626747012, -34.900435070727767 ], [ 150.610888147266138, -34.900686463602263 ], [ 150.611322749646291, -34.900743967143434 ], [ 150.611378163602467, -34.900473391168404 ], [ 150.611404481341509, -34.900344901452236 ], [ 150.611414880340874, -34.90029411154763 ], [ 150.611431212190411, -34.900214386095996 ], [ 150.611463670409591, -34.900055867785696 ], [ 150.611496137495863, -34.899897340620164 ], [ 150.611505899714729, -34.899849679862115 ], [ 150.611316256699382, -34.899821819130459 ] ], [ [ 150.615549489758848, -34.899725322376099 ], [ 150.615523853633505, -34.899854008620956 ], [ 150.615483130696134, -34.900053215052004 ], [ 150.615459618464115, -34.900168195282632 ], [ 150.615450511400184, -34.900212764541905 ], [ 150.615884602418845, -34.900273047142591 ], [ 150.615894444803757, -34.900224874608782 ], [ 150.615927566208995, -34.900062878282917 ], [ 150.615939640989751, -34.900003797384244 ], [ 150.615955713081775, -34.899925182171302 ], [ 150.615975988899891, -34.899826023420424 ], [ 150.61599805763143, -34.899718061666356 ], [ 150.61602575693226, -34.899582552767122 ], [ 150.616067464891444, -34.899378551495801 ], [ 150.616027674127992, -34.899373028813443 ], [ 150.61592955346751, -34.899359412738136 ], [ 150.615833494788603, -34.899346083158321 ], [ 150.6157790926149, -34.899338536466374 ], [ 150.615639316661714, -34.899319138120106 ], [ 150.615633373841632, -34.899318312908413 ], [ 150.615592221537753, -34.899519598818962 ], [ 150.615549489758848, -34.899725322376099 ] ], [ [ 150.613220144958376, -34.907488430992657 ], [ 150.613324485920117, -34.907518756292987 ], [ 150.613389879020815, -34.907365777090924 ], [ 150.613455272098577, -34.907212789731517 ], [ 150.613520664683904, -34.907059810432294 ], [ 150.613586057246266, -34.906906822975749 ], [ 150.613651449290131, -34.906753844480363 ], [ 150.613733264629872, -34.906562446313004 ], [ 150.613805613467179, -34.90639317930475 ], [ 150.614027867224621, -34.90647472496449 ], [ 150.614142122065829, -34.906688524526537 ], [ 150.614156886065075, -34.906684186284927 ], [ 150.61417225857204, -34.906681622398828 ], [ 150.614187910544302, -34.90668089672117 ], [ 150.614203525258148, -34.906682025568202 ], [ 150.614115651320049, -34.906340588957988 ], [ 150.613733614358352, -34.906290049331268 ], [ 150.6132332776574, -34.90745778340311 ], [ 150.613220144958376, -34.907488430992657 ] ], [ [ 150.614869395691017, -34.910139721127379 ], [ 150.614862232815597, -34.910175585819339 ], [ 150.614855106343981, -34.910211288957967 ], [ 150.614908461045388, -34.910218101655694 ], [ 150.614962621216563, -34.910225443091591 ], [ 150.614970213477193, -34.910190206145202 ], [ 150.614977375786196, -34.910154359464578 ], [ 150.614869395691017, -34.910139721127379 ] ] ] ] } },
{ "type": "Feature", "properties": { "OBJECTID": 442, "Comments": "Downloaded from SEED Map Service 20250513", "FSource": "https://mapprod3.environment.nsw.gov.au/arcgis/rest/services/Planning/EPI_Primary_Planning_Layers/MapServer/2", "SourceDate": 20250513.0, "Supplier": "DOP", "EPI_NAME": "Shoalhaven Local Environmental Plan 2014", "LGA_NAME": "SHOALHAVEN", "PUBLISHED_DATE": "20140408000000", "COMMENCED_DATE": "20140422000000", "CURRENCY_DATE": "20240823000000", "AMENDMENT": null, "MAP_TYPE": "LZN", "MAP_NAME": "Land Zoning Map", "LAY_NAME": "Zone", "LAY_CLASS": "General Residential", "PCO_REF_KEY": "2014-179", "EPI_TYPE": "LEP", "SYM_CODE": "R1", "PURPOSE": null, "arcgisonline_objectid": 586632.0, "arcgisonline_type": "arcgisonline_polygon", "multi_reader_type": "ARCGISFEATURES", "SHAPE_Length": 518.11026262898883, "SHAPE_Area": 11883.398056871456 }, "geometry": { "type": "MultiPolygon", "coordinates": [ [ [ [ 150.603320050621221, -34.897826102866375 ], [ 150.60333787966664, -34.897838509261611 ], [ 150.603355906399713, -34.897849911694401 ], [ 150.603373861055729, -34.897861384821432 ], [ 150.603391753162413, -34.897872939648515 ], [ 150.603409573165862, -34.897884566070864 ], [ 150.60342733143176, -34.897896246263308 ], [ 150.603445017070698, -34.897908016070438 ], [ 150.603462631935713, -34.897919849385815 ], [ 150.603480183760126, -34.89793174365753 ], [ 150.603497662335428, -34.897943711305025 ], [ 150.603515079795471, -34.897955748961763 ], [ 150.603532416351555, -34.897967859843355 ], [ 150.603549680804491, -34.897980042320469 ], [ 150.603566873468452, -34.897992285581481 ], [ 150.603584003792747, -34.898004603335139 ], [ 150.603601053579666, -34.898016981700209 ], [ 150.603618031237261, -34.89802943256187 ], [ 150.603634937289229, -34.898041937900814 ], [ 150.603651772095958, -34.89805452296573 ], [ 150.60366853503524, -34.898067171517667 ], [ 150.603685217149177, -34.898079890591816 ], [ 150.603701826275881, -34.898092674032441 ], [ 150.603718357026196, -34.898105519028817 ], [ 150.603751209276282, -34.898131406820141 ], [ 150.603767515204481, -34.898144458322868 ], [ 150.603783748459676, -34.898157563380593 ], [ 150.603799910679129, -34.898170740956807 ], [ 150.603831984004273, -34.898197266038039 ], [ 150.603847913202969, -34.898210631028171 ], [ 150.603863751969868, -34.898224058238043 ], [ 150.603879520198518, -34.898237540848157 ], [ 150.603895206482008, -34.898251094860278 ], [ 150.603897869039457, -34.898253415512322 ], [ 150.604161195210509, -34.898515423172654 ], [ 150.604311611530449, -34.898665112544506 ], [ 150.604443540527512, -34.898884192274821 ], [ 150.604330203328317, -34.898867984240304 ], [ 150.603681453594106, -34.898779417213085 ], [ 150.60355388571071, -34.898732259236013 ], [ 150.603391674046605, -34.898694314170427 ], [ 150.60322947017255, -34.898656369945975 ], [ 150.602922579140596, -34.898584567658389 ], [ 150.602562943888302, -34.898500440727645 ], [ 150.602524207280283, -34.898521447104216 ], [ 150.602571414668802, -34.898286237584415 ], [ 150.602598218217139, -34.898320848071052 ], [ 150.602723497883233, -34.898350134117848 ], [ 150.602579446649969, -34.898244816021752 ], [ 150.602604348485414, -34.898116389752651 ], [ 150.602642544876346, -34.897919415514551 ], [ 150.602680730069324, -34.897722442837328 ], [ 150.603320050621221, -34.897826102866375 ] ] ] ] } },
{ "type": "Feature", "properties": { "OBJECTID": 447, "Comments": "Downloaded from SEED Map Service 20250513", "FSource": "https://mapprod3.environment.nsw.gov.au/arcgis/rest/services/Planning/EPI_Primary_Planning_Layers/MapServer/2", "SourceDate": 20250513.0, "Supplier": "DOP", "EPI_NAME": "Shoalhaven Local Environmental Plan 2014", "LGA_NAME": "SHOALHAVEN", "PUBLISHED_DATE": "20140408000000", "COMMENCED_DATE": "20140422000000", "CURRENCY_DATE": "20240823000000", "AMENDMENT": null, "MAP_TYPE": "LZN", "MAP_NAME": "Land Zoning Map", "LAY_NAME": "Zone", "LAY_CLASS": "General Residential", "PCO_REF_KEY": "2014-179", "EPI_TYPE": "LEP", "SYM_CODE": "R1", "PURPOSE": null, "arcgisonline_objectid": 586637.0, "arcgisonline_type": "arcgisonline_polygon", "multi_reader_type": "ARCGISFEATURES", "SHAPE_Length": 1373.3569416107548, "SHAPE_Area": 22899.719840432681 }, "geometry": { "type": "MultiPolygon", "coordinates": [ [ [ [ 150.619993088561472, -34.891112840595248 ], [ 150.620424392119588, -34.891173947568028 ], [ 150.620416683156719, -34.891214070622382 ], [ 150.620400118758994, -34.891300151250491 ], [ 150.620389074958069, -34.891385138317553 ], [ 150.62038309572128, -34.891431177465449 ], [ 150.620374402025362, -34.891562733723667 ], [ 150.62032978745728, -34.891600937635083 ], [ 150.620283757518621, -34.891605186252555 ], [ 150.620238068128913, -34.891611434716012 ], [ 150.620200338832262, -34.8916181582115 ], [ 150.620163013630815, -34.891626233731273 ], [ 150.620139070629762, -34.891632366333837 ], [ 150.620104871794894, -34.891613425040468 ], [ 150.620065349229179, -34.891541847863692 ], [ 150.620026956331031, -34.891424903716661 ], [ 150.620154917804427, -34.891424329939277 ], [ 150.620167430580665, -34.891228296459346 ], [ 150.619897774487157, -34.891190944521298 ], [ 150.619891967032743, -34.891217675301178 ], [ 150.618842846132566, -34.891072282573326 ], [ 150.618996572134535, -34.891356037102341 ], [ 150.619058943792055, -34.891458736460166 ], [ 150.618979990760153, -34.891947874183813 ], [ 150.618453787925318, -34.892310495620904 ], [ 150.618422441075779, -34.892369021514838 ], [ 150.618435466298564, -34.892619528350487 ], [ 150.618129625087079, -34.892980221304633 ], [ 150.61809239792683, -34.893044430187473 ], [ 150.618003172676282, -34.893298702717843 ], [ 150.61757530327597, -34.893551371418575 ], [ 150.61740700313797, -34.893411865026955 ], [ 150.617291198018933, -34.89331604009783 ], [ 150.617225096839917, -34.893261459400506 ], [ 150.617224972131368, -34.893258088092118 ], [ 150.617216633310676, -34.893037655743434 ], [ 150.617222925791367, -34.892944824872018 ], [ 150.617315703205577, -34.892956316533457 ], [ 150.617316752288559, -34.892956549859427 ], [ 150.617317810926409, -34.892956755426638 ], [ 150.617318867819421, -34.892956907771783 ], [ 150.617319916719282, -34.892957033816984 ], [ 150.617320974366834, -34.892957122171232 ], [ 150.617322032170193, -34.892957167257059 ], [ 150.617323080912968, -34.892957185120537 ], [ 150.617324112081349, -34.892957167481271 ], [ 150.617325151086135, -34.892957105822759 ], [ 150.617326182436074, -34.892957006151583 ], [ 150.617327195665041, -34.89295688989823 ], [ 150.617328199781014, -34.892956710361936 ], [ 150.617329194550024, -34.892956513514036 ], [ 150.61733018103925, -34.89295626241443 ], [ 150.61733238539648, -34.892955742215776 ], [ 150.617334563431285, -34.892955186342782 ], [ 150.617336724959188, -34.892954595889456 ], [ 150.617338875551752, -34.892953967359112 ], [ 150.617340990761591, -34.892953313794628 ], [ 150.617343061424293, -34.892952649440062 ], [ 150.617345124015372, -34.892951923625951 ], [ 150.617347140340854, -34.892951170761279 ], [ 150.617349220006133, -34.892949853905456 ], [ 150.617351245803377, -34.892948508046992 ], [ 150.617353226090017, -34.892947146872139 ], [ 150.61735513641878, -34.892945783423777 ], [ 150.617357045809825, -34.892944376685541 ], [ 150.617358865273701, -34.892942977198523 ], [ 150.617360021245531, -34.89294166927197 ], [ 150.617361141652452, -34.892940342618147 ], [ 150.617362217746489, -34.892938997065478 ], [ 150.617363257104017, -34.892937635467028 ], [ 150.617364243973668, -34.892936272839194 ], [ 150.61736518431735, -34.892934892170629 ], [ 150.617366090736567, -34.892933511738228 ], [ 150.617370984395507, -34.892924395399071 ], [ 150.617400144371175, -34.892870136029217 ], [ 150.617477395158716, -34.89272637250054 ], [ 150.617477645802182, -34.892726255714855 ], [ 150.617477431109251, -34.892725923362732 ], [ 150.61747781712188, -34.892721764252315 ], [ 150.617478086312701, -34.892717596540493 ], [ 150.617478561186203, -34.892713580706385 ], [ 150.617478873311114, -34.892709555370246 ], [ 150.617479036277786, -34.892705504571808 ], [ 150.61747949264219, -34.892701712845387 ], [ 150.617479797713457, -34.892697893811807 ], [ 150.617479940869401, -34.892694074307435 ], [ 150.617480290541607, -34.892690453574517 ], [ 150.617480506000646, -34.89268685815572 ], [ 150.61748093620335, -34.892683479699514 ], [ 150.617481195742783, -34.892680100600948 ], [ 150.617481303547123, -34.892676747374409 ], [ 150.617481716230969, -34.892673672376283 ], [ 150.61748197600815, -34.892670625931679 ], [ 150.617482029635767, -34.892667595277111 ], [ 150.617599358887958, -34.892685746993578 ], [ 150.617661066952508, -34.892593964889066 ], [ 150.61768829943361, -34.892577524760476 ], [ 150.61772936408056, -34.892558153767112 ], [ 150.61777042764129, -34.89253878183662 ], [ 150.617803594160307, -34.892495800113949 ], [ 150.617819738846464, -34.892471329342563 ], [ 150.617853917690525, -34.892382953155668 ], [ 150.61787972527793, -34.89231492529489 ], [ 150.617881597598057, -34.892310255333086 ], [ 150.617883614441354, -34.89230561975706 ], [ 150.617885704027827, -34.892301003637044 ], [ 150.617887855214349, -34.892296413966505 ], [ 150.617890096405631, -34.892291852203797 ], [ 150.617892399483253, -34.892287306979782 ], [ 150.617894784103925, -34.892282779581329 ], [ 150.617897230871648, -34.8922782975743 ], [ 150.617899749315029, -34.892273834100848 ], [ 150.617902349327466, -34.89226938755197 ], [ 150.617905011460948, -34.892264987295469 ], [ 150.617907763937382, -34.892260603234078 ], [ 150.617910561039025, -34.892256265122029 ], [ 150.617913447103916, -34.892251953094402 ], [ 150.617916395862295, -34.892247667537603 ], [ 150.617919380758138, -34.892243418748805 ], [ 150.617922419313288, -34.89223920617011 ], [ 150.617925539437465, -34.892235010515932 ], [ 150.617928721682574, -34.89223086115409 ], [ 150.617931975994225, -34.892226754673658 ], [ 150.617935291827735, -34.892222677345508 ], [ 150.617938680560968, -34.892218651929966 ], [ 150.617942140709545, -34.892214654057703 ], [ 150.617945672872537, -34.892210700868759 ], [ 150.617949266089028, -34.892206793049709 ], [ 150.617952941447527, -34.892202920196155 ], [ 150.617956151145734, -34.892199638604005 ], [ 150.617959413383772, -34.892196394101454 ], [ 150.617962721652788, -34.892193184757872 ], [ 150.617966075093477, -34.892190002443037 ], [ 150.61797899182227, -34.892177927834901 ], [ 150.61800436830174, -34.892154182536494 ], [ 150.618145237400938, -34.89205391139614 ], [ 150.618169224740342, -34.89202943025672 ], [ 150.618222685138448, -34.891940346565178 ], [ 150.618241715362217, -34.891910398059558 ], [ 150.618244970065973, -34.891905216101385 ], [ 150.618248152208253, -34.891900008380404 ], [ 150.618251262361468, -34.891894755075093 ], [ 150.618254291752521, -34.891889494777502 ], [ 150.618257268889295, -34.891884187479477 ], [ 150.618260163389124, -34.891878862334558 ], [ 150.618262979026809, -34.891873502288448 ], [ 150.618265730642889, -34.89186812385892 ], [ 150.61826841081708, -34.891862718787081 ], [ 150.61827102722981, -34.891857286322008 ], [ 150.618273556032563, -34.891851818784296 ], [ 150.618276012065877, -34.891846332691657 ], [ 150.618278396163021, -34.891840837075335 ], [ 150.618280699211141, -34.891835306514999 ], [ 150.618282940138499, -34.891829767524889 ], [ 150.618285110769563, -34.891824200111991 ], [ 150.618287189989957, -34.891818615581741 ], [ 150.61828919750846, -34.891813013419018 ], [ 150.618291142124917, -34.89180739199336 ], [ 150.618292998845334, -34.89180174540585 ], [ 150.618294782276109, -34.891796098283045 ], [ 150.618296485257133, -34.891790433356313 ], [ 150.618298125596311, -34.891784740156851 ], [ 150.618331427054471, -34.891638359235841 ], [ 150.618361984417248, -34.891514181368812 ], [ 150.618364987834553, -34.891513912102994 ], [ 150.618367981278766, -34.891513571423971 ], [ 150.618370966416563, -34.891513177394202 ], [ 150.618373933926904, -34.891512711801155 ], [ 150.61837688222198, -34.891512191742038 ], [ 150.618379822756964, -34.891511599411601 ], [ 150.618382735276839, -34.891510954245554 ], [ 150.618385631288703, -34.891510236636726 ], [ 150.618388499285459, -34.891509466192282 ], [ 150.618391350514059, -34.891508632314832 ], [ 150.618394173987696, -34.891507736592004 ], [ 150.618396961869877, -34.891506785180574 ], [ 150.618515546353706, -34.891464815947444 ], [ 150.618518244671037, -34.891463821309031 ], [ 150.618520915025158, -34.891462772033101 ], [ 150.618523550229952, -34.891461651751982 ], [ 150.61852614104339, -34.891460477412814 ], [ 150.618528696213275, -34.891459249187051 ], [ 150.61853120613236, -34.891457958772989 ], [ 150.61853367166006, -34.891456614300871 ], [ 150.618536091963023, -34.891455206739494 ], [ 150.618538467614428, -34.891453754129856 ], [ 150.618540788147726, -34.891452240040003 ], [ 150.618543065148998, -34.891450680022359 ], [ 150.618545279143632, -34.891449066483275 ], [ 150.618547448486765, -34.891447407895953 ], [ 150.618549555916758, -34.891445695808628 ], [ 150.618551608827914, -34.891443939381155 ], [ 150.618553598784501, -34.891442127630299 ], [ 150.618555525162236, -34.891440282179559 ], [ 150.618557390512194, -34.891438390458106 ], [ 150.618559173746206, -34.891436462870452 ], [ 150.618560885799042, -34.891434499630925 ], [ 150.61856253567862, -34.89143249190122 ], [ 150.618564121797249, -34.891430456778508 ], [ 150.618565645742677, -34.891428377165617 ], [ 150.618567098246757, -34.891426270910678 ], [ 150.618568478242082, -34.891424137091256 ], [ 150.618569787056231, -34.891421967619983 ], [ 150.61857103317692, -34.89141977167813 ], [ 150.618572198014959, -34.89141754890133 ], [ 150.618573301279099, -34.891415298774398 ], [ 150.618574321906976, -34.891413030800884 ], [ 150.618575273280555, -34.891410736228174 ], [ 150.618576142017929, -34.891408423808898 ], [ 150.618576940173398, -34.891406092877816 ], [ 150.61857766605425, -34.891403726273481 ], [ 150.618578311225747, -34.891401350875206 ], [ 150.618578875948032, -34.891398957673232 ], [ 150.618579359987024, -34.89139655477635 ], [ 150.618579773392042, -34.891394135169655 ], [ 150.618580094918912, -34.891391714663506 ], [ 150.618580336803888, -34.891389286285829 ], [ 150.618580499125073, -34.891386847333749 ], [ 150.61858057938332, -34.891384408576101 ], [ 150.618580579739643, -34.891381970956729 ], [ 150.618580490378719, -34.891379533381766 ], [ 150.618580328588081, -34.891377103402007 ], [ 150.618580077054247, -34.891374674367619 ], [ 150.618579755511803, -34.891372244862453 ], [ 150.618579342612378, -34.891369834300839 ], [ 150.618578858376793, -34.891367431355832 ], [ 150.618578285231337, -34.89136503838742 ], [ 150.618577639396079, -34.891362662024001 ], [ 150.61857691339884, -34.891360295808646 ], [ 150.61857610593799, -34.891357946927776 ], [ 150.618575218888338, -34.891355626235992 ], [ 150.618574251494579, -34.891353321999127 ], [ 150.618573211359092, -34.891351036169183 ], [ 150.618572099341151, -34.891348776876406 ], [ 150.618517965208241, -34.891243370212806 ], [ 150.618515939998161, -34.891239506398705 ], [ 150.618513824004623, -34.891235679569085 ], [ 150.618511636415064, -34.891231869365789 ], [ 150.618509368742707, -34.89122810447013 ], [ 150.618507020700491, -34.891224356930323 ], [ 150.618504600203835, -34.891220655749123 ], [ 150.618502099936563, -34.891216989063807 ], [ 150.618499526667676, -34.891213349795116 ], [ 150.618496882089886, -34.891209755104533 ], [ 150.618494156856087, -34.891206187680524 ], [ 150.618491360313413, -34.891202664834616 ], [ 150.618488491368339, -34.891199186545343 ], [ 150.618485551348471, -34.891195744725366 ], [ 150.61848253892623, -34.891192347462002 ], [ 150.618479456548727, -34.891188985788368 ], [ 150.61847630913698, -34.891185678732178 ], [ 150.618473090702537, -34.891182406343262 ], [ 150.618469800933184, -34.891179179433394 ], [ 150.618466449436085, -34.891176006304285 ], [ 150.618463034284417, -34.891172877903244 ], [ 150.618459556337569, -34.891169802360544 ], [ 150.618456014944286, -34.891166764338081 ], [ 150.618452401721811, -34.891163788913218 ], [ 150.618448735831635, -34.891160856628829 ], [ 150.618445007068175, -34.891157979905657 ], [ 150.618441224283345, -34.891155155311303 ], [ 150.618437378651294, -34.891152385377197 ], [ 150.618433470171993, -34.891149670103324 ], [ 150.618429517486561, -34.89114700805213 ], [ 150.618425500886474, -34.891144399738756 ], [ 150.618421440913551, -34.891141853679287 ], [ 150.618417325773748, -34.891139361529092 ], [ 150.618413157393888, -34.891136932340842 ], [ 150.618408936034029, -34.891134557104749 ], [ 150.618404669114398, -34.891132244079643 ], [ 150.618400357962628, -34.891129985178161 ], [ 150.618396000990913, -34.89112779749744 ], [ 150.618391591013221, -34.891125664669843 ], [ 150.618387145317058, -34.891123594246132 ], [ 150.618383961815766, -34.891122105685028 ], [ 150.618380824968085, -34.891120554934162 ], [ 150.618377732326934, -34.89111895096044 ], [ 150.618374685271931, -34.89111728387455 ], [ 150.618371691223274, -34.891115561935329 ], [ 150.618368732867509, -34.891113778492986 ], [ 150.618365836239889, -34.891111941269799 ], [ 150.618362986865094, -34.891110058996901 ], [ 150.618360189663321, -34.891108112839468 ], [ 150.61835744650935, -34.891106113652135 ], [ 150.618354758210529, -34.891104071367117 ], [ 150.618352130624402, -34.891101972576891 ], [ 150.618349567734668, -34.891099830881892 ], [ 150.618347057851281, -34.891097634333605 ], [ 150.618344610529391, -34.891095393035741 ], [ 150.618342225742964, -34.891093107889262 ], [ 150.618339912291759, -34.891090777263713 ], [ 150.618337653747716, -34.891088401738521 ], [ 150.618335466278779, -34.891085989744056 ], [ 150.61833335118655, -34.891083534093923 ], [ 150.618331298681824, -34.891081032793238 ], [ 150.618329318059466, -34.891078504955487 ], [ 150.618327408720347, -34.891075933440646 ], [ 150.618325570508375, -34.891073323654574 ], [ 150.618323813968004, -34.891070689326327 ], [ 150.618322119780942, -34.891068017456355 ], [ 150.618320505390727, -34.89106531018961 ], [ 150.618295030240944, -34.891021404995563 ], [ 150.618293290749364, -34.891018483426109 ], [ 150.618291471227082, -34.89101560536222 ], [ 150.618289571282986, -34.891012746455978 ], [ 150.618287598962496, -34.89100993120536 ], [ 150.618285555567212, -34.891007152423889 ], [ 150.618283430188427, -34.891004408996281 ], [ 150.618281234568144, -34.89100171106908 ], [ 150.61827896568613, -34.89099904956818 ], [ 150.618276626640693, -34.890996430864753 ], [ 150.618274224122729, -34.890993850582497 ], [ 150.618271741339981, -34.890991321914555 ], [ 150.618269204717819, -34.890988839068548 ], [ 150.618266586945509, -34.890986400607588 ], [ 150.618263916453287, -34.890984007089003 ], [ 150.618261173298578, -34.890981667136735 ], [ 150.618258376044281, -34.890979382016177 ], [ 150.618255507481138, -34.890977141473563 ], [ 150.618252584896453, -34.89097495305969 ], [ 150.618249609279729, -34.890972820399952 ], [ 150.618246569514099, -34.890970749586792 ], [ 150.618243478122054, -34.890968723737416 ], [ 150.61824033239634, -34.890966760828533 ], [ 150.618237140017271, -34.8909648601092 ], [ 150.618233885910371, -34.890963013170527 ], [ 150.618230597386429, -34.890961221449345 ], [ 150.618227243359939, -34.890959500563099 ], [ 150.618223856087923, -34.890957832212877 ], [ 150.618220423177974, -34.890956228776567 ], [ 150.618216944734115, -34.890954686650232 ], [ 150.618213430285437, -34.890953216838582 ], [ 150.618209871656461, -34.890951799348557 ], [ 150.618206285744407, -34.890950455245665 ], [ 150.618202655365906, -34.890949173375169 ], [ 150.618198998823772, -34.890947964012256 ], [ 150.618195304376002, -34.890946817010359 ], [ 150.618191576162332, -34.890945740564014 ], [ 150.618187829699508, -34.890944727765508 ], [ 150.618184047257785, -34.890943786380674 ], [ 150.618180245239245, -34.890942916731056 ], [ 150.618176427184494, -34.890942109871162 ], [ 150.618172581638419, -34.890941383606211 ], [ 150.618168717843133, -34.890940720989093 ], [ 150.61816483670998, -34.89094012834807 ], [ 150.618160938160912, -34.890939608386127 ], [ 150.618157028782747, -34.890939160330859 ], [ 150.618153111829912, -34.890938785147583 ], [ 150.618149185193431, -34.890938480090483 ], [ 150.618145251008258, -34.890938247004385 ], [ 150.618141305993959, -34.89093808582497 ], [ 150.61813736111128, -34.890937995865634 ], [ 150.618133417427629, -34.890937978048811 ], [ 150.618129465101759, -34.890938032181538 ], [ 150.618125520587768, -34.890938156783434 ], [ 150.618121585994544, -34.890938354600301 ], [ 150.61811765046545, -34.890938622714842 ], [ 150.618113723763599, -34.890938964022894 ], [ 150.618109815808339, -34.890939376014494 ], [ 150.618105907958579, -34.890939860127183 ], [ 150.618102025390158, -34.890940415952997 ], [ 150.618098153861951, -34.890941044114257 ], [ 150.618094298893311, -34.890941742916169 ], [ 150.618090462619193, -34.890942514203587 ], [ 150.618086653006031, -34.890943347314831 ], [ 150.618082860733693, -34.890944261899939 ], [ 150.618079095356478, -34.890945230200053 ], [ 150.618075357187337, -34.890946279265989 ], [ 150.617931360631474, -34.890987988738296 ], [ 150.617881422858176, -34.890964619343279 ], [ 150.617876429547692, -34.890948968952934 ], [ 150.617899269095972, -34.89089462877417 ], [ 150.617926456820726, -34.890879640898284 ], [ 150.617928976308093, -34.890878170386223 ], [ 150.617931431930458, -34.890876638222181 ], [ 150.617933815772631, -34.890875015403324 ], [ 150.617936146970692, -34.890873321236128 ], [ 150.617938415423168, -34.89087156453742 ], [ 150.617940593220226, -34.890869726730202 ], [ 150.617942708271727, -34.890867826391492 ], [ 150.617944751829896, -34.890865863349774 ], [ 150.617946715407157, -34.89086382842374 ], [ 150.617948616264897, -34.890861730065225 ], [ 150.617950435133594, -34.890859364159965 ], [ 150.617952173761211, -34.890856935380164 ], [ 150.617953815225263, -34.890854461423871 ], [ 150.617955347497599, -34.890851942055242 ], [ 150.617956791328169, -34.890849378582594 ], [ 150.617958144555985, -34.890846770062069 ], [ 150.617959380677661, -34.890844124988945 ], [ 150.617960277720613, -34.890841552598793 ], [ 150.617961076246416, -34.890838944020501 ], [ 150.617961775135569, -34.8908363001336 ], [ 150.61796236652566, -34.890833627995882 ], [ 150.617962867573993, -34.890830939663068 ], [ 150.617963263050001, -34.890828232132101 ], [ 150.617963559462538, -34.890825507333538 ], [ 150.617963513712766, -34.890817771661261 ], [ 150.617963245091318, -34.890815253043399 ], [ 150.617962876938094, -34.890812733375576 ], [ 150.617962410788834, -34.890810197362612 ], [ 150.617961854949044, -34.890807660492626 ], [ 150.61796120064497, -34.890805123495113 ], [ 150.617960160956443, -34.890801762192673 ], [ 150.617959138801496, -34.890799081858169 ], [ 150.617958054246117, -34.890796705904968 ], [ 150.617957014268882, -34.890794680603477 ], [ 150.617955499690396, -34.890792116822823 ], [ 150.617834745567876, -34.89058476236076 ], [ 150.617833257111073, -34.89058227932334 ], [ 150.617831696746407, -34.890579823723662 ], [ 150.617830074367021, -34.890577393952668 ], [ 150.617828372165292, -34.890575000479117 ], [ 150.617826614223446, -34.890572642873686 ], [ 150.617824777552727, -34.890570321587091 ], [ 150.61782288540212, -34.890568027158828 ], [ 150.617820921968701, -34.890565776407314 ], [ 150.617818896208433, -34.890563562296258 ], [ 150.617816807861033, -34.890561393835419 ], [ 150.617814656145327, -34.890559260191615 ], [ 150.61781244296202, -34.890557171318513 ], [ 150.61781017487192, -34.890555127344712 ], [ 150.617807844194743, -34.890553129021136 ], [ 150.617805459730221, -34.890551174717331 ], [ 150.617803021452403, -34.890549265334272 ], [ 150.617800529101004, -34.890547409881755 ], [ 150.617795384077738, -34.890543832859429 ], [ 150.617792667619909, -34.890542084797204 ], [ 150.617789907189945, -34.890540381848687 ], [ 150.617787092426255, -34.890538741840466 ], [ 150.617784232362737, -34.890537155033321 ], [ 150.617781328900179, -34.890535631380857 ], [ 150.617778379044296, -34.890534160907997 ], [ 150.617775384956104, -34.890532744558605 ], [ 150.617772355123066, -34.890531391513989 ], [ 150.617769280823467, -34.890530100701639 ], [ 150.617766179552802, -34.890528872464593 ], [ 150.617763032696075, -34.890527707339331 ], [ 150.617759859961723, -34.890526604810844 ], [ 150.617756650415032, -34.890525564664664 ], [ 150.617790255781273, -34.890441975838044 ], [ 150.617944033128538, -34.890384712869619 ], [ 150.617975138202326, -34.89033454184235 ], [ 150.617946524868699, -34.890219247437251 ], [ 150.617966317565617, -34.890164361595609 ], [ 150.618102803184655, -34.89033553657903 ], [ 150.618260310476728, -34.890615669113622 ], [ 150.618312436796288, -34.890671343744792 ], [ 150.618697190517395, -34.890933279488017 ], [ 150.619917612529406, -34.891102147007501 ], [ 150.619993088561472, -34.891112840595248 ] ] ] ] } },
{ "type": "Feature", "properties": { "OBJECTID": 451, "Comments": "Downloaded from SEED Map Service 20250513", "FSource": "https://mapprod3.environment.nsw.gov.au/arcgis/rest/services/Planning/EPI_Primary_Planning_Layers/MapServer/2", "SourceDate": 20250513.0, "Supplier": "DOP", "EPI_NAME": "Shoalhaven Local Environmental Plan 2014", "LGA_NAME": "SHOALHAVEN", "PUBLISHED_DATE": "20140408000000", "COMMENCED_DATE": "20140422000000", "CURRENCY_DATE": "20240823000000", "AMENDMENT": null, "MAP_TYPE": "LZN", "MAP_NAME": "Land Zoning Map", "LAY_NAME": "Zone", "LAY_CLASS": "General Residential", "PCO_REF_KEY": "2014-179", "EPI_TYPE": "LEP", "SYM_CODE": "R1", "PURPOSE": null, "arcgisonline_objectid": 586651.0, "arcgisonline_type": "arcgisonline_polygon", "multi_reader_type": "ARCGISFEATURES", "SHAPE_Length": 701.88144859464001, "SHAPE_Area": 30579.551756723205 }, "geometry": { "type": "MultiPolygon", "coordinates": [ [ [ [ 150.609504927280454, -34.888837439531471 ], [ 150.609502785268745, -34.888848231460635 ], [ 150.609479057183393, -34.888967533491751 ], [ 150.609451017724354, -34.889108528813352 ], [ 150.609422979248791, -34.889249524143132 ], [ 150.609394938502533, -34.88939051851554 ], [ 150.609366898713688, -34.889531513797095 ], [ 150.609338859934468, -34.889672508185811 ], [ 150.609310819899605, -34.889813504341625 ], [ 150.609282779807018, -34.889954498682116 ], [ 150.609253118860494, -34.890103623180508 ], [ 150.609226163520304, -34.890239193862044 ], [ 150.609183021320575, -34.890456102695715 ], [ 150.609173322448129, -34.890504903147587 ], [ 150.609169969649571, -34.890521756277259 ], [ 150.607432774177539, -34.890286197772497 ], [ 150.607498505381443, -34.889955239362827 ], [ 150.607769329016918, -34.888591668936392 ], [ 150.608420465217762, -34.888683879980839 ], [ 150.609143437548994, -34.888786255538719 ], [ 150.609504927280454, -34.888837439531471 ] ] ] ] } },
{ "type": "Feature", "properties": { "OBJECTID": 464, "Comments": "Downloaded from SEED Map Service 20250513", "FSource": "https://mapprod3.environment.nsw.gov.au/arcgis/rest/services/Planning/EPI_Primary_Planning_Layers/MapServer/2", "SourceDate": 20250513.0, "Supplier": "DOP", "EPI_NAME": "Shoalhaven Local Environmental Plan 2014", "LGA_NAME": "SHOALHAVEN", "PUBLISHED_DATE": "20140408000000", "COMMENCED_DATE": "20140422000000", "CURRENCY_DATE": "20240823000000", "AMENDMENT": null, "MAP_TYPE": "LZN", "MAP_NAME": "Land Zoning Map", "LAY_NAME": "Zone", "LAY_CLASS": "General Residential", "PCO_REF_KEY": "2014-179", "EPI_TYPE": "LEP", "SYM_CODE": "R1", "PURPOSE": null, "arcgisonline_objectid": 586665.0, "arcgisonline_type": "arcgisonline_polygon", "multi_reader_type": "ARCGISFEATURES", "SHAPE_Length": 312.46278750390218, "SHAPE_Area": 5714.8884738803108 }, "geometry": { "type": "MultiPolygon", "coordinates": [ [ [ [ 150.607603969089865, -34.894009359821261 ], [ 150.6075447805419, -34.894300706676702 ], [ 150.607476690775712, -34.894635877019027 ], [ 150.607451403795636, -34.894760350239267 ], [ 150.607331420477351, -34.894743758197308 ], [ 150.606936735439035, -34.894689186381612 ], [ 150.606771861390314, -34.894666471890424 ], [ 150.606798483395607, -34.894533052640234 ], [ 150.606928773176492, -34.893879993617162 ], [ 150.607087839703638, -34.893901596433665 ], [ 150.607239044099771, -34.89388144511841 ], [ 150.607352439134672, -34.8938663320206 ], [ 150.607406446796176, -34.893841009155786 ], [ 150.607542637225976, -34.894038116536848 ], [ 150.607603969089865, -34.894009359821261 ] ] ] ] } },
{ "type": "Feature", "properties": { "OBJECTID": 466, "Comments": "Downloaded from SEED Map Service 20250513", "FSource": "https://mapprod3.environment.nsw.gov.au/arcgis/rest/services/Planning/EPI_Primary_Planning_Layers/MapServer/2", "SourceDate": 20250513.0, "Supplier": "DOP", "EPI_NAME": "Shoalhaven Local Environmental Plan 2014", "LGA_NAME": "SHOALHAVEN", "PUBLISHED_DATE": "20140408000000", "COMMENCED_DATE": "20140422000000", "CURRENCY_DATE": "20240823000000", "AMENDMENT": null, "MAP_TYPE": "LZN", "MAP_NAME": "Land Zoning Map", "LAY_NAME": "Zone", "LAY_CLASS": "General Residential", "PCO_REF_KEY": "2014-179", "EPI_TYPE": "LEP", "SYM_CODE": "R1", "PURPOSE": null, "arcgisonline_objectid": 586667.0, "arcgisonline_type": "arcgisonline_polygon", "multi_reader_type": "ARCGISFEATURES", "SHAPE_Length": 2116.2230804363899, "SHAPE_Area": 103708.63085487972 }, "geometry": { "type": "MultiPolygon", "coordinates": [ [ [ [ 150.592448036100734, -34.892817153744943 ], [ 150.592650433557793, -34.89284453992817 ], [ 150.592482125710802, -34.89300552253389 ], [ 150.592481631787507, -34.893005988728909 ], [ 150.592481138694694, -34.893006463955217 ], [ 150.592379273115569, -34.893103893250746 ], [ 150.592314876308393, -34.893165492765796 ], [ 150.592312850653201, -34.893167419656557 ], [ 150.591976880254947, -34.893488453449947 ], [ 150.591644979276651, -34.893806198074643 ], [ 150.59153614811197, -34.893910278491397 ], [ 150.591481735291097, -34.893962314207762 ], [ 150.591427324324854, -34.894014358949505 ], [ 150.591304822753131, -34.894131508255519 ], [ 150.591134229614596, -34.894293307162052 ], [ 150.590965787821546, -34.894454173968846 ], [ 150.59079805316577, -34.894614744437639 ], [ 150.590633536706832, -34.894771909578196 ], [ 150.590478674627576, -34.894919849980326 ], [ 150.590379927819924, -34.895014176929074 ], [ 150.590291972515161, -34.89509774861034 ], [ 150.590080351293949, -34.895252743571454 ], [ 150.590094935320934, -34.895285909924858 ], [ 150.589949251233548, -34.895425048395431 ], [ 150.589886279664995, -34.895485188255464 ], [ 150.589713740883923, -34.895649945647513 ], [ 150.589533976124955, -34.895822098492879 ], [ 150.588774768394927, -34.89654692317103 ], [ 150.588723709155772, -34.896539976176591 ], [ 150.587486058562035, -34.896372465387039 ], [ 150.587646911279421, -34.895565180067791 ], [ 150.587771701039486, -34.894938868321439 ], [ 150.587807754618183, -34.894764151377743 ], [ 150.587908251427478, -34.894261909332336 ], [ 150.587957580172286, -34.894015373413026 ], [ 150.588046522092185, -34.89357085891556 ], [ 150.588117652165323, -34.893215079636221 ], [ 150.58814820249944, -34.893062262042861 ], [ 150.588219332422369, -34.892706490771189 ], [ 150.588253333799088, -34.892536363774525 ], [ 150.588341800674783, -34.89209479903927 ], [ 150.588314038540148, -34.892071654097194 ], [ 150.588608596540723, -34.892035520741992 ], [ 150.588570372992905, -34.892067297449771 ], [ 150.588486290217844, -34.892487537401642 ], [ 150.5888590394662, -34.892538166293924 ], [ 150.588919672903984, -34.892546986259752 ], [ 150.58886252650521, -34.892831430822639 ], [ 150.588740550696627, -34.893438524475819 ], [ 150.588672648138612, -34.893776466595696 ], [ 150.588867991486126, -34.893803107894286 ], [ 150.589215454627578, -34.893850499768583 ], [ 150.58927885665841, -34.893859150946362 ], [ 150.589475293405172, -34.893885943686222 ], [ 150.589696078342484, -34.893916049832484 ], [ 150.589933981597852, -34.893948494661039 ], [ 150.590192610428204, -34.893983768814195 ], [ 150.590218013616038, -34.89385739539145 ], [ 150.590263344183001, -34.893631816955924 ], [ 150.590299095258473, -34.893453954155689 ], [ 150.590308031497699, -34.893409483689673 ], [ 150.590336734723053, -34.893266687568058 ], [ 150.5903402033384, -34.893249414550368 ], [ 150.590372366577668, -34.893089335309504 ], [ 150.590404520899654, -34.892929256778636 ], [ 150.590436683800021, -34.89276917930475 ], [ 150.590468838929269, -34.892609100760616 ], [ 150.59050100156972, -34.892449022350817 ], [ 150.590562279605962, -34.892143987822152 ], [ 150.590584448317287, -34.892033685756203 ], [ 150.590642714989542, -34.891743810264359 ], [ 150.590949424912168, -34.891698623289074 ], [ 150.590957834399063, -34.891697377417259 ], [ 150.591084350417532, -34.891678741753779 ], [ 150.591197350086389, -34.89166208716906 ], [ 150.591331577562954, -34.891642314117952 ], [ 150.591271087451616, -34.891944721598328 ], [ 150.591246050691865, -34.892069868456097 ], [ 150.591174885313706, -34.892425638413066 ], [ 150.591132179904804, -34.892639105639077 ], [ 150.591489250325367, -34.892687396296246 ], [ 150.591772870595406, -34.892725790286519 ], [ 150.591888693478353, -34.89274146864058 ], [ 150.592116602862234, -34.892772305633201 ], [ 150.59231309331048, -34.892798893778817 ], [ 150.592448036100734, -34.892817153744943 ] ] ] ] } },
{ "type": "Feature", "properties": { "OBJECTID": 473, "Comments": "Downloaded from SEED Map Service 20250513", "FSource": "https://mapprod3.environment.nsw.gov.au/arcgis/rest/services/Planning/EPI_Primary_Planning_Layers/MapServer/2", "SourceDate": 20250513.0, "Supplier": "DOP", "EPI_NAME": "Shoalhaven Local Environmental Plan 2014", "LGA_NAME": "SHOALHAVEN", "PUBLISHED_DATE": "20140408000000", "COMMENCED_DATE": "20140422000000", "CURRENCY_DATE": "20240823000000", "AMENDMENT": null, "MAP_TYPE": "LZN", "MAP_NAME": "Land Zoning Map", "LAY_NAME": "Zone", "LAY_CLASS": "General Residential", "PCO_REF_KEY": "2014-179", "EPI_TYPE": "LEP", "SYM_CODE": "R1", "PURPOSE": null, "arcgisonline_objectid": 586684.0, "arcgisonline_type": "arcgisonline_polygon", "multi_reader_type": "ARCGISFEATURES", "SHAPE_Length": 4142.8613854933747, "SHAPE_Area": 597638.77475258987 }, "geometry": { "type": "MultiPolygon", "coordinates": [ [ [ [ 150.555748651145421, -34.894715008227131 ], [ 150.555727101665354, -34.894738547553878 ], [ 150.555707471151237, -34.894763198240724 ], [ 150.555696866853424, -34.894778150378471 ], [ 150.555688628317284, -34.894790287934917 ], [ 150.555681600572683, -34.894800999380578 ], [ 150.55566603856272, -34.894827550193277 ], [ 150.555652619509431, -34.894854890542057 ], [ 150.555643198722379, -34.894877937385097 ], [ 150.555549937215034, -34.894931622306828 ], [ 150.555532976563086, -34.89493780680138 ], [ 150.555501012538542, -34.894951065257587 ], [ 150.555470174504308, -34.894966016793965 ], [ 150.555440584637381, -34.894982599865202 ], [ 150.555412367328699, -34.895000752069123 ], [ 150.555385662279633, -34.895020374351304 ], [ 150.555360563531707, -34.895041394684284 ], [ 150.555337194091152, -34.895063723593985 ], [ 150.555315644374076, -34.895087263738759 ], [ 150.555296004609914, -34.895111924083501 ], [ 150.555279250907063, -34.895136297238921 ], [ 150.555261896249817, -34.895137353392961 ], [ 150.555226453287361, -34.895141441383963 ], [ 150.555191413253766, -34.895147438681889 ], [ 150.555158416701858, -34.895154923960028 ], [ 150.555151290108626, -34.895151767812223 ], [ 150.555138086637697, -34.895146031047418 ], [ 150.555136660715988, -34.895145412786739 ], [ 150.55511026241237, -34.895134755260351 ], [ 150.555095049872136, -34.895126812717528 ], [ 150.5550639095799, -34.895112281669661 ], [ 150.555031683453137, -34.895099464097939 ], [ 150.554998508093007, -34.895088402415588 ], [ 150.554964524953704, -34.895079159867485 ], [ 150.554929879784396, -34.895071765529124 ], [ 150.554894723694616, -34.895066252189942 ], [ 150.554881169085547, -34.895064646997049 ], [ 150.554734895106805, -34.895048853226747 ], [ 150.554712924116586, -34.895046854140283 ], [ 150.554658378112634, -34.895045061162406 ], [ 150.55462997201488, -34.895045294390307 ], [ 150.554613003753076, -34.895045644262268 ], [ 150.554600757912937, -34.895046173028653 ], [ 150.554587275848831, -34.895046881543756 ], [ 150.554563826008348, -34.895048521660243 ], [ 150.554528382795013, -34.895052618457015 ], [ 150.554493343028241, -34.895058606543643 ], [ 150.554458857979313, -34.89506647634493 ], [ 150.554457459991227, -34.895066834934859 ], [ 150.554453068325273, -34.895065759414038 ], [ 150.554418422149553, -34.895058364008925 ], [ 150.554383264988502, -34.895052851402198 ], [ 150.554347741604062, -34.895049247044525 ], [ 150.554312010307314, -34.895047562235852 ], [ 150.554276226235572, -34.895047804606577 ], [ 150.554240541486223, -34.895049973612799 ], [ 150.554205097168506, -34.895054070292481 ], [ 150.554170057383345, -34.895060058284791 ], [ 150.554135562440536, -34.895067928695752 ], [ 150.554101769054171, -34.895077636001432 ], [ 150.554068818282616, -34.895089146081972 ], [ 150.554036851798998, -34.895102404096143 ], [ 150.554006015356578, -34.89511736520123 ], [ 150.553976416386092, -34.895133948625563 ], [ 150.553948206643412, -34.895152091618016 ], [ 150.553929194129751, -34.895166066573772 ], [ 150.553915927771897, -34.895169203419577 ], [ 150.553882133200972, -34.895178911540086 ], [ 150.553849181267566, -34.895190421535865 ], [ 150.553817215805282, -34.895203679510928 ], [ 150.553786371633095, -34.895218640402668 ], [ 150.553756780265161, -34.895235223023043 ], [ 150.553728571534691, -34.895253365982754 ], [ 150.553701858367532, -34.895272987719672 ], [ 150.553676767851641, -34.895294008759812 ], [ 150.553657890083258, -34.895311811336867 ], [ 150.553651453996508, -34.895317468290408 ], [ 150.553639952793503, -34.89532808051208 ], [ 150.553620195268905, -34.895340647637816 ], [ 150.553603953522099, -34.895351396071376 ], [ 150.553577250135049, -34.895371017976217 ], [ 150.553552150809736, -34.8953920388116 ], [ 150.553530288028156, -34.895412834545645 ], [ 150.553519296915425, -34.895419270584391 ], [ 150.553491086950402, -34.895437414362561 ], [ 150.553481791062723, -34.895444020659838 ], [ 150.553451762745908, -34.895456480979 ], [ 150.553420917589392, -34.895471432739264 ], [ 150.553391326885702, -34.895488024294501 ], [ 150.553377172664, -34.895496818875635 ], [ 150.553347932566851, -34.895515606258535 ], [ 150.553333876739543, -34.895524956320756 ], [ 150.553307164485204, -34.895544577984481 ], [ 150.553282065065588, -34.895565597857505 ], [ 150.553258695701771, -34.895587937169061 ], [ 150.553237145294077, -34.895611476011787 ], [ 150.553217505061355, -34.895636126978019 ], [ 150.55319987339854, -34.895661782070697 ], [ 150.553194459612854, -34.895670521893983 ], [ 150.55317610988493, -34.895700980895526 ], [ 150.553165954078708, -34.895718793191278 ], [ 150.553152534317064, -34.89574612421027 ], [ 150.553141312405387, -34.895774127822776 ], [ 150.553132339401799, -34.895802668935353 ], [ 150.553125650521366, -34.895831630164814 ], [ 150.553121267723782, -34.895860898368241 ], [ 150.553119223532036, -34.895890336275578 ], [ 150.553119519210099, -34.895919827622414 ], [ 150.553122155730364, -34.895949229094086 ], [ 150.553127120940957, -34.89597843407185 ], [ 150.553134399438704, -34.896007298009508 ], [ 150.553143946026324, -34.896035721735785 ], [ 150.553150570065213, -34.896052090690318 ], [ 150.553150910684934, -34.896060929285539 ], [ 150.553153546124378, -34.89609033073453 ], [ 150.553158512445123, -34.896119535733241 ], [ 150.553161532726534, -34.896132722018628 ], [ 150.553162125495447, -34.896137561347778 ], [ 150.553167090727584, -34.896166766324157 ], [ 150.553174369252076, -34.896195630259875 ], [ 150.553183915818039, -34.896224055785545 ], [ 150.553195704113818, -34.896251897233483 ], [ 150.55320966968651, -34.896279040620783 ], [ 150.553225760004466, -34.896305375810407 ], [ 150.553243911707767, -34.896330788841247 ], [ 150.553264044873487, -34.896355170827398 ], [ 150.55328605984198, -34.896378414288279 ], [ 150.553298860659794, -34.896390238007044 ], [ 150.553300160421003, -34.896404696773423 ], [ 150.553290200627316, -34.89641011055393 ], [ 150.553273654037667, -34.896416152514526 ], [ 150.553241688031363, -34.896429409411127 ], [ 150.553230187023985, -34.896434734450672 ], [ 150.553221716275431, -34.896438454599298 ], [ 150.55319087067565, -34.896453407182875 ], [ 150.553178034797469, -34.896460318066936 ], [ 150.553167189244107, -34.896466341421871 ], [ 150.553150435342644, -34.896476013929998 ], [ 150.553122224952403, -34.896494156700243 ], [ 150.553095512322272, -34.896513778299436 ], [ 150.553070412487614, -34.896534799913013 ], [ 150.553069175741769, -34.896535991990902 ], [ 150.553007163647692, -34.896537658265352 ], [ 150.553002591574909, -34.89653779334153 ], [ 150.552966896031876, -34.896539971656779 ], [ 150.552942819833333, -34.896542535463489 ], [ 150.552935020209389, -34.896543512405103 ], [ 150.552923663673084, -34.896545037009219 ], [ 150.552888614428923, -34.896551024423957 ], [ 150.552854120940253, -34.896558894482141 ], [ 150.552820335523904, -34.896568602474481 ], [ 150.552787383985788, -34.896580112172472 ], [ 150.552755417790394, -34.896593370736682 ], [ 150.55272457293313, -34.896608330425003 ], [ 150.552694982984804, -34.896624914599478 ], [ 150.552666763699847, -34.896643057080993 ], [ 150.552640060731704, -34.896662679672225 ], [ 150.552614961859149, -34.896683700305545 ], [ 150.552591583532916, -34.896706029377789 ], [ 150.552570033723526, -34.896729568100127 ], [ 150.552562943908271, -34.896738074899162 ], [ 150.552556641494277, -34.896745820491425 ], [ 150.552550536705439, -34.896749746015765 ], [ 150.552523824927079, -34.896769368402296 ], [ 150.552498734740198, -34.896790389184922 ], [ 150.552475356351835, -34.896812718231843 ], [ 150.552453806453968, -34.896836257831595 ], [ 150.552434166533232, -34.896860916775175 ], [ 150.552416534348168, -34.896886571728366 ], [ 150.552400971917024, -34.89691312387815 ], [ 150.552387544033678, -34.896940454634866 ], [ 150.552376321705651, -34.89696845725318 ], [ 150.552369840577285, -34.896988268155489 ], [ 150.552366819885833, -34.896991871781665 ], [ 150.552350406108332, -34.897012712165235 ], [ 150.552332765940662, -34.897038375958367 ], [ 150.552317203451537, -34.897064928094501 ], [ 150.552303784261142, -34.897092259015423 ], [ 150.55229256076106, -34.897120262502213 ], [ 150.552283578517546, -34.89714880425268 ], [ 150.552276892484002, -34.897177765478716 ], [ 150.552272509286041, -34.897207033630117 ], [ 150.552270464755935, -34.89723647060233 ], [ 150.552270598234657, -34.897249298548466 ], [ 150.552247480251481, -34.897266276240295 ], [ 150.552222390932059, -34.897287296977083 ], [ 150.552199012322859, -34.897309625960162 ], [ 150.552177463303963, -34.897333165522454 ], [ 150.552166347793843, -34.897346691712002 ], [ 150.552148813764887, -34.897361661636324 ], [ 150.552125444929089, -34.89738399170254 ], [ 150.552103886054425, -34.897407530150588 ], [ 150.552084254874586, -34.897432181093322 ], [ 150.55206661370255, -34.897457835807643 ], [ 150.552063198711096, -34.897463294824426 ], [ 150.55202429497291, -34.897526572241439 ], [ 150.552012139656284, -34.897547664258084 ], [ 150.551998720278391, -34.89757499513582 ], [ 150.55198880607108, -34.897599394741881 ], [ 150.551982172571144, -34.897617404109766 ], [ 150.551981840927851, -34.89761792388677 ], [ 150.551966279354531, -34.897644474186535 ], [ 150.551952859917293, -34.897671805958467 ], [ 150.551941637302463, -34.897699809424189 ], [ 150.551932654890294, -34.897728350237607 ], [ 150.551925967554865, -34.897757312313622 ], [ 150.551921584189614, -34.897786580443373 ], [ 150.551920911622261, -34.897793276552228 ], [ 150.551914995921692, -34.897801074973813 ], [ 150.551897363119849, -34.897826737941351 ], [ 150.551881793768359, -34.897853289874291 ], [ 150.551874317387245, -34.897867882794372 ], [ 150.551868741396873, -34.897879311980311 ], [ 150.551852722697731, -34.897892731211748 ], [ 150.551829353625777, -34.897915061209595 ], [ 150.551807794521551, -34.897938599593914 ], [ 150.551788164213349, -34.897963250499913 ], [ 150.551774772093381, -34.89798236136707 ], [ 150.551709791800221, -34.898014900271853 ], [ 150.551701185941738, -34.898019293690126 ], [ 150.551671595305493, -34.898035876681135 ], [ 150.551643386242773, -34.898054019111918 ], [ 150.55162560995916, -34.898066784477827 ], [ 150.551623244828761, -34.898066990123091 ], [ 150.551607530589877, -34.898068568301426 ], [ 150.551566905741026, -34.898073121382211 ], [ 150.551547175336879, -34.898075639974579 ], [ 150.551512135174136, -34.898081628058662 ], [ 150.551477641968319, -34.898089499515812 ], [ 150.551443847026604, -34.898099206913727 ], [ 150.551410895787541, -34.898110716224117 ], [ 150.551378929877558, -34.898123974411043 ], [ 150.551348084415963, -34.898138926504572 ], [ 150.551318494763024, -34.89815550942653 ], [ 150.551290285584997, -34.898173651769994 ], [ 150.551263572746905, -34.89819328375367 ], [ 150.551238474144156, -34.898214304085734 ], [ 150.551231275234272, -34.898220874941551 ], [ 150.551192344793662, -34.8982570893169 ], [ 150.551163435000518, -34.898258845861491 ], [ 150.551127992716232, -34.898262933534902 ], [ 150.551092951088862, -34.89826893048054 ], [ 150.551058458065143, -34.898276791903179 ], [ 150.551024664069786, -34.898286500101861 ], [ 150.550991711582355, -34.898298010171501 ], [ 150.550959746684271, -34.898311266462038 ], [ 150.550928901906872, -34.898326227473945 ], [ 150.550920708740421, -34.898330612027166 ], [ 150.550842005413529, -34.898327321512362 ], [ 150.550812388009916, -34.89832280388088 ], [ 150.550776863364547, -34.898319201130867 ], [ 150.550741133005175, -34.89831751435937 ], [ 150.550705339885496, -34.898317756364634 ], [ 150.550669653604899, -34.898319926960276 ], [ 150.550641749675691, -34.898323145115207 ], [ 150.550613494435225, -34.898315462786407 ], [ 150.550578848389506, -34.898308067169701 ], [ 150.550543692367285, -34.898302553450961 ], [ 150.550508168014744, -34.898298941613824 ], [ 150.550472437620982, -34.898297256565705 ], [ 150.55043664451415, -34.898297498492099 ], [ 150.55040095826692, -34.898299668107896 ], [ 150.550365515673121, -34.898303764565718 ], [ 150.550330474227081, -34.898309753179809 ], [ 150.550295972110746, -34.898317623214965 ], [ 150.550287806724782, -34.898319782549493 ], [ 150.550274978202367, -34.898323260454433 ], [ 150.550249359365409, -34.898330808396587 ], [ 150.550216407831243, -34.898342319173437 ], [ 150.550184441683001, -34.89835557613273 ], [ 150.550153596759827, -34.89837053694103 ], [ 150.550152970059742, -34.898370859650136 ], [ 150.550120178770243, -34.898382315937567 ], [ 150.55008821365891, -34.898395573793138 ], [ 150.550057368972034, -34.898410525566227 ], [ 150.550027778977721, -34.898427108158074 ], [ 150.549999559542073, -34.898445251788608 ], [ 150.549972846616384, -34.898464873560791 ], [ 150.549954766702655, -34.898479744699515 ], [ 150.549931083459541, -34.898497269441627 ], [ 150.549905984409634, -34.89851829038021 ], [ 150.549898956183739, -34.898525004324547 ], [ 150.549883654782235, -34.898531501824458 ], [ 150.549878482842189, -34.898533851318078 ], [ 150.549870299004908, -34.898537624788503 ], [ 150.549844626410277, -34.898550218901796 ], [ 150.549815036270957, -34.898566803239454 ], [ 150.549786825516662, -34.898584946091731 ], [ 150.549780462094247, -34.898589391811591 ], [ 150.549769068099522, -34.898597468158961 ], [ 150.549748720416403, -34.898612653211416 ], [ 150.549723621285324, -34.898633674108524 ], [ 150.549700242717762, -34.898656002583976 ], [ 150.549678692609859, -34.898679542554639 ], [ 150.549659052720813, -34.898704193804292 ], [ 150.549641420387275, -34.898729847416213 ], [ 150.549625850111397, -34.89875639991989 ], [ 150.549612431656158, -34.898783739541301 ], [ 150.549601208352442, -34.898811733737354 ], [ 150.54959968434278, -34.898816072431394 ], [ 150.54959705704843, -34.898823699977775 ], [ 150.549589598498557, -34.898847911812567 ], [ 150.54958291127258, -34.898876875540601 ], [ 150.549578529237067, -34.898906141786036 ], [ 150.549576672944113, -34.898932854626864 ], [ 150.549564105516652, -34.89894009776085 ], [ 150.549535895671454, -34.898958240568241 ], [ 150.549509183534525, -34.898977863148396 ], [ 150.549484083161701, -34.898998883064671 ], [ 150.549479476058309, -34.899003284867433 ], [ 150.549461718597911, -34.899007335751392 ], [ 150.549427924136808, -34.899017043484278 ], [ 150.549394973314776, -34.899028554042879 ], [ 150.54936300674791, -34.89904181166888 ], [ 150.549332152916662, -34.899056763965199 ], [ 150.54930256254724, -34.899073346362975 ], [ 150.549300016770701, -34.899074879792089 ], [ 150.549268696539315, -34.899093927064875 ], [ 150.549195542109004, -34.899112913709935 ], [ 150.549165969720747, -34.899120533099264 ], [ 150.549153222487831, -34.899121528064498 ], [ 150.54911777840482, -34.899125624118206 ], [ 150.549082728882325, -34.899131612198687 ], [ 150.549048245177374, -34.89913947322475 ], [ 150.549026032145747, -34.899145622921047 ], [ 150.549020546654702, -34.899147254788765 ], [ 150.549008956352992, -34.89915081342965 ], [ 150.548976004358025, -34.899162322946658 ], [ 150.548949695449124, -34.899173232694402 ], [ 150.548927221792667, -34.899172174352294 ], [ 150.548891438170756, -34.89917241600569 ], [ 150.548859347300635, -34.899174280889056 ], [ 150.548851404874142, -34.899174935558726 ], [ 150.54884780142234, -34.899175240565455 ], [ 150.54881235757415, -34.899179327519036 ], [ 150.548777316518965, -34.899185323794335 ], [ 150.548742823965625, -34.899193186356769 ], [ 150.548709029354541, -34.899202893882574 ], [ 150.548676077301366, -34.899214403315476 ], [ 150.548658642362653, -34.899221367835125 ], [ 150.548648504798479, -34.899225599407394 ], [ 150.548633974084396, -34.899231892337077 ], [ 150.548603128833946, -34.899246843714828 ], [ 150.548585523042561, -34.899256426256166 ], [ 150.548561813622939, -34.899268115863592 ], [ 150.548532223004713, -34.899284698964408 ], [ 150.54850400514286, -34.899302842263189 ], [ 150.5484772915907, -34.899322463677422 ], [ 150.548452193017624, -34.899343484309036 ], [ 150.548428823722332, -34.899365813614118 ], [ 150.548407265171221, -34.89938936128766 ], [ 150.548387633480502, -34.899414012482715 ], [ 150.548373004210447, -34.899435284049872 ], [ 150.548366855115262, -34.899441164653318 ], [ 150.548345296767167, -34.899464704205649 ], [ 150.548330110930181, -34.89948364414586 ], [ 150.548313322397433, -34.899483806532729 ], [ 150.548277627694262, -34.899485984355117 ], [ 150.548242184760142, -34.899490072058327 ], [ 150.548207135032868, -34.899496059876583 ], [ 150.548172641236448, -34.899503921345982 ], [ 150.54813884750493, -34.899513629627528 ], [ 150.548105895254736, -34.899525138896642 ], [ 150.548073929397248, -34.899538396187666 ], [ 150.548043085002519, -34.899553348336447 ], [ 150.548019994197773, -34.899566086111513 ], [ 150.548002459352404, -34.899572468870772 ], [ 150.547970494554647, -34.899585726155102 ], [ 150.54793964876302, -34.899600687263202 ], [ 150.54791004939824, -34.899617261916404 ], [ 150.547881840038173, -34.899635405235834 ], [ 150.547855127327097, -34.899655026523611 ], [ 150.547830028228759, -34.899676056024028 ], [ 150.547806650165285, -34.899698376912347 ], [ 150.547792513496773, -34.899713821319203 ], [ 150.547780009510348, -34.899718186241763 ], [ 150.547748042408585, -34.899731444320167 ], [ 150.547717197885333, -34.899746396380245 ], [ 150.547701646159027, -34.899754822198453 ], [ 150.547691345280555, -34.89976060452814 ], [ 150.547677299222499, -34.89976877046503 ], [ 150.547649089760625, -34.899786913725684 ], [ 150.547622376945924, -34.89980653495747 ], [ 150.54759727691706, -34.899827555373506 ], [ 150.547573899573337, -34.899849885243455 ], [ 150.547552349668337, -34.899873423915345 ], [ 150.547546720309271, -34.899880478767571 ], [ 150.547536806322796, -34.899889954110193 ], [ 150.547515247648164, -34.899913492597882 ], [ 150.547506660278628, -34.899924276613596 ], [ 150.547452544788712, -34.899969526906084 ], [ 150.547439878939855, -34.899980471971041 ], [ 150.547425894819327, -34.899993469212305 ], [ 150.547415747487065, -34.900003284195229 ], [ 150.547406351987775, -34.900012616744455 ], [ 150.547384803084867, -34.900036155404358 ], [ 150.547380061062086, -34.900042107634491 ], [ 150.547371402390098, -34.90004914458595 ], [ 150.547356737727796, -34.900061514176187 ], [ 150.547345773865743, -34.900071043126744 ], [ 150.547322396410522, -34.900093372040793 ], [ 150.54730084631484, -34.900116912463425 ], [ 150.547281205369131, -34.900141563279263 ], [ 150.547263564273123, -34.900167218144013 ], [ 150.547259799421823, -34.900173241483152 ], [ 150.547253884050377, -34.900182295418162 ], [ 150.547238322616238, -34.900208845963292 ], [ 150.547224894585099, -34.900236177887997 ], [ 150.547213671349255, -34.900264171837343 ], [ 150.547204688906106, -34.900292721263746 ], [ 150.547197993046751, -34.900321684659822 ], [ 150.547193617689146, -34.9003509518299 ], [ 150.547191591470295, -34.900403247644789 ], [ 150.547152984551843, -34.900469392430658 ], [ 150.547147040813115, -34.900475352838122 ], [ 150.54712549165626, -34.900498893244112 ], [ 150.547105851655289, -34.900523544046273 ], [ 150.547088156340465, -34.900549287933615 ], [ 150.547084588354039, -34.900554908677982 ], [ 150.547069133848964, -34.900581281062315 ], [ 150.547055714496537, -34.9006086113367 ], [ 150.547049172186405, -34.900624907641976 ], [ 150.547040557045619, -34.900642468321813 ], [ 150.547029324668046, -34.900670471080169 ], [ 150.547024305284793, -34.900685486495753 ], [ 150.547020988154884, -34.900696099243184 ], [ 150.54701769844786, -34.90070722458001 ], [ 150.547015636622206, -34.900714592137938 ], [ 150.547014973181604, -34.900716994684089 ], [ 150.547008285987744, -34.900745957339382 ], [ 150.547003902876583, -34.90077522434246 ], [ 150.547002441349349, -34.9007920947126 ], [ 150.547001868272361, -34.900801059090419 ], [ 150.547001285413103, -34.900813625550242 ], [ 150.547001581238845, -34.900843108735707 ], [ 150.547004215376859, -34.900872518342702 ], [ 150.547009172300449, -34.900901714329549 ], [ 150.547016442132701, -34.9009305874185 ], [ 150.547020449614223, -34.900943406133365 ], [ 150.547024232513792, -34.900954799594189 ], [ 150.547029772135033, -34.900970405045733 ], [ 150.547033097320451, -34.900978867594894 ], [ 150.547041576992484, -34.901045120282298 ], [ 150.547041649107172, -34.901045712202247 ], [ 150.547046614825945, -34.901074907463517 ], [ 150.547053884709868, -34.901103779649731 ], [ 150.547063430988374, -34.901132195683502 ], [ 150.547075210125598, -34.901160037493938 ], [ 150.547089185066199, -34.901187189845309 ], [ 150.547105274240749, -34.901213525785295 ], [ 150.547123426109323, -34.901238938800212 ], [ 150.547143550884073, -34.901263320702512 ], [ 150.547165575153457, -34.901286564536754 ], [ 150.547172827795777, -34.901293581998637 ], [ 150.54717277368664, -34.901294076715281 ], [ 150.547170720587843, -34.901323513371139 ], [ 150.547171016464887, -34.90135299655654 ], [ 150.547173650641952, -34.901382407061753 ], [ 150.547178617514362, -34.901411602341007 ], [ 150.547185886373939, -34.901440474498955 ], [ 150.547195433824072, -34.901468890546511 ], [ 150.547197872164475, -34.90147516534266 ], [ 150.547236210849348, -34.901571321450895 ], [ 150.547237824657998, -34.901586075964623 ], [ 150.547239025519843, -34.901594592071959 ], [ 150.547242636740322, -34.90161815823275 ], [ 150.547246392646457, -34.901638847114043 ], [ 150.547253662611894, -34.901667720191782 ], [ 150.547263210107275, -34.90169613623511 ], [ 150.547274997037022, -34.901723978184521 ], [ 150.547288962313928, -34.901751129417676 ], [ 150.547305052746594, -34.901777465358265 ], [ 150.547323205885732, -34.901802878370987 ], [ 150.547334732184794, -34.901817266002077 ], [ 150.547337619191126, -34.901822473497838 ], [ 150.547353709384254, -34.90184881844224 ], [ 150.547371861459652, -34.901874231426596 ], [ 150.547383810540765, -34.901889120694392 ], [ 150.547385136778189, -34.901891657168122 ], [ 150.547370238717008, -34.901913332433118 ], [ 150.547364823877587, -34.901922071945478 ], [ 150.547357608223621, -34.901934039325099 ], [ 150.547347461569217, -34.901951841343809 ], [ 150.547334042002518, -34.901979173439777 ], [ 150.547331182138294, -34.901985743312849 ], [ 150.547325498405229, -34.901999144310743 ], [ 150.547317126870411, -34.902020577235675 ], [ 150.547308153250384, -34.902049117823069 ], [ 150.547301457246505, -34.902078081212821 ], [ 150.547299987751671, -34.902086318934664 ], [ 150.547295577219586, -34.902112645692242 ], [ 150.547292672594125, -34.902133667047579 ], [ 150.547290628247254, -34.902163103879325 ], [ 150.547290923910595, -34.902192595171016 ], [ 150.547293550725357, -34.902221997409889 ], [ 150.547298516338202, -34.902251200770742 ], [ 150.54730578526943, -34.902280073823633 ], [ 150.547307372773133, -34.902284789020676 ], [ 150.547307919532642, -34.902287559463993 ], [ 150.547308815495541, -34.902291943379964 ], [ 150.547316085794733, -34.90232080744515 ], [ 150.547316345539258, -34.902321676299195 ], [ 150.547317673032296, -34.902333329377647 ], [ 150.547319042989415, -34.902342929762007 ], [ 150.547315242111694, -34.902360606591827 ], [ 150.547310858987885, -34.902389873599851 ], [ 150.547308950603309, -34.902445342256399 ], [ 150.547309290214827, -34.902453751726938 ], [ 150.547309443591985, -34.902457202951275 ], [ 150.547312077856589, -34.902486612551215 ], [ 150.547317043432599, -34.902515817712946 ], [ 150.547324313776471, -34.902544680876687 ], [ 150.547325469452716, -34.902548132506347 ], [ 150.54731706120981, -34.902562484532375 ], [ 150.547303633893193, -34.902589815562443 ], [ 150.547292410072828, -34.902617817605361 ], [ 150.547283428658034, -34.902646359832623 ], [ 150.547281446836564, -34.902653942656713 ], [ 150.547260391404933, -34.902671755173444 ], [ 150.547237013146486, -34.902694084030713 ], [ 150.547215463448822, -34.902717622619917 ], [ 150.547195752261757, -34.90274236753708 ], [ 150.547174479289367, -34.902754581115119 ], [ 150.547146262099915, -34.902772724071191 ], [ 150.547119548133878, -34.902792346039234 ], [ 150.547094449214029, -34.902813366342919 ], [ 150.547071071111276, -34.902835687055841 ], [ 150.547049521033614, -34.902859235521817 ], [ 150.547045658064036, -34.902863807302232 ], [ 150.547034085104173, -34.902871543506862 ], [ 150.547007373266581, -34.902891165491653 ], [ 150.546982273221118, -34.902912184846372 ], [ 150.546958894791572, -34.902934514544228 ], [ 150.546937346017131, -34.902958054000315 ], [ 150.546918180812582, -34.90298205987051 ], [ 150.54686812491488, -34.903031531371269 ], [ 150.546862620750858, -34.90303705350599 ], [ 150.546841071680092, -34.903060601050733 ], [ 150.546821432006027, -34.903085252691504 ], [ 150.546807457174452, -34.903105233726315 ], [ 150.546794234562242, -34.903120050098494 ], [ 150.546774594886188, -34.90314470082938 ], [ 150.546756954003399, -34.903170356498684 ], [ 150.546741391789709, -34.903196906938113 ], [ 150.546738021474511, -34.903203307826089 ], [ 150.546720128980382, -34.903238006472058 ], [ 150.546706154566436, -34.90326473771686 ], [ 150.546695047498332, -34.903287702830852 ], [ 150.546683815924411, -34.903315697439965 ], [ 150.546674842717977, -34.903344247892335 ], [ 150.546669903418717, -34.903364506052618 ], [ 150.54665487970837, -34.903375863145776 ], [ 150.546573747036916, -34.903442323395197 ], [ 150.545792556334305, -34.90243748127218 ], [ 150.545901345498322, -34.901913592475893 ], [ 150.545907925850486, -34.901881913408971 ], [ 150.542635276861773, -34.901408455662498 ], [ 150.542659068952815, -34.901289629179331 ], [ 150.542675204005462, -34.901209635480591 ], [ 150.542983560212718, -34.899680304540261 ], [ 150.543019623623508, -34.899501437591333 ], [ 150.543380339721779, -34.897712510928045 ], [ 150.544466944270908, -34.89786177946295 ], [ 150.54468402542787, -34.897891603186181 ], [ 150.545054845389046, -34.896107275424683 ], [ 150.545589416208088, -34.89521026085022 ], [ 150.545593467466432, -34.895208800282617 ], [ 150.545780603187666, -34.894893297702893 ], [ 150.545780761009041, -34.894893031351153 ], [ 150.545831827861832, -34.894806933042823 ], [ 150.546090844926482, -34.894838884960727 ], [ 150.546201496176394, -34.894848100107957 ], [ 150.546312470828724, -34.894854132279093 ], [ 150.54642363258958, -34.894856965198173 ], [ 150.546534840919577, -34.894856614957042 ], [ 150.546645975926594, -34.89485306561199 ], [ 150.54675688720323, -34.894846333957972 ], [ 150.546867448907534, -34.894836420158633 ], [ 150.546977527329148, -34.894823331430892 ], [ 150.547086977394343, -34.894807089186322 ], [ 150.547195673631848, -34.894787717937206 ], [ 150.547303492918246, -34.894765236834793 ], [ 150.547410290073799, -34.894739670895838 ], [ 150.547419935015029, -34.894737197255722 ], [ 150.547413006280806, -34.894738657487714 ], [ 150.547899401661908, -34.894575818959574 ], [ 150.550107744983222, -34.893492569359921 ], [ 150.550973900940875, -34.893186521536556 ], [ 150.551260757560215, -34.893085166498977 ], [ 150.551894690763191, -34.893001747356756 ], [ 150.553263517463989, -34.893017191111227 ], [ 150.556286351079194, -34.893436326847372 ], [ 150.556287004909933, -34.893436415723109 ], [ 150.556646110813659, -34.893480500842514 ], [ 150.556655818276454, -34.893489715332606 ], [ 150.556681330992262, -34.893510386315342 ], [ 150.556692203715272, -34.893518418065348 ], [ 150.556764300983502, -34.893570273997248 ], [ 150.556762176542321, -34.8935755815234 ], [ 150.556753194980843, -34.893604130885414 ], [ 150.556746507532807, -34.893633094185937 ], [ 150.556742132791811, -34.893662360917958 ], [ 150.556740088898692, -34.893691798929858 ], [ 150.556740383966428, -34.893721282178561 ], [ 150.55674302042712, -34.893750691718367 ], [ 150.556747985751514, -34.893779896583382 ], [ 150.556755265383487, -34.893808760358034 ], [ 150.556764810788593, -34.893837185608035 ], [ 150.556776599169893, -34.893865018623814 ], [ 150.556776947435281, -34.893865708945491 ], [ 150.556757228050287, -34.893884550730476 ], [ 150.55674770803418, -34.893894563960707 ], [ 150.556627751906774, -34.89394599918429 ], [ 150.556618410460743, -34.893950095111194 ], [ 150.556587565049654, -34.893965056713945 ], [ 150.556562816036575, -34.893978762571074 ], [ 150.556544440113896, -34.893989555031283 ], [ 150.556539607759788, -34.893992423688211 ], [ 150.556511398710796, -34.894010575427373 ], [ 150.556502094126216, -34.894017119589414 ], [ 150.556485089486245, -34.894028342580562 ], [ 150.556458385034091, -34.894047964224285 ], [ 150.556433285523752, -34.894068992892144 ], [ 150.556409916626336, -34.894091322935999 ], [ 150.55638836750191, -34.894114862396911 ], [ 150.556368737339, -34.894139513207335 ], [ 150.556361843282303, -34.894149078005725 ], [ 150.556322733560052, -34.894190230610526 ], [ 150.556306132091265, -34.894208633814614 ], [ 150.556286500787024, -34.89423328458745 ], [ 150.556273977095344, -34.894251096411104 ], [ 150.556262557116327, -34.894263968720452 ], [ 150.556242925785284, -34.894288619484954 ], [ 150.556239206727327, -34.894293720037453 ], [ 150.55623130016923, -34.894300640268703 ], [ 150.556207922428911, -34.894322969191009 ], [ 150.556186372917409, -34.894346517619717 ], [ 150.556166741543194, -34.894371168369844 ], [ 150.556149108880021, -34.894396823901005 ], [ 150.556133548194737, -34.894423374806649 ], [ 150.556131682815845, -34.894426879173871 ], [ 150.556118282299366, -34.894443337356016 ], [ 150.556105697246068, -34.894459562232711 ], [ 150.556099645578342, -34.894467540238089 ], [ 150.55608201399258, -34.894493194878471 ], [ 150.556076419127635, -34.894502741622532 ], [ 150.556071508134409, -34.894505493288911 ], [ 150.556044230410208, -34.894523000162778 ], [ 150.556037838030903, -34.894527374428378 ], [ 150.556037310838036, -34.894527590092629 ], [ 150.556006464334871, -34.89454254069986 ], [ 150.555995501996932, -34.894548422241193 ], [ 150.555942371995343, -34.89457764380537 ], [ 150.555923745750306, -34.894588347292917 ], [ 150.555912128074937, -34.894595519173777 ], [ 150.555840425348691, -34.894641056026181 ], [ 150.555823831671091, -34.894652027562614 ], [ 150.555797120271762, -34.894671649813084 ], [ 150.555772029416175, -34.894692669494049 ], [ 150.555748651145421, -34.894715008227131 ] ] ] ] } },
{ "type": "Feature", "properties": { "OBJECTID": 474, "Comments": "Downloaded from SEED Map Service 20250513", "FSource": "https://mapprod3.environment.nsw.gov.au/arcgis/rest/services/Planning/EPI_Primary_Planning_Layers/MapServer/2", "SourceDate": 20250513.0, "Supplier": "DOP", "EPI_NAME": "Shoalhaven Local Environmental Plan 2014", "LGA_NAME": "SHOALHAVEN", "PUBLISHED_DATE": "20140408000000", "COMMENCED_DATE": "20140422000000", "CURRENCY_DATE": "20240823000000", "AMENDMENT": null, "MAP_TYPE": "LZN", "MAP_NAME": "Land Zoning Map", "LAY_NAME": "Zone", "LAY_CLASS": "General Residential", "PCO_REF_KEY": "2014-179", "EPI_TYPE": "LEP", "SYM_CODE": "R1", "PURPOSE": null, "arcgisonline_objectid": 586685.0, "arcgisonline_type": "arcgisonline_polygon", "multi_reader_type": "ARCGISFEATURES", "SHAPE_Length": 2685.3495982492213, "SHAPE_Area": 312772.08105534996 }, "geometry": { "type": "MultiPolygon", "coordinates": [ [ [ [ 150.552694078050763, -34.899288804166957 ], [ 150.552729808105795, -34.899290480450254 ], [ 150.552739606206501, -34.899290417316095 ], [ 150.552742869218179, -34.899309582558097 ], [ 150.552750138787161, -34.89933845534415 ], [ 150.552759684676431, -34.899366871867457 ], [ 150.552771473210981, -34.899394713356202 ], [ 150.55278377153607, -34.899418871779496 ], [ 150.55279697460989, -34.899442814045223 ], [ 150.55279764708024, -34.899444230284217 ], [ 150.552799736204378, -34.89945177713215 ], [ 150.552801376019943, -34.899457540829943 ], [ 150.552810931512767, -34.899485966557634 ], [ 150.552822711331288, -34.899513807866093 ], [ 150.552836686040621, -34.899540950576188 ], [ 150.552852775689246, -34.899567286702769 ], [ 150.552866481678137, -34.899586820072578 ], [ 150.55287655655502, -34.899605894462546 ], [ 150.552880232361758, -34.89961229504754 ], [ 150.552881944048266, -34.899618291870645 ], [ 150.552891490036842, -34.899646707484706 ], [ 150.552903278624257, -34.899674549863924 ], [ 150.552917244369013, -34.899701701399444 ], [ 150.55293334282058, -34.899728037693308 ], [ 150.552951486372137, -34.899753450606177 ], [ 150.552971619396487, -34.899777823628071 ], [ 150.552993643615508, -34.899801076350165 ], [ 150.55301519247169, -34.899821101234714 ], [ 150.553026837200264, -34.899831302486461 ], [ 150.553033991011461, -34.899841073418855 ], [ 150.553044271818607, -34.899860363790012 ], [ 150.553063418897807, -34.899899895035986 ], [ 150.55307946510186, -34.899935885033713 ], [ 150.553082601895682, -34.899942751634619 ], [ 150.55309656798147, -34.899969895044343 ], [ 150.553112667659235, -34.899996230439029 ], [ 150.553129421000222, -34.900019823195727 ], [ 150.55314347692061, -34.900038298945177 ], [ 150.553145036481908, -34.90004226979547 ], [ 150.55317207100461, -34.900109883923548 ], [ 150.553181286677386, -34.90013114688734 ], [ 150.553195261599626, -34.900158289562903 ], [ 150.553211351447487, -34.900184626550214 ], [ 150.553224527726684, -34.900203432541474 ], [ 150.553250990371822, -34.900239215845872 ], [ 150.553255974231718, -34.900245823061375 ], [ 150.553276107193255, -34.900270205049026 ], [ 150.553288378932166, -34.900283542509705 ], [ 150.553318731064024, -34.900315284409345 ], [ 150.553328474216016, -34.900325189512174 ], [ 150.553352291857692, -34.900347195498554 ], [ 150.553377811214773, -34.90036786641717 ], [ 150.553381298166869, -34.900370493224514 ], [ 150.553386497526731, -34.900374374213861 ], [ 150.553393534247874, -34.900386987816425 ], [ 150.5533942240844, -34.900388225008967 ], [ 150.553410315184891, -34.900414560193667 ], [ 150.553428467774467, -34.900439973221211 ], [ 150.553448600832752, -34.900464355183637 ], [ 150.553470624563829, -34.900487597897722 ], [ 150.553494442235973, -34.900509605661071 ], [ 150.553517604302073, -34.900528374746138 ], [ 150.55352276871605, -34.900536568573983 ], [ 150.553540920299127, -34.900561980663838 ], [ 150.553561017521901, -34.900586318616142 ], [ 150.553527528431118, -34.900584731870232 ], [ 150.553445642199051, -34.900583055635018 ], [ 150.553445364518154, -34.90058304733801 ], [ 150.553409580241834, -34.900583289397275 ], [ 150.553373885424435, -34.900585457892355 ], [ 150.553338440841713, -34.90058955516001 ], [ 150.553303400844356, -34.900595541940042 ], [ 150.553268907831807, -34.900603412987685 ], [ 150.553235104366649, -34.90061312069237 ], [ 150.553202162163217, -34.900624630651521 ], [ 150.553170186791021, -34.900637888199441 ], [ 150.553139341510615, -34.900652848847336 ], [ 150.553109751231005, -34.900669433078072 ], [ 150.553081532779061, -34.900687575635366 ], [ 150.553054819786183, -34.900707198079417 ], [ 150.553029729587877, -34.900728218036342 ], [ 150.553006352341811, -34.90075054717601 ], [ 150.552984801491277, -34.900774086819681 ], [ 150.552965162047741, -34.900798737715874 ], [ 150.552947521183484, -34.900824401558097 ], [ 150.552940923361916, -34.900835122379682 ], [ 150.552928902624103, -34.900846766144269 ], [ 150.552919920933363, -34.900855703607235 ], [ 150.552898362401606, -34.900879242177872 ], [ 150.552878731654545, -34.900903893233824 ], [ 150.552861090739583, -34.900929557061026 ], [ 150.552845527605001, -34.90095610922598 ], [ 150.552835711530065, -34.900976089140173 ], [ 150.552825484845243, -34.900984649940085 ], [ 150.552802106375651, -34.901006979012202 ], [ 150.552780557317135, -34.901030527666911 ], [ 150.552760916681933, -34.90105517760108 ], [ 150.552743284711909, -34.901080832574635 ], [ 150.55272772260227, -34.901107384743149 ], [ 150.552714294882691, -34.901134724526329 ], [ 150.55270307117928, -34.901162718106782 ], [ 150.552694099485365, -34.901191260078271 ], [ 150.552687401950124, -34.901220230991719 ], [ 150.552686774758115, -34.901223629528261 ], [ 150.552681916091274, -34.901230056500552 ], [ 150.552664283789198, -34.901255720468725 ], [ 150.55264871401684, -34.901282270667892 ], [ 150.552635295255385, -34.901309601606279 ], [ 150.552624071177235, -34.901337605987798 ], [ 150.552615089618286, -34.901366146851551 ], [ 150.552611710909787, -34.901379520637178 ], [ 150.552602198839793, -34.901420145868904 ], [ 150.552597887386781, -34.90143165554705 ], [ 150.552588904713076, -34.901460196385649 ], [ 150.552582218022394, -34.901489168410933 ], [ 150.55257783463594, -34.901518435648512 ], [ 150.552575791080244, -34.901547873529914 ], [ 150.552576086754385, -34.901577354935561 ], [ 150.55257872201733, -34.901606757272489 ], [ 150.552583687252223, -34.901635962253891 ], [ 150.552585561807405, -34.901644361179905 ], [ 150.55259466000777, -34.901683183404401 ], [ 150.552607549214315, -34.901744138336717 ], [ 150.552614774106189, -34.901772787561114 ], [ 150.552624321299106, -34.901801203215584 ], [ 150.55263610021629, -34.901829045422517 ], [ 150.552646649501867, -34.901849985520599 ], [ 150.55265522007673, -34.901865851028163 ], [ 150.55265525585051, -34.901866452129617 ], [ 150.552657890904072, -34.901895862573497 ], [ 150.552662462666746, -34.901923210703977 ], [ 150.552662722843621, -34.901929485687326 ], [ 150.55266536688967, -34.90195888819882 ], [ 150.552670323420614, -34.901988093001037 ], [ 150.552675020567136, -34.902006720107309 ], [ 150.552671003981004, -34.902010027819998 ], [ 150.552647949517848, -34.902025005561264 ], [ 150.552636125906616, -34.902032913052437 ], [ 150.552609413478194, -34.902052534493123 ], [ 150.552584313966008, -34.90207355505671 ], [ 150.552560936173734, -34.902095884986181 ], [ 150.552539385945693, -34.90211942364725 ], [ 150.552519746028054, -34.902144074447563 ], [ 150.55250211373135, -34.902169729369135 ], [ 150.552500321034415, -34.902172579763729 ], [ 150.552487198042087, -34.902188723955462 ], [ 150.552474899033541, -34.902204571936949 ], [ 150.552457257933867, -34.902230227575302 ], [ 150.55244169637416, -34.902256786919239 ], [ 150.552428268618399, -34.902284117645038 ], [ 150.552417045679107, -34.902312113007589 ], [ 150.552412894546507, -34.902324375030169 ], [ 150.552403455532783, -34.902344212853059 ], [ 150.552399223589674, -34.902353410043453 ], [ 150.552388001776876, -34.902381403622392 ], [ 150.552382524589035, -34.902398820587699 ], [ 150.55236634498084, -34.902416488864944 ], [ 150.552355704251767, -34.902429405303756 ], [ 150.552302027021057, -34.902497074497205 ], [ 150.552293027717553, -34.902508807918885 ], [ 150.552275386491942, -34.902534463524589 ], [ 150.552259825025544, -34.902561015631719 ], [ 150.552246404542473, -34.902588355495176 ], [ 150.552235182641738, -34.902616349055521 ], [ 150.552226200515889, -34.902644898882997 ], [ 150.552219513844733, -34.90267386186455 ], [ 150.552215129147925, -34.902703129053847 ], [ 150.552213085407743, -34.902732566917322 ], [ 150.552213381997205, -34.902762049236387 ], [ 150.552216017142257, -34.90279145157217 ], [ 150.552216177901869, -34.902792670897824 ], [ 150.552211651598896, -34.902797223171888 ], [ 150.552190093370683, -34.902820763404321 ], [ 150.55217046192061, -34.902845414310576 ], [ 150.552152821432287, -34.902871078023026 ], [ 150.55213725879031, -34.902897629185851 ], [ 150.552123830818203, -34.902924959866823 ], [ 150.552112607409072, -34.902952964199976 ], [ 150.55210363421358, -34.90298150518062 ], [ 150.552096938475842, -34.903010476083146 ], [ 150.552092564913806, -34.903039734475023 ], [ 150.552090511245297, -34.903069173035384 ], [ 150.552090807543976, -34.903098663459886 ], [ 150.552093451423929, -34.903128065070838 ], [ 150.552098407768938, -34.903157270786743 ], [ 150.552105687235724, -34.903186142896864 ], [ 150.552105856796885, -34.903186734073785 ], [ 150.552113422962577, -34.903212326094632 ], [ 150.552122789592687, -34.903240151285793 ], [ 150.552134577288825, -34.903267992812275 ], [ 150.552148543552306, -34.903295136327991 ], [ 150.552164642143026, -34.903321480836958 ], [ 150.552182794922629, -34.90334689405033 ], [ 150.552202927431267, -34.903371267191559 ], [ 150.552224943601431, -34.903394518994261 ], [ 150.552248769427308, -34.903416525365877 ], [ 150.552274280648248, -34.903437196358652 ], [ 150.552301388583231, -34.903456459869709 ], [ 150.552329964837242, -34.903474217754706 ], [ 150.552359886001312, -34.90349038819636 ], [ 150.552360702103016, -34.903490800387189 ], [ 150.552471551145686, -34.903546332599227 ], [ 150.552501885641988, -34.903560450569451 ], [ 150.552534109894253, -34.9035732787396 ], [ 150.552567295111317, -34.903584330530414 ], [ 150.552601276801795, -34.903593580991526 ], [ 150.552635923043908, -34.903600976981863 ], [ 150.552650193992235, -34.903603451481324 ], [ 150.552792425709782, -34.90362648838515 ], [ 150.552813311025062, -34.903629527025743 ], [ 150.552848836950972, -34.903633130154617 ], [ 150.552884575157776, -34.903634816512053 ], [ 150.552920359658458, -34.903634574640677 ], [ 150.552956054765389, -34.903632404511356 ], [ 150.552991507213335, -34.903628308445434 ], [ 150.553026547490987, -34.903622319988699 ], [ 150.553033969674829, -34.903620625994293 ], [ 150.553021849853934, -34.903719022759972 ], [ 150.553021266990442, -34.903724061066804 ], [ 150.553019223394415, -34.90377562198254 ], [ 150.553015351610384, -34.903780094619215 ], [ 150.552995711404208, -34.90380474547991 ], [ 150.552978069022146, -34.903830400257341 ], [ 150.552962508359315, -34.903856960579063 ], [ 150.552949089228292, -34.90388429152852 ], [ 150.552937866238551, -34.903912286029886 ], [ 150.552928883063942, -34.903940836786951 ], [ 150.552922196531171, -34.903969798906552 ], [ 150.552917813078864, -34.903999066145055 ], [ 150.552915769528568, -34.904028504023735 ], [ 150.552916065252276, -34.904057986323963 ], [ 150.552917157633374, -34.904073421704751 ], [ 150.55292598801762, -34.904169866025832 ], [ 150.5529240692359, -34.904192409252708 ], [ 150.552922886010492, -34.904212954309976 ], [ 150.55292318170666, -34.904242437510455 ], [ 150.552925816853588, -34.904271848846115 ], [ 150.552930782636167, -34.904301043002221 ], [ 150.552938061353899, -34.904329915952694 ], [ 150.552947607781903, -34.904358332466678 ], [ 150.552959394804958, -34.904386173904577 ], [ 150.552973361245563, -34.904413326349314 ], [ 150.552973514115536, -34.904413595363245 ], [ 150.553027942842306, -34.90451023617743 ], [ 150.552987281722125, -34.904578944913908 ], [ 150.552962684967639, -34.90461710363585 ], [ 150.552915569757687, -34.904661152362763 ], [ 150.552900304197863, -34.904676068888783 ], [ 150.552878746487352, -34.904699617355085 ], [ 150.552859113660872, -34.904724268333716 ], [ 150.552841473210265, -34.904749923121891 ], [ 150.552825902737709, -34.904776474205804 ], [ 150.552820864382085, -34.904786145560671 ], [ 150.552774000601175, -34.904879075313708 ], [ 150.552765619592435, -34.904896734877035 ], [ 150.552757013680719, -34.904917620784865 ], [ 150.552756655543959, -34.90491855290346 ], [ 150.552726832576013, -34.904930313038513 ], [ 150.552701167541443, -34.904941122949943 ], [ 150.552670313935948, -34.904956084167374 ], [ 150.552640724157698, -34.904972668249123 ], [ 150.552612505144225, -34.904990811543215 ], [ 150.552585792802034, -34.905010432951997 ], [ 150.552560693430422, -34.905031453485776 ], [ 150.552537314743688, -34.905053783365709 ], [ 150.552515765871021, -34.905077322023828 ], [ 150.552496125187332, -34.905101972779875 ], [ 150.552478484271376, -34.905127636515132 ], [ 150.552462922354749, -34.90515418771944 ], [ 150.552449494074892, -34.905181518416427 ], [ 150.552438271513921, -34.905209522784077 ], [ 150.552436156176896, -34.905215608367591 ], [ 150.552416686167561, -34.905273059905348 ], [ 150.552412607691167, -34.90527848301376 ], [ 150.552394965882684, -34.905304137702181 ], [ 150.552379404996543, -34.905330688914617 ], [ 150.552365986232189, -34.905358028806965 ], [ 150.552354754040607, -34.905386023956318 ], [ 150.552345780638092, -34.905414564036015 ], [ 150.552339084681137, -34.905443536738517 ], [ 150.552334711049326, -34.905472794225751 ], [ 150.55233266695501, -34.905502241087291 ], [ 150.552331429768628, -34.905543798357186 ], [ 150.552314515092434, -34.905636727411967 ], [ 150.552310677397372, -34.905663081237812 ], [ 150.552308633553139, -34.905692519088213 ], [ 150.552300216567801, -34.90597610310828 ], [ 150.552277986746077, -34.90598408932054 ], [ 150.552246019749191, -34.905997356652541 ], [ 150.552242200810809, -34.905999086244385 ], [ 150.552179875380432, -34.906027610391924 ], [ 150.55211200005499, -34.906048496271829 ], [ 150.552106478397121, -34.906050226702163 ], [ 150.552073526473265, -34.906061726184362 ], [ 150.552041551760539, -34.906074993305459 ], [ 150.55201070662477, -34.906089945497087 ], [ 150.551981107580161, -34.906106528315547 ], [ 150.551952897842995, -34.906124672530382 ], [ 150.551926176192694, -34.906144294493515 ], [ 150.551901076324754, -34.90616531396509 ], [ 150.551877698220039, -34.906187643715477 ], [ 150.551856149916574, -34.906211183155342 ], [ 150.551836509844577, -34.906235833803095 ], [ 150.551818867344252, -34.906261498298427 ], [ 150.551803306104006, -34.906288048517055 ], [ 150.551789878468838, -34.906315380042663 ], [ 150.551778655536083, -34.906343383427924 ], [ 150.551769681785316, -34.906371924349266 ], [ 150.55176298579687, -34.906400887994877 ], [ 150.551761220235221, -34.90641092635591 ], [ 150.551761068564048, -34.906411832883904 ], [ 150.551758503975208, -34.906419999009465 ], [ 150.55175180776385, -34.90644896986138 ], [ 150.551747432729144, -34.906478228191069 ], [ 150.551745389713062, -34.906507666942169 ], [ 150.55174568582521, -34.906537157347735 ], [ 150.551748320841085, -34.906566559675113 ], [ 150.551753287064599, -34.906595764691026 ], [ 150.551760556769864, -34.906624637517119 ], [ 150.551762528838736, -34.906630489955646 ], [ 150.551762798088987, -34.906631593375195 ], [ 150.551772352859075, -34.906660017349843 ], [ 150.551775535982131, -34.906667538482324 ], [ 150.551758871511566, -34.90667062187962 ], [ 150.551724369237604, -34.906678492237262 ], [ 150.551690575083541, -34.90668820053542 ], [ 150.551657622553563, -34.906699709800861 ], [ 150.551625648887864, -34.906712967810812 ], [ 150.551594803463871, -34.906727918981346 ], [ 150.551585678102299, -34.906732786886742 ], [ 150.551560291340792, -34.906745256348671 ], [ 150.551557639129243, -34.906746645241434 ], [ 150.551534708921508, -34.906757976076094 ], [ 150.551505118288958, -34.906774558939254 ], [ 150.551476900587289, -34.906792701972549 ], [ 150.551450187352629, -34.906812323991602 ], [ 150.551442505548607, -34.906818474031212 ], [ 150.551434769392444, -34.906823690852946 ], [ 150.551408056137802, -34.906843312861803 ], [ 150.551382956987197, -34.906864333132695 ], [ 150.55137146495278, -34.906874938055061 ], [ 150.551363389164322, -34.90687998395746 ], [ 150.551343416807498, -34.906893080867889 ], [ 150.551316704602442, -34.906912702876653 ], [ 150.551291605380698, -34.906933724027525 ], [ 150.551268226913948, -34.906956052741116 ], [ 150.55124666947944, -34.906979591878134 ], [ 150.551227029033868, -34.907004242409272 ], [ 150.551209388357137, -34.907029906842432 ], [ 150.55119382564456, -34.907056457844597 ], [ 150.551180397697237, -34.907083788385101 ], [ 150.551169174413332, -34.907111792598783 ], [ 150.5511602014478, -34.907140333481593 ], [ 150.5511535062885, -34.907169296199882 ], [ 150.55114912306567, -34.907198563349404 ], [ 150.551146970555209, -34.907245382049396 ], [ 150.551147230962101, -34.90726085384668 ], [ 150.551146782805915, -34.907262494504316 ], [ 150.551140086268134, -34.907291466208001 ], [ 150.5511357128741, -34.907320733554478 ], [ 150.55113389208708, -34.907344119780028 ], [ 150.551130916958272, -34.907408866585655 ], [ 150.551130853492481, -34.907410266192826 ], [ 150.551127805393577, -34.907482478415048 ], [ 150.551127052956531, -34.907489462269758 ], [ 150.551125259978704, -34.907498909601323 ], [ 150.551123807844704, -34.907499904396083 ], [ 150.55109709506354, -34.907519537155572 ], [ 150.551071996741314, -34.907540556469314 ], [ 150.551048618008593, -34.907562886029879 ], [ 150.551027067999797, -34.907586425270921 ], [ 150.550983026168154, -34.907641703466453 ], [ 150.550838170107454, -34.907599494795839 ], [ 150.55048230002302, -34.907530938349126 ], [ 150.550136944580942, -34.907495001738205 ], [ 150.549786111942325, -34.907488610261701 ], [ 150.549353016341456, -34.907526303222724 ], [ 150.549287210969226, -34.907486960488313 ], [ 150.549226911110821, -34.907254274011429 ], [ 150.54921737287853, -34.907217960514409 ], [ 150.54921656626999, -34.90721505682761 ], [ 150.549173172512809, -34.90707496798796 ], [ 150.54912035659666, -34.90693526415523 ], [ 150.54905872967322, -34.906798026526211 ], [ 150.54901237560091, -34.906709229298372 ], [ 150.548988468608314, -34.906663638176674 ], [ 150.548910778388148, -34.906534081403507 ], [ 150.548890895600351, -34.90650341689534 ], [ 150.548837470696611, -34.906422345860399 ], [ 150.54876072051681, -34.906298285305041 ], [ 150.548693169105803, -34.906173228515812 ], [ 150.548633657255692, -34.906045420386732 ], [ 150.548603214574882, -34.90596796190534 ], [ 150.548582355676444, -34.905915227666924 ], [ 150.548554315830728, -34.905828689371056 ], [ 150.548538782347975, -34.905780974719143 ], [ 150.548534057950633, -34.905754826855514 ], [ 150.548263757979583, -34.905713556769435 ], [ 150.548258361975485, -34.905708043535284 ], [ 150.548253314038249, -34.905702306549856 ], [ 150.548248653854472, -34.905696372756935 ], [ 150.548244368863436, -34.905690222972098 ], [ 150.548240487225996, -34.905683903738854 ], [ 150.54823700077776, -34.905677432020383 ], [ 150.548233943206185, -34.905670815708454 ], [ 150.548231298611142, -34.905664074314529 ], [ 150.548229093528931, -34.905657235418396 ], [ 150.548227327745138, -34.905650306227486 ], [ 150.548225992773695, -34.905643314516155 ], [ 150.548225113526371, -34.905636268900494 ], [ 150.548224683731149, -34.90562919629803 ], [ 150.548224701758386, -34.905622114705295 ], [ 150.548225167098906, -34.905615041239976 ], [ 150.54822608132352, -34.905607996667577 ], [ 150.548227444293076, -34.90560102245297 ], [ 150.548229255664211, -34.905594093348007 ], [ 150.548231496331312, -34.90558726305526 ], [ 150.548234167414677, -34.9055805306959 ], [ 150.548234849049976, -34.90557898851538 ], [ 150.547299371949578, -34.904375689791301 ], [ 150.547439000821186, -34.904360338145715 ], [ 150.54744909544192, -34.904359523301949 ], [ 150.547484538350318, -34.904355434976928 ], [ 150.547513850616554, -34.904350559379907 ], [ 150.547540169217996, -34.904345566540947 ], [ 150.54754590579418, -34.904344445544034 ], [ 150.54758040825584, -34.904336584477683 ], [ 150.547614201869408, -34.904326876399438 ], [ 150.547647153981245, -34.904315366409698 ], [ 150.547679128389291, -34.904302108551995 ], [ 150.547709973581362, -34.904287156560912 ], [ 150.547739572772628, -34.904270573887004 ], [ 150.547767782717926, -34.904252430658438 ], [ 150.547794495939456, -34.904232808543227 ], [ 150.547819595144176, -34.904211788109833 ], [ 150.547834546829762, -34.904197849409059 ], [ 150.547885005410308, -34.904148825566757 ], [ 150.547893431452138, -34.90414042627912 ], [ 150.547902305723568, -34.904131121046014 ], [ 150.547916720455163, -34.904118715714972 ], [ 150.547940098965313, -34.904096386740726 ], [ 150.54796164780862, -34.904072846210191 ], [ 150.547981288446351, -34.904048196208123 ], [ 150.547998929136696, -34.904022541257156 ], [ 150.548014499902763, -34.903995989925122 ], [ 150.548027919858953, -34.903968649658061 ], [ 150.548039151059612, -34.903940655812967 ], [ 150.548048124702689, -34.903912114276714 ], [ 150.548054820876331, -34.903883142740639 ], [ 150.548055026835613, -34.903882030876673 ], [ 150.548059364465416, -34.903858850560567 ], [ 150.548060126361094, -34.903854646153043 ], [ 150.548069826532299, -34.903799321244385 ], [ 150.548070883862692, -34.903791916267046 ], [ 150.548077293235139, -34.903782594618676 ], [ 150.54808528019521, -34.903768978653623 ], [ 150.54810207932556, -34.903765141232725 ], [ 150.548135873714813, -34.903755433919152 ], [ 150.548139691943618, -34.903754205659453 ], [ 150.548144909334468, -34.903752511635282 ], [ 150.548174033902086, -34.903742238581522 ], [ 150.548206008005735, -34.903728980571131 ], [ 150.548236853157391, -34.903714019422686 ], [ 150.548266452037495, -34.903697436605931 ], [ 150.548294661375593, -34.903679303150625 ], [ 150.548321383301129, -34.903659672072109 ], [ 150.548337214257629, -34.903646737260651 ], [ 150.548344537258657, -34.903640507152829 ], [ 150.548353806314537, -34.903632420527813 ], [ 150.548377184538538, -34.903610092358029 ], [ 150.548384194030149, -34.903602776858925 ], [ 150.548406640071363, -34.903581290774035 ], [ 150.548428189709483, -34.903557751070728 ], [ 150.548439995437491, -34.903543363867783 ], [ 150.548444782325532, -34.903537269173214 ], [ 150.5484526257423, -34.90352700556106 ], [ 150.548470257419865, -34.903501350352293 ], [ 150.54848582899578, -34.903474799870317 ], [ 150.548499248462178, -34.903447467647375 ], [ 150.548510479691345, -34.903419464737567 ], [ 150.548512146611642, -34.903414704354113 ], [ 150.548517758348424, -34.903399931611574 ], [ 150.548526740747263, -34.903371382096466 ], [ 150.548533436430716, -34.903342419532144 ], [ 150.548537811539319, -34.903313152313679 ], [ 150.548539855522392, -34.903283714547733 ], [ 150.548539569006181, -34.903254232453087 ], [ 150.54853820578424, -34.903235936622977 ], [ 150.54853846555946, -34.903231947445775 ], [ 150.548543234639652, -34.903228253906988 ], [ 150.548568324565707, -34.903207234019312 ], [ 150.548591702606387, -34.90318490579935 ], [ 150.548613261952028, -34.903161365352986 ], [ 150.548629029645127, -34.903141868313604 ], [ 150.54865066799394, -34.903123582328497 ], [ 150.54867404598815, -34.903101254090494 ], [ 150.548695596539204, -34.903077713450756 ], [ 150.548708603226714, -34.903061793612572 ], [ 150.548726145982783, -34.903046814496456 ], [ 150.548749523934362, -34.903024486241897 ], [ 150.548757126433657, -34.903016544443787 ], [ 150.548763356059169, -34.903011165770216 ], [ 150.548770096266395, -34.903005249304954 ], [ 150.548793474220901, -34.90298292013987 ], [ 150.548814243830577, -34.902960285923776 ], [ 150.548819622683737, -34.90295459439659 ], [ 150.548830639443679, -34.902942484574012 ], [ 150.548841520897383, -34.902930104282987 ], [ 150.548842472553901, -34.902929011070505 ], [ 150.54884284812502, -34.902928634622256 ], [ 150.548864406209731, -34.902905095003469 ], [ 150.548884047380113, -34.902880444850318 ], [ 150.548901688886531, -34.902854780754346 ], [ 150.548917249256107, -34.90282822998293 ], [ 150.548926581676312, -34.902809799301039 ], [ 150.548931655118935, -34.902799105650359 ], [ 150.548935751720705, -34.902790205147951 ], [ 150.548946974804636, -34.902762210139038 ], [ 150.54895595700043, -34.902733659679441 ], [ 150.548957758703239, -34.902726793466172 ], [ 150.548959774856513, -34.902718823671457 ], [ 150.548964660939248, -34.902696728031849 ], [ 150.548969035579461, -34.90266746979654 ], [ 150.548971044032299, -34.902639368182577 ], [ 150.548973275302131, -34.902622506104883 ], [ 150.548975328913144, -34.902593069420895 ], [ 150.548975032412955, -34.902563586218328 ], [ 150.548972800601064, -34.902537403016304 ], [ 150.548970784079359, -34.902517780561233 ], [ 150.548965817618324, -34.902488585353012 ], [ 150.54895854805855, -34.902459713276407 ], [ 150.54894900235297, -34.902431288376512 ], [ 150.548937214787827, -34.902403445663914 ], [ 150.54892324861774, -34.902376302704234 ], [ 150.548907149894518, -34.902349966799655 ], [ 150.548889007077804, -34.902324554221231 ], [ 150.548888083160989, -34.902323352847347 ], [ 150.548875775386648, -34.902303623694323 ], [ 150.548869679269643, -34.902294650035579 ], [ 150.548863629872528, -34.902285982016686 ], [ 150.548870459694172, -34.902273773277308 ], [ 150.548883887537301, -34.902246442070982 ], [ 150.548895110794263, -34.902218438953845 ], [ 150.548904092669119, -34.902189897503376 ], [ 150.5489107804448, -34.902160934749126 ], [ 150.548915162986731, -34.902131667658175 ], [ 150.548917207873757, -34.90210222989591 ], [ 150.548916911331787, -34.90207274849385 ], [ 150.548914276549965, -34.902043337101787 ], [ 150.548909319996255, -34.902014141188879 ], [ 150.548902040672886, -34.901985268009859 ], [ 150.548900328641679, -34.901979585744272 ], [ 150.548896070909535, -34.901965861466195 ], [ 150.548888237275349, -34.901943119729239 ], [ 150.548876458539326, -34.901915277189005 ], [ 150.548862483687316, -34.901888134949026 ], [ 150.548846393019375, -34.901861789283451 ], [ 150.548828241571755, -34.901836376522802 ], [ 150.548808117245301, -34.9018119948974 ], [ 150.548786092336201, -34.901788752238808 ], [ 150.548762275575768, -34.90176674539466 ], [ 150.548756466875204, -34.901761797192627 ], [ 150.548745996002737, -34.901753012000285 ], [ 150.548726284183005, -34.901737281094768 ], [ 150.54869918615438, -34.901718026024518 ], [ 150.548684127875987, -34.901708667769732 ], [ 150.548686037159598, -34.901695974814913 ], [ 150.548688081014348, -34.901666537035467 ], [ 150.548687784841064, -34.901637045724144 ], [ 150.548686807811862, -34.901622909863313 ], [ 150.548686701183385, -34.901620534136704 ], [ 150.548684065100417, -34.901591132629854 ], [ 150.548681366948756, -34.901573571601979 ], [ 150.54867977111212, -34.901564607617011 ], [ 150.548677504329362, -34.90155296353926 ], [ 150.548670233867426, -34.90152409052596 ], [ 150.548660686989876, -34.901495674595289 ], [ 150.548648899611607, -34.901467832761334 ], [ 150.548634935039615, -34.901440680787999 ], [ 150.548618843136694, -34.901414344985326 ], [ 150.548600691851476, -34.901388932195971 ], [ 150.548581114740927, -34.901365178184896 ], [ 150.548575844183688, -34.901358177366227 ], [ 150.548555711294227, -34.901333795528643 ], [ 150.548533695380655, -34.901310551205562 ], [ 150.548525322720138, -34.901302815283273 ], [ 150.548519540521966, -34.901292892383381 ], [ 150.548517828942437, -34.901289809064615 ], [ 150.548501729476328, -34.901263472193214 ], [ 150.548499882710189, -34.901260703463961 ], [ 150.548499622755259, -34.90125744931391 ], [ 150.548497695637678, -34.901239019499016 ], [ 150.548492739531412, -34.901209814564417 ], [ 150.548485469157754, -34.90118094154252 ], [ 150.5484759146957, -34.901152526346614 ], [ 150.548464135104581, -34.90112468375149 ], [ 150.548450169284592, -34.901097540747678 ], [ 150.548450017260876, -34.901097280760169 ], [ 150.548439708501093, -34.901073258534957 ], [ 150.548425742964895, -34.901046106519523 ], [ 150.548409643545028, -34.901019770539058 ], [ 150.548391501154072, -34.900994357899783 ], [ 150.548389582184683, -34.900991883394461 ], [ 150.548344331962511, -34.900909764671795 ], [ 150.548316507751451, -34.900855881959828 ], [ 150.548320345178325, -34.90084932998689 ], [ 150.548333772965918, -34.900821997932574 ], [ 150.548344997008684, -34.90079400389142 ], [ 150.548353979127228, -34.900765454368639 ], [ 150.548360665854602, -34.900736491619682 ], [ 150.54836504848393, -34.900707224547332 ], [ 150.548366689058241, -34.900687377502742 ], [ 150.548367622436928, -34.900685352704102 ], [ 150.548371735661135, -34.900682331049644 ], [ 150.548396834682421, -34.900661310456691 ], [ 150.548416171300516, -34.900643060976364 ], [ 150.548436600760368, -34.900623384883033 ], [ 150.548458158340026, -34.900599844407083 ], [ 150.548460892675365, -34.900596608316725 ], [ 150.548470994937418, -34.900585179603532 ], [ 150.548490634559329, -34.900560528564355 ], [ 150.54850023543105, -34.900547046994873 ], [ 150.548504341021697, -34.900543766459172 ], [ 150.548526195755301, -34.900525318971944 ], [ 150.548544006633563, -34.900508296231884 ], [ 150.548547503014589, -34.900507067770626 ], [ 150.548579468095312, -34.9004938103472 ], [ 150.548583833779219, -34.900491828669416 ], [ 150.548603178347008, -34.900489355073475 ], [ 150.548638217543981, -34.900483366937458 ], [ 150.548653054039249, -34.900480229926067 ], [ 150.548679927708747, -34.900476949087626 ], [ 150.54871497673804, -34.900470961127589 ], [ 150.548749470050183, -34.900463091389462 ], [ 150.54878326520992, -34.900453382974582 ], [ 150.548809519963555, -34.900444383301533 ], [ 150.548823118544959, -34.900439381385731 ], [ 150.548852081317904, -34.900430937565133 ], [ 150.548853811374101, -34.90043038110899 ], [ 150.548882666117009, -34.90042196394819 ], [ 150.548915618370131, -34.900410463489493 ], [ 150.548947592402072, -34.900397196231204 ], [ 150.548978438012, -34.900382245684746 ], [ 150.548982408578098, -34.900380156858013 ], [ 150.54901626569324, -34.900372411229647 ], [ 150.549050059667906, -34.900362703616381 ], [ 150.549083011903036, -34.900351202209265 ], [ 150.549114978178778, -34.900337936552113 ], [ 150.549145832539978, -34.900322984335432 ], [ 150.54917542233602, -34.900306401075952 ], [ 150.549203631668433, -34.90028825745545 ], [ 150.549226633183565, -34.900271530444812 ], [ 150.54923430681464, -34.900268142475809 ], [ 150.549265151260499, -34.90025319092905 ], [ 150.549294742101921, -34.900236607660311 ], [ 150.549321535959763, -34.90021944239885 ], [ 150.549327639641263, -34.900215273627936 ], [ 150.549329064881391, -34.900214296338305 ], [ 150.549341203352981, -34.900205699584554 ], [ 150.549364141004645, -34.900200249574098 ], [ 150.549397935965942, -34.900190541881173 ], [ 150.549422397437525, -34.900182196422392 ], [ 150.549445964736663, -34.900173600340466 ], [ 150.549454023368924, -34.900171026941265 ], [ 150.549458549706344, -34.900169565916919 ], [ 150.54947681059511, -34.90016356900081 ], [ 150.54948082631239, -34.900162242811895 ], [ 150.549508524172836, -34.90015294756526 ], [ 150.549532063698337, -34.900144512269407 ], [ 150.549539791511876, -34.900141509400569 ], [ 150.549564988068795, -34.900138398263898 ], [ 150.549600036903911, -34.900132410039376 ], [ 150.549634531096729, -34.900124540062038 ], [ 150.549668325999221, -34.900114832291116 ], [ 150.54970127720452, -34.900103322577579 ], [ 150.549713011736799, -34.900098706651299 ], [ 150.549713495575077, -34.900098589303255 ], [ 150.549721759705562, -34.900099262626078 ], [ 150.549757490876374, -34.900100947025578 ], [ 150.549793283663092, -34.900100705310074 ], [ 150.549828978620752, -34.900098527051632 ], [ 150.549864421741319, -34.900094439794074 ], [ 150.549899461792819, -34.900088451304924 ], [ 150.549933955943573, -34.900080581240509 ], [ 150.549967749703995, -34.900070873361891 ], [ 150.550000700854497, -34.900059363564544 ], [ 150.550032666640277, -34.900046105762733 ], [ 150.550063520736728, -34.900031153300709 ], [ 150.550073310379133, -34.900025927482254 ], [ 150.550079602500233, -34.900022485453384 ], [ 150.550095424673003, -34.900013495050246 ], [ 150.55010675433212, -34.900006816464568 ], [ 150.550110734164804, -34.900004451034711 ], [ 150.550135538865021, -34.899988637343895 ], [ 150.550150149063228, -34.899980148950561 ], [ 150.550178368987417, -34.8999620062106 ], [ 150.550183405750033, -34.899958500997286 ], [ 150.550192611428542, -34.899952011247045 ], [ 150.550214295730655, -34.899935893917117 ], [ 150.550226343698682, -34.899926140460479 ], [ 150.550228997056081, -34.899924080017648 ], [ 150.550242675614044, -34.899912624108914 ], [ 150.5502505726854, -34.899908194872062 ], [ 150.550277232291506, -34.899891118634883 ], [ 150.550279186381744, -34.899889944660025 ], [ 150.550307405153717, -34.899871801865302 ], [ 150.550314648162384, -34.8998667374184 ], [ 150.550322958420338, -34.899860811951768 ], [ 150.55034242764242, -34.899846254549132 ], [ 150.550351104178617, -34.899839306985427 ], [ 150.550355873053036, -34.89983538979844 ], [ 150.550368109339644, -34.899827214996535 ], [ 150.550382057164711, -34.899817301511284 ], [ 150.550392939022061, -34.899810004472236 ], [ 150.550409514067553, -34.899798136383659 ], [ 150.550423542967792, -34.899789986906583 ], [ 150.550434434839218, -34.89978327331815 ], [ 150.550447673782003, -34.899775564053662 ], [ 150.550468282134347, -34.899762549482425 ], [ 150.550472235191791, -34.899760200628208 ], [ 150.550500453877817, -34.899742057784636 ], [ 150.55052716711765, -34.899722435912096 ], [ 150.550537215917416, -34.899714340485041 ], [ 150.55055436381528, -34.899701567129362 ], [ 150.550566169207087, -34.899693678399359 ], [ 150.55057437037874, -34.899687924699165 ], [ 150.550582563852345, -34.899682061765006 ], [ 150.550601066018118, -34.899668194277851 ], [ 150.550607367746039, -34.899663174837507 ], [ 150.550614987327378, -34.899656998336106 ], [ 150.550626622433498, -34.899647290601081 ], [ 150.550631372663759, -34.899643668709636 ], [ 150.550637118917848, -34.899639778429965 ], [ 150.550663832359959, -34.899620147514995 ], [ 150.550669847044048, -34.899615361173687 ], [ 150.550670742882289, -34.899614634620299 ], [ 150.550696263813364, -34.899598276337613 ], [ 150.550706196292566, -34.899591517236857 ], [ 150.550708256866045, -34.899590110117451 ], [ 150.550734970034483, -34.899570487293708 ], [ 150.550760069193558, -34.899549467092513 ], [ 150.550783447754753, -34.89952713841457 ], [ 150.550799170947528, -34.899510276065641 ], [ 150.550815072890913, -34.899494984077471 ], [ 150.55085030135217, -34.899496382163875 ], [ 150.5508632461339, -34.899496768453766 ], [ 150.550899038674743, -34.899496526401187 ], [ 150.55093473311959, -34.899494355913767 ], [ 150.550970177010129, -34.899490269242889 ], [ 150.551005216981991, -34.899484272311639 ], [ 150.55103971052236, -34.899476410926759 ], [ 150.551073504985993, -34.899466703646731 ], [ 150.551083356640277, -34.899463474853711 ], [ 150.551144481003405, -34.899442921192289 ], [ 150.551167591361832, -34.899434629267446 ], [ 150.551199556703409, -34.899421372040187 ], [ 150.551230401563657, -34.899406420887203 ], [ 150.551239500687956, -34.899401561472693 ], [ 150.551269941267066, -34.899384969592958 ], [ 150.55129043341546, -34.899373244344154 ], [ 150.551318652888824, -34.899355101318406 ], [ 150.55134536472022, -34.899335479229336 ], [ 150.551370455175373, -34.899314449706118 ], [ 150.551393833507802, -34.899292120900192 ], [ 150.551415383288543, -34.899268581514463 ], [ 150.551422813907863, -34.89925925861764 ], [ 150.551508563300729, -34.899247857063642 ], [ 150.551565054930336, -34.899243248807259 ], [ 150.551569285831107, -34.899242890558668 ], [ 150.551604729619328, -34.899238802795651 ], [ 150.551639769180667, -34.899232814684005 ], [ 150.551674263899088, -34.899224945025274 ], [ 150.551708058220584, -34.899215236659927 ], [ 150.551741008780681, -34.899203727265373 ], [ 150.551772975040961, -34.899190469901157 ], [ 150.551803819743839, -34.899175517693138 ], [ 150.551814665952833, -34.899169709035796 ], [ 150.551815580534424, -34.899169198303291 ], [ 150.551827412687857, -34.899164823925574 ], [ 150.551859378920142, -34.899151566537341 ], [ 150.551890223593659, -34.899136614306009 ], [ 150.551919814598023, -34.899120031279033 ], [ 150.551948032784821, -34.899101887173977 ], [ 150.551966785754388, -34.899088110163838 ], [ 150.551977944938159, -34.899085358382173 ], [ 150.552003062357215, -34.899078339053396 ], [ 150.552016096311348, -34.899075130139721 ], [ 150.552049890509124, -34.899065422575703 ], [ 150.552082842086236, -34.899053912204742 ], [ 150.552114807117164, -34.899040655624425 ], [ 150.552145652799112, -34.899025703346346 ], [ 150.552150197284249, -34.899023148196655 ], [ 150.552151516193845, -34.89902530855958 ], [ 150.552169668103886, -34.899050721751813 ], [ 150.552189791981846, -34.899075094712913 ], [ 150.552211816063362, -34.89909833855301 ], [ 150.552235633911636, -34.899120352865864 ], [ 150.552261153706667, -34.899141024017645 ], [ 150.552288251511499, -34.899160288209877 ], [ 150.552316829636538, -34.899178045212608 ], [ 150.552346750382839, -34.899194215625087 ], [ 150.552377891651787, -34.899208747405147 ], [ 150.552410117529689, -34.899221574710303 ], [ 150.552443301011152, -34.899232626468773 ], [ 150.552477284174643, -34.899241877862586 ], [ 150.552502122894538, -34.899247381484841 ], [ 150.55251670777966, -34.899250313046828 ], [ 150.552528656490978, -34.899254507644912 ], [ 150.55255476862672, -34.899263041521749 ], [ 150.552588750990878, -34.899272283854003 ], [ 150.552623397652184, -34.899279678920365 ], [ 150.552658561944696, -34.899285191312416 ], [ 150.552694078050763, -34.899288804166957 ] ] ] ] } },
{ "type": "Feature", "properties": { "OBJECTID": 490, "Comments": "Downloaded from SEED Map Service 20250513", "FSource": "https://mapprod3.environment.nsw.gov.au/arcgis/rest/services/Planning/EPI_Primary_Planning_Layers/MapServer/2", "SourceDate": 20250513.0, "Supplier": "DOP", "EPI_NAME": "Shoalhaven Local Environmental Plan 2014", "LGA_NAME": "SHOALHAVEN", "PUBLISHED_DATE": "20211022000000", "COMMENCED_DATE": "20211022000000", "CURRENCY_DATE": "20240823000000", "AMENDMENT": "Map Amendment No 3", "MAP_TYPE": "LZN", "MAP_NAME": "Land Zoning Map", "LAY_NAME": "Zone", "LAY_CLASS": "General Residential", "PCO_REF_KEY": "2014-179", "EPI_TYPE": "LEP", "SYM_CODE": "R1", "PURPOSE": null, "arcgisonline_objectid": 586744.0, "arcgisonline_type": "arcgisonline_polygon", "multi_reader_type": "ARCGISFEATURES", "SHAPE_Length": 2023.42690038109, "SHAPE_Area": 84180.042762430719 }, "geometry": { "type": "MultiPolygon", "coordinates": [ [ [ [ 150.584982332171478, -34.887206858828463 ], [ 150.585058033015457, -34.887217123213603 ], [ 150.585176644431613, -34.887233203985851 ], [ 150.585230742783097, -34.887240545403877 ], [ 150.585370948916648, -34.887259557694762 ], [ 150.585586846278829, -34.887288833691521 ], [ 150.585759555508616, -34.887312247912305 ], [ 150.585976492914881, -34.887341659277119 ], [ 150.586170796866611, -34.887368012605833 ], [ 150.586209843546413, -34.887373302072483 ], [ 150.586365108851879, -34.887394357672029 ], [ 150.586747808514474, -34.887446242276773 ], [ 150.586752699170717, -34.887446904646986 ], [ 150.586725433611036, -34.8875832558588 ], [ 150.58618259205528, -34.887509554261648 ], [ 150.586179606793991, -34.887524497417516 ], [ 150.586149371837593, -34.88767570180007 ], [ 150.586146950533902, -34.887687784938663 ], [ 150.586117351202574, -34.887835807083405 ], [ 150.586110950836826, -34.887867818657341 ], [ 150.586075166263043, -34.888046775754837 ], [ 150.586039453024426, -34.888225382673525 ], [ 150.586172092368969, -34.888243462148317 ], [ 150.586582518267676, -34.888299371608241 ], [ 150.586549674147079, -34.888463671469601 ], [ 150.586508178709636, -34.888671214832996 ], [ 150.58647528008845, -34.88883575787866 ], [ 150.586463016993605, -34.88889707557275 ], [ 150.58645919958758, -34.888916191388645 ], [ 150.586440455283821, -34.889009927432483 ], [ 150.586420455173908, -34.889109975040469 ], [ 150.586419398132108, -34.889115290814686 ], [ 150.586369287997059, -34.889365996294224 ], [ 150.58633323527124, -34.889324572742971 ], [ 150.586004112621168, -34.889279923652545 ], [ 150.585992971287652, -34.889278408656729 ], [ 150.585798658596786, -34.889252053880966 ], [ 150.585625940355811, -34.889228622328794 ], [ 150.58561096097597, -34.889226587498435 ], [ 150.585550140457769, -34.889218349981583 ], [ 150.585517753578046, -34.889213957995658 ], [ 150.585485375502373, -34.889209564373147 ], [ 150.585452988630578, -34.889205172370225 ], [ 150.585351543549621, -34.889191403624189 ], [ 150.585215496385899, -34.889172937270374 ], [ 150.584978004867338, -34.889140721556231 ], [ 150.584914009918634, -34.889460933128397 ], [ 150.584843210533876, -34.889814956466843 ], [ 150.584807936887302, -34.889992810795803 ], [ 150.584796166581071, -34.889991214672541 ], [ 150.584472332298503, -34.889947192984415 ], [ 150.584357692532279, -34.889931614113877 ], [ 150.584464177755962, -34.889398122424076 ], [ 150.584527752009734, -34.889079631800008 ], [ 150.584096162354797, -34.889021079564259 ], [ 150.584032516764438, -34.889339560398447 ], [ 150.583926344149518, -34.889872970429053 ], [ 150.583710465773237, -34.889843587161799 ], [ 150.583478925083824, -34.889812069194491 ], [ 150.583122723630851, -34.889763592284858 ], [ 150.582917626389985, -34.889735678751329 ], [ 150.582723331964445, -34.889709225657093 ], [ 150.582529037391424, -34.889682782167462 ], [ 150.582334751972809, -34.889656329536436 ], [ 150.582140457685654, -34.889629885435028 ], [ 150.581646953405794, -34.889562700137056 ], [ 150.581430442722962, -34.889533262395908 ], [ 150.581563464873028, -34.888867562427379 ], [ 150.581600754143864, -34.888681216757767 ], [ 150.581641696740832, -34.888476605862834 ], [ 150.581857567015334, -34.888505928560477 ], [ 150.581885086858307, -34.888537535012119 ], [ 150.582503647071491, -34.88862137530797 ], [ 150.58255900051563, -34.888344074095528 ], [ 150.582587686677471, -34.888200371824773 ], [ 150.582616371578354, -34.888056671320214 ], [ 150.582645056417334, -34.887912968999764 ], [ 150.58267374218218, -34.887769268488995 ], [ 150.58283214514563, -34.887790763346445 ], [ 150.583037250267864, -34.887818578824344 ], [ 150.583242355284938, -34.887846402970908 ], [ 150.583447451687192, -34.887874227503559 ], [ 150.583666871630669, -34.887903987173104 ], [ 150.583674150948013, -34.887904973026636 ], [ 150.583974256597486, -34.887945678848212 ], [ 150.583994262879912, -34.888485579098706 ], [ 150.584188574200311, -34.88851193398628 ], [ 150.584122894678245, -34.888841019155919 ], [ 150.584132342569831, -34.888842301421072 ], [ 150.584302445571893, -34.887989745920763 ], [ 150.584373110320143, -34.887636107786598 ], [ 150.584686277060115, -34.887645690036621 ], [ 150.584686142704385, -34.887644188201563 ], [ 150.584686016882188, -34.887642768571006 ], [ 150.584685846706094, -34.887639837175342 ], [ 150.584685757468122, -34.887636906487216 ], [ 150.584685757164948, -34.887633964946325 ], [ 150.584685828762503, -34.887631033849615 ], [ 150.584685981298122, -34.887628103460436 ], [ 150.584686223307955, -34.887625181160338 ], [ 150.584686546519606, -34.887622250558202 ], [ 150.584686957874681, -34.887619336132026 ], [ 150.584687442223782, -34.88761643217174 ], [ 150.584688007273542, -34.887613537027619 ], [ 150.584404789664291, -34.887477607191585 ], [ 150.584435995059835, -34.887321463548943 ], [ 150.584529103998733, -34.887145401836968 ], [ 150.584686699310112, -34.887166771827239 ], [ 150.584864698268348, -34.887190911786924 ], [ 150.584982332171478, -34.887206858828463 ] ] ] ] } },
{ "type": "Feature", "properties": { "OBJECTID": 491, "Comments": "Downloaded from SEED Map Service 20250513", "FSource": "https://mapprod3.environment.nsw.gov.au/arcgis/rest/services/Planning/EPI_Primary_Planning_Layers/MapServer/2", "SourceDate": 20250513.0, "Supplier": "DOP", "EPI_NAME": "Shoalhaven Local Environmental Plan 2014", "LGA_NAME": "SHOALHAVEN", "PUBLISHED_DATE": "20140408000000", "COMMENCED_DATE": "20140422000000", "CURRENCY_DATE": "20240823000000", "AMENDMENT": null, "MAP_TYPE": "LZN", "MAP_NAME": "Land Zoning Map", "LAY_NAME": "Zone", "LAY_CLASS": "General Residential", "PCO_REF_KEY": "2014-179", "EPI_TYPE": "LEP", "SYM_CODE": "R1", "PURPOSE": null, "arcgisonline_objectid": 586745.0, "arcgisonline_type": "arcgisonline_polygon", "multi_reader_type": "ARCGISFEATURES", "SHAPE_Length": 850.13724776857919, "SHAPE_Area": 17407.215295774531 }, "geometry": { "type": "MultiPolygon", "coordinates": [ [ [ [ 150.585520999267231, -34.892184751243612 ], [ 150.585384002530986, -34.892199074620997 ], [ 150.585324768308368, -34.892205268738742 ], [ 150.585236276171713, -34.892214510657645 ], [ 150.584615840992541, -34.892279338539112 ], [ 150.584724414367173, -34.891737161094547 ], [ 150.584739347849421, -34.891662465554894 ], [ 150.584791967217683, -34.891399158553924 ], [ 150.584834932561108, -34.891184219693713 ], [ 150.584866925623231, -34.89102411525505 ], [ 150.584898927343147, -34.89086400917099 ], [ 150.584914928815067, -34.890783952079005 ], [ 150.584930930013911, -34.8907039030913 ], [ 150.584937133411273, -34.890672852275962 ], [ 150.584966481885346, -34.890526004693612 ], [ 150.585660204950528, -34.89060558808967 ], [ 150.585667402818473, -34.89057008113695 ], [ 150.58497358912939, -34.89049042657237 ], [ 150.585041144010034, -34.890152423833044 ], [ 150.585066027967315, -34.89002789559202 ], [ 150.58534767711339, -34.890066109230368 ], [ 150.585811213193011, -34.890129009658956 ], [ 150.585778701533258, -34.89029169676823 ], [ 150.585737814978842, -34.89049627245879 ], [ 150.585714723603161, -34.890611916309773 ], [ 150.585680204011567, -34.890784615893452 ], [ 150.585677388933846, -34.890798707803285 ], [ 150.585660115543106, -34.890885164594231 ], [ 150.585644670386841, -34.890962461699459 ], [ 150.585612667919577, -34.891122566190134 ], [ 150.585577116002838, -34.891300464785949 ], [ 150.585928827212484, -34.891348181032804 ], [ 150.585977878436893, -34.891319172408494 ], [ 150.585979106452442, -34.89131844677636 ], [ 150.585936437333743, -34.891531923472158 ], [ 150.585900383898831, -34.89149050157787 ], [ 150.585548672372084, -34.891442776215847 ], [ 150.585513121205622, -34.891620675695755 ], [ 150.585481119219367, -34.891780781037667 ], [ 150.585497638993502, -34.891783021394232 ], [ 150.585520999267231, -34.892184751243612 ] ] ] ] } },
{ "type": "Feature", "properties": { "OBJECTID": 496, "Comments": "Downloaded from SEED Map Service 20250513", "FSource": "https://mapprod3.environment.nsw.gov.au/arcgis/rest/services/Planning/EPI_Primary_Planning_Layers/MapServer/2", "SourceDate": 20250513.0, "Supplier": "DOP", "EPI_NAME": "Shoalhaven Local Environmental Plan 2014", "LGA_NAME": "SHOALHAVEN", "PUBLISHED_DATE": "20140408000000", "COMMENCED_DATE": "20140422000000", "CURRENCY_DATE": "20240823000000", "AMENDMENT": null, "MAP_TYPE": "LZN", "MAP_NAME": "Land Zoning Map", "LAY_NAME": "Zone", "LAY_CLASS": "General Residential", "PCO_REF_KEY": "2014-179", "EPI_TYPE": "LEP", "SYM_CODE": "R1", "PURPOSE": null, "arcgisonline_objectid": 586751.0, "arcgisonline_type": "arcgisonline_polygon", "multi_reader_type": "ARCGISFEATURES", "SHAPE_Length": 945.74829141566192, "SHAPE_Area": 32963.363401203111 }, "geometry": { "type": "MultiPolygon", "coordinates": [ [ [ [ 150.596159132302461, -34.888332925833225 ], [ 150.595712799066121, -34.888452897362363 ], [ 150.595700678978659, -34.888510634668584 ], [ 150.595363015532428, -34.888711632450686 ], [ 150.595067715899859, -34.888835504787551 ], [ 150.59506570780357, -34.888836347591379 ], [ 150.595050074876383, -34.888910497115461 ], [ 150.595585186379907, -34.888987097579118 ], [ 150.595581986652604, -34.888990199366624 ], [ 150.595452017686199, -34.889116052605836 ], [ 150.595350509187028, -34.889214360721162 ], [ 150.595318822320451, -34.889245044809741 ], [ 150.595185616746221, -34.889374034851286 ], [ 150.595052411792636, -34.889503026550777 ], [ 150.594919207512305, -34.889632018106262 ], [ 150.594786012678952, -34.889761008789939 ], [ 150.594652807794688, -34.889889991905463 ], [ 150.59453781725955, -34.889873461904813 ], [ 150.594543671113115, -34.889931180811523 ], [ 150.594503557795434, -34.890081443718614 ], [ 150.594440325089124, -34.890072353337189 ], [ 150.593748236288008, -34.889972823282768 ], [ 150.593858279796535, -34.889453333985102 ], [ 150.594118640484623, -34.888224137897957 ], [ 150.594117215255068, -34.888039380312499 ], [ 150.594154641159662, -34.887862405589125 ], [ 150.594188443553037, -34.887702532364756 ], [ 150.594222256731342, -34.887542659338294 ], [ 150.594236321110969, -34.88747612885151 ], [ 150.594858741284725, -34.887565968525372 ], [ 150.595079686239956, -34.887597855392201 ], [ 150.595321533651287, -34.887632760851581 ], [ 150.595538040215672, -34.887665256794826 ], [ 150.595518694874272, -34.887754906074861 ], [ 150.59548367173187, -34.887917261689203 ], [ 150.595449814949831, -34.888074203519508 ], [ 150.595416926998269, -34.888226653482214 ], [ 150.595945584104101, -34.888302348357364 ], [ 150.596159132302461, -34.888332925833225 ] ] ] ] } },
{ "type": "Feature", "properties": { "OBJECTID": 546, "Comments": "Downloaded from SEED Map Service 20250513", "FSource": "https://mapprod3.environment.nsw.gov.au/arcgis/rest/services/Planning/EPI_Primary_Planning_Layers/MapServer/2", "SourceDate": 20250513.0, "Supplier": "DOP", "EPI_NAME": "Shoalhaven Local Environmental Plan 2014", "LGA_NAME": "SHOALHAVEN", "PUBLISHED_DATE": "20140408000000", "COMMENCED_DATE": "20140422000000", "CURRENCY_DATE": "20240823000000", "AMENDMENT": null, "MAP_TYPE": "LZN", "MAP_NAME": "Land Zoning Map", "LAY_NAME": "Zone", "LAY_CLASS": "General Residential", "PCO_REF_KEY": "2014-179", "EPI_TYPE": "LEP", "SYM_CODE": "R1", "PURPOSE": null, "arcgisonline_objectid": 586872.0, "arcgisonline_type": "arcgisonline_polygon", "multi_reader_type": "ARCGISFEATURES", "SHAPE_Length": 878.92594573804251, "SHAPE_Area": 26607.620594829339 }, "geometry": { "type": "MultiPolygon", "coordinates": [ [ [ [ 150.634952789956344, -34.891626640626413 ], [ 150.634827392810166, -34.891605755893771 ], [ 150.63474095184813, -34.891592750333224 ], [ 150.634697987914592, -34.891586286781362 ], [ 150.632734904218751, -34.891290833495169 ], [ 150.632509190381001, -34.89125686910694 ], [ 150.631198552364623, -34.891059613410114 ], [ 150.632410881126532, -34.890820888475318 ], [ 150.633327917164678, -34.890640306271571 ], [ 150.633574858137763, -34.890591675836937 ], [ 150.633635849273418, -34.890579664121432 ], [ 150.63482555247694, -34.890345385397005 ], [ 150.635075800422641, -34.890296101361116 ], [ 150.635219368314296, -34.890273179843284 ], [ 150.634952789956344, -34.891626640626413 ] ] ] ] } },
{ "type": "Feature", "properties": { "OBJECTID": 547, "Comments": "Downloaded from SEED Map Service 20250513", "FSource": "https://mapprod3.environment.nsw.gov.au/arcgis/rest/services/Planning/EPI_Primary_Planning_Layers/MapServer/2", "SourceDate": 20250513.0, "Supplier": "DOP", "EPI_NAME": "Shoalhaven Local Environmental Plan 2014", "LGA_NAME": "SHOALHAVEN", "PUBLISHED_DATE": "20140408000000", "COMMENCED_DATE": "20140422000000", "CURRENCY_DATE": "20240823000000", "AMENDMENT": null, "MAP_TYPE": "LZN", "MAP_NAME": "Land Zoning Map", "LAY_NAME": "Zone", "LAY_CLASS": "General Residential", "PCO_REF_KEY": "2014-179", "EPI_TYPE": "LEP", "SYM_CODE": "R1", "PURPOSE": null, "arcgisonline_objectid": 586873.0, "arcgisonline_type": "arcgisonline_polygon", "multi_reader_type": "ARCGISFEATURES", "SHAPE_Length": 970.10980101765722, "SHAPE_Area": 50959.794480613149 }, "geometry": { "type": "MultiPolygon", "coordinates": [ [ [ [ 150.624076950476137, -34.893818197926905 ], [ 150.624059183973458, -34.893907147563482 ], [ 150.624001887508058, -34.894193815060952 ], [ 150.62394468967247, -34.89448068907906 ], [ 150.623925487985133, -34.894587845048285 ], [ 150.623915673909352, -34.894881128612397 ], [ 150.623866121222335, -34.894874405234233 ], [ 150.623808877363103, -34.89516124398525 ], [ 150.623776960863694, -34.895321349935017 ], [ 150.623888765170705, -34.895336516357901 ], [ 150.623924962493419, -34.895377965343819 ], [ 150.623875957327954, -34.895627513749375 ], [ 150.623875159814531, -34.895631610747159 ], [ 150.623848787844281, -34.895766482469945 ], [ 150.623827221534469, -34.895876739246916 ], [ 150.623776368053257, -34.895906482679798 ], [ 150.623615508903185, -34.89588504050905 ], [ 150.623594613914861, -34.895991846844332 ], [ 150.623538483045223, -34.896278837875549 ], [ 150.623335429891057, -34.896251784824877 ], [ 150.6231323680895, -34.896224733070696 ], [ 150.622929288944192, -34.896197680639823 ], [ 150.622726173031026, -34.896170618137155 ], [ 150.622523057218956, -34.896143557101936 ], [ 150.62231993387914, -34.896116496483351 ], [ 150.622114173202135, -34.896089075596535 ], [ 150.621984544667839, -34.896071812443658 ], [ 150.621960244696794, -34.896193605767628 ], [ 150.621626227088882, -34.896148366123029 ], [ 150.621660630349112, -34.89597575629746 ], [ 150.621695034330031, -34.895803153681072 ], [ 150.621731588040802, -34.89561974190589 ], [ 150.62173245742764, -34.89561539481592 ], [ 150.621785720251751, -34.895348150685003 ], [ 150.621843340060963, -34.895059072090135 ], [ 150.621875242164322, -34.894898983565895 ], [ 150.621910694255973, -34.894721111421312 ], [ 150.621942605875461, -34.894561023954303 ], [ 150.621970213721596, -34.894422503302302 ], [ 150.621974515425762, -34.894400927417443 ], [ 150.622006418532806, -34.894240821725091 ], [ 150.622038312050819, -34.894080778033349 ], [ 150.622046190323658, -34.894041256783751 ], [ 150.622079087859532, -34.893876211429031 ], [ 150.62210999589297, -34.893721116524645 ], [ 150.622110936601558, -34.893716419245045 ], [ 150.622141780990376, -34.893561629587445 ], [ 150.622142920489921, -34.89355591931799 ], [ 150.622504599174761, -34.893604968361444 ], [ 150.624076950476137, -34.893818197926905 ] ] ] ] } },
{ "type": "Feature", "properties": { "OBJECTID": 550, "Comments": "Downloaded from SEED Map Service 20250513", "FSource": "https://mapprod3.environment.nsw.gov.au/arcgis/rest/services/Planning/EPI_Primary_Planning_Layers/MapServer/2", "SourceDate": 20250513.0, "Supplier": "DOP", "EPI_NAME": "Shoalhaven Local Environmental Plan 2014", "LGA_NAME": "SHOALHAVEN", "PUBLISHED_DATE": "20140408000000", "COMMENCED_DATE": "20140422000000", "CURRENCY_DATE": "20240823000000", "AMENDMENT": null, "MAP_TYPE": "LZN", "MAP_NAME": "Land Zoning Map", "LAY_NAME": "Zone", "LAY_CLASS": "General Residential", "PCO_REF_KEY": "2014-179", "EPI_TYPE": "LEP", "SYM_CODE": "R1", "PURPOSE": null, "arcgisonline_objectid": 586876.0, "arcgisonline_type": "arcgisonline_polygon", "multi_reader_type": "ARCGISFEATURES", "SHAPE_Length": 340.70449615037489, "SHAPE_Area": 4371.2641551195029 }, "geometry": { "type": "MultiPolygon", "coordinates": [ [ [ [ 150.621169198483045, -34.898442096359993 ], [ 150.621070369861656, -34.898414793197759 ], [ 150.620946675886472, -34.898380623172876 ], [ 150.620790280251725, -34.898337417009799 ], [ 150.620754756078014, -34.898327601812682 ], [ 150.620562846114694, -34.898274589361201 ], [ 150.620335822570411, -34.898211878415772 ], [ 150.620219640424438, -34.898179769567726 ], [ 150.620205871410377, -34.898175969610634 ], [ 150.620495829121779, -34.898030545481831 ], [ 150.620867162891642, -34.89784429928693 ], [ 150.621259919064613, -34.897636924897867 ], [ 150.621366616738072, -34.897450339651137 ], [ 150.62133674103697, -34.897600297925692 ], [ 150.621293077621033, -34.89781966499708 ], [ 150.621222263551374, -34.898175480726785 ], [ 150.621205457095442, -34.89825990420281 ], [ 150.621169198483045, -34.898442096359993 ] ] ] ] } },
{ "type": "Feature", "properties": { "OBJECTID": 551, "Comments": "Downloaded from SEED Map Service 20250513", "FSource": "https://mapprod3.environment.nsw.gov.au/arcgis/rest/services/Planning/EPI_Primary_Planning_Layers/MapServer/2", "SourceDate": 20250513.0, "Supplier": "DOP", "EPI_NAME": "Shoalhaven Local Environmental Plan 2014", "LGA_NAME": "SHOALHAVEN", "PUBLISHED_DATE": "20140408000000", "COMMENCED_DATE": "20140422000000", "CURRENCY_DATE": "20240823000000", "AMENDMENT": null, "MAP_TYPE": "LZN", "MAP_NAME": "Land Zoning Map", "LAY_NAME": "Zone", "LAY_CLASS": "General Residential", "PCO_REF_KEY": "2014-179", "EPI_TYPE": "LEP", "SYM_CODE": "R1", "PURPOSE": null, "arcgisonline_objectid": 586877.0, "arcgisonline_type": "arcgisonline_polygon", "multi_reader_type": "ARCGISFEATURES", "SHAPE_Length": 451.28530471459374, "SHAPE_Area": 7629.3547520940447 }, "geometry": { "type": "MultiPolygon", "coordinates": [ [ [ [ 150.631557671191302, -34.899915837085857 ], [ 150.63194336533104, -34.900019011535733 ], [ 150.631800928057601, -34.900445293188952 ], [ 150.63110460445526, -34.900287485368423 ], [ 150.631102300028232, -34.900294379206031 ], [ 150.631072594390105, -34.900383265681171 ], [ 150.630803646924733, -34.900321846174194 ], [ 150.630682417500338, -34.90029434464229 ], [ 150.630687105999357, -34.900280262848852 ], [ 150.630689794783478, -34.900273055585501 ], [ 150.630691659715893, -34.900268815286672 ], [ 150.630693686119628, -34.900264629522049 ], [ 150.630695908524046, -34.90026051519191 ], [ 150.630698311042863, -34.90025645395658 ], [ 150.630700875090952, -34.900252483316194 ], [ 150.630703617900906, -34.900248574759139 ], [ 150.630706530755987, -34.900244765076508 ], [ 150.630709596935191, -34.90024102689744 ], [ 150.630712824151743, -34.900237396431997 ], [ 150.630716211829849, -34.900233855639115 ], [ 150.630719753149009, -34.900230413400664 ], [ 150.630723427880582, -34.900227088253416 ], [ 150.630727264769007, -34.900223869940092 ], [ 150.63073122657994, -34.900220759537426 ], [ 150.63073533250639, -34.900217774548103 ], [ 150.630739536849916, -34.90021490596741 ], [ 150.630743883956484, -34.900212171788539 ], [ 150.630748240070488, -34.900209428770253 ], [ 150.630752461910845, -34.900206560530336 ], [ 150.63075655908699, -34.900203575369602 ], [ 150.630760520895848, -34.900200464965899 ], [ 150.630764348773852, -34.900197255490504 ], [ 150.630768032768771, -34.900193912492661 ], [ 150.630771573825143, -34.900190479262392 ], [ 150.630774962333476, -34.900186947498852 ], [ 150.630778188710309, -34.900183308000258 ], [ 150.630781263373848, -34.900179578999598 ], [ 150.630784167732884, -34.900175760134331 ], [ 150.630786911370933, -34.900171860606271 ], [ 150.630789474577284, -34.900167880932507 ], [ 150.630791876829733, -34.900163828704848 ], [ 150.630794100578839, -34.900159705384006 ], [ 150.630796134370826, -34.900155528776445 ], [ 150.630797990546, -34.900151288304947 ], [ 150.630799657857693, -34.900146994568075 ], [ 150.63080113690765, -34.900142664705903 ], [ 150.630802445426582, -34.9001382909508 ], [ 150.630803547610356, -34.900133862688115 ], [ 150.630804453100637, -34.900129425180403 ], [ 150.630805170303404, -34.900124952448408 ], [ 150.630805699302698, -34.900120479651889 ], [ 150.630806031291598, -34.90011597055949 ], [ 150.630806174559353, -34.900111479422272 ], [ 150.630806111783158, -34.900106961729399 ], [ 150.630805851795913, -34.900102452811254 ], [ 150.630805403087606, -34.900097961848296 ], [ 150.630804758002995, -34.900093488691269 ], [ 150.63080392419738, -34.900089033489451 ], [ 150.630802893497759, -34.900084614113268 ], [ 150.63080167407719, -34.900080212692266 ], [ 150.630800258312689, -34.900075866038925 ], [ 150.630798662944841, -34.900071562760331 ], [ 150.630796878312452, -34.900067296357619 ], [ 150.630794915720372, -34.900063092293017 ], [ 150.630792764232552, -34.900058950353198 ], [ 150.630790433924432, -34.900054862621282 ], [ 150.630787932509378, -34.900050865307286 ], [ 150.63078526081577, -34.900046929579673 ], [ 150.630782410618934, -34.900043075110808 ], [ 150.63077940767343, -34.900039319531295 ], [ 150.630776225991667, -34.900035653319385 ], [ 150.630772908509016, -34.900032067396033 ], [ 150.63076943033775, -34.900028590123526 ], [ 150.630765800304374, -34.900025218969574 ], [ 150.63076203585473, -34.900021956077332 ], [ 150.630758118397608, -34.900018801084236 ], [ 150.63075408464951, -34.90001577093318 ], [ 150.630749898469787, -34.900012866722285 ], [ 150.630745595656208, -34.900010061203488 ], [ 150.630741185617381, -34.900007407748213 ], [ 150.630736658168075, -34.900004880014592 ], [ 150.63073202398536, -34.900002487225748 ], [ 150.630727290776264, -34.900000227729009 ], [ 150.630722441826123, -34.899998112016256 ], [ 150.630717538402394, -34.899996140380885 ], [ 150.630712536761081, -34.89999431196977 ], [ 150.63070747166438, -34.899992635574272 ], [ 150.630702316839972, -34.899991111583468 ], [ 150.630697109755033, -34.899989730811718 ], [ 150.630691838929891, -34.899988511966377 ], [ 150.630686523240513, -34.899987445499242 ], [ 150.630681171202696, -34.899986539689785 ], [ 150.63067577510941, -34.89998579619067 ], [ 150.630670351934185, -34.899985195500129 ], [ 150.630664910716888, -34.899984765740712 ], [ 150.630659451768139, -34.899984496100565 ], [ 150.630653973916651, -34.899984389261306 ], [ 150.630648506767272, -34.899984443095882 ], [ 150.630643047298122, -34.899984648530442 ], [ 150.630637588377937, -34.899985025258708 ], [ 150.630632165312619, -34.899985563151382 ], [ 150.630626751254027, -34.899986244556516 ], [ 150.630621381540124, -34.899987096306553 ], [ 150.630616047681059, -34.899988109221006 ], [ 150.63061076852685, -34.899989274652654 ], [ 150.630605533141505, -34.899990592388178 ], [ 150.6306003702434, -34.89999205307133 ], [ 150.630595269187523, -34.899993684440709 ], [ 150.630590240592937, -34.899995459658719 ], [ 150.630585274643124, -34.899997377632396 ], [ 150.630580424665624, -34.899999448416793 ], [ 150.630575656157106, -34.90000165421062 ], [ 150.630570985314421, -34.900004002541749 ], [ 150.630566413723102, -34.900006476312768 ], [ 150.630561959456543, -34.900009093906029 ], [ 150.630557611261821, -34.900011828057316 ], [ 150.6305533981743, -34.900014696461341 ], [ 150.630549301835714, -34.900017690646564 ], [ 150.63054534028737, -34.900020792033644 ], [ 150.630541530509163, -34.900024018983551 ], [ 150.630537845652896, -34.900027353844322 ], [ 150.63053429668048, -34.900030795928316 ], [ 150.630530908227001, -34.90003436374581 ], [ 150.630203838021032, -34.899960215174971 ], [ 150.630328544943922, -34.899586721726401 ], [ 150.6303691151723, -34.899597603486832 ], [ 150.630598056299988, -34.899658961207059 ], [ 150.630625477193206, -34.899666311298354 ], [ 150.63077492454596, -34.899706371059523 ], [ 150.630901837480792, -34.899740388414749 ], [ 150.63095180253444, -34.899753753803189 ], [ 150.63098288972941, -34.899762072296085 ], [ 150.631128805403847, -34.899801100865304 ], [ 150.631255808293076, -34.899835082648679 ], [ 150.631316224937677, -34.8998512443709 ], [ 150.631557671191302, -34.899915837085857 ] ] ] ] } },
{ "type": "Feature", "properties": { "OBJECTID": 552, "Comments": "Downloaded from SEED Map Service 20250513", "FSource": "https://mapprod3.environment.nsw.gov.au/arcgis/rest/services/Planning/EPI_Primary_Planning_Layers/MapServer/2", "SourceDate": 20250513.0, "Supplier": "DOP", "EPI_NAME": "Shoalhaven Local Environmental Plan 2014", "LGA_NAME": "SHOALHAVEN", "PUBLISHED_DATE": "20140408000000", "COMMENCED_DATE": "20140422000000", "CURRENCY_DATE": "20240823000000", "AMENDMENT": null, "MAP_TYPE": "LZN", "MAP_NAME": "Land Zoning Map", "LAY_NAME": "Zone", "LAY_CLASS": "General Residential", "PCO_REF_KEY": "2014-179", "EPI_TYPE": "LEP", "SYM_CODE": "R1", "PURPOSE": null, "arcgisonline_objectid": 586878.0, "arcgisonline_type": "arcgisonline_polygon", "multi_reader_type": "ARCGISFEATURES", "SHAPE_Length": 529.50079257098002, "SHAPE_Area": 6501.7871177869847 }, "geometry": { "type": "MultiPolygon", "coordinates": [ [ [ [ 150.623615092850827, -34.902128754060627 ], [ 150.623552247998219, -34.902439920272698 ], [ 150.623480167508347, -34.902430024425094 ], [ 150.623476573914274, -34.902429496165063 ], [ 150.623473006483607, -34.902428895396156 ], [ 150.62346944659879, -34.902428222655693 ], [ 150.623465907097653, -34.902427488111165 ], [ 150.62346239264042, -34.902426681937399 ], [ 150.623458905440316, -34.902425803276181 ], [ 150.623455445471336, -34.902424853028513 ], [ 150.623452012473848, -34.902423840204207 ], [ 150.62344860538019, -34.902422763880864 ], [ 150.623445235334373, -34.902421617064626 ], [ 150.623441892286024, -34.902420406770759 ], [ 150.623438592873271, -34.902419125211395 ], [ 150.62343533030068, -34.902417780366974 ], [ 150.623432103448607, -34.902416373117092 ], [ 150.623428921092056, -34.902414902731941 ], [ 150.623425784298718, -34.902413370133871 ], [ 150.623422690647573, -34.902411783388963 ], [ 150.623419643912968, -34.902410125442763 ], [ 150.623416640320556, -34.902408413349697 ], [ 150.62341369955567, -34.902406647494928 ], [ 150.623410804380001, -34.902404818526286 ], [ 150.623407954507826, -34.902402936354576 ], [ 150.623405175378252, -34.902400991561137 ], [ 150.623402441344467, -34.902399000772476 ], [ 150.623399769278279, -34.902396948091898 ], [ 150.623397161993182, -34.90239484980124 ], [ 150.62339460654735, -34.902392699336886 ], [ 150.623392123537997, -34.902390503412242 ], [ 150.623389694797453, -34.902388360835623 ], [ 150.623387211404463, -34.902386254150755 ], [ 150.623384666018126, -34.902384210258688 ], [ 150.62338205806418, -34.902382211118393 ], [ 150.623379394104518, -34.902380256858265 ], [ 150.623376688070522, -34.902378357667203 ], [ 150.623373917073934, -34.902376510392962 ], [ 150.62337110402899, -34.902374717286847 ], [ 150.623368234718555, -34.902372978070645 ], [ 150.623365312397539, -34.902371293709571 ], [ 150.623362354356175, -34.902369671753782 ], [ 150.623359342288467, -34.902368101928772 ], [ 150.623356294708259, -34.902366587301188 ], [ 150.623353202632643, -34.902365135808701 ], [ 150.623350065020077, -34.90236374562793 ], [ 150.623346891894897, -34.902362410644606 ], [ 150.623343681981737, -34.902361137144183 ], [ 150.623340437130196, -34.902359936882192 ], [ 150.623337156869894, -34.902358788213682 ], [ 150.623333848466757, -34.90235770480318 ], [ 150.623330514237807, -34.90235668218854 ], [ 150.623327143142916, -34.902355723759719 ], [ 150.62332375580516, -34.902354835329142 ], [ 150.62332034035046, -34.902354011255554 ], [ 150.623316897924383, -34.902353249758406 ], [ 150.623313437068163, -34.902352558216684 ], [ 150.623309906744879, -34.902351923011025 ], [ 150.623306356063893, -34.902351348708201 ], [ 150.623302797837141, -34.902350846376741 ], [ 150.623299221102258, -34.902350416703655 ], [ 150.623295635753834, -34.902350058079548 ], [ 150.623292040672339, -34.90234977138401 ], [ 150.623288437236994, -34.902349546727649 ], [ 150.623284824042599, -34.902349394900845 ], [ 150.623281212103223, -34.902349313414589 ], [ 150.623277599153766, -34.902349304929061 ], [ 150.62327398743335, -34.902349367685069 ], [ 150.62327037389494, -34.902349493509625 ], [ 150.623266762679179, -34.902349690597127 ], [ 150.623263167717568, -34.90234996913653 ], [ 150.62325957317708, -34.902350308985291 ], [ 150.623255996477809, -34.902350713188731 ], [ 150.623252429522807, -34.902351196913713 ], [ 150.623248879341389, -34.902351744070984 ], [ 150.623245338070319, -34.90235236171862 ], [ 150.623241824249334, -34.90235305202232 ], [ 150.623238328321492, -34.902353804878736 ], [ 150.623234858776044, -34.902354629468839 ], [ 150.623231408191373, -34.902355517534041 ], [ 150.623227983989068, -34.902356477332944 ], [ 150.623224586454882, -34.90235749895475 ], [ 150.623221225431422, -34.902358582592051 ], [ 150.623217890738374, -34.902359739765039 ], [ 150.623214601305051, -34.902360959124692 ], [ 150.623211338539818, -34.902362240307284 ], [ 150.623208111139689, -34.90236358528594 ], [ 150.623204927905647, -34.902364992429881 ], [ 150.623201782223987, -34.902366463412697 ], [ 150.623198680760339, -34.902367994758855 ], [ 150.623195624738202, -34.90236958198485 ], [ 150.623192621657125, -34.902371230646359 ], [ 150.623189654174894, -34.902372934995121 ], [ 150.623186740753312, -34.902374699899809 ], [ 150.623183881548243, -34.902376519954565 ], [ 150.623181075232253, -34.9023784032468 ], [ 150.623178323470427, -34.902380329976332 ], [ 150.623175624857367, -34.902382310933575 ], [ 150.623172990329493, -34.902384346332461 ], [ 150.623170399159676, -34.902386433964523 ], [ 150.623167879964143, -34.902388568079211 ], [ 150.623165415296739, -34.902390746532198 ], [ 150.623163013646831, -34.902392978504508 ], [ 150.623160673086801, -34.902395254943514 ], [ 150.623158405646649, -34.902397576084631 ], [ 150.623156209113063, -34.902399942786005 ], [ 150.623154067367381, -34.902402344815918 ], [ 150.62315200525137, -34.902404793478262 ], [ 150.623150015239503, -34.902407284118404 ], [ 150.623148097721355, -34.90240980322158 ], [ 150.623146241267165, -34.902412367692499 ], [ 150.623144465873963, -34.902414967104527 ], [ 150.623142772609384, -34.902417602380034 ], [ 150.623141150796869, -34.902420264295287 ], [ 150.623139599290852, -34.902422954630815 ], [ 150.623138138714467, -34.902425679199084 ], [ 150.623136748470586, -34.902428431286658 ], [ 150.623135440641022, -34.90243120932697 ], [ 150.623134203143991, -34.902434014886587 ], [ 150.623133055924512, -34.902436839340886 ], [ 150.62313198893213, -34.902439689705147 ], [ 150.623131002400697, -34.902442557870508 ], [ 150.623130106172766, -34.902445444029595 ], [ 150.623129281630781, -34.902448348719602 ], [ 150.623128546298744, -34.902451271381914 ], [ 150.623127892806963, -34.902454201955983 ], [ 150.623127327665259, -34.902457142372143 ], [ 150.623126842984533, -34.902460100589444 ], [ 150.623126449152863, -34.902463057879871 ], [ 150.623126135989935, -34.90246602576358 ], [ 150.623125911229096, -34.902469001687443 ], [ 150.623125768516388, -34.902471978315219 ], [ 150.623125714205742, -34.902474962983121 ], [ 150.623125741109391, -34.902477939323738 ], [ 150.623125857482762, -34.902480924626886 ], [ 150.62312606387141, -34.902483899971962 ], [ 150.623126350380687, -34.902486866968339 ], [ 150.623126718938124, -34.902489834668629 ], [ 150.623127157456423, -34.902492728914254 ], [ 150.623127687005734, -34.902495615926135 ], [ 150.623128286859014, -34.902498493495763 ], [ 150.623128978080928, -34.902501352118911 ], [ 150.62312973955494, -34.902504203101749 ], [ 150.623130591018253, -34.902507045027512 ], [ 150.623131513305083, -34.90250985949141 ], [ 150.623132518159622, -34.902512656639573 ], [ 150.623133602326988, -34.902515435506857 ], [ 150.623134759245374, -34.902518195964866 ], [ 150.623135995710328, -34.90252093003317 ], [ 150.623137313935132, -34.902523636853559 ], [ 150.623138703791369, -34.902526326144248 ], [ 150.623140173794354, -34.90252900618524 ], [ 150.62314172360368, -34.90253165082671 ], [ 150.623143347257724, -34.902534277080285 ], [ 150.62314504110924, -34.902536859632932 ], [ 150.623146806903918, -34.902539413844082 ], [ 150.62314864484955, -34.902541932505898 ], [ 150.623150562627558, -34.902544414867201 ], [ 150.623152543755538, -34.902546863309944 ], [ 150.6231545883374, -34.902549274230189 ], [ 150.623156711917744, -34.902551639818718 ], [ 150.623158890358809, -34.902553962307671 ], [ 150.623161139883194, -34.902556248324892 ], [ 150.623163453095231, -34.90255848871081 ], [ 150.623165836764514, -34.902560676385939 ], [ 150.623168276206314, -34.902562827289756 ], [ 150.623170767513642, -34.902564925119002 ], [ 150.623173331231726, -34.902566978389082 ], [ 150.623175940305487, -34.902568976654251 ], [ 150.623178610827694, -34.902570931047244 ], [ 150.623181336548271, -34.902572830627903 ], [ 150.623184115461754, -34.902574669046537 ], [ 150.623186948220251, -34.902576461641246 ], [ 150.623189825188831, -34.902578201011593 ], [ 150.623192756521917, -34.902579876538368 ], [ 150.623195731805339, -34.90258150785057 ], [ 150.623198752911975, -34.902583067940192 ], [ 150.623201819348282, -34.902584573925857 ], [ 150.623204928927066, -34.902586025764734 ], [ 150.623208076387897, -34.902587416142026 ], [ 150.623211258527817, -34.902588742290561 ], [ 150.623214476388512, -34.902590006033734 ], [ 150.623217738744984, -34.902591206641702 ], [ 150.623221029140836, -34.90259234559548 ], [ 150.623224345414769, -34.902593421951295 ], [ 150.623227698555041, -34.902594434121134 ], [ 150.623231077547359, -34.902595384593994 ], [ 150.62323448379712, -34.902596262579458 ], [ 150.623237926575484, -34.902597088091731 ], [ 150.623241395517624, -34.902597841095208 ], [ 150.623244882708377, -34.902598530449957 ], [ 150.623248387002121, -34.902599157936486 ], [ 150.623251901029164, -34.902599713494276 ], [ 150.623255441193947, -34.902600197444265 ], [ 150.623258991066024, -34.902600610366477 ], [ 150.62326255043763, -34.902600959468735 ], [ 150.623266118163173, -34.902601246531617 ], [ 150.623269694788007, -34.902601452634528 ], [ 150.62327327101778, -34.902601596526885 ], [ 150.623276856746969, -34.902601676599296 ], [ 150.623280442600503, -34.902601676441542 ], [ 150.623284028032884, -34.902601614974216 ], [ 150.623287613407712, -34.902601479583559 ], [ 150.623291189872106, -34.902601273702359 ], [ 150.623294757218218, -34.902601004538447 ], [ 150.623298316799435, -34.902600663103392 ], [ 150.623301866116776, -34.902600260166189 ], [ 150.623305406809322, -34.90259977682765 ], [ 150.623308930754121, -34.902599229155626 ], [ 150.623312434566401, -34.902598620689865 ], [ 150.623315920797012, -34.902597938859422 ], [ 150.623319390227948, -34.902597194497474 ], [ 150.623322841999254, -34.902596379473806 ], [ 150.623326257311476, -34.902595500632501 ], [ 150.623329653896405, -34.902594550207084 ], [ 150.623333024932577, -34.902593537078992 ], [ 150.623336368232685, -34.90259246120543 ], [ 150.623339667366309, -34.902591323166426 ], [ 150.623342948606535, -34.902590122574537 ], [ 150.623346184898338, -34.902588848984045 ], [ 150.623349384419299, -34.902587522387712 ], [ 150.623352547481119, -34.90258613197377 ], [ 150.623355765951544, -34.9025847174021 ], [ 150.62335902947413, -34.902583372224917 ], [ 150.62336231987274, -34.902582081662786 ], [ 150.623365654177945, -34.902580862275705 ], [ 150.62336902387446, -34.902579705783673 ], [ 150.623372421047179, -34.902578621046722 ], [ 150.623373874551902, -34.902578191527581 ], [ 150.623375855798457, -34.902577599247586 ], [ 150.62337931583869, -34.902576649160729 ], [ 150.623382802547212, -34.902575760896767 ], [ 150.623386306837318, -34.902574945997266 ], [ 150.623389838889352, -34.902574192942041 ], [ 150.62339339709024, -34.902573519729302 ], [ 150.62339696547707, -34.902572910721439 ], [ 150.623400550403858, -34.902572373254678 ], [ 150.623404154317569, -34.902571898361991 ], [ 150.623407775605187, -34.902571504041617 ], [ 150.62341139702832, -34.902571180941386 ], [ 150.623415036318818, -34.902570921294824 ], [ 150.623418676578751, -34.90257074189963 ], [ 150.623422324629701, -34.902570633874333 ], [ 150.623425963207239, -34.902570588767837 ], [ 150.623429612571016, -34.902570625006206 ], [ 150.623433260116798, -34.902570724313136 ], [ 150.62343689990908, -34.902570902799276 ], [ 150.623440538951058, -34.902571145276312 ], [ 150.623444160630584, -34.902571458631193 ], [ 150.623447782160042, -34.90257185311701 ], [ 150.623451385493098, -34.902572309449447 ], [ 150.623523473471693, -34.902582215379361 ], [ 150.623464133638123, -34.90287565920206 ], [ 150.623318154783135, -34.902855626239159 ], [ 150.623248279951724, -34.902846034832841 ], [ 150.623160084224253, -34.902833933962874 ], [ 150.62305401335675, -34.902819386401156 ], [ 150.62294216823193, -34.902804039723215 ], [ 150.622859743884248, -34.902792728589574 ], [ 150.62266545924453, -34.90276607017244 ], [ 150.622598982947295, -34.903095102528077 ], [ 150.622372328865254, -34.903064032884913 ], [ 150.622293588195987, -34.903053232488148 ], [ 150.62228349513839, -34.9030518170199 ], [ 150.622273420590432, -34.903050328892554 ], [ 150.622263362078996, -34.903048777974078 ], [ 150.622253313302167, -34.903047155126238 ], [ 150.622243283842835, -34.903045469551515 ], [ 150.622233270394162, -34.90304372208665 ], [ 150.622223275195381, -34.903041910972526 ], [ 150.622213298454398, -34.903040029001296 ], [ 150.622203339937357, -34.903038084281782 ], [ 150.622193398836544, -34.903036066881796 ], [ 150.622183475959673, -34.903033986733554 ], [ 150.622173578936298, -34.90303184488787 ], [ 150.622163700137008, -34.903029640293951 ], [ 150.622153839847584, -34.903027363040984 ], [ 150.622144007624968, -34.903025023232438 ], [ 150.62213419141321, -34.903022621533815 ], [ 150.622124402200626, -34.903020156357236 ], [ 150.622114641314795, -34.903017619615312 ], [ 150.622104906074668, -34.903015028383834 ], [ 150.622095189292622, -34.903012366295336 ], [ 150.622321841650603, -34.902654980527011 ], [ 150.622483776556493, -34.902677202064652 ], [ 150.622634838256005, -34.902697934986286 ], [ 150.622680894263993, -34.902689579838786 ], [ 150.622708620607654, -34.902624941216864 ], [ 150.622767082682856, -34.902488630830909 ], [ 150.622815219168558, -34.902376423383821 ], [ 150.622828566227952, -34.902345283018661 ], [ 150.622875957814159, -34.902234729620417 ], [ 150.622926659147765, -34.902116440383139 ], [ 150.623178071722748, -34.902107224444947 ], [ 150.623189617168578, -34.902106803073941 ], [ 150.623333991112816, -34.902101495467903 ], [ 150.623399258244319, -34.902099102423676 ], [ 150.623475233101885, -34.902109558600941 ], [ 150.623615092850827, -34.902128754060627 ] ] ] ] } },
{ "type": "Feature", "properties": { "OBJECTID": 553, "Comments": "Downloaded from SEED Map Service 20250513", "FSource": "https://mapprod3.environment.nsw.gov.au/arcgis/rest/services/Planning/EPI_Primary_Planning_Layers/MapServer/2", "SourceDate": 20250513.0, "Supplier": "DOP", "EPI_NAME": "Shoalhaven Local Environmental Plan 2014", "LGA_NAME": "SHOALHAVEN", "PUBLISHED_DATE": "20140408000000", "COMMENCED_DATE": "20140422000000", "CURRENCY_DATE": "20240823000000", "AMENDMENT": null, "MAP_TYPE": "LZN", "MAP_NAME": "Land Zoning Map", "LAY_NAME": "Zone", "LAY_CLASS": "General Residential", "PCO_REF_KEY": "2014-179", "EPI_TYPE": "LEP", "SYM_CODE": "R1", "PURPOSE": null, "arcgisonline_objectid": 586879.0, "arcgisonline_type": "arcgisonline_polygon", "multi_reader_type": "ARCGISFEATURES", "SHAPE_Length": 1704.357702988005, "SHAPE_Area": 86488.880834413445 }, "geometry": { "type": "MultiPolygon", "coordinates": [ [ [ [ 150.61498514562831, -34.893113684285225 ], [ 150.614989529046937, -34.893113746898663 ], [ 150.614993903588811, -34.893113738120107 ], [ 150.614998286776, -34.893113657392092 ], [ 150.615002670693428, -34.893113513574072 ], [ 150.615007044640606, -34.893113298342634 ], [ 150.61501140971103, -34.893113011719215 ], [ 150.61501576676369, -34.893112661834088 ], [ 150.615020123687543, -34.893112240728719 ], [ 150.615024461632601, -34.893111757047933 ], [ 150.61502879182035, -34.893111201095678 ], [ 150.615033111777308, -34.893110582739759 ], [ 150.615037415228954, -34.893109891940632 ], [ 150.615041699675714, -34.893109139467079 ], [ 150.615045966263153, -34.893108323538613 ], [ 150.615050206477747, -34.893107435874725 ], [ 150.615054437815502, -34.893106476818879 ], [ 150.615058641165803, -34.893105464025666 ], [ 150.615062819236755, -34.893104379518519 ], [ 150.615066978354861, -34.893103231534994 ], [ 150.615071101232502, -34.893102012523855 ], [ 150.615075198309711, -34.893100739818287 ], [ 150.615079267660008, -34.8930994043656 ], [ 150.615083301889399, -34.893097997005796 ], [ 150.61508730839185, -34.89309652689888 ], [ 150.615091279252312, -34.893095002904381 ], [ 150.615170808538238, -34.893273717288331 ], [ 150.615221760605266, -34.893388752086658 ], [ 150.615285584422537, -34.893532874519792 ], [ 150.615272085039749, -34.893563073525129 ], [ 150.615766064198255, -34.893622297518412 ], [ 150.61576169924254, -34.893649754121014 ], [ 150.615436896651204, -34.893610860047133 ], [ 150.615332153753911, -34.893735737257991 ], [ 150.61530064441817, -34.893734473304555 ], [ 150.615126250684625, -34.893727499970794 ], [ 150.615037883701063, -34.893760675389629 ], [ 150.615030649548686, -34.893763391993836 ], [ 150.614949184767084, -34.893793976744405 ], [ 150.614860754483345, -34.893827179635821 ], [ 150.614767852084981, -34.893862058870695 ], [ 150.614707211255592, -34.893884827119912 ], [ 150.614563760310034, -34.893938683483285 ], [ 150.614469440806459, -34.893974090876902 ], [ 150.614378438293471, -34.894008261581192 ], [ 150.614266451266133, -34.894050303004086 ], [ 150.61418838391009, -34.894079615238113 ], [ 150.614148360338703, -34.894094638634058 ], [ 150.614139700478887, -34.89409648519559 ], [ 150.613965691608001, -34.894133596877474 ], [ 150.613947127734093, -34.894137558521621 ], [ 150.613745886164281, -34.894180478796052 ], [ 150.613565835029362, -34.89421888024043 ], [ 150.613513388050649, -34.894482680887577 ], [ 150.613486657303156, -34.894617094946085 ], [ 150.613408895856963, -34.895008193097247 ], [ 150.613393774064605, -34.895084252015245 ], [ 150.613371490353558, -34.895196328892368 ], [ 150.613342841535797, -34.895340442180569 ], [ 150.613296830564167, -34.895571702807835 ], [ 150.613206697073082, -34.895559171875163 ], [ 150.613115882634901, -34.895546541855978 ], [ 150.613012509587207, -34.895532172153551 ], [ 150.612937839929998, -34.895521792004978 ], [ 150.612818322220477, -34.895505173027381 ], [ 150.612759868426537, -34.895497043293837 ], [ 150.612624134972918, -34.895478174496645 ], [ 150.612581879287774, -34.89547230299199 ], [ 150.612429947896658, -34.895451174759394 ], [ 150.612403899280054, -34.895447553595616 ], [ 150.612235761174304, -34.895424167508814 ], [ 150.612225909787412, -34.895422795640393 ], [ 150.612030790028996, -34.895395670562252 ], [ 150.612026362398154, -34.895395052555841 ], [ 150.611826724869275, -34.895367291146918 ], [ 150.611815026155455, -34.895365669278391 ], [ 150.611648699372921, -34.895342542461556 ], [ 150.611617603265159, -34.895338212494586 ], [ 150.611470691782102, -34.895317783952692 ], [ 150.611420180237957, -34.895310765305695 ], [ 150.611292685119793, -34.895293035119323 ], [ 150.611222766370048, -34.895283308963272 ], [ 150.611125811732535, -34.895269827429246 ], [ 150.611114668998823, -34.895268276825931 ], [ 150.611025342523448, -34.895255862022267 ], [ 150.610936670235276, -34.895243527629589 ], [ 150.610827919087967, -34.895228405755716 ], [ 150.610758672687297, -34.895218778198029 ], [ 150.610630495802695, -34.895200949173372 ], [ 150.610580674402769, -34.895194020379499 ], [ 150.610433073473899, -34.895173502207463 ], [ 150.610402675979259, -34.895169271313989 ], [ 150.610235659210986, -34.895146046066564 ], [ 150.610224758389535, -34.895144530791342 ], [ 150.610046778799926, -34.895119781578238 ], [ 150.609858077419773, -34.895093535645699 ], [ 150.609696249415123, -34.895071027460695 ], [ 150.609513805394215, -34.895045659558292 ], [ 150.609336892175634, -34.895021053798416 ], [ 150.609309605836756, -34.89501726247984 ], [ 150.609159969953396, -34.894996573813486 ], [ 150.609125807714406, -34.894991850223512 ], [ 150.608926412736793, -34.894964286278295 ], [ 150.608738831096815, -34.89493835363993 ], [ 150.60875211593094, -34.894871267786158 ], [ 150.608808167382904, -34.894588365864685 ], [ 150.608809341995482, -34.894582458104964 ], [ 150.608837990207121, -34.894437833976554 ], [ 150.60885378421321, -34.894358126196359 ], [ 150.60886664705157, -34.894293210006353 ], [ 150.608890661986123, -34.894171963061062 ], [ 150.608895296152269, -34.894148584970523 ], [ 150.608920627520689, -34.894020723575217 ], [ 150.608923944850318, -34.89400396983141 ], [ 150.608952593694283, -34.893859345668588 ], [ 150.608959647485818, -34.893823758583949 ], [ 150.608991370558272, -34.893663627138444 ], [ 150.609020118528235, -34.893518518096144 ], [ 150.609050101625144, -34.893367144579045 ], [ 150.609090099184328, -34.893372549149731 ], [ 150.6091488141262, -34.893380473905353 ], [ 150.609303487486557, -34.893401359017766 ], [ 150.609378480376648, -34.893411488089718 ], [ 150.609556827871046, -34.893435564824614 ], [ 150.609734574951574, -34.893459560973398 ], [ 150.609899109785971, -34.893481773423268 ], [ 150.610094040840096, -34.893508091286137 ], [ 150.610268936950433, -34.893531710546689 ], [ 150.610275830261031, -34.893532643054172 ], [ 150.610417326851461, -34.893551744955467 ], [ 150.610443833410613, -34.893555321450549 ], [ 150.610558949919351, -34.893570864505818 ], [ 150.610618722070058, -34.893578940965625 ], [ 150.610693866857417, -34.893589088444848 ], [ 150.61079397716469, -34.893602605299264 ], [ 150.610968873943534, -34.893626216359721 ], [ 150.611075598871139, -34.893640621207282 ], [ 150.611143778517828, -34.893649826421758 ], [ 150.611318675500229, -34.893673437887252 ], [ 150.611440066601233, -34.893689831883108 ], [ 150.611444162208812, -34.893690388390581 ], [ 150.611493509174295, -34.893697047857906 ], [ 150.611668119682008, -34.893720622540755 ], [ 150.611802857666959, -34.893738810185852 ], [ 150.611894899086536, -34.893751234483609 ], [ 150.612181299605737, -34.893789904309173 ], [ 150.612362291728971, -34.893814339943425 ], [ 150.61275718292282, -34.893867647783431 ], [ 150.612759773555723, -34.893867997081273 ], [ 150.612921717332995, -34.893889859762844 ], [ 150.613313318589007, -34.893942736963147 ], [ 150.613461403666207, -34.893962735545458 ], [ 150.613612769442085, -34.893983173409488 ], [ 150.613635197680537, -34.893870424080497 ], [ 150.613688272433393, -34.893603576024141 ], [ 150.613713595141803, -34.893607726240816 ], [ 150.613731595607277, -34.893609922443588 ], [ 150.613749711718697, -34.893611562894314 ], [ 150.613764870076608, -34.893612647626547 ], [ 150.613780000491772, -34.893613185506531 ], [ 150.613806417327112, -34.893613176094298 ], [ 150.61383290684762, -34.893612620900875 ], [ 150.613852537178389, -34.893611275600641 ], [ 150.613872150734494, -34.893609375552842 ], [ 150.613887658488835, -34.893607573356611 ], [ 150.613903085497554, -34.893605234088838 ], [ 150.613910938160473, -34.893603754821818 ], [ 150.613917131619814, -34.89360282262377 ], [ 150.613929699818073, -34.893600402864692 ], [ 150.613942150638593, -34.893597426384062 ], [ 150.613959612928312, -34.893593151020873 ], [ 150.613974018000704, -34.893589223986133 ], [ 150.613991112326175, -34.89358405252473 ], [ 150.614007990671894, -34.893578404439559 ], [ 150.614027361968027, -34.893571225003868 ], [ 150.614059094562833, -34.89355773361234 ], [ 150.614067619075172, -34.893553718122178 ], [ 150.614080616901987, -34.89354726361212 ], [ 150.614095910227007, -34.893539106196592 ], [ 150.614110853302208, -34.893530537132641 ], [ 150.614125436833206, -34.893521537306626 ], [ 150.614141957902433, -34.893510538166502 ], [ 150.614155691019562, -34.893500677843406 ], [ 150.614169001740152, -34.893490441416589 ], [ 150.614180540599079, -34.893480826475489 ], [ 150.614185827897671, -34.893476421967087 ], [ 150.61419835082549, -34.893465127044834 ], [ 150.614200349544944, -34.89346324432347 ], [ 150.614202339776881, -34.893461352420502 ], [ 150.614204320115078, -34.893459462126195 ], [ 150.614206274756441, -34.893457552395972 ], [ 150.614208228564848, -34.893455633634481 ], [ 150.614210164018203, -34.893453706399107 ], [ 150.614212082210003, -34.893451770711351 ], [ 150.61421399300778, -34.893449825863478 ], [ 150.614215883315637, -34.893447870696811 ], [ 150.614217766203467, -34.89344590727103 ], [ 150.614219639484219, -34.893443935543161 ], [ 150.614221486781503, -34.893441954290125 ], [ 150.614223332126215, -34.893439964885317 ], [ 150.614225152580929, -34.893437965976844 ], [ 150.614226972202658, -34.893435958037088 ], [ 150.614228764486768, -34.89343394956046 ], [ 150.614230548491889, -34.893431924694454 ], [ 150.614232322942115, -34.893429889724402 ], [ 150.614234080989689, -34.893427854432218 ], [ 150.614235819849341, -34.893425801634933 ], [ 150.614237549960876, -34.893423748665818 ], [ 150.614239261951951, -34.89342167911407 ], [ 150.61424096415351, -34.89341960756709 ], [ 150.614242650187037, -34.893417527589172 ], [ 150.614244317839422, -34.893415440038375 ], [ 150.614245975962973, -34.893413341482571 ], [ 150.614247616538279, -34.893411244385128 ], [ 150.614249247793254, -34.893409129074875 ], [ 150.61425086155208, -34.893407013421005 ], [ 150.614260865078563, -34.893393208857027 ], [ 150.614265472585942, -34.893386584153454 ], [ 150.614273253154749, -34.89337435771197 ], [ 150.614281249203003, -34.893360885137739 ], [ 150.61428867129743, -34.89334716960974 ], [ 150.614295537531547, -34.893333266474151 ], [ 150.614301794037289, -34.893319184589636 ], [ 150.614306159107201, -34.893308383037912 ], [ 150.614308400711309, -34.89330271793375 ], [ 150.614312568806753, -34.893290517912099 ], [ 150.614317059523898, -34.893275977652699 ], [ 150.614320932363057, -34.893261313475442 ], [ 150.614324204142946, -34.893246549149325 ], [ 150.614339298933857, -34.893171000684738 ], [ 150.614345375994276, -34.893140577609195 ], [ 150.61434701645814, -34.893135647131636 ], [ 150.614348764918532, -34.893130689927133 ], [ 150.614350620333028, -34.893125742034691 ], [ 150.614352564944966, -34.893120812120529 ], [ 150.614354627472039, -34.893115890832185 ], [ 150.614356760918781, -34.893111014207818 ], [ 150.614358015301946, -34.893108764385602 ], [ 150.614359369322614, -34.893106549874965 ], [ 150.614360821002208, -34.89310436342511 ], [ 150.614362354562701, -34.893102220953025 ], [ 150.614363985834302, -34.893100104739787 ], [ 150.614365679225585, -34.893098034820731 ], [ 150.614367463271833, -34.893096008150209 ], [ 150.614369328215986, -34.89309379465724 ], [ 150.61437128186256, -34.893091616261081 ], [ 150.61437333485992, -34.893089483087209 ], [ 150.614375486350099, -34.89308734914286 ], [ 150.614377735836968, -34.893085269409049 ], [ 150.614380067178587, -34.893083234553934 ], [ 150.614382469413982, -34.89308124526378 ], [ 150.614384952748424, -34.893079326980619 ], [ 150.6143874982547, -34.89307745318964 ], [ 150.614389747522125, -34.893075759288081 ], [ 150.614392051879236, -34.893074127769431 ], [ 150.614394418147583, -34.893072549752731 ], [ 150.61439682062948, -34.893071043664605 ], [ 150.614399285568908, -34.893069610020397 ], [ 150.614401777999973, -34.893068247232016 ], [ 150.614404340829708, -34.893066947127117 ], [ 150.614407576845906, -34.893065333902278 ], [ 150.614410858682533, -34.89306380090801 ], [ 150.614414192823517, -34.893062313113596 ], [ 150.614417562943487, -34.893060905356514 ], [ 150.614420969276978, -34.893059569527956 ], [ 150.61442440278941, -34.893058315366886 ], [ 150.614429297189872, -34.893057015068052 ], [ 150.614434235979559, -34.893055768828404 ], [ 150.614439229311586, -34.893054603891954 ], [ 150.614444248781183, -34.893053518799462 ], [ 150.614449286681747, -34.893052515202584 ], [ 150.614454315180694, -34.893051609683049 ], [ 150.61445935331156, -34.893050749426834 ], [ 150.614466596588926, -34.893050704143356 ], [ 150.614473821092446, -34.893050740526185 ], [ 150.614481064339827, -34.89305084759269 ], [ 150.614488289646289, -34.893051045356763 ], [ 150.614495487483168, -34.893051322813456 ], [ 150.614513657473225, -34.89305370703191 ], [ 150.614527067849707, -34.893055455096743 ], [ 150.614716172010787, -34.893080195226965 ], [ 150.614927533962771, -34.89310784841399 ], [ 150.614954622871636, -34.893111380366271 ], [ 150.614958953428072, -34.893111908913816 ], [ 150.614963299997754, -34.893112375572898 ], [ 150.614967657165323, -34.893112778434244 ], [ 150.614972022119275, -34.893113101215846 ], [ 150.614976387542953, -34.893113369917224 ], [ 150.61498076184651, -34.893113558560351 ], [ 150.61498514562831, -34.893113684285225 ] ] ] ] } },
{ "type": "Feature", "properties": { "OBJECTID": 570, "Comments": "Downloaded from SEED Map Service 20250513", "FSource": "https://mapprod3.environment.nsw.gov.au/arcgis/rest/services/Planning/EPI_Primary_Planning_Layers/MapServer/2", "SourceDate": 20250513.0, "Supplier": "DOP", "EPI_NAME": "Shoalhaven Local Environmental Plan 2014", "LGA_NAME": "SHOALHAVEN", "PUBLISHED_DATE": "20140408000000", "COMMENCED_DATE": "20140422000000", "CURRENCY_DATE": "20240823000000", "AMENDMENT": null, "MAP_TYPE": "LZN", "MAP_NAME": "Land Zoning Map", "LAY_NAME": "Zone", "LAY_CLASS": "General Residential", "PCO_REF_KEY": "2014-179", "EPI_TYPE": "LEP", "SYM_CODE": "R1", "PURPOSE": null, "arcgisonline_objectid": 586930.0, "arcgisonline_type": "arcgisonline_polygon", "multi_reader_type": "ARCGISFEATURES", "SHAPE_Length": 360.4569389502451, "SHAPE_Area": 7424.3594834371243 }, "geometry": { "type": "MultiPolygon", "coordinates": [ [ [ [ 150.57430918044389, -35.087650457129357 ], [ 150.573999618106342, -35.087610173064142 ], [ 150.573912953680775, -35.087598904391179 ], [ 150.573614694136666, -35.087526986402722 ], [ 150.57364981453901, -35.087344506731284 ], [ 150.573666918343349, -35.08725562046444 ], [ 150.573719150972607, -35.086984252852197 ], [ 150.57372437713255, -35.086957110107029 ], [ 150.573776600500906, -35.08668574406861 ], [ 150.573778464967717, -35.086676080838593 ], [ 150.574126967525075, -35.08671979784684 ], [ 150.574281873709282, -35.086739994569712 ], [ 150.574673599425694, -35.086791053899212 ], [ 150.574573356947724, -35.087310695457852 ], [ 150.574379591895422, -35.087285443933425 ], [ 150.57430918044389, -35.087650457129357 ] ] ] ] } },
{ "type": "Feature", "properties": { "OBJECTID": 582, "Comments": "Downloaded from SEED Map Service 20250513", "FSource": "https://mapprod3.environment.nsw.gov.au/arcgis/rest/services/Planning/EPI_Primary_Planning_Layers/MapServer/2", "SourceDate": 20250513.0, "Supplier": "DOP", "EPI_NAME": "Shoalhaven Local Environmental Plan 2014", "LGA_NAME": "SHOALHAVEN", "PUBLISHED_DATE": "20140408000000", "COMMENCED_DATE": "20140422000000", "CURRENCY_DATE": "20240823000000", "AMENDMENT": null, "MAP_TYPE": "LZN", "MAP_NAME": "Land Zoning Map", "LAY_NAME": "Zone", "LAY_CLASS": "General Residential", "PCO_REF_KEY": "2014-179", "EPI_TYPE": "LEP", "SYM_CODE": "R1", "PURPOSE": null, "arcgisonline_objectid": 586959.0, "arcgisonline_type": "arcgisonline_polygon", "multi_reader_type": "ARCGISFEATURES", "SHAPE_Length": 381.81998075942028, "SHAPE_Area": 7069.3371587353622 }, "geometry": { "type": "MultiPolygon", "coordinates": [ [ [ [ 150.591130101070064, -35.086008066425364 ], [ 150.592437278418373, -35.086175827057126 ], [ 150.592371159956258, -35.086526551394194 ], [ 150.592352829396987, -35.086623801737261 ], [ 150.592146433510351, -35.086597313519555 ], [ 150.591916158297266, -35.086567767796872 ], [ 150.591480366385554, -35.086511842614861 ], [ 150.591045024074987, -35.086455977997574 ], [ 150.590830112440557, -35.086428064354109 ], [ 150.590916830905883, -35.085978224910868 ], [ 150.591130101070064, -35.086008066425364 ] ] ] ] } },
{ "type": "Feature", "properties": { "OBJECTID": 641, "Comments": "Downloaded from SEED Map Service 20250513", "FSource": "https://mapprod3.environment.nsw.gov.au/arcgis/rest/services/Planning/EPI_Primary_Planning_Layers/MapServer/2", "SourceDate": 20250513.0, "Supplier": "DOP", "EPI_NAME": "Shoalhaven Local Environmental Plan 2014", "LGA_NAME": "SHOALHAVEN", "PUBLISHED_DATE": "20211022000000", "COMMENCED_DATE": "20211022000000", "CURRENCY_DATE": "20240823000000", "AMENDMENT": "Map Amendment No 3", "MAP_TYPE": "LZN", "MAP_NAME": "Land Zoning Map", "LAY_NAME": "Zone", "LAY_CLASS": "General Residential", "PCO_REF_KEY": "2014-179", "EPI_TYPE": "LEP", "SYM_CODE": "R1", "PURPOSE": null, "arcgisonline_objectid": 587082.0, "arcgisonline_type": "arcgisonline_polygon", "multi_reader_type": "ARCGISFEATURES", "SHAPE_Length": 2277.639378726858, "SHAPE_Area": 130179.73582416355 }, "geometry": { "type": "MultiPolygon", "coordinates": [ [ [ [ 150.618504619184392, -35.096108243533536 ], [ 150.61865680971033, -35.096129479991205 ], [ 150.618818986090872, -35.096152104215825 ], [ 150.618981152655323, -35.096174729834829 ], [ 150.619143329213983, -35.096197354533075 ], [ 150.619191994376365, -35.096204149441945 ], [ 150.619382165927362, -35.096230682687455 ], [ 150.619706580777745, -35.0962759410289 ], [ 150.619678989420748, -35.096411064891008 ], [ 150.619650941576566, -35.096546833337023 ], [ 150.61963075456535, -35.096645114654805 ], [ 150.619623115802426, -35.096682278902932 ], [ 150.619601549110968, -35.096787266145434 ], [ 150.61959529211569, -35.096817724499061 ], [ 150.619572344165505, -35.096929433860538 ], [ 150.619567468559779, -35.096953161973822 ], [ 150.619543149441967, -35.097071585538224 ], [ 150.619539653406605, -35.097088608617497 ], [ 150.619513944500994, -35.097213745116498 ], [ 150.619511829431104, -35.097224053274161 ], [ 150.619484739418141, -35.097355905581594 ], [ 150.619484004201951, -35.097359499698371 ], [ 150.619456179990237, -35.097494945230324 ], [ 150.61945554413802, -35.09749806442445 ], [ 150.619428364417104, -35.097630391822655 ], [ 150.619426347593617, -35.09764022503353 ], [ 150.619400541117841, -35.09776583644954 ], [ 150.619372716564897, -35.097901282843921 ], [ 150.619352206950168, -35.098001088431154 ], [ 150.619344891906962, -35.09803672922547 ], [ 150.619317067406058, -35.098172166584696 ], [ 150.619311985604753, -35.09819690657929 ], [ 150.619289243686751, -35.098307611160209 ], [ 150.619280978206376, -35.098347869503101 ], [ 150.619261428579904, -35.098443057697096 ], [ 150.619251810403171, -35.098489885470258 ], [ 150.619233577934494, -35.098578628828427 ], [ 150.619222623346161, -35.098631956036598 ], [ 150.619205753847638, -35.098714075167308 ], [ 150.619193436199794, -35.098774025687852 ], [ 150.619177928585771, -35.098849520570887 ], [ 150.619164248911716, -35.098916096225942 ], [ 150.619150104288906, -35.098984966884096 ], [ 150.619131414484087, -35.099075924239898 ], [ 150.619122279913228, -35.099120412283526 ], [ 150.619098587846054, -35.099235743377271 ], [ 150.619094456764685, -35.099255849583123 ], [ 150.619066632152766, -35.099391295857842 ], [ 150.619065752863889, -35.099395580364948 ], [ 150.619038807435857, -35.099526742119693 ], [ 150.61903291828591, -35.099555398414857 ], [ 150.619010983762621, -35.099662186588361 ], [ 150.619000083247187, -35.099715227258258 ], [ 150.618983158835647, -35.099797632824554 ], [ 150.61896724808841, -35.099875055182828 ], [ 150.618955326391983, -35.099933069887641 ], [ 150.618934412783403, -35.100034883089528 ], [ 150.618545520508093, -35.099982739125487 ], [ 150.618549894799287, -35.099961405423258 ], [ 150.618355241695269, -35.099934387788409 ], [ 150.618338389764432, -35.100016426875527 ], [ 150.617949192700422, -35.099961808609699 ], [ 150.617916330090907, -35.100121788909156 ], [ 150.61788346843116, -35.100281769212252 ], [ 150.617850606362651, -35.100441758506911 ], [ 150.617823157934623, -35.100575384553416 ], [ 150.617813969916853, -35.100620131943458 ], [ 150.617775612309089, -35.100806869553828 ], [ 150.617636116169166, -35.100926762956682 ], [ 150.617506783581746, -35.101200647410202 ], [ 150.617373426240761, -35.101186090797469 ], [ 150.617312005333218, -35.101179385935886 ], [ 150.617207736261008, -35.101168009951934 ], [ 150.617115318046729, -35.10115791713325 ], [ 150.617042046603729, -35.10114992077407 ], [ 150.616918630882026, -35.101136448015211 ], [ 150.616876365514514, -35.101131841455292 ], [ 150.616720481694244, -35.101114827224691 ], [ 150.616710676056414, -35.101113750928853 ], [ 150.616544994043721, -35.101095671140889 ], [ 150.616490242126417, -35.101089692008408 ], [ 150.616379304706015, -35.10107758196871 ], [ 150.616262997428947, -35.101064889317158 ], [ 150.616213623962466, -35.101059501754712 ], [ 150.616047933701367, -35.101041412113354 ], [ 150.616035760594144, -35.101040085454919 ], [ 150.615882253235696, -35.101023327847962 ], [ 150.615842480049366, -35.101018988117602 ], [ 150.61575824509984, -35.101009797183579 ], [ 150.61567679856833, -35.101000904454075 ], [ 150.615600586162174, -35.100992586130637 ], [ 150.615578616213156, -35.100990184115005 ], [ 150.615563377849384, -35.100967943558253 ], [ 150.615535831873672, -35.10092772272975 ], [ 150.615481393272063, -35.100848238644673 ], [ 150.61539939986875, -35.100728543420821 ], [ 150.615317406724586, -35.100608847247955 ], [ 150.615314457493895, -35.100604545121563 ], [ 150.615235422845956, -35.100489142190121 ], [ 150.615183404714315, -35.100413190668398 ], [ 150.61515343781511, -35.100369446973048 ], [ 150.615071454139695, -35.10024975082851 ], [ 150.615021954594511, -35.100177493424525 ], [ 150.614989459970872, -35.100130046311619 ], [ 150.61490747566495, -35.100010350049374 ], [ 150.614825743277464, -35.099891012967952 ], [ 150.615255780282439, -35.099609641415185 ], [ 150.61528289566931, -35.099637592133874 ], [ 150.615378684949889, -35.0997363384907 ], [ 150.615533332010614, -35.099634525386179 ], [ 150.615819047867404, -35.09992686839081 ], [ 150.615822849917492, -35.099930813178034 ], [ 150.615826587597866, -35.099934783742526 ], [ 150.615830253491168, -35.099938808785133 ], [ 150.615833839404758, -35.099942868312503 ], [ 150.615837371045075, -35.099946983564074 ], [ 150.615840822705678, -35.099951133300422 ], [ 150.615844200911596, -35.099955319452867 ], [ 150.61584750978534, -35.099959551117138 ], [ 150.615850754026894, -35.099963817568167 ], [ 150.615853918498658, -35.099968111296427 ], [ 150.615857002675739, -35.099972450320841 ], [ 150.61586002355304, -35.099976816045086 ], [ 150.615862954558025, -35.099981216960977 ], [ 150.615865814064534, -35.099985662444638 ], [ 150.615868610507476, -35.099990126519636 ], [ 150.615871317051841, -35.099994626687234 ], [ 150.61587394382633, -35.099999154132092 ], [ 150.615876499102342, -35.100003726144749 ], [ 150.615878973564691, -35.100008323611206 ], [ 150.615881366274579, -35.100012941104247 ], [ 150.615883679004611, -35.100017593082136 ], [ 150.61588591141961, -35.100022253395863 ], [ 150.615888053647211, -35.10002695971265 ], [ 150.615889980306548, -35.100031648266118 ], [ 150.615891926056747, -35.100036434553154 ], [ 150.615893781048186, -35.100041248802746 ], [ 150.615895556558314, -35.100046080419233 ], [ 150.615897250132178, -35.100050938368952 ], [ 150.615898855664625, -35.100055806305441 ], [ 150.615900370228303, -35.10006070941207 ], [ 150.615901813220631, -35.100065621928074 ], [ 150.615903165768998, -35.100070551595302 ], [ 150.61590443907221, -35.100075490520901 ], [ 150.61590562297522, -35.100080448421203 ], [ 150.615906725466743, -35.100085414635814 ], [ 150.615907747643035, -35.100090389186306 ], [ 150.61590867908663, -35.10009539079843 ], [ 150.615909530713651, -35.100100383628472 ], [ 150.615910293229035, -35.100105385522781 ], [ 150.615910947518074, -35.100110450193071 ], [ 150.615911566010197, -35.100115425815694 ], [ 150.615979943307622, -35.100110351797298 ], [ 150.61631758803685, -35.100378061502283 ], [ 150.61647505789611, -35.100424404062089 ], [ 150.616523123480732, -35.100402711983634 ], [ 150.616727438509741, -35.100310507622567 ], [ 150.616947226953585, -35.100211330603912 ], [ 150.617054247952382, -35.100163032673429 ], [ 150.617306592526063, -35.100166063052647 ], [ 150.617370971240803, -35.09985302211814 ], [ 150.617452660058461, -35.099455021428973 ], [ 150.617478198810346, -35.099330556433479 ], [ 150.617197124415242, -35.099291122953368 ], [ 150.616946788079929, -35.099256244441172 ], [ 150.616637611193653, -35.099211765911534 ], [ 150.616495685562313, -35.099344504787943 ], [ 150.616354403792201, -35.099476625127501 ], [ 150.616215669198027, -35.099585824322283 ], [ 150.616077165677666, -35.099694834981783 ], [ 150.615784465476167, -35.099463842127406 ], [ 150.61583604422438, -35.099423200373323 ], [ 150.615711929798124, -35.09929920146481 ], [ 150.615578878031101, -35.099164184678024 ], [ 150.615455290249628, -35.099037722266814 ], [ 150.615593380776147, -35.098918779071639 ], [ 150.615621733234036, -35.098894171730386 ], [ 150.615730395221902, -35.098799861411756 ], [ 150.615761670764329, -35.09876666832443 ], [ 150.615849983400295, -35.098672922063926 ], [ 150.615889201232704, -35.09863129426423 ], [ 150.615969563240583, -35.098545992340199 ], [ 150.616023507590228, -35.098488730781092 ], [ 150.616089106575998, -35.098419097828888 ], [ 150.616140022225267, -35.098317438171577 ], [ 150.616166134195623, -35.098265311826943 ], [ 150.616236492103809, -35.098124838080828 ], [ 150.616243151382974, -35.098111534576233 ], [ 150.616320179491225, -35.097957748467607 ], [ 150.616354842439847, -35.097891530937432 ], [ 150.616436961678147, -35.097734581590544 ], [ 150.616439319612539, -35.097730071976279 ], [ 150.616523034927098, -35.097568773745991 ], [ 150.61695323368582, -35.097681199520643 ], [ 150.617054140487795, -35.09768716203979 ], [ 150.617059573339105, -35.09767201160971 ], [ 150.617064932924791, -35.097656853428319 ], [ 150.617070213218483, -35.097641668446386 ], [ 150.617075402995567, -35.097626465457843 ], [ 150.61708052963553, -35.097611245902556 ], [ 150.617085568003944, -35.097596006581881 ], [ 150.617090524625695, -35.097580749427088 ], [ 150.617095401667058, -35.097565475382233 ], [ 150.617100206591829, -35.097550191805809 ], [ 150.617104930058616, -35.097534880484865 ], [ 150.617109564886817, -35.097519562011875 ], [ 150.617114126764591, -35.097504224976305 ], [ 150.617118609140903, -35.097488868347888 ], [ 150.617123010814623, -35.097473495708876 ], [ 150.617127330768227, -35.097458104334869 ], [ 150.617131570905741, -35.097442704179407 ], [ 150.617135731489498, -35.097427286233057 ], [ 150.61713981773832, -35.097411859613032 ], [ 150.617143815689872, -35.09739641412876 ], [ 150.617147732703074, -35.097380960742441 ], [ 150.617151570451171, -35.097365479654854 ], [ 150.617155325928678, -35.097349998752229 ], [ 150.617159000756459, -35.097334500037199 ], [ 150.617162604800484, -35.097318983703765 ], [ 150.617166118926747, -35.097303466503504 ], [ 150.61716955154327, -35.097287923360774 ], [ 150.61717290410806, -35.097272379545231 ], [ 150.617176175997116, -35.097256818818266 ], [ 150.617331486258422, -35.096508782365966 ], [ 150.617371715727444, -35.096315033928889 ], [ 150.617447013723989, -35.096325648037016 ], [ 150.61752093075242, -35.095970163205223 ], [ 150.617683061923117, -35.095992923271147 ], [ 150.617846008315496, -35.096015790194933 ], [ 150.617888453262367, -35.096021751191003 ], [ 150.618008168245723, -35.096038548591082 ], [ 150.618093837092943, -35.096050578617351 ], [ 150.618170317002011, -35.096061317369546 ], [ 150.618299236146754, -35.09607941591311 ], [ 150.61833247598895, -35.096084077118839 ], [ 150.618494633720303, -35.096106845642481 ], [ 150.618504619184392, -35.096108243533536 ] ] ] ] } },
{ "type": "Feature", "properties": { "OBJECTID": 642, "Comments": "Downloaded from SEED Map Service 20250513", "FSource": "https://mapprod3.environment.nsw.gov.au/arcgis/rest/services/Planning/EPI_Primary_Planning_Layers/MapServer/2", "SourceDate": 20250513.0, "Supplier": "DOP", "EPI_NAME": "Shoalhaven Local Environmental Plan 2014", "LGA_NAME": "SHOALHAVEN", "PUBLISHED_DATE": "20211022000000", "COMMENCED_DATE": "20211022000000", "CURRENCY_DATE": "20240823000000", "AMENDMENT": "Map Amendment No 3", "MAP_TYPE": "LZN", "MAP_NAME": "Land Zoning Map", "LAY_NAME": "Zone", "LAY_CLASS": "General Residential", "PCO_REF_KEY": "2014-179", "EPI_TYPE": "LEP", "SYM_CODE": "R1", "PURPOSE": null, "arcgisonline_objectid": 587083.0, "arcgisonline_type": "arcgisonline_polygon", "multi_reader_type": "ARCGISFEATURES", "SHAPE_Length": 522.90171125198424, "SHAPE_Area": 10239.50754489242 }, "geometry": { "type": "MultiPolygon", "coordinates": [ [ [ [ 150.616104057828721, -35.093594617105367 ], [ 150.616085781538686, -35.093729390573586 ], [ 150.616174847012019, -35.09381873423866 ], [ 150.615869525404207, -35.094043676450724 ], [ 150.615855407048144, -35.094230253134086 ], [ 150.615639517698781, -35.094605898444847 ], [ 150.615480649651914, -35.094617515014747 ], [ 150.615413975027309, -35.094458153975637 ], [ 150.615327679609123, -35.094275835058887 ], [ 150.615314143611869, -35.094247231192959 ], [ 150.615238183330575, -35.094116734286139 ], [ 150.615210053968951, -35.094068417592212 ], [ 150.615146203639284, -35.093958707801221 ], [ 150.615098246423315, -35.093876319500161 ], [ 150.61505408080717, -35.093800448559939 ], [ 150.614961553970403, -35.093641498893305 ], [ 150.61484027217179, -35.093496461606449 ], [ 150.615069929495405, -35.093435757055133 ], [ 150.615449849168783, -35.093633215884424 ], [ 150.615452108245137, -35.09363111845942 ], [ 150.615454429901945, -35.093629056521394 ], [ 150.615456796311804, -35.093627039635635 ], [ 150.615459225275828, -35.093625059137793 ], [ 150.615461699852915, -35.093623131822298 ], [ 150.615464218349331, -35.09362124052803 ], [ 150.61546679122813, -35.093619402588665 ], [ 150.615469417891774, -35.09361760086464 ], [ 150.615472080276703, -35.093615853029782 ], [ 150.615474796210293, -35.093614149518793 ], [ 150.615477548127586, -35.093612490887487 ], [ 150.615235906727605, -35.093391879578633 ], [ 150.615570065334254, -35.09330355610745 ], [ 150.615988010796457, -35.093193075081217 ], [ 150.616164852090009, -35.093146327928054 ], [ 150.616142917269173, -35.093308065245488 ], [ 150.616124701623875, -35.093442381075448 ], [ 150.616123375707673, -35.093452170128437 ], [ 150.616104577578824, -35.093590779883158 ], [ 150.616104057828721, -35.093594617105367 ] ] ] ] } },
{ "type": "Feature", "properties": { "OBJECTID": 643, "Comments": "Downloaded from SEED Map Service 20250513", "FSource": "https://mapprod3.environment.nsw.gov.au/arcgis/rest/services/Planning/EPI_Primary_Planning_Layers/MapServer/2", "SourceDate": 20250513.0, "Supplier": "DOP", "EPI_NAME": "Shoalhaven Local Environmental Plan 2014", "LGA_NAME": "SHOALHAVEN", "PUBLISHED_DATE": "20140408000000", "COMMENCED_DATE": "20140422000000", "CURRENCY_DATE": "20240823000000", "AMENDMENT": null, "MAP_TYPE": "LZN", "MAP_NAME": "Land Zoning Map", "LAY_NAME": "Zone", "LAY_CLASS": "General Residential", "PCO_REF_KEY": "2014-179", "EPI_TYPE": "LEP", "SYM_CODE": "R1", "PURPOSE": null, "arcgisonline_objectid": 587084.0, "arcgisonline_type": "arcgisonline_polygon", "multi_reader_type": "ARCGISFEATURES", "SHAPE_Length": 1602.1084459245649, "SHAPE_Area": 111127.65463727433 }, "geometry": { "type": "MultiPolygon", "coordinates": [ [ [ [ 150.60137665886333, -35.09214145801959 ], [ 150.601335432630208, -35.092324081107428 ], [ 150.601275571548854, -35.092589254348084 ], [ 150.601224163873411, -35.092817002173312 ], [ 150.601203286555091, -35.092908147538246 ], [ 150.601173570965642, -35.093039765691749 ], [ 150.601113548925269, -35.093305637856332 ], [ 150.601091533316804, -35.093403130375883 ], [ 150.601071381464578, -35.093492376265729 ], [ 150.601031501642126, -35.093669011299568 ], [ 150.6009714794194, -35.093934891461529 ], [ 150.600949463666865, -35.09403237582395 ], [ 150.600927457509442, -35.094129867581636 ], [ 150.600918860773533, -35.094167929214628 ], [ 150.600867416932942, -35.094395749101032 ], [ 150.600807394604232, -35.094661629131366 ], [ 150.60078537953342, -35.094759112558329 ], [ 150.600775375244893, -35.094803430385305 ], [ 150.600766330401882, -35.094843490680553 ], [ 150.600701333105803, -35.09513134257395 ], [ 150.600637814552783, -35.095412695318281 ], [ 150.600613799620589, -35.09551904371925 ], [ 150.600606486455547, -35.095518093913448 ], [ 150.60057939603783, -35.095514579991928 ], [ 150.599624357171336, -35.09539061622371 ], [ 150.597643640958609, -35.095133492594329 ], [ 150.597610708520023, -35.095129216752198 ], [ 150.597636739075796, -35.094993519603086 ], [ 150.597662770601886, -35.094857823364791 ], [ 150.597688793021206, -35.09472213504921 ], [ 150.597714824374862, -35.094586437886285 ], [ 150.597219546664832, -35.094522130739868 ], [ 150.597245569673646, -35.09438644253796 ], [ 150.597271609554355, -35.09425073663153 ], [ 150.597766886757427, -35.094315044425826 ], [ 150.597792917786336, -35.0941793481283 ], [ 150.597818949838427, -35.09404365093971 ], [ 150.597844980668469, -35.093907954618494 ], [ 150.597871003488052, -35.093772266241729 ], [ 150.597897035241857, -35.093636569017626 ], [ 150.597916656371126, -35.093534280809621 ], [ 150.597923065773614, -35.093500872660869 ], [ 150.59794909730212, -35.093365176313988 ], [ 150.597975129021989, -35.093229470044982 ], [ 150.597479851336971, -35.093165170426857 ], [ 150.597505883428454, -35.093029475094632 ], [ 150.597531914377242, -35.092893777926939 ], [ 150.598027191608253, -35.092958076391064 ], [ 150.598053213705526, -35.092822388832353 ], [ 150.598079245595102, -35.092686700556392 ], [ 150.598105276553497, -35.092551003237503 ], [ 150.598130707345547, -35.092415459882091 ], [ 150.598156783078963, -35.092279538066101 ], [ 150.598182806040541, -35.092143841460697 ], [ 150.598208827806616, -35.092008144821726 ], [ 150.598235693576328, -35.091873658432881 ], [ 150.597736741128614, -35.091810695268471 ], [ 150.597746592804612, -35.091771693287846 ], [ 150.597765578236448, -35.091672703533192 ], [ 150.600743873937034, -35.0920593298803 ], [ 150.60137665886333, -35.09214145801959 ] ] ] ] } },
{ "type": "Feature", "properties": { "OBJECTID": 646, "Comments": "Downloaded from SEED Map Service 20250513", "FSource": "https://mapprod3.environment.nsw.gov.au/arcgis/rest/services/Planning/EPI_Primary_Planning_Layers/MapServer/2", "SourceDate": 20250513.0, "Supplier": "DOP", "EPI_NAME": "Shoalhaven Local Environmental Plan 2014", "LGA_NAME": "SHOALHAVEN", "PUBLISHED_DATE": "20140408000000", "COMMENCED_DATE": "20140422000000", "CURRENCY_DATE": "20240823000000", "AMENDMENT": null, "MAP_TYPE": "LZN", "MAP_NAME": "Land Zoning Map", "LAY_NAME": "Zone", "LAY_CLASS": "General Residential", "PCO_REF_KEY": "2014-179", "EPI_TYPE": "LEP", "SYM_CODE": "R1", "PURPOSE": null, "arcgisonline_objectid": 587087.0, "arcgisonline_type": "arcgisonline_polygon", "multi_reader_type": "ARCGISFEATURES", "SHAPE_Length": 1633.0812881994052, "SHAPE_Area": 84053.674668518855 }, "geometry": { "type": "MultiPolygon", "coordinates": [ [ [ [ 150.598146141693093, -35.084586913122038 ], [ 150.598429950494506, -35.085078982592329 ], [ 150.598713245972448, -35.085570156028588 ], [ 150.598633629103489, -35.085986039528649 ], [ 150.598564884583709, -35.086345172374735 ], [ 150.597799614392358, -35.086253767949472 ], [ 150.597568048488938, -35.086226113967236 ], [ 150.597345903400736, -35.086199579323008 ], [ 150.596909250716209, -35.086147418387341 ], [ 150.596516047150857, -35.086100457193183 ], [ 150.596472635655147, -35.086095266548867 ], [ 150.596144500345645, -35.086056076073547 ], [ 150.596035974059305, -35.08604311402555 ], [ 150.595675390259345, -35.086000042404073 ], [ 150.59558860999212, -35.086041250096422 ], [ 150.595097761685764, -35.086274357949215 ], [ 150.594606913870905, -35.086507466459906 ], [ 150.594116055613398, -35.08674057451001 ], [ 150.593625199181673, -35.086973675131262 ], [ 150.593134341128774, -35.087206773663993 ], [ 150.593163483439099, -35.087053516603767 ], [ 150.593243415057515, -35.086633249892429 ], [ 150.593394315425087, -35.08583981164427 ], [ 150.593479499975871, -35.085391917369002 ], [ 150.593915434211397, -35.085447852512786 ], [ 150.594009145130968, -35.084955173956722 ], [ 150.594445069808529, -35.085011108768256 ], [ 150.594555837301868, -35.08442884309936 ], [ 150.594991762923655, -35.084484777716881 ], [ 150.595427689417846, -35.084540704482507 ], [ 150.595561546509799, -35.083827428650473 ], [ 150.595777694597956, -35.084049548173418 ], [ 150.595935487058142, -35.084211706646073 ], [ 150.596053301271183, -35.08433276586706 ], [ 150.59631174985185, -35.084598360771011 ], [ 150.596328836014607, -35.08461595719497 ], [ 150.596604010571042, -35.084899452685988 ], [ 150.596675427124211, -35.084973028996608 ], [ 150.596684973498725, -35.084982863025424 ], [ 150.596879185890117, -35.08518294849577 ], [ 150.598146141693093, -35.084586913122038 ] ] ] ] } }
]
}
