{
"type": "FeatureCollection",
"name": "0",
"crs": { "type": "name", "properties": { "name": "urn:ogc:def:crs:OGC:1.3:CRS84" } },
"features": [
{ "type": "Feature", "properties": { "OBJECTID": 4, "gridcode": 5, "Shape_Length": 3.9924134069016508e-05, "Shape_Area": 9.8679292632400717e-11 }, "geometry": { "type": "MultiPolygon", "coordinates": [ [ [ [ 150.584600202000047, -34.986319293999941 ], [ 150.584600467000087, -34.986310284999945 ], [ 150.584589520000122, -34.986310066999977 ], [ 150.584589255000083, -34.986319075999972 ], [ 150.584600202000047, -34.986319293999941 ] ] ] ] } },
{ "type": "Feature", "properties": { "OBJECTID": 5, "gridcode": 5, "Shape_Length": 0.00012364690002565667, "Shape_Area": 6.9077540787757955e-10 }, "geometry": { "type": "MultiPolygon", "coordinates": [ [ [ [ 150.584599143000105, -34.98635533199996 ], [ 150.584631984000112, -34.986355984999932 ], [ 150.584632514000077, -34.98633796699994 ], [ 150.584588725000117, -34.986337094999953 ], [ 150.584588461000067, -34.986346103999949 ], [ 150.584599408000031, -34.986346321999974 ], [ 150.584599143000105, -34.98635533199996 ] ] ] ] } },
{ "type": "Feature", "properties": { "OBJECTID": 7, "gridcode": 5, "Shape_Length": 5.7952897003407733e-05, "Shape_Area": 1.9737843356674651e-10 }, "geometry": { "type": "MultiPolygon", "coordinates": [ [ [ [ 150.584662178000031, -34.98644673299998 ], [ 150.584661648000065, -34.986464751999961 ], [ 150.584672596000019, -34.986464969999929 ], [ 150.584673125000108, -34.986446950999948 ], [ 150.584662178000031, -34.98644673299998 ] ] ] ] } },
{ "type": "Feature", "properties": { "OBJECTID": 18, "gridcode": 5, "Shape_Length": 0.0039178864844903634, "Shape_Area": 3.0404994080968797e-07 }, "geometry": { "type": "MultiPolygon", "coordinates": [ [ [ [ 150.585650524000016, -34.987106445999984 ], [ 150.585672419000048, -34.987106880999931 ], [ 150.585672683000098, -34.987097871999936 ], [ 150.58566173600002, -34.987097653999967 ], [ 150.58566200100006, -34.987088644999972 ], [ 150.585651054000095, -34.987088426999946 ], [ 150.585651318000032, -34.987079416999961 ], [ 150.585640371000068, -34.987079198999936 ], [ 150.585640636000107, -34.98707018999994 ], [ 150.58562968800004, -34.987069971999972 ], [ 150.58562995300008, -34.987060962999976 ], [ 150.585608059000037, -34.987060526999983 ], [ 150.585608323000088, -34.98705151799993 ], [ 150.58559737600001, -34.987051299999962 ], [ 150.585597641000049, -34.987042290999966 ], [ 150.585575746000018, -34.987041854999973 ], [ 150.585576011000057, -34.987032844999931 ], [ 150.585565064000093, -34.987032627999952 ], [ 150.58556532800003, -34.987023617999967 ], [ 150.585554381000065, -34.987023399999941 ], [ 150.585554646000105, -34.987014390999946 ], [ 150.585543699000027, -34.987014172999977 ], [ 150.585543963000077, -34.987005163999982 ], [ 150.585533016000113, -34.987004945999956 ], [ 150.585533281000039, -34.986995935999971 ], [ 150.585522334000075, -34.986995718999935 ], [ 150.585522598000011, -34.98698670899995 ], [ 150.585511651000047, -34.986986490999982 ], [ 150.585511916000087, -34.986977481999929 ], [ 150.585500969, -34.986977263999961 ], [ 150.585501233000059, -34.986968254999965 ], [ 150.585490286000095, -34.98696803699994 ], [ 150.585490551000021, -34.986959026999955 ], [ 150.585479603000067, -34.986958809999976 ], [ 150.585479868000107, -34.986949799999934 ], [ 150.585468921000029, -34.986949581999966 ], [ 150.585469186000068, -34.98694057299997 ], [ 150.585458238000115, -34.986940354999945 ], [ 150.58545876800008, -34.986922335999964 ], [ 150.585447821000116, -34.986922117999939 ], [ 150.585448879000069, -34.986886080999966 ], [ 150.585437932000104, -34.986885862999941 ], [ 150.585438991000046, -34.986849824999979 ], [ 150.585428044000082, -34.986849606999954 ], [ 150.585429102000035, -34.986813569999981 ], [ 150.58541815500007, -34.986813351999956 ], [ 150.58541842000011, -34.986804341999971 ], [ 150.585429367000074, -34.986804559999939 ], [ 150.585429632000114, -34.986795550999943 ], [ 150.585407737000082, -34.98679511499995 ], [ 150.585408002000122, -34.986786105999954 ], [ 150.585397055000044, -34.986785887999929 ], [ 150.585397320000084, -34.986776877999944 ], [ 150.585386372000016, -34.986776659999975 ], [ 150.585386902000096, -34.986758641999984 ], [ 150.585375955000018, -34.986758423999959 ], [ 150.585376219000068, -34.986749413999974 ], [ 150.585365272000104, -34.986749196999938 ], [ 150.58536580100008, -34.986731177999957 ], [ 150.585354854000116, -34.986730959999932 ], [ 150.585355119000042, -34.986721949999946 ], [ 150.585344172000077, -34.986721732999968 ], [ 150.585344966000093, -34.986694703999945 ], [ 150.585334019000015, -34.986694485999976 ], [ 150.585334548000105, -34.986676467999985 ], [ 150.585323601000027, -34.98667624999996 ], [ 150.585324130000117, -34.986658230999979 ], [ 150.585313183000039, -34.986658012999953 ], [ 150.585313448000079, -34.986649003999958 ], [ 150.585302501000115, -34.986648785999932 ], [ 150.585303030000091, -34.986630766999951 ], [ 150.585292083000013, -34.986630548999983 ], [ 150.585292348000053, -34.986621539999931 ], [ 150.585281400000099, -34.986621321999962 ], [ 150.585281930000065, -34.986603302999981 ], [ 150.5852709830001, -34.986603084999956 ], [ 150.585271247000037, -34.98659407599996 ], [ 150.585260300000073, -34.986593857999935 ], [ 150.585260830000038, -34.986575838999954 ], [ 150.585249882000085, -34.986575620999929 ], [ 150.585250147000011, -34.986566611999933 ], [ 150.585239200000046, -34.986566393999965 ], [ 150.585239465000086, -34.98655738399998 ], [ 150.585228517000019, -34.986557166999944 ], [ 150.585229047000098, -34.986539147999963 ], [ 150.585207153000056, -34.98653871199997 ], [ 150.585207417000106, -34.986529702999974 ], [ 150.585196470000028, -34.986529484999949 ], [ 150.585196735000068, -34.986520474999963 ], [ 150.585174841000025, -34.986520039999959 ], [ 150.585175105000076, -34.986511029999974 ], [ 150.585142264000069, -34.986510376999945 ], [ 150.585142528000119, -34.98650136699996 ], [ 150.585120634000077, -34.986500930999966 ], [ 150.585120899000117, -34.986491921999971 ], [ 150.585099005000075, -34.986491485999977 ], [ 150.585099269000011, -34.986482476999981 ], [ 150.585077375000083, -34.986482040999931 ], [ 150.585077640000122, -34.986473031999935 ], [ 150.585055745000091, -34.986472595999942 ], [ 150.585056010000017, -34.986463586999946 ], [ 150.585034116000088, -34.986463150999953 ], [ 150.585034381000014, -34.986454140999967 ], [ 150.585012486000096, -34.986453705999963 ], [ 150.585012751000022, -34.986444695999978 ], [ 150.584968963000051, -34.986443824999981 ], [ 150.584969227000101, -34.986434814999939 ], [ 150.584859756000014, -34.98643263699995 ], [ 150.584860021000054, -34.986423626999965 ], [ 150.584816232000094, -34.986422755999968 ], [ 150.584815967000054, -34.986431764999963 ], [ 150.584761232000119, -34.986430675999941 ], [ 150.584760967000079, -34.986439684999937 ], [ 150.584728126000073, -34.986439030999975 ], [ 150.584727861000033, -34.98644804099996 ], [ 150.584716914000069, -34.986447822999935 ], [ 150.584716649000029, -34.986456831999931 ], [ 150.584683807000033, -34.986456178999958 ], [ 150.584683278000057, -34.986474197999939 ], [ 150.584694225000021, -34.986474414999975 ], [ 150.584694490000061, -34.986465405999979 ], [ 150.584705437000025, -34.986465623999948 ], [ 150.584705172000099, -34.986474632999943 ], [ 150.584716119000063, -34.986474850999969 ], [ 150.584715590000087, -34.98649286999995 ], [ 150.584682748000091, -34.986492215999931 ], [ 150.584682484000041, -34.986501225999973 ], [ 150.584693431000119, -34.986501443999941 ], [ 150.584691842000097, -34.986555499999952 ], [ 150.584713737000015, -34.986555935999945 ], [ 150.584713472000089, -34.986564944999941 ], [ 150.584702525000012, -34.986564727999962 ], [ 150.584700936000104, -34.986618783999972 ], [ 150.584722830000032, -34.986619219999966 ], [ 150.58472177100009, -34.986655257999985 ], [ 150.584732719000044, -34.986655475999953 ], [ 150.584732189000079, -34.986673493999945 ], [ 150.584754083000121, -34.986673929999938 ], [ 150.584753024000065, -34.986709967999957 ], [ 150.584763972000019, -34.986710185999982 ], [ 150.584763442000053, -34.986728204999963 ], [ 150.584774389000017, -34.986728421999942 ], [ 150.584774124000091, -34.986737431999984 ], [ 150.584785072000045, -34.986737649999952 ], [ 150.584784542000079, -34.986755668999933 ], [ 150.584795489000044, -34.986755886999958 ], [ 150.584794695000028, -34.986782914999935 ], [ 150.584805642000106, -34.98678313299996 ], [ 150.584805377000066, -34.986792141999956 ], [ 150.584849166000026, -34.986793013999943 ], [ 150.5848489010001, -34.986802022999939 ], [ 150.584859849000054, -34.986802240999964 ], [ 150.584858790000112, -34.986838278999983 ], [ 150.584869737000076, -34.986838496999951 ], [ 150.584868678000021, -34.98687453399998 ], [ 150.584890572000063, -34.986874969999974 ], [ 150.584890043000087, -34.986892988999955 ], [ 150.584879096000122, -34.98689277099993 ], [ 150.584877507000101, -34.98694682799993 ], [ 150.584888454000065, -34.986947044999965 ], [ 150.584888190000015, -34.986956054999951 ], [ 150.584910084000057, -34.986956490999944 ], [ 150.584910349000097, -34.986947480999959 ], [ 150.584921296000061, -34.986947698999984 ], [ 150.584921561000101, -34.986938689999931 ], [ 150.58494345500003, -34.986939124999935 ], [ 150.584943720000069, -34.98693011599994 ], [ 150.585009403000072, -34.98693142299993 ], [ 150.585008609000056, -34.986958451999953 ], [ 150.584997662000092, -34.986958233999928 ], [ 150.584997397000052, -34.986967242999981 ], [ 150.58497550200002, -34.986966806999931 ], [ 150.584975238000084, -34.986975816999973 ], [ 150.584964291000119, -34.986975598999948 ], [ 150.58496402600008, -34.986984607999943 ], [ 150.584942131000048, -34.986984172999939 ], [ 150.584941867000111, -34.986993181999935 ], [ 150.584952814000076, -34.98699339999996 ], [ 150.58495202000006, -34.987020427999937 ], [ 150.584962967000024, -34.987020645999962 ], [ 150.584962702000098, -34.987029654999958 ], [ 150.584973649000062, -34.987029872999983 ], [ 150.584973385000012, -34.987038882999968 ], [ 150.58498433200009, -34.987039100999937 ], [ 150.58498406700005, -34.987048109999932 ], [ 150.585005962000082, -34.987048545999983 ], [ 150.585006226000019, -34.987039535999941 ], [ 150.58502812100005, -34.987039971999934 ], [ 150.585028385000101, -34.987030962999938 ], [ 150.585039333000054, -34.987031180999963 ], [ 150.585039068000015, -34.987040189999959 ], [ 150.585050015000093, -34.987040407999984 ], [ 150.585051074000035, -34.987004369999966 ], [ 150.585062021000113, -34.987004587999934 ], [ 150.585062286000039, -34.986995578999938 ], [ 150.585073233000116, -34.986995795999974 ], [ 150.585073498000042, -34.986986786999978 ], [ 150.58508444500012, -34.986987004999946 ], [ 150.585084710000046, -34.986977994999961 ], [ 150.585106604000089, -34.986978430999955 ], [ 150.585107134000054, -34.986960411999974 ], [ 150.585118081000019, -34.986960629999942 ], [ 150.585118610000109, -34.986942610999961 ], [ 150.585249977000103, -34.986945225999932 ], [ 150.585249712000063, -34.986954234999985 ], [ 150.585271606000106, -34.986954670999978 ], [ 150.585271342000055, -34.986963679999974 ], [ 150.58528228900002, -34.986963897999942 ], [ 150.585281760000044, -34.98698191699998 ], [ 150.585292707000121, -34.986982134999948 ], [ 150.585292442000082, -34.986991143999944 ], [ 150.58534717800012, -34.986992232999967 ], [ 150.58534691300008, -34.987001242999952 ], [ 150.585423544000037, -34.987002767999968 ], [ 150.585423279000111, -34.987011776999964 ], [ 150.585445174000029, -34.987012212999957 ], [ 150.585444909000103, -34.987021221999953 ], [ 150.585466803000031, -34.987021657999946 ], [ 150.585466539000095, -34.987030666999942 ], [ 150.585488433000023, -34.987031102999936 ], [ 150.585488169000087, -34.987040111999931 ], [ 150.585510063000015, -34.987040547999982 ], [ 150.585509798000089, -34.987049556999978 ], [ 150.585531693000121, -34.987049992999971 ], [ 150.585531428000081, -34.987059001999967 ], [ 150.585553323000113, -34.98705943799996 ], [ 150.585553058000073, -34.987068447999945 ], [ 150.585574952000115, -34.987068882999949 ], [ 150.585574688000065, -34.987077892999935 ], [ 150.585596582000107, -34.987078327999939 ], [ 150.585596317000068, -34.987087337999981 ], [ 150.585629159000064, -34.987087990999953 ], [ 150.585628894000024, -34.987097000999938 ], [ 150.585650789000056, -34.987097435999942 ], [ 150.585650524000016, -34.987106445999984 ] ] ] ] } },
{ "type": "Feature", "properties": { "OBJECTID": 19, "gridcode": 5, "Shape_Length": 3.9925113813093493e-05, "Shape_Area": 9.8684633869817115e-11 }, "geometry": { "type": "MultiPolygon", "coordinates": [ [ [ [ 150.585683101000086, -34.987116107999952 ], [ 150.585683366000012, -34.987107098999957 ], [ 150.585672419000048, -34.987106880999931 ], [ 150.585672154000122, -34.987115890999974 ], [ 150.585683101000086, -34.987116107999952 ] ] ] ] } },
{ "type": "Feature", "properties": { "OBJECTID": 20, "gridcode": 5, "Shape_Length": 3.9927103743766377e-05, "Shape_Area": 9.869463598491751e-11 }, "geometry": { "type": "MultiPolygon", "coordinates": [ [ [ [ 150.585693784000114, -34.987125335999963 ], [ 150.58569404900004, -34.987116325999978 ], [ 150.585683101000086, -34.987116107999952 ], [ 150.585682837000036, -34.987125117999938 ], [ 150.585693784000114, -34.987125335999963 ] ] ] ] } },
{ "type": "Feature", "properties": { "OBJECTID": 26, "gridcode": 5, "Shape_Length": 0.00047910935711457779, "Shape_Area": 2.9605948861672475e-09 }, "geometry": { "type": "MultiPolygon", "coordinates": [ [ [ [ 150.585832128000106, -34.987263308999957 ], [ 150.585831864000056, -34.987272317999953 ], [ 150.58584281100002, -34.987272535999978 ], [ 150.58584334000011, -34.98725451699994 ], [ 150.585832393000032, -34.987254298999972 ], [ 150.585832658000072, -34.987245289999976 ], [ 150.585821710000118, -34.987245071999951 ], [ 150.585821975000044, -34.987236062999955 ], [ 150.58581102800008, -34.98723584499993 ], [ 150.585811292000017, -34.987226834999944 ], [ 150.585767503000056, -34.987225963999947 ], [ 150.585768033000022, -34.987207944999966 ], [ 150.585757085000068, -34.987207726999941 ], [ 150.585757350000108, -34.987198717999945 ], [ 150.58574640300003, -34.987198499999977 ], [ 150.58574693200012, -34.987180480999939 ], [ 150.585735985000042, -34.98718026399996 ], [ 150.585736250000082, -34.987171253999975 ], [ 150.585725302000014, -34.98717103599995 ], [ 150.585725567000054, -34.987162026999954 ], [ 150.58571462000009, -34.987161808999929 ], [ 150.58571409000001, -34.987179827999967 ], [ 150.585725038000078, -34.987180045999935 ], [ 150.585724508000112, -34.987198064999973 ], [ 150.585735456000066, -34.987198281999952 ], [ 150.585735191000026, -34.987207291999937 ], [ 150.585746138000104, -34.987207509999962 ], [ 150.585745344000088, -34.987234537999939 ], [ 150.585756292000042, -34.987234755999964 ], [ 150.585756027000116, -34.98724376499996 ], [ 150.58581076300004, -34.987244853999982 ], [ 150.585810498000114, -34.987253863999968 ], [ 150.585821446000068, -34.987254080999946 ], [ 150.585821181000028, -34.987263090999932 ], [ 150.585832128000106, -34.987263308999957 ] ] ] ] } },
{ "type": "Feature", "properties": { "OBJECTID": 28, "gridcode": 5, "Shape_Length": 5.7952896944357868e-05, "Shape_Area": 1.9737843285628904e-10 }, "geometry": { "type": "MultiPolygon", "coordinates": [ [ [ [ 150.585054609000053, -34.987256851999973 ], [ 150.585054079000088, -34.987274870999954 ], [ 150.585065027000041, -34.987275088999979 ], [ 150.585065556000018, -34.987257069999941 ], [ 150.585054609000053, -34.987256851999973 ] ] ] ] } },
{ "type": "Feature", "properties": { "OBJECTID": 29, "gridcode": 5, "Shape_Length": 5.7951868007812099e-05, "Shape_Area": 1.973693165012409e-10 }, "geometry": { "type": "MultiPolygon", "coordinates": [ [ [ [ 150.58584281100002, -34.987272535999978 ], [ 150.585842282000044, -34.987290554999959 ], [ 150.585853229000122, -34.987290772999984 ], [ 150.585853758000098, -34.987272753999946 ], [ 150.58584281100002, -34.987272535999978 ] ] ] ] } },
{ "type": "Feature", "properties": { "OBJECTID": 30, "gridcode": 5, "Shape_Length": 3.9926084209721143e-05, "Shape_Area": 9.8689029529398796e-11 }, "geometry": { "type": "MultiPolygon", "coordinates": [ [ [ [ 150.585863912000036, -34.9873 ], [ 150.585864176000086, -34.987290989999963 ], [ 150.585853229000122, -34.987290772999984 ], [ 150.585852964000082, -34.98729978199998 ], [ 150.585863912000036, -34.9873 ] ] ] ] } },
{ "type": "Feature", "properties": { "OBJECTID": 33, "gridcode": 5, "Shape_Length": 3.9926084210538787e-05, "Shape_Area": 9.868902954443389e-11 }, "geometry": { "type": "MultiPolygon", "coordinates": [ [ [ [ 150.585874330000024, -34.987318235999965 ], [ 150.585874594000074, -34.987309226999969 ], [ 150.58586364700011, -34.987309008999944 ], [ 150.58586338200007, -34.987318018999929 ], [ 150.585874330000024, -34.987318235999965 ] ] ] ] } },
{ "type": "Feature", "properties": { "OBJECTID": 34, "gridcode": 5, "Shape_Length": 3.9927103689131634e-05, "Shape_Area": 9.8694635788779299e-11 }, "geometry": { "type": "MultiPolygon", "coordinates": [ [ [ [ 150.585053021000022, -34.987310908999973 ], [ 150.585053285000072, -34.987301898999931 ], [ 150.585042338000108, -34.987301680999963 ], [ 150.585042073000068, -34.987310690999948 ], [ 150.585053021000022, -34.987310908999973 ] ] ] ] } },
{ "type": "Feature", "properties": { "OBJECTID": 35, "gridcode": 5, "Shape_Length": 0.00013780213581791821, "Shape_Area": 6.9080969018227036e-10 }, "geometry": { "type": "MultiPolygon", "coordinates": [ [ [ [ 150.585053550000111, -34.987292889999935 ], [ 150.585053285000072, -34.987301898999931 ], [ 150.585064233000026, -34.987302116999956 ], [ 150.585064762000115, -34.987284097999975 ], [ 150.585053815000038, -34.98728387999995 ], [ 150.585054079000088, -34.987274870999954 ], [ 150.58504313200001, -34.987274652999929 ], [ 150.585043397000049, -34.987265643999933 ], [ 150.585032450000085, -34.987265425999965 ], [ 150.58503165500008, -34.987292453999942 ], [ 150.585053550000111, -34.987292889999935 ] ] ] ] } },
{ "type": "Feature", "properties": { "OBJECTID": 36, "gridcode": 5, "Shape_Length": 3.9926133351560246e-05, "Shape_Area": 9.8690240335027645e-11 }, "geometry": { "type": "MultiPolygon", "coordinates": [ [ [ [ 150.585885012000062, -34.987327463999975 ], [ 150.585885277000102, -34.987318453999933 ], [ 150.585874330000024, -34.987318235999965 ], [ 150.585874065000098, -34.98732724599995 ], [ 150.585885012000062, -34.987327463999975 ] ] ] ] } },
{ "type": "Feature", "properties": { "OBJECTID": 39, "gridcode": 5, "Shape_Length": 3.9926084320055763e-05, "Shape_Area": 9.8689030029166136e-11 }, "geometry": { "type": "MultiPolygon", "coordinates": [ [ [ [ 150.58589569500009, -34.987336690999939 ], [ 150.585895959000027, -34.987327680999954 ], [ 150.585885012000062, -34.987327463999975 ], [ 150.585884747000023, -34.987336472999971 ], [ 150.58589569500009, -34.987336690999939 ] ] ] ] } },
{ "type": "Feature", "properties": { "OBJECTID": 40, "gridcode": 5, "Shape_Length": 6.1823445578913794e-05, "Shape_Area": 1.9736287338853604e-10 }, "geometry": { "type": "MultiPolygon", "coordinates": [ [ [ [ 150.58510749200002, -34.987321006999935 ], [ 150.585129387000052, -34.987321442999985 ], [ 150.585129651000102, -34.987312433999932 ], [ 150.58510775700006, -34.987311997999939 ], [ 150.58510749200002, -34.987321006999935 ] ] ] ] } },
{ "type": "Feature", "properties": { "OBJECTID": 41, "gridcode": 5, "Shape_Length": 0.00063626819307800481, "Shape_Area": 9.276467368999092e-09 }, "geometry": { "type": "MultiPolygon", "coordinates": [ [ [ [ 150.585228971000106, -34.987287365999975 ], [ 150.585228706000066, -34.987296374999971 ], [ 150.58519586400007, -34.987295721999942 ], [ 150.585196394000036, -34.987277702999961 ], [ 150.585207341000114, -34.987277920999929 ], [ 150.585207076000074, -34.987286929999982 ], [ 150.585228971000106, -34.987287365999975 ] ], [ [ 150.585195070000054, -34.987322749999976 ], [ 150.585282648000089, -34.98732449299996 ], [ 150.585282913000015, -34.987315483999964 ], [ 150.585326702000089, -34.987316354999962 ], [ 150.585327496000104, -34.987289326999928 ], [ 150.585316549000026, -34.98728910899996 ], [ 150.585316813000077, -34.987280098999975 ], [ 150.585305866000112, -34.987279881999939 ], [ 150.585306131000038, -34.987270871999954 ], [ 150.585251395000114, -34.987269782999931 ], [ 150.58525192400009, -34.98725176399995 ], [ 150.585240977000012, -34.987251545999982 ], [ 150.585241242000052, -34.987242536999929 ], [ 150.585164611000096, -34.98724101199997 ], [ 150.58516355200004, -34.987277048999943 ], [ 150.585185446000082, -34.987277484999936 ], [ 150.585185182000032, -34.987286494999978 ], [ 150.585163287000114, -34.987286058999985 ], [ 150.585163023000064, -34.98729506799998 ], [ 150.585173970000028, -34.987295285999949 ], [ 150.585173705000102, -34.987304295999934 ], [ 150.585184652000066, -34.98730451299997 ], [ 150.585184388000016, -34.987313522999955 ], [ 150.585195335000094, -34.98731374099998 ], [ 150.585195070000054, -34.987322749999976 ] ] ] ] } },
{ "type": "Feature", "properties": { "OBJECTID": 43, "gridcode": 5, "Shape_Length": 3.9925113764086159e-05, "Shape_Area": 9.8684633590943317e-11 }, "geometry": { "type": "MultiPolygon", "coordinates": [ [ [ [ 150.585467428000015, -34.987373242999979 ], [ 150.585467693000055, -34.987364233999983 ], [ 150.585456746000091, -34.987364015999958 ], [ 150.585456481000051, -34.987373025999943 ], [ 150.585467428000015, -34.987373242999979 ] ] ] ] } },
{ "type": "Feature", "properties": { "OBJECTID": 44, "gridcode": 5, "Shape_Length": 6.1825454329643323e-05, "Shape_Area": 1.973784100944147e-10 }, "geometry": { "type": "MultiPolygon", "coordinates": [ [ [ [ 150.585861794000039, -34.987372074999939 ], [ 150.58588368900007, -34.987372510999933 ], [ 150.58588395400011, -34.987363500999948 ], [ 150.585862059000078, -34.987363065999944 ], [ 150.585861794000039, -34.987372074999939 ] ] ] ] } },
{ "type": "Feature", "properties": { "OBJECTID": 45, "gridcode": 5, "Shape_Length": 3.9924075544144656e-05, "Shape_Area": 9.8679075453084139e-11 }, "geometry": { "type": "MultiPolygon", "coordinates": [ [ [ [ 150.585850318000098, -34.987389875999952 ], [ 150.585850582000035, -34.987380866999956 ], [ 150.58583963500007, -34.987380648999931 ], [ 150.58583937100002, -34.987389657999984 ], [ 150.585850318000098, -34.987389875999952 ] ] ] ] } },
{ "type": "Feature", "properties": { "OBJECTID": 48, "gridcode": 5, "Shape_Length": 3.992608421197938e-05, "Shape_Area": 9.868902954443389e-11 }, "geometry": { "type": "MultiPolygon", "coordinates": [ [ [ [ 150.585925361000022, -34.987445456999978 ], [ 150.585925626000062, -34.987436447999983 ], [ 150.585914678000108, -34.987436229999958 ], [ 150.585914414000058, -34.987445239999943 ], [ 150.585925361000022, -34.987445456999978 ] ] ] ] } },
{ "type": "Feature", "properties": { "OBJECTID": 49, "gridcode": 5, "Shape_Length": 3.9925104626240615e-05, "Shape_Area": 9.8683688600675863e-11 }, "geometry": { "type": "MultiPolygon", "coordinates": [ [ [ [ 150.585947256000054, -34.987445892999972 ], [ 150.585947520000104, -34.987436883999976 ], [ 150.585936573000026, -34.987436665999951 ], [ 150.5859363080001, -34.987445674999947 ], [ 150.585947256000054, -34.987445892999972 ] ] ] ] } },
{ "type": "Feature", "properties": { "OBJECTID": 50, "gridcode": 5, "Shape_Length": 3.9926084320860804e-05, "Shape_Area": 9.8689030044201216e-11 }, "geometry": { "type": "MultiPolygon", "coordinates": [ [ [ [ 150.585903202000054, -34.98745403099997 ], [ 150.585903466000104, -34.987445021999974 ], [ 150.585892519000026, -34.987444803999949 ], [ 150.5858922540001, -34.987453813999934 ], [ 150.585903202000054, -34.98745403099997 ] ] ] ] } },
{ "type": "Feature", "properties": { "OBJECTID": 55, "gridcode": 5, "Shape_Length": 3.9924134179338152e-05, "Shape_Area": 9.8679293132111214e-11 }, "geometry": { "type": "MultiPolygon", "coordinates": [ [ [ [ 150.58588051300012, -34.987480623999943 ], [ 150.585880778000046, -34.987471614999947 ], [ 150.585869831000082, -34.987471396999979 ], [ 150.585869566000042, -34.987480405999975 ], [ 150.58588051300012, -34.987480623999943 ] ] ] ] } },
{ "type": "Feature", "properties": { "OBJECTID": 56, "gridcode": 5, "Shape_Length": 5.7950848474414194e-05, "Shape_Area": 1.973635775500257e-10 }, "geometry": { "type": "MultiPolygon", "coordinates": [ [ [ [ 150.585881307000022, -34.987453595999966 ], [ 150.585880778000046, -34.987471614999947 ], [ 150.58589172500001, -34.987471831999983 ], [ 150.5858922540001, -34.987453813999934 ], [ 150.585881307000022, -34.987453595999966 ] ] ] ] } },
{ "type": "Feature", "properties": { "OBJECTID": 57, "gridcode": 5, "Shape_Length": 0.00029363288646595272, "Shape_Area": 2.2697922860969701e-09 }, "geometry": { "type": "MultiPolygon", "coordinates": [ [ [ [ 150.585792935000086, -34.987478881999948 ], [ 150.585814830000118, -34.987479316999952 ], [ 150.585815094000054, -34.987470307999956 ], [ 150.58580414700009, -34.987470089999931 ], [ 150.585805206000032, -34.987434051999969 ], [ 150.58581615300011, -34.987434269999937 ], [ 150.585816682000086, -34.987416250999956 ], [ 150.58582762900005, -34.987416468999982 ], [ 150.58582789400009, -34.987407459999929 ], [ 150.585816947000012, -34.987407241999961 ], [ 150.585817211000062, -34.987398231999975 ], [ 150.585806264000098, -34.98739801499994 ], [ 150.585805735000122, -34.987416032999931 ], [ 150.58578384000009, -34.987415597999984 ], [ 150.58578357600004, -34.98742460699998 ], [ 150.585772628000086, -34.987424388999955 ], [ 150.58577157000002, -34.987460426999974 ], [ 150.585782517000098, -34.987460644999942 ], [ 150.585782252000058, -34.987469653999938 ], [ 150.585793200000012, -34.987469871999963 ], [ 150.585792935000086, -34.987478881999948 ] ] ] ] } },
{ "type": "Feature", "properties": { "OBJECTID": 59, "gridcode": 5, "Shape_Length": 0.00010562213598580337, "Shape_Area": 3.9474794272106675e-10 }, "geometry": { "type": "MultiPolygon", "coordinates": [ [ [ [ 150.585825512000042, -34.987488543999973 ], [ 150.585869301000116, -34.98748941599996 ], [ 150.585869566000042, -34.987480405999975 ], [ 150.585825777000082, -34.987479534999977 ], [ 150.585825512000042, -34.987488543999973 ] ] ] ] } },
{ "type": "Feature", "properties": { "OBJECTID": 67, "gridcode": 5, "Shape_Length": 5.7952896944357861e-05, "Shape_Area": 1.9737843285628904e-10 }, "geometry": { "type": "MultiPolygon", "coordinates": [ [ [ [ 150.58593260300006, -34.987571806999938 ], [ 150.585932074000084, -34.987589825999976 ], [ 150.585943021000048, -34.987590043999944 ], [ 150.585943551000014, -34.987572024999963 ], [ 150.58593260300006, -34.987571806999938 ] ] ] ] } },
{ "type": "Feature", "properties": { "OBJECTID": 70, "gridcode": 5, "Shape_Length": 0.00010174753968678662, "Shape_Area": 4.9341582878549597e-10 }, "geometry": { "type": "MultiPolygon", "coordinates": [ [ [ [ 150.585723811000094, -34.987594696999963 ], [ 150.585745705000022, -34.987595132999957 ], [ 150.585745970000062, -34.987586123999961 ], [ 150.585756917000026, -34.98758634099994 ], [ 150.585757182000066, -34.987577331999944 ], [ 150.58572434000007, -34.987576678999972 ], [ 150.585723811000094, -34.987594696999963 ] ] ] ] } },
{ "type": "Feature", "properties": { "OBJECTID": 82, "gridcode": 5, "Shape_Length": 5.7952897061358346e-05, "Shape_Area": 1.9737843389294247e-10 }, "geometry": { "type": "MultiPolygon", "coordinates": [ [ [ [ 150.58592059800003, -34.987607626999932 ], [ 150.585920068000064, -34.987625645999969 ], [ 150.585931016000018, -34.987625863999938 ], [ 150.585931545000108, -34.987607844999957 ], [ 150.58592059800003, -34.987607626999932 ] ] ] ] } },
{ "type": "Feature", "properties": { "OBJECTID": 104, "gridcode": 5, "Shape_Length": 3.9927103743766371e-05, "Shape_Area": 9.869463598491751e-11 }, "geometry": { "type": "MultiPolygon", "coordinates": [ [ [ [ 150.585314526000047, -34.987730788999954 ], [ 150.585314790000098, -34.987721778999969 ], [ 150.58530384300002, -34.987721560999944 ], [ 150.585303578000094, -34.987730570999929 ], [ 150.585314526000047, -34.987730788999954 ] ] ] ] } },
{ "type": "Feature", "properties": { "OBJECTID": 109, "gridcode": 5, "Shape_Length": 3.9924134064594718e-05, "Shape_Area": 9.8679292622680492e-11 }, "geometry": { "type": "MultiPolygon", "coordinates": [ [ [ [ 150.585325208000086, -34.987740015999975 ], [ 150.585325473000012, -34.987731006999979 ], [ 150.585314526000047, -34.987730788999954 ], [ 150.585314261000121, -34.98773979799995 ], [ 150.585325208000086, -34.987740015999975 ] ] ] ] } },
{ "type": "Feature", "properties": { "OBJECTID": 111, "gridcode": 5, "Shape_Length": 3.9925104623977201e-05, "Shape_Area": 9.8683688585640783e-11 }, "geometry": { "type": "MultiPolygon", "coordinates": [ [ [ [ 150.585335891000113, -34.987749242999939 ], [ 150.585336156000039, -34.987740233999943 ], [ 150.585325208000086, -34.987740015999975 ], [ 150.585324944000035, -34.987749024999971 ], [ 150.585335891000113, -34.987749242999939 ] ] ] ] } },
{ "type": "Feature", "properties": { "OBJECTID": 117, "gridcode": 5, "Shape_Length": 3.9926084320873252e-05, "Shape_Area": 9.8689030044201216e-11 }, "geometry": { "type": "MultiPolygon", "coordinates": [ [ [ [ 150.585378886000058, -34.98777714299996 ], [ 150.585379151000097, -34.987768132999975 ], [ 150.58536820300003, -34.987767915999939 ], [ 150.585367939000093, -34.987776924999935 ], [ 150.585378886000058, -34.98777714299996 ] ] ] ] } },
{ "type": "Feature", "properties": { "OBJECTID": 123, "gridcode": 5, "Shape_Length": 3.9925104626253226e-05, "Shape_Area": 9.8683688600675863e-11 }, "geometry": { "type": "MultiPolygon", "coordinates": [ [ [ [ 150.585411199000077, -34.98779581499997 ], [ 150.585411463000014, -34.987786805999974 ], [ 150.58540051600005, -34.987786587999949 ], [ 150.58540025100001, -34.987795596999945 ], [ 150.585411199000077, -34.98779581499997 ] ] ] ] } },
{ "type": "Feature", "properties": { "OBJECTID": 125, "gridcode": 5, "Shape_Length": 3.9926133351560246e-05, "Shape_Area": 9.8690240335027645e-11 }, "geometry": { "type": "MultiPolygon", "coordinates": [ [ [ [ 150.585421881000116, -34.98780504299998 ], [ 150.585422146000042, -34.987796032999938 ], [ 150.585411199000077, -34.98779581499997 ], [ 150.585410934000038, -34.987804824999955 ], [ 150.585421881000116, -34.98780504299998 ] ] ] ] } },
{ "type": "Feature", "properties": { "OBJECTID": 128, "gridcode": 5, "Shape_Length": 6.1824425191856505e-05, "Shape_Area": 1.9737368764436243e-10 }, "geometry": { "type": "MultiPolygon", "coordinates": [ [ [ [ 150.58543256400003, -34.987814269999944 ], [ 150.585454459000061, -34.987814704999948 ], [ 150.585454723000112, -34.987805695999953 ], [ 150.585432829000069, -34.987805259999959 ], [ 150.58543256400003, -34.987814269999944 ] ] ] ] } },
{ "type": "Feature", "properties": { "OBJECTID": 129, "gridcode": 5, "Shape_Length": 3.9926133351560246e-05, "Shape_Area": 9.8690240335027645e-11 }, "geometry": { "type": "MultiPolygon", "coordinates": [ [ [ [ 150.585476088000064, -34.987824150999984 ], [ 150.585476353000104, -34.987815140999942 ], [ 150.585465406000026, -34.987814922999974 ], [ 150.5854651410001, -34.987823932999959 ], [ 150.585476088000064, -34.987824150999984 ] ] ] ] } },
{ "type": "Feature", "properties": { "OBJECTID": 135, "gridcode": 5, "Shape_Length": 3.9926084201608221e-05, "Shape_Area": 9.8689029504671912e-11 }, "geometry": { "type": "MultiPolygon", "coordinates": [ [ [ [ 150.585508401000084, -34.987842822999937 ], [ 150.58550866600001, -34.987833812999952 ], [ 150.585497718000056, -34.987833595999973 ], [ 150.585497454000119, -34.987842604999969 ], [ 150.585508401000084, -34.987842822999937 ] ] ] ] } },
{ "type": "Feature", "properties": { "OBJECTID": 140, "gridcode": 5, "Shape_Length": 3.9925104626253226e-05, "Shape_Area": 9.8683688600675863e-11 }, "geometry": { "type": "MultiPolygon", "coordinates": [ [ [ [ 150.585519084000111, -34.987852049999958 ], [ 150.585519348000048, -34.987843040999962 ], [ 150.585508401000084, -34.987842822999937 ], [ 150.585508136000044, -34.987851831999933 ], [ 150.585519084000111, -34.987852049999958 ] ] ] ] } },
{ "type": "Feature", "properties": { "OBJECTID": 142, "gridcode": 5, "Shape_Length": 3.9925113764086159e-05, "Shape_Area": 9.8684633590943317e-11 }, "geometry": { "type": "MultiPolygon", "coordinates": [ [ [ [ 150.585529766000036, -34.987861276999979 ], [ 150.585530031000076, -34.987852267999983 ], [ 150.585519084000111, -34.987852049999958 ], [ 150.585518819000072, -34.987861059999943 ], [ 150.585529766000036, -34.987861276999979 ] ] ] ] } },
{ "type": "Feature", "properties": { "OBJECTID": 143, "gridcode": 5, "Shape_Length": 3.9927103741515553e-05, "Shape_Area": 9.869463596988243e-11 }, "geometry": { "type": "MultiPolygon", "coordinates": [ [ [ [ 150.585540449000064, -34.987870504999933 ], [ 150.585540714000103, -34.987861494999947 ], [ 150.585529766000036, -34.987861276999979 ], [ 150.585529502000099, -34.987870286999964 ], [ 150.585540449000064, -34.987870504999933 ] ] ] ] } },
{ "type": "Feature", "properties": { "OBJECTID": 144, "gridcode": 5, "Shape_Length": 3.9925104626253226e-05, "Shape_Area": 9.8683688600675863e-11 }, "geometry": { "type": "MultiPolygon", "coordinates": [ [ [ [ 150.585551132000091, -34.987879731999953 ], [ 150.585551396000028, -34.987870722999958 ], [ 150.585540449000064, -34.987870504999933 ], [ 150.585540184000024, -34.987879513999928 ], [ 150.585551132000091, -34.987879731999953 ] ] ] ] } },
{ "type": "Feature", "properties": { "OBJECTID": 188, "gridcode": 5, "Shape_Length": 0.00016611153742166913, "Shape_Area": 7.8950267438443311e-10 }, "geometry": { "type": "MultiPolygon", "coordinates": [ [ [ [ 150.585110326000063, -34.987970121999979 ], [ 150.585108209000055, -34.98804219699997 ], [ 150.585119156000019, -34.988042414999939 ], [ 150.585121274000016, -34.987970339999947 ], [ 150.585110326000063, -34.987970121999979 ] ] ] ] } },
{ "type": "Feature", "properties": { "OBJECTID": 190, "gridcode": 5, "Shape_Length": 3.9927103689131627e-05, "Shape_Area": 9.8694635788779299e-11 }, "geometry": { "type": "MultiPolygon", "coordinates": [ [ [ [ 150.58554583800003, -34.988059920999945 ], [ 150.58554610300007, -34.988050910999959 ], [ 150.585535155000116, -34.988050692999934 ], [ 150.585534891000066, -34.988059702999976 ], [ 150.58554583800003, -34.988059920999945 ] ] ] ] } },
{ "type": "Feature", "properties": { "OBJECTID": 194, "gridcode": 5, "Shape_Length": 3.99251046819278e-05, "Shape_Area": 9.8683688904304993e-11 }, "geometry": { "type": "MultiPolygon", "coordinates": [ [ [ [ 150.58553409700005, -34.988086730999953 ], [ 150.5855343610001, -34.988077721999957 ], [ 150.585523414000022, -34.988077503999932 ], [ 150.585523149000096, -34.988086512999985 ], [ 150.58553409700005, -34.988086730999953 ] ] ] ] } },
{ "type": "Feature", "properties": { "OBJECTID": 199, "gridcode": 5, "Shape_Length": 3.9925104626240622e-05, "Shape_Area": 9.8683688600675863e-11 }, "geometry": { "type": "MultiPolygon", "coordinates": [ [ [ [ 150.58552262000012, -34.988104531999966 ], [ 150.585522885000046, -34.98809552299997 ], [ 150.585511937000092, -34.988095304999945 ], [ 150.585511673000042, -34.988104313999941 ], [ 150.58552262000012, -34.988104531999966 ] ] ] ] } },
{ "type": "Feature", "properties": { "OBJECTID": 201, "gridcode": 5, "Shape_Length": 0.00011203221737907424, "Shape_Area": 4.9344055861613026e-10 }, "geometry": { "type": "MultiPolygon", "coordinates": [ [ [ [ 150.585107944000015, -34.988051206999955 ], [ 150.585106620000033, -34.98809625399997 ], [ 150.585117568000101, -34.988096471999938 ], [ 150.585118891000093, -34.988051424999981 ], [ 150.585107944000015, -34.988051206999955 ] ] ] ] } },
{ "type": "Feature", "properties": { "OBJECTID": 208, "gridcode": 5, "Shape_Length": 3.9924134181601674e-05, "Shape_Area": 9.8679293147174729e-11 }, "geometry": { "type": "MultiPolygon", "coordinates": [ [ [ [ 150.585511143000076, -34.988122332999978 ], [ 150.585511408000116, -34.988113323999983 ], [ 150.585500461000038, -34.988113105999957 ], [ 150.585500196000112, -34.988122114999953 ], [ 150.585511143000076, -34.988122332999978 ] ] ] ] } },
{ "type": "Feature", "properties": { "OBJECTID": 211, "gridcode": 5, "Shape_Length": 3.9926133293609633e-05, "Shape_Area": 9.8690240016363436e-11 }, "geometry": { "type": "MultiPolygon", "coordinates": [ [ [ [ 150.585149615000091, -34.988124153999934 ], [ 150.585149880000017, -34.988115143999948 ], [ 150.585138933000053, -34.98811492599998 ], [ 150.585138668000013, -34.988123935999965 ], [ 150.585149615000091, -34.988124153999934 ] ] ] ] } },
{ "type": "Feature", "properties": { "OBJECTID": 219, "gridcode": 5, "Shape_Length": 3.9925104515918972e-05, "Shape_Area": 9.868368810096538e-11 }, "geometry": { "type": "MultiPolygon", "coordinates": [ [ [ [ 150.585170981000033, -34.988142607999976 ], [ 150.585171245000083, -34.98813359899998 ], [ 150.585160298000119, -34.988133380999955 ], [ 150.585160033000079, -34.98814238999995 ], [ 150.585170981000033, -34.988142607999976 ] ] ] ] } },
{ "type": "Feature", "properties": { "OBJECTID": 225, "gridcode": 5, "Shape_Length": 5.7952857217517893e-05, "Shape_Area": 1.9737790336191773e-10 }, "geometry": { "type": "MultiPolygon", "coordinates": [ [ [ [ 150.585499931000072, -34.988131124999938 ], [ 150.585499402000096, -34.988149143999976 ], [ 150.58551034900006, -34.988149360999955 ], [ 150.585510879000026, -34.988131341999974 ], [ 150.585499931000072, -34.988131124999938 ] ] ] ] } },
{ "type": "Feature", "properties": { "OBJECTID": 233, "gridcode": 5, "Shape_Length": 3.9927103799466254e-05, "Shape_Area": 9.8694636288546639e-11 }, "geometry": { "type": "MultiPolygon", "coordinates": [ [ [ [ 150.585224394000079, -34.988188744999945 ], [ 150.585224659000119, -34.98817973499996 ], [ 150.585213711000051, -34.988179516999935 ], [ 150.585213447000115, -34.988188526999977 ], [ 150.585224394000079, -34.988188744999945 ] ] ] ] } },
{ "type": "Feature", "properties": { "OBJECTID": 236, "gridcode": 5, "Shape_Length": 6.1826414969378671e-05, "Shape_Area": 1.9738905344494947e-10 }, "geometry": { "type": "MultiPolygon", "coordinates": [ [ [ [ 150.585520238000072, -34.988185616999942 ], [ 150.585542133000104, -34.988186052999936 ], [ 150.58554239700004, -34.988177042999951 ], [ 150.585520502000122, -34.988176606999957 ], [ 150.585520238000072, -34.988185616999942 ] ] ] ] } },
{ "type": "Feature", "properties": { "OBJECTID": 238, "gridcode": 5, "Shape_Length": 3.9926084322313994e-05, "Shape_Area": 9.8689030044201216e-11 }, "geometry": { "type": "MultiPolygon", "coordinates": [ [ [ [ 150.585235077000107, -34.988197971999966 ], [ 150.585235341000043, -34.988188961999981 ], [ 150.585224394000079, -34.988188744999945 ], [ 150.585224129000039, -34.988197753999941 ], [ 150.585235077000107, -34.988197971999966 ] ] ] ] } },
{ "type": "Feature", "properties": { "OBJECTID": 242, "gridcode": 5, "Shape_Length": 3.9924134069016508e-05, "Shape_Area": 9.8679292632400717e-11 }, "geometry": { "type": "MultiPolygon", "coordinates": [ [ [ [ 150.585245759000031, -34.98820719899993 ], [ 150.585246024000071, -34.988198189999935 ], [ 150.585235077000107, -34.988197971999966 ], [ 150.585234812000067, -34.988206980999962 ], [ 150.585245759000031, -34.98820719899993 ] ] ] ] } },
{ "type": "Feature", "properties": { "OBJECTID": 244, "gridcode": 5, "Shape_Length": 3.9924134071280031e-05, "Shape_Area": 9.8679292647464232e-11 }, "geometry": { "type": "MultiPolygon", "coordinates": [ [ [ [ 150.585267389000023, -34.988216643999976 ], [ 150.585267654000063, -34.988207634999981 ], [ 150.585256707000099, -34.988207416999956 ], [ 150.585256442000059, -34.988216425999951 ], [ 150.585267389000023, -34.988216643999976 ] ] ] ] } },
{ "type": "Feature", "properties": { "OBJECTID": 246, "gridcode": 5, "Shape_Length": 5.7951877581978225e-05, "Shape_Area": 1.9737269512741161e-10 }, "geometry": { "type": "MultiPolygon", "coordinates": [ [ [ [ 150.585563763000096, -34.988195497999982 ], [ 150.585563233000016, -34.988213515999973 ], [ 150.585574181000084, -34.988213733999942 ], [ 150.58557471000006, -34.988195714999961 ], [ 150.585563763000096, -34.988195497999982 ] ] ] ] } },
{ "type": "Feature", "properties": { "OBJECTID": 247, "gridcode": 5, "Shape_Length": 3.9926084201608221e-05, "Shape_Area": 9.8689029504671912e-11 }, "geometry": { "type": "MultiPolygon", "coordinates": [ [ [ [ 150.585595811000076, -34.988223178999931 ], [ 150.585596075000012, -34.988214169999935 ], [ 150.585585128000048, -34.988213951999967 ], [ 150.585584863000122, -34.988222961999952 ], [ 150.585595811000076, -34.988223178999931 ] ] ] ] } },
{ "type": "Feature", "properties": { "OBJECTID": 250, "gridcode": 5, "Shape_Length": 3.9926084320860804e-05, "Shape_Area": 9.8689030044201216e-11 }, "geometry": { "type": "MultiPolygon", "coordinates": [ [ [ [ 150.585617441000068, -34.988232623999977 ], [ 150.585617705000118, -34.988223614999981 ], [ 150.58560675800004, -34.988223396999956 ], [ 150.585606493000114, -34.988232406999941 ], [ 150.585617441000068, -34.988232623999977 ] ] ] ] } },
{ "type": "Feature", "properties": { "OBJECTID": 252, "gridcode": 5, "Shape_Length": 6.1824425077208753e-05, "Shape_Area": 1.9737368710747633e-10 }, "geometry": { "type": "MultiPolygon", "coordinates": [ [ [ [ 150.585267125000087, -34.988225653999962 ], [ 150.585289019000015, -34.988226088999966 ], [ 150.585289284000055, -34.98821707999997 ], [ 150.585267389000023, -34.988216643999976 ], [ 150.585267125000087, -34.988225653999962 ] ] ] ] } },
{ "type": "Feature", "properties": { "OBJECTID": 253, "gridcode": 5, "Shape_Length": 3.9926133351560246e-05, "Shape_Area": 9.8690240335027645e-11 }, "geometry": { "type": "MultiPolygon", "coordinates": [ [ [ [ 150.585310649000121, -34.988235534999944 ], [ 150.585310914000047, -34.988226524999959 ], [ 150.585299967000083, -34.988226306999934 ], [ 150.585299702000043, -34.988235316999976 ], [ 150.585310649000121, -34.988235534999944 ] ] ] ] } },
{ "type": "Feature", "properties": { "OBJECTID": 256, "gridcode": 5, "Shape_Length": 3.9925113764086159e-05, "Shape_Area": 9.8684633590943317e-11 }, "geometry": { "type": "MultiPolygon", "coordinates": [ [ [ [ 150.585671648000016, -34.988251731999981 ], [ 150.585671913000056, -34.988242722999985 ], [ 150.585660966000091, -34.98824250499996 ], [ 150.585660701000052, -34.988251514999945 ], [ 150.585671648000016, -34.988251731999981 ] ] ] ] } },
{ "type": "Feature", "properties": { "OBJECTID": 260, "gridcode": 5, "Shape_Length": 3.9925113874408012e-05, "Shape_Area": 9.8684634090710657e-11 }, "geometry": { "type": "MultiPolygon", "coordinates": [ [ [ [ 150.585693278000122, -34.98826117699997 ], [ 150.585693543000048, -34.988252167999974 ], [ 150.585682596000083, -34.988251949999949 ], [ 150.585682331000044, -34.988260959999934 ], [ 150.585693278000122, -34.98826117699997 ] ] ] ] } },
{ "type": "Feature", "properties": { "OBJECTID": 263, "gridcode": 5, "Shape_Length": 3.9927103689131546e-05, "Shape_Area": 9.8694635788779299e-11 }, "geometry": { "type": "MultiPolygon", "coordinates": [ [ [ [ 150.585703961000036, -34.98827040499998 ], [ 150.585704226000075, -34.988261394999938 ], [ 150.585693278000122, -34.98826117699997 ], [ 150.585693014000071, -34.988270186999955 ], [ 150.585703961000036, -34.98827040499998 ] ] ] ] } },
{ "type": "Feature", "properties": { "OBJECTID": 274, "gridcode": 5, "Shape_Length": 0.00042756360168072185, "Shape_Area": 2.7632715951106221e-09 }, "geometry": { "type": "MultiPolygon", "coordinates": [ [ [ [ 150.585328838, -34.98836210199994 ], [ 150.585350733000041, -34.988362537999933 ], [ 150.585350998000081, -34.988353527999948 ], [ 150.585361945000045, -34.988353745999973 ], [ 150.585362475000011, -34.988335726999935 ], [ 150.585373422000089, -34.98833594499996 ], [ 150.585375540000086, -34.988263869999969 ], [ 150.585364592000019, -34.988263651999944 ], [ 150.585364857000059, -34.988254642999948 ], [ 150.585353910000094, -34.98825442499998 ], [ 150.585354174000031, -34.988245414999938 ], [ 150.585343227000067, -34.988245196999969 ], [ 150.585343492000106, -34.988236187999973 ], [ 150.585310649000121, -34.988235534999944 ], [ 150.585310385000071, -34.98824454399994 ], [ 150.585332279000113, -34.988244979999934 ], [ 150.585332015000063, -34.988253988999929 ], [ 150.585342962000027, -34.988254206999954 ], [ 150.585342697000101, -34.98826321599995 ], [ 150.585353645000055, -34.988263433999975 ], [ 150.585351262000017, -34.988344518999952 ], [ 150.585340315000053, -34.988344300999984 ], [ 150.585340050000013, -34.988353310999969 ], [ 150.585329103000049, -34.988353092999944 ], [ 150.585328838, -34.98836210199994 ] ] ] ] } },
{ "type": "Feature", "properties": { "OBJECTID": 287, "gridcode": 5, "Shape_Length": 3.9925104623977201e-05, "Shape_Area": 9.8683688585640783e-11 }, "geometry": { "type": "MultiPolygon", "coordinates": [ [ [ [ 150.585235700000112, -34.988549556999942 ], [ 150.585235965000038, -34.988540547999946 ], [ 150.585225017000084, -34.988540329999978 ], [ 150.585224753000034, -34.988549338999974 ], [ 150.585235700000112, -34.988549556999942 ] ] ] ] } },
{ "type": "Feature", "properties": { "OBJECTID": 293, "gridcode": 5, "Shape_Length": 0.0013702959782543414, "Shape_Area": 1.0263467037421008e-08 }, "geometry": { "type": "MultiPolygon", "coordinates": [ [ [ [ 150.585177521000105, -34.988665590999972 ], [ 150.585175404000097, -34.988737665999963 ], [ 150.585186351000061, -34.988737883999931 ], [ 150.585187145000077, -34.988710855999955 ], [ 150.585198093000031, -34.988711072999934 ], [ 150.585198357000081, -34.988702063999938 ], [ 150.585209305000035, -34.988702281999963 ], [ 150.585209834000011, -34.988684262999982 ], [ 150.585220782000079, -34.98868448099995 ], [ 150.585221311000055, -34.988666461999969 ], [ 150.585210364000091, -34.988666243999944 ], [ 150.585210628000027, -34.988657234999948 ], [ 150.585221576000095, -34.988657452999973 ], [ 150.585221841000021, -34.988648442999931 ], [ 150.585210893000067, -34.988648224999963 ], [ 150.585212217000048, -34.988603177999948 ], [ 150.585201269000095, -34.98860295999998 ], [ 150.585201534000021, -34.988593950999984 ], [ 150.585190587000056, -34.988593732999959 ], [ 150.585190851000107, -34.988584723999963 ], [ 150.585179904000029, -34.988584505999938 ], [ 150.585180169000068, -34.988575495999953 ], [ 150.585169221000115, -34.988575277999985 ], [ 150.585170545000096, -34.98853023099997 ], [ 150.585181492000061, -34.988530448999938 ], [ 150.585182022000026, -34.988512429999957 ], [ 150.585192969000104, -34.988512647999983 ], [ 150.58519323400003, -34.98850363899993 ], [ 150.585204181000108, -34.988503856999955 ], [ 150.585204446000034, -34.98849484699997 ], [ 150.585248236000098, -34.988495718999957 ], [ 150.585248500000034, -34.988486708999972 ], [ 150.585270395000066, -34.988487144999965 ], [ 150.585270660000106, -34.98847813499998 ], [ 150.58528160700007, -34.988478352999948 ], [ 150.585282137000036, -34.988460333999967 ], [ 150.585293084000114, -34.988460551999935 ], [ 150.58529334900004, -34.98845154299994 ], [ 150.585304296000118, -34.988451760999965 ], [ 150.585304826000083, -34.988433741999984 ], [ 150.585315773000048, -34.988433959999952 ], [ 150.585316567000064, -34.988406930999929 ], [ 150.585305620000099, -34.98840671399995 ], [ 150.585306149000075, -34.988388694999969 ], [ 150.585295202000111, -34.988388476999944 ], [ 150.585295467000037, -34.988379467999948 ], [ 150.585317361000079, -34.988379902999952 ], [ 150.585317626000119, -34.988370893999956 ], [ 150.585328574000073, -34.988371111999982 ], [ 150.585328838, -34.98836210199994 ], [ 150.585285049000049, -34.988361230999942 ], [ 150.585284784, -34.988370239999938 ], [ 150.585273837000045, -34.98837002199997 ], [ 150.585273572000119, -34.988379031999955 ], [ 150.585262624000052, -34.98837881399993 ], [ 150.585262360000115, -34.988387822999982 ], [ 150.585284255000033, -34.988388258999976 ], [ 150.585283990000107, -34.988397268999961 ], [ 150.585294937000072, -34.98839748599994 ], [ 150.585293614000079, -34.988442532999954 ], [ 150.585282666000012, -34.988442315999976 ], [ 150.585282402000075, -34.988451324999971 ], [ 150.585271454000122, -34.988451106999946 ], [ 150.585270925000032, -34.988469125999984 ], [ 150.585259977000078, -34.988468907999959 ], [ 150.585259713000028, -34.988477917999944 ], [ 150.585204976000114, -34.988476827999932 ], [ 150.585204711000074, -34.988485837999974 ], [ 150.585182816000042, -34.988485401999981 ], [ 150.585182551000116, -34.988494410999976 ], [ 150.585171604000038, -34.988494193999941 ], [ 150.585171339000112, -34.988503202999937 ], [ 150.585160392000034, -34.988502984999968 ], [ 150.585160127000108, -34.988511994999953 ], [ 150.58514918000003, -34.988511776999928 ], [ 150.585147326000083, -34.988574842999981 ], [ 150.585158274000037, -34.988575060999949 ], [ 150.585158009000111, -34.988584069999945 ], [ 150.585168957000064, -34.98858428799997 ], [ 150.585168692000025, -34.988593296999966 ], [ 150.585179639000103, -34.988593514999934 ], [ 150.585178845000087, -34.988620542999968 ], [ 150.58518979300004, -34.988620760999936 ], [ 150.585188469000059, -34.988665807999951 ], [ 150.585177521000105, -34.988665590999972 ] ] ] ] } },
{ "type": "Feature", "properties": { "OBJECTID": 296, "gridcode": 5, "Shape_Length": 5.7952896944357861e-05, "Shape_Area": 1.9737843285628904e-10 }, "geometry": { "type": "MultiPolygon", "coordinates": [ [ [ [ 150.585186351000061, -34.988737883999931 ], [ 150.585185822000085, -34.988755902999969 ], [ 150.585196769000049, -34.988756120999938 ], [ 150.585197299000015, -34.988738101999957 ], [ 150.585186351000061, -34.988737883999931 ] ] ] ] } },
{ "type": "Feature", "properties": { "OBJECTID": 297, "gridcode": 5, "Shape_Length": 5.7951867897483971e-05, "Shape_Area": 1.9736931548937118e-10 }, "geometry": { "type": "MultiPolygon", "coordinates": [ [ [ [ 150.585174080000115, -34.988782712999978 ], [ 150.585173551000025, -34.988800731999959 ], [ 150.585184498000103, -34.988800949999984 ], [ 150.58518502700008, -34.988782930999946 ], [ 150.585174080000115, -34.988782712999978 ] ] ] ] } },
{ "type": "Feature", "properties": { "OBJECTID": 299, "gridcode": 5, "Shape_Length": 3.9926084318615021e-05, "Shape_Area": 9.8689030029166136e-11 }, "geometry": { "type": "MultiPolygon", "coordinates": [ [ [ [ 150.58517302100006, -34.98881875099994 ], [ 150.585173286000099, -34.988809740999955 ], [ 150.585162338000032, -34.988809523999976 ], [ 150.585162074000095, -34.988818532999971 ], [ 150.58517302100006, -34.98881875099994 ] ] ] ] } },
{ "type": "Feature", "properties": { "OBJECTID": 303, "gridcode": 5, "Shape_Length": 5.795187764010225e-05, "Shape_Area": 1.9737269545360757e-10 }, "geometry": { "type": "MultiPolygon", "coordinates": [ [ [ [ 150.585150861000102, -34.988827324999932 ], [ 150.585150332000012, -34.98884534299998 ], [ 150.58516127900009, -34.988845560999948 ], [ 150.585161809000056, -34.988827541999967 ], [ 150.585150861000102, -34.988827324999932 ] ] ] ] } },
{ "type": "Feature", "properties": { "OBJECTID": 306, "gridcode": 5, "Shape_Length": 9.4006433777570633e-05, "Shape_Area": 3.9476888311633047e-10 }, "geometry": { "type": "MultiPolygon", "coordinates": [ [ [ [ 150.585150067000086, -34.988854352999965 ], [ 150.58514900800003, -34.988890390999984 ], [ 150.585159956000098, -34.988890607999963 ], [ 150.58516101500004, -34.988854570999933 ], [ 150.585150067000086, -34.988854352999965 ] ] ] ] } },
{ "type": "Feature", "properties": { "OBJECTID": 307, "gridcode": 5, "Shape_Length": 3.9925104626253226e-05, "Shape_Area": 9.8683688600675863e-11 }, "geometry": { "type": "MultiPolygon", "coordinates": [ [ [ [ 150.585170374000086, -34.988908844999969 ], [ 150.585170638000022, -34.988899835999973 ], [ 150.585159691000058, -34.988899617999948 ], [ 150.585159426000018, -34.988908626999944 ], [ 150.585170374000086, -34.988908844999969 ] ] ] ] } },
{ "type": "Feature", "properties": { "OBJECTID": 310, "gridcode": 5, "Shape_Length": 3.9926084378006457e-05, "Shape_Area": 9.8689030347830345e-11 }, "geometry": { "type": "MultiPolygon", "coordinates": [ [ [ [ 150.587863190000121, -34.988971419999984 ], [ 150.587863454000058, -34.988962409999942 ], [ 150.587852507000093, -34.988962192999963 ], [ 150.587852242000054, -34.988971201999959 ], [ 150.587863190000121, -34.988971419999984 ] ] ] ] } },
{ "type": "Feature", "properties": { "OBJECTID": 313, "gridcode": 5, "Shape_Length": 3.9924134179338152e-05, "Shape_Area": 9.8679293132111214e-11 }, "geometry": { "type": "MultiPolygon", "coordinates": [ [ [ [ 150.585191474000112, -34.988936308999939 ], [ 150.585191739000038, -34.988927299999943 ], [ 150.585180792000074, -34.988927081999975 ], [ 150.585180527000034, -34.988936090999971 ], [ 150.585191474000112, -34.988936308999939 ] ] ] ] } },
{ "type": "Feature", "properties": { "OBJECTID": 318, "gridcode": 5, "Shape_Length": 3.9926084320055763e-05, "Shape_Area": 9.8689030029166136e-11 }, "geometry": { "type": "MultiPolygon", "coordinates": [ [ [ [ 150.58520189300009, -34.988954545999945 ], [ 150.585202157000026, -34.98894553599996 ], [ 150.585191210000062, -34.988945318999981 ], [ 150.585190945000022, -34.988954327999977 ], [ 150.58520189300009, -34.988954545999945 ] ] ] ] } },
{ "type": "Feature", "properties": { "OBJECTID": 340, "gridcode": 5, "Shape_Length": 0.00043143693248690447, "Shape_Area": 2.5659115335728229e-09 }, "geometry": { "type": "MultiPolygon", "coordinates": [ [ [ [ 150.587750806000031, -34.989068346999943 ], [ 150.587750277000055, -34.989086365999981 ], [ 150.587761224000019, -34.989086583999949 ], [ 150.587761489000059, -34.989077573999964 ], [ 150.587772436000023, -34.989077791999932 ], [ 150.587772701000063, -34.989068782999937 ], [ 150.587783648000027, -34.989069 ], [ 150.587783913000067, -34.989059990999976 ], [ 150.587794860000031, -34.989060207999955 ], [ 150.587795125000071, -34.98905119899996 ], [ 150.587806072000035, -34.989051416999985 ], [ 150.587806337000075, -34.989042406999943 ], [ 150.587817284000039, -34.989042624999968 ], [ 150.587817549000079, -34.989033614999983 ], [ 150.587828496000043, -34.989033832999951 ], [ 150.587829025000019, -34.98901581399997 ], [ 150.587839973000087, -34.989016031999938 ], [ 150.587840237000023, -34.989007021999953 ], [ 150.58785118500009, -34.989007239999978 ], [ 150.587852242000054, -34.988971201999959 ], [ 150.587841295000089, -34.988970983999934 ], [ 150.587840766000113, -34.988989002999972 ], [ 150.587829818000046, -34.988988785999936 ], [ 150.587829554000109, -34.988997794999932 ], [ 150.587818606000042, -34.988997576999964 ], [ 150.587818342000105, -34.989006586999949 ], [ 150.587807395000027, -34.989006368999981 ], [ 150.587806866000051, -34.989024387999962 ], [ 150.587795918000097, -34.989024170999983 ], [ 150.587795389000121, -34.989042188999974 ], [ 150.587784442000043, -34.989041971999939 ], [ 150.587784177000117, -34.989050980999934 ], [ 150.587773230000039, -34.989050763999956 ], [ 150.587772965000113, -34.989059772999951 ], [ 150.587762018000035, -34.989059554999983 ], [ 150.587761753000109, -34.989068564999968 ], [ 150.587750806000031, -34.989068346999943 ] ] ] ] } },
{ "type": "Feature", "properties": { "OBJECTID": 341, "gridcode": 5, "Shape_Length": 3.9926084322301227e-05, "Shape_Area": 9.8689030044201216e-11 }, "geometry": { "type": "MultiPolygon", "coordinates": [ [ [ [ 150.58777164300011, -34.989104819999966 ], [ 150.587771908000036, -34.98909581099997 ], [ 150.587760960000082, -34.989095592999945 ], [ 150.587760696000032, -34.98910460299993 ], [ 150.58777164300011, -34.989104819999966 ] ] ] ] } },
{ "type": "Feature", "properties": { "OBJECTID": 342, "gridcode": 5, "Shape_Length": 3.992608420972115e-05, "Shape_Area": 9.8689029529398796e-11 }, "geometry": { "type": "MultiPolygon", "coordinates": [ [ [ [ 150.587782326000024, -34.98911404699993 ], [ 150.587782591000064, -34.989105037999934 ], [ 150.58777164300011, -34.989104819999966 ], [ 150.58777137900006, -34.989113829999951 ], [ 150.587782326000024, -34.98911404699993 ] ] ] ] } },
{ "type": "Feature", "properties": { "OBJECTID": 343, "gridcode": 5, "Shape_Length": 3.9926084378006457e-05, "Shape_Area": 9.8689030347830345e-11 }, "geometry": { "type": "MultiPolygon", "coordinates": [ [ [ [ 150.587793009000052, -34.989123273999951 ], [ 150.587793274000092, -34.989114264999955 ], [ 150.587782326000024, -34.98911404699993 ], [ 150.587782062000088, -34.989123056999972 ], [ 150.587793009000052, -34.989123273999951 ] ] ] ] } },
{ "type": "Feature", "properties": { "OBJECTID": 347, "gridcode": 5, "Shape_Length": 0.00022152770344899522, "Shape_Area": 1.085553171628855e-09 }, "geometry": { "type": "MultiPolygon", "coordinates": [ [ [ [ 150.587726795000094, -34.989139987999977 ], [ 150.587726002000068, -34.989167015999953 ], [ 150.587736949000032, -34.989167232999932 ], [ 150.587737478000122, -34.989149214999941 ], [ 150.587748426000076, -34.989149431999977 ], [ 150.587748690000012, -34.989140422999981 ], [ 150.58775963800008, -34.98914063999996 ], [ 150.58775937300004, -34.989149649999945 ], [ 150.587781268000072, -34.989150084999949 ], [ 150.587781533000111, -34.989141075999953 ], [ 150.587792480000076, -34.989141292999932 ], [ 150.587792745000115, -34.989132283999936 ], [ 150.587738007000098, -34.98913119599996 ], [ 150.587737743000048, -34.989140204999956 ], [ 150.587726795000094, -34.989139987999977 ] ] ] ] } },
{ "type": "Feature", "properties": { "OBJECTID": 350, "gridcode": 5, "Shape_Length": 3.9927103633444354e-05, "Shape_Area": 9.8694635485150183e-11 }, "geometry": { "type": "MultiPolygon", "coordinates": [ [ [ [ 150.587932947000013, -34.989207188999956 ], [ 150.587933212000053, -34.98919817899997 ], [ 150.587922264000099, -34.989197960999945 ], [ 150.587922, -34.98920697099993 ], [ 150.587932947000013, -34.989207188999956 ] ] ] ] } },
{ "type": "Feature", "properties": { "OBJECTID": 351, "gridcode": 5, "Shape_Length": 9.4006365360368364e-05, "Shape_Area": 3.9475654080701207e-10 }, "geometry": { "type": "MultiPolygon", "coordinates": [ [ [ [ 150.587715054000114, -34.989166797999928 ], [ 150.587713997000037, -34.989202835999947 ], [ 150.587724944000115, -34.989203053999972 ], [ 150.587726002000068, -34.989167015999953 ], [ 150.587715054000114, -34.989166797999928 ] ] ] ] } },
{ "type": "Feature", "properties": { "OBJECTID": 352, "gridcode": 5, "Shape_Length": 3.9926084208280564e-05, "Shape_Area": 9.8689029529398796e-11 }, "geometry": { "type": "MultiPolygon", "coordinates": [ [ [ [ 150.587735627000029, -34.989212280999936 ], [ 150.587735892000069, -34.989203270999951 ], [ 150.587724944000115, -34.989203053999972 ], [ 150.587724680000065, -34.989212062999968 ], [ 150.587735627000029, -34.989212280999936 ] ] ] ] } },
{ "type": "Feature", "properties": { "OBJECTID": 353, "gridcode": 5, "Shape_Length": 3.9926084376565627e-05, "Shape_Area": 9.8689030347830345e-11 }, "geometry": { "type": "MultiPolygon", "coordinates": [ [ [ [ 150.58774604600012, -34.989230516999953 ], [ 150.587746310000057, -34.989221507999957 ], [ 150.587735363000093, -34.989221289999932 ], [ 150.587735098000053, -34.989230299999974 ], [ 150.58774604600012, -34.989230516999953 ] ] ] ] } },
{ "type": "Feature", "properties": { "OBJECTID": 354, "gridcode": 5, "Shape_Length": 3.992608432086081e-05, "Shape_Area": 9.8689030044201216e-11 }, "geometry": { "type": "MultiPolygon", "coordinates": [ [ [ [ 150.587756464000108, -34.989248753999959 ], [ 150.587756729000034, -34.989239743999974 ], [ 150.587745781000081, -34.989239526999938 ], [ 150.58774551700003, -34.989248535999934 ], [ 150.587756464000108, -34.989248753999959 ] ] ] ] } },
{ "type": "Feature", "properties": { "OBJECTID": 356, "gridcode": 5, "Shape_Length": 3.9926084318615021e-05, "Shape_Area": 9.8689030029166136e-11 }, "geometry": { "type": "MultiPolygon", "coordinates": [ [ [ [ 150.587821356000063, -34.989277087999938 ], [ 150.587821621000103, -34.989268077999952 ], [ 150.587810673000035, -34.989267860999973 ], [ 150.587810409000099, -34.989276869999969 ], [ 150.587821356000063, -34.989277087999938 ] ] ] ] } },
{ "type": "Feature", "properties": { "OBJECTID": 357, "gridcode": 5, "Shape_Length": 0.00030138680245487079, "Shape_Area": 1.3816350101630306e-09 }, "geometry": { "type": "MultiPolygon", "coordinates": [ [ [ [ 150.587832568000067, -34.989268295999977 ], [ 150.587865411000053, -34.98926894899995 ], [ 150.587865675000103, -34.989259938999965 ], [ 150.587876623000056, -34.989260156999933 ], [ 150.587876887000107, -34.989251147999937 ], [ 150.58788783500006, -34.989251364999973 ], [ 150.587888099000111, -34.989242355999977 ], [ 150.587899047000064, -34.989242572999956 ], [ 150.587899311000115, -34.98923356399996 ], [ 150.587910259000068, -34.989233781999928 ], [ 150.587910523000119, -34.989224771999943 ], [ 150.587921471000072, -34.989224989999968 ], [ 150.587922, -34.98920697099993 ], [ 150.587911052000095, -34.989206752999962 ], [ 150.587910788000045, -34.989215762999947 ], [ 150.587899840000091, -34.989215544999979 ], [ 150.587899576000041, -34.989224554999964 ], [ 150.587888628000087, -34.989224336999939 ], [ 150.587888364000037, -34.989233345999935 ], [ 150.587877416000083, -34.989233128999956 ], [ 150.587877152000033, -34.989242137999952 ], [ 150.587866204000079, -34.989241920999973 ], [ 150.587865940000029, -34.989250929999969 ], [ 150.587854992000075, -34.989250711999944 ], [ 150.587854728000025, -34.989259721999929 ], [ 150.587832833000107, -34.989259286999982 ], [ 150.587832568000067, -34.989268295999977 ] ] ] ] } },
{ "type": "Feature", "properties": { "OBJECTID": 358, "gridcode": 5, "Shape_Length": 3.9926084320873252e-05, "Shape_Area": 9.8689030044201216e-11 }, "geometry": { "type": "MultiPolygon", "coordinates": [ [ [ [ 150.587810144000059, -34.989285879999954 ], [ 150.587810409000099, -34.989276869999969 ], [ 150.587799461000031, -34.989276652999934 ], [ 150.587799197000095, -34.989285661999929 ], [ 150.587810144000059, -34.989285879999954 ] ] ] ] } },
{ "type": "Feature", "properties": { "OBJECTID": 360, "gridcode": 5, "Shape_Length": 5.7952798754957172e-05, "Shape_Area": 1.9737768841272844e-10 }, "geometry": { "type": "MultiPolygon", "coordinates": [ [ [ [ 150.587755935000018, -34.98926677299994 ], [ 150.587755407000031, -34.989284791999978 ], [ 150.587766354000109, -34.989285008999957 ], [ 150.587766883000086, -34.989266989999976 ], [ 150.587755935000018, -34.98926677299994 ] ] ] ] } },
{ "type": "Feature", "properties": { "OBJECTID": 361, "gridcode": 5, "Shape_Length": 3.992608421197938e-05, "Shape_Area": 9.868902954443389e-11 }, "geometry": { "type": "MultiPolygon", "coordinates": [ [ [ [ 150.587777037000023, -34.989294235999978 ], [ 150.587777302000063, -34.989285226999982 ], [ 150.587766354000109, -34.989285008999957 ], [ 150.587766090000059, -34.989294018999942 ], [ 150.587777037000023, -34.989294235999978 ] ] ] ] } },
{ "type": "Feature", "properties": { "OBJECTID": 363, "gridcode": 5, "Shape_Length": 5.7953867590246978e-05, "Shape_Area": 1.9738733531069216e-10 }, "geometry": { "type": "MultiPolygon", "coordinates": [ [ [ [ 150.587788249000027, -34.989285443999961 ], [ 150.587787720000051, -34.989303462999942 ], [ 150.587798668000119, -34.989303680999967 ], [ 150.587799197000095, -34.989285661999929 ], [ 150.587788249000027, -34.989285443999961 ] ] ] ] } },
{ "type": "Feature", "properties": { "OBJECTID": 364, "gridcode": 5, "Shape_Length": 3.9927054768766466e-05, "Shape_Area": 9.8693425997691802e-11 }, "geometry": { "type": "MultiPolygon", "coordinates": [ [ [ [ 150.58780855800012, -34.989339935999965 ], [ 150.587808822000056, -34.989330926999969 ], [ 150.587797874000103, -34.989330708999944 ], [ 150.587797610000052, -34.989339718999929 ], [ 150.58780855800012, -34.989339935999965 ] ] ] ] } },
{ "type": "Feature", "properties": { "OBJECTID": 512, "gridcode": 5, "Shape_Length": 3.9929153028351923e-05, "Shape_Area": 9.8702918725522477e-11 }, "geometry": { "type": "MultiPolygon", "coordinates": [ [ [ [ 150.583452161000082, -34.997050958999978 ], [ 150.583452426000122, -34.997041948999936 ], [ 150.583441477000065, -34.997041730999968 ], [ 150.583441212000025, -34.997050739999963 ], [ 150.583452161000082, -34.997050958999978 ] ] ] ] } },
{ "type": "Feature", "properties": { "OBJECTID": 513, "gridcode": 5, "Shape_Length": 7.5979719399508157e-05, "Shape_Area": 2.9607585280451481e-10 }, "geometry": { "type": "MultiPolygon", "coordinates": [ [ [ [ 150.583452161000082, -34.997050958999978 ], [ 150.583451366000077, -34.997077986999955 ], [ 150.58346231400003, -34.99707820499998 ], [ 150.583463109000036, -34.997051176999946 ], [ 150.583452161000082, -34.997050958999978 ] ] ] ] } },
{ "type": "Feature", "properties": { "OBJECTID": 514, "gridcode": 5, "Shape_Length": 5.7955925860117716e-05, "Shape_Area": 1.9740557179158191e-10 }, "geometry": { "type": "MultiPolygon", "coordinates": [ [ [ [ 150.58346231400003, -34.99707820499998 ], [ 150.583461784000065, -34.997096223999961 ], [ 150.583472733000121, -34.997096441999929 ], [ 150.583473263000087, -34.997078422999948 ], [ 150.58346231400003, -34.99707820499998 ] ] ] ] } },
{ "type": "Feature", "properties": { "OBJECTID": 515, "gridcode": 5, "Shape_Length": 3.9927153272704057e-05, "Shape_Area": 9.8693908477538933e-11 }, "geometry": { "type": "MultiPolygon", "coordinates": [ [ [ [ 150.58348315100011, -34.997114678999935 ], [ 150.583483416000036, -34.99710566899995 ], [ 150.583472468000082, -34.997105450999982 ], [ 150.583472203000042, -34.997114459999977 ], [ 150.58348315100011, -34.997114678999935 ] ] ] ] } },
{ "type": "Feature", "properties": { "OBJECTID": 516, "gridcode": 5, "Shape_Length": 3.99281334022309e-05, "Shape_Area": 9.8697311260276268e-11 }, "geometry": { "type": "MultiPolygon", "coordinates": [ [ [ [ 150.583493570000087, -34.997132914999952 ], [ 150.583493835000013, -34.997123905999956 ], [ 150.58348288600007, -34.997123687999931 ], [ 150.58348262100003, -34.997132696999984 ], [ 150.583493570000087, -34.997132914999952 ] ] ] ] } },
{ "type": "Feature", "properties": { "OBJECTID": 517, "gridcode": 5, "Shape_Length": 3.9930132460815095e-05, "Shape_Area": 9.8708259840828651e-11 }, "geometry": { "type": "MultiPolygon", "coordinates": [ [ [ [ 150.583514672000092, -34.997160379999968 ], [ 150.583514937000018, -34.997151369999983 ], [ 150.583503988000075, -34.997151151999958 ], [ 150.583503723000035, -34.997160161999943 ], [ 150.583514672000092, -34.997160379999968 ] ] ] ] } },
{ "type": "Feature", "properties": { "OBJECTID": 524, "gridcode": 5, "Shape_Length": 3.9926133764036452e-05, "Shape_Area": 9.8688302051896729e-11 }, "geometry": { "type": "MultiPolygon", "coordinates": [ [ [ [ 150.583601730000055, -34.99718014299998 ], [ 150.583601995000095, -34.997171133999984 ], [ 150.583591047000027, -34.997170915999959 ], [ 150.583590782000101, -34.997179924999955 ], [ 150.583601730000055, -34.99718014299998 ] ] ] ] } },
{ "type": "Feature", "properties": { "OBJECTID": 530, "gridcode": 5, "Shape_Length": 8.3730813298116583e-05, "Shape_Area": 2.961067592079736e-10 }, "geometry": { "type": "MultiPolygon", "coordinates": [ [ [ [ 150.58354698800008, -34.997179052999968 ], [ 150.583579833000044, -34.99717970699993 ], [ 150.583580098000084, -34.997170696999945 ], [ 150.58354725300012, -34.997170042999983 ], [ 150.58354698800008, -34.997179052999968 ] ] ] ] } },
{ "type": "Feature", "properties": { "OBJECTID": 533, "gridcode": 5, "Shape_Length": 3.9926133653714801e-05, "Shape_Area": 9.8688301552186233e-11 }, "geometry": { "type": "MultiPolygon", "coordinates": [ [ [ [ 150.583623362000026, -34.997189587999969 ], [ 150.583623627000065, -34.997180578999973 ], [ 150.583612679000112, -34.997180360999948 ], [ 150.583612414000072, -34.997189369999944 ], [ 150.583623362000026, -34.997189587999969 ] ] ] ] } },
{ "type": "Feature", "properties": { "OBJECTID": 551, "gridcode": 5, "Shape_Length": 0.00053070798366143665, "Shape_Area": 5.1325649215512766e-09 }, "geometry": { "type": "MultiPolygon", "coordinates": [ [ [ [ 150.579974459000027, -35.002426502999981 ], [ 150.579974193000112, -35.002435511999977 ], [ 150.579985142000055, -35.002435730999935 ], [ 150.579985408000084, -35.002426720999949 ], [ 150.580007306000084, -35.002427157999932 ], [ 150.580007572000113, -35.002418148999936 ], [ 150.580018521000056, -35.002418366999962 ], [ 150.580018256000017, -35.002427375999957 ], [ 150.580029205000073, -35.002427594999972 ], [ 150.580029470000113, -35.00241858499993 ], [ 150.580040419000056, -35.002418803999944 ], [ 150.580040154000017, -35.00242781299994 ], [ 150.580051103000073, -35.002428031999955 ], [ 150.580051369000103, -35.00241902199997 ], [ 150.580062318000046, -35.002419240999984 ], [ 150.580062052000017, -35.00242824999998 ], [ 150.580073002000063, -35.002428467999948 ], [ 150.580073267000103, -35.002419458999952 ], [ 150.580128013000035, -35.002420550999943 ], [ 150.580128279000064, -35.002411541999948 ], [ 150.580139228000121, -35.002411759999973 ], [ 150.580139493000047, -35.002402750999977 ], [ 150.580128544000104, -35.002402531999962 ], [ 150.580129075000059, -35.002384513999971 ], [ 150.580052430000023, -35.00238298499994 ], [ 150.580052165000097, -35.002391993999936 ], [ 150.580041216000041, -35.002391775999968 ], [ 150.58004148100008, -35.002382765999982 ], [ 150.580030532000023, -35.002382547999957 ], [ 150.580030001000068, -35.002400566999938 ], [ 150.579997153000022, -35.002399910999941 ], [ 150.579996888000096, -35.002408920999983 ], [ 150.579974990000096, -35.002408483999943 ], [ 150.579974724000067, -35.002417492999939 ], [ 150.57996377500001, -35.002417274999971 ], [ 150.579963509000095, -35.002426283999966 ], [ 150.579974459000027, -35.002426502999981 ] ] ] ] } },
{ "type": "Feature", "properties": { "OBJECTID": 562, "gridcode": 5, "Shape_Length": 6.1832522133524568e-05, "Shape_Area": 1.9741042622129552e-10 }, "geometry": { "type": "MultiPolygon", "coordinates": [ [ [ [ 150.579853287000105, -35.002820730999929 ], [ 150.579875185000105, -35.002821167999969 ], [ 150.579875451000021, -35.002812157999983 ], [ 150.579853552000031, -35.002811721999933 ], [ 150.579853287000105, -35.002820730999929 ] ] ] ] } },
{ "type": "Feature", "properties": { "OBJECTID": 564, "gridcode": 5, "Shape_Length": 3.9929152745336219e-05, "Shape_Area": 9.8702917397603376e-11 }, "geometry": { "type": "MultiPolygon", "coordinates": [ [ [ [ 150.579940350000015, -35.002840496999966 ], [ 150.579940615000055, -35.00283148799997 ], [ 150.579929666000112, -35.002831268999955 ], [ 150.579929401000072, -35.00284027899994 ], [ 150.579940350000015, -35.002840496999966 ] ] ] ] } },
{ "type": "Feature", "properties": { "OBJECTID": 570, "gridcode": 5, "Shape_Length": 7.9857345010237249e-05, "Shape_Area": 2.9610786949770346e-10 }, "geometry": { "type": "MultiPolygon", "coordinates": [ [ [ [ 150.580459812000072, -35.003058194999937 ], [ 150.580459281000117, -35.003076213999975 ], [ 150.58047023000006, -35.003076431999943 ], [ 150.580470496000089, -35.003067422999948 ], [ 150.580481445000032, -35.003067640999973 ], [ 150.580481710000072, -35.003058631999977 ], [ 150.580459812000072, -35.003058194999937 ] ] ] ] } },
{ "type": "Feature", "properties": { "OBJECTID": 572, "gridcode": 5, "Shape_Length": 6.1832522140313327e-05, "Shape_Area": 1.9741042625582791e-10 }, "geometry": { "type": "MultiPolygon", "coordinates": [ [ [ [ 150.580310570000051, -35.00328959999996 ], [ 150.580332469000041, -35.003290036999942 ], [ 150.580332734000081, -35.003281026999957 ], [ 150.580310836000081, -35.003280590999964 ], [ 150.580310570000051, -35.00328959999996 ] ] ] ] } },
{ "type": "Feature", "properties": { "OBJECTID": 574, "gridcode": 5, "Shape_Length": 6.1833492467476862e-05, "Shape_Area": 1.9741471266087331e-10 }, "geometry": { "type": "MultiPolygon", "coordinates": [ [ [ [ 150.580376001000104, -35.003299919999961 ], [ 150.580397900000094, -35.003300355999954 ], [ 150.58039816500002, -35.003291346999958 ], [ 150.58037626600003, -35.003290909999976 ], [ 150.580376001000104, -35.003299919999961 ] ] ] ] } },
{ "type": "Feature", "properties": { "OBJECTID": 575, "gridcode": 5, "Shape_Length": 3.9929162712272641e-05, "Shape_Area": 9.8701924932333807e-11 }, "geometry": { "type": "MultiPolygon", "coordinates": [ [ [ [ 150.580561078000073, -35.003339668999956 ], [ 150.580561344000103, -35.003330659999961 ], [ 150.580550394000056, -35.003330441999935 ], [ 150.580550129000017, -35.003339450999931 ], [ 150.580561078000073, -35.003339668999956 ] ] ] ] } },
{ "type": "Feature", "properties": { "OBJECTID": 576, "gridcode": 5, "Shape_Length": 0.00028726222111690467, "Shape_Area": 2.3689003740186338e-09 }, "geometry": { "type": "MultiPolygon", "coordinates": [ [ [ [ 150.5812060290001, -35.00338858799995 ], [ 150.581227928000089, -35.003389024999933 ], [ 150.581228724000084, -35.003361996999956 ], [ 150.581217774000038, -35.003361778999931 ], [ 150.581218040000067, -35.003352768999946 ], [ 150.581196141000078, -35.003352332999953 ], [ 150.581196406000117, -35.003343322999967 ], [ 150.581141659000082, -35.003342231999966 ], [ 150.581141394000042, -35.003351240999962 ], [ 150.581130445000099, -35.003351022999937 ], [ 150.58113017900007, -35.003360031999932 ], [ 150.581173977000049, -35.003360904999965 ], [ 150.581173711000019, -35.003369914999951 ], [ 150.581184661000066, -35.003370132999976 ], [ 150.581184396000026, -35.003379141999972 ], [ 150.581206294000026, -35.003379578999954 ], [ 150.5812060290001, -35.00338858799995 ] ] ] ] } },
{ "type": "Feature", "properties": { "OBJECTID": 577, "gridcode": 5, "Shape_Length": 3.9930182158233273e-05, "Shape_Area": 9.8707532152181688e-11 }, "geometry": { "type": "MultiPolygon", "coordinates": [ [ [ [ 150.580975562000049, -35.003402022999978 ], [ 150.580975827000088, -35.003393012999936 ], [ 150.580964878000032, -35.003392794999968 ], [ 150.580964612000116, -35.003401803999964 ], [ 150.580975562000049, -35.003402022999978 ] ] ] ] } },
{ "type": "Feature", "properties": { "OBJECTID": 578, "gridcode": 5, "Shape_Length": 3.9929162710009633e-05, "Shape_Area": 9.8701924917241871e-11 }, "geometry": { "type": "MultiPolygon", "coordinates": [ [ [ [ 150.580986246000066, -35.003411249999942 ], [ 150.580986511000106, -35.003402240999947 ], [ 150.580975562000049, -35.003402022999978 ], [ 150.58097529600002, -35.003411031999974 ], [ 150.580986246000066, -35.003411249999942 ] ] ] ] } },
{ "type": "Feature", "properties": { "OBJECTID": 579, "gridcode": 5, "Shape_Length": 0.00075866393873477256, "Shape_Area": 1.4904431578742531e-08 }, "geometry": { "type": "MultiPolygon", "coordinates": [ [ [ [ 150.581610094000098, -35.003432701999941 ], [ 150.581609829000058, -35.003441711999983 ], [ 150.581620779000104, -35.003441929999951 ], [ 150.58162130900007, -35.00342391099997 ], [ 150.581632258000013, -35.003424129999985 ], [ 150.581633054000122, -35.003397100999962 ], [ 150.581654953000111, -35.003397537999945 ], [ 150.581655483000077, -35.003379518999964 ], [ 150.581666433, -35.003379736999932 ], [ 150.581666963000089, -35.00336171899994 ], [ 150.581656014000032, -35.003361499999983 ], [ 150.581656810000027, -35.003334471999949 ], [ 150.581689658000073, -35.003335126999957 ], [ 150.581690454000068, -35.00330809899998 ], [ 150.581679504000022, -35.003307880999955 ], [ 150.581679770000051, -35.00329887099997 ], [ 150.581635972000072, -35.003297997999937 ], [ 150.581635442000106, -35.003316016999975 ], [ 150.581646391000049, -35.003316234999943 ], [ 150.581645860000094, -35.003334253999981 ], [ 150.581623962000094, -35.00333381799993 ], [ 150.58162422700002, -35.003324807999945 ], [ 150.581602328000031, -35.003324371999952 ], [ 150.581602593000071, -35.003315361999967 ], [ 150.581558796000081, -35.003314488999933 ], [ 150.581559061000121, -35.003305479999938 ], [ 150.581515264000018, -35.003304606999961 ], [ 150.581514733000063, -35.003322624999953 ], [ 150.58150378400012, -35.003322406999985 ], [ 150.58150351900008, -35.00333141699997 ], [ 150.581514468000023, -35.003331634999938 ], [ 150.581513407000102, -35.003367671999968 ], [ 150.581524356000045, -35.003367890999982 ], [ 150.58152382600008, -35.003385908999974 ], [ 150.581534775000023, -35.003386127999931 ], [ 150.581534510000097, -35.003395136999984 ], [ 150.58154545900004, -35.003395354999952 ], [ 150.581545194000114, -35.003404364999938 ], [ 150.581567093000103, -35.003404800999931 ], [ 150.581566827000074, -35.003413810999973 ], [ 150.581588726000064, -35.003414246999967 ], [ 150.581588196000098, -35.003432265999948 ], [ 150.581610094000098, -35.003432701999941 ] ] ] ] } },
{ "type": "Feature", "properties": { "OBJECTID": 581, "gridcode": 5, "Shape_Length": 5.7956955079488429e-05, "Shape_Area": 1.9741469019512477e-10 }, "geometry": { "type": "MultiPolygon", "coordinates": [ [ [ [ 150.581083463000027, -35.003458261999981 ], [ 150.581082933000062, -35.003476280999962 ], [ 150.581093882000118, -35.00347649899993 ], [ 150.581094413000073, -35.003458479999949 ], [ 150.581083463000027, -35.003458261999981 ] ] ] ] } },
{ "type": "Feature", "properties": { "OBJECTID": 583, "gridcode": 5, "Shape_Length": 3.9928133233958847e-05, "Shape_Area": 9.8697310441844719e-11 }, "geometry": { "type": "MultiPolygon", "coordinates": [ [ [ [ 150.581126465000011, -35.003486162999934 ], [ 150.581126730000051, -35.003477153999938 ], [ 150.581115781000108, -35.00347693599997 ], [ 150.581115516000068, -35.003485944999966 ], [ 150.581126465000011, -35.003486162999934 ] ] ] ] } },
{ "type": "Feature", "properties": { "OBJECTID": 584, "gridcode": 5, "Shape_Length": 3.9929152911345332e-05, "Shape_Area": 9.8702918200971411e-11 }, "geometry": { "type": "MultiPolygon", "coordinates": [ [ [ [ 150.581081606000112, -35.003521327999977 ], [ 150.581081871000038, -35.003512317999935 ], [ 150.581070922000094, -35.003512099999966 ], [ 150.581070657000055, -35.003521108999962 ], [ 150.581081606000112, -35.003521327999977 ] ] ] ] } },
{ "type": "Feature", "properties": { "OBJECTID": 587, "gridcode": 5, "Shape_Length": 3.9929162712272641e-05, "Shape_Area": 9.8701924932333807e-11 }, "geometry": { "type": "MultiPolygon", "coordinates": [ [ [ [ 150.58185556400008, -35.003653946999975 ], [ 150.581855830000109, -35.003644937999979 ], [ 150.581844880000062, -35.003644719999954 ], [ 150.581844615000023, -35.00365372899995 ], [ 150.58185556400008, -35.003653946999975 ] ] ] ] } },
{ "type": "Feature", "properties": { "OBJECTID": 589, "gridcode": 5, "Shape_Length": 3.9929162595265678e-05, "Shape_Area": 9.870192440783957e-11 }, "geometry": { "type": "MultiPolygon", "coordinates": [ [ [ [ 150.581855034000114, -35.003671965999956 ], [ 150.58185529900004, -35.00366295699996 ], [ 150.581844350000097, -35.003662738999935 ], [ 150.581844084000068, -35.003671747999931 ], [ 150.581855034000114, -35.003671965999956 ] ] ] ] } },
{ "type": "Feature", "properties": { "OBJECTID": 591, "gridcode": 5, "Shape_Length": 7.9861284894929967e-05, "Shape_Area": 2.9611747489583969e-10 }, "geometry": { "type": "MultiPolygon", "coordinates": [ [ [ [ 150.581822716000033, -35.003653292999957 ], [ 150.581822186000068, -35.003671311999938 ], [ 150.581833135000011, -35.003671529999963 ], [ 150.58183340000005, -35.003662519999978 ], [ 150.581844350000097, -35.003662738999935 ], [ 150.581844615000023, -35.00365372899995 ], [ 150.581822716000033, -35.003653292999957 ] ] ] ] } },
{ "type": "Feature", "properties": { "OBJECTID": 596, "gridcode": 5, "Shape_Length": 3.9931161761957827e-05, "Shape_Area": 9.8712874095696466e-11 }, "geometry": { "type": "MultiPolygon", "coordinates": [ [ [ [ 150.581568758000117, -35.003720347999945 ], [ 150.581569023000043, -35.00371133799996 ], [ 150.5815580740001, -35.003711119999934 ], [ 150.581557808000071, -35.003720129999977 ], [ 150.581568758000117, -35.003720347999945 ] ] ] ] } },
{ "type": "Feature", "properties": { "OBJECTID": 597, "gridcode": 5, "Shape_Length": 3.9929162484944021e-05, "Shape_Area": 9.8701923908129087e-11 }, "geometry": { "type": "MultiPolygon", "coordinates": [ [ [ [ 150.58157944200002, -35.003729574999966 ], [ 150.58157970700006, -35.00372056599997 ], [ 150.581568758000117, -35.003720347999945 ], [ 150.581568492000088, -35.003729356999941 ], [ 150.58157944200002, -35.003729574999966 ] ] ] ] } },
{ "type": "Feature", "properties": { "OBJECTID": 598, "gridcode": 5, "Shape_Length": 3.9929152855658039e-05, "Shape_Area": 9.8702917897313873e-11 }, "geometry": { "type": "MultiPolygon", "coordinates": [ [ [ [ 150.581590126000037, -35.003738802999976 ], [ 150.581590391000077, -35.00372979399998 ], [ 150.58157944200002, -35.003729574999966 ], [ 150.581579177000094, -35.003738584999951 ], [ 150.581590126000037, -35.003738802999976 ] ] ] ] } },
{ "type": "Feature", "properties": { "OBJECTID": 600, "gridcode": 5, "Shape_Length": 3.9930182219565343e-05, "Shape_Area": 9.8707532373075217e-11 }, "geometry": { "type": "MultiPolygon", "coordinates": [ [ [ [ 150.581370872000093, -35.003743446999977 ], [ 150.581371138000122, -35.003734437999981 ], [ 150.581360188000076, -35.003734218999966 ], [ 150.581359923000036, -35.003743228999951 ], [ 150.581370872000093, -35.003743446999977 ] ] ] ] } },
{ "type": "Feature", "properties": { "OBJECTID": 603, "gridcode": 5, "Shape_Length": 6.1833492467476862e-05, "Shape_Area": 1.9741471266087331e-10 }, "geometry": { "type": "MultiPolygon", "coordinates": [ [ [ [ 150.581589861000111, -35.003747812999961 ], [ 150.581611760000101, -35.003748248999955 ], [ 150.581612025000027, -35.003739239999959 ], [ 150.581590126000037, -35.003738802999976 ], [ 150.581589861000111, -35.003747812999961 ] ] ] ] } },
{ "type": "Feature", "properties": { "OBJECTID": 604, "gridcode": 5, "Shape_Length": 3.9930182102558746e-05, "Shape_Area": 9.8707531848524138e-11 }, "geometry": { "type": "MultiPolygon", "coordinates": [ [ [ [ 150.581622444000118, -35.003757476999965 ], [ 150.581622709000044, -35.00374846699998 ], [ 150.581611760000101, -35.003748248999955 ], [ 150.581611494000072, -35.003757257999951 ], [ 150.581622444000118, -35.003757476999965 ] ] ] ] } },
{ "type": "Feature", "properties": { "OBJECTID": 605, "gridcode": 5, "Shape_Length": 3.9929162482681013e-05, "Shape_Area": 9.870192389303715e-11 }, "geometry": { "type": "MultiPolygon", "coordinates": [ [ [ [ 150.581633128000021, -35.003766703999929 ], [ 150.581633393000061, -35.003757694999933 ], [ 150.581622444000118, -35.003757476999965 ], [ 150.581622178000089, -35.003766485999961 ], [ 150.581633128000021, -35.003766703999929 ] ] ] ] } },
{ "type": "Feature", "properties": { "OBJECTID": 608, "gridcode": 5, "Shape_Length": 3.9930182219565343e-05, "Shape_Area": 9.8707532373075217e-11 }, "geometry": { "type": "MultiPolygon", "coordinates": [ [ [ [ 150.581632597000066, -35.003784722999967 ], [ 150.581632863000095, -35.003775713999971 ], [ 150.581621913000049, -35.003775494999957 ], [ 150.581621648, -35.003784504999942 ], [ 150.581632597000066, -35.003784722999967 ] ] ] ] } },
{ "type": "Feature", "properties": { "OBJECTID": 609, "gridcode": 5, "Shape_Length": 7.5983777630702433e-05, "Shape_Area": 2.9613012930328045e-10 }, "geometry": { "type": "MultiPolygon", "coordinates": [ [ [ [ 150.581348708000064, -35.003752019999979 ], [ 150.581347912000069, -35.003779047999956 ], [ 150.581358862000116, -35.003779265999981 ], [ 150.58135965800011, -35.003752237999947 ], [ 150.581348708000064, -35.003752019999979 ] ] ] ] } },
{ "type": "Feature", "properties": { "OBJECTID": 612, "gridcode": 5, "Shape_Length": 8.3736861887228118e-05, "Shape_Area": 2.9612233058264549e-10 }, "geometry": { "type": "MultiPolygon", "coordinates": [ [ [ [ 150.581358331000047, -35.003797284999962 ], [ 150.581391180000082, -35.00379793999997 ], [ 150.581391445000122, -35.003788929999985 ], [ 150.581358597000076, -35.003788275999966 ], [ 150.581358331000047, -35.003797284999962 ] ] ] ] } },
{ "type": "Feature", "properties": { "OBJECTID": 614, "gridcode": 5, "Shape_Length": 0.00010176172457911287, "Shape_Area": 3.9481478317345981e-10 }, "geometry": { "type": "MultiPolygon", "coordinates": [ [ [ [ 150.58140159800007, -35.003816176999976 ], [ 150.581401333000031, -35.003825185999972 ], [ 150.581412282000088, -35.00382540499993 ], [ 150.581412813000043, -35.003807385999949 ], [ 150.58137996500011, -35.003806730999941 ], [ 150.581379699000081, -35.003815739999936 ], [ 150.58140159800007, -35.003816176999976 ] ] ] ] } },
{ "type": "Feature", "properties": { "OBJECTID": 618, "gridcode": 5, "Shape_Length": 6.1832522137956461e-05, "Shape_Area": 1.9741042625582791e-10 }, "geometry": { "type": "MultiPolygon", "coordinates": [ [ [ [ 150.581422701000065, -35.003843641999936 ], [ 150.581444600000054, -35.003844077999929 ], [ 150.581444865000094, -35.003835068999933 ], [ 150.581422967000094, -35.00383463199995 ], [ 150.581422701000065, -35.003843641999936 ] ] ] ] } },
{ "type": "Feature", "properties": { "OBJECTID": 626, "gridcode": 5, "Shape_Length": 8.373885169856022e-05, "Shape_Area": 2.9614306486339617e-10 }, "geometry": { "type": "MultiPolygon", "coordinates": [ [ [ [ 150.581496429000026, -35.003944272999945 ], [ 150.581529278000062, -35.003944927999953 ], [ 150.581529543000102, -35.003935917999968 ], [ 150.581496694000066, -35.00393526299996 ], [ 150.581496429000026, -35.003944272999945 ] ] ] ] } },
{ "type": "Feature", "properties": { "OBJECTID": 641, "gridcode": 5, "Shape_Length": 5.795695513743873e-05, "Shape_Area": 1.9741469052140601e-10 }, "geometry": { "type": "MultiPolygon", "coordinates": [ [ [ [ 150.582266945000015, -35.004194011999971 ], [ 150.58226641400006, -35.004212030999952 ], [ 150.582277364000106, -35.004212248999977 ], [ 150.582277894000072, -35.004194229999939 ], [ 150.582266945000015, -35.004194011999971 ] ] ] ] } },
{ "type": "Feature", "properties": { "OBJECTID": 647, "gridcode": 5, "Shape_Length": 0.00013781727002203079, "Shape_Area": 8.8834017485919123e-10 }, "geometry": { "type": "MultiPolygon", "coordinates": [ [ [ [ 150.581781985000021, -35.004292521999957 ], [ 150.581814833000067, -35.004293176999965 ], [ 150.581815629000062, -35.004266148999932 ], [ 150.581804679000015, -35.004265930999964 ], [ 150.581804945000044, -35.004256920999978 ], [ 150.581793995000112, -35.004256702999953 ], [ 150.581793465000032, -35.004274721999934 ], [ 150.5817825150001, -35.004274503999966 ], [ 150.581781985000021, -35.004292521999957 ] ] ] ] } },
{ "type": "Feature", "properties": { "OBJECTID": 650, "gridcode": 5, "Shape_Length": 0.0024562600171783608, "Shape_Area": 4.451634070341408e-08 }, "geometry": { "type": "MultiPolygon", "coordinates": [ [ [ [ 150.582098989000087, -35.004316869999968 ], [ 150.582098724000048, -35.004325878999964 ], [ 150.582109674000094, -35.004326097999979 ], [ 150.58211020400006, -35.004308078999941 ], [ 150.582099255000117, -35.004307860999972 ], [ 150.582099520000043, -35.00429885099993 ], [ 150.58208857000011, -35.004298632999962 ], [ 150.582088836000025, -35.004289623999966 ], [ 150.582077886000093, -35.004289404999952 ], [ 150.582078151000019, -35.004280395999956 ], [ 150.582067202000076, -35.004280177999931 ], [ 150.582067732000041, -35.00426215899995 ], [ 150.582045833000052, -35.004261722999956 ], [ 150.582046098000092, -35.004252712999971 ], [ 150.582035149000035, -35.004252494999946 ], [ 150.582035414000075, -35.00424348599995 ], [ 150.582024465000018, -35.004243266999936 ], [ 150.582024730000057, -35.00423425799994 ], [ 150.581991881000022, -35.004233602999932 ], [ 150.581992147000051, -35.004224593999936 ], [ 150.581915500000036, -35.004223065999952 ], [ 150.581915766000066, -35.004214056999956 ], [ 150.581893867000076, -35.004213619999973 ], [ 150.581894132000116, -35.004204610999977 ], [ 150.581872233000013, -35.004204174999984 ], [ 150.581872498000052, -35.004195164999942 ], [ 150.581861549000109, -35.004194946999974 ], [ 150.581862344000115, -35.00416791899994 ], [ 150.581851395000058, -35.004167699999982 ], [ 150.581853252000087, -35.004104634999976 ], [ 150.581842302000041, -35.004104416999951 ], [ 150.581843363000075, -35.004068378999932 ], [ 150.581832414000019, -35.004068160999964 ], [ 150.581833209000024, -35.00404113299993 ], [ 150.581822260000081, -35.004040913999972 ], [ 150.581823056000076, -35.004013885999939 ], [ 150.581812106000029, -35.00401366799997 ], [ 150.581812637000098, -35.003995648999933 ], [ 150.581801687000052, -35.003995430999964 ], [ 150.581801953000081, -35.003986421999969 ], [ 150.581791003000035, -35.003986202999954 ], [ 150.581791268000075, -35.003977193999958 ], [ 150.581780319000018, -35.003976975999933 ], [ 150.581780584000057, -35.003967965999948 ], [ 150.581769635000114, -35.00396774799998 ], [ 150.58177016500008, -35.003949728999942 ], [ 150.581759216000023, -35.003949510999973 ], [ 150.581759481000063, -35.003940501999978 ], [ 150.58174853200012, -35.003940282999963 ], [ 150.581748797000046, -35.003931273999967 ], [ 150.581737847000113, -35.003931055999942 ], [ 150.581738378000068, -35.003913036999961 ], [ 150.581727429000011, -35.003912818999936 ], [ 150.581727959000091, -35.003894799999955 ], [ 150.581717010000034, -35.00389458199993 ], [ 150.581717275000074, -35.003885571999945 ], [ 150.581728224000017, -35.003885790999959 ], [ 150.581728755000086, -35.003867771999978 ], [ 150.581739704000029, -35.003867989999947 ], [ 150.581739969000068, -35.003858980999951 ], [ 150.581750919000115, -35.003859198999976 ], [ 150.58175144900008, -35.003841179999938 ], [ 150.581762399000013, -35.003841398999953 ], [ 150.581763195000121, -35.00381436999993 ], [ 150.581774144000065, -35.003814588999944 ], [ 150.581774940000059, -35.003787559999978 ], [ 150.581763990000013, -35.003787341999953 ], [ 150.581764256000042, -35.003778332999957 ], [ 150.581698559000074, -35.003777022999941 ], [ 150.581698294000034, -35.003786032999983 ], [ 150.581665446000102, -35.003785377999975 ], [ 150.581665180000073, -35.003794386999971 ], [ 150.581654231000016, -35.003794168999946 ], [ 150.581654496000056, -35.00378515999995 ], [ 150.581632597000066, -35.003784722999967 ], [ 150.581632332000027, -35.003793731999963 ], [ 150.581643281000083, -35.003793950999977 ], [ 150.581642220000049, -35.00382998799995 ], [ 150.581631271000106, -35.003829769999982 ], [ 150.581631006000066, -35.003838778999977 ], [ 150.58162005600002, -35.003838560999952 ], [ 150.581619526000054, -35.003856579999933 ], [ 150.581608576000122, -35.003856361999965 ], [ 150.581608046000042, -35.003874379999957 ], [ 150.58159709600011, -35.003874161999931 ], [ 150.581597627000065, -35.00385614299995 ], [ 150.581586677000018, -35.003855924999982 ], [ 150.581585351000058, -35.00390097199994 ], [ 150.581607250000047, -35.00390140899998 ], [ 150.581606985000121, -35.003910417999975 ], [ 150.581596035000075, -35.00391019999995 ], [ 150.58159523900008, -35.003937227999984 ], [ 150.581584290000023, -35.003937008999969 ], [ 150.581584025000097, -35.003946018999955 ], [ 150.581605924000087, -35.003946454999948 ], [ 150.581606454000053, -35.003928436999956 ], [ 150.581617404000099, -35.003928654999982 ], [ 150.581617669000025, -35.003919645999929 ], [ 150.581628618000082, -35.003919863999954 ], [ 150.581628353000042, -35.00392887299995 ], [ 150.581639302000099, -35.003929090999975 ], [ 150.581638772000019, -35.003947109999956 ], [ 150.581649721000076, -35.003947327999981 ], [ 150.581649456000036, -35.003956337999966 ], [ 150.581682304000083, -35.003956992999974 ], [ 150.581682039000043, -35.00396600199997 ], [ 150.581692989000089, -35.003966219999938 ], [ 150.58169272300006, -35.00397522999998 ], [ 150.581703673000106, -35.003975447999949 ], [ 150.581703408000067, -35.003984456999945 ], [ 150.58171435700001, -35.003984675999959 ], [ 150.581713826000055, -35.004002693999951 ], [ 150.581724776000101, -35.004002912999965 ], [ 150.581724245000032, -35.004020930999957 ], [ 150.581735195000078, -35.004021149999971 ], [ 150.581734930000039, -35.004030158999967 ], [ 150.581745879000096, -35.004030376999935 ], [ 150.581745614000056, -35.004039386999978 ], [ 150.581756563000113, -35.004039604999946 ], [ 150.581756298000073, -35.004048613999942 ], [ 150.581767247000016, -35.004048832999956 ], [ 150.58176698200009, -35.004057841999952 ], [ 150.581777932000023, -35.004058059999977 ], [ 150.581777666000107, -35.004067069999962 ], [ 150.58178861600004, -35.004067287999931 ], [ 150.581788351000114, -35.004076296999983 ], [ 150.581799300000057, -35.004076514999952 ], [ 150.581799035000017, -35.004085524999937 ], [ 150.581809984000074, -35.004085742999962 ], [ 150.581809719000034, -35.004094751999958 ], [ 150.581820669000081, -35.004094970999972 ], [ 150.581820138000012, -35.004112988999964 ], [ 150.581831087000069, -35.004113207999978 ], [ 150.581830557000103, -35.00413122599997 ], [ 150.581841506000046, -35.004131444999985 ], [ 150.581838324000046, -35.004239556999948 ], [ 150.581860222000046, -35.004239993999931 ], [ 150.58185995700012, -35.004249002999984 ], [ 150.581881856000109, -35.004249439999967 ], [ 150.581881591000069, -35.004258448999963 ], [ 150.581903490000059, -35.004258885999946 ], [ 150.581903225000019, -35.004267894999941 ], [ 150.581936073000065, -35.004268549999949 ], [ 150.581936338000105, -35.004259539999964 ], [ 150.582023934000063, -35.004261285999974 ], [ 150.582023669000023, -35.004270295999959 ], [ 150.582045568000012, -35.004270731999952 ], [ 150.582045303000086, -35.004279740999948 ], [ 150.582056252000029, -35.004279959999963 ], [ 150.582055987000103, -35.004288968999958 ], [ 150.582066937000036, -35.004289186999983 ], [ 150.582066671000121, -35.004298196999969 ], [ 150.582077621000053, -35.004298414999937 ], [ 150.582077356000013, -35.004307423999933 ], [ 150.58208830500007, -35.004307641999958 ], [ 150.582088040000031, -35.004316651999943 ], [ 150.582098989000087, -35.004316869999968 ] ] ] ] } },
{ "type": "Feature", "properties": { "OBJECTID": 658, "gridcode": 5, "Shape_Length": 3.9931152436416213e-05, "Shape_Area": 9.8711927302025299e-11 }, "geometry": { "type": "MultiPolygon", "coordinates": [ [ [ [ 150.58208644900003, -35.004370707999954 ], [ 150.58208671400007, -35.004361698999958 ], [ 150.582075764000024, -35.004361479999943 ], [ 150.582075499000098, -35.004370489999928 ], [ 150.58208644900003, -35.004370707999954 ] ] ] ] } },
{ "type": "Feature", "properties": { "OBJECTID": 662, "gridcode": 5, "Shape_Length": 3.9929162767959935e-05, "Shape_Area": 9.8701925235991345e-11 }, "geometry": { "type": "MultiPolygon", "coordinates": [ [ [ [ 150.582075234000058, -35.004379498999981 ], [ 150.582075499000098, -35.004370489999928 ], [ 150.582064550000041, -35.00437027199996 ], [ 150.582064284000012, -35.004379280999956 ], [ 150.582075234000058, -35.004379498999981 ] ] ] ] } },
{ "type": "Feature", "properties": { "OBJECTID": 666, "gridcode": 5, "Shape_Length": 3.99281334022309e-05, "Shape_Area": 9.8697311260276268e-11 }, "geometry": { "type": "MultiPolygon", "coordinates": [ [ [ [ 150.582064019000086, -35.004388289999952 ], [ 150.582064284000012, -35.004379280999956 ], [ 150.582053335000069, -35.004379062999931 ], [ 150.582053070000029, -35.004388071999983 ], [ 150.582064019000086, -35.004388289999952 ] ] ] ] } },
{ "type": "Feature", "properties": { "OBJECTID": 667, "gridcode": 5, "Shape_Length": 3.99281334022309e-05, "Shape_Area": 9.8697311260276268e-11 }, "geometry": { "type": "MultiPolygon", "coordinates": [ [ [ [ 150.582107817000065, -35.004389162999985 ], [ 150.582108082000104, -35.004380153999932 ], [ 150.582097133000048, -35.004379935999964 ], [ 150.582096868000122, -35.00438894499996 ], [ 150.582107817000065, -35.004389162999985 ] ] ] ] } },
{ "type": "Feature", "properties": { "OBJECTID": 672, "gridcode": 5, "Shape_Length": 3.9930132926860232e-05, "Shape_Area": 9.8706319846277216e-11 }, "geometry": { "type": "MultiPolygon", "coordinates": [ [ [ [ 150.582469151000055, -35.004396363999945 ], [ 150.582469416000094, -35.004387354999949 ], [ 150.582458466000048, -35.004387136999981 ], [ 150.582458201000122, -35.004396145999976 ], [ 150.582469151000055, -35.004396363999945 ] ] ] ] } },
{ "type": "Feature", "properties": { "OBJECTID": 673, "gridcode": 5, "Shape_Length": 3.9930182101100955e-05, "Shape_Area": 9.8707531848524138e-11 }, "geometry": { "type": "MultiPolygon", "coordinates": [ [ [ [ 150.582052804000114, -35.004397081999969 ], [ 150.582053070000029, -35.004388071999983 ], [ 150.582042120000096, -35.004387853999958 ], [ 150.582041855000057, -35.004396862999954 ], [ 150.582052804000114, -35.004397081999969 ] ] ] ] } },
{ "type": "Feature", "properties": { "OBJECTID": 680, "gridcode": 5, "Shape_Length": 3.9931161706258011e-05, "Shape_Area": 9.8712873792038915e-11 }, "geometry": { "type": "MultiPolygon", "coordinates": [ [ [ [ 150.582457671000043, -35.004414164999957 ], [ 150.582457936000083, -35.004405154999972 ], [ 150.582446987000026, -35.004404936999947 ], [ 150.58244672100011, -35.004413946999932 ], [ 150.582457671000043, -35.004414164999957 ] ] ] ] } },
{ "type": "Feature", "properties": { "OBJECTID": 691, "gridcode": 5, "Shape_Length": 7.5982748303016372e-05, "Shape_Area": 2.9611650489859241e-10 }, "geometry": { "type": "MultiPolygon", "coordinates": [ [ [ [ 150.582030905000011, -35.004396644999929 ], [ 150.582030110000119, -35.004423672999962 ], [ 150.582041059000062, -35.004423890999931 ], [ 150.582041855000057, -35.004396862999954 ], [ 150.582030905000011, -35.004396644999929 ] ] ] ] } },
{ "type": "Feature", "properties": { "OBJECTID": 696, "gridcode": 5, "Shape_Length": 3.9931152436416213e-05, "Shape_Area": 9.8711927302025299e-11 }, "geometry": { "type": "MultiPolygon", "coordinates": [ [ [ [ 150.582062428000086, -35.004442346999951 ], [ 150.582062693000012, -35.004433336999966 ], [ 150.582051743000079, -35.004433118999941 ], [ 150.582051478000039, -35.004442127999937 ], [ 150.582062428000086, -35.004442346999951 ] ] ] ] } },
{ "type": "Feature", "properties": { "OBJECTID": 704, "gridcode": 5, "Shape_Length": 3.992916259300267e-05, "Shape_Area": 9.8701924392747647e-11 }, "geometry": { "type": "MultiPolygon", "coordinates": [ [ [ [ 150.582434446000093, -35.004458774999932 ], [ 150.582434711000019, -35.004449765999937 ], [ 150.582423762000076, -35.004449547999968 ], [ 150.582423496000047, -35.004458556999964 ], [ 150.582434446000093, -35.004458774999932 ] ] ] ] } },
{ "type": "Feature", "properties": { "OBJECTID": 715, "gridcode": 5, "Shape_Length": 3.9930182100290554e-05, "Shape_Area": 9.8707531833432215e-11 }, "geometry": { "type": "MultiPolygon", "coordinates": [ [ [ [ 150.582410425000035, -35.00453041399993 ], [ 150.582410691000064, -35.004521404999934 ], [ 150.582399741000017, -35.004521185999977 ], [ 150.582399476000091, -35.004530195999962 ], [ 150.582410425000035, -35.00453041399993 ] ] ] ] } },
{ "type": "Feature", "properties": { "OBJECTID": 732, "gridcode": 5, "Shape_Length": 3.9930182275252636e-05, "Shape_Area": 9.8707532676732755e-11 }, "geometry": { "type": "MultiPolygon", "coordinates": [ [ [ [ 150.582911452000076, -35.004630543999951 ], [ 150.582911718000105, -35.004621534999956 ], [ 150.582900768000059, -35.004621315999941 ], [ 150.582900503000019, -35.004630325999983 ], [ 150.582911452000076, -35.004630543999951 ] ] ] ] } },
{ "type": "Feature", "properties": { "OBJECTID": 736, "gridcode": 5, "Shape_Length": 5.7956954969166582e-05, "Shape_Area": 1.9741468918325507e-10 }, "geometry": { "type": "MultiPolygon", "coordinates": [ [ [ [ 150.58238614000004, -35.004611061999981 ], [ 150.582385609000085, -35.004629080999962 ], [ 150.582396559000017, -35.00462929899993 ], [ 150.582397089000096, -35.004611279999949 ], [ 150.58238614000004, -35.004611061999981 ] ] ] ] } },
{ "type": "Feature", "properties": { "OBJECTID": 742, "gridcode": 5, "Shape_Length": 3.9932132099082022e-05, "Shape_Area": 9.871727004921546e-11 }, "geometry": { "type": "MultiPolygon", "coordinates": [ [ [ [ 150.582406448000029, -35.004665554999974 ], [ 150.582406713000069, -35.004656544999932 ], [ 150.582395763000022, -35.004656326999964 ], [ 150.582395498000096, -35.004665336999949 ], [ 150.582406448000029, -35.004665554999974 ] ] ] ] } },
{ "type": "Feature", "properties": { "OBJECTID": 749, "gridcode": 5, "Shape_Length": 0.00011203633405016257, "Shape_Area": 4.935310854593479e-10 }, "geometry": { "type": "MultiPolygon", "coordinates": [ [ [ [ 150.582395233000057, -35.004674345999945 ], [ 150.582393907000096, -35.004719392999959 ], [ 150.582404857000029, -35.004719610999985 ], [ 150.582406182000113, -35.00467456399997 ], [ 150.582395233000057, -35.004674345999945 ] ] ] ] } },
{ "type": "Feature", "properties": { "OBJECTID": 761, "gridcode": 5, "Shape_Length": 3.9930182273807368e-05, "Shape_Area": 9.8707532676732755e-11 }, "geometry": { "type": "MultiPolygon", "coordinates": [ [ [ [ 150.582389664000061, -35.004863542999942 ], [ 150.582389929000101, -35.004854533999946 ], [ 150.582378980000044, -35.004854314999932 ], [ 150.582378714000015, -35.004863324999974 ], [ 150.582389664000061, -35.004863542999942 ] ] ] ] } },
{ "type": "Feature", "properties": { "OBJECTID": 768, "gridcode": 5, "Shape_Length": 5.795695502711689e-05, "Shape_Area": 1.9741468950953628e-10 }, "geometry": { "type": "MultiPolygon", "coordinates": [ [ [ [ 150.58235628500006, -35.004880906999972 ], [ 150.582355754000105, -35.004898925999953 ], [ 150.582366704000037, -35.004899143999978 ], [ 150.582367234000117, -35.00488112499994 ], [ 150.58235628500006, -35.004880906999972 ] ] ] ] } },
{ "type": "Feature", "properties": { "OBJECTID": 777, "gridcode": 5, "Shape_Length": 5.7955975421789113e-05, "Shape_Area": 1.9740948006464014e-10 }, "geometry": { "type": "MultiPolygon", "coordinates": [ [ [ [ 150.582902968000099, -35.004918843999974 ], [ 150.582902438000019, -35.004936862999955 ], [ 150.582913387000076, -35.00493708099998 ], [ 150.582913918000031, -35.004919062999932 ], [ 150.582902968000099, -35.004918843999974 ] ] ] ] } },
{ "type": "Feature", "properties": { "OBJECTID": 784, "gridcode": 5, "Shape_Length": 5.7955925918068112e-05, "Shape_Area": 1.9740557211783472e-10 }, "geometry": { "type": "MultiPolygon", "coordinates": [ [ [ [ 150.582912327000031, -35.004973118999942 ], [ 150.582911797000065, -35.00499113799998 ], [ 150.582922746000122, -35.004991355999948 ], [ 150.582923276000088, -35.004973336999967 ], [ 150.582912327000031, -35.004973118999942 ] ] ] ] } },
{ "type": "Feature", "properties": { "OBJECTID": 786, "gridcode": 5, "Shape_Length": 3.9930182098845198e-05, "Shape_Area": 9.8707531833432215e-11 }, "geometry": { "type": "MultiPolygon", "coordinates": [ [ [ [ 150.582932370000094, -35.005036620999931 ], [ 150.58293263500002, -35.005027611999935 ], [ 150.582921686000077, -35.005027392999978 ], [ 150.582921420000048, -35.005036402999963 ], [ 150.582932370000094, -35.005036620999931 ] ] ] ] } },
{ "type": "Feature", "properties": { "OBJECTID": 787, "gridcode": 5, "Shape_Length": 3.9930132984810534e-05, "Shape_Area": 9.870632016502669e-11 }, "geometry": { "type": "MultiPolygon", "coordinates": [ [ [ [ 150.582943055000101, -35.005045847999952 ], [ 150.582943320000027, -35.005036838999956 ], [ 150.582932370000094, -35.005036620999931 ], [ 150.582932105000054, -35.005045629999984 ], [ 150.582943055000101, -35.005045847999952 ] ] ] ] } },
{ "type": "Feature", "properties": { "OBJECTID": 796, "gridcode": 5, "Shape_Length": 3.9930132929123145e-05, "Shape_Area": 9.8706319861340731e-11 }, "geometry": { "type": "MultiPolygon", "coordinates": [ [ [ [ 150.582984732000114, -35.005118795999977 ], [ 150.58298499700004, -35.005109786999981 ], [ 150.582974047000107, -35.005109568999956 ], [ 150.582973782000067, -35.005118577999951 ], [ 150.582984732000114, -35.005118795999977 ] ] ] ] } },
{ "type": "Feature", "properties": { "OBJECTID": 799, "gridcode": 5, "Shape_Length": 3.9931161593685577e-05, "Shape_Area": 9.8712873277179653e-11 }, "geometry": { "type": "MultiPolygon", "coordinates": [ [ [ [ 150.582995416000017, -35.00512802399993 ], [ 150.582995682000046, -35.005119013999945 ], [ 150.582984732000114, -35.005118795999977 ], [ 150.582984467000074, -35.005127805999962 ], [ 150.582995416000017, -35.00512802399993 ] ] ] ] } },
{ "type": "Feature", "properties": { "OBJECTID": 811, "gridcode": 5, "Shape_Length": 0.00059895417674191685, "Shape_Area": 5.9224457822909836e-09 }, "geometry": { "type": "MultiPolygon", "coordinates": [ [ [ [ 150.576948748000063, -35.006206353999971 ], [ 150.576981597000099, -35.006207009999969 ], [ 150.576981863000015, -35.006198000999973 ], [ 150.576970913000082, -35.006197781999958 ], [ 150.576971179000111, -35.006188772999963 ], [ 150.576960229000065, -35.006188553999948 ], [ 150.576960761, -35.006170534999967 ], [ 150.576971710000066, -35.006170753999982 ], [ 150.576971976000095, -35.006161744999929 ], [ 150.576982926000028, -35.006161962999954 ], [ 150.576983457000097, -35.006143944999963 ], [ 150.576961558000107, -35.006143506999933 ], [ 150.576962090000052, -35.006125488999942 ], [ 150.576951140000119, -35.006125269999984 ], [ 150.576951672000064, -35.006107250999946 ], [ 150.576929772000085, -35.006106813999963 ], [ 150.576929241000016, -35.006124832999944 ], [ 150.576918291000084, -35.00612461399993 ], [ 150.576918025000055, -35.006133622999982 ], [ 150.576928975000101, -35.00613384199994 ], [ 150.576928709000072, -35.006142850999936 ], [ 150.576895860000036, -35.006142194999939 ], [ 150.576895328000091, -35.006160213999976 ], [ 150.576906278000024, -35.006160432999934 ], [ 150.576906012000109, -35.00616944199993 ], [ 150.576884113000119, -35.006169004999947 ], [ 150.576884910000103, -35.006141975999981 ], [ 150.576873960000057, -35.006141757999956 ], [ 150.576874226000086, -35.00613274799997 ], [ 150.576863277000029, -35.006132529999945 ], [ 150.576862213000027, -35.006168566999975 ], [ 150.576873163000073, -35.006168785999932 ], [ 150.576872897000044, -35.006177794999928 ], [ 150.57688384700009, -35.006178013999943 ], [ 150.576883581000061, -35.006187022999939 ], [ 150.576949279000019, -35.006188334999933 ], [ 150.576948748000063, -35.006206353999971 ] ] ] ] } },
{ "type": "Feature", "properties": { "OBJECTID": 812, "gridcode": 5, "Shape_Length": 0.00015972283614658478, "Shape_Area": 1.283211888190801e-09 }, "geometry": { "type": "MultiPolygon", "coordinates": [ [ [ [ 150.576935406000075, -35.006287219999933 ], [ 150.576968255000111, -35.006287875999931 ], [ 150.576968521000026, -35.006278865999946 ], [ 150.576979470000083, -35.00627908499996 ], [ 150.576980002000028, -35.006261065999979 ], [ 150.576969052000095, -35.006260847999954 ], [ 150.57696931800001, -35.006251837999969 ], [ 150.576947419000021, -35.006251400999929 ], [ 150.576947153000106, -35.006260409999982 ], [ 150.576936203000059, -35.006260190999967 ], [ 150.576935406000075, -35.006287219999933 ] ] ] ] } },
{ "type": "Feature", "properties": { "OBJECTID": 818, "gridcode": 5, "Shape_Length": 3.9928232163079317e-05, "Shape_Area": 9.8697794936377293e-11 }, "geometry": { "type": "MultiPolygon", "coordinates": [ [ [ [ 150.576910582000096, -35.006385884999929 ], [ 150.576910848000011, -35.006376875999933 ], [ 150.576899899000068, -35.006376656999976 ], [ 150.576899633000039, -35.006385665999971 ], [ 150.576910582000096, -35.006385884999929 ] ] ] ] } },
{ "type": "Feature", "properties": { "OBJECTID": 821, "gridcode": 5, "Shape_Length": 0.0012494740281933116, "Shape_Area": 3.3856855714498357e-08 }, "geometry": { "type": "MultiPolygon", "coordinates": [ [ [ [ 150.576547115000039, -35.00645074199997 ], [ 150.576569014000029, -35.006451178999953 ], [ 150.576569280000058, -35.006442169999957 ], [ 150.576602129000094, -35.006442825999954 ], [ 150.576602395, -35.006433816999959 ], [ 150.576624295000101, -35.006434253999942 ], [ 150.576624560000027, -35.006425244999946 ], [ 150.576635510000074, -35.00642546399996 ], [ 150.576635776000103, -35.006416453999975 ], [ 150.576646726000035, -35.006416672999933 ], [ 150.576646992000065, -35.006407663999937 ], [ 150.576668891000054, -35.006408100999977 ], [ 150.576669157000083, -35.006399091999981 ], [ 150.576691056000072, -35.006399528999964 ], [ 150.576691322000102, -35.006390519999968 ], [ 150.57671322200008, -35.006390956999951 ], [ 150.57671348700012, -35.006381947999955 ], [ 150.576735387000099, -35.006382385999984 ], [ 150.57673512100007, -35.00639139499998 ], [ 150.576746071000116, -35.006391613999938 ], [ 150.576745805000087, -35.006400622999934 ], [ 150.576756755000019, -35.006400841999948 ], [ 150.576756489000104, -35.006409850999944 ], [ 150.576778388000093, -35.006410287999984 ], [ 150.576778654, -35.006401278999931 ], [ 150.576800554000101, -35.006401715999971 ], [ 150.576800819000027, -35.006392706999975 ], [ 150.576811769000074, -35.006392925999933 ], [ 150.576812035000103, -35.006383916999937 ], [ 150.576844884000025, -35.006384572999934 ], [ 150.576845150000054, -35.006375562999949 ], [ 150.5768561000001, -35.006375781999964 ], [ 150.576856365000026, -35.006366772999968 ], [ 150.576867315000072, -35.006366990999936 ], [ 150.576868644000115, -35.006321944999968 ], [ 150.576879594000047, -35.006322162999936 ], [ 150.576879860000076, -35.00631315399994 ], [ 150.57689080900002, -35.006313372999955 ], [ 150.576891075000049, -35.00630436299997 ], [ 150.576902025000095, -35.006304581999984 ], [ 150.576902557000039, -35.006286562999946 ], [ 150.576836858000092, -35.006285250999952 ], [ 150.576836593000053, -35.006294260999937 ], [ 150.57682564300012, -35.006294041999979 ], [ 150.576825377000091, -35.006303050999975 ], [ 150.576803478000102, -35.006302613999935 ], [ 150.576803212000073, -35.006311622999931 ], [ 150.576770363000037, -35.006310966999933 ], [ 150.576770628000077, -35.006301957999938 ], [ 150.57675967900002, -35.00630173899998 ], [ 150.576759945000049, -35.006292729999984 ], [ 150.57673804500007, -35.006292291999955 ], [ 150.576738577000015, -35.006274272999974 ], [ 150.576727627000082, -35.006274054999949 ], [ 150.576727893000111, -35.006265044999964 ], [ 150.576716943000065, -35.006264826999939 ], [ 150.576717209000094, -35.006255816999953 ], [ 150.576695310000105, -35.006255379999971 ], [ 150.576694512000017, -35.006282407999947 ], [ 150.576683562000085, -35.006282188999933 ], [ 150.576683297000045, -35.006291197999928 ], [ 150.576661397000066, -35.006290760999946 ], [ 150.576661131000037, -35.006299769999941 ], [ 150.576639232000048, -35.006299332999959 ], [ 150.576638700000103, -35.00631735199994 ], [ 150.576605851000068, -35.006316694999953 ], [ 150.576605585000038, -35.006325704999938 ], [ 150.576594635000106, -35.00632548599998 ], [ 150.576593572000093, -35.006361522999953 ], [ 150.576549773000011, -35.006360647999941 ], [ 150.576549507000095, -35.006369657999983 ], [ 150.576560457000028, -35.006369875999951 ], [ 150.576559925000083, -35.006387894999932 ], [ 150.576548976000026, -35.006387675999974 ], [ 150.576548444000082, -35.006405694999955 ], [ 150.576537494000036, -35.006405475999941 ], [ 150.576536431000022, -35.00644151399996 ], [ 150.576547381000069, -35.006441732999974 ], [ 150.576547115000039, -35.00645074199997 ] ] ] ] } },
{ "type": "Feature", "properties": { "OBJECTID": 826, "gridcode": 5, "Shape_Length": 0.0018869983955011197, "Shape_Area": 2.6256361868323229e-08 }, "geometry": { "type": "MultiPolygon", "coordinates": [ [ [ [ 150.577161097000044, -35.006435961999955 ], [ 150.577160832000118, -35.006444970999951 ], [ 150.577149882000072, -35.006444751999936 ], [ 150.577150148000101, -35.00643574299994 ], [ 150.577161097000044, -35.006435961999955 ] ], [ [ 150.577191023000069, -35.006535719999931 ], [ 150.577190757000039, -35.006544729999973 ], [ 150.577201707000086, -35.006544947999942 ], [ 150.577201973000115, -35.006535938999946 ], [ 150.577212922000058, -35.00653615799996 ], [ 150.577213720000032, -35.006509129999984 ], [ 150.577224670000078, -35.006509347999952 ], [ 150.577224935000118, -35.006500338999956 ], [ 150.577246835000096, -35.006500775999939 ], [ 150.577247101000012, -35.006491766999943 ], [ 150.577236151000079, -35.006491547999929 ], [ 150.577236682000034, -35.006473529999937 ], [ 150.577214783000045, -35.006473091999965 ], [ 150.5772142510001, -35.006491110999946 ], [ 150.577203302000044, -35.006490891999931 ], [ 150.577202770000099, -35.006508910999969 ], [ 150.577191820000053, -35.006508691999954 ], [ 150.577191555000013, -35.00651770199994 ], [ 150.577180605000081, -35.006517482999982 ], [ 150.577181668000094, -35.006481445999952 ], [ 150.577192618000026, -35.006481663999978 ], [ 150.577192883000066, -35.006472654999982 ], [ 150.577203833000112, -35.00647287399994 ], [ 150.577204099000028, -35.006463863999954 ], [ 150.577193149000095, -35.006463645999929 ], [ 150.577193415000011, -35.006454635999944 ], [ 150.577182465000078, -35.006454417999976 ], [ 150.577182731000107, -35.006445407999934 ], [ 150.577204630000097, -35.006445845999963 ], [ 150.577205162000041, -35.006427826999982 ], [ 150.577183263000052, -35.006427389999942 ], [ 150.577183528000091, -35.006418379999957 ], [ 150.577172579000035, -35.006418161999932 ], [ 150.577173376000019, -35.006391133999955 ], [ 150.577151477000029, -35.006390695999983 ], [ 150.577150679000056, -35.006417723999959 ], [ 150.57713972900001, -35.006417505999934 ], [ 150.577139464000084, -35.00642651499993 ], [ 150.577128514000037, -35.006426295999972 ], [ 150.577127982000093, -35.006444314999953 ], [ 150.577138932000025, -35.006444533999968 ], [ 150.57713866600011, -35.006453542999964 ], [ 150.577127717000053, -35.006453323999949 ], [ 150.577127451000024, -35.006462333999934 ], [ 150.577116501000091, -35.006462114999977 ], [ 150.57711676700012, -35.006453105999981 ], [ 150.577094867000028, -35.006452667999952 ], [ 150.577095133000057, -35.006443658999956 ], [ 150.577073234000068, -35.006443220999984 ], [ 150.577074031000052, -35.00641619299995 ], [ 150.577095930000041, -35.006416630999979 ], [ 150.57709619600007, -35.006407620999937 ], [ 150.577107146000117, -35.006407839999952 ], [ 150.577107412000032, -35.006398830999956 ], [ 150.577118362000078, -35.006399048999981 ], [ 150.577118627000118, -35.006390039999928 ], [ 150.577129577000051, -35.006390258999943 ], [ 150.57712984300008, -35.006381248999958 ], [ 150.577140793000012, -35.006381467999972 ], [ 150.577141058000052, -35.006372458999977 ], [ 150.577130109000109, -35.006372239999962 ], [ 150.577130640000064, -35.006354220999981 ], [ 150.577108741000075, -35.006353783999941 ], [ 150.577109007000104, -35.006344774999945 ], [ 150.577098057000057, -35.006344555999931 ], [ 150.577098323000087, -35.006335546999935 ], [ 150.57708737300004, -35.006335327999977 ], [ 150.577088170000025, -35.006308299999944 ], [ 150.577066271000035, -35.006307862999961 ], [ 150.577066537000064, -35.006298852999976 ], [ 150.577055587000018, -35.006298634999951 ], [ 150.577056118000087, -35.00628061599997 ], [ 150.577067068000019, -35.006280834999984 ], [ 150.577067334000049, -35.006271824999942 ], [ 150.577045435000059, -35.006271387999959 ], [ 150.577046232000043, -35.006244359999982 ], [ 150.57705718200009, -35.006244577999951 ], [ 150.577057447000016, -35.006235568999955 ], [ 150.577035548000026, -35.006235131999972 ], [ 150.577035282000111, -35.006244140999968 ], [ 150.577024332000065, -35.006243921999953 ], [ 150.577024067000025, -35.006252931999938 ], [ 150.577013117000092, -35.006252712999981 ], [ 150.577012851000063, -35.006261721999977 ], [ 150.576990952000074, -35.006261284999937 ], [ 150.576990686000045, -35.006270293999933 ], [ 150.577001636000091, -35.006270512999947 ], [ 150.577001370000062, -35.006279521999943 ], [ 150.577023269000051, -35.006279959999972 ], [ 150.577023003000022, -35.006288968999968 ], [ 150.577033953000068, -35.006289187999982 ], [ 150.577033687000039, -35.006298196999978 ], [ 150.577022738000096, -35.006297977999964 ], [ 150.577022472000067, -35.006306987999949 ], [ 150.577033422000113, -35.006307205999974 ], [ 150.57703235800011, -35.006343243999936 ], [ 150.577043308000043, -35.006343462999951 ], [ 150.577041979000114, -35.006388508999976 ], [ 150.577031029000068, -35.006388290999951 ], [ 150.577030764000028, -35.006397299999946 ], [ 150.577019814000096, -35.006397080999932 ], [ 150.577019548000067, -35.006406090999974 ], [ 150.57700859800002, -35.006405871999959 ], [ 150.577008067000065, -35.00642389099994 ], [ 150.576997117000019, -35.006423671999983 ], [ 150.576996585000074, -35.006441690999964 ], [ 150.577007535000121, -35.006441908999932 ], [ 150.577007004000052, -35.00645992799997 ], [ 150.577017953000109, -35.006460146999984 ], [ 150.577017156000011, -35.006487174999961 ], [ 150.577006206000078, -35.006486955999947 ], [ 150.577005940000049, -35.006495964999942 ], [ 150.57707163900011, -35.006497277999983 ], [ 150.577071905000025, -35.006488267999941 ], [ 150.577137603000097, -35.006489579999936 ], [ 150.577137869000012, -35.00648057099994 ], [ 150.577148819000058, -35.006480789999955 ], [ 150.577148287000114, -35.006498807999947 ], [ 150.577137337000067, -35.006498589999978 ], [ 150.577137072000028, -35.006507598999974 ], [ 150.577148021000085, -35.006507817999932 ], [ 150.577147756000045, -35.006516826999984 ], [ 150.577158705000102, -35.006517045999942 ], [ 150.577158440000062, -35.006526054999938 ], [ 150.577180339000051, -35.006526491999978 ], [ 150.577180073000022, -35.006535501999963 ], [ 150.577191023000069, -35.006535719999931 ] ] ] ] } },
{ "type": "Feature", "properties": { "OBJECTID": 827, "gridcode": 5, "Shape_Length": 6.1835590925712598e-05, "Shape_Area": 1.974244252377927e-10 }, "geometry": { "type": "MultiPolygon", "coordinates": [ [ [ [ 150.577223606000075, -35.006545385999971 ], [ 150.577245506000054, -35.006545822999954 ], [ 150.577245772000083, -35.006536813999958 ], [ 150.577223872000104, -35.006536375999929 ], [ 150.577223606000075, -35.006545385999971 ] ] ] ] } },
{ "type": "Feature", "properties": { "OBJECTID": 830, "gridcode": 5, "Shape_Length": 0.00030141786182208641, "Shape_Area": 1.3819216955559054e-09 }, "geometry": { "type": "MultiPolygon", "coordinates": [ [ [ [ 150.576390362000097, -35.006564800999968 ], [ 150.576390096000068, -35.006573809999963 ], [ 150.576401046000115, -35.006574028999978 ], [ 150.576401578000059, -35.00655600999994 ], [ 150.576368729000023, -35.006555353999943 ], [ 150.576368994000063, -35.006546344999947 ], [ 150.576336145000027, -35.00654568799996 ], [ 150.576335613000083, -35.006563706999941 ], [ 150.576324664000026, -35.006563487999983 ], [ 150.576324930000055, -35.006554478999931 ], [ 150.57631398, -35.006554259999973 ], [ 150.576313448000064, -35.006572278999954 ], [ 150.5763462970001, -35.006572934999951 ], [ 150.576346829000045, -35.00655491599997 ], [ 150.576357779000091, -35.006555134999928 ], [ 150.576357513000062, -35.00656414499997 ], [ 150.576368463000108, -35.006564362999939 ], [ 150.576368197000079, -35.006573372999981 ], [ 150.576379147000011, -35.006573590999949 ], [ 150.576379412000051, -35.006564581999953 ], [ 150.576390362000097, -35.006564800999968 ] ] ] ] } },
{ "type": "Feature", "properties": { "OBJECTID": 833, "gridcode": 5, "Shape_Length": 0.00011979167499088078, "Shape_Area": 5.9225150735506249e-10 }, "geometry": { "type": "MultiPolygon", "coordinates": [ [ [ [ 150.576377551000064, -35.006627646999959 ], [ 150.576399451000043, -35.006628084999932 ], [ 150.576399717000072, -35.006619075999936 ], [ 150.576388767000026, -35.006618856999978 ], [ 150.576389299000084, -35.00660083799994 ], [ 150.576367399000105, -35.006600400999957 ], [ 150.576366867000047, -35.006618418999949 ], [ 150.576377817000093, -35.006618637999964 ], [ 150.576377551000064, -35.006627646999959 ] ] ] ] } },
{ "type": "Feature", "properties": { "OBJECTID": 835, "gridcode": 5, "Shape_Length": 3.9931211465020869e-05, "Shape_Area": 9.8712146324285482e-11 }, "geometry": { "type": "MultiPolygon", "coordinates": [ [ [ [ 150.576693765000073, -35.006679037999959 ], [ 150.576694031000102, -35.006670027999974 ], [ 150.576683081000056, -35.006669809999948 ], [ 150.576682815000026, -35.006678818999944 ], [ 150.576693765000073, -35.006679037999959 ] ] ] ] } },
{ "type": "Feature", "properties": { "OBJECTID": 836, "gridcode": 5, "Shape_Length": 0.00087595073945046615, "Shape_Area": 8.5876068697577864e-09 }, "geometry": { "type": "MultiPolygon", "coordinates": [ [ [ [ 150.576649966000105, -35.006678162999947 ], [ 150.576671866000083, -35.00667859999993 ], [ 150.576672131, -35.006669590999934 ], [ 150.576661182000066, -35.006669371999976 ], [ 150.576661448000095, -35.00666036299998 ], [ 150.576617648000024, -35.006659487999968 ], [ 150.576618180000082, -35.006641468999931 ], [ 150.576596281000093, -35.006641031999948 ], [ 150.576596546000019, -35.006632021999962 ], [ 150.576574647000029, -35.00663158499998 ], [ 150.576574381000114, -35.006640593999975 ], [ 150.576508683000043, -35.006639281999981 ], [ 150.576509480000027, -35.006612253999947 ], [ 150.576531380000119, -35.00661269099993 ], [ 150.576531646000035, -35.006603681999934 ], [ 150.576520696000102, -35.006603462999976 ], [ 150.576520962000018, -35.00659445399998 ], [ 150.576510012000085, -35.006594234999966 ], [ 150.576510278000114, -35.00658522599997 ], [ 150.576499328000068, -35.006585006999956 ], [ 150.576499594000097, -35.00657599799996 ], [ 150.576466745000062, -35.006575340999973 ], [ 150.576466479000032, -35.006584350999958 ], [ 150.5764555290001, -35.006584131999944 ], [ 150.576455263000071, -35.006593140999939 ], [ 150.576444313000025, -35.006592922999971 ], [ 150.576443782000069, -35.006610940999963 ], [ 150.576410932000044, -35.006610284999965 ], [ 150.576410401000089, -35.006628303999946 ], [ 150.576421350000032, -35.006628521999971 ], [ 150.576421616000061, -35.006619512999976 ], [ 150.57646541500003, -35.006620387999931 ], [ 150.576464884000075, -35.006638406999969 ], [ 150.576475833000018, -35.006638625999983 ], [ 150.576475302000063, -35.006656643999975 ], [ 150.576486251000119, -35.006656862999932 ], [ 150.57648598500009, -35.006665871999928 ], [ 150.576507885000069, -35.006666309999957 ], [ 150.576508151000098, -35.006657299999972 ], [ 150.576519101000031, -35.00665751899993 ], [ 150.576518835000115, -35.006666528999972 ], [ 150.576529785000048, -35.00666674699994 ], [ 150.576530050000088, -35.006657737999944 ], [ 150.576541, -35.006657956999959 ], [ 150.576540734000105, -35.006666965999955 ], [ 150.576573584000016, -35.006667621999952 ], [ 150.576573318000101, -35.006676631999937 ], [ 150.576584268000033, -35.006676849999963 ], [ 150.576584533000073, -35.006667840999967 ], [ 150.576628332000041, -35.006668715999979 ], [ 150.576628067000115, -35.006677724999975 ], [ 150.576639016000058, -35.006677943999932 ], [ 150.576639282000087, -35.006668934999936 ], [ 150.57665023200002, -35.006669152999962 ], [ 150.576649966000105, -35.006678162999947 ] ] ] ] } },
{ "type": "Feature", "properties": { "OBJECTID": 837, "gridcode": 5, "Shape_Length": 3.9931211235424349e-05, "Shape_Area": 9.8712145284903574e-11 }, "geometry": { "type": "MultiPolygon", "coordinates": [ [ [ [ 150.576715399000022, -35.006688483999937 ], [ 150.576715665000052, -35.006679474999942 ], [ 150.576704715000119, -35.006679255999984 ], [ 150.57670444900009, -35.006688265999969 ], [ 150.576715399000022, -35.006688483999937 ] ] ] ] } },
{ "type": "Feature", "properties": { "OBJECTID": 840, "gridcode": 5, "Shape_Length": 0.0001699956630595537, "Shape_Area": 7.8968215916036744e-10 }, "geometry": { "type": "MultiPolygon", "coordinates": [ [ [ [ 150.576703917000032, -35.006706283999961 ], [ 150.576702588000103, -35.006751330999975 ], [ 150.576713538000035, -35.006751549999933 ], [ 150.576714601000049, -35.006715511999971 ], [ 150.576725551000095, -35.006715730999929 ], [ 150.576726349000069, -35.006688702999952 ], [ 150.576715399000022, -35.006688483999937 ], [ 150.576714867000078, -35.006706502999975 ], [ 150.576703917000032, -35.006706283999961 ] ] ] ] } },
{ "type": "Feature", "properties": { "OBJECTID": 841, "gridcode": 5, "Shape_Length": 6.1833542203416675e-05, "Shape_Area": 1.9740861926222037e-10 }, "geometry": { "type": "MultiPolygon", "coordinates": [ [ [ [ 150.577555608000011, -35.006804425999974 ], [ 150.577577508000104, -35.006804862999957 ], [ 150.57757777300003, -35.006795853999961 ], [ 150.577555874000041, -35.006795416999978 ], [ 150.577555608000011, -35.006804425999974 ] ] ] ] } },
{ "type": "Feature", "properties": { "OBJECTID": 843, "gridcode": 5, "Shape_Length": 3.9930231861308994e-05, "Shape_Area": 9.8706804380770705e-11 }, "geometry": { "type": "MultiPolygon", "coordinates": [ [ [ [ 150.577587660000063, -35.006832109999948 ], [ 150.577587926000092, -35.006823100999952 ], [ 150.577576976000046, -35.006822881999938 ], [ 150.577576710000017, -35.006831890999933 ], [ 150.577587660000063, -35.006832109999948 ] ] ] ] } },
{ "type": "Feature", "properties": { "OBJECTID": 844, "gridcode": 5, "Shape_Length": 3.9930182100290554e-05, "Shape_Area": 9.8707531833432215e-11 }, "geometry": { "type": "MultiPolygon", "coordinates": [ [ [ [ 150.577587129000108, -35.006850128999929 ], [ 150.577587394000034, -35.006841118999944 ], [ 150.577576445000091, -35.006840900999975 ], [ 150.577576179000062, -35.006849909999971 ], [ 150.577587129000108, -35.006850128999929 ] ] ] ] } },
{ "type": "Feature", "properties": { "OBJECTID": 845, "gridcode": 5, "Shape_Length": 0.00035161888049888457, "Shape_Area": 1.9741703125982557e-09 }, "geometry": { "type": "MultiPolygon", "coordinates": [ [ [ [ 150.576710880000064, -35.006841642999973 ], [ 150.576732779000054, -35.006842080999945 ], [ 150.576733311000112, -35.006824061999964 ], [ 150.576700462000076, -35.006823405999967 ], [ 150.576700993000031, -35.006805386999929 ], [ 150.576711943000078, -35.006805605999944 ], [ 150.576712209000107, -35.006796596999948 ], [ 150.576734108000096, -35.006797033999931 ], [ 150.57673490600007, -35.006770005999954 ], [ 150.576723956000023, -35.006769786999939 ], [ 150.576724488000082, -35.006751768999948 ], [ 150.576713538000035, -35.006751549999933 ], [ 150.576712475000022, -35.006787586999963 ], [ 150.57670152500009, -35.006787368999937 ], [ 150.57670125900006, -35.006796377999933 ], [ 150.576690309000014, -35.006796158999975 ], [ 150.576688980000085, -35.006841205999933 ], [ 150.576699930000018, -35.006841424999948 ], [ 150.576700196000047, -35.006832414999963 ], [ 150.576711146000093, -35.006832633999977 ], [ 150.576710880000064, -35.006841642999973 ] ] ] ] } },
{ "type": "Feature", "properties": { "OBJECTID": 847, "gridcode": 5, "Shape_Length": 7.9860364620605625e-05, "Shape_Area": 2.9612089672216141e-10 }, "geometry": { "type": "MultiPolygon", "coordinates": [ [ [ [ 150.577608231000113, -35.006877593999945 ], [ 150.577630131000092, -35.006878030999928 ], [ 150.577630662000047, -35.006860012999937 ], [ 150.577619712000114, -35.006859793999979 ], [ 150.577619447000075, -35.006868802999975 ], [ 150.577608497000028, -35.00686858499995 ], [ 150.577608231000113, -35.006877593999945 ] ] ] ] } },
{ "type": "Feature", "properties": { "OBJECTID": 848, "gridcode": 5, "Shape_Length": 0.00015972380688398957, "Shape_Area": 9.8710900932056879e-10 }, "geometry": { "type": "MultiPolygon", "coordinates": [ [ [ [ 150.576709816000061, -35.006877680999935 ], [ 150.576753616000019, -35.006878555999947 ], [ 150.576754147000088, -35.006860536999966 ], [ 150.576743197000042, -35.006860317999951 ], [ 150.5767437290001, -35.00684229899997 ], [ 150.576732779000054, -35.006842080999945 ], [ 150.576732248000098, -35.006860098999937 ], [ 150.57671034800012, -35.006859661999954 ], [ 150.576709816000061, -35.006877680999935 ] ] ] ] } },
{ "type": "Feature", "properties": { "OBJECTID": 849, "gridcode": 5, "Shape_Length": 6.1835590867757303e-05, "Shape_Area": 1.9742442460779709e-10 }, "geometry": { "type": "MultiPolygon", "coordinates": [ [ [ [ 150.576764565000076, -35.006878773999972 ], [ 150.576786465000055, -35.006879211999944 ], [ 150.576786731000084, -35.006870201999959 ], [ 150.576764831000105, -35.006869764999976 ], [ 150.576764565000076, -35.006878773999972 ] ] ] ] } },
{ "type": "Feature", "properties": { "OBJECTID": 850, "gridcode": 5, "Shape_Length": 3.9930182273807368e-05, "Shape_Area": 9.8707532676732755e-11 }, "geometry": { "type": "MultiPolygon", "coordinates": [ [ [ [ 150.576884481000093, -35.006899198999974 ], [ 150.576884747000122, -35.006890188999932 ], [ 150.576873797000076, -35.006889970999964 ], [ 150.576873532000036, -35.00689897999996 ], [ 150.576884481000093, -35.006899198999974 ] ] ] ] } },
{ "type": "Feature", "properties": { "OBJECTID": 853, "gridcode": 5, "Shape_Length": 7.5983836543380785e-05, "Shape_Area": 2.9613034730097175e-10 }, "geometry": { "type": "MultiPolygon", "coordinates": [ [ [ [ 150.576895431000025, -35.006899417999932 ], [ 150.576894634000041, -35.006926445999966 ], [ 150.576905584000087, -35.006926663999934 ], [ 150.576906381000072, -35.006899635999957 ], [ 150.576895431000025, -35.006899417999932 ] ] ] ] } },
{ "type": "Feature", "properties": { "OBJECTID": 854, "gridcode": 5, "Shape_Length": 3.9931211462752773e-05, "Shape_Area": 9.8712146309165138e-11 }, "geometry": { "type": "MultiPolygon", "coordinates": [ [ [ [ 150.576916002000075, -35.00694490199993 ], [ 150.576916268000105, -35.006935891999944 ], [ 150.576905318000058, -35.006935673999976 ], [ 150.576905052000029, -35.006944682999972 ], [ 150.576916002000075, -35.00694490199993 ] ] ] ] } },
{ "type": "Feature", "properties": { "OBJECTID": 856, "gridcode": 5, "Shape_Length": 3.9930182217297145e-05, "Shape_Area": 9.8707532357983281e-11 }, "geometry": { "type": "MultiPolygon", "coordinates": [ [ [ [ 150.577012689000071, -35.007009934999928 ], [ 150.5770129550001, -35.007000925999932 ], [ 150.577002005000054, -35.007000706999975 ], [ 150.577001740000014, -35.00700971699996 ], [ 150.577012689000071, -35.007009934999928 ] ] ] ] } },
{ "type": "Feature", "properties": { "OBJECTID": 858, "gridcode": 5, "Shape_Length": 8.3737921616315763e-05, "Shape_Area": 2.9611531310748838e-10 }, "geometry": { "type": "MultiPolygon", "coordinates": [ [ [ [ 150.577023639000117, -35.007010153999943 ], [ 150.577056489000029, -35.00701080999994 ], [ 150.577056754000068, -35.007001800999944 ], [ 150.577023905000033, -35.007001144999947 ], [ 150.577023639000117, -35.007010153999943 ] ] ] ] } },
{ "type": "Feature", "properties": { "OBJECTID": 859, "gridcode": 5, "Shape_Length": 0.0010922709130656491, "Shape_Area": 1.006827595448034e-08 }, "geometry": { "type": "MultiPolygon", "coordinates": [ [ [ [ 150.576936041000067, -35.007008404999965 ], [ 150.576935775000038, -35.007017413999961 ], [ 150.576946725000084, -35.007017632999975 ], [ 150.576947788000098, -35.006981594999957 ], [ 150.57695873800003, -35.006981813999971 ], [ 150.576958472000115, -35.006990822999967 ], [ 150.576991321000037, -35.006991478999964 ], [ 150.576991853000095, -35.006973460999973 ], [ 150.577013753000074, -35.006973897999956 ], [ 150.577015347000042, -35.006919841999945 ], [ 150.577026297000089, -35.00692006099996 ], [ 150.577026829000033, -35.006902041999979 ], [ 150.577015879000101, -35.006901822999964 ], [ 150.577016942000114, -35.006865785999935 ], [ 150.577005992000068, -35.006865566999977 ], [ 150.577006790000041, -35.006838538999943 ], [ 150.576995840000109, -35.006838319999929 ], [ 150.576996637000093, -35.006811291999952 ], [ 150.576985688000036, -35.006811073999984 ], [ 150.576985953000076, -35.006802063999942 ], [ 150.576942154000108, -35.006801189999976 ], [ 150.576941888000079, -35.006810198999972 ], [ 150.576930939000022, -35.006809979999957 ], [ 150.576930673000106, -35.006818989999942 ], [ 150.576952572000096, -35.006819426999982 ], [ 150.576952041000027, -35.006837445999963 ], [ 150.576962991000073, -35.006837663999931 ], [ 150.576962459000015, -35.006855682999969 ], [ 150.576973409000061, -35.006855901999984 ], [ 150.576972877000117, -35.006873919999975 ], [ 150.576994777000095, -35.006874357999948 ], [ 150.576994511000066, -35.006883366999944 ], [ 150.577005461000113, -35.006883585999958 ], [ 150.577005195000083, -35.006892594999954 ], [ 150.576983295000105, -35.006892157999971 ], [ 150.576983030000065, -35.006901166999967 ], [ 150.576972080000019, -35.006900947999952 ], [ 150.576971814000103, -35.006909957999937 ], [ 150.576960864000057, -35.00690973899998 ], [ 150.576960598000028, -35.006918747999975 ], [ 150.576971548000074, -35.006918966999933 ], [ 150.576971282000045, -35.006927976999975 ], [ 150.576982232000091, -35.006928194999944 ], [ 150.57698249800012, -35.006919185999948 ], [ 150.576993448000053, -35.006919404999962 ], [ 150.576993182000024, -35.006928413999958 ], [ 150.57700413200007, -35.006928632999973 ], [ 150.577003600000012, -35.006946650999964 ], [ 150.576992650000079, -35.006946432999939 ], [ 150.576992916000108, -35.006937422999954 ], [ 150.576971017000119, -35.006936985999971 ], [ 150.576971282000045, -35.006927976999975 ], [ 150.576960333000102, -35.006927757999961 ], [ 150.576960598000028, -35.006918747999975 ], [ 150.576949649000085, -35.00691852999995 ], [ 150.576948851000111, -35.006945557999984 ], [ 150.576916002000075, -35.00694490199993 ], [ 150.576915736000046, -35.006953910999982 ], [ 150.576926686000093, -35.00695412999994 ], [ 150.576926420000063, -35.006963138999936 ], [ 150.576970219000032, -35.006964013999948 ], [ 150.576969953000116, -35.006973022999944 ], [ 150.576915204000102, -35.006971929999963 ], [ 150.576914407000118, -35.00699895799994 ], [ 150.57692535700005, -35.006999175999965 ], [ 150.576925091000021, -35.00700818599995 ], [ 150.576936041000067, -35.007008404999965 ] ] ] ] } },
{ "type": "Feature", "properties": { "OBJECTID": 861, "gridcode": 5, "Shape_Length": 7.9861393474799224e-05, "Shape_Area": 2.9612186805516687e-10 }, "geometry": { "type": "MultiPolygon", "coordinates": [ [ [ [ 150.576979840000035, -35.007009278999931 ], [ 150.57697957400012, -35.007018288999973 ], [ 150.576990524000053, -35.007018506999941 ], [ 150.576991055000121, -35.00700048899995 ], [ 150.576969156000018, -35.007000050999977 ], [ 150.576968890000103, -35.007009060999962 ], [ 150.576979840000035, -35.007009278999931 ] ] ] ] } },
{ "type": "Feature", "properties": { "OBJECTID": 863, "gridcode": 5, "Shape_Length": 0.00015972281745289796, "Shape_Area": 7.8967277399139818e-10 }, "geometry": { "type": "MultiPolygon", "coordinates": [ [ [ [ 150.577756745000102, -35.007042822999949 ], [ 150.57777864500008, -35.007043260999978 ], [ 150.577779176000035, -35.007025241999941 ], [ 150.577768227000092, -35.007025022999983 ], [ 150.577768492000018, -35.00701601399993 ], [ 150.577779442000065, -35.007016232999945 ], [ 150.577779708000094, -35.00700722299996 ], [ 150.577757808000115, -35.007006785999977 ], [ 150.577757277000046, -35.007024804999958 ], [ 150.577746327000114, -35.007024585999943 ], [ 150.577746061000084, -35.007033594999939 ], [ 150.577757011000017, -35.007033813999954 ], [ 150.577756745000102, -35.007042822999949 ] ] ] ] } },
{ "type": "Feature", "properties": { "OBJECTID": 865, "gridcode": 5, "Shape_Length": 3.9929202670090302e-05, "Shape_Area": 9.8702190733217978e-11 }, "geometry": { "type": "MultiPolygon", "coordinates": [ [ [ [ 150.577789063000068, -35.007061497999985 ], [ 150.577789329000097, -35.007052488999932 ], [ 150.577778379000051, -35.007052269999974 ], [ 150.577778114000012, -35.00706127899997 ], [ 150.577789063000068, -35.007061497999985 ] ] ] ] } },
{ "type": "Feature", "properties": { "OBJECTID": 867, "gridcode": 5, "Shape_Length": 0.00020353164475023512, "Shape_Area": 9.8707812464429526e-10 }, "geometry": { "type": "MultiPolygon", "coordinates": [ [ [ [ 150.576945130000013, -35.007071688999929 ], [ 150.576977979000048, -35.007072344999983 ], [ 150.576978245000078, -35.007063334999941 ], [ 150.57698919500001, -35.007063553999956 ], [ 150.576989461000039, -35.00705454499996 ], [ 150.57696756100006, -35.007054106999931 ], [ 150.576967295000031, -35.007063116999973 ], [ 150.576956345000099, -35.007062897999958 ], [ 150.576956611000014, -35.007053888999963 ], [ 150.576945661000082, -35.007053669999948 ], [ 150.576945927000111, -35.007044660999952 ], [ 150.576924028000121, -35.00704422299998 ], [ 150.576923496000063, -35.007062241999961 ], [ 150.576945396000042, -35.007062678999944 ], [ 150.576945130000013, -35.007071688999929 ] ] ] ] } },
{ "type": "Feature", "properties": { "OBJECTID": 869, "gridcode": 5, "Shape_Length": 7.9861443184198799e-05, "Shape_Area": 2.9613109626121656e-10 }, "geometry": { "type": "MultiPolygon", "coordinates": [ [ [ [ 150.5770100310001, -35.007100028999957 ], [ 150.577031931000079, -35.00710046599994 ], [ 150.577032197000108, -35.007091456999945 ], [ 150.577021247000062, -35.00709123799993 ], [ 150.577021513000091, -35.007082228999934 ], [ 150.577010563000044, -35.007082009999976 ], [ 150.5770100310001, -35.007100028999957 ] ] ] ] } },
{ "type": "Feature", "properties": { "OBJECTID": 870, "gridcode": 5, "Shape_Length": 3.9931211403688711e-05, "Shape_Area": 9.8712146103391966e-11 }, "geometry": { "type": "MultiPolygon", "coordinates": [ [ [ [ 150.577042615000096, -35.007109693999951 ], [ 150.577042881000011, -35.007100684999955 ], [ 150.577031931000079, -35.00710046599994 ], [ 150.57703166500005, -35.007109475999982 ], [ 150.577042615000096, -35.007109693999951 ] ] ] ] } },
{ "type": "Feature", "properties": { "OBJECTID": 873, "gridcode": 5, "Shape_Length": 3.9931211465020869e-05, "Shape_Area": 9.8712146324285482e-11 }, "geometry": { "type": "MultiPolygon", "coordinates": [ [ [ [ 150.577053033000084, -35.007127931999946 ], [ 150.577053299000113, -35.007118921999961 ], [ 150.577042349000067, -35.007118703999936 ], [ 150.577042083000038, -35.007127712999932 ], [ 150.577053033000084, -35.007127931999946 ] ] ] ] } },
{ "type": "Feature", "properties": { "OBJECTID": 874, "gridcode": 5, "Shape_Length": 3.9930181988523541e-05, "Shape_Area": 9.8707531333721718e-11 }, "geometry": { "type": "MultiPolygon", "coordinates": [ [ [ [ 150.577052502000015, -35.007145949999938 ], [ 150.577052767000055, -35.007136940999942 ], [ 150.577041818000112, -35.007136721999984 ], [ 150.577041552000082, -35.007145731999969 ], [ 150.577052502000015, -35.007145949999938 ] ] ] ] } },
{ "type": "Feature", "properties": { "OBJECTID": 878, "gridcode": 5, "Shape_Length": 5.7956034335026954e-05, "Shape_Area": 1.9740969856232083e-10 }, "geometry": { "type": "MultiPolygon", "coordinates": [ [ [ [ 150.577895905000105, -35.007153777999974 ], [ 150.577895373000047, -35.007171795999966 ], [ 150.577906323000093, -35.007172014999981 ], [ 150.577906854000048, -35.007153995999943 ], [ 150.577895905000105, -35.007153777999974 ] ] ] ] } },
{ "type": "Feature", "properties": { "OBJECTID": 879, "gridcode": 5, "Shape_Length": 0.0014413819796986038, "Shape_Area": 1.9840513035621662e-08 }, "geometry": { "type": "MultiPolygon", "coordinates": [ [ [ [ 150.577174810000088, -35.007085290999953 ], [ 150.577174544000059, -35.007094299999949 ], [ 150.577141695000023, -35.007093643999951 ], [ 150.577141961000052, -35.007084634999956 ], [ 150.577152911000098, -35.007084852999981 ], [ 150.577153176000024, -35.007075843999928 ], [ 150.577164126000071, -35.007076062999943 ], [ 150.577163860000041, -35.007085071999938 ], [ 150.577174810000088, -35.007085290999953 ] ] ], [ [ [ 150.577152113000011, -35.007111880999958 ], [ 150.577151847000096, -35.007120890999943 ], [ 150.577140898000039, -35.007120671999928 ], [ 150.577141163000078, -35.007111662999932 ], [ 150.577152113000011, -35.007111880999958 ] ], [ [ 150.577181507000091, -35.007229658999961 ], [ 150.57720340700007, -35.007230095999944 ], [ 150.577203939000015, -35.007212076999963 ], [ 150.577171089000103, -35.007211420999965 ], [ 150.577171355000019, -35.00720241199997 ], [ 150.577160405000086, -35.007202192999955 ], [ 150.577161734000015, -35.00715714699993 ], [ 150.577172684000061, -35.007157364999955 ], [ 150.577173215000016, -35.007139346999963 ], [ 150.577184165000062, -35.007139564999932 ], [ 150.577184431000092, -35.007130555999936 ], [ 150.577195381000024, -35.007130774999951 ], [ 150.577195647000053, -35.007121764999965 ], [ 150.577217546000043, -35.007122202999938 ], [ 150.577217015000087, -35.007140220999929 ], [ 150.57722796500002, -35.007140439999944 ], [ 150.577227699000105, -35.00714944899994 ], [ 150.577249599000083, -35.007149886999969 ], [ 150.577249864, -35.007140876999983 ], [ 150.577238914000077, -35.007140658999958 ], [ 150.577239180000106, -35.007131648999973 ], [ 150.577250130000039, -35.007131867999931 ], [ 150.577249864, -35.007140876999983 ], [ 150.577271764000102, -35.007141314999956 ], [ 150.577272827000115, -35.007105276999937 ], [ 150.577207128000055, -35.007103964999942 ], [ 150.577207394000084, -35.007094955999946 ], [ 150.577196444000037, -35.007094736999932 ], [ 150.577196710000067, -35.007085727999936 ], [ 150.57718576000002, -35.007085508999978 ], [ 150.577186026000049, -35.007076499999982 ], [ 150.577175076000117, -35.007076280999968 ], [ 150.577175608000061, -35.007058262999976 ], [ 150.577164658000015, -35.007058043999962 ], [ 150.577165189000084, -35.007040024999981 ], [ 150.577154240000027, -35.007039805999966 ], [ 150.577153974000112, -35.007048815999951 ], [ 150.577088275000051, -35.007047503999956 ], [ 150.577089604000093, -35.007002456999942 ], [ 150.577078654000047, -35.007002237999984 ], [ 150.577078920000076, -35.006993228999931 ], [ 150.57706797000003, -35.006993009999974 ], [ 150.577067438000086, -35.007011028999955 ], [ 150.577078388000018, -35.007011247999969 ], [ 150.577078122000103, -35.007020256999965 ], [ 150.577067173000046, -35.007020037999951 ], [ 150.577066907000017, -35.007029047999936 ], [ 150.577055957000084, -35.007028828999978 ], [ 150.577055691000055, -35.007037837999974 ], [ 150.577044741, -35.007037619999949 ], [ 150.577044210000054, -35.00705563799994 ], [ 150.577033260000121, -35.007055419999972 ], [ 150.577032728000063, -35.007073437999964 ], [ 150.577054628000042, -35.007073875999936 ], [ 150.577054362000013, -35.007082884999932 ], [ 150.577076262000105, -35.007083321999971 ], [ 150.577075996000076, -35.007092331999957 ], [ 150.577086946000122, -35.007092549999982 ], [ 150.577086680000093, -35.007101559999967 ], [ 150.577108580000072, -35.00710199699995 ], [ 150.577107782000098, -35.007129024999983 ], [ 150.577096832000052, -35.007128805999969 ], [ 150.577096567000012, -35.007137815999954 ], [ 150.577063717000101, -35.007137159999957 ], [ 150.577063451000072, -35.007146168999952 ], [ 150.577052502000015, -35.007145949999938 ], [ 150.57705197000007, -35.007163968999976 ], [ 150.577062920000117, -35.007164187999933 ], [ 150.577063186000032, -35.007155177999948 ], [ 150.577074135000089, -35.007155396999963 ], [ 150.577073870000049, -35.007164405999958 ], [ 150.577084819000106, -35.007164624999973 ], [ 150.577084554000066, -35.007173634999958 ], [ 150.577095504000113, -35.007173852999983 ], [ 150.577095238000084, -35.007182862999969 ], [ 150.577106188000016, -35.007183080999937 ], [ 150.577105922000101, -35.007192090999979 ], [ 150.577116872000033, -35.007192308999947 ], [ 150.577116606000118, -35.007201318999932 ], [ 150.57712755600005, -35.007201536999958 ], [ 150.577127290000021, -35.007210546999943 ], [ 150.577138240000068, -35.007210764999968 ], [ 150.577137974000038, -35.007219774999953 ], [ 150.57718177300012, -35.007220648999976 ], [ 150.577181507000091, -35.007229658999961 ] ] ] ] } },
{ "type": "Feature", "properties": { "OBJECTID": 880, "gridcode": 5, "Shape_Length": 3.993023174428963e-05, "Shape_Area": 9.8706803856219651e-11 }, "geometry": { "type": "MultiPolygon", "coordinates": [ [ [ [ 150.577234928000053, -35.007275798999956 ], [ 150.577235194000082, -35.00726678999996 ], [ 150.577224244000035, -35.007266570999946 ], [ 150.57722397800012, -35.007275579999941 ], [ 150.577234928000053, -35.007275798999956 ] ] ] ] } },
{ "type": "Feature", "properties": { "OBJECTID": 883, "gridcode": 5, "Shape_Length": 3.9930231861308994e-05, "Shape_Area": 9.8706804380770705e-11 }, "geometry": { "type": "MultiPolygon", "coordinates": [ [ [ [ 150.57724561200007, -35.007285026999966 ], [ 150.577245878000099, -35.00727601799997 ], [ 150.577234928000053, -35.007275798999956 ], [ 150.577234662000023, -35.007284807999952 ], [ 150.57724561200007, -35.007285026999966 ] ] ] ] } },
{ "type": "Feature", "properties": { "OBJECTID": 884, "gridcode": 5, "Shape_Length": 5.7957063554133948e-05, "Shape_Area": 1.9741881666979473e-10 }, "geometry": { "type": "MultiPolygon", "coordinates": [ [ [ [ 150.5772573590001, -35.007258217999947 ], [ 150.577256827000042, -35.007276235999939 ], [ 150.577267777000088, -35.007276454999953 ], [ 150.577268309000033, -35.007258435999972 ], [ 150.5772573590001, -35.007258217999947 ] ] ] ] } },
{ "type": "Feature", "properties": { "OBJECTID": 886, "gridcode": 5, "Shape_Length": 9.7888215931217306e-05, "Shape_Area": 3.9482832102730143e-10 }, "geometry": { "type": "MultiPolygon", "coordinates": [ [ [ [ 150.577957884000057, -35.007281219999982 ], [ 150.577957618000028, -35.007290229999967 ], [ 150.577968568000074, -35.007290447999935 ], [ 150.577969099000029, -35.007272429999944 ], [ 150.577958149000096, -35.007272210999929 ], [ 150.577958415000012, -35.007263201999933 ], [ 150.577947465000079, -35.007262982999976 ], [ 150.577946934000011, -35.007281001999957 ], [ 150.577957884000057, -35.007281219999982 ] ] ] ] } },
{ "type": "Feature", "properties": { "OBJECTID": 892, "gridcode": 5, "Shape_Length": 3.9930182219565343e-05, "Shape_Area": 9.8707532373075217e-11 }, "geometry": { "type": "MultiPolygon", "coordinates": [ [ [ [ 150.57725417000006, -35.007366329999968 ], [ 150.5772544350001, -35.007357319999983 ], [ 150.577243486000043, -35.007357101999958 ], [ 150.577243220000014, -35.007366110999953 ], [ 150.57725417000006, -35.007366329999968 ] ] ] ] } },
{ "type": "Feature", "properties": { "OBJECTID": 893, "gridcode": 5, "Shape_Length": 0.00017387111291435585, "Shape_Area": 9.8711378651648151e-10 }, "geometry": { "type": "MultiPolygon", "coordinates": [ [ [ [ 150.577998761000117, -35.007381197999962 ], [ 150.577998495000088, -35.007390206999958 ], [ 150.578009445000021, -35.007390425999972 ], [ 150.578010242000119, -35.007363397999939 ], [ 150.577999292000072, -35.007363178999981 ], [ 150.577999558000101, -35.007354169999928 ], [ 150.577988608000055, -35.00735395099997 ], [ 150.57798913900001, -35.007335931999933 ], [ 150.577978189000078, -35.007335713999964 ], [ 150.577977126000064, -35.007371750999937 ], [ 150.577988076000111, -35.007371969999951 ], [ 150.577987811000071, -35.007380978999947 ], [ 150.577998761000117, -35.007381197999962 ] ] ] ] } },
{ "type": "Feature", "properties": { "OBJECTID": 895, "gridcode": 5, "Shape_Length": 5.7958083058136164e-05, "Shape_Area": 1.9742455760907675e-10 }, "geometry": { "type": "MultiPolygon", "coordinates": [ [ [ [ 150.577242954000099, -35.007375119999949 ], [ 150.57724242200004, -35.00739313899993 ], [ 150.577253372000087, -35.007393357999945 ], [ 150.577253904000031, -35.007375338999964 ], [ 150.577242954000099, -35.007375119999949 ] ] ] ] } },
{ "type": "Feature", "properties": { "OBJECTID": 897, "gridcode": 5, "Shape_Length": 3.993120160840647e-05, "Shape_Area": 9.8713139289208706e-11 }, "geometry": { "type": "MultiPolygon", "coordinates": [ [ [ [ 150.577252043000044, -35.007438404999959 ], [ 150.577252309000073, -35.007429394999974 ], [ 150.577241359000027, -35.00742917599996 ], [ 150.577241094000101, -35.007438185999945 ], [ 150.577252043000044, -35.007438404999959 ] ] ] ] } },
{ "type": "Feature", "properties": { "OBJECTID": 898, "gridcode": 5, "Shape_Length": 3.993115243641605e-05, "Shape_Area": 9.8711927302025299e-11 }, "geometry": { "type": "MultiPolygon", "coordinates": [ [ [ [ 150.577262728000051, -35.00744763299997 ], [ 150.57726299300009, -35.007438622999985 ], [ 150.577252043000044, -35.007438404999959 ], [ 150.577251778000118, -35.007447413999955 ], [ 150.577262728000051, -35.00744763299997 ] ] ] ] } },
{ "type": "Feature", "properties": { "OBJECTID": 899, "gridcode": 5, "Shape_Length": 3.9931211345733572e-05, "Shape_Area": 9.8712145784614071e-11 }, "geometry": { "type": "MultiPolygon", "coordinates": [ [ [ [ 150.577316945000121, -35.007466744999931 ], [ 150.577317211000036, -35.007457734999946 ], [ 150.577306261000103, -35.007457516999978 ], [ 150.577305995000074, -35.007466525999973 ], [ 150.577316945000121, -35.007466744999931 ] ] ] ] } },
{ "type": "Feature", "properties": { "OBJECTID": 901, "gridcode": 5, "Shape_Length": 6.183354209309512e-05, "Shape_Area": 1.9740861877495859e-10 }, "geometry": { "type": "MultiPolygon", "coordinates": [ [ [ [ 150.577273146000039, -35.007465869999976 ], [ 150.577295046000017, -35.007466306999959 ], [ 150.577295311000057, -35.007457297999963 ], [ 150.577273412000068, -35.00745686099998 ], [ 150.577273146000039, -35.007465869999976 ] ] ] ] } },
{ "type": "Feature", "properties": { "OBJECTID": 923, "gridcode": 5, "Shape_Length": 3.9931211465020869e-05, "Shape_Area": 9.8712146324285482e-11 }, "geometry": { "type": "MultiPolygon", "coordinates": [ [ [ [ 150.577539186000081, -35.007732607999969 ], [ 150.57753945200011, -35.007723597999984 ], [ 150.577528502000064, -35.007723379999959 ], [ 150.577528236000035, -35.007732388999955 ], [ 150.577539186000081, -35.007732607999969 ] ] ] ] } },
{ "type": "Feature", "properties": { "OBJECTID": 927, "gridcode": 5, "Shape_Length": 3.9930181992236919e-05, "Shape_Area": 9.8707531348813654e-11 }, "geometry": { "type": "MultiPolygon", "coordinates": [ [ [ [ 150.577538654000023, -35.007750625999961 ], [ 150.577538920000052, -35.007741616999965 ], [ 150.577527970000119, -35.007741397999951 ], [ 150.57752770500008, -35.007750407999936 ], [ 150.577538654000023, -35.007750625999961 ] ] ] ] } },
{ "type": "Feature", "properties": { "OBJECTID": 930, "gridcode": 5, "Shape_Length": 3.9931211403688711e-05, "Shape_Area": 9.8712146103391966e-11 }, "geometry": { "type": "MultiPolygon", "coordinates": [ [ [ [ 150.578293933000054, -35.007774720999976 ], [ 150.578294199000084, -35.007765710999934 ], [ 150.578283249000037, -35.007765492999965 ], [ 150.578282983000122, -35.007774501999961 ], [ 150.578293933000054, -35.007774720999976 ] ] ] ] } },
{ "type": "Feature", "properties": { "OBJECTID": 933, "gridcode": 5, "Shape_Length": 3.9931211403688711e-05, "Shape_Area": 9.8712146103391966e-11 }, "geometry": { "type": "MultiPolygon", "coordinates": [ [ [ [ 150.578030869000031, -35.007778483999971 ], [ 150.57803113500006, -35.007769473999929 ], [ 150.578020185000014, -35.00776925599996 ], [ 150.578019919000099, -35.007778264999956 ], [ 150.578030869000031, -35.007778483999971 ] ] ] ] } },
{ "type": "Feature", "properties": { "OBJECTID": 936, "gridcode": 5, "Shape_Length": 0.0015481828310839869, "Shape_Area": 2.8428378301511194e-08 }, "geometry": { "type": "MultiPolygon", "coordinates": [ [ [ [ 150.578229296000018, -35.007737371999951 ], [ 150.578227968000078, -35.007782417999977 ], [ 150.578238918000011, -35.007782636999934 ], [ 150.578239715000109, -35.007755608999958 ], [ 150.578250665000041, -35.007755827999972 ], [ 150.578251462000026, -35.007728798999949 ], [ 150.578240512000093, -35.007728580999981 ], [ 150.578241043000048, -35.007710561999943 ], [ 150.578251993000094, -35.007710780999957 ], [ 150.578253056000108, -35.007674742999939 ], [ 150.578242106000062, -35.00767452499997 ], [ 150.578242637000017, -35.007656505999933 ], [ 150.578231687000084, -35.007656286999975 ], [ 150.578232219000029, -35.007638268999983 ], [ 150.578243169000075, -35.007638486999952 ], [ 150.578243434000115, -35.007629477999956 ], [ 150.578232484000068, -35.007629258999941 ], [ 150.578233016000013, -35.00761124099995 ], [ 150.57822206600008, -35.007611021999935 ], [ 150.578221800000051, -35.007620030999931 ], [ 150.578210850000119, -35.007619812999963 ], [ 150.578211382000063, -35.007601793999982 ], [ 150.578200432000017, -35.007601575999956 ], [ 150.578200697000057, -35.007592565999971 ], [ 150.578189748000113, -35.007592347999946 ], [ 150.578190013000039, -35.007583337999961 ], [ 150.578168113000061, -35.007582900999978 ], [ 150.578168645000119, -35.00756488199994 ], [ 150.578157695000073, -35.007564663999972 ], [ 150.578157961000102, -35.00755565399993 ], [ 150.578136061, -35.007555216999947 ], [ 150.578136592000078, -35.007537198999955 ], [ 150.57809279300011, -35.007536323999943 ], [ 150.578093324000065, -35.007518304999962 ], [ 150.578082374000019, -35.007518086999937 ], [ 150.578082640000048, -35.007509076999952 ], [ 150.578071690000115, -35.007508858999984 ], [ 150.578072487000099, -35.00748183099995 ], [ 150.578061537000053, -35.007481611999935 ], [ 150.578062334000037, -35.007454583999959 ], [ 150.578040434000059, -35.007454146999976 ], [ 150.578040966000117, -35.007436127999938 ], [ 150.578030016000071, -35.00743590999997 ], [ 150.5780302820001, -35.007426899999984 ], [ 150.578019332000054, -35.007426681999959 ], [ 150.578018800000109, -35.007444699999951 ], [ 150.578029750000042, -35.007444918999965 ], [ 150.578028953000057, -35.007471946999942 ], [ 150.578039903000104, -35.007472165999957 ], [ 150.578039372000035, -35.007490183999948 ], [ 150.578050322000081, -35.007490402999963 ], [ 150.578049790000023, -35.007508421999944 ], [ 150.578060740000069, -35.007508639999969 ], [ 150.578060209000114, -35.00752665899995 ], [ 150.578071159000046, -35.007526877999965 ], [ 150.578070096000033, -35.007562914999937 ], [ 150.578081046000079, -35.007563133999952 ], [ 150.578079983000066, -35.007599170999981 ], [ 150.578090933000112, -35.007599389999939 ], [ 150.578090401000054, -35.00761740799993 ], [ 150.5781013510001, -35.007617626999945 ], [ 150.578100820000031, -35.007635645999983 ], [ 150.578111770000078, -35.007635863999951 ], [ 150.578110441000035, -35.007680910999966 ], [ 150.578121391000082, -35.00768112999998 ], [ 150.578121126000042, -35.007690138999976 ], [ 150.578110176000109, -35.007689919999962 ], [ 150.578109644000051, -35.007707938999943 ], [ 150.578098694000118, -35.007707719999985 ], [ 150.578098429000079, -35.00771672999997 ], [ 150.578087479000033, -35.007716510999956 ], [ 150.578087213000117, -35.007725519999951 ], [ 150.578054363000092, -35.007724864999943 ], [ 150.578054098000052, -35.007733873999939 ], [ 150.57804314800012, -35.007733654999981 ], [ 150.578042616000062, -35.007751673999962 ], [ 150.578031666000015, -35.007751454999948 ], [ 150.57803113500006, -35.007769473999929 ], [ 150.578042085000106, -35.007769692999943 ], [ 150.578042351000022, -35.007760682999958 ], [ 150.578053301000068, -35.007760901999973 ], [ 150.578053566000108, -35.007751892999977 ], [ 150.57806451600004, -35.007752110999945 ], [ 150.578064251000114, -35.00776112099993 ], [ 150.578075200000058, -35.007761338999956 ], [ 150.578075466000087, -35.00775232999996 ], [ 150.578097366000065, -35.007752766999943 ], [ 150.578097632000095, -35.007743757999947 ], [ 150.578119531000084, -35.00774419499993 ], [ 150.578119797000113, -35.007735185999934 ], [ 150.578152647000024, -35.007735840999942 ], [ 150.578152913000054, -35.007726831999946 ], [ 150.578196712000022, -35.007727705999969 ], [ 150.578196978000051, -35.007718696999973 ], [ 150.57821887800003, -35.007719133999956 ], [ 150.578218346000085, -35.007737152999937 ], [ 150.578229296000018, -35.007737371999951 ] ] ] ] } },
{ "type": "Feature", "properties": { "OBJECTID": 941, "gridcode": 5, "Shape_Length": 6.1834571340916694e-05, "Shape_Area": 1.9741334172500029e-10 }, "geometry": { "type": "MultiPolygon", "coordinates": [ [ [ [ 150.578280592000056, -35.007855585999948 ], [ 150.578302492000034, -35.007856022999931 ], [ 150.578302758000063, -35.007847013999935 ], [ 150.578280858000085, -35.007846576999953 ], [ 150.578280592000056, -35.007855585999948 ] ] ] ] } },
{ "type": "Feature", "properties": { "OBJECTID": 950, "gridcode": 5, "Shape_Length": 3.9930181992236919e-05, "Shape_Area": 9.8707531348813654e-11 }, "geometry": { "type": "MultiPolygon", "coordinates": [ [ [ [ 150.578241100000014, -35.008080163999978 ], [ 150.578241366000043, -35.008071154999982 ], [ 150.57823041600011, -35.008070935999967 ], [ 150.578230151000071, -35.008079945999953 ], [ 150.578241100000014, -35.008080163999978 ] ] ] ] } },
{ "type": "Feature", "properties": { "OBJECTID": 951, "gridcode": 5, "Shape_Length": 0.0067959674259763158, "Shape_Area": 1.5477663579296068e-07 }, "geometry": { "type": "MultiPolygon", "coordinates": [ [ [ [ 150.577627051000036, -35.007725346999962 ], [ 150.57762678500012, -35.007734356999947 ], [ 150.577615835000074, -35.007734137999932 ], [ 150.577616101000103, -35.007725128999937 ], [ 150.577627051000036, -35.007725346999962 ] ] ], [ [ [ 150.577953954000122, -35.007785962999947 ], [ 150.577953688000093, -35.007794971999942 ], [ 150.577931789000104, -35.00779453499996 ], [ 150.57793205400003, -35.007785524999974 ], [ 150.577953954000122, -35.007785962999947 ], [ 150.577954486000067, -35.007767943999966 ], [ 150.577943536000021, -35.007767724999951 ], [ 150.57794380100006, -35.007758715999955 ], [ 150.577954751000107, -35.00775893499997 ], [ 150.577955017000022, -35.007749924999985 ], [ 150.577965967000068, -35.007750143999942 ], [ 150.577964904000055, -35.007786180999972 ], [ 150.577953954000122, -35.007785962999947 ] ] ], [ [ [ 150.577997222000022, -35.00780485599995 ], [ 150.577996957000096, -35.007813864999946 ], [ 150.57798600700005, -35.007813645999931 ], [ 150.577986273000079, -35.007804636999936 ], [ 150.577997222000022, -35.00780485599995 ] ] ], [ [ [ 150.577737934000083, -35.008052088999932 ], [ 150.577737668000054, -35.008061097999985 ], [ 150.577726718000122, -35.00806087999996 ], [ 150.577726984000037, -35.008051869999974 ], [ 150.577716034000105, -35.008051651999949 ], [ 150.57771630000002, -35.008042641999964 ], [ 150.577705350000087, -35.008042423999939 ], [ 150.577705881000043, -35.008024404999958 ], [ 150.57769493100011, -35.008024185999943 ], [ 150.577695197000025, -35.008015176999947 ], [ 150.577728047000051, -35.008015832999945 ], [ 150.577727515000106, -35.008033851999983 ], [ 150.577738465000039, -35.008034069999951 ], [ 150.577738199, -35.008043079999936 ], [ 150.577727249000077, -35.008042860999979 ], [ 150.577726984000037, -35.008051869999974 ], [ 150.577737934000083, -35.008052088999932 ] ], [ [ 150.577802039000062, -35.008107456999937 ], [ 150.577801773000033, -35.008116465999933 ], [ 150.577812723000079, -35.008116684999948 ], [ 150.577812989000108, -35.008107675999952 ], [ 150.577823939000041, -35.008107893999977 ], [ 150.577825799000038, -35.008044828999971 ], [ 150.577836749000085, -35.008045046999939 ], [ 150.577837015000114, -35.008036037999943 ], [ 150.577847965000046, -35.008036256999958 ], [ 150.577848230000086, -35.008027246999973 ], [ 150.577859180000019, -35.00802746599993 ], [ 150.577859712000077, -35.008009446999949 ], [ 150.577870662, -35.008009665999964 ], [ 150.577870927000049, -35.008000656999968 ], [ 150.577881877000095, -35.008000874999937 ], [ 150.57788240900004, -35.007982856999945 ], [ 150.577893359000086, -35.00798307499997 ], [ 150.577893625000115, -35.007974065999974 ], [ 150.577915524000105, -35.007974502999957 ], [ 150.577916322000078, -35.00794747499998 ], [ 150.577905372000032, -35.007947255999966 ], [ 150.577904840000087, -35.007965274999947 ], [ 150.577828191000094, -35.007963744999984 ], [ 150.577827925000065, -35.007972753999979 ], [ 150.577806025000086, -35.00797231699994 ], [ 150.577805759000057, -35.007981325999936 ], [ 150.577783859000078, -35.007980888999953 ], [ 150.577783594000039, -35.007989897999948 ], [ 150.577772644000106, -35.00798967999998 ], [ 150.577772378000077, -35.007998688999976 ], [ 150.577750478000098, -35.007998251999936 ], [ 150.577750212000069, -35.008007260999932 ], [ 150.57772831200009, -35.008006823999949 ], [ 150.577728578000119, -35.007997813999964 ], [ 150.577717628000073, -35.007997595999939 ], [ 150.577717894000102, -35.007988585999954 ], [ 150.577706944000056, -35.007988367999928 ], [ 150.577707475000011, -35.007970348999947 ], [ 150.577696526000068, -35.007970129999933 ], [ 150.577697057000023, -35.007952111999941 ], [ 150.577708007000069, -35.007952329999966 ], [ 150.577708273000098, -35.007943320999971 ], [ 150.577730173000077, -35.007943757999954 ], [ 150.577730438000117, -35.007934748999958 ], [ 150.577741388000049, -35.007934967999972 ], [ 150.577742983000121, -35.007880910999972 ], [ 150.577753933000054, -35.00788112999993 ], [ 150.577754730000038, -35.007854101999953 ], [ 150.577765680000084, -35.007854320999968 ], [ 150.577766211000039, -35.00783630199993 ], [ 150.577777161000085, -35.007836520999945 ], [ 150.577777427000115, -35.007827510999959 ], [ 150.577788377000047, -35.007827729999974 ], [ 150.577788642000087, -35.007818720999978 ], [ 150.577810542000066, -35.007819157999961 ], [ 150.577810808000095, -35.007810148999965 ], [ 150.577832708000074, -35.007810585999948 ], [ 150.577832974000103, -35.007801575999963 ], [ 150.57789867300005, -35.007802887999958 ], [ 150.577899470000034, -35.007775859999981 ], [ 150.57791042000008, -35.007776078999939 ], [ 150.577910154000051, -35.007785087999935 ], [ 150.577921104000097, -35.007785306999949 ], [ 150.577920839000058, -35.007794315999945 ], [ 150.577909889000011, -35.00779409699993 ], [ 150.577909357000067, -35.007812115999968 ], [ 150.577920307000113, -35.007812334999983 ], [ 150.577920042000073, -35.007821343999979 ], [ 150.577952891000109, -35.007822 ], [ 150.577952626000069, -35.007831008999972 ], [ 150.577963576000116, -35.00783122799993 ], [ 150.577962513000102, -35.007867264999959 ], [ 150.577951563000056, -35.007867046999934 ], [ 150.577950766000072, -35.007894074999967 ], [ 150.577939816000026, -35.007893855999953 ], [ 150.577939284000081, -35.007911874999934 ], [ 150.577928334000035, -35.007911655999976 ], [ 150.57792780300008, -35.007929674999957 ], [ 150.577949703000058, -35.00793011199994 ], [ 150.577949969000088, -35.007921102999944 ], [ 150.577960918000031, -35.007921320999969 ], [ 150.57796118400006, -35.007912311999974 ], [ 150.577972134000106, -35.007912530999931 ], [ 150.577972400000021, -35.007903520999946 ], [ 150.577994300000114, -35.007903958999975 ], [ 150.57799456500004, -35.007894948999933 ], [ 150.578016465000019, -35.007895385999973 ], [ 150.578016731000048, -35.007886376999977 ], [ 150.578038631000027, -35.00788681399996 ], [ 150.578039162000096, -35.007868795999968 ], [ 150.578028212000049, -35.007868576999954 ], [ 150.578028478000078, -35.007859567999958 ], [ 150.578017528000032, -35.007859348999943 ], [ 150.578017794000061, -35.007850339999948 ], [ 150.578006844000015, -35.007850120999933 ], [ 150.578007641000113, -35.007823092999956 ], [ 150.578018591000045, -35.007823311999971 ], [ 150.578019919000099, -35.007778264999956 ], [ 150.577998020000109, -35.007777827999973 ], [ 150.577998285000035, -35.007768817999931 ], [ 150.577987335000103, -35.007768599999963 ], [ 150.577988132000087, -35.007741571999929 ], [ 150.57797718300003, -35.007741352999972 ], [ 150.57797744800007, -35.007732343999976 ], [ 150.577966498000023, -35.007732124999961 ], [ 150.577966764000053, -35.007723115999966 ], [ 150.577933914000027, -35.007722459999968 ], [ 150.577933649000101, -35.007731468999964 ], [ 150.577922699000055, -35.007731250999939 ], [ 150.577922433000026, -35.007740259999935 ], [ 150.577911483000094, -35.007740040999977 ], [ 150.577910952000025, -35.007758059999958 ], [ 150.577867152000067, -35.007757185999935 ], [ 150.577867418000096, -35.00774817599995 ], [ 150.577834568000071, -35.007747519999953 ], [ 150.577835365000055, -35.007720491999976 ], [ 150.577846315000102, -35.007720710999934 ], [ 150.577847112000086, -35.007693682999957 ], [ 150.57783616200004, -35.007693463999942 ], [ 150.577836694000098, -35.007675445999951 ], [ 150.577825744000052, -35.007675226999936 ], [ 150.577826009000091, -35.00766621799994 ], [ 150.577815060000034, -35.007665998999983 ], [ 150.577815325000074, -35.00765698999993 ], [ 150.577804375000028, -35.007656770999972 ], [ 150.577804641000057, -35.007647761999976 ], [ 150.577782741000078, -35.007647323999947 ], [ 150.577783007000107, -35.007638314999951 ], [ 150.577761107000015, -35.007637877999969 ], [ 150.577760842000089, -35.007646886999964 ], [ 150.577706092000085, -35.007645793999984 ], [ 150.577705826000056, -35.00765480299998 ], [ 150.57769487600001, -35.007654584999955 ], [ 150.577695142000039, -35.00764557499997 ], [ 150.577684192000106, -35.007645356999944 ], [ 150.577683926000077, -35.00765436599994 ], [ 150.57767297700002, -35.007654146999982 ], [ 150.577673508000089, -35.007636128999934 ], [ 150.577662558000043, -35.007635909999976 ], [ 150.577662824000072, -35.007626900999981 ], [ 150.577651874000026, -35.007626681999966 ], [ 150.577652140000055, -35.00761767299997 ], [ 150.577641190000122, -35.007617453999956 ], [ 150.577641721000077, -35.007599434999975 ], [ 150.577630771000031, -35.007599216999949 ], [ 150.57763103700006, -35.007590206999964 ], [ 150.577641987000106, -35.007590425999979 ], [ 150.577642519000051, -35.007572406999941 ], [ 150.577653468000108, -35.007572625999956 ], [ 150.577653734000023, -35.00756361699996 ], [ 150.577675634000116, -35.007564053999943 ], [ 150.577675900000031, -35.007555043999957 ], [ 150.577686850000077, -35.007555262999972 ], [ 150.577687115000117, -35.007546253999976 ], [ 150.577676165000071, -35.007546034999962 ], [ 150.5776764310001, -35.007537025999966 ], [ 150.577665481000054, -35.007536806999951 ], [ 150.577665747000083, -35.007527797999956 ], [ 150.577654797000037, -35.007527578999941 ], [ 150.577655063000066, -35.007518569999945 ], [ 150.577600313000062, -35.007517476999965 ], [ 150.577600048000022, -35.007526485999961 ], [ 150.57758909800009, -35.007526266999946 ], [ 150.577589364000119, -35.00751725799995 ], [ 150.577578414000072, -35.007517038999936 ], [ 150.577578148000043, -35.007526048999978 ], [ 150.577567198000111, -35.007525829999963 ], [ 150.577567464000026, -35.007516820999967 ], [ 150.577556514000094, -35.007516601999953 ], [ 150.57755678, -35.007507592999957 ], [ 150.577545830000076, -35.007507373999943 ], [ 150.57754689300009, -35.00747133699997 ], [ 150.577557843000022, -35.007471554999938 ], [ 150.577558374000091, -35.007453536999947 ], [ 150.577525524000066, -35.007452880999949 ], [ 150.577525259000026, -35.007461889999945 ], [ 150.577514309000094, -35.00746167099993 ], [ 150.577514575, -35.007452661999935 ], [ 150.577503625000077, -35.007452442999977 ], [ 150.577503890000116, -35.007443433999981 ], [ 150.57749294100006, -35.007443214999967 ], [ 150.577493472000015, -35.007425196999975 ], [ 150.577504422000061, -35.007425414999943 ], [ 150.577504954000119, -35.007407396999952 ], [ 150.577494004000073, -35.007407177999937 ], [ 150.577494535000028, -35.007389158999956 ], [ 150.577483585000095, -35.007388939999942 ], [ 150.577483320000056, -35.007397949999984 ], [ 150.57747237000001, -35.007397730999969 ], [ 150.577472635000049, -35.007388721999973 ], [ 150.57745073600006, -35.007388284999934 ], [ 150.577450470000031, -35.007397293999929 ], [ 150.577439520000098, -35.007397074999972 ], [ 150.577439786000014, -35.007388065999976 ], [ 150.57745073600006, -35.007388284999934 ], [ 150.577451799000073, -35.007352246999972 ], [ 150.577462749000119, -35.007352465999929 ], [ 150.577463280000075, -35.007334446999948 ], [ 150.577452330000028, -35.007334227999934 ], [ 150.577452596000057, -35.007325218999938 ], [ 150.577441646000011, -35.007325 ], [ 150.577441380000096, -35.007334009999965 ], [ 150.57740853100006, -35.007333353999968 ], [ 150.577408797000089, -35.007324343999983 ], [ 150.577397847000043, -35.007324125999958 ], [ 150.577398644000027, -35.007297097999981 ], [ 150.577409594000073, -35.007297315999949 ], [ 150.577409860000103, -35.007288306999953 ], [ 150.577420809000046, -35.007288525999968 ], [ 150.577421075000075, -35.007279515999983 ], [ 150.577410125000029, -35.007279297999958 ], [ 150.577410391000058, -35.007270287999972 ], [ 150.577388491000079, -35.007269850999933 ], [ 150.577388226000039, -35.007278859999928 ], [ 150.577377276000107, -35.00727864199996 ], [ 150.577377010000077, -35.007287650999956 ], [ 150.577366060000031, -35.007287431999941 ], [ 150.57736632600006, -35.007278422999946 ], [ 150.577377276000107, -35.00727864199996 ], [ 150.577377542000022, -35.007269631999975 ], [ 150.577355642000043, -35.007269194999935 ], [ 150.577355376000014, -35.007278203999931 ], [ 150.577344426000082, -35.007277985999963 ], [ 150.577343895000013, -35.007296003999954 ], [ 150.577321995000034, -35.007295566999971 ], [ 150.577321729000118, -35.007304575999967 ], [ 150.577277930000037, -35.007303701999945 ], [ 150.577278196000066, -35.007294691999959 ], [ 150.577267246000019, -35.007294473999934 ], [ 150.577266448000046, -35.007321501999968 ], [ 150.577255499000103, -35.007321282999953 ], [ 150.577255233000074, -35.007330291999949 ], [ 150.577288082000109, -35.007330947999947 ], [ 150.577288348000025, -35.007321938999951 ], [ 150.577299298000071, -35.007322157999965 ], [ 150.577299032000042, -35.007331166999961 ], [ 150.577320932000021, -35.007331603999944 ], [ 150.57732119800005, -35.007322594999948 ], [ 150.577343097000039, -35.007323031999931 ], [ 150.577342832000113, -35.007332041999973 ], [ 150.577353782000046, -35.007332259999941 ], [ 150.577353516000016, -35.007341269999984 ], [ 150.577364466000063, -35.007341487999952 ], [ 150.577364200000034, -35.007350497999937 ], [ 150.57737515000008, -35.007350715999962 ], [ 150.577374087000067, -35.007386753999981 ], [ 150.57736313700002, -35.007386534999966 ], [ 150.577362605000076, -35.007404553999947 ], [ 150.577318806000108, -35.007403678999935 ], [ 150.577318540000078, -35.007412688999977 ], [ 150.577307590000032, -35.007412469999963 ], [ 150.577307324000117, -35.007421478999959 ], [ 150.577318274000049, -35.007421697999973 ], [ 150.577317211000036, -35.007457734999946 ], [ 150.577350061000061, -35.007458390999943 ], [ 150.577349795000032, -35.007467400999928 ], [ 150.577338845000099, -35.007467181999971 ], [ 150.57733857900007, -35.007476190999967 ], [ 150.577349529000116, -35.007476409999981 ], [ 150.577349263000087, -35.007485418999977 ], [ 150.57736021300002, -35.007485637999935 ], [ 150.577359948000094, -35.00749464699993 ], [ 150.577403747000062, -35.007495521999942 ], [ 150.577402950000078, -35.007522549999976 ], [ 150.577381050000099, -35.007522112999936 ], [ 150.57738078400007, -35.007531121999932 ], [ 150.577369834000024, -35.007530902999974 ], [ 150.577369569000098, -35.00753991299996 ], [ 150.577413368000066, -35.007540786999982 ], [ 150.577413634000095, -35.00753177799993 ], [ 150.577457433000063, -35.007532652999942 ], [ 150.577457168000024, -35.007541661999937 ], [ 150.57746811800007, -35.007541880999952 ], [ 150.577467320000096, -35.007568908999929 ], [ 150.577478270000029, -35.007569126999954 ], [ 150.577478004000113, -35.007578136999939 ], [ 150.577521804000071, -35.007579010999962 ], [ 150.577521538000042, -35.007588020999947 ], [ 150.577532488000088, -35.007588238999972 ], [ 150.577532754000117, -35.007579229999976 ], [ 150.577554654000096, -35.007579666999959 ], [ 150.577554919000022, -35.007570657999963 ], [ 150.577565869000068, -35.007570876999978 ], [ 150.577566401000013, -35.00755285799994 ], [ 150.57755545100008, -35.007552638999982 ], [ 150.577555717000109, -35.00754362999993 ], [ 150.577544767000063, -35.007543410999972 ], [ 150.577545032000103, -35.007534401999976 ], [ 150.577555982000035, -35.007534620999934 ], [ 150.577555717000109, -35.00754362999993 ], [ 150.577566667000042, -35.007543848999944 ], [ 150.577566932000082, -35.007534838999959 ], [ 150.577577882000014, -35.007535057999974 ], [ 150.577577616000099, -35.007544066999969 ], [ 150.577599516000078, -35.007544504999942 ], [ 150.577598985000122, -35.007562522999933 ], [ 150.577588035000076, -35.007562304999965 ], [ 150.577586706000034, -35.007607350999933 ], [ 150.57759765600008, -35.007607569999948 ], [ 150.577597390000051, -35.007616578999944 ], [ 150.57761929000003, -35.007617016999973 ], [ 150.577619024000114, -35.007626025999969 ], [ 150.577640924000093, -35.007626462999951 ], [ 150.577640393000024, -35.007644481999932 ], [ 150.577629443000092, -35.007644262999975 ], [ 150.577629177000063, -35.00765327299996 ], [ 150.577618227000016, -35.007653053999945 ], [ 150.577617961000101, -35.007662062999941 ], [ 150.577596061000122, -35.007661625999958 ], [ 150.577596593000067, -35.007643606999977 ], [ 150.57758564300002, -35.007643388999952 ], [ 150.577585909000049, -35.007634378999967 ], [ 150.577542109000092, -35.007633504999944 ], [ 150.577541843000063, -35.00764251399994 ], [ 150.57753089400012, -35.007642295999972 ], [ 150.57753062800009, -35.007651304999968 ], [ 150.577519678000044, -35.007651085999953 ], [ 150.577520209000113, -35.007633066999972 ], [ 150.577487360000077, -35.007632411999964 ], [ 150.577487094000048, -35.00764142099996 ], [ 150.577476144000116, -35.007641201999945 ], [ 150.577474815000073, -35.00768624899996 ], [ 150.577485765000119, -35.007686467999974 ], [ 150.577486031000035, -35.007677457999932 ], [ 150.577496981000081, -35.007677676999947 ], [ 150.577496715000052, -35.007686685999943 ], [ 150.577518615000031, -35.007687123999972 ], [ 150.577518349000115, -35.007696132999968 ], [ 150.577529299000048, -35.007696351999982 ], [ 150.577528768000093, -35.007714369999974 ], [ 150.577561617000015, -35.007715025999971 ], [ 150.577561352000089, -35.007724035999956 ], [ 150.577583251000078, -35.007724472999939 ], [ 150.577582986000039, -35.007733481999935 ], [ 150.577604885000028, -35.007733919999964 ], [ 150.577604088000044, -35.007760947999941 ], [ 150.57761503800009, -35.007761165999966 ], [ 150.577614772000061, -35.007770175999951 ], [ 150.577625722000107, -35.007770393999976 ], [ 150.577625988000023, -35.007761384999981 ], [ 150.577636938000069, -35.007761603999938 ], [ 150.57763667200004, -35.007770612999934 ], [ 150.577647622000086, -35.007770831999949 ], [ 150.577647356000057, -35.007779840999945 ], [ 150.577614507000021, -35.007779184999947 ], [ 150.577614772000061, -35.007770175999951 ], [ 150.577603822000015, -35.007769956999937 ], [ 150.577604088000044, -35.007760947999941 ], [ 150.577571238000019, -35.007760291999944 ], [ 150.577570973000093, -35.007769300999939 ], [ 150.577527173000021, -35.007768425999984 ], [ 150.57752770500008, -35.007750407999936 ], [ 150.577516755000033, -35.007750188999978 ], [ 150.577516223000089, -35.007768207999959 ], [ 150.577505273000043, -35.007767988999944 ], [ 150.577503679000074, -35.007822044999955 ], [ 150.57751462900012, -35.007822263999969 ], [ 150.577514363000091, -35.007831272999965 ], [ 150.577547213000116, -35.007831928999963 ], [ 150.577546681000058, -35.007849947999944 ], [ 150.577557631000104, -35.007850165999969 ], [ 150.577557365000075, -35.007859175999954 ], [ 150.577601165000033, -35.007860049999977 ], [ 150.577600899000117, -35.007869059999962 ], [ 150.577666599000054, -35.007870371999957 ], [ 150.57766553600004, -35.007906408999929 ], [ 150.577654586000108, -35.007906189999972 ], [ 150.577653523000095, -35.007942227999933 ], [ 150.577664473000027, -35.007942445999959 ], [ 150.577664207000112, -35.007951455999944 ], [ 150.57768610700009, -35.007951892999984 ], [ 150.577685841000061, -35.007960901999979 ], [ 150.577674891000015, -35.007960683999954 ], [ 150.577674626000089, -35.00796969299995 ], [ 150.577685576000022, -35.007969911999965 ], [ 150.577685310000106, -35.00797892099996 ], [ 150.577696260000039, -35.007979139999975 ], [ 150.57769599400001, -35.007988148999971 ], [ 150.577663144000098, -35.007987492999973 ], [ 150.577663410000014, -35.007978483999977 ], [ 150.577652460000081, -35.007978264999963 ], [ 150.57765272600011, -35.007969255999967 ], [ 150.577619876000085, -35.00796859999997 ], [ 150.577619079000101, -35.007995627999946 ], [ 150.57764097900008, -35.007996064999929 ], [ 150.577640713000051, -35.008005074999971 ], [ 150.577651663000097, -35.00800529299994 ], [ 150.577651397000068, -35.008014302999982 ], [ 150.577684247000093, -35.008014958999979 ], [ 150.577683715000035, -35.008032976999971 ], [ 150.577694665000081, -35.008033195999928 ], [ 150.577694134000012, -35.008051214999966 ], [ 150.577705084000058, -35.008051432999935 ], [ 150.577704818000029, -35.008060442999977 ], [ 150.577715768000076, -35.008060660999945 ], [ 150.57771523700012, -35.008078679999983 ], [ 150.57773713600011, -35.008079116999966 ], [ 150.577736605000041, -35.008097135999947 ], [ 150.577769455000066, -35.008097791999944 ], [ 150.577769189000037, -35.00810680099994 ], [ 150.577802039000062, -35.008107456999937 ] ] ] ] } },
{ "type": "Feature", "properties": { "OBJECTID": 952, "gridcode": 5, "Shape_Length": 5.7957984356809349e-05, "Shape_Area": 1.9742380892497727e-10 }, "geometry": { "type": "MultiPolygon", "coordinates": [ [ [ [ 150.57868845500002, -35.008143181999969 ], [ 150.578687924000064, -35.00816120099995 ], [ 150.578698874000111, -35.008161418999975 ], [ 150.578699405000066, -35.008143399999938 ], [ 150.57868845500002, -35.008143181999969 ] ] ] ] } },
{ "type": "Feature", "properties": { "OBJECTID": 954, "gridcode": 5, "Shape_Length": 3.9931211293379651e-05, "Shape_Area": 9.8712145603681469e-11 }, "geometry": { "type": "MultiPolygon", "coordinates": [ [ [ [ 150.578698077000013, -35.008188446999952 ], [ 150.578698343000042, -35.008179437999956 ], [ 150.578687393000109, -35.008179218999942 ], [ 150.57868712700008, -35.008188228999984 ], [ 150.578698077000013, -35.008188446999952 ] ] ] ] } },
{ "type": "Feature", "properties": { "OBJECTID": 960, "gridcode": 5, "Shape_Length": 3.9931152326094393e-05, "Shape_Area": 9.8711926802314802e-11 }, "geometry": { "type": "MultiPolygon", "coordinates": [ [ [ [ 150.578729865000014, -35.008225139999979 ], [ 150.578730130000054, -35.008216130999983 ], [ 150.578719180000121, -35.008215911999969 ], [ 150.578718915000081, -35.008224921999954 ], [ 150.578729865000014, -35.008225139999979 ] ] ] ] } },
{ "type": "Feature", "properties": { "OBJECTID": 965, "gridcode": 5, "Shape_Length": 3.9930191733666086e-05, "Shape_Area": 9.870653735934994e-11 }, "geometry": { "type": "MultiPolygon", "coordinates": [ [ [ [ 150.57878275500002, -35.008289297999966 ], [ 150.578783021000049, -35.00828028899997 ], [ 150.578772071000117, -35.008280070999945 ], [ 150.578771805000088, -35.00828907999994 ], [ 150.57878275500002, -35.008289297999966 ] ] ] ] } },
{ "type": "Feature", "properties": { "OBJECTID": 970, "gridcode": 5, "Shape_Length": 0.00014169791471839877, "Shape_Area": 8.8840702260292925e-10 }, "geometry": { "type": "MultiPolygon", "coordinates": [ [ [ [ 150.57883670800004, -35.00831741899998 ], [ 150.578836443000114, -35.008326428999965 ], [ 150.578847393000046, -35.008326646999933 ], [ 150.578848190000031, -35.008299618999956 ], [ 150.578804390000073, -35.008298744999934 ], [ 150.578803858000015, -35.008316763999971 ], [ 150.57883670800004, -35.00831741899998 ] ] ] ] } },
{ "type": "Feature", "properties": { "OBJECTID": 979, "gridcode": 5, "Shape_Length": 0.00027951436327112821, "Shape_Area": 1.5793503678394139e-09 }, "geometry": { "type": "MultiPolygon", "coordinates": [ [ [ [ 150.578813480000122, -35.008362028999954 ], [ 150.578857280000079, -35.008362902999977 ], [ 150.578857546000108, -35.008353893999981 ], [ 150.578868496000041, -35.00835411199995 ], [ 150.578868761000081, -35.008345102999954 ], [ 150.578879711000013, -35.008345320999979 ], [ 150.578879977000042, -35.008336311999983 ], [ 150.578858077000064, -35.008335874999943 ], [ 150.578858343000093, -35.008326865999948 ], [ 150.578847393000046, -35.008326646999933 ], [ 150.578847127000017, -35.008335655999929 ], [ 150.578836177000085, -35.008335437999961 ], [ 150.578835646000016, -35.008353456999941 ], [ 150.578824696000083, -35.008353237999984 ], [ 150.578825227000038, -35.008335218999946 ], [ 150.578836177000085, -35.008335437999961 ], [ 150.578836443000114, -35.008326428999965 ], [ 150.578814543000021, -35.008325991999982 ], [ 150.578813480000122, -35.008362028999954 ] ] ] ] } },
{ "type": "Feature", "properties": { "OBJECTID": 989, "gridcode": 5, "Shape_Length": 3.9931152436416213e-05, "Shape_Area": 9.8711927302025299e-11 }, "geometry": { "type": "MultiPolygon", "coordinates": [ [ [ [ 150.578449208000052, -35.008453918999976 ], [ 150.578449473000092, -35.00844490999998 ], [ 150.578438523000045, -35.008444690999966 ], [ 150.578438258000119, -35.008453700999951 ], [ 150.578449208000052, -35.008453918999976 ] ] ] ] } },
{ "type": "Feature", "properties": { "OBJECTID": 994, "gridcode": 5, "Shape_Length": 3.9930191960994713e-05, "Shape_Area": 9.8706538383554647e-11 }, "geometry": { "type": "MultiPolygon", "coordinates": [ [ [ [ 150.57908404300008, -35.008475603999955 ], [ 150.579084309000109, -35.008466594999959 ], [ 150.579073359000063, -35.008466376999934 ], [ 150.579073093000034, -35.00847538599993 ], [ 150.57908404300008, -35.008475603999955 ] ] ] ] } },
{ "type": "Feature", "properties": { "OBJECTID": 1001, "gridcode": 5, "Shape_Length": 3.9931152609110212e-05, "Shape_Area": 9.8711928130262324e-11 }, "geometry": { "type": "MultiPolygon", "coordinates": [ [ [ [ 150.578414764000058, -35.008507319999978 ], [ 150.578415029000098, -35.008498309999936 ], [ 150.578404079000052, -35.008498091999968 ], [ 150.578403814000012, -35.008507100999964 ], [ 150.578414764000058, -35.008507319999978 ] ] ] ] } },
{ "type": "Feature", "properties": { "OBJECTID": 1003, "gridcode": 5, "Shape_Length": 0.00022155826046517445, "Shape_Area": 1.9742152159104915e-09 }, "geometry": { "type": "MultiPolygon", "coordinates": [ [ [ [ 150.579159366000113, -35.008522180999933 ], [ 150.57920316600007, -35.008523054999955 ], [ 150.579203962000065, -35.008496026999978 ], [ 150.57917111200004, -35.008495370999981 ], [ 150.579171378000069, -35.008486361999928 ], [ 150.579138528000044, -35.008485705999931 ], [ 150.57913746600002, -35.00852174399995 ], [ 150.579148416000066, -35.008521961999975 ], [ 150.579148681000106, -35.008512952999979 ], [ 150.579159631000039, -35.008513171999937 ], [ 150.579159366000113, -35.008522180999933 ] ] ] ] } },
{ "type": "Feature", "properties": { "OBJECTID": 1006, "gridcode": 5, "Shape_Length": 0.00040318338815487325, "Shape_Area": 3.0600457410887302e-09 }, "geometry": { "type": "MultiPolygon", "coordinates": [ [ [ [ 150.579039446000024, -35.008501757999966 ], [ 150.57903865000003, -35.008528786999932 ], [ 150.579049600000076, -35.008529004999957 ], [ 150.579049865000115, -35.008519995999961 ], [ 150.579060815000048, -35.00852021399993 ], [ 150.579061081000077, -35.008511204999934 ], [ 150.579082981000056, -35.008511641999974 ], [ 150.579083247000085, -35.008502632999978 ], [ 150.579105147000064, -35.008503069999961 ], [ 150.579104881000035, -35.008512078999956 ], [ 150.579126781000014, -35.008512515999939 ], [ 150.579127312000082, -35.008494496999958 ], [ 150.579083512000011, -35.008493622999936 ], [ 150.57908377800004, -35.00848461399994 ], [ 150.579072828000108, -35.008484394999982 ], [ 150.579073093000034, -35.00847538599993 ], [ 150.579062143000101, -35.008475166999972 ], [ 150.579062409000016, -35.008466157999976 ], [ 150.579040509000038, -35.008465720999936 ], [ 150.579040774000077, -35.008456711999941 ], [ 150.579018874000099, -35.008456274999958 ], [ 150.579018609000059, -35.008465283999953 ], [ 150.579029559000105, -35.008465502999968 ], [ 150.579029028000036, -35.00848352099996 ], [ 150.579039978000083, -35.008483739999974 ], [ 150.579039712000053, -35.00849274899997 ], [ 150.579028762000121, -35.008492530999945 ], [ 150.579028496000092, -35.008501539999941 ], [ 150.579039446000024, -35.008501757999966 ] ] ] ] } },
{ "type": "Feature", "properties": { "OBJECTID": 1008, "gridcode": 5, "Shape_Length": 3.9931152436416213e-05, "Shape_Area": 9.8711927302025299e-11 }, "geometry": { "type": "MultiPolygon", "coordinates": [ [ [ [ 150.579060019000053, -35.008547241999963 ], [ 150.579060284000093, -35.008538232999967 ], [ 150.579049334000047, -35.008538013999953 ], [ 150.579049069000121, -35.008547023999938 ], [ 150.579060019000053, -35.008547241999963 ] ] ] ] } },
{ "type": "Feature", "properties": { "OBJECTID": 1010, "gridcode": 5, "Shape_Length": 3.9930172946444403e-05, "Shape_Area": 9.870658538307215e-11 }, "geometry": { "type": "MultiPolygon", "coordinates": [ [ [ [ 150.579092869000078, -35.008547897999961 ], [ 150.579093134000118, -35.008538888999965 ], [ 150.579082184000072, -35.00853866999995 ], [ 150.579081919000032, -35.008547678999946 ], [ 150.579092869000078, -35.008547897999961 ] ] ] ] } },
{ "type": "Feature", "properties": { "OBJECTID": 1011, "gridcode": 5, "Shape_Length": 7.5984855821168866e-05, "Shape_Area": 2.9613621766608771e-10 }, "geometry": { "type": "MultiPolygon", "coordinates": [ [ [ [ 150.579093931000102, -35.008511859999942 ], [ 150.579093134000118, -35.008538888999965 ], [ 150.579104084000051, -35.008539106999933 ], [ 150.579104881000035, -35.008512078999956 ], [ 150.579093931000102, -35.008511859999942 ] ] ] ] } },
{ "type": "Feature", "properties": { "OBJECTID": 1012, "gridcode": 5, "Shape_Length": 8.3739871611650713e-05, "Shape_Area": 2.9613578281713376e-10 }, "geometry": { "type": "MultiPolygon", "coordinates": [ [ [ [ 150.579191685000069, -35.008540854999978 ], [ 150.579224535000094, -35.008541510999976 ], [ 150.57922480000002, -35.008532500999934 ], [ 150.579191950000109, -35.008531845999983 ], [ 150.579191685000069, -35.008540854999978 ] ] ] ] } },
{ "type": "Feature", "properties": { "OBJECTID": 1014, "gridcode": 5, "Shape_Length": 3.9930192016681911e-05, "Shape_Area": 9.8706538687212198e-11 }, "geometry": { "type": "MultiPolygon", "coordinates": [ [ [ [ 150.579202103000057, -35.008559091999985 ], [ 150.579202369000086, -35.008550082999932 ], [ 150.57919141900004, -35.008549864999964 ], [ 150.579191153000011, -35.008558873999959 ], [ 150.579202103000057, -35.008559091999985 ] ] ] ] } },
{ "type": "Feature", "properties": { "OBJECTID": 1015, "gridcode": 5, "Shape_Length": 3.9931152492103615e-05, "Shape_Area": 9.8711927605711258e-11 }, "geometry": { "type": "MultiPolygon", "coordinates": [ [ [ [ 150.579114238000102, -35.008566353999981 ], [ 150.579114503000028, -35.008557343999939 ], [ 150.579103553000095, -35.008557125999971 ], [ 150.579103288000056, -35.008566134999967 ], [ 150.579114238000102, -35.008566353999981 ] ] ] ] } },
{ "type": "Feature", "properties": { "OBJECTID": 1018, "gridcode": 5, "Shape_Length": 3.9931211403688711e-05, "Shape_Area": 9.8712146103391966e-11 }, "geometry": { "type": "MultiPolygon", "coordinates": [ [ [ [ 150.579212522000034, -35.00857732999998 ], [ 150.579212788000063, -35.008568319999938 ], [ 150.579201838000017, -35.00856810199997 ], [ 150.579201572000102, -35.008577110999965 ], [ 150.579212522000034, -35.00857732999998 ] ] ] ] } },
{ "type": "Feature", "properties": { "OBJECTID": 1020, "gridcode": 5, "Shape_Length": 5.795700458321582e-05, "Shape_Area": 1.9741859814190176e-10 }, "geometry": { "type": "MultiPolygon", "coordinates": [ [ [ [ 150.579212522000034, -35.00857732999998 ], [ 150.579211991000079, -35.008595347999972 ], [ 150.579222941000012, -35.008595566999929 ], [ 150.579223472000081, -35.008577547999948 ], [ 150.579212522000034, -35.00857732999998 ] ] ] ] } },
{ "type": "Feature", "properties": { "OBJECTID": 1021, "gridcode": 5, "Shape_Length": 3.9931152492098248e-05, "Shape_Area": 9.8711927605711258e-11 }, "geometry": { "type": "MultiPolygon", "coordinates": [ [ [ [ 150.579233626000018, -35.00860479499994 ], [ 150.579233891000058, -35.008595784999955 ], [ 150.579222941000012, -35.008595566999929 ], [ 150.579222676000086, -35.008604575999982 ], [ 150.579233626000018, -35.00860479499994 ] ] ] ] } },
{ "type": "Feature", "properties": { "OBJECTID": 1022, "gridcode": 5, "Shape_Length": 6.1835550967447982e-05, "Shape_Area": 1.9742415861058103e-10 }, "geometry": { "type": "MultiPolygon", "coordinates": [ [ [ [ 150.579912794000052, -35.008609330999946 ], [ 150.579934694000031, -35.008609767999928 ], [ 150.57993496000006, -35.008600757999943 ], [ 150.579913060000081, -35.00860032199995 ], [ 150.579912794000052, -35.008609330999946 ] ] ] ] } },
{ "type": "Feature", "properties": { "OBJECTID": 1029, "gridcode": 5, "Shape_Length": 0.00014169693520376869, "Shape_Area": 7.8966441573374877e-10 }, "geometry": { "type": "MultiPolygon", "coordinates": [ [ [ [ 150.579254729000013, -35.008632259999956 ], [ 150.579287579000038, -35.008632914999964 ], [ 150.579288110000107, -35.008614896999973 ], [ 150.579277160000061, -35.008614677999958 ], [ 150.57927742600009, -35.008605668999962 ], [ 150.579266476000043, -35.008605449999948 ], [ 150.579266210000014, -35.008614459999933 ], [ 150.579244310000036, -35.00861402299995 ], [ 150.57924404500011, -35.008623031999946 ], [ 150.579254995000042, -35.008623249999971 ], [ 150.579254729000013, -35.008632259999956 ] ] ] ] } },
{ "type": "Feature", "properties": { "OBJECTID": 1031, "gridcode": 5, "Shape_Length": 6.1834571451225645e-05, "Shape_Area": 1.9741334221226209e-10 }, "geometry": { "type": "MultiPolygon", "coordinates": [ [ [ [ 150.579856716000108, -35.00865328499998 ], [ 150.579878616000087, -35.008653721999963 ], [ 150.579878882000116, -35.008644712999967 ], [ 150.579856982000024, -35.008644275999984 ], [ 150.579856716000108, -35.00865328499998 ] ] ] ] } },
{ "type": "Feature", "properties": { "OBJECTID": 1038, "gridcode": 5, "Shape_Length": 0.00013782034793480012, "Shape_Area": 5.9226210732845164e-10 }, "geometry": { "type": "MultiPolygon", "coordinates": [ [ [ [ 150.579341533000047, -35.008661035999978 ], [ 150.579341002000092, -35.008679054999959 ], [ 150.579351952000025, -35.008679272999984 ], [ 150.579352748000019, -35.008652244999951 ], [ 150.579341798000087, -35.008652026999982 ], [ 150.579342064000116, -35.00864301699994 ], [ 150.579320164000023, -35.008642579999957 ], [ 150.579319898000108, -35.008651589999943 ], [ 150.579330848000041, -35.008651807999968 ], [ 150.579330583000115, -35.008660816999964 ], [ 150.579341533000047, -35.008661035999978 ] ] ] ] } },
{ "type": "Feature", "properties": { "OBJECTID": 1041, "gridcode": 5, "Shape_Length": 0.00012367108335886636, "Shape_Area": 4.9355263552466543e-10 }, "geometry": { "type": "MultiPolygon", "coordinates": [ [ [ [ 150.579406436000113, -35.00868937499996 ], [ 150.579439287000014, -35.008690029999968 ], [ 150.579439552000053, -35.008681020999973 ], [ 150.579417652000075, -35.008680583999933 ], [ 150.579417918000104, -35.008671574999937 ], [ 150.579396017000022, -35.008671137999954 ], [ 150.579395752000096, -35.00868014699995 ], [ 150.579406702000028, -35.008680365999965 ], [ 150.579406436000113, -35.00868937499996 ] ] ] ] } },
{ "type": "Feature", "properties": { "OBJECTID": 1043, "gridcode": 5, "Shape_Length": 3.9932181679627319e-05, "Shape_Area": 9.871654123814364e-11 }, "geometry": { "type": "MultiPolygon", "coordinates": [ [ [ [ 150.579460656000037, -35.008708485999932 ], [ 150.579460921000077, -35.008699476999936 ], [ 150.579449971000031, -35.008699257999979 ], [ 150.579449705000116, -35.008708267999964 ], [ 150.579460656000037, -35.008708485999932 ] ] ] ] } },
{ "type": "Feature", "properties": { "OBJECTID": 1049, "gridcode": 5, "Shape_Length": 0.00014557640230155014, "Shape_Area": 5.9226682987689464e-10 }, "geometry": { "type": "MultiPolygon", "coordinates": [ [ [ [ 150.57950392500004, -35.008727378999936 ], [ 150.579525825000019, -35.008727815999976 ], [ 150.579526090000059, -35.008718805999933 ], [ 150.579515140000012, -35.008718587999965 ], [ 150.579515406000041, -35.00870957799998 ], [ 150.579471606000084, -35.008708704999947 ], [ 150.579471340000055, -35.008717713999943 ], [ 150.57950419000008, -35.008718368999951 ], [ 150.57950392500004, -35.008727378999936 ] ] ] ] } },
{ "type": "Feature", "properties": { "OBJECTID": 1050, "gridcode": 5, "Shape_Length": 3.9931211465020869e-05, "Shape_Area": 9.8712146324285482e-11 }, "geometry": { "type": "MultiPolygon", "coordinates": [ [ [ [ 150.579678860000058, -35.008739883999965 ], [ 150.579679126000087, -35.00873087399998 ], [ 150.579668176000041, -35.008730655999955 ], [ 150.579667910000012, -35.00873966499995 ], [ 150.579678860000058, -35.008739883999965 ] ] ] ] } },
{ "type": "Feature", "properties": { "OBJECTID": 1051, "gridcode": 5, "Shape_Length": 3.9931211348001506e-05, "Shape_Area": 9.8712145799734429e-11 }, "geometry": { "type": "MultiPolygon", "coordinates": [ [ [ [ 150.579700760000037, -35.008740320999948 ], [ 150.579701026000066, -35.008731310999963 ], [ 150.57969007600002, -35.008731092999938 ], [ 150.579689810000104, -35.008740101999933 ], [ 150.579700760000037, -35.008740320999948 ] ] ] ] } },
{ "type": "Feature", "properties": { "OBJECTID": 1052, "gridcode": 5, "Shape_Length": 3.9931211348001506e-05, "Shape_Area": 9.8712145799734429e-11 }, "geometry": { "type": "MultiPolygon", "coordinates": [ [ [ [ 150.579525028000035, -35.008754843999952 ], [ 150.579525294000064, -35.008745833999967 ], [ 150.579514344000017, -35.008745615999942 ], [ 150.579514078000102, -35.008754624999938 ], [ 150.579525028000035, -35.008754843999952 ] ] ] ] } },
{ "type": "Feature", "properties": { "OBJECTID": 1053, "gridcode": 5, "Shape_Length": 0.00012367211223611086, "Shape_Area": 5.922660788867587e-10 }, "geometry": { "type": "MultiPolygon", "coordinates": [ [ [ [ 150.579535978000081, -35.008755061999977 ], [ 150.579579778000038, -35.008755935999943 ], [ 150.579580310000097, -35.008737916999962 ], [ 150.579558409000015, -35.008737479999979 ], [ 150.579558144000089, -35.008746489999965 ], [ 150.57953624400011, -35.008746052999982 ], [ 150.579535978000081, -35.008755061999977 ] ] ] ] } },
{ "type": "Feature", "properties": { "OBJECTID": 1058, "gridcode": 5, "Shape_Length": 3.9931152609110212e-05, "Shape_Area": 9.8711928130262324e-11 }, "geometry": { "type": "MultiPolygon", "coordinates": [ [ [ [ 150.579622517000075, -35.008792847999985 ], [ 150.579622782000115, -35.008783837999943 ], [ 150.579611832000069, -35.008783619999974 ], [ 150.579611567000029, -35.00879262899997 ], [ 150.579622517000075, -35.008792847999985 ] ] ] ] } },
{ "type": "Feature", "properties": { "OBJECTID": 1061, "gridcode": 5, "Shape_Length": 3.9931211462752773e-05, "Shape_Area": 9.8712146309165138e-11 }, "geometry": { "type": "MultiPolygon", "coordinates": [ [ [ [ 150.578690964000089, -35.008801301999938 ], [ 150.578691230000118, -35.008792291999953 ], [ 150.578680280000071, -35.008792073999984 ], [ 150.578680014000042, -35.00880108299998 ], [ 150.578690964000089, -35.008801301999938 ] ] ] ] } },
{ "type": "Feature", "properties": { "OBJECTID": 1071, "gridcode": 5, "Shape_Length": 3.9930132926860239e-05, "Shape_Area": 9.8706319846277216e-11 }, "geometry": { "type": "MultiPolygon", "coordinates": [ [ [ [ 150.580135843000107, -35.008848160999946 ], [ 150.580136108000033, -35.00883915199995 ], [ 150.580125158000101, -35.008838933999982 ], [ 150.580124893000061, -35.008847942999978 ], [ 150.580135843000107, -35.008848160999946 ] ] ] ] } },
{ "type": "Feature", "properties": { "OBJECTID": 1074, "gridcode": 5, "Shape_Length": 3.9931211348001506e-05, "Shape_Area": 9.8712145799734429e-11 }, "geometry": { "type": "MultiPolygon", "coordinates": [ [ [ [ 150.579259305000051, -35.008848702999956 ], [ 150.57925957100008, -35.00883969299997 ], [ 150.579248621000033, -35.008839474999945 ], [ 150.579248355000118, -35.008848483999941 ], [ 150.579259305000051, -35.008848702999956 ] ] ] ] } },
{ "type": "Feature", "properties": { "OBJECTID": 1075, "gridcode": 5, "Shape_Length": 0.00010564625992191999, "Shape_Area": 3.948745509588366e-10 }, "geometry": { "type": "MultiPolygon", "coordinates": [ [ [ [ 150.580135577000078, -35.008857170999931 ], [ 150.580179378000025, -35.008858044999954 ], [ 150.580179643000065, -35.008849034999969 ], [ 150.580135843000107, -35.008848160999946 ], [ 150.580135577000078, -35.008857170999931 ] ] ] ] } },
{ "type": "Feature", "properties": { "OBJECTID": 1076, "gridcode": 5, "Shape_Length": 3.9931211403688711e-05, "Shape_Area": 9.8712146103391966e-11 }, "geometry": { "type": "MultiPolygon", "coordinates": [ [ [ [ 150.580233862000114, -35.008868145999941 ], [ 150.580234128000029, -35.008859136999945 ], [ 150.580223178000097, -35.00885891799993 ], [ 150.580222912000067, -35.008867927999972 ], [ 150.580233862000114, -35.008868145999941 ] ] ] ] } },
{ "type": "Feature", "properties": { "OBJECTID": 1077, "gridcode": 5, "Shape_Length": 3.993115255342281e-05, "Shape_Area": 9.8711927826576352e-11 }, "geometry": { "type": "MultiPolygon", "coordinates": [ [ [ [ 150.579269990000057, -35.008857930999966 ], [ 150.579270255000097, -35.008848920999981 ], [ 150.579259305000051, -35.008848702999956 ], [ 150.579259040000011, -35.008857711999951 ], [ 150.579269990000057, -35.008857930999966 ] ] ] ] } },
{ "type": "Feature", "properties": { "OBJECTID": 1083, "gridcode": 5, "Shape_Length": 6.1835541676159866e-05, "Shape_Area": 1.974176276947725e-10 }, "geometry": { "type": "MultiPolygon", "coordinates": [ [ [ [ 150.580233597000074, -35.008877154999936 ], [ 150.580255497000053, -35.008877591999976 ], [ 150.580255763000082, -35.00886858299998 ], [ 150.580233862000114, -35.008868145999941 ], [ 150.580233597000074, -35.008877154999936 ] ] ] ] } },
{ "type": "Feature", "properties": { "OBJECTID": 1088, "gridcode": 5, "Shape_Length": 3.993023174428963e-05, "Shape_Area": 9.8706803856219651e-11 }, "geometry": { "type": "MultiPolygon", "coordinates": [ [ [ [ 150.579355997000107, -35.008913734999965 ], [ 150.579356263000022, -35.008904725999969 ], [ 150.57934531300009, -35.008904506999954 ], [ 150.579345047000061, -35.00891351599995 ], [ 150.579355997000107, -35.008913734999965 ] ] ] ] } },
{ "type": "Feature", "properties": { "OBJECTID": 1090, "gridcode": 5, "Shape_Length": 3.993218168335343e-05, "Shape_Area": 9.8716541253235563e-11 }, "geometry": { "type": "MultiPolygon", "coordinates": [ [ [ [ 150.58033029000012, -35.008942186999946 ], [ 150.580330555000046, -35.00893317699996 ], [ 150.580319605000113, -35.008932958999935 ], [ 150.580319339000084, -35.008941967999931 ], [ 150.58033029000012, -35.008942186999946 ] ] ] ] } },
{ "type": "Feature", "properties": { "OBJECTID": 1093, "gridcode": 5, "Shape_Length": 7.9861344283898807e-05, "Shape_Area": 2.9613489771158721e-10 }, "geometry": { "type": "MultiPolygon", "coordinates": [ [ [ [ 150.579344516000106, -35.008931534999931 ], [ 150.579366416000084, -35.008931971999971 ], [ 150.57936694700004, -35.008913952999933 ], [ 150.579355997000107, -35.008913734999965 ], [ 150.579355731000078, -35.00892274399996 ], [ 150.579344781000032, -35.008922525999935 ], [ 150.579344516000106, -35.008931534999931 ] ] ] ] } },
{ "type": "Feature", "properties": { "OBJECTID": 1094, "gridcode": 5, "Shape_Length": 0.002153769823960133, "Shape_Area": 3.0995328858015701e-08 }, "geometry": { "type": "MultiPolygon", "coordinates": [ [ [ [ 150.579884787000083, -35.008816108999952 ], [ 150.579884522000043, -35.008825118999937 ], [ 150.57987357200011, -35.008824899999979 ], [ 150.579873837000036, -35.008815890999983 ], [ 150.579884787000083, -35.008816108999952 ] ] ], [ [ [ 150.579862887000104, -35.008815671999969 ], [ 150.579862356000035, -35.00883369099995 ], [ 150.579851406000103, -35.008833472999981 ], [ 150.579851937000058, -35.008815453999944 ], [ 150.579862887000104, -35.008815671999969 ] ], [ [ 150.580001521000099, -35.00894464299995 ], [ 150.58000125600006, -35.008953652999935 ], [ 150.580012206000106, -35.00895387099996 ], [ 150.580012471000032, -35.008944861999964 ], [ 150.580034372000114, -35.008945298999947 ], [ 150.58003463700004, -35.008936288999962 ], [ 150.580045587000086, -35.008936507999977 ], [ 150.580045853000115, -35.008927497999935 ], [ 150.580056803000048, -35.008927716999949 ], [ 150.580057068000087, -35.008918706999964 ], [ 150.58006801800002, -35.008918925999978 ], [ 150.580068284000049, -35.008909915999936 ], [ 150.580079234000095, -35.008910134999951 ], [ 150.580079499000021, -35.008901125999955 ], [ 150.580090449000068, -35.00890134399998 ], [ 150.580090184000028, -35.008910352999976 ], [ 150.580101134000074, -35.008910571999934 ], [ 150.580101400000103, -35.008901561999949 ], [ 150.580112350000036, -35.008901780999963 ], [ 150.580112615000075, -35.008892770999978 ], [ 150.580101665000029, -35.008892552999953 ], [ 150.580101930000069, -35.008883543999957 ], [ 150.580090980000023, -35.008883324999942 ], [ 150.580091246000052, -35.008874315999947 ], [ 150.580080296000119, -35.008874096999932 ], [ 150.580080561000045, -35.008865087999936 ], [ 150.580069611000113, -35.008864869999968 ], [ 150.580069877000028, -35.008855859999983 ], [ 150.580058927000096, -35.008855641999958 ], [ 150.580058661000066, -35.008864650999953 ], [ 150.580036761000088, -35.008864213999971 ], [ 150.580037026000014, -35.008855204999975 ], [ 150.57998227600001, -35.008854112999984 ], [ 150.579982542000039, -35.008845102999942 ], [ 150.579971591000117, -35.008844884999974 ], [ 150.579972122000072, -35.008826865999936 ], [ 150.579961172000026, -35.008826647999967 ], [ 150.579961703000095, -35.00880862899993 ], [ 150.579950753000048, -35.008808410999961 ], [ 150.579951019000077, -35.008799400999976 ], [ 150.579918169000052, -35.008798745999968 ], [ 150.579917903000023, -35.008807754999964 ], [ 150.579874103000066, -35.008806880999941 ], [ 150.579874368000105, -35.008797871999946 ], [ 150.579863418000059, -35.008797653999977 ], [ 150.579863153000019, -35.008806662999973 ], [ 150.579852203000087, -35.008806444999948 ], [ 150.579852468000013, -35.008797434999963 ], [ 150.57984151800008, -35.008797216999938 ], [ 150.579841253000041, -35.008806225999933 ], [ 150.579808402000026, -35.008805570999982 ], [ 150.5798081370001, -35.008814579999978 ], [ 150.579775287000075, -35.00881392499997 ], [ 150.579775552000115, -35.008804914999985 ], [ 150.579764602000068, -35.00880469699996 ], [ 150.579764868000098, -35.008795687999964 ], [ 150.579753917000062, -35.008795468999949 ], [ 150.579754183000091, -35.008786459999953 ], [ 150.579699433000087, -35.008785366999973 ], [ 150.579699167000058, -35.008794376999958 ], [ 150.579688217000012, -35.008794157999944 ], [ 150.579688483000041, -35.008785148999948 ], [ 150.579655632000026, -35.00878449399994 ], [ 150.579655898000055, -35.008775483999955 ], [ 150.579633998000077, -35.008775046999972 ], [ 150.579633467000122, -35.008793065999953 ], [ 150.579622517000075, -35.008792847999985 ], [ 150.579622251000046, -35.00880185699998 ], [ 150.579633201000092, -35.008802074999949 ], [ 150.579632936000053, -35.008811084999934 ], [ 150.579654836000032, -35.008811521999974 ], [ 150.579655101000071, -35.008802511999932 ], [ 150.579666051000117, -35.008802730999946 ], [ 150.579664989000094, -35.008838767999976 ], [ 150.579675939000026, -35.008838986999933 ], [ 150.5796756740001, -35.008847995999929 ], [ 150.579686624000033, -35.008848213999954 ], [ 150.579686358000117, -35.008857223999939 ], [ 150.579719209000018, -35.008857878999947 ], [ 150.579719474000058, -35.008848869999952 ], [ 150.579730424000104, -35.008849087999977 ], [ 150.579731221000088, -35.008822059999943 ], [ 150.579720271000042, -35.008821841999975 ], [ 150.579720536000082, -35.008812831999933 ], [ 150.579709586000035, -35.008812613999964 ], [ 150.579709852000065, -35.008803604999969 ], [ 150.579720802000111, -35.008803822999937 ], [ 150.579721067000037, -35.008794813999941 ], [ 150.579732017000083, -35.008795031999966 ], [ 150.579731221000088, -35.008822059999943 ], [ 150.579742171000021, -35.008822278999958 ], [ 150.579741905000105, -35.008831287999953 ], [ 150.57977475600012, -35.008831942999961 ], [ 150.579774490000091, -35.008840952999947 ], [ 150.57979639000007, -35.00884138999993 ], [ 150.57979612500003, -35.008850398999982 ], [ 150.579807075000076, -35.00885061799994 ], [ 150.579806809000047, -35.008859626999936 ], [ 150.579795859000114, -35.008859407999978 ], [ 150.579795594000075, -35.008868417999963 ], [ 150.579817494000054, -35.008868854999946 ], [ 150.579817228000024, -35.008877863999942 ], [ 150.579828178000071, -35.008878082999956 ], [ 150.579827913000031, -35.008887091999952 ], [ 150.579838863000077, -35.008887309999977 ], [ 150.579838597000048, -35.008896319999963 ], [ 150.579849547000094, -35.008896537999931 ], [ 150.579849016000026, -35.008914556999969 ], [ 150.579859967000061, -35.008914774999937 ], [ 150.579859701000032, -35.008923784999979 ], [ 150.579870651000078, -35.008924002999947 ], [ 150.579870386000039, -35.008933012999933 ], [ 150.579903236000064, -35.008933667999941 ], [ 150.579903501000103, -35.008924658999945 ], [ 150.579914451000036, -35.00892487699997 ], [ 150.579914982000105, -35.008906857999932 ], [ 150.579893082000012, -35.008906420999949 ], [ 150.579893348000041, -35.008897411999953 ], [ 150.579882398000109, -35.008897193999928 ], [ 150.579882663000035, -35.008888183999943 ], [ 150.579893613000081, -35.008888402999958 ], [ 150.579894144000036, -35.008870383999977 ], [ 150.579916045000118, -35.00887082099996 ], [ 150.579915514000049, -35.008888839999941 ], [ 150.579926464000096, -35.008889057999966 ], [ 150.579925933000027, -35.008907076999947 ], [ 150.579958783000052, -35.008907731999955 ], [ 150.579959314000121, -35.008889712999974 ], [ 150.579948364000074, -35.008889494999949 ], [ 150.579948629000114, -35.008880485999953 ], [ 150.579959579000047, -35.008880703999978 ], [ 150.579959845000076, -35.008871694999982 ], [ 150.579970795000122, -35.00887191299995 ], [ 150.579971060000048, -35.008862903999955 ], [ 150.579982011000084, -35.00886312199998 ], [ 150.579981745000055, -35.008872130999976 ], [ 150.580003645000033, -35.008872567999958 ], [ 150.580003380000107, -35.008881577999944 ], [ 150.579992430000061, -35.008881358999929 ], [ 150.579991899000106, -35.008899377999967 ], [ 150.57998094900006, -35.008899159999942 ], [ 150.579980683000031, -35.008908168999938 ], [ 150.579969733000098, -35.00890794999998 ], [ 150.579969202000029, -35.008925968999961 ], [ 150.579991102000122, -35.008926405999944 ], [ 150.579990837000082, -35.008935414999939 ], [ 150.579979887000036, -35.008935196999971 ], [ 150.57997962100012, -35.008944205999967 ], [ 150.580001521000099, -35.00894464299995 ] ] ] ] } },
{ "type": "Feature", "properties": { "OBJECTID": 1095, "gridcode": 5, "Shape_Length": 3.9931152436416213e-05, "Shape_Area": 9.8711927302025299e-11 }, "geometry": { "type": "MultiPolygon", "coordinates": [ [ [ [ 150.580406144000108, -35.008970743999953 ], [ 150.580406409000034, -35.008961733999968 ], [ 150.580395459000101, -35.008961515999943 ], [ 150.580395194000062, -35.008970524999938 ], [ 150.580406144000108, -35.008970743999953 ] ] ] ] } },
{ "type": "Feature", "properties": { "OBJECTID": 1098, "gridcode": 5, "Shape_Length": 3.9931152492098248e-05, "Shape_Area": 9.8711927605711258e-11 }, "geometry": { "type": "MultiPolygon", "coordinates": [ [ [ [ 150.580077110000047, -35.008982209999942 ], [ 150.580077375000087, -35.008973199999957 ], [ 150.580066425000041, -35.008972981999932 ], [ 150.580066160000115, -35.008981990999985 ], [ 150.580077110000047, -35.008982209999942 ] ] ] ] } },
{ "type": "Feature", "properties": { "OBJECTID": 1099, "gridcode": 5, "Shape_Length": 0.00013782141700922424, "Shape_Area": 8.884074688713823e-10 }, "geometry": { "type": "MultiPolygon", "coordinates": [ [ [ [ 150.579091601000073, -35.008962546999953 ], [ 150.579113502000041, -35.008962983999936 ], [ 150.579113767000081, -35.008953973999951 ], [ 150.579124717000013, -35.008954192999965 ], [ 150.579125248000082, -35.008936173999984 ], [ 150.579103348000103, -35.008935736999945 ], [ 150.579103614000019, -35.008926727999949 ], [ 150.579092664000086, -35.008926508999934 ], [ 150.579091601000073, -35.008962546999953 ] ] ] ] } },
{ "type": "Feature", "properties": { "OBJECTID": 1101, "gridcode": 5, "Shape_Length": 9.7889176499336696e-05, "Shape_Area": 4.9355022623005075e-10 }, "geometry": { "type": "MultiPolygon", "coordinates": [ [ [ [ 150.579880539000101, -35.008960258999934 ], [ 150.579879743000106, -35.008987286999968 ], [ 150.579890693000038, -35.008987505999983 ], [ 150.579890958000078, -35.008978495999941 ], [ 150.579901908000011, -35.008978714999955 ], [ 150.57990243900008, -35.008960695999974 ], [ 150.579880539000101, -35.008960258999934 ] ] ] ] } },
{ "type": "Feature", "properties": { "OBJECTID": 1102, "gridcode": 5, "Shape_Length": 6.1835541673891823e-05, "Shape_Area": 1.9741762767968059e-10 }, "geometry": { "type": "MultiPolygon", "coordinates": [ [ [ [ 150.580065629000046, -35.009000009999966 ], [ 150.580087529000025, -35.009000446999949 ], [ 150.580087795000054, -35.008991437999953 ], [ 150.580065894000086, -35.00899100099997 ], [ 150.580065629000046, -35.009000009999966 ] ] ] ] } },
{ "type": "Feature", "properties": { "OBJECTID": 1103, "gridcode": 5, "Shape_Length": 3.993218179664652e-05, "Shape_Area": 9.8716541762694707e-11 }, "geometry": { "type": "MultiPolygon", "coordinates": [ [ [ [ 150.58008699800007, -35.00901846599993 ], [ 150.580087264000099, -35.009009455999944 ], [ 150.580076313000063, -35.009009237999976 ], [ 150.580076048000024, -35.009018246999972 ], [ 150.58008699800007, -35.00901846599993 ] ] ] ] } },
{ "type": "Feature", "properties": { "OBJECTID": 1104, "gridcode": 5, "Shape_Length": 6.1835550967447982e-05, "Shape_Area": 1.9742415861058103e-10 }, "geometry": { "type": "MultiPolygon", "coordinates": [ [ [ [ 150.580677242000093, -35.009066296999947 ], [ 150.580699142000071, -35.00906673399993 ], [ 150.5806994080001, -35.009057723999945 ], [ 150.580677508000122, -35.009057287999951 ], [ 150.580677242000093, -35.009066296999947 ] ] ] ] } },
{ "type": "Feature", "properties": { "OBJECTID": 1105, "gridcode": 5, "Shape_Length": 3.9932181854596713e-05, "Shape_Area": 9.8716542081472602e-11 }, "geometry": { "type": "MultiPolygon", "coordinates": [ [ [ [ 150.580709827000078, -35.00907596199994 ], [ 150.580710093000107, -35.009066951999955 ], [ 150.580699142000071, -35.00906673399993 ], [ 150.580698877000032, -35.009075742999983 ], [ 150.580709827000078, -35.00907596199994 ] ] ] ] } },
{ "type": "Feature", "properties": { "OBJECTID": 1106, "gridcode": 5, "Shape_Length": 3.9930132929123145e-05, "Shape_Area": 9.8706319861340731e-11 }, "geometry": { "type": "MultiPolygon", "coordinates": [ [ [ [ 150.580720512000084, -35.009085188999961 ], [ 150.58072077700001, -35.009076179999965 ], [ 150.580709827000078, -35.00907596199994 ], [ 150.580709562000038, -35.009084970999936 ], [ 150.580720512000084, -35.009085188999961 ] ] ] ] } },
{ "type": "Feature", "properties": { "OBJECTID": 1107, "gridcode": 5, "Shape_Length": 3.9932181681907742e-05, "Shape_Area": 9.8716541253235563e-11 }, "geometry": { "type": "MultiPolygon", "coordinates": [ [ [ [ 150.580731197000091, -35.009094416999972 ], [ 150.580731462000017, -35.009085407999976 ], [ 150.580720512000084, -35.009085188999961 ], [ 150.580720246000055, -35.009094198999946 ], [ 150.580731197000091, -35.009094416999972 ] ] ] ] } },
{ "type": "Feature", "properties": { "OBJECTID": 1110, "gridcode": 5, "Shape_Length": 6.1834571340916694e-05, "Shape_Area": 1.9741334172500029e-10 }, "geometry": { "type": "MultiPolygon", "coordinates": [ [ [ [ 150.580730931000062, -35.009103425999967 ], [ 150.580752831000041, -35.00910386299995 ], [ 150.58075309700007, -35.009094853999954 ], [ 150.580731197000091, -35.009094416999972 ], [ 150.580730931000062, -35.009103425999967 ] ] ] ] } },
{ "type": "Feature", "properties": { "OBJECTID": 1112, "gridcode": 5, "Shape_Length": 5.7957975057223325e-05, "Shape_Area": 1.9742749908976062e-10 }, "geometry": { "type": "MultiPolygon", "coordinates": [ [ [ [ 150.580752831000041, -35.00910386299995 ], [ 150.580752301000075, -35.009121881999931 ], [ 150.580763251000121, -35.009122099999956 ], [ 150.580763782000076, -35.009104081999965 ], [ 150.580752831000041, -35.00910386299995 ] ] ] ] } },
{ "type": "Feature", "properties": { "OBJECTID": 1116, "gridcode": 5, "Shape_Length": 0.00011979259552334306, "Shape_Area": 6.9096710511710517e-10 }, "geometry": { "type": "MultiPolygon", "coordinates": [ [ [ [ 150.579634061000093, -35.00914464899995 ], [ 150.579666911000118, -35.009145304999947 ], [ 150.579667708000102, -35.00911827699997 ], [ 150.579656758000056, -35.009118057999956 ], [ 150.579656492000026, -35.009127067999941 ], [ 150.579634592000048, -35.009126630999958 ], [ 150.579634061000093, -35.00914464899995 ] ] ] ] } },
{ "type": "Feature", "properties": { "OBJECTID": 1117, "gridcode": 5, "Shape_Length": 0.00049468930182629451, "Shape_Area": 2.6652349837175264e-09 }, "geometry": { "type": "MultiPolygon", "coordinates": [ [ [ [ 150.580761924000058, -35.009167146999971 ], [ 150.580871425000055, -35.009169330999953 ], [ 150.580871690000095, -35.009160320999968 ], [ 150.58093739100002, -35.009161631999973 ], [ 150.58093765700005, -35.009152621999931 ], [ 150.580850055000042, -35.009150874999932 ], [ 150.580849790000116, -35.009159884999974 ], [ 150.580827890000023, -35.009159447999934 ], [ 150.580828155000063, -35.009150438999939 ], [ 150.580817205000017, -35.009150219999981 ], [ 150.580816940000091, -35.009159229999966 ], [ 150.580805990000044, -35.009159010999952 ], [ 150.580806255000084, -35.009150001999956 ], [ 150.580795305000038, -35.009149782999941 ], [ 150.580795039000122, -35.009158792999983 ], [ 150.580784089000076, -35.009158573999969 ], [ 150.58078488600006, -35.009131545999935 ], [ 150.580773935000025, -35.009131327999967 ], [ 150.580774201000054, -35.009122318999971 ], [ 150.580763251000121, -35.009122099999956 ], [ 150.580761924000058, -35.009167146999971 ] ] ] ] } },
{ "type": "Feature", "properties": { "OBJECTID": 1119, "gridcode": 5, "Shape_Length": 0.0019438339826835513, "Shape_Area": 2.8034128610506156e-08 }, "geometry": { "type": "MultiPolygon", "coordinates": [ [ [ [ 150.580520490000026, -35.009180360999949 ], [ 150.580542390000119, -35.009180797999932 ], [ 150.580542656000034, -35.009171788999936 ], [ 150.58055360600008, -35.009172006999961 ], [ 150.580554667000115, -35.009135969999932 ], [ 150.580565618000037, -35.009136187999957 ], [ 150.580566148000116, -35.009118168999976 ], [ 150.580577099000038, -35.009118387999933 ], [ 150.580577629000118, -35.009100368999952 ], [ 150.58058858000004, -35.009100586999978 ], [ 150.580589110000119, -35.009082568999929 ], [ 150.580600061000041, -35.009082786999954 ], [ 150.580600326000081, -35.009073777999959 ], [ 150.580611276000013, -35.009073995999984 ], [ 150.580611542000042, -35.009064986999931 ], [ 150.580622492000089, -35.009065204999956 ], [ 150.580622757000015, -35.00905619599996 ], [ 150.580677508000122, -35.009057287999951 ], [ 150.580677773000048, -35.009048277999966 ], [ 150.580666823000115, -35.009048059999941 ], [ 150.580667088000041, -35.009039050999945 ], [ 150.580634238000016, -35.009038394999948 ], [ 150.580634503000056, -35.009029385999952 ], [ 150.580568803000119, -35.009028075999936 ], [ 150.58056853700009, -35.009037084999932 ], [ 150.580557587000044, -35.009036866999963 ], [ 150.580557056000089, -35.009054884999955 ], [ 150.580546106000043, -35.00905466699993 ], [ 150.580545310000048, -35.009081694999963 ], [ 150.580523410000069, -35.009081257999981 ], [ 150.58052314400004, -35.009090267999966 ], [ 150.580501244000061, -35.009089830999983 ], [ 150.580500979000021, -35.009098839999979 ], [ 150.580490029000089, -35.009098621999954 ], [ 150.580490294000015, -35.009089612999958 ], [ 150.580468394000036, -35.009089175999975 ], [ 150.58046945600006, -35.009053137999956 ], [ 150.580447555000092, -35.009052700999973 ], [ 150.580447821000121, -35.009043691999977 ], [ 150.580436871000074, -35.009043473999952 ], [ 150.580437136000114, -35.009034463999967 ], [ 150.580426186000068, -35.009034245999942 ], [ 150.580426717000023, -35.009016226999961 ], [ 150.580404817000044, -35.009015789999978 ], [ 150.580405082000084, -35.009006780999982 ], [ 150.580394132000038, -35.009006562999957 ], [ 150.580394397000077, -35.008997552999972 ], [ 150.580383447000031, -35.008997334999947 ], [ 150.58038371300006, -35.008988325999951 ], [ 150.580394663000106, -35.008988543999976 ], [ 150.580395194000062, -35.008970524999938 ], [ 150.580384244000015, -35.00897030699997 ], [ 150.580384509000055, -35.008961296999985 ], [ 150.580373559000122, -35.00896107899996 ], [ 150.580373824000048, -35.008952069999964 ], [ 150.58028622400002, -35.008950321999976 ], [ 150.580286489000059, -35.00894131299998 ], [ 150.580275539000013, -35.008941094999955 ], [ 150.580275805000042, -35.008932084999969 ], [ 150.580253904000074, -35.00893164799993 ], [ 150.580254170000103, -35.008922638999934 ], [ 150.58023227000001, -35.008922201999951 ], [ 150.58023253500005, -35.008913192999955 ], [ 150.580166835000114, -35.00891188199995 ], [ 150.58016710000004, -35.008902872999954 ], [ 150.580112350000036, -35.008901780999963 ], [ 150.58011208400012, -35.008910789999959 ], [ 150.580123034000053, -35.008911008999974 ], [ 150.580122769000013, -35.008920017999969 ], [ 150.580111819000081, -35.008919799999944 ], [ 150.58011208400012, -35.008910789999959 ], [ 150.580101134000074, -35.008910571999934 ], [ 150.580100603000119, -35.008928589999982 ], [ 150.58013345300003, -35.00892924599998 ], [ 150.580133188000104, -35.008938254999975 ], [ 150.580155088000083, -35.008938691999958 ], [ 150.580155354000112, -35.008929682999963 ], [ 150.58019915400007, -35.008930555999939 ], [ 150.580198357000086, -35.008957583999972 ], [ 150.580209308000121, -35.00895780299993 ], [ 150.580209042000092, -35.008966811999983 ], [ 150.580241892000117, -35.008967466999934 ], [ 150.580242158000033, -35.008958457999938 ], [ 150.580253108000079, -35.008958675999963 ], [ 150.58025284200005, -35.008967685999949 ], [ 150.580285693000064, -35.008968340999957 ], [ 150.580285427000035, -35.008977349999952 ], [ 150.580296377000082, -35.008977568999967 ], [ 150.580295846000013, -35.008995587999948 ], [ 150.580306797000048, -35.008995805999973 ], [ 150.580306531000019, -35.009004814999969 ], [ 150.580328431000112, -35.009005251999952 ], [ 150.580328166000072, -35.009014261999937 ], [ 150.580339116000118, -35.009014479999962 ], [ 150.58033858500005, -35.009032498999943 ], [ 150.580393336000043, -35.009033590999934 ], [ 150.580393070000014, -35.00904259999993 ], [ 150.58040402000006, -35.009042818999944 ], [ 150.58040375500002, -35.00905182799994 ], [ 150.580414705000067, -35.009052045999965 ], [ 150.580414174000111, -35.009070064999946 ], [ 150.580425124000044, -35.009070282999971 ], [ 150.580424593000089, -35.009088301999952 ], [ 150.580446493000068, -35.009088738999935 ], [ 150.580446228000028, -35.009097747999931 ], [ 150.580457178000074, -35.009097966999946 ], [ 150.580456913000035, -35.009106975999941 ], [ 150.580467863000081, -35.009107193999967 ], [ 150.580467332000012, -35.009125212999948 ], [ 150.580478282000058, -35.009125431999962 ], [ 150.580478017000019, -35.009134440999958 ], [ 150.580499917000111, -35.009134877999941 ], [ 150.580499121000116, -35.009161905999974 ], [ 150.580510071000049, -35.009162123999943 ], [ 150.58050980500002, -35.009171133999985 ], [ 150.580520755000066, -35.009171351999953 ], [ 150.580520490000026, -35.009180360999949 ] ] ] ] } },
{ "type": "Feature", "properties": { "OBJECTID": 1120, "gridcode": 5, "Shape_Length": 0.00019965491019402029, "Shape_Area": 1.7767845137972094e-09 }, "geometry": { "type": "MultiPolygon", "coordinates": [ [ [ [ 150.57873402700011, -35.009198805999972 ], [ 150.578788777000113, -35.009199898999952 ], [ 150.578790105000053, -35.009154851999938 ], [ 150.57877915500012, -35.00915463399997 ], [ 150.578778890000081, -35.009163642999965 ], [ 150.578756989000112, -35.009163205999982 ], [ 150.578756724000073, -35.009172214999978 ], [ 150.578745774000026, -35.009171996999953 ], [ 150.578745508000111, -35.009181005999949 ], [ 150.578734558000065, -35.009180786999934 ], [ 150.57873402700011, -35.009198805999972 ] ] ] ] } },
{ "type": "Feature", "properties": { "OBJECTID": 1121, "gridcode": 5, "Shape_Length": 3.9931152434147954e-05, "Shape_Area": 9.8711927286961784e-11 }, "geometry": { "type": "MultiPolygon", "coordinates": [ [ [ [ 150.58031031400003, -35.009248286999934 ], [ 150.58031057900007, -35.009239276999949 ], [ 150.580299629000024, -35.009239058999981 ], [ 150.580299364000098, -35.009248067999977 ], [ 150.58031031400003, -35.009248286999934 ] ] ] ] } },
{ "type": "Feature", "properties": { "OBJECTID": 1122, "gridcode": 5, "Shape_Length": 7.9861335070600118e-05, "Shape_Area": 2.9613392712394106e-10 }, "geometry": { "type": "MultiPolygon", "coordinates": [ [ [ [ 150.580748850000077, -35.009239003999937 ], [ 150.580748585000038, -35.009248012999933 ], [ 150.580759535000084, -35.009248230999958 ], [ 150.580760066000039, -35.009230212999967 ], [ 150.580738165000071, -35.009229775999984 ], [ 150.580737900000031, -35.00923878499998 ], [ 150.580748850000077, -35.009239003999937 ] ] ] ] } },
{ "type": "Feature", "properties": { "OBJECTID": 1124, "gridcode": 5, "Shape_Length": 0.015153439635729604, "Shape_Area": 4.4785096438378478e-07 }, "geometry": { "type": "MultiPolygon", "coordinates": [ [ [ [ 150.578159668000012, -35.008240801999932 ], [ 150.578159403000086, -35.008249811999974 ], [ 150.57814845300004, -35.00824959299996 ], [ 150.578148718000079, -35.008240583999964 ], [ 150.578159668000012, -35.008240801999932 ] ] ], [ [ [ 150.578456381000024, -35.008210666999958 ], [ 150.578456115000108, -35.008219675999953 ], [ 150.578445165000062, -35.008219457999928 ], [ 150.578445431000091, -35.008210447999943 ], [ 150.578456381000024, -35.008210666999958 ] ] ], [ [ [ 150.578553602000056, -35.008257680999975 ], [ 150.578553337000017, -35.008266689999971 ], [ 150.578542387000084, -35.008266470999956 ], [ 150.57854265200001, -35.00825746199996 ], [ 150.578553602000056, -35.008257680999975 ] ] ], [ [ [ 150.578355971000065, -35.008271764999961 ], [ 150.578355705000035, -35.008280773999957 ], [ 150.578344755000103, -35.008280555999931 ], [ 150.578345021000018, -35.008271545999946 ], [ 150.578355971000065, -35.008271764999961 ] ] ], [ [ [ 150.57799435600009, -35.008273560999953 ], [ 150.577993027000048, -35.008318606999978 ], [ 150.577982077000115, -35.008318388999953 ], [ 150.577982343000031, -35.008309378999968 ], [ 150.577960443000052, -35.008308941999928 ], [ 150.577960709000081, -35.008299932999932 ], [ 150.577949759000035, -35.008299713999975 ], [ 150.577950024000074, -35.008290704999979 ], [ 150.577960974000121, -35.008290922999947 ], [ 150.577961240000036, -35.008281913999951 ], [ 150.577972190000082, -35.008282132999966 ], [ 150.577972456000111, -35.008273122999981 ], [ 150.57799435600009, -35.008273560999953 ] ] ], [ [ [ 150.578693827000052, -35.008332596999935 ], [ 150.578693561000023, -35.008341605999931 ], [ 150.57868261100009, -35.008341387999963 ], [ 150.578682877000119, -35.008332377999977 ], [ 150.578693827000052, -35.008332596999935 ] ] ], [ [ [ 150.578452661000028, -35.008336797999959 ], [ 150.578452396000102, -35.008345806999955 ], [ 150.578441446000056, -35.00834558899993 ], [ 150.578441711000096, -35.008336578999945 ], [ 150.578452661000028, -35.008336797999959 ] ] ], [ [ [ 150.578529046000085, -35.008347336999975 ], [ 150.578528780000056, -35.008356345999971 ], [ 150.578506880000077, -35.008355908999931 ], [ 150.578507146000106, -35.008346899999935 ], [ 150.578518096000039, -35.00834711899995 ], [ 150.578518361000079, -35.008338108999965 ], [ 150.578507411000032, -35.00833789099994 ], [ 150.578507677000061, -35.008328880999954 ], [ 150.578518627000108, -35.008329099999969 ], [ 150.578519158000063, -35.008311080999931 ], [ 150.578541058000042, -35.008311517999971 ], [ 150.578539996000018, -35.008347555999933 ], [ 150.578529046000085, -35.008347336999975 ] ] ], [ [ [ 150.578101730000071, -35.008347820999973 ], [ 150.578101464000042, -35.008356830999958 ], [ 150.578079564000063, -35.008356393999975 ], [ 150.578080096000122, -35.008338374999937 ], [ 150.578091046000054, -35.008338593999952 ], [ 150.578091311000094, -35.008329583999966 ], [ 150.578113211000073, -35.008330020999949 ], [ 150.578113477000102, -35.008321011999953 ], [ 150.578135377000081, -35.008321448999936 ], [ 150.578135111000051, -35.008330458999978 ], [ 150.578146061000098, -35.008330676999947 ], [ 150.578145796000058, -35.008339686999932 ], [ 150.578134846000012, -35.008339467999974 ], [ 150.578134580000096, -35.00834847699997 ], [ 150.578101730000071, -35.008347820999973 ] ] ], [ [ [ 150.578068614000017, -35.00835617499996 ], [ 150.578068349000091, -35.008365183999956 ], [ 150.578057399000045, -35.008364965999931 ], [ 150.578057664000085, -35.008355955999946 ], [ 150.578068614000017, -35.00835617499996 ] ] ], [ [ [ 150.578682080000021, -35.008359405999954 ], [ 150.578681549000066, -35.008377424999935 ], [ 150.578659649000087, -35.008376987999952 ], [ 150.578659915000117, -35.008367978999956 ], [ 150.578670865000049, -35.008368196999982 ], [ 150.578671130000089, -35.008359187999929 ], [ 150.578682080000021, -35.008359405999954 ], [ 150.578682346000051, -35.008350396999958 ], [ 150.578693296000097, -35.008350615999973 ], [ 150.578693030000068, -35.008359624999969 ], [ 150.578682080000021, -35.008359405999954 ] ] ], [ [ [ 150.578669005000052, -35.008431262999977 ], [ 150.578668474000096, -35.008449280999969 ], [ 150.578646574000118, -35.008448843999929 ], [ 150.578646839000044, -35.008439834999933 ], [ 150.57865778900009, -35.008440052999958 ], [ 150.578658055000119, -35.008431043999963 ], [ 150.578647105000073, -35.008430824999948 ], [ 150.578647902000057, -35.008403796999971 ], [ 150.578680752000082, -35.008404452999969 ], [ 150.578679955000098, -35.008431480999946 ], [ 150.578669005000052, -35.008431262999977 ] ] ], [ [ [ 150.578668208000067, -35.008458290999954 ], [ 150.578667943000028, -35.00846729999995 ], [ 150.578646042000059, -35.008466862999967 ], [ 150.578646308000089, -35.008457853999971 ], [ 150.578668208000067, -35.008458290999954 ] ] ], [ [ [ 150.578711211000041, -35.008486192999953 ], [ 150.578710946000115, -35.008495201999949 ], [ 150.578699996000068, -35.008494983999981 ], [ 150.578700261000108, -35.008485973999939 ], [ 150.578711211000041, -35.008486192999953 ] ] ], [ [ [ 150.578656727000066, -35.008476090999977 ], [ 150.578655664000053, -35.00851212799995 ], [ 150.57864471400012, -35.008511909999982 ], [ 150.578644980000036, -35.008502899999939 ], [ 150.578634030000103, -35.008502681999971 ], [ 150.578634296000018, -35.008493671999929 ], [ 150.578645246000065, -35.008493890999944 ], [ 150.57864577700002, -35.008475871999963 ], [ 150.578656727000066, -35.008476090999977 ] ] ], [ [ [ 150.578620955000019, -35.008574537999948 ], [ 150.578620423000075, -35.008592556999929 ], [ 150.578609473000029, -35.008592337999971 ], [ 150.578610536000042, -35.008556300999942 ], [ 150.578599586000109, -35.008556081999984 ], [ 150.578600117000065, -35.008538062999946 ], [ 150.578622017000043, -35.008538500999975 ], [ 150.578622283000072, -35.008529490999933 ], [ 150.578677033000076, -35.008530583999971 ], [ 150.578676502000121, -35.008548602999952 ], [ 150.578687452000054, -35.008548820999977 ], [ 150.578686921000099, -35.008566839999958 ], [ 150.578697871000031, -35.008567058999972 ], [ 150.578697605000116, -35.008576067999968 ], [ 150.57868665500007, -35.008575848999953 ], [ 150.57868638900004, -35.008584858999939 ], [ 150.578653539000015, -35.008584202999941 ], [ 150.578653805000044, -35.008575193999945 ], [ 150.578620955000019, -35.008574537999948 ] ] ], [ [ [ 150.578673314000071, -35.008656714999972 ], [ 150.578672783000115, -35.008674733999953 ], [ 150.578650883000023, -35.00867429699997 ], [ 150.578651148000063, -35.008665286999928 ], [ 150.578662098000109, -35.008665505999943 ], [ 150.578662364000024, -35.008656495999958 ], [ 150.578673314000071, -35.008656714999972 ] ] ], [ [ [ 150.578840812000067, -35.008921482999938 ], [ 150.578840546000038, -35.008930491999934 ], [ 150.578829596000105, -35.008930273999965 ], [ 150.578829862000021, -35.008921264999969 ], [ 150.578840812000067, -35.008921482999938 ] ] ], [ [ [ 150.578631963000021, -35.008944358999941 ], [ 150.578631698000095, -35.008953367999936 ], [ 150.578620748000048, -35.008953148999979 ], [ 150.578621013000088, -35.008944139999983 ], [ 150.578631963000021, -35.008944358999941 ] ], [ [ 150.579587605000029, -35.009233868999956 ], [ 150.5796314050001, -35.009234742999979 ], [ 150.579631671000016, -35.009225733999983 ], [ 150.579664521000041, -35.009226388999934 ], [ 150.57966478700007, -35.009217379999939 ], [ 150.579730488000109, -35.009218690999944 ], [ 150.57973022200008, -35.00922769999994 ], [ 150.579752122000059, -35.00922813699998 ], [ 150.579752388000088, -35.009219127999984 ], [ 150.579763338000021, -35.009219345999952 ], [ 150.57976360400005, -35.009210336999956 ], [ 150.579796454000075, -35.009210991999964 ], [ 150.579796720000104, -35.009201982999969 ], [ 150.579829570000015, -35.009202637999977 ], [ 150.579829835000055, -35.009193628999981 ], [ 150.579895536000095, -35.00919493899994 ], [ 150.579895271000055, -35.009203948999982 ], [ 150.579971922000027, -35.009205477999956 ], [ 150.579971656000112, -35.009214486999952 ], [ 150.580070207000063, -35.009216452999965 ], [ 150.580069942000023, -35.00922546299995 ], [ 150.580102792000048, -35.009226117999958 ], [ 150.580102527000122, -35.009235126999954 ], [ 150.580212028000119, -35.009237310999936 ], [ 150.580212293000045, -35.00922830199994 ], [ 150.580168493000087, -35.009227427999974 ], [ 150.580168758000013, -35.009218418999978 ], [ 150.58011400800001, -35.009217326999931 ], [ 150.580114273000049, -35.009208317999935 ], [ 150.58009237300007, -35.009207880999952 ], [ 150.58009263800011, -35.009198870999967 ], [ 150.580070738000018, -35.009198433999984 ], [ 150.580071004000047, -35.009189424999931 ], [ 150.580060054000114, -35.009189206999963 ], [ 150.580059788000085, -35.009198215999959 ], [ 150.580015988000014, -35.009197341999936 ], [ 150.580016253000053, -35.00918833299994 ], [ 150.579983403000028, -35.009187677999932 ], [ 150.579983934000097, -35.009169658999951 ], [ 150.579972984000051, -35.009169439999937 ], [ 150.579973249000091, -35.009160430999941 ], [ 150.579940399000066, -35.009159775999933 ], [ 150.579940133000036, -35.009168784999929 ], [ 150.579918233000058, -35.009168347999946 ], [ 150.579917967000029, -35.009177357999931 ], [ 150.579874167000071, -35.009176483999966 ], [ 150.579874432000111, -35.00916747399998 ], [ 150.579841582000086, -35.009166818999972 ], [ 150.579841317000046, -35.009175827999968 ], [ 150.579819416000078, -35.009175390999928 ], [ 150.579819151000038, -35.00918440099997 ], [ 150.579786300000023, -35.009183744999973 ], [ 150.579786035000097, -35.009192754999958 ], [ 150.579720334000058, -35.009191443999953 ], [ 150.579720600000087, -35.009182434999957 ], [ 150.5796110980001, -35.009180249999929 ], [ 150.579611364000016, -35.009171240999933 ], [ 150.579600414000083, -35.009171021999975 ], [ 150.579600679, -35.00916201299998 ], [ 150.579589729000077, -35.009161793999965 ], [ 150.579589995000106, -35.009152784999969 ], [ 150.579568095000013, -35.00915234799993 ], [ 150.579568360000053, -35.009143338999934 ], [ 150.579469809000102, -35.009141371999931 ], [ 150.579470075000017, -35.009132362999935 ], [ 150.579415324000024, -35.009131269999955 ], [ 150.579415059000098, -35.00914027999994 ], [ 150.579404108000062, -35.009140060999982 ], [ 150.579404374000092, -35.00913105199993 ], [ 150.579371524000067, -35.009130395999932 ], [ 150.579372055000022, -35.009112377999941 ], [ 150.579361105000089, -35.009112158999983 ], [ 150.579361370000015, -35.00910314999993 ], [ 150.579350420000083, -35.009102930999973 ], [ 150.579350686000112, -35.009093921999977 ], [ 150.579339736000065, -35.009093703999952 ], [ 150.579340001000105, -35.009084693999966 ], [ 150.57930715100008, -35.009084038999958 ], [ 150.579307682000035, -35.009066019999977 ], [ 150.579296732000103, -35.009065800999963 ], [ 150.579296997000029, -35.009056791999967 ], [ 150.579286047000096, -35.009056573999942 ], [ 150.579286313000011, -35.009047563999957 ], [ 150.579275363000079, -35.009047345999932 ], [ 150.579275628000119, -35.009038335999946 ], [ 150.579209928000068, -35.009037024999941 ], [ 150.579209662000039, -35.009046034999983 ], [ 150.579198712000107, -35.009045815999968 ], [ 150.579198447000067, -35.009054825999954 ], [ 150.579176546000099, -35.009054387999981 ], [ 150.579176812000014, -35.009045378999929 ], [ 150.579154912000035, -35.009044941999946 ], [ 150.579155177000075, -35.00903593299995 ], [ 150.579144227000029, -35.009035713999936 ], [ 150.579144493000058, -35.00902670499994 ], [ 150.579133543000012, -35.009026485999982 ], [ 150.579133808000051, -35.009017476999929 ], [ 150.579122858000119, -35.009017257999972 ], [ 150.579123124000034, -35.009008248999976 ], [ 150.579112174000102, -35.009008030999951 ], [ 150.579112439000028, -35.008999020999966 ], [ 150.579101489000095, -35.00899880299994 ], [ 150.579101755000011, -35.008989792999955 ], [ 150.57906890400011, -35.008989137999947 ], [ 150.57906863900007, -35.008998146999943 ], [ 150.579057689000024, -35.008997928999975 ], [ 150.579057954000064, -35.008988918999933 ], [ 150.579025104000038, -35.008988263999981 ], [ 150.579025370000068, -35.008979253999939 ], [ 150.579014420000021, -35.008979035999971 ], [ 150.57901495100009, -35.008961016999933 ], [ 150.579004001000044, -35.008960798999965 ], [ 150.579005063000068, -35.008924760999946 ], [ 150.578972213000043, -35.008924105999938 ], [ 150.578971947000014, -35.008933114999934 ], [ 150.578928147000056, -35.008932240999968 ], [ 150.578928413000085, -35.008923230999983 ], [ 150.578917462000049, -35.008923012999958 ], [ 150.578917994000108, -35.008904993999977 ], [ 150.578907044000061, -35.008904775999952 ], [ 150.578907309000101, -35.008895765999966 ], [ 150.578896359000055, -35.008895547999941 ], [ 150.578896625000084, -35.008886537999956 ], [ 150.578874725000105, -35.008886100999973 ], [ 150.578874990000031, -35.008877091999977 ], [ 150.578864040000099, -35.008876872999963 ], [ 150.578865103000112, -35.008840835999933 ], [ 150.578876053000045, -35.008841054999948 ], [ 150.578876318000084, -35.008832044999963 ], [ 150.578887268000017, -35.008832263999977 ], [ 150.578887534000046, -35.008823253999935 ], [ 150.578898484000092, -35.00882347299995 ], [ 150.578899015000047, -35.008805453999969 ], [ 150.578888065000115, -35.008805235999944 ], [ 150.57888833100003, -35.008796225999959 ], [ 150.578877381000098, -35.008796007999933 ], [ 150.578877646000024, -35.008786997999948 ], [ 150.578833846000066, -35.008786123999982 ], [ 150.578834112000095, -35.00877711499993 ], [ 150.578812212000116, -35.008776677999947 ], [ 150.578812743000071, -35.008758658999966 ], [ 150.578790843000093, -35.008758221999983 ], [ 150.578790046000108, -35.00878524999996 ], [ 150.578779096000062, -35.008785030999945 ], [ 150.578778830000033, -35.008794040999931 ], [ 150.5787678800001, -35.008793821999973 ], [ 150.578768146000016, -35.008784812999977 ], [ 150.578746246000037, -35.008784375999937 ], [ 150.578746511000077, -35.008775365999952 ], [ 150.57873556100003, -35.008775147999984 ], [ 150.57873582700006, -35.008766138999931 ], [ 150.578724877000013, -35.008765919999973 ], [ 150.578725142000053, -35.008756910999978 ], [ 150.57871419200012, -35.008756691999963 ], [ 150.578714724000065, -35.008738672999982 ], [ 150.578703774000019, -35.008738454999957 ], [ 150.578705899000056, -35.008666379999966 ], [ 150.57869494900001, -35.008666160999951 ], [ 150.578694683000094, -35.008675170999936 ], [ 150.578683733000048, -35.008674951999978 ], [ 150.578683999000077, -35.008665942999983 ], [ 150.57869494900001, -35.008666160999951 ], [ 150.578695214000049, -35.008657151999955 ], [ 150.578706164000096, -35.00865737099997 ], [ 150.578706430000011, -35.008648360999985 ], [ 150.578717380000057, -35.008648579999942 ], [ 150.578718443000071, -35.00861254199998 ], [ 150.578729393000117, -35.008612760999938 ], [ 150.578730189000112, -35.008585732999961 ], [ 150.578741139000044, -35.00858595099993 ], [ 150.578742202000058, -35.008549913999957 ], [ 150.578731252000011, -35.008549695999932 ], [ 150.578732049000109, -35.008522666999966 ], [ 150.578742999000042, -35.00852288599998 ], [ 150.578743265000071, -35.008513876999984 ], [ 150.578754215000117, -35.008514094999953 ], [ 150.578754480000043, -35.008505085999957 ], [ 150.578743530000111, -35.008504866999942 ], [ 150.578744061000066, -35.008486848999951 ], [ 150.578722161000087, -35.008486411999968 ], [ 150.578722427000116, -35.008477401999983 ], [ 150.578733377000049, -35.00847762099994 ], [ 150.578734440000062, -35.008441582999978 ], [ 150.578745390000108, -35.008441801999936 ], [ 150.578745655000034, -35.008432791999951 ], [ 150.578734705000102, -35.008432573999983 ], [ 150.578735502000086, -35.008405545999949 ], [ 150.57872455200004, -35.008405326999934 ], [ 150.578724818000069, -35.008396317999939 ], [ 150.578735768000115, -35.008396536999953 ], [ 150.578736033000041, -35.008387526999968 ], [ 150.578725083000108, -35.008387308999943 ], [ 150.578726411000048, -35.008342261999928 ], [ 150.578737361000094, -35.008342479999953 ], [ 150.57873762700001, -35.008333470999958 ], [ 150.578748577000056, -35.008333689999972 ], [ 150.578748843000085, -35.00832467999993 ], [ 150.578759793000017, -35.008324898999945 ], [ 150.578760590000115, -35.008297870999968 ], [ 150.578771540000048, -35.008298088999936 ], [ 150.578771805000088, -35.00828907999994 ], [ 150.578738955000063, -35.008288423999943 ], [ 150.578739221000092, -35.008279414999947 ], [ 150.578717321000113, -35.008278977999964 ], [ 150.578717055000084, -35.00828798699996 ], [ 150.578695155000105, -35.008287549999977 ], [ 150.57869542100002, -35.008278540999981 ], [ 150.578706371000067, -35.00827875899995 ], [ 150.578706636000106, -35.008269749999954 ], [ 150.578717586000039, -35.008269967999979 ], [ 150.578718915000081, -35.008224921999954 ], [ 150.578707965000035, -35.008224702999939 ], [ 150.578708230000075, -35.008215693999944 ], [ 150.578719180000121, -35.008215911999969 ], [ 150.578719446000036, -35.008206902999973 ], [ 150.578708496000104, -35.008206683999958 ], [ 150.578709027000059, -35.008188665999967 ], [ 150.578698077000013, -35.008188446999952 ], [ 150.578697280000029, -35.008215474999929 ], [ 150.578686330000096, -35.008215256999961 ], [ 150.578686065000056, -35.008224265999957 ], [ 150.578664165000077, -35.008223828999974 ], [ 150.578663899000048, -35.008232837999969 ], [ 150.578631049000023, -35.008232182999961 ], [ 150.578630783000108, -35.008241191999957 ], [ 150.578619833000062, -35.008240972999943 ], [ 150.578619568000022, -35.008249982999985 ], [ 150.578575768000064, -35.008249107999973 ], [ 150.578576033000104, -35.008240098999977 ], [ 150.578554134000115, -35.008239661999937 ], [ 150.578554399000041, -35.008230652999941 ], [ 150.578543449000108, -35.008230433999984 ], [ 150.578543715000023, -35.008221424999931 ], [ 150.578510865000112, -35.008220768999934 ], [ 150.578511131000027, -35.008211759999938 ], [ 150.578500181000095, -35.00821154099998 ], [ 150.57850071200005, -35.008193521999942 ], [ 150.578489762000117, -35.008193303999974 ], [ 150.578490028000033, -35.008184293999932 ], [ 150.578446228000075, -35.008183419999966 ], [ 150.578446493000115, -35.00817441099997 ], [ 150.578435543000069, -35.008174191999956 ], [ 150.578436075000013, -35.008156173999964 ], [ 150.57844702500006, -35.008156391999933 ], [ 150.578447822000044, -35.008129363999956 ], [ 150.578436872000111, -35.008129144999941 ], [ 150.578436606000082, -35.008138154999983 ], [ 150.578425656000036, -35.008137935999969 ], [ 150.57842539000012, -35.008146945999954 ], [ 150.578381590000049, -35.008146070999942 ], [ 150.578381856000078, -35.008137061999946 ], [ 150.578370906000032, -35.008136842999932 ], [ 150.578371437000101, -35.00811882499994 ], [ 150.578349537000122, -35.008118386999968 ], [ 150.578349803000037, -35.008109377999972 ], [ 150.578338853000105, -35.008109159999947 ], [ 150.57833911900002, -35.008100149999962 ], [ 150.578328169000088, -35.008099931999936 ], [ 150.578328435000117, -35.008090921999951 ], [ 150.578295585000092, -35.008090265999954 ], [ 150.578295850000018, -35.008081256999958 ], [ 150.578284900000085, -35.008081038999933 ], [ 150.578284635000045, -35.008090047999929 ], [ 150.578262735000067, -35.008089610999946 ], [ 150.578262469000038, -35.008098619999942 ], [ 150.578251519000105, -35.008098400999984 ], [ 150.57825178500002, -35.008089391999931 ], [ 150.578240835000088, -35.008089173999963 ], [ 150.578240569000059, -35.008098182999959 ], [ 150.578229619000012, -35.008097963999944 ], [ 150.578229353000097, -35.008106973999929 ], [ 150.578218403000051, -35.008106754999972 ], [ 150.578217075000111, -35.008151801999929 ], [ 150.578228025000044, -35.008152019999955 ], [ 150.578227494000089, -35.008170038999936 ], [ 150.578238444000021, -35.00817025799995 ], [ 150.578238178000106, -35.008179266999946 ], [ 150.578260078000085, -35.008179703999929 ], [ 150.578259547000016, -35.008197722999967 ], [ 150.578270497000062, -35.008197941999981 ], [ 150.578269700000078, -35.008224969999958 ], [ 150.578258750000032, -35.008224750999943 ], [ 150.578258218000087, -35.008242769999981 ], [ 150.578247268000041, -35.008242550999967 ], [ 150.578246205000028, -35.008278587999939 ], [ 150.578202406000059, -35.008277713999973 ], [ 150.578203203000044, -35.00825068599994 ], [ 150.578192253000111, -35.008250466999982 ], [ 150.578191987000082, -35.008259476999967 ], [ 150.578181037000036, -35.008259257999953 ], [ 150.578181303000065, -35.008250248999957 ], [ 150.578170353000019, -35.008250029999942 ], [ 150.578170884000087, -35.008232011999951 ], [ 150.57818183400002, -35.008232229999976 ], [ 150.578182631000118, -35.008205201999942 ], [ 150.57819358100005, -35.008205420999957 ], [ 150.578194909000104, -35.008160373999942 ], [ 150.578183959000057, -35.008160154999985 ], [ 150.578184491000115, -35.008142136999936 ], [ 150.578173541000069, -35.008141917999978 ], [ 150.578173807000098, -35.008132908999983 ], [ 150.578184757000031, -35.008133126999951 ], [ 150.578185022000071, -35.008124117999955 ], [ 150.578174072000024, -35.008123898999941 ], [ 150.578174338000053, -35.008114889999945 ], [ 150.5781852880001, -35.008115108999959 ], [ 150.578186351000113, -35.008079070999941 ], [ 150.578197301000046, -35.008079289999955 ], [ 150.578197566000085, -35.00807027999997 ], [ 150.578219466000064, -35.008070717999942 ], [ 150.578219998000122, -35.008052698999961 ], [ 150.578230948000055, -35.008052917999976 ], [ 150.578230682000026, -35.008061926999972 ], [ 150.578252582000118, -35.008062363999954 ], [ 150.578252847000044, -35.008053354999959 ], [ 150.578274747000023, -35.008053791999941 ], [ 150.578275013000052, -35.008044782999946 ], [ 150.578307863000077, -35.008045437999954 ], [ 150.578307597000048, -35.008054447999939 ], [ 150.578318547000094, -35.008054665999964 ], [ 150.578318282000055, -35.008063675999949 ], [ 150.578362081000023, -35.008064549999972 ], [ 150.578363675000105, -35.008010493999961 ], [ 150.578341775000013, -35.008010056999979 ], [ 150.578342041000042, -35.008001046999937 ], [ 150.578320141000063, -35.008000609999954 ], [ 150.578320407000092, -35.007991600999958 ], [ 150.578309457000046, -35.007991381999943 ], [ 150.578309723000075, -35.007982372999948 ], [ 150.578287823000096, -35.007981935999965 ], [ 150.578288088000022, -35.007972925999979 ], [ 150.57827713800009, -35.007972707999954 ], [ 150.578277404000119, -35.007963697999969 ], [ 150.578288354000051, -35.007963916999984 ], [ 150.57828888500012, -35.007945897999946 ], [ 150.578299835000053, -35.00794611699996 ], [ 150.578300367000111, -35.007928097999979 ], [ 150.578311317000043, -35.007928316999937 ], [ 150.578311582000083, -35.007919306999952 ], [ 150.578300632000037, -35.007919088999984 ], [ 150.578301429000021, -35.00789206099995 ], [ 150.578290479000088, -35.007891841999935 ], [ 150.578290745000118, -35.00788283299994 ], [ 150.578279795000071, -35.007882613999982 ], [ 150.5782800610001, -35.007873604999929 ], [ 150.578258161000122, -35.007873167999946 ], [ 150.578258427000037, -35.007864157999961 ], [ 150.578269377000083, -35.007864376999976 ], [ 150.578269908000038, -35.007846357999938 ], [ 150.578258958000106, -35.00784613999997 ], [ 150.578259224000021, -35.007837129999984 ], [ 150.578270174000068, -35.007837348999942 ], [ 150.578270439000107, -35.007828339999946 ], [ 150.578259489000061, -35.007828120999932 ], [ 150.57825975500009, -35.007819111999936 ], [ 150.578248805000044, -35.007818892999978 ], [ 150.578246148000062, -35.007908985999961 ], [ 150.578235198000016, -35.007908767999936 ], [ 150.57823493300009, -35.007917776999932 ], [ 150.578245883000022, -35.007917995999946 ], [ 150.578244289000054, -35.007972051999957 ], [ 150.578233339000121, -35.007971832999942 ], [ 150.578233073000092, -35.007980842999984 ], [ 150.578222123000046, -35.00798062399997 ], [ 150.578221857000017, -35.007989632999966 ], [ 150.578210907000084, -35.00798941499994 ], [ 150.578210376000015, -35.008007433999978 ], [ 150.578199426000083, -35.008007214999964 ], [ 150.57819809800003, -35.008052261999978 ], [ 150.578187148000097, -35.008052042999964 ], [ 150.578186616000039, -35.008070061999945 ], [ 150.578175666000107, -35.00806984299993 ], [ 150.578175135000038, -35.008087861999968 ], [ 150.578164185000105, -35.008087642999953 ], [ 150.578163919000076, -35.008096652999939 ], [ 150.57815296900003, -35.008096433999981 ], [ 150.578152704000104, -35.008105442999977 ], [ 150.578130804000011, -35.008105005999937 ], [ 150.578130272000067, -35.008123024999975 ], [ 150.57811932200002, -35.00812280599996 ], [ 150.578119057000094, -35.008131815999946 ], [ 150.578130007000027, -35.008132033999971 ], [ 150.578129741000112, -35.008141043999956 ], [ 150.57815164100009, -35.008141480999939 ], [ 150.578151375000061, -35.008150489999935 ], [ 150.578162325000108, -35.008150708999949 ], [ 150.578161794000039, -35.008168726999941 ], [ 150.578172744000085, -35.008168945999955 ], [ 150.578172478000056, -35.008177954999951 ], [ 150.578183428000102, -35.008178173999966 ], [ 150.578183162000073, -35.008187182999961 ], [ 150.578172212000027, -35.008186964999936 ], [ 150.578171415000043, -35.00821399299997 ], [ 150.578116665000039, -35.008212899999933 ], [ 150.578116400000113, -35.008221908999928 ], [ 150.578105450000066, -35.00822169099996 ], [ 150.578105715000106, -35.008212680999975 ], [ 150.57807286600007, -35.008212024999978 ], [ 150.57807313100011, -35.008203015999982 ], [ 150.578062181000064, -35.008202796999967 ], [ 150.578062447000093, -35.008193787999971 ], [ 150.578040547000114, -35.008193350999932 ], [ 150.57804081300003, -35.008184341999936 ], [ 150.578007963000118, -35.008183685999938 ], [ 150.578007697000089, -35.008192694999934 ], [ 150.577996747000043, -35.008192475999977 ], [ 150.577997013000072, -35.008183466999981 ], [ 150.577986063000026, -35.008183247999966 ], [ 150.57798579700011, -35.008192257999951 ], [ 150.577952947000085, -35.008191601999954 ], [ 150.577952681000056, -35.00820061099995 ], [ 150.577908882000088, -35.008199736999984 ], [ 150.577909147000014, -35.008190726999942 ], [ 150.577887247000035, -35.008190289999959 ], [ 150.577887513000064, -35.008181280999963 ], [ 150.577865613000085, -35.00818084399998 ], [ 150.577865879000115, -35.008171833999938 ], [ 150.577854929000068, -35.00817161599997 ], [ 150.577855460000023, -35.008153596999932 ], [ 150.577833560000045, -35.008153159999949 ], [ 150.577833295000119, -35.008162168999945 ], [ 150.577844245000051, -35.00816238799996 ], [ 150.577843182000038, -35.008198424999932 ], [ 150.577854132000084, -35.008198643999947 ], [ 150.577853866000055, -35.008207652999943 ], [ 150.577864816000101, -35.008207871999957 ], [ 150.577864284000043, -35.008225889999949 ], [ 150.57785333400011, -35.00822567199998 ], [ 150.577852803000042, -35.008243689999972 ], [ 150.577863753000088, -35.00824390899993 ], [ 150.577863487000059, -35.008252917999982 ], [ 150.577874437000105, -35.00825313699994 ], [ 150.577872843000023, -35.008307192999951 ], [ 150.577883793000069, -35.008307411999965 ], [ 150.577884059000098, -35.00829840199998 ], [ 150.577895009000031, -35.008298620999938 ], [ 150.577894743000115, -35.008307629999933 ], [ 150.577927593000027, -35.008308285999931 ], [ 150.577926530000013, -35.00834432399995 ], [ 150.577970330000085, -35.008345197999972 ], [ 150.5779695330001, -35.008372225999949 ], [ 150.577980483000033, -35.008372444999964 ], [ 150.57797942000002, -35.008408481999936 ], [ 150.577990370000066, -35.008408700999951 ], [ 150.577990104000037, -35.008417709999947 ], [ 150.578001054000083, -35.008417928999961 ], [ 150.578000789000043, -35.008426937999957 ], [ 150.577989839000111, -35.008426718999942 ], [ 150.577989573000082, -35.008435728999984 ], [ 150.578011473000061, -35.008436165999967 ], [ 150.578010410000047, -35.00847220299994 ], [ 150.578054210000118, -35.008473077999952 ], [ 150.578053413000021, -35.008500105999929 ], [ 150.578064363000067, -35.008500324999943 ], [ 150.578064097000038, -35.008509333999939 ], [ 150.578085997000017, -35.008509770999979 ], [ 150.578085732000091, -35.008518780999964 ], [ 150.578129532000048, -35.00851965499993 ], [ 150.578129798000077, -35.008510645999934 ], [ 150.57814074800001, -35.008510863999959 ], [ 150.578141013000049, -35.008501854999963 ], [ 150.578162913000028, -35.008502291999946 ], [ 150.578163179000057, -35.00849328299995 ], [ 150.578174129000104, -35.008493500999975 ], [ 150.578174395000019, -35.00848449199998 ], [ 150.578185345000065, -35.008484710999937 ], [ 150.57818587600002, -35.008466691999956 ], [ 150.578196826000067, -35.008466909999981 ], [ 150.578197357000022, -35.008448891999933 ], [ 150.578241158000083, -35.008449765999956 ], [ 150.578240892000053, -35.008458775999941 ], [ 150.5782518420001, -35.008458993999966 ], [ 150.578251576000071, -35.008468002999962 ], [ 150.578273476000049, -35.008468440999934 ], [ 150.57827321100001, -35.00847744999993 ], [ 150.578284161000056, -35.008477668999944 ], [ 150.578283895000027, -35.00848667799994 ], [ 150.578294845000073, -35.008486896999955 ], [ 150.578294579000044, -35.008495905999951 ], [ 150.57830552900009, -35.008496123999976 ], [ 150.578304998000021, -35.008514142999957 ], [ 150.578294048000089, -35.008513924999932 ], [ 150.578293251000105, -35.008540952999965 ], [ 150.578304201000037, -35.008541170999933 ], [ 150.578303138000024, -35.008577208999952 ], [ 150.57831408800007, -35.008577426999977 ], [ 150.578312494000102, -35.008631482999931 ], [ 150.578323444000034, -35.008631701999946 ], [ 150.578323178000119, -35.008640710999941 ], [ 150.578334129000041, -35.008640929999956 ], [ 150.578333863000012, -35.008649938999952 ], [ 150.578344813000058, -35.008650157999966 ], [ 150.578344547000029, -35.008659166999962 ], [ 150.578355497000075, -35.008659385999977 ], [ 150.578355232000035, -35.008668394999972 ], [ 150.578420932000085, -35.008669706999967 ], [ 150.578421198000115, -35.008660696999982 ], [ 150.578443098000093, -35.008661133999965 ], [ 150.578443363000019, -35.008652124999969 ], [ 150.578476213000044, -35.008652780999967 ], [ 150.578475948000118, -35.008661789999962 ], [ 150.578486898000051, -35.008662008999977 ], [ 150.578487695000035, -35.008634980999943 ], [ 150.578498645000082, -35.008635198999968 ], [ 150.578498910000121, -35.008626189999973 ], [ 150.578487960000075, -35.008625970999958 ], [ 150.578488226000104, -35.008616961999962 ], [ 150.578499176000037, -35.008617180999977 ], [ 150.578499707000105, -35.008599161999939 ], [ 150.578488757000059, -35.008598942999981 ], [ 150.578489023000088, -35.008589933999929 ], [ 150.578467123000109, -35.008589496999946 ], [ 150.578467389000025, -35.008580486999961 ], [ 150.578434539000114, -35.008579831999953 ], [ 150.57843480400004, -35.008570821999967 ], [ 150.578412904000061, -35.008570384999985 ], [ 150.57841317000009, -35.008561375999932 ], [ 150.578402220000044, -35.008561156999974 ], [ 150.578403814000012, -35.008507100999964 ], [ 150.578381914000033, -35.008506663999981 ], [ 150.578382976000057, -35.008470626999951 ], [ 150.578350126000032, -35.008469970999954 ], [ 150.578350392000061, -35.008460960999969 ], [ 150.578339442000015, -35.008460742999944 ], [ 150.578339973000084, -35.008442723999963 ], [ 150.578329023000038, -35.008442505999938 ], [ 150.578329289000067, -35.008433495999952 ], [ 150.578307389000088, -35.008433058999969 ], [ 150.578307123000059, -35.008442067999965 ], [ 150.578274273000034, -35.008441412999957 ], [ 150.578274539000063, -35.008432402999972 ], [ 150.578252639000084, -35.008431965999932 ], [ 150.578252905000113, -35.008422956999937 ], [ 150.578241955000067, -35.008422737999979 ], [ 150.578242486000022, -35.008404718999941 ], [ 150.578231536000089, -35.008404500999973 ], [ 150.578231802000118, -35.008395490999931 ], [ 150.578242752000051, -35.008395709999945 ], [ 150.578243017000091, -35.008386700999949 ], [ 150.578253967000023, -35.008386918999975 ], [ 150.578254233000052, -35.008377909999979 ], [ 150.578265183000099, -35.008378128999937 ], [ 150.578265449000014, -35.008369118999951 ], [ 150.578254499000082, -35.008368900999983 ], [ 150.578254764000121, -35.008359890999941 ], [ 150.578232864000029, -35.008359453999958 ], [ 150.578233130000058, -35.008350444999962 ], [ 150.578211230000079, -35.008350007999979 ], [ 150.57821096400005, -35.008359016999975 ], [ 150.578200014000117, -35.008358797999961 ], [ 150.578199749000078, -35.008367807999946 ], [ 150.578177849000099, -35.008367369999974 ], [ 150.578178114000025, -35.008358360999978 ], [ 150.578167164000092, -35.008358141999963 ], [ 150.578167961000077, -35.00833111399993 ], [ 150.578178911, -35.008331332999944 ], [ 150.578179177000038, -35.008322323999948 ], [ 150.578190127000084, -35.008322541999974 ], [ 150.578189861000055, -35.008331551999959 ], [ 150.578211761000034, -35.008331988999942 ], [ 150.578212027000063, -35.008322978999956 ], [ 150.578277727000113, -35.008324290999951 ], [ 150.578277993000029, -35.008315281999955 ], [ 150.578288943000075, -35.008315499999981 ], [ 150.578288677000046, -35.008324509999966 ], [ 150.578310577000025, -35.008324946999949 ], [ 150.578310311000109, -35.008333955999944 ], [ 150.578321261000042, -35.008334174999959 ], [ 150.578320996000116, -35.008343183999955 ], [ 150.578331946000048, -35.008343402999969 ], [ 150.578331680000019, -35.008352411999965 ], [ 150.578342630000066, -35.00835263099998 ], [ 150.578342364000036, -35.008361639999976 ], [ 150.578353314000083, -35.008361858999933 ], [ 150.578353049000043, -35.008370867999929 ], [ 150.57834209900011, -35.008370648999971 ], [ 150.578341567000052, -35.008388667999952 ], [ 150.578352517000098, -35.008388886999967 ], [ 150.578352252000059, -35.008397895999963 ], [ 150.578374152000038, -35.008398332999946 ], [ 150.578374417000077, -35.00838932399995 ], [ 150.57838536700001, -35.008389541999975 ], [ 150.578386164000108, -35.008362513999941 ], [ 150.578375214000062, -35.008362295999973 ], [ 150.578375480000091, -35.008353285999931 ], [ 150.578408330000116, -35.008353941999928 ], [ 150.578408064000087, -35.008362950999981 ], [ 150.57846281400009, -35.008364043999961 ], [ 150.578462549000051, -35.008373053999946 ], [ 150.578473499000097, -35.008373271999972 ], [ 150.578473233000068, -35.008382281999957 ], [ 150.578484183000114, -35.008382499999982 ], [ 150.578483652000045, -35.008400518999963 ], [ 150.578505552000024, -35.008400955999946 ], [ 150.578505286000109, -35.008409964999942 ], [ 150.578516236000041, -35.008410183999956 ], [ 150.578515971000115, -35.008419192999952 ], [ 150.578526921000048, -35.008419411999967 ], [ 150.578526389000103, -35.008437430999948 ], [ 150.578515439000057, -35.008437211999933 ], [ 150.578515174000017, -35.008446220999929 ], [ 150.578460423000024, -35.008445128999938 ], [ 150.578460158000098, -35.008454137999934 ], [ 150.578449208000052, -35.008453918999976 ], [ 150.578448942000023, -35.008462928999961 ], [ 150.578459892000069, -35.008463146999929 ], [ 150.578459095000085, -35.008490174999963 ], [ 150.578470045000017, -35.008490393999978 ], [ 150.578469780000091, -35.008499402999973 ], [ 150.578513580000049, -35.008500277999929 ], [ 150.57851331400002, -35.008509286999981 ], [ 150.578535214000112, -35.008509723999964 ], [ 150.57853362000003, -35.008563779999974 ], [ 150.578544570000076, -35.008563998999932 ], [ 150.578544305000037, -35.008573007999985 ], [ 150.578533354000115, -35.00857278899997 ], [ 150.578533089000075, -35.008581798999955 ], [ 150.578522139000029, -35.008581579999941 ], [ 150.578521873000113, -35.008590589999983 ], [ 150.578499973000021, -35.008590151999954 ], [ 150.578499707000105, -35.008599161999939 ], [ 150.578510657000038, -35.008599379999964 ], [ 150.578510126000083, -35.008617398999945 ], [ 150.578521076000015, -35.00861761799996 ], [ 150.57852054500006, -35.008635635999951 ], [ 150.578531495000107, -35.008635854999966 ], [ 150.578531229000077, -35.008644863999962 ], [ 150.578520279000031, -35.008644645999937 ], [ 150.578520014000105, -35.008653654999932 ], [ 150.578509064000059, -35.008653436999964 ], [ 150.578507735000017, -35.008698482999932 ], [ 150.578496785000084, -35.008698264999964 ], [ 150.578495457000031, -35.008743310999932 ], [ 150.578484507000098, -35.008743092999964 ], [ 150.578484241000069, -35.00875210199996 ], [ 150.578495191000115, -35.008752320999974 ], [ 150.578494926000076, -35.00876132999997 ], [ 150.57848397600003, -35.008761111999945 ], [ 150.578483710000114, -35.008770120999941 ], [ 150.578494660000047, -35.008770339999955 ], [ 150.578494394000018, -35.008779348999951 ], [ 150.578549145000011, -35.008780441999932 ], [ 150.578549410000051, -35.008771431999946 ], [ 150.578560360000097, -35.008771650999961 ], [ 150.578561689000026, -35.008726603999946 ], [ 150.578550738000104, -35.008726385999978 ], [ 150.578551270000048, -35.00870836699994 ], [ 150.578540320000116, -35.008708147999982 ], [ 150.578540585000042, -35.00869913899993 ], [ 150.578551535000088, -35.008699357999944 ], [ 150.578552067000032, -35.008681338999963 ], [ 150.578563017000079, -35.008681556999932 ], [ 150.578563282000118, -35.008672547999936 ], [ 150.578585183000087, -35.008672984999976 ], [ 150.578585714000042, -35.008654966999984 ], [ 150.57860761400002, -35.008655403999967 ], [ 150.578607348000105, -35.008664412999963 ], [ 150.578596398000059, -35.008664193999948 ], [ 150.578593742000066, -35.008754287999977 ], [ 150.578637542000024, -35.008755161999943 ], [ 150.578637808000053, -35.008746152999947 ], [ 150.578648758000099, -35.008746370999972 ], [ 150.578649023000025, -35.008737361999977 ], [ 150.578670923000118, -35.00873779899996 ], [ 150.578670658000078, -35.008746808999945 ], [ 150.578681608000011, -35.00874702699997 ], [ 150.578681077000056, -35.008765045999951 ], [ 150.578692027000102, -35.008765263999976 ], [ 150.578691495000044, -35.008783282999957 ], [ 150.57870244500009, -35.008783501999972 ], [ 150.578701914000021, -35.008801519999963 ], [ 150.578690964000089, -35.008801301999938 ], [ 150.57869043300002, -35.00881931999993 ], [ 150.578679483000087, -35.008819101999961 ], [ 150.578679217000058, -35.008828110999957 ], [ 150.578668267000012, -35.008827892999932 ], [ 150.578668001000096, -35.008836901999985 ], [ 150.578646101000118, -35.008836464999945 ], [ 150.578646367000033, -35.008827455999949 ], [ 150.5786354170001, -35.008827236999934 ], [ 150.578635682000026, -35.008818227999939 ], [ 150.578591882000069, -35.008817352999984 ], [ 150.578591617000029, -35.008826362999969 ], [ 150.578580667000097, -35.008826143999954 ], [ 150.578580401000067, -35.008835153999939 ], [ 150.578558501000089, -35.008834715999967 ], [ 150.57855823500006, -35.008843725999952 ], [ 150.578536335000081, -35.008843288999969 ], [ 150.578536069000052, -35.008852297999965 ], [ 150.578547019000098, -35.00885251699998 ], [ 150.578545957000074, -35.008888553999952 ], [ 150.57855690700012, -35.008888772999967 ], [ 150.578556375000062, -35.008906790999959 ], [ 150.578567326000098, -35.008907009999973 ], [ 150.578566263000084, -35.008943046999946 ], [ 150.578577213000017, -35.00894326599996 ], [ 150.578576947000101, -35.008952274999956 ], [ 150.578587897000034, -35.008952493999971 ], [ 150.578587366000079, -35.008970511999962 ], [ 150.578598316000011, -35.008970730999977 ], [ 150.578598051000085, -35.008979739999972 ], [ 150.578609001000018, -35.00897995899993 ], [ 150.578608735000103, -35.008988967999983 ], [ 150.578619685000035, -35.008989186999941 ], [ 150.578619951000064, -35.008980176999955 ], [ 150.578641851000043, -35.008980614999984 ], [ 150.578642117000072, -35.008971604999942 ], [ 150.578664017000051, -35.008972041999982 ], [ 150.578662954000038, -35.009008079999944 ], [ 150.578673904000084, -35.009008297999969 ], [ 150.578672045000076, -35.009071363999965 ], [ 150.578682995000122, -35.009071581999933 ], [ 150.578682729000093, -35.009080591999975 ], [ 150.578693679000025, -35.009080809999944 ], [ 150.578693414000099, -35.009089819999929 ], [ 150.578715314000078, -35.009090256999968 ], [ 150.578715580000107, -35.009081246999983 ], [ 150.57872653000004, -35.009081465999941 ], [ 150.57872679500008, -35.009072456999945 ], [ 150.578737745000012, -35.00907267499997 ], [ 150.578738011000041, -35.009063665999975 ], [ 150.57875991100002, -35.009064102999957 ], [ 150.578760177000049, -35.009055093999962 ], [ 150.578771127000095, -35.00905531199993 ], [ 150.578770330000111, -35.009082339999964 ], [ 150.57879223000009, -35.009082776999946 ], [ 150.57879196500005, -35.009091786999932 ], [ 150.578824815000075, -35.00909244199994 ], [ 150.578825081000105, -35.009083432999944 ], [ 150.578836031000037, -35.009083650999969 ], [ 150.578836296000077, -35.009074641999973 ], [ 150.578869147000091, -35.009075297999971 ], [ 150.578868881000062, -35.009084306999966 ], [ 150.578890781000041, -35.009084743999949 ], [ 150.578890516000115, -35.009093753999935 ], [ 150.578901466000048, -35.00909397199996 ], [ 150.578901731000087, -35.009084962999964 ], [ 150.578967432000013, -35.009086273999969 ], [ 150.578967166000098, -35.009095282999965 ], [ 150.579000017000112, -35.009095938999963 ], [ 150.579000282000038, -35.009086929999967 ], [ 150.579022182000017, -35.00908736699995 ], [ 150.579022448000046, -35.009078356999964 ], [ 150.579055298000071, -35.009079012999962 ], [ 150.579055033000031, -35.009088021999958 ], [ 150.579153584000096, -35.00908998899996 ], [ 150.579153849000022, -35.009080979999965 ], [ 150.579164799000068, -35.009081197999933 ], [ 150.579164534000029, -35.009090206999929 ], [ 150.579175484000075, -35.009090425999943 ], [ 150.579175218000046, -35.009099434999939 ], [ 150.579186168000092, -35.009099653999954 ], [ 150.579185903000052, -35.00910866299995 ], [ 150.579207803000031, -35.009109099999932 ], [ 150.579207538000105, -35.009118109999974 ], [ 150.579327989000035, -35.009120512999971 ], [ 150.579327723000119, -35.009129521999967 ], [ 150.579349623000098, -35.009129958999949 ], [ 150.579349358000059, -35.009138968999935 ], [ 150.579371258000037, -35.009139405999974 ], [ 150.579370993000111, -35.00914841499997 ], [ 150.579403843000023, -35.009149070999968 ], [ 150.579403577000107, -35.009158079999963 ], [ 150.579458328000101, -35.009159171999954 ], [ 150.579458062000072, -35.009168181999939 ], [ 150.579469012000118, -35.009168399999965 ], [ 150.579468747000078, -35.00917740999995 ], [ 150.579523498000071, -35.009178501999941 ], [ 150.579522966000013, -35.009196520999978 ], [ 150.579533917000049, -35.009196738999947 ], [ 150.579533385000104, -35.009214757999985 ], [ 150.579555286000073, -35.009215194999967 ], [ 150.579555020000043, -35.009224203999963 ], [ 150.579587871000058, -35.009224859999961 ], [ 150.579587605000029, -35.009233868999956 ] ] ] ] } },
{ "type": "Feature", "properties": { "OBJECTID": 1125, "gridcode": 5, "Shape_Length": 6.1836511598276095e-05, "Shape_Area": 1.9743480512798359e-10 }, "geometry": { "type": "MultiPolygon", "coordinates": [ [ [ [ 150.580211763000079, -35.009246320999978 ], [ 150.580233663000058, -35.009246757999961 ], [ 150.580233928000098, -35.009237747999975 ], [ 150.580212028000119, -35.009237310999936 ], [ 150.580211763000079, -35.009246320999978 ] ] ] ] } },
{ "type": "Feature", "properties": { "OBJECTID": 1126, "gridcode": 5, "Shape_Length": 6.1836521299257568e-05, "Shape_Area": 1.9742844503071837e-10 }, "geometry": { "type": "MultiPolygon", "coordinates": [ [ [ [ 150.580310048000115, -35.00925729599993 ], [ 150.580331949000083, -35.00925773299997 ], [ 150.580332214, -35.009248722999985 ], [ 150.58031031400003, -35.009248286999934 ], [ 150.580310048000115, -35.00925729599993 ] ] ] ] } },
{ "type": "Feature", "properties": { "OBJECTID": 1127, "gridcode": 5, "Shape_Length": 0.0010010018421450662, "Shape_Area": 7.4033704678667654e-09 }, "geometry": { "type": "MultiPolygon", "coordinates": [ [ [ [ 150.581273661000068, -35.009276512999975 ], [ 150.581317462000015, -35.009277385999951 ], [ 150.581317727000055, -35.009268376999955 ], [ 150.581306777, -35.009268157999941 ], [ 150.581307042000049, -35.009259148999945 ], [ 150.581263241000102, -35.009258275999969 ], [ 150.581263507000017, -35.009249265999983 ], [ 150.581230656000116, -35.009248610999975 ], [ 150.581230922000032, -35.00923960199998 ], [ 150.581209021000063, -35.00923916499994 ], [ 150.581209287000092, -35.009230155999944 ], [ 150.581187387000114, -35.009229718999961 ], [ 150.58118765200004, -35.009220709999965 ], [ 150.581165752000061, -35.009220272999983 ], [ 150.581166017000101, -35.00921126399993 ], [ 150.581155067000054, -35.009211044999972 ], [ 150.581155332000094, -35.009202035999976 ], [ 150.581133432000115, -35.009201598999937 ], [ 150.581133697000041, -35.009192589999941 ], [ 150.581100847000016, -35.009191934999933 ], [ 150.581101112000056, -35.009182925999937 ], [ 150.581068262000031, -35.009182270999929 ], [ 150.581067997000105, -35.009191279999982 ], [ 150.581002296000065, -35.009189969999966 ], [ 150.581002561000105, -35.009180959999981 ], [ 150.58096971100008, -35.009180304999973 ], [ 150.580969976000119, -35.009171295999977 ], [ 150.580959026000073, -35.009171077999952 ], [ 150.580959291000113, -35.009162067999966 ], [ 150.58093739100002, -35.009161631999973 ], [ 150.580937126000094, -35.009170640999969 ], [ 150.580948076000027, -35.009170858999937 ], [ 150.580947810000112, -35.009179868999979 ], [ 150.580958761000034, -35.009180086999947 ], [ 150.580958495000118, -35.009189095999943 ], [ 150.580980395000097, -35.009189532999983 ], [ 150.580980130000057, -35.009198541999979 ], [ 150.581012980000082, -35.009199197999976 ], [ 150.581012715000043, -35.009208206999972 ], [ 150.581023665000089, -35.00920842499994 ], [ 150.581023400000049, -35.009217434999982 ], [ 150.581143851000093, -35.009219835999943 ], [ 150.581143586000053, -35.009228845999928 ], [ 150.581176436000078, -35.009229500999936 ], [ 150.581176171000038, -35.009238509999932 ], [ 150.581198071000017, -35.009238946999972 ], [ 150.581197806000091, -35.009247955999967 ], [ 150.58121970600007, -35.00924839299995 ], [ 150.58121944100003, -35.009257401999946 ], [ 150.581241341, -35.009257838999929 ], [ 150.581241076000083, -35.009266847999982 ], [ 150.581273926000108, -35.009267502999933 ], [ 150.581273661000068, -35.009276512999975 ] ] ] ] } },
{ "type": "Feature", "properties": { "OBJECTID": 1129, "gridcode": 5, "Shape_Length": 0.00018938610163812177, "Shape_Area": 7.8968346532945118e-10 }, "geometry": { "type": "MultiPolygon", "coordinates": [ [ [ [ 150.580287883000096, -35.009265868999933 ], [ 150.580309783000075, -35.009266304999983 ], [ 150.580310048000115, -35.00925729599993 ], [ 150.580299098000069, -35.009257077999962 ], [ 150.580299364000098, -35.009248067999977 ], [ 150.580233663000058, -35.009246757999961 ], [ 150.580233397000029, -35.009255766999956 ], [ 150.580288148000022, -35.009256858999947 ], [ 150.580287883000096, -35.009265868999933 ] ] ] ] } },
{ "type": "Feature", "properties": { "OBJECTID": 1131, "gridcode": 5, "Shape_Length": 5.7957984301122048e-05, "Shape_Area": 1.9742380862885147e-10 }, "geometry": { "type": "MultiPolygon", "coordinates": [ [ [ [ 150.581317462000015, -35.009277385999951 ], [ 150.58131693100006, -35.009295404999932 ], [ 150.581327881000107, -35.009295622999957 ], [ 150.581328412000062, -35.009277603999976 ], [ 150.581317462000015, -35.009277385999951 ] ] ] ] } },
{ "type": "Feature", "properties": { "OBJECTID": 1134, "gridcode": 5, "Shape_Length": 0.00020741297324301214, "Shape_Area": 1.0858142828754655e-09 }, "geometry": { "type": "MultiPolygon", "coordinates": [ [ [ [ 150.580364003000113, -35.009285415999955 ], [ 150.580407803000071, -35.009286289999977 ], [ 150.5804080690001, -35.009277279999935 ], [ 150.580397118000064, -35.009277061999967 ], [ 150.580397384000094, -35.009268052999971 ], [ 150.5803426330001, -35.00926696099998 ], [ 150.580342899000016, -35.009257950999938 ], [ 150.580331949000083, -35.00925773299997 ], [ 150.580331418000014, -35.009275751999951 ], [ 150.580364268000039, -35.009276406999959 ], [ 150.580364003000113, -35.009285415999955 ] ] ] ] } },
{ "type": "Feature", "properties": { "OBJECTID": 1135, "gridcode": 5, "Shape_Length": 3.9931152326094393e-05, "Shape_Area": 9.8711926802314802e-11 }, "geometry": { "type": "MultiPolygon", "coordinates": [ [ [ [ 150.58042943800001, -35.009295735999956 ], [ 150.58042970300005, -35.00928672699996 ], [ 150.580418753000117, -35.009286507999946 ], [ 150.580418488000078, -35.009295517999931 ], [ 150.58042943800001, -35.009295735999956 ] ] ] ] } },
{ "type": "Feature", "properties": { "OBJECTID": 1136, "gridcode": 5, "Shape_Length": 3.993115243641605e-05, "Shape_Area": 9.8711927302025299e-11 }, "geometry": { "type": "MultiPolygon", "coordinates": [ [ [ [ 150.580440123000017, -35.009304963999966 ], [ 150.580440388000056, -35.009295953999981 ], [ 150.58042943800001, -35.009295735999956 ], [ 150.580429173000084, -35.009304744999952 ], [ 150.580440123000017, -35.009304963999966 ] ] ] ] } },
{ "type": "Feature", "properties": { "OBJECTID": 1138, "gridcode": 5, "Shape_Length": 5.7957984190806503e-05, "Shape_Area": 1.9742380761698177e-10 }, "geometry": { "type": "MultiPolygon", "coordinates": [ [ [ [ 150.581327881000107, -35.009295622999957 ], [ 150.581327350000038, -35.009313641999938 ], [ 150.581338300000084, -35.009313859999963 ], [ 150.581338831000039, -35.009295840999982 ], [ 150.581327881000107, -35.009295622999957 ] ] ] ] } },
{ "type": "Feature", "properties": { "OBJECTID": 1139, "gridcode": 5, "Shape_Length": 3.9930191841712226e-05, "Shape_Area": 9.8706537843940079e-11 }, "geometry": { "type": "MultiPolygon", "coordinates": [ [ [ [ 150.580450807000034, -35.00931419099993 ], [ 150.580451073000063, -35.009305181999935 ], [ 150.580440123000017, -35.009304963999966 ], [ 150.580439857000101, -35.009313972999962 ], [ 150.580450807000034, -35.00931419099993 ] ] ] ] } },
{ "type": "Feature", "properties": { "OBJECTID": 1141, "gridcode": 5, "Shape_Length": 3.9931152436416213e-05, "Shape_Area": 9.8711927302025299e-11 }, "geometry": { "type": "MultiPolygon", "coordinates": [ [ [ [ 150.581348720000051, -35.00933209699997 ], [ 150.581348985000091, -35.009323087999974 ], [ 150.581338035000044, -35.009322868999959 ], [ 150.581337770000118, -35.009331878999944 ], [ 150.581348720000051, -35.00933209699997 ] ] ] ] } },
{ "type": "Feature", "properties": { "OBJECTID": 1146, "gridcode": 5, "Shape_Length": 3.9932181739040826e-05, "Shape_Area": 9.8716541556921535e-11 }, "geometry": { "type": "MultiPolygon", "coordinates": [ [ [ [ 150.58046149200004, -35.009323418999941 ], [ 150.580461758000069, -35.009314409999945 ], [ 150.580450807000034, -35.00931419099993 ], [ 150.580450542000108, -35.009323200999972 ], [ 150.58046149200004, -35.009323418999941 ] ] ] ] } },
{ "type": "Feature", "properties": { "OBJECTID": 1151, "gridcode": 5, "Shape_Length": 6.183657061691675e-05, "Shape_Area": 1.9743524261069206e-10 }, "geometry": { "type": "MultiPolygon", "coordinates": [ [ [ [ 150.580494077000026, -35.009333083999934 ], [ 150.580515977000118, -35.009333520999974 ], [ 150.580516243000034, -35.009324510999932 ], [ 150.580494343000055, -35.009324073999949 ], [ 150.580494077000026, -35.009333083999934 ] ] ] ] } },
{ "type": "Feature", "properties": { "OBJECTID": 1152, "gridcode": 5, "Shape_Length": 5.7957974946907976e-05, "Shape_Area": 1.9742749807794776e-10 }, "geometry": { "type": "MultiPolygon", "coordinates": [ [ [ [ 150.581458221000048, -35.009334279999962 ], [ 150.581457691000082, -35.009352298999943 ], [ 150.581468641000015, -35.009352516999968 ], [ 150.581469172000084, -35.009334498999976 ], [ 150.581458221000048, -35.009334279999962 ] ] ] ] } },
{ "type": "Feature", "properties": { "OBJECTID": 1153, "gridcode": 5, "Shape_Length": 3.9930133046130115e-05, "Shape_Area": 9.8706320385834942e-11 }, "geometry": { "type": "MultiPolygon", "coordinates": [ [ [ [ 150.580603048000057, -35.009353285999964 ], [ 150.580603313000097, -35.009344276999968 ], [ 150.580592363000051, -35.009344058999943 ], [ 150.580592098000011, -35.009353067999939 ], [ 150.580603048000057, -35.009353285999964 ] ] ] ] } },
{ "type": "Feature", "properties": { "OBJECTID": 1154, "gridcode": 5, "Shape_Length": 5.7957004695799252e-05, "Shape_Area": 1.9741859918389846e-10 }, "geometry": { "type": "MultiPolygon", "coordinates": [ [ [ [ 150.581348455000011, -35.009341105999965 ], [ 150.581347924000056, -35.009359124999946 ], [ 150.581358874000102, -35.009359342999971 ], [ 150.581359405000057, -35.00934132499998 ], [ 150.581348455000011, -35.009341105999965 ] ] ] ] } },
{ "type": "Feature", "properties": { "OBJECTID": 1157, "gridcode": 5, "Shape_Length": 3.9931162175605974e-05, "Shape_Area": 9.8710933297469648e-11 }, "geometry": { "type": "MultiPolygon", "coordinates": [ [ [ [ 150.580591832000096, -35.009362076999935 ], [ 150.580592098000011, -35.009353067999939 ], [ 150.580581147000089, -35.009352849999971 ], [ 150.580580882000049, -35.009361858999966 ], [ 150.580591832000096, -35.009362076999935 ] ] ] ] } },
{ "type": "Feature", "properties": { "OBJECTID": 1158, "gridcode": 5, "Shape_Length": 3.9931211465020863e-05, "Shape_Area": 9.8712146324285482e-11 }, "geometry": { "type": "MultiPolygon", "coordinates": [ [ [ [ 150.580613732000074, -35.009362513999974 ], [ 150.580613998000103, -35.009353504999979 ], [ 150.580603048000057, -35.009353285999964 ], [ 150.580602782000028, -35.009362295999949 ], [ 150.580613732000074, -35.009362513999974 ] ] ] ] } },
{ "type": "Feature", "properties": { "OBJECTID": 1162, "gridcode": 5, "Shape_Length": 3.9930191789353285e-05, "Shape_Area": 9.8706537663007477e-11 }, "geometry": { "type": "MultiPolygon", "coordinates": [ [ [ [ 150.580635367000014, -35.009371959999953 ], [ 150.580635633000043, -35.009362950999957 ], [ 150.58062468300011, -35.009362732999932 ], [ 150.580624417000081, -35.009371741999985 ], [ 150.580635367000014, -35.009371959999953 ] ] ] ] } },
{ "type": "Feature", "properties": { "OBJECTID": 1168, "gridcode": 5, "Shape_Length": 5.7957984190806503e-05, "Shape_Area": 1.9742380761698177e-10 }, "geometry": { "type": "MultiPolygon", "coordinates": [ [ [ [ 150.581358609000063, -35.009368352999957 ], [ 150.581358078000108, -35.009386371999938 ], [ 150.58136902800004, -35.009386589999963 ], [ 150.581369559000109, -35.009368570999982 ], [ 150.581358609000063, -35.009368352999957 ] ] ] ] } },
{ "type": "Feature", "properties": { "OBJECTID": 1171, "gridcode": 5, "Shape_Length": 3.9931152436416213e-05, "Shape_Area": 9.8711927302025299e-11 }, "geometry": { "type": "MultiPolygon", "coordinates": [ [ [ [ 150.581412298000032, -35.009405481999977 ], [ 150.581412563000072, -35.009396472999981 ], [ 150.581401613000025, -35.009396253999967 ], [ 150.581401348000099, -35.009405263999952 ], [ 150.581412298000032, -35.009405481999977 ] ] ] ] } },
{ "type": "Feature", "properties": { "OBJECTID": 1172, "gridcode": 5, "Shape_Length": 3.9931162294888352e-05, "Shape_Area": 9.8710933837055808e-11 }, "geometry": { "type": "MultiPolygon", "coordinates": [ [ [ [ 150.581379182000092, -35.009413835999965 ], [ 150.581379448000121, -35.009404826999969 ], [ 150.581368497000085, -35.009404608999944 ], [ 150.581368232000045, -35.00941361799994 ], [ 150.581379182000092, -35.009413835999965 ] ] ] ] } },
{ "type": "Feature", "properties": { "OBJECTID": 1178, "gridcode": 5, "Shape_Length": 0.00027951834323021202, "Shape_Area": 2.2703651727097486e-09 }, "geometry": { "type": "MultiPolygon", "coordinates": [ [ [ [ 150.578970414000082, -35.009356772999979 ], [ 150.578970148000053, -35.009365781999975 ], [ 150.578981098000099, -35.009366000999933 ], [ 150.578981630000044, -35.009347981999952 ], [ 150.57899258000009, -35.009348200999966 ], [ 150.578992845000016, -35.009339190999981 ], [ 150.579003795000062, -35.009339409999939 ], [ 150.579004061000091, -35.009330400999943 ], [ 150.578993111000045, -35.009330181999928 ], [ 150.578993376000085, -35.009321172999933 ], [ 150.57896052600006, -35.009320516999935 ], [ 150.578960792000089, -35.009311507999939 ], [ 150.578949842000043, -35.009311288999982 ], [ 150.578950107000082, -35.009302279999929 ], [ 150.578939157000036, -35.009302060999971 ], [ 150.578938891000121, -35.009311070999956 ], [ 150.578927941000074, -35.009310851999942 ], [ 150.578927410000119, -35.00932887099998 ], [ 150.578938360000052, -35.009329088999948 ], [ 150.578938095000012, -35.009338098999933 ], [ 150.578949045000059, -35.009338316999958 ], [ 150.578948779000029, -35.009347326999944 ], [ 150.578959729000076, -35.009347544999969 ], [ 150.578959464000036, -35.009356554999954 ], [ 150.578970414000082, -35.009356772999979 ] ] ] ] } },
{ "type": "Feature", "properties": { "OBJECTID": 1179, "gridcode": 5, "Shape_Length": 3.9930191960994713e-05, "Shape_Area": 9.8706538383554647e-11 }, "geometry": { "type": "MultiPolygon", "coordinates": [ [ [ [ 150.580623355000057, -35.009407778999957 ], [ 150.580623621000086, -35.009398769999962 ], [ 150.58061267100004, -35.009398551999936 ], [ 150.580612405000011, -35.009407560999932 ], [ 150.580623355000057, -35.009407778999957 ] ] ] ] } },
{ "type": "Feature", "properties": { "OBJECTID": 1183, "gridcode": 5, "Shape_Length": 3.9930191899662345e-05, "Shape_Area": 9.8706538162717974e-11 }, "geometry": { "type": "MultiPolygon", "coordinates": [ [ [ [ 150.579079118000095, -35.009385985999984 ], [ 150.579079384000011, -35.009376976999931 ], [ 150.579068434000078, -35.009376758999963 ], [ 150.579068168000049, -35.009385767999959 ], [ 150.579079118000095, -35.009385985999984 ] ] ] ] } },
{ "type": "Feature", "properties": { "OBJECTID": 1186, "gridcode": 5, "Shape_Length": 9.7888157322842181e-05, "Shape_Area": 3.9484814754121557e-10 }, "geometry": { "type": "MultiPolygon", "coordinates": [ [ [ [ 150.579090334000057, -35.009377195999946 ], [ 150.579090069000017, -35.009386204999942 ], [ 150.579101019000063, -35.009386423999956 ], [ 150.579101815000058, -35.009359394999933 ], [ 150.579090865000012, -35.009359176999965 ], [ 150.579090600000086, -35.009368185999961 ], [ 150.57907965000004, -35.009367967999935 ], [ 150.579079384000011, -35.009376976999931 ], [ 150.579090334000057, -35.009377195999946 ] ] ] ] } },
{ "type": "Feature", "properties": { "OBJECTID": 1187, "gridcode": 5, "Shape_Length": 3.9930172829437643e-05, "Shape_Area": 9.8706584858521096e-11 }, "geometry": { "type": "MultiPolygon", "coordinates": [ [ [ [ 150.579144554000095, -35.009396306999975 ], [ 150.579144819000021, -35.009387297999979 ], [ 150.579133869000088, -35.009387078999964 ], [ 150.579133604000049, -35.00939608799996 ], [ 150.579144554000095, -35.009396306999975 ] ] ] ] } },
{ "type": "Feature", "properties": { "OBJECTID": 1191, "gridcode": 5, "Shape_Length": 3.9932181737577505e-05, "Shape_Area": 9.8716541556921535e-11 }, "geometry": { "type": "MultiPolygon", "coordinates": [ [ [ [ 150.580688260000102, -35.00943611799994 ], [ 150.580688526000017, -35.009427107999954 ], [ 150.580677575000095, -35.009426889999929 ], [ 150.580677310000056, -35.009435898999982 ], [ 150.580688260000102, -35.00943611799994 ] ] ] ] } },
{ "type": "Feature", "properties": { "OBJECTID": 1198, "gridcode": 5, "Shape_Length": 3.9931211520708075e-05, "Shape_Area": 9.8712146627943033e-11 }, "geometry": { "type": "MultiPolygon", "coordinates": [ [ [ [ 150.581443556000067, -35.009460192999938 ], [ 150.581443822000097, -35.009451183999943 ], [ 150.58143287200005, -35.009450964999928 ], [ 150.581432606000021, -35.00945997499997 ], [ 150.581443556000067, -35.009460192999938 ] ] ] ] } },
{ "type": "Feature", "properties": { "OBJECTID": 1200, "gridcode": 5, "Shape_Length": 7.9862363754429995e-05, "Shape_Area": 2.961261068045565e-10 }, "geometry": { "type": "MultiPolygon", "coordinates": [ [ [ [ 150.580644194000115, -35.009444253999959 ], [ 150.580666094000094, -35.009444689999953 ], [ 150.580666625000049, -35.009426671999961 ], [ 150.580655675000116, -35.009426452999946 ], [ 150.580655410000077, -35.009435462999932 ], [ 150.58064446000003, -35.009435243999974 ], [ 150.580644194000115, -35.009444253999959 ] ] ] ] } },
{ "type": "Feature", "properties": { "OBJECTID": 1209, "gridcode": 5, "Shape_Length": 0.00011591595932200111, "Shape_Area": 4.9355506340078436e-10 }, "geometry": { "type": "MultiPolygon", "coordinates": [ [ [ [ 150.58136743600005, -35.009440645999973 ], [ 150.581366375000016, -35.009476683999935 ], [ 150.581377325000062, -35.00947690199996 ], [ 150.581377590000102, -35.009467892999965 ], [ 150.581388540000034, -35.009468110999933 ], [ 150.581388806000064, -35.009459101999937 ], [ 150.581377855000028, -35.009458882999979 ], [ 150.581378386000097, -35.009440863999941 ], [ 150.58136743600005, -35.009440645999973 ] ] ] ] } },
{ "type": "Feature", "properties": { "OBJECTID": 1215, "gridcode": 5, "Shape_Length": 5.795797511291072e-05, "Shape_Area": 1.9742749938591483e-10 }, "geometry": { "type": "MultiPolygon", "coordinates": [ [ [ [ 150.58142112500002, -35.009477774999937 ], [ 150.581420595000054, -35.009495793999974 ], [ 150.5814315450001, -35.009496011999943 ], [ 150.581432076000056, -35.009477993999951 ], [ 150.58142112500002, -35.009477774999937 ] ] ] ] } },
{ "type": "Feature", "properties": { "OBJECTID": 1218, "gridcode": 5, "Shape_Length": 3.9932181800360027e-05, "Shape_Area": 9.8716541777786643e-11 }, "geometry": { "type": "MultiPolygon", "coordinates": [ [ [ [ 150.581387214000074, -35.009513157999947 ], [ 150.581387479000114, -35.009504147999962 ], [ 150.581376529000067, -35.009503929999937 ], [ 150.581376263000038, -35.009512938999933 ], [ 150.581387214000074, -35.009513157999947 ] ] ] ] } },
{ "type": "Feature", "properties": { "OBJECTID": 1221, "gridcode": 5, "Shape_Length": 3.9932181800360027e-05, "Shape_Area": 9.8716541777786643e-11 }, "geometry": { "type": "MultiPolygon", "coordinates": [ [ [ [ 150.579273300000068, -35.009489022999958 ], [ 150.579273565000108, -35.009480012999973 ], [ 150.579262615000061, -35.009479794999947 ], [ 150.579262349000032, -35.009488803999943 ], [ 150.579273300000068, -35.009489022999958 ] ] ] ] } },
{ "type": "Feature", "properties": { "OBJECTID": 1222, "gridcode": 5, "Shape_Length": 5.7957975002589083e-05, "Shape_Area": 1.9742749837410197e-10 }, "geometry": { "type": "MultiPolygon", "coordinates": [ [ [ [ 150.58073046800007, -35.009491047999973 ], [ 150.580729937000115, -35.009509065999964 ], [ 150.580740888000037, -35.009509284999979 ], [ 150.580741418000116, -35.009491265999941 ], [ 150.58073046800007, -35.009491047999973 ] ] ] ] } },
{ "type": "Feature", "properties": { "OBJECTID": 1224, "gridcode": 5, "Shape_Length": 7.9861394042517596e-05, "Shape_Area": 2.9612502815173205e-10 }, "geometry": { "type": "MultiPolygon", "coordinates": [ [ [ [ 150.580860809000114, -35.009529704999977 ], [ 150.580882709000093, -35.00953014199996 ], [ 150.580882975000122, -35.009521132999964 ], [ 150.580872024000087, -35.00952091399995 ], [ 150.580872290000116, -35.009511904999954 ], [ 150.58086134000007, -35.009511686999929 ], [ 150.580860809000114, -35.009529704999977 ] ] ] ] } },
{ "type": "Feature", "properties": { "OBJECTID": 1225, "gridcode": 5, "Shape_Length": 5.7957004693531155e-05, "Shape_Area": 1.9741859915371461e-10 }, "geometry": { "type": "MultiPolygon", "coordinates": [ [ [ [ 150.581408849000013, -35.009522603999983 ], [ 150.581408318000058, -35.009540621999975 ], [ 150.581419268000104, -35.009540840999932 ], [ 150.581419799000059, -35.009522821999951 ], [ 150.581408849000013, -35.009522603999983 ] ] ] ] } },
{ "type": "Feature", "properties": { "OBJECTID": 1226, "gridcode": 5, "Shape_Length": 3.9930132984810534e-05, "Shape_Area": 9.870632016502669e-11 }, "geometry": { "type": "MultiPolygon", "coordinates": [ [ [ [ 150.581429953000111, -35.009550067999953 ], [ 150.581430218000037, -35.009541058999957 ], [ 150.581419268000104, -35.009540840999932 ], [ 150.581419003000065, -35.009549849999985 ], [ 150.581429953000111, -35.009550067999953 ] ] ] ] } },
{ "type": "Feature", "properties": { "OBJECTID": 1230, "gridcode": 5, "Shape_Length": 7.5984747892321447e-05, "Shape_Area": 2.9614353263754937e-10 }, "geometry": { "type": "MultiPolygon", "coordinates": [ [ [ [ 150.582033274000082, -35.009526036999944 ], [ 150.582032479000077, -35.009553064999977 ], [ 150.582043429, -35.009553282999946 ], [ 150.582044225000118, -35.009526254999969 ], [ 150.582033274000082, -35.009526036999944 ] ] ] ] } },
{ "type": "Feature", "properties": { "OBJECTID": 1232, "gridcode": 5, "Shape_Length": 6.1835492055849943e-05, "Shape_Area": 1.9742372211520904e-10 }, "geometry": { "type": "MultiPolygon", "coordinates": [ [ [ [ 150.580882444000054, -35.009539151999945 ], [ 150.580904344000032, -35.009539587999939 ], [ 150.580904609000072, -35.009530578999943 ], [ 150.580882709000093, -35.00953014199996 ], [ 150.580882444000054, -35.009539151999945 ] ] ] ] } },
{ "type": "Feature", "properties": { "OBJECTID": 1235, "gridcode": 5, "Shape_Length": 6.1835492049164997e-05, "Shape_Area": 1.9742372206558474e-10 }, "geometry": { "type": "MultiPolygon", "coordinates": [ [ [ [ 150.580652225000108, -35.009543574999952 ], [ 150.580674125000087, -35.009544011999935 ], [ 150.580674390000013, -35.00953500199995 ], [ 150.580652490000034, -35.009534565999957 ], [ 150.580652225000108, -35.009543574999952 ] ] ] ] } },
{ "type": "Feature", "properties": { "OBJECTID": 1239, "gridcode": 5, "Shape_Length": 0.00038516139660545342, "Shape_Area": 2.9613549987613432e-09 }, "geometry": { "type": "MultiPolygon", "coordinates": [ [ [ [ 150.580772411000112, -35.009554986999945 ], [ 150.580794311000091, -35.009555422999938 ], [ 150.580795108000075, -35.009528394999961 ], [ 150.580849859000068, -35.009529486999952 ], [ 150.580850124000108, -35.009520477999956 ], [ 150.580839174000062, -35.009520258999942 ], [ 150.580839439000101, -35.009511249999946 ], [ 150.580850389000034, -35.009511467999971 ], [ 150.580850655000063, -35.009502458999975 ], [ 150.58079590400007, -35.009501366999984 ], [ 150.58079563900003, -35.00951037599998 ], [ 150.580773738000062, -35.00950993999993 ], [ 150.580773473000022, -35.009518948999983 ], [ 150.580740622000121, -35.009518293999975 ], [ 150.580739826000013, -35.009545321999951 ], [ 150.580750776000059, -35.009545539999976 ], [ 150.580751307000014, -35.009527521999985 ], [ 150.58076225700006, -35.009527739999953 ], [ 150.580761992000021, -35.009536748999949 ], [ 150.580772942000067, -35.009536967999964 ], [ 150.580772411000112, -35.009554986999945 ] ] ] ] } },
{ "type": "Feature", "properties": { "OBJECTID": 1240, "gridcode": 5, "Shape_Length": 7.9863334101323421e-05, "Shape_Area": 3.9485693771789362e-10 }, "geometry": { "type": "MultiPolygon", "coordinates": [ [ [ [ 150.580903813000077, -35.009557606999977 ], [ 150.580925714000045, -35.009558043999959 ], [ 150.580926244000011, -35.009540024999978 ], [ 150.580904344000032, -35.009539587999939 ], [ 150.580903813000077, -35.009557606999977 ] ] ] ] } },
{ "type": "Feature", "properties": { "OBJECTID": 1244, "gridcode": 5, "Shape_Length": 3.9931211348001669e-05, "Shape_Area": 9.8712145799734429e-11 }, "geometry": { "type": "MultiPolygon", "coordinates": [ [ [ [ 150.580903282000122, -35.009575625999958 ], [ 150.580903548000038, -35.009566615999972 ], [ 150.580892598000105, -35.009566397999947 ], [ 150.580892332000076, -35.009575406999943 ], [ 150.580903282000122, -35.009575625999958 ] ] ] ] } },
{ "type": "Feature", "properties": { "OBJECTID": 1245, "gridcode": 5, "Shape_Length": 0.00024734406663267782, "Shape_Area": 1.7768095424179104e-09 }, "geometry": { "type": "MultiPolygon", "coordinates": [ [ [ [ 150.580870697000023, -35.009565960999964 ], [ 150.580870432000097, -35.00957497099995 ], [ 150.58088138200003, -35.009575188999975 ], [ 150.580882178000024, -35.009548160999941 ], [ 150.580838378000067, -35.009547286999975 ], [ 150.580838112000038, -35.009556296999961 ], [ 150.580794311000091, -35.009555422999938 ], [ 150.580794046000051, -35.00956443299998 ], [ 150.580804996000097, -35.009564650999948 ], [ 150.580804731000057, -35.009573659999944 ], [ 150.580859482000051, -35.009574751999935 ], [ 150.58085974700009, -35.009565742999939 ], [ 150.580870697000023, -35.009565960999964 ] ] ] ] } },
{ "type": "Feature", "properties": { "OBJECTID": 1253, "gridcode": 5, "Shape_Length": 3.9932181798914508e-05, "Shape_Area": 9.8716541777786643e-11 }, "geometry": { "type": "MultiPolygon", "coordinates": [ [ [ [ 150.579412996000087, -35.009581956999966 ], [ 150.579413262000116, -35.009572946999981 ], [ 150.579402311000081, -35.009572728999956 ], [ 150.579402046000041, -35.009581737999952 ], [ 150.579412996000087, -35.009581956999966 ] ] ] ] } },
{ "type": "Feature", "properties": { "OBJECTID": 1259, "gridcode": 5, "Shape_Length": 5.7957004751486545e-05, "Shape_Area": 1.9741859948002426e-10 }, "geometry": { "type": "MultiPolygon", "coordinates": [ [ [ [ 150.579380677000017, -35.009563282999977 ], [ 150.579380146000062, -35.009581300999969 ], [ 150.579391096000109, -35.009581519999983 ], [ 150.579391627000064, -35.009563500999946 ], [ 150.579380677000017, -35.009563282999977 ] ] ] ] } },
{ "type": "Feature", "properties": { "OBJECTID": 1267, "gridcode": 5, "Shape_Length": 3.993218168335343e-05, "Shape_Area": 9.8716541253235563e-11 }, "geometry": { "type": "MultiPolygon", "coordinates": [ [ [ [ 150.581416349000051, -35.009639943999957 ], [ 150.58141661500008, -35.009630934999961 ], [ 150.581405664000044, -35.009630715999947 ], [ 150.581405399000118, -35.009639725999932 ], [ 150.581416349000051, -35.009639943999957 ] ] ] ] } },
{ "type": "Feature", "properties": { "OBJECTID": 1277, "gridcode": 5, "Shape_Length": 0.00011591601807492129, "Shape_Area": 6.9100114825821979e-10 }, "geometry": { "type": "MultiPolygon", "coordinates": [ [ [ [ 150.579379083000049, -35.009617338999931 ], [ 150.579400984000017, -35.00961777599997 ], [ 150.579402046000041, -35.009581737999952 ], [ 150.579391096000109, -35.009581519999983 ], [ 150.579390830000079, -35.009590528999979 ], [ 150.579379880000033, -35.009590310999954 ], [ 150.579379083000049, -35.009617338999931 ] ] ] ] } },
{ "type": "Feature", "properties": { "OBJECTID": 1280, "gridcode": 5, "Shape_Length": 3.9931211345733409e-05, "Shape_Area": 9.8712145784614071e-11 }, "geometry": { "type": "MultiPolygon", "coordinates": [ [ [ [ 150.581393387000048, -35.009675544999936 ], [ 150.581393653000077, -35.009666534999951 ], [ 150.581382703000031, -35.009666316999983 ], [ 150.581382437000116, -35.009675325999979 ], [ 150.581393387000048, -35.009675544999936 ] ] ] ] } },
{ "type": "Feature", "properties": { "OBJECTID": 1283, "gridcode": 5, "Shape_Length": 3.9931152553422817e-05, "Shape_Area": 9.8711927826576352e-11 }, "geometry": { "type": "MultiPolygon", "coordinates": [ [ [ [ 150.581327421000083, -35.009683243999973 ], [ 150.581327686000122, -35.009674234999977 ], [ 150.581316736000076, -35.009674015999963 ], [ 150.581316471000036, -35.009683025999948 ], [ 150.581327421000083, -35.009683243999973 ] ] ] ] } },
{ "type": "Feature", "properties": { "OBJECTID": 1285, "gridcode": 5, "Shape_Length": 6.1836521352587806e-05, "Shape_Area": 1.9742844564562205e-10 }, "geometry": { "type": "MultiPolygon", "coordinates": [ [ [ [ 150.581327686000122, -35.009674234999977 ], [ 150.581349587000091, -35.009674670999971 ], [ 150.581349852000017, -35.009665661999975 ], [ 150.581327952000038, -35.009665224999935 ], [ 150.581327686000122, -35.009674234999977 ] ] ] ] } },
{ "type": "Feature", "properties": { "OBJECTID": 1292, "gridcode": 5, "Shape_Length": 3.9931162175605974e-05, "Shape_Area": 9.8710933297469648e-11 }, "geometry": { "type": "MultiPolygon", "coordinates": [ [ [ [ 150.581316205000121, -35.009692034999944 ], [ 150.581316471000036, -35.009683025999948 ], [ 150.581305520000114, -35.00968280799998 ], [ 150.581305255000075, -35.009691816999975 ], [ 150.581316205000121, -35.009692034999944 ] ] ] ] } },
{ "type": "Feature", "properties": { "OBJECTID": 1294, "gridcode": 5, "Shape_Length": 3.9931152381776598e-05, "Shape_Area": 9.8711927106000761e-11 }, "geometry": { "type": "MultiPolygon", "coordinates": [ [ [ [ 150.581403807000015, -35.009693781999943 ], [ 150.581404072000055, -35.009684771999957 ], [ 150.581393122000122, -35.009684553999932 ], [ 150.581392857000083, -35.009693562999985 ], [ 150.581403807000015, -35.009693781999943 ] ] ] ] } },
{ "type": "Feature", "properties": { "OBJECTID": 1295, "gridcode": 5, "Shape_Length": 3.9930132929123139e-05, "Shape_Area": 9.8706319861340731e-11 }, "geometry": { "type": "MultiPolygon", "coordinates": [ [ [ [ 150.581304990000035, -35.009700825999971 ], [ 150.581305255000075, -35.009691816999975 ], [ 150.581294305000029, -35.00969159899995 ], [ 150.581294040000103, -35.009700607999946 ], [ 150.581304990000035, -35.009700825999971 ] ] ] ] } },
{ "type": "Feature", "properties": { "OBJECTID": 1300, "gridcode": 5, "Shape_Length": 3.9931162292625547e-05, "Shape_Area": 9.8710933821963872e-11 }, "geometry": { "type": "MultiPolygon", "coordinates": [ [ [ [ 150.581293774000073, -35.009709616999942 ], [ 150.581294040000103, -35.009700607999946 ], [ 150.581283089000067, -35.009700389999978 ], [ 150.581282824000027, -35.009709398999973 ], [ 150.581293774000073, -35.009709616999942 ] ] ] ] } },
{ "type": "Feature", "properties": { "OBJECTID": 1302, "gridcode": 5, "Shape_Length": 3.9931162177881389e-05, "Shape_Area": 9.8710933312561571e-11 }, "geometry": { "type": "MultiPolygon", "coordinates": [ [ [ [ 150.581282559000101, -35.009718407999969 ], [ 150.581282824000027, -35.009709398999973 ], [ 150.581271874000095, -35.009709180999948 ], [ 150.581271608000065, -35.009718189999944 ], [ 150.581282559000101, -35.009718407999969 ] ] ] ] } },
{ "type": "Feature", "properties": { "OBJECTID": 1308, "gridcode": 5, "Shape_Length": 3.9930132926860232e-05, "Shape_Area": 9.8706319846277216e-11 }, "geometry": { "type": "MultiPolygon", "coordinates": [ [ [ [ 150.581271343000026, -35.00972719899994 ], [ 150.581271608000065, -35.009718189999944 ], [ 150.581260658000019, -35.009717971999976 ], [ 150.581260393000093, -35.009726980999972 ], [ 150.581271343000026, -35.00972719899994 ] ] ] ] } },
{ "type": "Feature", "properties": { "OBJECTID": 1333, "gridcode": 5, "Shape_Length": 0.003229416930519138, "Shape_Area": 5.2317495931922457e-08 }, "geometry": { "type": "MultiPolygon", "coordinates": [ [ [ [ 150.580908128000033, -35.009783059999961 ], [ 150.580973830000062, -35.009784369999977 ], [ 150.580974095000101, -35.009775359999935 ], [ 150.580985045000034, -35.00977557899995 ], [ 150.580985311000063, -35.009766568999964 ], [ 150.580996261000109, -35.009766787999979 ], [ 150.580996526000035, -35.009757777999937 ], [ 150.58102937700005, -35.009758432999945 ], [ 150.58102964200009, -35.009749423999949 ], [ 150.581051543000058, -35.009749860999932 ], [ 150.581051808000097, -35.009740850999947 ], [ 150.581139410000105, -35.009742597999946 ], [ 150.581139144000076, -35.009751606999941 ], [ 150.581204846000105, -35.009752916999958 ], [ 150.581204580000076, -35.009761926999943 ], [ 150.581237431000091, -35.009762581999951 ], [ 150.581237962000046, -35.00974456299997 ], [ 150.581248912000092, -35.009744780999938 ], [ 150.581249177000018, -35.009735771999942 ], [ 150.581260127000064, -35.009735989999967 ], [ 150.581260393000093, -35.009726980999972 ], [ 150.581238492000011, -35.009726543999932 ], [ 150.581238227000085, -35.009735553999974 ], [ 150.581183476000092, -35.009734461999983 ], [ 150.581183741000018, -35.00972545299993 ], [ 150.581172791000085, -35.009725233999973 ], [ 150.581173057000115, -35.009716224999977 ], [ 150.581162106000079, -35.009716006999952 ], [ 150.581162372000108, -35.009706996999967 ], [ 150.581151422000062, -35.009706778999941 ], [ 150.581151952000027, -35.00968875999996 ], [ 150.581141002000095, -35.009688541999935 ], [ 150.581141267000021, -35.00967953299994 ], [ 150.581130317000088, -35.009679313999982 ], [ 150.581130583000117, -35.009670304999929 ], [ 150.581119632000082, -35.009670085999971 ], [ 150.581119102000116, -35.009688104999952 ], [ 150.58110815100008, -35.009687886999984 ], [ 150.581107886000041, -35.00969689599998 ], [ 150.581118836000087, -35.009697114999938 ], [ 150.581118571000047, -35.009706123999933 ], [ 150.581085720000033, -35.009705468999982 ], [ 150.581085455000107, -35.009714477999978 ], [ 150.581063554000025, -35.009714041999985 ], [ 150.581063289000099, -35.00972305099998 ], [ 150.581030438000084, -35.009722395999972 ], [ 150.581030173000045, -35.009731404999968 ], [ 150.580986372000098, -35.009730531999935 ], [ 150.580986107000058, -35.009739540999931 ], [ 150.580975157000012, -35.009739322999962 ], [ 150.580974891000096, -35.009748331999958 ], [ 150.580952991000117, -35.009747895999965 ], [ 150.580952725000088, -35.009756904999961 ], [ 150.580941775000042, -35.009756686999935 ], [ 150.580942041000071, -35.00974767699995 ], [ 150.580931090000036, -35.009747458999982 ], [ 150.580931356000065, -35.00973844899994 ], [ 150.580909455000096, -35.009738012999946 ], [ 150.580909721000012, -35.009729002999961 ], [ 150.580876870000111, -35.009728347999953 ], [ 150.580876339000042, -35.009746366999934 ], [ 150.580821588000049, -35.009745274999943 ], [ 150.580821854000078, -35.009736265999948 ], [ 150.58079995300011, -35.009735828999965 ], [ 150.580800219000025, -35.009726819999969 ], [ 150.580778318000057, -35.009726382999929 ], [ 150.580778584000086, -35.009717373999933 ], [ 150.58076763400004, -35.009717154999976 ], [ 150.58076789900008, -35.00970814599998 ], [ 150.580756949000033, -35.009707926999965 ], [ 150.580757214000073, -35.00969891799997 ], [ 150.580669613000055, -35.009697170999971 ], [ 150.580669878000094, -35.009688161999975 ], [ 150.580647978000115, -35.009687724999935 ], [ 150.580648509000071, -35.009669705999954 ], [ 150.580637558000035, -35.009669487999929 ], [ 150.580637824000064, -35.009660477999944 ], [ 150.580626874000018, -35.009660259999976 ], [ 150.580627404000097, -35.009642240999938 ], [ 150.580616454000051, -35.009642022999969 ], [ 150.58061698500012, -35.009624003999932 ], [ 150.580606035000073, -35.009623785999963 ], [ 150.580606831000068, -35.00959675799993 ], [ 150.580595881000022, -35.009596538999972 ], [ 150.580596412000091, -35.00957852099998 ], [ 150.580585462000045, -35.009578301999966 ], [ 150.580585727000084, -35.00956929299997 ], [ 150.580596677000017, -35.009569510999938 ], [ 150.580597474000115, -35.009542482999962 ], [ 150.580608424000047, -35.009542701999976 ], [ 150.580608689000087, -35.009533691999934 ], [ 150.580597739000041, -35.009533473999966 ], [ 150.58059800500007, -35.009524463999981 ], [ 150.580587054000034, -35.009524245999955 ], [ 150.580587320000063, -35.00951523699996 ], [ 150.580576370000017, -35.009515017999945 ], [ 150.580576635000057, -35.009506008999949 ], [ 150.58056568500001, -35.009505789999935 ], [ 150.580567012000074, -35.009460743999966 ], [ 150.58057796200012, -35.009460961999935 ], [ 150.580578228000036, -35.009451952999939 ], [ 150.580600128000015, -35.009452388999932 ], [ 150.580599863000089, -35.009461398999974 ], [ 150.580621763000067, -35.009461835999957 ], [ 150.580621232000112, -35.009479853999949 ], [ 150.580632182000045, -35.009480072999963 ], [ 150.58063297800004, -35.00945304499993 ], [ 150.580622028000107, -35.009452825999972 ], [ 150.580622294000023, -35.009443816999976 ], [ 150.580600393000054, -35.009443379999936 ], [ 150.580600659000083, -35.009434370999941 ], [ 150.580589709000037, -35.009434151999983 ], [ 150.580589443000122, -35.009443161999968 ], [ 150.580578493000075, -35.009442942999954 ], [ 150.580578759000105, -35.009433933999958 ], [ 150.580556858000023, -35.009433496999975 ], [ 150.580557389000091, -35.009415477999937 ], [ 150.580546439000045, -35.009415259999969 ], [ 150.580548032000024, -35.009361203999958 ], [ 150.580526131000056, -35.009360766999976 ], [ 150.580526397000085, -35.00935175799998 ], [ 150.580537347000018, -35.009351975999948 ], [ 150.580537612000057, -35.009342966999952 ], [ 150.580592363000051, -35.009344058999943 ], [ 150.58059262800009, -35.009335048999958 ], [ 150.580515977000118, -35.009333520999974 ], [ 150.580515712000079, -35.009342529999969 ], [ 150.580504762000032, -35.009342311999944 ], [ 150.580504496000117, -35.00935132099994 ], [ 150.580515447000039, -35.009351538999965 ], [ 150.580514650000055, -35.009378566999942 ], [ 150.580503700000122, -35.009378348999974 ], [ 150.580501842000103, -35.009441414999969 ], [ 150.580512792000036, -35.009441632999938 ], [ 150.580511996000041, -35.009468660999971 ], [ 150.580522946000087, -35.00946887899994 ], [ 150.580520291000084, -35.009558972999969 ], [ 150.58053124200012, -35.009559190999937 ], [ 150.580530711000051, -35.009577209999975 ], [ 150.580541661000098, -35.009577428999933 ], [ 150.580540865000103, -35.009604456999966 ], [ 150.580529914000067, -35.009604237999952 ], [ 150.580529118000072, -35.009631265999928 ], [ 150.580518168000026, -35.00963104799996 ], [ 150.580517902000111, -35.009640056999956 ], [ 150.580506952000064, -35.009639838999931 ], [ 150.580506421000109, -35.009657857999969 ], [ 150.580517372000031, -35.009658075999937 ], [ 150.580517106000116, -35.009667084999933 ], [ 150.580539007000084, -35.009667521999972 ], [ 150.58053794500006, -35.009703559999934 ], [ 150.580548895000106, -35.00970377799996 ], [ 150.580548630000067, -35.009712786999955 ], [ 150.580559580000113, -35.00971300599997 ], [ 150.580559314000084, -35.009722014999966 ], [ 150.580570264000016, -35.00972223399998 ], [ 150.58056999900009, -35.009731242999976 ], [ 150.580580949000023, -35.009731460999944 ], [ 150.580581215000052, -35.009722451999949 ], [ 150.580635966000045, -35.009723543999939 ], [ 150.580635700000016, -35.009732552999935 ], [ 150.580657601000098, -35.009732989999975 ], [ 150.580657335000069, -35.009741998999971 ], [ 150.580701136000016, -35.009742872999936 ], [ 150.58070087100009, -35.009751881999932 ], [ 150.580711821000023, -35.009752100999947 ], [ 150.580711555000107, -35.009761109999943 ], [ 150.580722506000029, -35.009761327999968 ], [ 150.580722240000114, -35.009770337999953 ], [ 150.580755091000015, -35.009770992999961 ], [ 150.580754825000099, -35.009780001999957 ], [ 150.580820527000014, -35.009781312999962 ], [ 150.580820792000054, -35.009772302999977 ], [ 150.580864593000115, -35.009773176999943 ], [ 150.580864858000041, -35.009764166999958 ], [ 150.580886759, -35.00976460399994 ], [ 150.580886493000094, -35.009773612999936 ], [ 150.580908394000062, -35.009774049999976 ], [ 150.580908128000033, -35.009783059999961 ] ] ] ] } },
{ "type": "Feature", "properties": { "OBJECTID": 1335, "gridcode": 5, "Shape_Length": 3.9932131988759992e-05, "Shape_Area": 9.871726954944812e-11 }, "geometry": { "type": "MultiPolygon", "coordinates": [ [ [ [ 150.581904333000011, -35.009811935999949 ], [ 150.581904598000051, -35.009802925999963 ], [ 150.581893648000118, -35.009802707999938 ], [ 150.581893383000079, -35.00981171799998 ], [ 150.581904333000011, -35.009811935999949 ] ] ] ] } },
{ "type": "Feature", "properties": { "OBJECTID": 1337, "gridcode": 5, "Shape_Length": 3.9931211348001662e-05, "Shape_Area": 9.8712145799734429e-11 }, "geometry": { "type": "MultiPolygon", "coordinates": [ [ [ [ 150.58189311700005, -35.009820726999976 ], [ 150.581893383000079, -35.00981171799998 ], [ 150.581882433000033, -35.009811498999966 ], [ 150.581882167000117, -35.009820508999951 ], [ 150.58189311700005, -35.009820726999976 ] ] ] ] } },
{ "type": "Feature", "properties": { "OBJECTID": 1338, "gridcode": 5, "Shape_Length": 3.993115243641605e-05, "Shape_Area": 9.8711927302025299e-11 }, "geometry": { "type": "MultiPolygon", "coordinates": [ [ [ [ 150.582002620000026, -35.009822909999968 ], [ 150.582002885000065, -35.009813899999983 ], [ 150.581991935000019, -35.009813681999958 ], [ 150.581991670000093, -35.009822690999954 ], [ 150.582002620000026, -35.009822909999968 ] ] ] ] } },
{ "type": "Feature", "properties": { "OBJECTID": 1341, "gridcode": 5, "Shape_Length": 8.3740860934203792e-05, "Shape_Area": 2.9614034884273356e-10 }, "geometry": { "type": "MultiPolygon", "coordinates": [ [ [ [ 150.58193691800011, -35.009821599999952 ], [ 150.581969769000011, -35.00982225499996 ], [ 150.581970034000051, -35.009813244999975 ], [ 150.581937184000026, -35.009812590999957 ], [ 150.58193691800011, -35.009821599999952 ] ] ] ] } },
{ "type": "Feature", "properties": { "OBJECTID": 1361, "gridcode": 5, "Shape_Length": 3.993218168335343e-05, "Shape_Area": 9.8716541253235563e-11 }, "geometry": { "type": "MultiPolygon", "coordinates": [ [ [ [ 150.581858410000109, -35.009883137999964 ], [ 150.581858675000035, -35.009874127999979 ], [ 150.581847725000102, -35.009873909999953 ], [ 150.581847459000073, -35.009882918999949 ], [ 150.581858410000109, -35.009883137999964 ] ] ] ] } },
{ "type": "Feature", "properties": { "OBJECTID": 1364, "gridcode": 5, "Shape_Length": 3.9931152434148116e-05, "Shape_Area": 9.8711927286961784e-11 }, "geometry": { "type": "MultiPolygon", "coordinates": [ [ [ [ 150.579733801000089, -35.009849782999936 ], [ 150.579734066000015, -35.009840772999951 ], [ 150.579723116000082, -35.009840554999982 ], [ 150.579722851000042, -35.009849563999978 ], [ 150.579733801000089, -35.009849782999936 ] ] ] ] } },
{ "type": "Feature", "properties": { "OBJECTID": 1365, "gridcode": 5, "Shape_Length": 7.9863383825451271e-05, "Shape_Area": 2.9614428236530462e-10 }, "geometry": { "type": "MultiPolygon", "coordinates": [ [ [ [ 150.579734332000044, -35.009831763999955 ], [ 150.579734066000015, -35.009840772999951 ], [ 150.57974501700005, -35.009840991999965 ], [ 150.579745548000119, -35.009822972999984 ], [ 150.579723647000037, -35.009822535999945 ], [ 150.579723382000111, -35.00983154499994 ], [ 150.579734332000044, -35.009831763999955 ] ] ] ] } },
{ "type": "Feature", "properties": { "OBJECTID": 1375, "gridcode": 5, "Shape_Length": 3.9931211235424349e-05, "Shape_Area": 9.8712145284903574e-11 }, "geometry": { "type": "MultiPolygon", "coordinates": [ [ [ [ 150.581375803000014, -35.009900560999938 ], [ 150.581376069000044, -35.009891550999953 ], [ 150.581365119000111, -35.009891332999985 ], [ 150.581364853000082, -35.00990034199998 ], [ 150.581375803000014, -35.009900560999938 ] ] ] ] } },
{ "type": "Feature", "properties": { "OBJECTID": 1385, "gridcode": 5, "Shape_Length": 3.9931211520708075e-05, "Shape_Area": 9.8712146627943033e-11 }, "geometry": { "type": "MultiPolygon", "coordinates": [ [ [ [ 150.579086676000088, -35.009872928999982 ], [ 150.579086942000117, -35.00986391899994 ], [ 150.579075992000071, -35.009863700999972 ], [ 150.579075726000042, -35.009872709999968 ], [ 150.579086676000088, -35.009872928999982 ] ] ] ] } },
{ "type": "Feature", "properties": { "OBJECTID": 1398, "gridcode": 5, "Shape_Length": 3.9931152381781788e-05, "Shape_Area": 9.8711927106000761e-11 }, "geometry": { "type": "MultiPolygon", "coordinates": [ [ [ [ 150.581790586000011, -35.009953902999939 ], [ 150.581790851000051, -35.009944893999943 ], [ 150.581779901000118, -35.009944674999929 ], [ 150.581779636000078, -35.009953684999971 ], [ 150.581790586000011, -35.009953902999939 ] ] ] ] } },
{ "type": "Feature", "properties": { "OBJECTID": 1407, "gridcode": 5, "Shape_Length": 3.9930133046130115e-05, "Shape_Area": 9.8706320385834942e-11 }, "geometry": { "type": "MultiPolygon", "coordinates": [ [ [ [ 150.581767359000082, -35.009998512999971 ], [ 150.581767624000122, -35.009989503999975 ], [ 150.581756674000076, -35.00998928599995 ], [ 150.581756409000036, -35.009998294999946 ], [ 150.581767359000082, -35.009998512999971 ] ] ] ] } },
{ "type": "Feature", "properties": { "OBJECTID": 1417, "gridcode": 5, "Shape_Length": 3.9931152492103615e-05, "Shape_Area": 9.8711927605711258e-11 }, "geometry": { "type": "MultiPolygon", "coordinates": [ [ [ [ 150.580123761000095, -35.010001796999973 ], [ 150.580124026000021, -35.009992786999931 ], [ 150.580113076000089, -35.009992568999962 ], [ 150.580112811000049, -35.010001577999958 ], [ 150.580123761000095, -35.010001796999973 ] ] ] ] } },
{ "type": "Feature", "properties": { "OBJECTID": 1418, "gridcode": 5, "Shape_Length": 3.9932181571586085e-05, "Shape_Area": 9.871654075352508e-11 }, "geometry": { "type": "MultiPolygon", "coordinates": [ [ [ [ 150.581755347000012, -35.010034332999965 ], [ 150.581755613000041, -35.010025322999979 ], [ 150.581744662000119, -35.010025104999954 ], [ 150.58174439700008, -35.01003411399995 ], [ 150.581755347000012, -35.010034332999965 ] ] ] ] } },
{ "type": "Feature", "properties": { "OBJECTID": 1424, "gridcode": 5, "Shape_Length": 3.9930132929123145e-05, "Shape_Area": 9.8706319861340731e-11 }, "geometry": { "type": "MultiPolygon", "coordinates": [ [ [ [ 150.579892213000107, -35.010051264999959 ], [ 150.579892478000033, -35.010042255999963 ], [ 150.579881528000101, -35.010042037999938 ], [ 150.579881263000061, -35.010051046999934 ], [ 150.579892213000107, -35.010051264999959 ] ] ] ] } },
{ "type": "Feature", "properties": { "OBJECTID": 1436, "gridcode": 5, "Shape_Length": 3.9931202191108441e-05, "Shape_Area": 9.8711199319190505e-11 }, "geometry": { "type": "MultiPolygon", "coordinates": [ [ [ [ 150.579594963000091, -35.010099422999929 ], [ 150.57959522900012, -35.010090413999933 ], [ 150.579584278000084, -35.010090194999975 ], [ 150.579584013000044, -35.010099203999971 ], [ 150.579594963000091, -35.010099422999929 ] ] ] ] } },
{ "type": "Feature", "properties": { "OBJECTID": 1443, "gridcode": 5, "Shape_Length": 9.7890205847559673e-05, "Shape_Area": 3.9485620893166242e-10 }, "geometry": { "type": "MultiPolygon", "coordinates": [ [ [ [ 150.579606179000052, -35.010090631999958 ], [ 150.579605913000023, -35.010099640999954 ], [ 150.579616864000059, -35.010099859999968 ], [ 150.579617660000054, -35.010072831999935 ], [ 150.579606710000121, -35.010072612999977 ], [ 150.579606444000092, -35.010081622999962 ], [ 150.579595494000046, -35.010081403999948 ], [ 150.57959522900012, -35.010090413999933 ], [ 150.579606179000052, -35.010090631999958 ] ] ] ] } },
{ "type": "Feature", "properties": { "OBJECTID": 1449, "gridcode": 5, "Shape_Length": 3.9932181800360027e-05, "Shape_Area": 9.8716541777786643e-11 }, "geometry": { "type": "MultiPolygon", "coordinates": [ [ [ [ 150.581346738000093, -35.010143376999963 ], [ 150.581347004000122, -35.010134367999967 ], [ 150.581336053000086, -35.010134148999953 ], [ 150.581335788000047, -35.010143158999938 ], [ 150.581346738000093, -35.010143376999963 ] ] ] ] } },
{ "type": "Feature", "properties": { "OBJECTID": 1454, "gridcode": 5, "Shape_Length": 3.9932181798914508e-05, "Shape_Area": 9.8716541777786643e-11 }, "geometry": { "type": "MultiPolygon", "coordinates": [ [ [ [ 150.580064496000091, -35.01015386399996 ], [ 150.58006476200012, -35.010144853999975 ], [ 150.580053811000084, -35.01014463599995 ], [ 150.580053546000045, -35.010153644999946 ], [ 150.580064496000091, -35.01015386399996 ] ] ] ] } },
{ "type": "Feature", "properties": { "OBJECTID": 1460, "gridcode": 5, "Shape_Length": 3.993115243641605e-05, "Shape_Area": 9.8711927302025299e-11 }, "geometry": { "type": "MultiPolygon", "coordinates": [ [ [ [ 150.579669756000044, -35.010164017999955 ], [ 150.579670021000084, -35.01015500799997 ], [ 150.579659071000037, -35.010154789999945 ], [ 150.579658806000111, -35.01016379899994 ], [ 150.579669756000044, -35.010164017999955 ] ] ] ] } },
{ "type": "Feature", "properties": { "OBJECTID": 1469, "gridcode": 5, "Shape_Length": 3.9932181679627312e-05, "Shape_Area": 9.871654123814364e-11 }, "geometry": { "type": "MultiPolygon", "coordinates": [ [ [ [ 150.581333665000102, -35.010215233999929 ], [ 150.581333931000017, -35.010206223999944 ], [ 150.581322980000095, -35.010206005999976 ], [ 150.581322715000056, -35.010215014999972 ], [ 150.581333665000102, -35.010215233999929 ] ] ] ] } },
{ "type": "Feature", "properties": { "OBJECTID": 1489, "gridcode": 5, "Shape_Length": 3.9931152436416213e-05, "Shape_Area": 9.8711927302025299e-11 }, "geometry": { "type": "MultiPolygon", "coordinates": [ [ [ [ 150.581243940000036, -35.010285561999979 ], [ 150.581244205000075, -35.010276552999983 ], [ 150.581233255000029, -35.010276333999968 ], [ 150.581232990000103, -35.010285343999954 ], [ 150.581243940000036, -35.010285561999979 ] ] ] ] } },
{ "type": "Feature", "properties": { "OBJECTID": 1494, "gridcode": 5, "Shape_Length": 3.993218168335343e-05, "Shape_Area": 9.8716541253235563e-11 }, "geometry": { "type": "MultiPolygon", "coordinates": [ [ [ [ 150.580444304000025, -35.010278629999959 ], [ 150.580444570000054, -35.010269620999964 ], [ 150.580433619000019, -35.010269401999949 ], [ 150.580433354000093, -35.010278411999934 ], [ 150.580444304000025, -35.010278629999959 ] ] ] ] } },
{ "type": "Feature", "properties": { "OBJECTID": 1498, "gridcode": 5, "Shape_Length": 3.9932181854601822e-05, "Shape_Area": 9.8716542081472602e-11 }, "geometry": { "type": "MultiPolygon", "coordinates": [ [ [ [ 150.580695895000076, -35.010292662999973 ], [ 150.580696161000105, -35.010283652999931 ], [ 150.58068521000007, -35.010283434999963 ], [ 150.58068494500003, -35.010292443999958 ], [ 150.580695895000076, -35.010292662999973 ] ] ] ] } },
{ "type": "Feature", "properties": { "OBJECTID": 1508, "gridcode": 5, "Shape_Length": 3.9932181854601822e-05, "Shape_Area": 9.8716542081472602e-11 }, "geometry": { "type": "MultiPolygon", "coordinates": [ [ [ [ 150.581308050000075, -35.010340927999948 ], [ 150.581308315000115, -35.010331918999952 ], [ 150.581297365000069, -35.010331699999938 ], [ 150.581297099000039, -35.01034070999998 ], [ 150.581308050000075, -35.010340927999948 ] ] ] ] } },
{ "type": "Feature", "properties": { "OBJECTID": 1532, "gridcode": 5, "Shape_Length": 0.00039930970284742911, "Shape_Area": 3.6523781244480476e-09 }, "geometry": { "type": "MultiPolygon", "coordinates": [ [ [ [ 150.580649971000071, -35.010363863999942 ], [ 150.58067187100005, -35.010364300999981 ], [ 150.580672137000079, -35.010355290999939 ], [ 150.580683087000011, -35.010355509999954 ], [ 150.580683352000051, -35.010346499999969 ], [ 150.580672402000118, -35.010346281999944 ], [ 150.580672667000044, -35.010337272999948 ], [ 150.580661717000112, -35.010337053999933 ], [ 150.580662248000067, -35.010319035999942 ], [ 150.580651298000021, -35.010318816999984 ], [ 150.58065156300006, -35.010309807999931 ], [ 150.580640613000014, -35.010309588999974 ], [ 150.580640878000054, -35.010300579999978 ], [ 150.580629928000121, -35.010300361999953 ], [ 150.580630193000047, -35.010291351999967 ], [ 150.580619243000115, -35.010291133999942 ], [ 150.58061950900003, -35.010282124999947 ], [ 150.580597608000062, -35.010281687999964 ], [ 150.580597874000091, -35.010272677999978 ], [ 150.580575973, -35.010272241999928 ], [ 150.580575442000054, -35.010290259999977 ], [ 150.5805863920001, -35.010290478999934 ], [ 150.580586127000061, -35.01029948799993 ], [ 150.580597077000107, -35.010299706999945 ], [ 150.580596812000067, -35.01030871599994 ], [ 150.580607762000113, -35.010308933999966 ], [ 150.580607231000045, -35.010326952999947 ], [ 150.580618181000091, -35.010327170999972 ], [ 150.580617916000051, -35.010336180999957 ], [ 150.580628866000097, -35.010336398999982 ], [ 150.580628601000058, -35.010345407999978 ], [ 150.580639551000104, -35.010345626999936 ], [ 150.580639286000064, -35.010354635999931 ], [ 150.58065023600011, -35.010354854999946 ], [ 150.580649971000071, -35.010363863999942 ] ] ] ] } },
{ "type": "Feature", "properties": { "OBJECTID": 1537, "gridcode": 5, "Shape_Length": 7.9862364229148702e-05, "Shape_Area": 2.96133927731313e-10 }, "geometry": { "type": "MultiPolygon", "coordinates": [ [ [ [ 150.580693772000018, -35.010364737999964 ], [ 150.580693506000102, -35.01037374699996 ], [ 150.580704457000024, -35.010373964999928 ], [ 150.580704987000104, -35.010355946999937 ], [ 150.580683087000011, -35.010355509999954 ], [ 150.580682821000096, -35.01036451899995 ], [ 150.580693772000018, -35.010364737999964 ] ] ] ] } },
{ "type": "Feature", "properties": { "OBJECTID": 1539, "gridcode": 5, "Shape_Length": 3.9931152434148123e-05, "Shape_Area": 9.8711927286961784e-11 }, "geometry": { "type": "MultiPolygon", "coordinates": [ [ [ [ 150.58129550700005, -35.010394765999933 ], [ 150.58129577200009, -35.010385756999938 ], [ 150.581284822000043, -35.01038553799998 ], [ 150.581284557000117, -35.010394547999965 ], [ 150.58129550700005, -35.010394765999933 ] ] ] ] } },
{ "type": "Feature", "properties": { "OBJECTID": 1560, "gridcode": 5, "Shape_Length": 0.00019965980886626588, "Shape_Area": 1.1845489521125786e-09 }, "geometry": { "type": "MultiPolygon", "coordinates": [ [ [ [ 150.580746931000022, -35.010419885999966 ], [ 150.580768831000114, -35.010420321999959 ], [ 150.580769097000029, -35.010411312999963 ], [ 150.580758146000107, -35.010411094999938 ], [ 150.580758677000063, -35.010393075999957 ], [ 150.580747727000016, -35.010392857999932 ], [ 150.580747992000056, -35.010383847999947 ], [ 150.58073704200001, -35.010383629999978 ], [ 150.580737307000049, -35.010374619999936 ], [ 150.580715407000071, -35.010374183999943 ], [ 150.580715141000042, -35.010383192999939 ], [ 150.580726092000077, -35.010383410999964 ], [ 150.580725295000093, -35.01041043999993 ], [ 150.580747196000061, -35.01041087599998 ], [ 150.580746931000022, -35.010419885999966 ] ] ] ] } },
{ "type": "Feature", "properties": { "OBJECTID": 1563, "gridcode": 5, "Shape_Length": 3.9933161234251684e-05, "Shape_Area": 9.8721883500658398e-11 }, "geometry": { "type": "MultiPolygon", "coordinates": [ [ [ [ 150.581282965000014, -35.010448603999976 ], [ 150.581283230000054, -35.010439593999934 ], [ 150.581272280000121, -35.010439375999965 ], [ 150.581272014000092, -35.01044838599995 ], [ 150.581282965000014, -35.010448603999976 ] ] ] ] } },
{ "type": "Feature", "properties": { "OBJECTID": 1578, "gridcode": 5, "Shape_Length": 3.9931162177881375e-05, "Shape_Area": 9.8710933312561571e-11 }, "geometry": { "type": "MultiPolygon", "coordinates": [ [ [ [ 150.581270687000028, -35.010493431999976 ], [ 150.581270953000057, -35.01048442299998 ], [ 150.581260002000022, -35.010484204999955 ], [ 150.581259737000096, -35.010493213999951 ], [ 150.581270687000028, -35.010493431999976 ] ] ] ] } },
{ "type": "Feature", "properties": { "OBJECTID": 1615, "gridcode": 5, "Shape_Length": 0.00078060564799682468, "Shape_Area": 7.3047344179668406e-09 }, "geometry": { "type": "MultiPolygon", "coordinates": [ [ [ [ 150.580819867000059, -35.010547544999952 ], [ 150.580841767000038, -35.010547981999935 ], [ 150.580842033000067, -35.010538972999939 ], [ 150.580852983000113, -35.010539190999964 ], [ 150.580853779000108, -35.01051216299993 ], [ 150.580875680000076, -35.01051259999997 ], [ 150.580875415000037, -35.010521608999966 ], [ 150.580886365000083, -35.01052182799998 ], [ 150.58088663, -35.010512817999938 ], [ 150.580897581000045, -35.010513036999953 ], [ 150.580897846000084, -35.010504026999968 ], [ 150.580919747000053, -35.010504463999951 ], [ 150.580919481000024, -35.010513472999946 ], [ 150.580941382000105, -35.010513909999929 ], [ 150.580941116000076, -35.010522918999982 ], [ 150.580952067000112, -35.01052313799994 ], [ 150.580951801000083, -35.010532146999935 ], [ 150.580962752000119, -35.01053236499996 ], [ 150.580963282000084, -35.010514346999969 ], [ 150.580952332000038, -35.010514127999954 ], [ 150.580952598000067, -35.010505118999959 ], [ 150.580941647000031, -35.010504900999933 ], [ 150.5809421780001, -35.010486881999952 ], [ 150.580920277000018, -35.01048644499997 ], [ 150.580920543000047, -35.010477435999974 ], [ 150.580865791000065, -35.010476343999983 ], [ 150.580865526000025, -35.010485352999979 ], [ 150.580854576000092, -35.010485134999954 ], [ 150.580854841000018, -35.010476125999958 ], [ 150.580800090000025, -35.010475033999967 ], [ 150.580800620000105, -35.010457014999929 ], [ 150.580789670000058, -35.010456796999961 ], [ 150.580790201000013, -35.01043877799998 ], [ 150.580779251000081, -35.010438559999955 ], [ 150.580779781000047, -35.010420540999974 ], [ 150.580768831000114, -35.010420321999959 ], [ 150.580767239000011, -35.010474378999959 ], [ 150.580778189000057, -35.010474596999984 ], [ 150.580777923000028, -35.01048360599998 ], [ 150.580788874000064, -35.010483824999937 ], [ 150.580788608000034, -35.010492833999933 ], [ 150.58079955900007, -35.010493051999958 ], [ 150.580799293000041, -35.010502061999944 ], [ 150.580810244000077, -35.010502279999969 ], [ 150.580809978000048, -35.010511289999954 ], [ 150.580820928000094, -35.010511507999979 ], [ 150.580820663000054, -35.010520516999975 ], [ 150.580842564000022, -35.010520953999958 ], [ 150.580842298000107, -35.010529962999954 ], [ 150.580831348000061, -35.010529744999928 ], [ 150.580831083000021, -35.010538753999981 ], [ 150.580820132000099, -35.010538535999956 ], [ 150.580819867000059, -35.010547544999952 ] ] ] ] } },
{ "type": "Feature", "properties": { "OBJECTID": 1616, "gridcode": 5, "Shape_Length": 7.986235452387471e-05, "Shape_Area": 2.9613966718141639e-10 }, "geometry": { "type": "MultiPolygon", "coordinates": [ [ [ [ 150.58096222100005, -35.010550383999941 ], [ 150.580984122000018, -35.010550820999981 ], [ 150.580984387000058, -35.010541811999929 ], [ 150.580973437000011, -35.010541592999971 ], [ 150.580973702000051, -35.010532583999975 ], [ 150.580962752000119, -35.01053236499996 ], [ 150.58096222100005, -35.010550383999941 ] ] ] ] } },
{ "type": "Feature", "properties": { "OBJECTID": 1617, "gridcode": 5, "Shape_Length": 3.9931211345733409e-05, "Shape_Area": 9.8712145784614071e-11 }, "geometry": { "type": "MultiPolygon", "coordinates": [ [ [ [ 150.580994806000035, -35.010560048999935 ], [ 150.580995072000064, -35.010551038999949 ], [ 150.580984122000018, -35.010550820999981 ], [ 150.580983856000103, -35.010559829999977 ], [ 150.580994806000035, -35.010560048999935 ] ] ] ] } },
{ "type": "Feature", "properties": { "OBJECTID": 1622, "gridcode": 5, "Shape_Length": 3.9931162177881375e-05, "Shape_Area": 9.8710933312561571e-11 }, "geometry": { "type": "MultiPolygon", "coordinates": [ [ [ [ 150.581005491000042, -35.010569275999956 ], [ 150.581005757000071, -35.01056026699996 ], [ 150.580994806000035, -35.010560048999935 ], [ 150.580994541000109, -35.01056905799993 ], [ 150.581005491000042, -35.010569275999956 ] ] ] ] } },
{ "type": "Feature", "properties": { "OBJECTID": 1623, "gridcode": 5, "Shape_Length": 3.9931211348001662e-05, "Shape_Area": 9.8712145799734429e-11 }, "geometry": { "type": "MultiPolygon", "coordinates": [ [ [ [ 150.581180696000047, -35.010572769999953 ], [ 150.581180962000076, -35.010563760999958 ], [ 150.58117001200003, -35.010563541999943 ], [ 150.581169746000114, -35.010572551999928 ], [ 150.581180696000047, -35.010572769999953 ] ] ] ] } },
{ "type": "Feature", "properties": { "OBJECTID": 1635, "gridcode": 5, "Shape_Length": 3.993218168335343e-05, "Shape_Area": 9.8716541253235563e-11 }, "geometry": { "type": "MultiPolygon", "coordinates": [ [ [ [ 150.581016176000048, -35.010578503999966 ], [ 150.581016442000077, -35.01056949499997 ], [ 150.581005491000042, -35.010569275999956 ], [ 150.581005226000116, -35.010578285999941 ], [ 150.581016176000048, -35.010578503999966 ] ] ] ] } },
{ "type": "Feature", "properties": { "OBJECTID": 1636, "gridcode": 5, "Shape_Length": 3.9932181681907748e-05, "Shape_Area": 9.8716541253235563e-11 }, "geometry": { "type": "MultiPolygon", "coordinates": [ [ [ [ 150.581191381000053, -35.010581997999964 ], [ 150.581191647000082, -35.010572987999979 ], [ 150.581180696000047, -35.010572769999953 ], [ 150.581180431000121, -35.010581778999949 ], [ 150.581191381000053, -35.010581997999964 ] ] ] ] } },
{ "type": "Feature", "properties": { "OBJECTID": 1640, "gridcode": 5, "Shape_Length": 3.9932181737595062e-05, "Shape_Area": 9.8716541556921535e-11 }, "geometry": { "type": "MultiPolygon", "coordinates": [ [ [ [ 150.580599799000083, -35.01057921499995 ], [ 150.580600064, -35.010570205999954 ], [ 150.580589114000077, -35.01056998699994 ], [ 150.580588848000048, -35.010578996999982 ], [ 150.580599799000083, -35.01057921499995 ] ] ] ] } },
{ "type": "Feature", "properties": { "OBJECTID": 1648, "gridcode": 5, "Shape_Length": 6.1835541786481421e-05, "Shape_Area": 1.9741762818203431e-10 }, "geometry": { "type": "MultiPolygon", "coordinates": [ [ [ [ 150.58056668200004, -35.010587568999938 ], [ 150.580588583000122, -35.010588005999978 ], [ 150.580588848000048, -35.010578996999982 ], [ 150.580566948000069, -35.010578559999942 ], [ 150.58056668200004, -35.010587568999938 ] ] ] ] } },
{ "type": "Feature", "properties": { "OBJECTID": 1651, "gridcode": 5, "Shape_Length": 0.00011979253708564299, "Shape_Area": 4.9356239659025981e-10 }, "geometry": { "type": "MultiPolygon", "coordinates": [ [ [ [ 150.581037546000061, -35.01059695999993 ], [ 150.581037281000022, -35.010605968999982 ], [ 150.581048231000068, -35.010606186999951 ], [ 150.581048762000023, -35.010588168999959 ], [ 150.581037811000101, -35.010587949999945 ], [ 150.581038077000017, -35.010578940999949 ], [ 150.581016176000048, -35.010578503999966 ], [ 150.581015911000122, -35.010587512999962 ], [ 150.581026861000055, -35.010587731999976 ], [ 150.581026596000015, -35.010596740999972 ], [ 150.581037546000061, -35.01059695999993 ] ] ] ] } },
{ "type": "Feature", "properties": { "OBJECTID": 1654, "gridcode": 5, "Shape_Length": 3.9932181798914508e-05, "Shape_Area": 9.8716541777786643e-11 }, "geometry": { "type": "MultiPolygon", "coordinates": [ [ [ [ 150.58123412100008, -35.010618908999959 ], [ 150.581234387000109, -35.010609898999974 ], [ 150.581223436000073, -35.010609680999949 ], [ 150.581223171000033, -35.010618689999944 ], [ 150.58123412100008, -35.010618908999959 ] ] ] ] } },
{ "type": "Feature", "properties": { "OBJECTID": 1661, "gridcode": 5, "Shape_Length": 3.9931202076374854e-05, "Shape_Area": 9.8711198809731361e-11 }, "geometry": { "type": "MultiPolygon", "coordinates": [ [ [ [ 150.578134652000017, -35.010575097999947 ], [ 150.578134918000046, -35.010566088999951 ], [ 150.57812396700001, -35.010565869999937 ], [ 150.578123702000084, -35.010574878999932 ], [ 150.578134652000017, -35.010575097999947 ] ] ] ] } },
{ "type": "Feature", "properties": { "OBJECTID": 1662, "gridcode": 5, "Shape_Length": 5.7957974947090861e-05, "Shape_Area": 1.9742749807794776e-10 }, "geometry": { "type": "MultiPolygon", "coordinates": [ [ [ [ 150.581048231000068, -35.010606186999951 ], [ 150.581047700000113, -35.010624205999932 ], [ 150.581058651000035, -35.010624423999957 ], [ 150.581059181000114, -35.010606405999965 ], [ 150.581048231000068, -35.010606186999951 ] ] ] ] } },
{ "type": "Feature", "properties": { "OBJECTID": 1678, "gridcode": 5, "Shape_Length": 0.018599329767513963, "Shape_Area": 4.0975545057913585e-07 }, "geometry": { "type": "MultiPolygon", "coordinates": [ [ [ [ 150.578838746000088, -35.009363159999964 ], [ 150.578838481000048, -35.00937216899996 ], [ 150.578827531000115, -35.009371950999935 ], [ 150.578827796000041, -35.009362940999949 ], [ 150.578838746000088, -35.009363159999964 ], [ 150.578839012000117, -35.009354150999968 ], [ 150.578871862000028, -35.009354805999976 ], [ 150.578871597000102, -35.009363815999961 ], [ 150.578838746000088, -35.009363159999964 ] ] ], [ [ [ 150.579106657000011, -35.009566828999937 ], [ 150.579106391000096, -35.009575838999979 ], [ 150.57909544100005, -35.009575619999964 ], [ 150.579095707000079, -35.009566610999968 ], [ 150.579106657000011, -35.009566828999937 ] ] ], [ [ [ 150.579128557000104, -35.009567265999976 ], [ 150.579128292000064, -35.009576275999962 ], [ 150.579117341000028, -35.009576056999947 ], [ 150.579117607000057, -35.009567047999951 ], [ 150.579128557000104, -35.009567265999976 ] ] ], [ [ [ 150.579104001000019, -35.009656922999966 ], [ 150.579103735000103, -35.009665931999962 ], [ 150.579092785000057, -35.009665713999937 ], [ 150.579093051000086, -35.009656703999951 ], [ 150.579104001000019, -35.009656922999966 ] ] ], [ [ [ 150.5794298510001, -35.009753571999966 ], [ 150.579429585000071, -35.009762580999961 ], [ 150.579418635000025, -35.009762361999947 ], [ 150.579418901000054, -35.009753352999951 ], [ 150.5794298510001, -35.009753571999966 ] ] ], [ [ [ 150.579603461000033, -35.009811123999953 ], [ 150.579603195000118, -35.009820132999948 ], [ 150.579592245000072, -35.009819913999934 ], [ 150.579592510000111, -35.009810904999938 ], [ 150.579603461000033, -35.009811123999953 ] ] ], [ [ [ 150.579351340000017, -35.009815107999941 ], [ 150.579351075000091, -35.009824116999937 ], [ 150.579329174000122, -35.009823679999954 ], [ 150.579329440000038, -35.009814670999958 ], [ 150.579318490000105, -35.009814451999944 ], [ 150.579318755000031, -35.009805442999948 ], [ 150.579307805000099, -35.009805223999933 ], [ 150.579308336000054, -35.009787204999952 ], [ 150.5793192860001, -35.009787423999967 ], [ 150.57931902100006, -35.009796432999963 ], [ 150.579329971000107, -35.009796651999977 ], [ 150.579329705000077, -35.009805660999973 ], [ 150.579340656000113, -35.009805879999931 ], [ 150.579340390000084, -35.009814888999983 ], [ 150.579351340000017, -35.009815107999941 ] ] ], [ [ [ 150.579230091000113, -35.009839731999932 ], [ 150.579229826000073, -35.009848740999985 ], [ 150.579196975000059, -35.009848085999977 ], [ 150.579197506000014, -35.009830066999939 ], [ 150.579186556000082, -35.009829848999971 ], [ 150.579186822000111, -35.009820838999929 ], [ 150.579175871000075, -35.00982062099996 ], [ 150.579176137000104, -35.009811610999975 ], [ 150.579165187000058, -35.00981139299995 ], [ 150.579165452000098, -35.009802383999954 ], [ 150.579154502000051, -35.00980216499994 ], [ 150.579156627000089, -35.009730089999948 ], [ 150.579123776000074, -35.00972943499994 ], [ 150.579123511000034, -35.009738443999936 ], [ 150.579101610000066, -35.009738006999953 ], [ 150.579101876000095, -35.009728997999957 ], [ 150.579090926000049, -35.009728778999943 ], [ 150.579091457000118, -35.009710759999962 ], [ 150.57910240700005, -35.009710978999976 ], [ 150.579102673000079, -35.009701968999934 ], [ 150.579124573000058, -35.009702406999963 ], [ 150.579124839000087, -35.009693396999978 ], [ 150.579179590000081, -35.009694489999958 ], [ 150.579179324000052, -35.009703498999954 ], [ 150.579190274000098, -35.009703717999969 ], [ 150.579189743000029, -35.00972173599996 ], [ 150.579200693000075, -35.009721954999975 ], [ 150.579200428000036, -35.009730963999971 ], [ 150.579244229000096, -35.009731837999936 ], [ 150.579243963000067, -35.009740847999979 ], [ 150.579254913000113, -35.009741065999947 ], [ 150.579254648000074, -35.009750075999932 ], [ 150.579243697000038, -35.009749856999974 ], [ 150.579243432000112, -35.00975886599997 ], [ 150.57922153100003, -35.00975842899993 ], [ 150.579221266000104, -35.009767438999972 ], [ 150.579210316000058, -35.009767219999958 ], [ 150.579210050000029, -35.009776229999943 ], [ 150.579221, -35.009776447999968 ], [ 150.57922046900012, -35.009794466999949 ], [ 150.579209519000074, -35.009794247999935 ], [ 150.57920845600006, -35.009830285999954 ], [ 150.579219407000096, -35.009830503999979 ], [ 150.579219141000067, -35.009839513999964 ], [ 150.579230091000113, -35.009839731999932 ] ] ], [ [ [ 150.579536697000094, -35.009845849999977 ], [ 150.579536432000054, -35.009854858999972 ], [ 150.579470730000025, -35.009853547999967 ], [ 150.579470996000055, -35.009844538999971 ], [ 150.579460046000122, -35.009844320999946 ], [ 150.579460577000077, -35.009826301999965 ], [ 150.57947152700001, -35.009826519999933 ], [ 150.579472058000079, -35.009808501999942 ], [ 150.579483008000011, -35.009808719999967 ], [ 150.57948327400004, -35.009799710999971 ], [ 150.579527075000101, -35.009800584999937 ], [ 150.579526809000072, -35.009809593999933 ], [ 150.579537759000118, -35.009809812999947 ], [ 150.579537494000078, -35.009818821999943 ], [ 150.579548444000011, -35.009819039999968 ], [ 150.579547647000027, -35.009846068999934 ], [ 150.579536697000094, -35.009845849999977 ] ] ], [ [ [ 150.57927389200006, -35.009840605999955 ], [ 150.579273361000105, -35.009858624999936 ], [ 150.579251461000013, -35.009858187999953 ], [ 150.579252257000121, -35.009831159999976 ], [ 150.579263208000043, -35.009831377999944 ], [ 150.579262942000014, -35.00984038799993 ], [ 150.57927389200006, -35.009840605999955 ] ] ], [ [ [ 150.579459249000024, -35.00987134899998 ], [ 150.579458983000109, -35.009880357999975 ], [ 150.579448033000062, -35.00988013999995 ], [ 150.579448299000092, -35.009871129999965 ], [ 150.579459249000024, -35.00987134899998 ] ] ], [ [ [ 150.579414917000122, -35.009888492999949 ], [ 150.579414386000053, -35.00990651199993 ], [ 150.579403436000121, -35.009906293999961 ], [ 150.579403701000047, -35.009897283999976 ], [ 150.579392751000114, -35.009897065999951 ], [ 150.579392485000085, -35.009906074999947 ], [ 150.579381535000039, -35.009905856999978 ], [ 150.579381801000068, -35.009896846999936 ], [ 150.579392751000114, -35.009897065999951 ], [ 150.579393017000029, -35.009888055999966 ], [ 150.579414917000122, -35.009888492999949 ] ] ], [ [ [ 150.57983076000005, -35.00990580499996 ], [ 150.579830494000021, -35.009914813999956 ], [ 150.579819544000088, -35.00991459599993 ], [ 150.579819810000117, -35.009905586999935 ], [ 150.57983076000005, -35.00990580499996 ] ] ], [ [ [ 150.579469403000076, -35.009898594999981 ], [ 150.579468871000017, -35.009916613999962 ], [ 150.579457921000085, -35.009916394999948 ], [ 150.57945845200004, -35.009898376999956 ], [ 150.579469403000076, -35.009898594999981 ] ] ], [ [ [ 150.579545788000019, -35.00990913399994 ], [ 150.579545523000093, -35.009918142999936 ], [ 150.579523622000011, -35.009917705999953 ], [ 150.57952388800004, -35.009908696999958 ], [ 150.579512938000107, -35.009908478999932 ], [ 150.579513203000033, -35.009899468999947 ], [ 150.579524154000069, -35.009899687999962 ], [ 150.57952388800004, -35.009908696999958 ], [ 150.579545788000019, -35.00990913399994 ] ] ], [ [ [ 150.579534042000091, -35.009935943999949 ], [ 150.579533776000062, -35.009944952999945 ], [ 150.579522826000016, -35.00994473399993 ], [ 150.579523091000056, -35.009935724999934 ], [ 150.579512141, -35.009935506999966 ], [ 150.579512407000038, -35.009926496999981 ], [ 150.579523357000085, -35.009926715999939 ], [ 150.579523091000056, -35.009935724999934 ], [ 150.579534042000091, -35.009935943999949 ] ] ], [ [ [ 150.579610428000024, -35.009946481999975 ], [ 150.579610162000108, -35.00995549199996 ], [ 150.579588262000016, -35.009955054999978 ], [ 150.579588527000055, -35.009946044999936 ], [ 150.579566627000077, -35.009945607999953 ], [ 150.579566892000116, -35.009936598999957 ], [ 150.579577842000049, -35.009936817999971 ], [ 150.579578108000078, -35.009927807999929 ], [ 150.579610959000092, -35.009928463999984 ], [ 150.579610693000063, -35.009937472999979 ], [ 150.57962164300011, -35.009937690999948 ], [ 150.57962137800007, -35.009946700999933 ], [ 150.579610428000024, -35.009946481999975 ] ] ], [ [ [ 150.579796050000027, -35.009968214999958 ], [ 150.579795785000101, -35.009977223999954 ], [ 150.579784835000055, -35.009977005999929 ], [ 150.579785100000095, -35.009967996999933 ], [ 150.579719399000055, -35.009966685999984 ], [ 150.579719664000095, -35.009957675999942 ], [ 150.579697764000116, -35.009957239999949 ], [ 150.579697498000087, -35.009966248999945 ], [ 150.579653697000026, -35.009965374999979 ], [ 150.579653963000055, -35.009956365999983 ], [ 150.579643013, -35.009956146999968 ], [ 150.579644075000033, -35.009920109999939 ], [ 150.5796331250001, -35.009919890999981 ], [ 150.579633390000026, -35.009910881999929 ], [ 150.579611490000048, -35.009910444999946 ], [ 150.579611755000087, -35.00990143599995 ], [ 150.579600805000041, -35.009901216999936 ], [ 150.57960107100007, -35.00989220799994 ], [ 150.57955727, -35.009891333999974 ], [ 150.579557535000049, -35.009882323999932 ], [ 150.579568486000085, -35.009882542999947 ], [ 150.57956901700004, -35.009864523999966 ], [ 150.579558066000118, -35.00986430599994 ], [ 150.579558598000062, -35.009846286999959 ], [ 150.579569548000109, -35.009846505999974 ], [ 150.579569813000035, -35.009837495999932 ], [ 150.579602664000049, -35.009838151999929 ], [ 150.57960239800002, -35.009847160999982 ], [ 150.579613349000056, -35.00984737899995 ], [ 150.579613083000027, -35.009856388999935 ], [ 150.579624033000073, -35.009856606999961 ], [ 150.579623502000118, -35.009874625999942 ], [ 150.579678253000111, -35.009875717999932 ], [ 150.579677988000071, -35.009884727999975 ], [ 150.579688938000118, -35.009884945999943 ], [ 150.579688672000088, -35.009893955999985 ], [ 150.579732473000035, -35.009894828999961 ], [ 150.579732208000109, -35.009903838999946 ], [ 150.579754108000088, -35.009904275999929 ], [ 150.57975357700002, -35.009922293999978 ], [ 150.579786428000034, -35.009922949999975 ], [ 150.579786162000119, -35.009931958999971 ], [ 150.579808063000087, -35.009932395999954 ], [ 150.579807001000063, -35.009968433999973 ], [ 150.579796050000027, -35.009968214999958 ] ] ], [ [ [ 150.579938669000057, -35.009962045999941 ], [ 150.579938138000102, -35.009980063999933 ], [ 150.57991623700002, -35.00997962799994 ], [ 150.579916503000049, -35.009970617999954 ], [ 150.579927453000096, -35.009970836999969 ], [ 150.579927719000011, -35.009961826999984 ], [ 150.579938669000057, -35.009962045999941 ] ] ], [ [ [ 150.579982204000089, -35.00997192899996 ], [ 150.579981939000049, -35.009980937999956 ], [ 150.579970989000117, -35.00998071999993 ], [ 150.579971254000043, -35.009971709999945 ], [ 150.579982204000089, -35.00997192899996 ] ] ], [ [ [ 150.579839055000093, -35.009996116999957 ], [ 150.579838789000064, -35.010005125999953 ], [ 150.579805939000039, -35.010004470999945 ], [ 150.579806470000108, -35.009986451999964 ], [ 150.579828370000087, -35.009986888999947 ], [ 150.579828104000057, -35.009995898999932 ], [ 150.579839055000093, -35.009996116999957 ] ] ], [ [ [ 150.579838258000109, -35.010023144999934 ], [ 150.579837993000069, -35.01003215399993 ], [ 150.579827042000034, -35.010031935999962 ], [ 150.579827308000063, -35.010022926999966 ], [ 150.579838258000109, -35.010023144999934 ] ] ], [ [ [ 150.579980080000041, -35.010044003999951 ], [ 150.579979815000115, -35.010053012999947 ], [ 150.579957914000033, -35.010052575999964 ], [ 150.579958180000062, -35.010043566999968 ], [ 150.579980080000041, -35.010044003999951 ] ] ], [ [ [ 150.579728490000093, -35.010029969999948 ], [ 150.579727694000098, -35.010056997999982 ], [ 150.579716743000063, -35.010056778999967 ], [ 150.579717540000047, -35.010029750999934 ], [ 150.579728490000093, -35.010029969999948 ] ] ], [ [ [ 150.580187869000042, -35.010057162999942 ], [ 150.580187604000116, -35.010066172999984 ], [ 150.58017665400007, -35.01006595399997 ], [ 150.58017691900011, -35.010056944999974 ], [ 150.580187869000042, -35.010057162999942 ] ] ], [ [ [ 150.579869250000115, -35.010086865999938 ], [ 150.579868985000076, -35.010095874999934 ], [ 150.579847084000107, -35.010095437999951 ], [ 150.579847350000023, -35.010086428999955 ], [ 150.579836399000101, -35.01008621099993 ], [ 150.579837462000114, -35.010050172999968 ], [ 150.579848412000047, -35.010050391999982 ], [ 150.579848677000086, -35.01004138199994 ], [ 150.579859628000122, -35.010041600999955 ], [ 150.579859893000048, -35.01003259099997 ], [ 150.579870843000094, -35.010032809999984 ], [ 150.579870578000055, -35.01004181899998 ], [ 150.579881528000101, -35.010042037999938 ], [ 150.579881794000016, -35.010033027999953 ], [ 150.579903694000109, -35.010033464999935 ], [ 150.579902898000114, -35.010060492999969 ], [ 150.579913848000047, -35.010060711999984 ], [ 150.579914113000086, -35.010051701999942 ], [ 150.579925064000122, -35.010051920999956 ], [ 150.579925595000077, -35.010033901999975 ], [ 150.579914644000041, -35.01003368399995 ], [ 150.57991491000007, -35.010024673999965 ], [ 150.579925860000117, -35.010024892999979 ], [ 150.579926126000032, -35.010015882999937 ], [ 150.579948026000011, -35.010016319999977 ], [ 150.579947230000016, -35.010043347999954 ], [ 150.579936279000094, -35.010043129999929 ], [ 150.57993521700007, -35.010079166999958 ], [ 150.579913317000091, -35.010078729999975 ], [ 150.579913051000062, -35.01008773999996 ], [ 150.579869250000115, -35.010086865999938 ] ] ], [ [ [ 150.580241559000115, -35.010094292999952 ], [ 150.580241293000086, -35.010103301999948 ], [ 150.580230343000039, -35.010103083999979 ], [ 150.580230608000079, -35.010094074999984 ], [ 150.580241559000115, -35.010094292999952 ] ] ], [ [ [ 150.579956587000083, -35.010097622999979 ], [ 150.579956321000054, -35.010106631999975 ], [ 150.579945371000122, -35.010106413999949 ], [ 150.579945636000048, -35.010097404999954 ], [ 150.579956587000083, -35.010097622999979 ] ] ], [ [ [ 150.579802752000091, -35.010112582999966 ], [ 150.579802487000052, -35.010121592999951 ], [ 150.579791536000016, -35.010121373999937 ], [ 150.579791802000045, -35.010112364999941 ], [ 150.579780852000113, -35.010112145999983 ], [ 150.579781117000039, -35.01010313699993 ], [ 150.579770167000106, -35.010102918999962 ], [ 150.579770432000032, -35.010093908999977 ], [ 150.5797594820001, -35.010093690999952 ], [ 150.579759748000015, -35.010084680999967 ], [ 150.579792599000029, -35.010085336999964 ], [ 150.579792333000114, -35.01009434599996 ], [ 150.579814233000093, -35.010094782999943 ], [ 150.579813702000024, -35.010112801999981 ], [ 150.579802752000091, -35.010112582999966 ] ] ], [ [ [ 150.580087459000083, -35.010118262999981 ], [ 150.580087193000054, -35.010127271999977 ], [ 150.580076243000121, -35.010127053999952 ], [ 150.580076508000047, -35.010118044999956 ], [ 150.580087459000083, -35.010118262999981 ] ] ], [ [ [ 150.579977956000107, -35.010116078999943 ], [ 150.579977160000112, -35.010143106999976 ], [ 150.579966209000077, -35.010142887999962 ], [ 150.579967006000061, -35.010115859999985 ], [ 150.579977956000107, -35.010116078999943 ] ] ], [ [ [ 150.579976629000043, -35.010161124999968 ], [ 150.579976363000014, -35.010170134999953 ], [ 150.579965413000082, -35.010169915999938 ], [ 150.579965678000121, -35.010160906999943 ], [ 150.579976629000043, -35.010161124999968 ] ] ], [ [ [ 150.580206584000052, -35.010165712999935 ], [ 150.580206053000097, -35.010183730999984 ], [ 150.580195103000051, -35.010183512999959 ], [ 150.580195368000091, -35.010174503999963 ], [ 150.580173468000112, -35.01017406699998 ], [ 150.580173202000083, -35.010183075999976 ], [ 150.580162252000036, -35.010182857999951 ], [ 150.58016331400006, -35.010146819999932 ], [ 150.580174264000107, -35.010147038999946 ], [ 150.580173733000038, -35.010165056999938 ], [ 150.580206584000052, -35.010165712999935 ] ] ], [ [ [ 150.580315556000073, -35.010185915999955 ], [ 150.580315290000044, -35.010194924999951 ], [ 150.580304340000112, -35.010194706999982 ], [ 150.580304605000038, -35.01018569699994 ], [ 150.580315556000073, -35.010185915999955 ] ] ], [ [ [ 150.580172937000043, -35.010192084999971 ], [ 150.580172671000014, -35.010201094999957 ], [ 150.580161721000081, -35.010200875999942 ], [ 150.58016198700011, -35.010191866999946 ], [ 150.580172937000043, -35.010192084999971 ] ] ], [ [ [ 150.580238904000112, -35.010184386999981 ], [ 150.580238373000043, -35.010202404999973 ], [ 150.58022742300011, -35.010202186999948 ], [ 150.580227954000065, -35.010184167999967 ], [ 150.580238904000112, -35.010184386999981 ] ] ], [ [ [ 150.580270958000028, -35.010212069999966 ], [ 150.580270693000102, -35.010221078999962 ], [ 150.580237842000088, -35.010220423999954 ], [ 150.580238107000014, -35.010211414999958 ], [ 150.580270958000028, -35.010212069999966 ] ] ], [ [ [ 150.580489698000065, -35.010225447999971 ], [ 150.580489433000025, -35.010234456999967 ], [ 150.580478482000103, -35.010234238999942 ], [ 150.580478748000019, -35.010225228999957 ], [ 150.580489698000065, -35.010225447999971 ] ] ], [ [ [ 150.58021594100012, -35.010219986999971 ], [ 150.580215410000051, -35.010238005999952 ], [ 150.580193510000072, -35.010237568999969 ], [ 150.580194572000096, -35.01020153199994 ], [ 150.580216472000075, -35.010201968999979 ], [ 150.580216207000035, -35.010210977999975 ], [ 150.580227157000081, -35.010211195999943 ], [ 150.580226892000042, -35.010220205999929 ], [ 150.58021594100012, -35.010219986999971 ] ] ], [ [ [ 150.580160925000087, -35.010227903999976 ], [ 150.580160394000018, -35.010245922999957 ], [ 150.580138493000049, -35.010245485999974 ], [ 150.580139024000118, -35.010227467999982 ], [ 150.580149974000051, -35.010227685999951 ], [ 150.58015024000008, -35.010218676999955 ], [ 150.580172140000059, -35.010219113999938 ], [ 150.580171875000019, -35.010228122999933 ], [ 150.580160925000087, -35.010227903999976 ] ] ], [ [ [ 150.580237311000019, -35.010238442999935 ], [ 150.580237045000104, -35.01024745199993 ], [ 150.580226095000057, -35.010247233999962 ], [ 150.580226361000086, -35.010238223999977 ], [ 150.580237311000019, -35.010238442999935 ] ] ], [ [ [ 150.580094692000102, -35.010244612999941 ], [ 150.580094426000073, -35.010253621999937 ], [ 150.580072526000095, -35.010253184999954 ], [ 150.580072791000021, -35.010244175999958 ], [ 150.580094692000102, -35.010244612999941 ], [ 150.580095223000058, -35.01022659399996 ], [ 150.580051422000111, -35.010225719999937 ], [ 150.580051953000066, -35.010207700999956 ], [ 150.580062903000112, -35.010207919999971 ], [ 150.580063169000027, -35.010198909999929 ], [ 150.580052218000105, -35.01019869199996 ], [ 150.580052484000021, -35.010189682999965 ], [ 150.580041534000088, -35.01018946399995 ], [ 150.580042065000043, -35.010171444999969 ], [ 150.58005301500009, -35.010171663999984 ], [ 150.580053546000045, -35.010153644999946 ], [ 150.580042596000112, -35.010153426999977 ], [ 150.580043127000067, -35.01013540799994 ], [ 150.580032176000032, -35.010135189999971 ], [ 150.580031911000106, -35.010144198999967 ], [ 150.580020961000059, -35.010143979999953 ], [ 150.580021226000099, -35.010134970999957 ], [ 150.580010276000053, -35.010134752999932 ], [ 150.580010541000092, -35.010125742999946 ], [ 150.580043392000107, -35.010126398999944 ], [ 150.580043127000067, -35.01013540799994 ], [ 150.580065027000046, -35.010135844999979 ], [ 150.58006476200012, -35.010144853999975 ], [ 150.580086662000099, -35.010145290999958 ], [ 150.580086397000059, -35.010154300999943 ], [ 150.580097347000105, -35.010154518999968 ], [ 150.580097081000076, -35.010163527999964 ], [ 150.580108032000112, -35.010163746999979 ], [ 150.580108563000067, -35.010145727999941 ], [ 150.580119513000113, -35.010145945999966 ], [ 150.580120044000068, -35.010127927999974 ], [ 150.580109094000022, -35.01012770899996 ], [ 150.580109625000091, -35.010109690999968 ], [ 150.580098674000055, -35.010109471999954 ], [ 150.58009947100004, -35.010082443999977 ], [ 150.580110421000086, -35.010082661999945 ], [ 150.580110952000041, -35.010064643999954 ], [ 150.580100002000108, -35.010064424999939 ], [ 150.580099736000079, -35.010073434999981 ], [ 150.580088786000033, -35.010073215999967 ], [ 150.580089052000062, -35.010064206999971 ], [ 150.580100002000108, -35.010064424999939 ], [ 150.580100267000034, -35.010055415999943 ], [ 150.580078367000056, -35.01005497899996 ], [ 150.580078101000026, -35.010063987999956 ], [ 150.580045251000115, -35.010063332999948 ], [ 150.580044985000086, -35.010072341999944 ], [ 150.58003403500004, -35.010072123999976 ], [ 150.580034566000108, -35.010054104999938 ], [ 150.580012665000027, -35.010053667999955 ], [ 150.580013196000095, -35.010035649999963 ], [ 150.579991296000117, -35.010035212999981 ], [ 150.579991827000072, -35.010017193999943 ], [ 150.580002777000118, -35.010017412999957 ], [ 150.580003043000033, -35.010008402999972 ], [ 150.580035893000058, -35.01000905899997 ], [ 150.580036159000088, -35.010000048999984 ], [ 150.580025209000041, -35.009999830999959 ], [ 150.580025474000081, -35.009990820999974 ], [ 150.580047375000049, -35.009991257999957 ], [ 150.580046844000094, -35.010009276999938 ], [ 150.580090645000041, -35.01001015099996 ], [ 150.580090379000012, -35.010019159999956 ], [ 150.580101329000058, -35.010019378999971 ], [ 150.580101064000019, -35.010028387999967 ], [ 150.580166765000058, -35.010029697999983 ], [ 150.580165969000063, -35.010056726999949 ], [ 150.580155019000017, -35.010056507999934 ], [ 150.580154488000062, -35.010074526999972 ], [ 150.580165438000108, -35.01007474499994 ], [ 150.580164907000039, -35.010092763999978 ], [ 150.580197758000054, -35.010093418999929 ], [ 150.580197492000025, -35.010102428999971 ], [ 150.580208442000071, -35.01010264699994 ], [ 150.580207911000116, -35.010120665999978 ], [ 150.580218862000038, -35.010120883999946 ], [ 150.580217800000014, -35.010156921999965 ], [ 150.580195899000046, -35.010156484999982 ], [ 150.580196165000075, -35.01014747499994 ], [ 150.580185214000039, -35.010147256999971 ], [ 150.580185480000068, -35.010138247999976 ], [ 150.580174530000022, -35.010138028999961 ], [ 150.580174795000062, -35.010129019999965 ], [ 150.580152895000083, -35.010128582999982 ], [ 150.58015316, -35.01011957399993 ], [ 150.580142210000076, -35.010119354999972 ], [ 150.580141944000047, -35.010128364999957 ], [ 150.580130994000115, -35.010128145999943 ], [ 150.580130463000046, -35.010146164999981 ], [ 150.580141413000092, -35.010146382999949 ], [ 150.580140882000023, -35.01016440199993 ], [ 150.580151833000059, -35.010164619999955 ], [ 150.58015050500012, -35.01020966699997 ], [ 150.580117654000105, -35.010209011999962 ], [ 150.580117389000065, -35.010218020999957 ], [ 150.580106439000019, -35.010217802999932 ], [ 150.580105642000035, -35.010244830999966 ], [ 150.580094692000102, -35.010244612999941 ] ] ], [ [ [ 150.580302482000093, -35.010257771999932 ], [ 150.580302216000064, -35.010266780999984 ], [ 150.580291266000017, -35.010266562999959 ], [ 150.580291531000057, -35.010257553999963 ], [ 150.580280581000011, -35.010257334999949 ], [ 150.58028084700004, -35.010248325999953 ], [ 150.580291797000086, -35.010248543999978 ], [ 150.580292062000012, -35.010239534999982 ], [ 150.580303013000048, -35.010239752999951 ], [ 150.580303278000088, -35.010230743999955 ], [ 150.58031422800002, -35.01023096199998 ], [ 150.580314494000049, -35.010221952999984 ], [ 150.580336394000028, -35.010222389999967 ], [ 150.580336129000102, -35.010231398999963 ], [ 150.580325179000056, -35.010231180999938 ], [ 150.580324648000101, -35.010249199999976 ], [ 150.580335598000033, -35.010249417999944 ], [ 150.580335332000118, -35.01025842699994 ], [ 150.580302482000093, -35.010257771999932 ] ] ], [ [ [ 150.580236780000064, -35.010256461999973 ], [ 150.580236249000109, -35.010274479999964 ], [ 150.580225299000062, -35.010274261999939 ], [ 150.580225830000018, -35.010256242999958 ], [ 150.580236780000064, -35.010256461999973 ] ] ], [ [ [ 150.580192713000088, -35.010264596999946 ], [ 150.580192182000019, -35.010282615999984 ], [ 150.58017028200004, -35.010282178999944 ], [ 150.58017054700008, -35.010273169999948 ], [ 150.580181498000115, -35.010273387999973 ], [ 150.580182029000071, -35.010255368999935 ], [ 150.580203929000049, -35.010255805999975 ], [ 150.58020366400001, -35.01026481599996 ], [ 150.580192713000088, -35.010264596999946 ] ], [ [ 150.580521288000114, -35.010640751999972 ], [ 150.580554139000014, -35.01064140699998 ], [ 150.580554670000083, -35.010623387999942 ], [ 150.580543720000037, -35.010623169999974 ], [ 150.580543985000077, -35.010614160999978 ], [ 150.580598737000059, -35.010615252999969 ], [ 150.580599002000099, -35.010606242999984 ], [ 150.580588052000053, -35.010606024999959 ], [ 150.580588318000082, -35.010597014999973 ], [ 150.580577367000046, -35.010596796999948 ], [ 150.58057710200012, -35.010605805999944 ], [ 150.580566151000085, -35.010605587999976 ], [ 150.580566417000114, -35.01059657899998 ], [ 150.580544516000032, -35.01059614199994 ], [ 150.580544782000061, -35.010587132999945 ], [ 150.580533831000025, -35.01058691399993 ], [ 150.580534097000054, -35.010577904999934 ], [ 150.580545047000101, -35.010578122999959 ], [ 150.580545313000016, -35.010569113999964 ], [ 150.580523412000048, -35.010568676999981 ], [ 150.580523943000117, -35.010550657999943 ], [ 150.580491092000102, -35.010550002999935 ], [ 150.580491357000028, -35.010540993999939 ], [ 150.580469457000049, -35.010540556999956 ], [ 150.580469988000118, -35.010522537999975 ], [ 150.580459037000082, -35.01052231999995 ], [ 150.580459303000112, -35.010513309999965 ], [ 150.58043740200003, -35.010512873999971 ], [ 150.580437668000059, -35.010503863999929 ], [ 150.580426717000023, -35.010503645999961 ], [ 150.580426452000097, -35.010512654999957 ], [ 150.580382651000036, -35.01051178199998 ], [ 150.580382916000076, -35.010502771999938 ], [ 150.580339115000015, -35.010501898999962 ], [ 150.580339380000055, -35.010492888999977 ], [ 150.580328430000122, -35.010492670999952 ], [ 150.580328696000038, -35.010483660999967 ], [ 150.580317745000116, -35.010483442999941 ], [ 150.580318011000031, -35.010474433999946 ], [ 150.580307060000109, -35.010474214999931 ], [ 150.580307326000025, -35.010465205999935 ], [ 150.580296376000092, -35.010464986999978 ], [ 150.580296641000018, -35.010455977999982 ], [ 150.580285691000086, -35.010455759999957 ], [ 150.580285956000012, -35.010446749999971 ], [ 150.580264056000033, -35.010446312999932 ], [ 150.580264321000072, -35.010437303999936 ], [ 150.580231470000058, -35.010436648999985 ], [ 150.580231736000087, -35.010427638999943 ], [ 150.580198885000073, -35.010426983999935 ], [ 150.580199150000112, -35.010417974999939 ], [ 150.580166300000087, -35.010417318999941 ], [ 150.580166831000042, -35.01039930099995 ], [ 150.58015588000012, -35.010399081999935 ], [ 150.580156411000075, -35.010381063999944 ], [ 150.580167361000122, -35.010381281999969 ], [ 150.580167627000037, -35.010372272999973 ], [ 150.580145726000069, -35.010371835999933 ], [ 150.580145461000029, -35.010380844999929 ], [ 150.580134511000097, -35.010380626999961 ], [ 150.580134245000067, -35.010389635999957 ], [ 150.580101394000053, -35.010388980999949 ], [ 150.580101660000082, -35.010379970999963 ], [ 150.580090709000046, -35.010379752999938 ], [ 150.58009044400012, -35.010388761999934 ], [ 150.580079494000074, -35.010388543999966 ], [ 150.580080556000098, -35.010352505999947 ], [ 150.580091506000031, -35.010352724999962 ], [ 150.58009177100007, -35.010343715999966 ], [ 150.580102722000106, -35.010343933999934 ], [ 150.580103253000061, -35.010325914999953 ], [ 150.580114203000107, -35.010326133999968 ], [ 150.580114469000023, -35.010317123999982 ], [ 150.580136369000115, -35.010317560999965 ], [ 150.580136635000031, -35.010308551999969 ], [ 150.580180436000092, -35.010309425999935 ], [ 150.580180701000018, -35.01030041599995 ], [ 150.580202602000099, -35.010300852999933 ], [ 150.580202071000031, -35.010318871999971 ], [ 150.580234922000045, -35.010319526999979 ], [ 150.580235453000114, -35.010301507999941 ], [ 150.580246403000046, -35.010301726999955 ], [ 150.580246668000086, -35.01029271699997 ], [ 150.580268569000054, -35.010293153999953 ], [ 150.58026910000001, -35.010275135999962 ], [ 150.580291000000102, -35.010275571999955 ], [ 150.580290735000062, -35.01028458199994 ], [ 150.580301685000109, -35.010284799999965 ], [ 150.58030115400004, -35.010302818999946 ], [ 150.580312105000075, -35.010303036999971 ], [ 150.580311839000046, -35.010312046999957 ], [ 150.580322789000093, -35.010312264999982 ], [ 150.580322524000053, -35.010321273999978 ], [ 150.580333474000099, -35.010321492999935 ], [ 150.580333209000059, -35.010330501999931 ], [ 150.580355109000038, -35.010330938999971 ], [ 150.580355375000067, -35.010321929999975 ], [ 150.580377275000046, -35.010322366999958 ], [ 150.580377806000115, -35.010304347999977 ], [ 150.580399707000083, -35.01030478499996 ], [ 150.580399972, -35.010295774999975 ], [ 150.580410922000056, -35.010295993999932 ], [ 150.580411188000085, -35.010286983999947 ], [ 150.580422138000017, -35.010287202999962 ], [ 150.580422669000086, -35.010269183999981 ], [ 150.580367918000093, -35.010268091999933 ], [ 150.580368449000048, -35.010250072999952 ], [ 150.580357498000012, -35.010249854999984 ], [ 150.580357764000041, -35.010240844999942 ], [ 150.580368714000087, -35.010241063999956 ], [ 150.580368449000048, -35.010250072999952 ], [ 150.580379399000094, -35.010250291999967 ], [ 150.58037966400002, -35.010241281999981 ], [ 150.580401565000102, -35.010241718999964 ], [ 150.580401830000028, -35.010232709999968 ], [ 150.580434681000042, -35.010233364999976 ], [ 150.580434947000072, -35.010224355999981 ], [ 150.580445897000118, -35.010224573999949 ], [ 150.580445632000078, -35.010233582999945 ], [ 150.580456582000011, -35.010233801999959 ], [ 150.580455785000026, -35.010260829999936 ], [ 150.580488636000041, -35.010261484999944 ], [ 150.58048890200007, -35.010252475999948 ], [ 150.580543653000063, -35.010253567999939 ], [ 150.580543388000024, -35.010262576999935 ], [ 150.58055433800007, -35.01026279499996 ], [ 150.580554072000041, -35.010271804999945 ], [ 150.580575973, -35.010272241999928 ], [ 150.580576238000049, -35.010263231999943 ], [ 150.580565288000116, -35.010263013999975 ], [ 150.580565819000071, -35.010244994999937 ], [ 150.580554869000025, -35.010244776999969 ], [ 150.580555134000065, -35.010235766999983 ], [ 150.580544184000019, -35.010235548999958 ], [ 150.580544449000058, -35.010226539999962 ], [ 150.580533499000012, -35.010226320999948 ], [ 150.580533765000041, -35.010217311999952 ], [ 150.580522814000119, -35.010217092999937 ], [ 150.580523080000034, -35.010208083999942 ], [ 150.580512129000113, -35.010207865999973 ], [ 150.580512395000028, -35.010198855999931 ], [ 150.580501445000095, -35.010198637999963 ], [ 150.580501710000021, -35.010189628999967 ], [ 150.580490760000089, -35.010189409999953 ], [ 150.580491025000015, -35.010180400999957 ], [ 150.580480075000082, -35.010180181999942 ], [ 150.580480606000037, -35.010162163999951 ], [ 150.580469656000105, -35.010161944999936 ], [ 150.580469921000031, -35.01015293599994 ], [ 150.580458971000098, -35.010152716999983 ], [ 150.580459236000024, -35.01014370799993 ], [ 150.580415435000077, -35.010142834999954 ], [ 150.580415701000106, -35.010133824999969 ], [ 150.58040475100006, -35.010133606999943 ], [ 150.580403954000076, -35.010160634999977 ], [ 150.58039300400003, -35.010160415999962 ], [ 150.580392738000114, -35.010169425999948 ], [ 150.580381788000068, -35.010169206999933 ], [ 150.580382054000097, -35.010160197999937 ], [ 150.580371103000061, -35.010159979999969 ], [ 150.580370838000022, -35.010168988999965 ], [ 150.580348937000053, -35.010168551999982 ], [ 150.580349203000083, -35.010159542999929 ], [ 150.580338253000036, -35.010159323999972 ], [ 150.580338784000105, -35.01014130599998 ], [ 150.580316883000023, -35.01014086899994 ], [ 150.580317148000063, -35.010131858999955 ], [ 150.580306198000017, -35.01013164099993 ], [ 150.580306729000085, -35.010113621999949 ], [ 150.580295779000039, -35.010113403999981 ], [ 150.580296841000063, -35.010077365999962 ], [ 150.580307791000109, -35.010077584999976 ], [ 150.580308057000025, -35.010068574999934 ], [ 150.580297106000103, -35.010068356999966 ], [ 150.580297372000018, -35.01005934799997 ], [ 150.58027547100005, -35.010058910999931 ], [ 150.58027520600001, -35.010067919999983 ], [ 150.580264256000078, -35.010067701999958 ], [ 150.580263990000049, -35.010076710999954 ], [ 150.580274940000095, -35.010076929999968 ], [ 150.580274409000026, -35.01009494799996 ], [ 150.580252509000047, -35.010094510999977 ], [ 150.580252774000087, -35.010085501999981 ], [ 150.580241824000041, -35.010085283999956 ], [ 150.580242355000109, -35.010067264999975 ], [ 150.580264256000078, -35.010067701999958 ], [ 150.580264521000117, -35.010058691999973 ], [ 150.580231670000103, -35.010058036999965 ], [ 150.580232201000058, -35.010040017999984 ], [ 150.580221251000012, -35.010039799999959 ], [ 150.580221517000041, -35.010030790999963 ], [ 150.580210566000119, -35.010030571999948 ], [ 150.580210832000034, -35.010021562999952 ], [ 150.580199882000102, -35.010021343999938 ], [ 150.580200412000067, -35.010003325999946 ], [ 150.580189462000021, -35.010003106999932 ], [ 150.58018972800005, -35.009994097999936 ], [ 150.580178777000015, -35.009993878999978 ], [ 150.580179043000044, -35.009984869999982 ], [ 150.580146192000029, -35.009984214999974 ], [ 150.580145927000103, -35.00999322399997 ], [ 150.580134977000057, -35.009993005999945 ], [ 150.580134711000028, -35.010002014999941 ], [ 150.580123761000095, -35.010001796999973 ], [ 150.580123495000066, -35.010010805999968 ], [ 150.58011254500002, -35.010010587999943 ], [ 150.580112811000049, -35.010001577999958 ], [ 150.580101860000013, -35.010001359999933 ], [ 150.580102126000043, -35.009992349999948 ], [ 150.580113076000089, -35.009992568999962 ], [ 150.580113342000118, -35.009983559999966 ], [ 150.580102391000082, -35.009983340999952 ], [ 150.580102657000111, -35.009974331999956 ], [ 150.580069806000097, -35.009973675999959 ], [ 150.580070337000052, -35.009955657999967 ], [ 150.580048437000073, -35.009955220999984 ], [ 150.580048171000044, -35.00996422999998 ], [ 150.580037221000111, -35.009964011999955 ], [ 150.580036955000082, -35.009973020999951 ], [ 150.580026005000036, -35.009972802999982 ], [ 150.58002574000011, -35.009981811999978 ], [ 150.580014789000074, -35.009981593999953 ], [ 150.580015055000104, -35.009972583999968 ], [ 150.580004105000057, -35.009972365999943 ], [ 150.580004370000097, -35.009963355999957 ], [ 150.579982470000118, -35.009962919999964 ], [ 150.579982735000044, -35.009953909999979 ], [ 150.579971785000112, -35.009953691999954 ], [ 150.579972051000027, -35.009944681999968 ], [ 150.579961100000105, -35.009944463999943 ], [ 150.579960835000065, -35.009953472999939 ], [ 150.579949885000019, -35.009953254999971 ], [ 150.579950681000014, -35.009926226999937 ], [ 150.57996163100006, -35.009926444999962 ], [ 150.579961897000089, -35.009917435999967 ], [ 150.579983797000068, -35.009917872999949 ], [ 150.579984063000097, -35.009908862999964 ], [ 150.579973113000051, -35.009908644999939 ], [ 150.579973378000091, -35.009899635999943 ], [ 150.579951478000112, -35.00989919899996 ], [ 150.579951743000038, -35.009890188999975 ], [ 150.579940793000105, -35.00988997099995 ], [ 150.579940527000076, -35.009898979999946 ], [ 150.57992957700003, -35.009898761999978 ], [ 150.579929312000104, -35.009907770999973 ], [ 150.579918362000058, -35.009907552999948 ], [ 150.579918893000013, -35.009889533999967 ], [ 150.579875092000066, -35.009888659999945 ], [ 150.579875623000021, -35.009870640999964 ], [ 150.579864672000099, -35.009870422999938 ], [ 150.579864938000014, -35.009861413999943 ], [ 150.579832087000113, -35.009860757999945 ], [ 150.579831822000074, -35.00986976799993 ], [ 150.579744220000066, -35.009868019999942 ], [ 150.579744486000095, -35.009859009999957 ], [ 150.579722585000013, -35.009858573999963 ], [ 150.579722851000042, -35.009849563999978 ], [ 150.57971190100011, -35.009849345999953 ], [ 150.579712166000036, -35.009840335999968 ], [ 150.579701216000103, -35.009840117999943 ], [ 150.579701481000029, -35.009831108999947 ], [ 150.579690531000097, -35.009830889999932 ], [ 150.579690266000057, -35.009839898999928 ], [ 150.579679315000021, -35.00983968099996 ], [ 150.579679050000095, -35.009848689999956 ], [ 150.579668100000049, -35.009848471999931 ], [ 150.57966783400002, -35.009857480999983 ], [ 150.579656884000087, -35.009857262999958 ], [ 150.579657415000042, -35.009839243999977 ], [ 150.57964646500011, -35.009839025999952 ], [ 150.579646996000065, -35.009821006999971 ], [ 150.579657946000111, -35.009821224999939 ], [ 150.579658212000027, -35.009812215999943 ], [ 150.579669162000073, -35.009812433999969 ], [ 150.579668896000044, -35.009821443999954 ], [ 150.579701747000058, -35.009822098999962 ], [ 150.579702012000098, -35.009813089999966 ], [ 150.57971296300002, -35.009813307999934 ], [ 150.57971322800006, -35.009804298999939 ], [ 150.579702278000013, -35.009804079999981 ], [ 150.579702544000043, -35.009795070999928 ], [ 150.579691593000121, -35.00979485299996 ], [ 150.579691328000081, -35.009803861999956 ], [ 150.579658477000066, -35.009803206999948 ], [ 150.579658743000095, -35.009794196999962 ], [ 150.579647793000049, -35.009793978999937 ], [ 150.579648058000089, -35.009784968999952 ], [ 150.579637108000043, -35.009784750999984 ], [ 150.579637373000082, -35.009775741999931 ], [ 150.579604523000057, -35.009775085999934 ], [ 150.579605054000012, -35.009757066999953 ], [ 150.579616004000059, -35.009757285999967 ], [ 150.579616535000014, -35.009739266999929 ], [ 150.579572734000067, -35.009738392999964 ], [ 150.579574328000035, -35.009684336999953 ], [ 150.579563377000113, -35.009684118999928 ], [ 150.579563643000029, -35.009675108999943 ], [ 150.57954174300005, -35.00967467199996 ], [ 150.579540680000036, -35.009710709999979 ], [ 150.579551631000072, -35.009710927999947 ], [ 150.579551100000117, -35.009728946999928 ], [ 150.579540149000081, -35.00972872799997 ], [ 150.579539618000013, -35.009746746999951 ], [ 150.579550568000059, -35.009746965999966 ], [ 150.579549772000064, -35.009773993999943 ], [ 150.579538822000018, -35.009773774999928 ], [ 150.579538290000073, -35.009791793999966 ], [ 150.579549241000109, -35.009792011999934 ], [ 150.57954897500008, -35.009801021999976 ], [ 150.579538025000033, -35.009800802999962 ], [ 150.579538290000073, -35.009791793999966 ], [ 150.579527340000027, -35.009791574999952 ], [ 150.579527606000056, -35.009782565999956 ], [ 150.57951665600001, -35.009782347999931 ], [ 150.579517718000034, -35.009746309999969 ], [ 150.579506768000101, -35.009746091999943 ], [ 150.579507564000096, -35.009719063999967 ], [ 150.57949661400005, -35.009718844999952 ], [ 150.579496880000079, -35.009709835999956 ], [ 150.579453079000018, -35.009708961999934 ], [ 150.579453344000058, -35.009699951999949 ], [ 150.579464295000093, -35.009700170999963 ], [ 150.579466154000102, -35.009637104999968 ], [ 150.579433303000087, -35.009636449999959 ], [ 150.579433037000058, -35.009645458999955 ], [ 150.579411137000079, -35.009645021999972 ], [ 150.57941060600001, -35.009663040999953 ], [ 150.579399656000078, -35.009662822999928 ], [ 150.579399390000049, -35.009671831999981 ], [ 150.579388440000116, -35.009671612999966 ], [ 150.579388706000032, -35.009662603999971 ], [ 150.57937775500011, -35.009662385999945 ], [ 150.579378021000025, -35.00965337599996 ], [ 150.579367071000092, -35.009653157999935 ], [ 150.579367336000018, -35.00964414799995 ], [ 150.579323536000061, -35.009643273999984 ], [ 150.579322473000047, -35.009679311999946 ], [ 150.579289623000022, -35.009678655999949 ], [ 150.579290154000091, -35.009660636999968 ], [ 150.57931205400007, -35.009661073999951 ], [ 150.579313117000083, -35.009625036999978 ], [ 150.579302166000048, -35.009624818999953 ], [ 150.579302432000077, -35.009615808999968 ], [ 150.579291482000031, -35.009615590999942 ], [ 150.57929174700007, -35.009606580999957 ], [ 150.579280797000024, -35.009606362999932 ], [ 150.579281328000093, -35.009588343999951 ], [ 150.579270378000047, -35.009588125999983 ], [ 150.579270644000076, -35.009579115999941 ], [ 150.579281594000122, -35.009579334999955 ], [ 150.579281860000037, -35.00957032499997 ], [ 150.579270909000115, -35.009570106999945 ], [ 150.579271175000031, -35.009561097999949 ], [ 150.579282125000077, -35.009561315999974 ], [ 150.579282922000061, -35.009534287999941 ], [ 150.579271972000015, -35.009534068999983 ], [ 150.579272237000055, -35.00952505999993 ], [ 150.579250337000076, -35.009524622999947 ], [ 150.579250071000047, -35.009533631999943 ], [ 150.579239121000114, -35.009533413999975 ], [ 150.579238856000075, -35.009542422999971 ], [ 150.579227905000039, -35.009542204999946 ], [ 150.579227640000113, -35.009551213999941 ], [ 150.57920574000002, -35.009550776999959 ], [ 150.579205474000105, -35.009559785999954 ], [ 150.579194524000059, -35.009559567999929 ], [ 150.57919425800003, -35.009568576999982 ], [ 150.579183308000097, -35.009568358999957 ], [ 150.579183574000012, -35.009559348999971 ], [ 150.57917262300009, -35.009559130999946 ], [ 150.579172358000051, -35.009568139999942 ], [ 150.579161408000118, -35.009567921999974 ], [ 150.579161673000044, -35.009558911999932 ], [ 150.579150723000112, -35.009558693999963 ], [ 150.579151254000067, -35.009540674999982 ], [ 150.57914030400002, -35.009540456999957 ], [ 150.57914057000005, -35.009531446999972 ], [ 150.579129620000117, -35.009531228999947 ], [ 150.579129885000043, -35.009522218999962 ], [ 150.57911893500011, -35.009522000999937 ], [ 150.579119466000066, -35.009503981999956 ], [ 150.579108516000019, -35.00950376399993 ], [ 150.579109313000117, -35.009476735999954 ], [ 150.579153113000075, -35.009477609999976 ], [ 150.57915258200012, -35.009495627999968 ], [ 150.579163532000052, -35.009495846999982 ], [ 150.579163001000097, -35.009513865999963 ], [ 150.57917395100003, -35.009514083999932 ], [ 150.579173686000104, -35.009523092999984 ], [ 150.579184636000036, -35.009523311999942 ], [ 150.579184370000121, -35.009532320999938 ], [ 150.579173420000075, -35.00953210299997 ], [ 150.579173155000035, -35.009541111999965 ], [ 150.579184105000081, -35.00954133099998 ], [ 150.579183839000052, -35.009550339999976 ], [ 150.57920574000002, -35.009550776999959 ], [ 150.57920600500006, -35.009541767999963 ], [ 150.579216955000106, -35.009541985999931 ], [ 150.579218549000075, -35.009487929999977 ], [ 150.5792513990001, -35.009488585999975 ], [ 150.579251930000055, -35.009470566999937 ], [ 150.579240980000122, -35.009470347999979 ], [ 150.579241511000077, -35.009452329999931 ], [ 150.579208661000052, -35.009451673999934 ], [ 150.579208927000082, -35.009442664999938 ], [ 150.579187026000113, -35.009442227999955 ], [ 150.579187292000029, -35.00943321799997 ], [ 150.579121591000103, -35.009431906999964 ], [ 150.579121060000034, -35.009449925999945 ], [ 150.579110110000101, -35.009449707999977 ], [ 150.579109844000072, -35.009458716999973 ], [ 150.579098894000026, -35.009458497999958 ], [ 150.579099159000066, -35.009449488999962 ], [ 150.57908820900002, -35.009449269999948 ], [ 150.579087944000094, -35.009458279999933 ], [ 150.579066043000012, -35.00945784299995 ], [ 150.579065778000086, -35.009466851999946 ], [ 150.579054828000039, -35.009466633999978 ], [ 150.579054031000055, -35.009493661999954 ], [ 150.579021180000041, -35.009493005999957 ], [ 150.579021977000025, -35.00946597799998 ], [ 150.579032927000071, -35.009466196999938 ], [ 150.5790331930001, -35.009457186999953 ], [ 150.579044143000033, -35.009457405999967 ], [ 150.579044409000062, -35.009448395999982 ], [ 150.579066309000041, -35.009448832999965 ], [ 150.57906684000011, -35.009430814999973 ], [ 150.579055890000063, -35.009430595999959 ], [ 150.579055624000034, -35.009439605999944 ], [ 150.579044674000102, -35.009439386999929 ], [ 150.579044940000017, -35.009430377999934 ], [ 150.579033990000084, -35.009430158999976 ], [ 150.57903425500001, -35.00942114999998 ], [ 150.579023305000078, -35.009420930999966 ], [ 150.579023836000033, -35.009402912999974 ], [ 150.5790128860001, -35.009402693999959 ], [ 150.579013949000114, -35.00936665699993 ], [ 150.578981098000099, -35.009366000999933 ], [ 150.57898083300006, -35.009375009999928 ], [ 150.578969883000013, -35.00937479199996 ], [ 150.578969351000069, -35.009392810999941 ], [ 150.57894745100009, -35.009392372999969 ], [ 150.578947982000045, -35.009374354999977 ], [ 150.578926082000066, -35.009373917999937 ], [ 150.578926348000095, -35.009364907999952 ], [ 150.57891539700006, -35.009364689999984 ], [ 150.578915663000089, -35.009355679999942 ], [ 150.578904713000043, -35.009355461999974 ], [ 150.578904979000072, -35.009346452999978 ], [ 150.578872128000057, -35.00934579699998 ], [ 150.578872925000042, -35.009318768999947 ], [ 150.578861975000109, -35.009318549999932 ], [ 150.578862506000064, -35.009300531999941 ], [ 150.578851556000018, -35.009300312999983 ], [ 150.578851822000047, -35.00929130399993 ], [ 150.578829921000079, -35.009290866999947 ], [ 150.578830187000108, -35.009281856999962 ], [ 150.578819237000062, -35.009281638999937 ], [ 150.578818971000032, -35.009290647999933 ], [ 150.5788080210001, -35.009290428999975 ], [ 150.578809084000113, -35.009254391999946 ], [ 150.578798133000078, -35.009254173999977 ], [ 150.578798399000107, -35.009245163999935 ], [ 150.57878744900006, -35.009244945999967 ], [ 150.57878771500009, -35.009235935999982 ], [ 150.578776764000054, -35.009235717999957 ], [ 150.578776499000014, -35.009244726999952 ], [ 150.578765549000082, -35.009244508999984 ], [ 150.578765283000052, -35.00925351799998 ], [ 150.57875433300012, -35.009253298999965 ], [ 150.578753802000051, -35.009271317999946 ], [ 150.578764752000097, -35.009271536999961 ], [ 150.578764221000029, -35.009289554999953 ], [ 150.578753270000107, -35.009289336999984 ], [ 150.578753005000067, -35.00929834599998 ], [ 150.578742055000021, -35.009298127999955 ], [ 150.578741789000105, -35.009307136999951 ], [ 150.578730839000059, -35.009306917999936 ], [ 150.578730308000104, -35.009324936999974 ], [ 150.578752208000083, -35.009325373999957 ], [ 150.578751677000014, -35.009343392999938 ], [ 150.57876262700006, -35.009343610999963 ], [ 150.578762095000116, -35.009361629999944 ], [ 150.578773046000038, -35.009361848999959 ], [ 150.578772780000122, -35.009370857999954 ], [ 150.578794680000101, -35.009371294999937 ], [ 150.578794415000061, -35.009380303999933 ], [ 150.578783464000026, -35.009380085999965 ], [ 150.5787831990001, -35.00938909499996 ], [ 150.578772249000053, -35.009388876999935 ], [ 150.578771983000024, -35.009397885999931 ], [ 150.57878293300007, -35.009398104999946 ], [ 150.578782668000031, -35.009407113999941 ], [ 150.578771717000109, -35.009406894999984 ], [ 150.578771452000069, -35.009415904999969 ], [ 150.578782402000115, -35.009416122999937 ], [ 150.578782136000086, -35.009425132999979 ], [ 150.578793086000019, -35.009425350999948 ], [ 150.578792821000093, -35.009434360999933 ], [ 150.578803771000025, -35.009434578999958 ], [ 150.57880350500011, -35.009443587999954 ], [ 150.578825406000078, -35.009444025999983 ], [ 150.578825140000049, -35.009453034999979 ], [ 150.578879891000042, -35.009454127999959 ], [ 150.578880156000082, -35.009445117999974 ], [ 150.578891107000118, -35.009445336999931 ], [ 150.578891372000044, -35.009436327999936 ], [ 150.57890232200009, -35.009436545999961 ], [ 150.578902588000119, -35.009427536999965 ], [ 150.578946389000066, -35.009428410999931 ], [ 150.578946123000037, -35.009437419999983 ], [ 150.578957073000083, -35.009437638999941 ], [ 150.578956807000054, -35.009446647999937 ], [ 150.57896775800009, -35.009446866999951 ], [ 150.578966430000037, -35.009491912999977 ], [ 150.578955479000115, -35.009491694999952 ], [ 150.578954948000046, -35.009509713999933 ], [ 150.578943998000113, -35.009509494999975 ], [ 150.57894293600009, -35.009545531999947 ], [ 150.578953886000022, -35.009545750999962 ], [ 150.578953620000107, -35.009554759999958 ], [ 150.578964570000039, -35.009554978999972 ], [ 150.578965101000108, -35.009536959999934 ], [ 150.578987002000076, -35.009537396999974 ], [ 150.578987267000116, -35.009528387999978 ], [ 150.579009168000084, -35.009528824999961 ], [ 150.57900943300001, -35.009519815999965 ], [ 150.579042284000025, -35.009520470999973 ], [ 150.579042018000109, -35.009529480999959 ], [ 150.579052968000042, -35.009529698999984 ], [ 150.579052703000116, -35.00953870799998 ], [ 150.579063653000048, -35.009538926999937 ], [ 150.579062856000064, -35.009565954999971 ], [ 150.579084757000032, -35.009566391999954 ], [ 150.579084491000117, -35.00957540099995 ], [ 150.579073541000071, -35.009575182999981 ], [ 150.579073275000042, -35.009584191999977 ], [ 150.579051375000063, -35.009583754999937 ], [ 150.579051109000034, -35.009592764999979 ], [ 150.578985408000108, -35.009591452999985 ], [ 150.578985674000023, -35.009582443999932 ], [ 150.578963773000055, -35.009582006999949 ], [ 150.578964039000084, -35.009572997999953 ], [ 150.578953089000038, -35.009572778999939 ], [ 150.578953620000107, -35.009554759999958 ], [ 150.578931720000014, -35.009554322999975 ], [ 150.578930392000075, -35.009599369999933 ], [ 150.578941342000121, -35.009599588999947 ], [ 150.578941076000092, -35.009608597999943 ], [ 150.578930126000046, -35.009608378999928 ], [ 150.578929860000017, -35.00961738899997 ], [ 150.578995561000056, -35.009618699999976 ], [ 150.578995296000016, -35.009627708999972 ], [ 150.579017196000109, -35.009628145999955 ], [ 150.579017462000024, -35.009619136999959 ], [ 150.579039362000117, -35.009619573999942 ], [ 150.579039097000077, -35.009628582999937 ], [ 150.57905004700001, -35.009628801999952 ], [ 150.579049781000094, -35.009637810999948 ], [ 150.579038831000048, -35.009637592999979 ], [ 150.579038565000019, -35.009646601999975 ], [ 150.579027615000086, -35.00964638399995 ], [ 150.579026553000062, -35.00968242099998 ], [ 150.579015603000016, -35.009682202999954 ], [ 150.579015337000101, -35.00969121199995 ], [ 150.579004387000055, -35.009690992999936 ], [ 150.57900359000007, -35.009718020999969 ], [ 150.579014540000117, -35.009718239999984 ], [ 150.579014275000077, -35.00972724899998 ], [ 150.579047125000102, -35.009727904999977 ], [ 150.579046859000073, -35.009736913999973 ], [ 150.579057810000108, -35.009737132999931 ], [ 150.57905727800005, -35.009755150999979 ], [ 150.579068229000086, -35.009755369999937 ], [ 150.579066635000117, -35.009809425999947 ], [ 150.57907758500005, -35.009809644999962 ], [ 150.579077054000095, -35.009827662999953 ], [ 150.579098954000074, -35.009828099999936 ], [ 150.579098423000119, -35.009846118999974 ], [ 150.579087473000072, -35.009845900999949 ], [ 150.579087207000043, -35.009854909999945 ], [ 150.579109108000011, -35.009855346999984 ], [ 150.579109373000051, -35.009846337999932 ], [ 150.579120324000087, -35.009846555999957 ], [ 150.579119527000103, -35.009873583999934 ], [ 150.579130477000035, -35.009873802999948 ], [ 150.57913021100012, -35.009882811999944 ], [ 150.579195913000035, -35.009884122999949 ], [ 150.57919564700012, -35.009893132999935 ], [ 150.57922849800002, -35.009893787999943 ], [ 150.579227701000036, -35.009920815999976 ], [ 150.579238651000082, -35.009921034999934 ], [ 150.579238386000043, -35.00993004399993 ], [ 150.579282187000103, -35.009930917999952 ], [ 150.579282452000029, -35.009921908999956 ], [ 150.579370054000037, -35.009923656999945 ], [ 150.579369788000122, -35.009932665999941 ], [ 150.579380738000054, -35.009932884999955 ], [ 150.579380207000099, -35.009950902999947 ], [ 150.579391158000021, -35.009951121999961 ], [ 150.579390892000106, -35.009960130999957 ], [ 150.57942374300012, -35.009960786999955 ], [ 150.579424008000046, -35.009951776999969 ], [ 150.579434958000093, -35.009951995999984 ], [ 150.579435224000122, -35.009942986999931 ], [ 150.579468075000023, -35.009943641999939 ], [ 150.579467809000107, -35.009952650999935 ], [ 150.579489710000075, -35.009953087999975 ], [ 150.579489444000046, -35.00996209799996 ], [ 150.579500394000092, -35.009962315999928 ], [ 150.579500660000122, -35.009953306999932 ], [ 150.579511610000054, -35.009953524999958 ], [ 150.579511344000025, -35.009962534999943 ], [ 150.579522295000061, -35.009962752999968 ], [ 150.5795225600001, -35.009953743999972 ], [ 150.579555411000115, -35.00995439899998 ], [ 150.579555145000086, -35.009963408999965 ], [ 150.579577046000054, -35.009963845999948 ], [ 150.57957624900007, -35.009990873999982 ], [ 150.579565299000024, -35.009990654999967 ], [ 150.579565033000108, -35.009999664999953 ], [ 150.579543133000016, -35.00999922799997 ], [ 150.5795428670001, -35.010008236999965 ], [ 150.579553818000022, -35.010008454999934 ], [ 150.579553286000078, -35.010026473999972 ], [ 150.579564237000113, -35.010026692999929 ], [ 150.579563971000084, -35.010035701999982 ], [ 150.579596822000099, -35.010036356999933 ], [ 150.579597087000025, -35.010027347999937 ], [ 150.579629938000039, -35.010028003999935 ], [ 150.579629673000113, -35.010037012999931 ], [ 150.579640623000046, -35.010037230999956 ], [ 150.579640092000091, -35.010055249999937 ], [ 150.579651042000023, -35.010055468999951 ], [ 150.579650511000068, -35.010073486999943 ], [ 150.579661461000114, -35.010073705999957 ], [ 150.579660665000119, -35.010100733999934 ], [ 150.579682565000098, -35.010101170999974 ], [ 150.579682299000069, -35.01011017999997 ], [ 150.579715150000084, -35.010110835999967 ], [ 150.579715681000039, -35.010092816999929 ], [ 150.579726632000074, -35.010093034999954 ], [ 150.579726897000114, -35.010084025999959 ], [ 150.579748798000082, -35.010084462999941 ], [ 150.579748266000024, -35.010102481999979 ], [ 150.579737316000092, -35.010102262999965 ], [ 150.579737051000052, -35.01011127299995 ], [ 150.579726100000016, -35.010111053999935 ], [ 150.57972583500009, -35.010120062999931 ], [ 150.579714885000044, -35.010119844999963 ], [ 150.579714619000015, -35.010128853999959 ], [ 150.579725569000061, -35.010129072999973 ], [ 150.579725304000021, -35.010138081999969 ], [ 150.579823856000075, -35.010140047999982 ], [ 150.579823591000036, -35.010149057999968 ], [ 150.579867392000097, -35.010149931999933 ], [ 150.579867126000067, -35.010158940999929 ], [ 150.579856176000021, -35.010158721999971 ], [ 150.579855645000066, -35.010176740999952 ], [ 150.579866595000112, -35.010176959999967 ], [ 150.579866064000043, -35.010194977999959 ], [ 150.57987701400009, -35.010195196999973 ], [ 150.57987674900005, -35.010204205999969 ], [ 150.579887699000096, -35.010204424999984 ], [ 150.579886637000072, -35.010240461999956 ], [ 150.579875687000026, -35.010240243999931 ], [ 150.579875156000071, -35.010258261999979 ], [ 150.579886106000117, -35.010258480999937 ], [ 150.579885840000088, -35.010267489999933 ], [ 150.57989679100001, -35.010267708999947 ], [ 150.579896525000095, -35.010276717999943 ], [ 150.579918426000063, -35.010277154999983 ], [ 150.579917895000108, -35.010295173999964 ], [ 150.57992884500004, -35.010295391999932 ], [ 150.579928579000011, -35.010304400999985 ], [ 150.579972380000072, -35.010305274999951 ], [ 150.579972115000032, -35.010314284999936 ], [ 150.579983065000079, -35.010314502999961 ], [ 150.579982800000039, -35.010323511999957 ], [ 150.5800266010001, -35.010324385999979 ], [ 150.580026335000071, -35.010333394999975 ], [ 150.580015385000024, -35.01033317699995 ], [ 150.580015120000098, -35.010342185999946 ], [ 150.580026070000031, -35.01034240499996 ], [ 150.580025804000115, -35.010351413999956 ], [ 150.580036755000037, -35.010351632999971 ], [ 150.580035958000053, -35.010378660999947 ], [ 150.580046908000099, -35.010378878999973 ], [ 150.58004664300006, -35.010387888999958 ], [ 150.580068543000039, -35.010388324999951 ], [ 150.580068278000113, -35.010397334999936 ], [ 150.58011207900006, -35.010398208999959 ], [ 150.58011181400002, -35.010407217999955 ], [ 150.580133714000112, -35.010407654999938 ], [ 150.580133449000073, -35.010416663999933 ], [ 150.580144399000119, -35.010416882999948 ], [ 150.58014413300009, -35.010425891999944 ], [ 150.580166034000058, -35.010426328999984 ], [ 150.580165769000018, -35.010435337999979 ], [ 150.580198619000043, -35.01043599299993 ], [ 150.580198354000117, -35.010445002999973 ], [ 150.580220255000086, -35.010445439999955 ], [ 150.580219989000057, -35.010454448999951 ], [ 150.580241890000025, -35.010454885999934 ], [ 150.580241624000109, -35.01046389499993 ], [ 150.580252574000042, -35.010464113999944 ], [ 150.580252309000116, -35.01047312299994 ], [ 150.580274210000084, -35.01047355999998 ], [ 150.580273944000055, -35.010482568999976 ], [ 150.580284894000101, -35.010482787999933 ], [ 150.580284629000062, -35.010491796999929 ], [ 150.58030653000003, -35.010492233999969 ], [ 150.580306264000114, -35.010501242999965 ], [ 150.580328165000083, -35.010501679999948 ], [ 150.580327899000054, -35.010510688999943 ], [ 150.580371700000114, -35.010511562999966 ], [ 150.580371435000075, -35.010520571999962 ], [ 150.580426186000068, -35.010521664999942 ], [ 150.580425921000028, -35.010530673999938 ], [ 150.58044782200011, -35.010531110999977 ], [ 150.580447556000081, -35.010540119999973 ], [ 150.580458506000014, -35.010540337999942 ], [ 150.580458241000088, -35.010549347999984 ], [ 150.58046919100002, -35.010549565999952 ], [ 150.580468926000094, -35.010558575999937 ], [ 150.580479876000027, -35.010558793999962 ], [ 150.580479611000101, -35.010567802999958 ], [ 150.58050151100008, -35.010568239999941 ], [ 150.58050124600004, -35.010577249999983 ], [ 150.580523147000122, -35.010577685999976 ], [ 150.580522881000093, -35.010586695999962 ], [ 150.580511931000046, -35.010586476999947 ], [ 150.580510603000107, -35.010631523999962 ], [ 150.580521554000029, -35.010631742999976 ], [ 150.580521288000114, -35.010640751999972 ] ] ] ] } },
{ "type": "Feature", "properties": { "OBJECTID": 1683, "gridcode": 5, "Shape_Length": 3.9931162177868778e-05, "Shape_Area": 9.8710933312561571e-11 }, "geometry": { "type": "MultiPolygon", "coordinates": [ [ [ [ 150.581221579000044, -35.010672745999955 ], [ 150.581221844000083, -35.010663736999959 ], [ 150.581210894000037, -35.010663518999934 ], [ 150.581210628000122, -35.01067252799993 ], [ 150.581221579000044, -35.010672745999955 ] ] ] ] } },
{ "type": "Feature", "properties": { "OBJECTID": 1686, "gridcode": 5, "Shape_Length": 0.00011979654522678237, "Shape_Area": 5.9229803685941542e-10 }, "geometry": { "type": "MultiPolygon", "coordinates": [ [ [ [ 150.580553608000059, -35.010659425999961 ], [ 150.580575509000028, -35.010659862999944 ], [ 150.580575775000057, -35.010650852999959 ], [ 150.580586725000103, -35.010651071999973 ], [ 150.580587256000058, -35.010633052999935 ], [ 150.580576305000022, -35.010632834999967 ], [ 150.580576040000096, -35.010641843999963 ], [ 150.580554139000014, -35.01064140699998 ], [ 150.580553608000059, -35.010659425999961 ] ] ] ] } },
{ "type": "Feature", "properties": { "OBJECTID": 1705, "gridcode": 5, "Shape_Length": 0.00022931827408184641, "Shape_Area": 1.0858478652117698e-09 }, "geometry": { "type": "MultiPolygon", "coordinates": [ [ [ [ 150.580607564000047, -35.010687545999929 ], [ 150.580662315000041, -35.010688637999976 ], [ 150.58066258100007, -35.010679628999981 ], [ 150.580629730000055, -35.010678972999983 ], [ 150.580629995000095, -35.010669963999931 ], [ 150.58059714400008, -35.010669308999979 ], [ 150.580597410000109, -35.010660298999937 ], [ 150.580575509000028, -35.010659862999944 ], [ 150.580575244000102, -35.01066887199994 ], [ 150.580586194000034, -35.010669089999965 ], [ 150.580585929000108, -35.01067809999995 ], [ 150.580607829000087, -35.010678536999933 ], [ 150.580607564000047, -35.010687545999929 ] ] ] ] } },
{ "type": "Feature", "properties": { "OBJECTID": 1708, "gridcode": 5, "Shape_Length": 0.00023183401682782566, "Shape_Area": 1.0858564114379287e-09 }, "geometry": { "type": "MultiPolygon", "coordinates": [ [ [ [ 150.581089644000031, -35.010688144999961 ], [ 150.581089378000115, -35.010697153999956 ], [ 150.581100329000037, -35.010697372999971 ], [ 150.581100860000106, -35.010679353999933 ], [ 150.58108990900007, -35.010679135999965 ], [ 150.581090440000025, -35.010661116999984 ], [ 150.581079490000093, -35.010660898999959 ], [ 150.581080020000059, -35.010642879999978 ], [ 150.581069070000012, -35.010642660999963 ], [ 150.581069601000081, -35.010624642999971 ], [ 150.581058651000035, -35.010624423999957 ], [ 150.581057854000051, -35.010651451999934 ], [ 150.581068805000086, -35.010651670999948 ], [ 150.581068274000017, -35.010669689999929 ], [ 150.581079224000064, -35.010669907999954 ], [ 150.581078693000109, -35.010687926999935 ], [ 150.581089644000031, -35.010688144999961 ] ] ] ] } },
{ "type": "Feature", "properties": { "OBJECTID": 1710, "gridcode": 5, "Shape_Length": 5.7957063609821187e-05, "Shape_Area": 1.974188169658921e-10 }, "geometry": { "type": "MultiPolygon", "coordinates": [ [ [ [ 150.578121842000087, -35.010637944999928 ], [ 150.578121310000029, -35.010655963999966 ], [ 150.578132260000075, -35.010656181999934 ], [ 150.578132792000019, -35.010638163999943 ], [ 150.578121842000087, -35.010637944999928 ] ] ] ] } },
{ "type": "Feature", "properties": { "OBJECTID": 1720, "gridcode": 5, "Shape_Length": 9.7886157907021542e-05, "Shape_Area": 3.9484594134100328e-10 }, "geometry": { "type": "MultiPolygon", "coordinates": [ [ [ [ 150.581110748000015, -35.010715609999977 ], [ 150.581110483000089, -35.010724618999973 ], [ 150.581121433000021, -35.010724836999941 ], [ 150.58112196400009, -35.01070681899995 ], [ 150.581111014000044, -35.010706599999935 ], [ 150.581111279000083, -35.010697590999939 ], [ 150.581100329000037, -35.010697372999971 ], [ 150.581099798000082, -35.010715390999962 ], [ 150.581110748000015, -35.010715609999977 ] ] ] ] } },
{ "type": "Feature", "properties": { "OBJECTID": 1727, "gridcode": 5, "Shape_Length": 7.9866353437792946e-05, "Shape_Area": 2.9615962848674632e-10 }, "geometry": { "type": "MultiPolygon", "coordinates": [ [ [ [ 150.581121433000021, -35.010724836999941 ], [ 150.581120902000066, -35.010742855999979 ], [ 150.581131853000102, -35.010743074999937 ], [ 150.581132118000028, -35.010734064999951 ], [ 150.581143069000063, -35.010734283999966 ], [ 150.581143334000103, -35.010725273999981 ], [ 150.581121433000021, -35.010724836999941 ] ] ] ] } },
{ "type": "Feature", "properties": { "OBJECTID": 1741, "gridcode": 5, "Shape_Length": 5.7957004695799252e-05, "Shape_Area": 1.9741859918389846e-10 }, "geometry": { "type": "MultiPolygon", "coordinates": [ [ [ [ 150.581197555000017, -35.010744384999953 ], [ 150.581197024000062, -35.010762402999944 ], [ 150.581207974000108, -35.010762621999959 ], [ 150.581208505000063, -35.010744602999978 ], [ 150.581197555000017, -35.010744384999953 ] ] ] ] } },
{ "type": "Feature", "properties": { "OBJECTID": 1755, "gridcode": 5, "Shape_Length": 0.00044312350904739611, "Shape_Area": 3.2575757211224041e-09 }, "geometry": { "type": "MultiPolygon", "coordinates": [ [ [ [ 150.58079159600004, -35.010763332999943 ], [ 150.580791331000114, -35.010772342999928 ], [ 150.580802281000047, -35.010772560999953 ], [ 150.580803343000071, -35.010736523999981 ], [ 150.580792392000035, -35.010736304999966 ], [ 150.580792658000064, -35.01072729599997 ], [ 150.580781707000028, -35.010727077999945 ], [ 150.580781973000057, -35.01071806799996 ], [ 150.580749122000043, -35.010717412999952 ], [ 150.580749387000083, -35.010708403999956 ], [ 150.580727487000104, -35.010707966999973 ], [ 150.58072775200003, -35.010698957999978 ], [ 150.580716802000097, -35.010698738999963 ], [ 150.580717067000023, -35.010689729999967 ], [ 150.580706117000091, -35.010689510999953 ], [ 150.580705851000062, -35.010698520999938 ], [ 150.580694901000015, -35.01069830199998 ], [ 150.580695166000055, -35.010689292999984 ], [ 150.580673266000076, -35.010688855999945 ], [ 150.580673, -35.01069786599993 ], [ 150.580683951000083, -35.010698083999955 ], [ 150.580683685000054, -35.010707092999951 ], [ 150.5806946350001, -35.010707311999965 ], [ 150.58069437000006, -35.010716320999961 ], [ 150.580705320000106, -35.010716539999976 ], [ 150.580705055000067, -35.010725548999972 ], [ 150.580726956000035, -35.010725985999954 ], [ 150.58072669000012, -35.01073499499995 ], [ 150.580770492000056, -35.010735868999973 ], [ 150.580770226000027, -35.010744877999969 ], [ 150.580781176000073, -35.010745095999937 ], [ 150.580780646000107, -35.010763114999975 ], [ 150.58079159600004, -35.010763332999943 ] ] ] ] } },
{ "type": "Feature", "properties": { "OBJECTID": 1764, "gridcode": 5, "Shape_Length": 8.3741880988550391e-05, "Shape_Area": 2.9613306589463253e-10 }, "geometry": { "type": "MultiPolygon", "coordinates": [ [ [ [ 150.580834601000106, -35.010791234999942 ], [ 150.58086745200012, -35.01079188999995 ], [ 150.580867718000036, -35.010782880999955 ], [ 150.580834866000032, -35.010782225999947 ], [ 150.580834601000106, -35.010791234999942 ] ] ] ] } },
{ "type": "Feature", "properties": { "OBJECTID": 1775, "gridcode": 5, "Shape_Length": 3.9931152609105014e-05, "Shape_Area": 9.8711928130262324e-11 }, "geometry": { "type": "MultiPolygon", "coordinates": [ [ [ [ 150.580965209000055, -35.010820883999941 ], [ 150.580965474000095, -35.010811873999955 ], [ 150.580954524000049, -35.01081165599993 ], [ 150.580954259, -35.010820664999983 ], [ 150.580965209000055, -35.010820883999941 ] ] ] ] } },
{ "type": "Feature", "properties": { "OBJECTID": 1777, "gridcode": 5, "Shape_Length": 0.00020353735656350076, "Shape_Area": 1.0858623506856102e-09 }, "geometry": { "type": "MultiPolygon", "coordinates": [ [ [ [ 150.580899507000026, -35.010819572999935 ], [ 150.580943308000087, -35.010820446999958 ], [ 150.580943574000116, -35.010811436999973 ], [ 150.580932623000081, -35.010811218999947 ], [ 150.580933154000036, -35.010793199999966 ], [ 150.580922204000103, -35.010792981999941 ], [ 150.580921938000074, -35.010801990999937 ], [ 150.580900038000095, -35.010801554999944 ], [ 150.580900303000021, -35.010792544999958 ], [ 150.580878402000053, -35.010792107999976 ], [ 150.580878137000013, -35.010801117999961 ], [ 150.58088908700006, -35.010801335999929 ], [ 150.58088882200002, -35.010810345999971 ], [ 150.580899772000066, -35.010810563999939 ], [ 150.580899507000026, -35.010819572999935 ] ] ] ] } },
{ "type": "Feature", "properties": { "OBJECTID": 1802, "gridcode": 5, "Shape_Length": 9.4010649245393344e-05, "Shape_Area": 3.9484267189628075e-10 }, "geometry": { "type": "MultiPolygon", "coordinates": [ [ [ [ 150.580964944000016, -35.010829892999936 ], [ 150.580963882000106, -35.010865929999966 ], [ 150.580974832000038, -35.01086614899998 ], [ 150.580975894000062, -35.010830110999962 ], [ 150.580964944000016, -35.010829892999936 ] ] ] ] } },
{ "type": "Feature", "properties": { "OBJECTID": 1836, "gridcode": 5, "Shape_Length": 0.00034523928029665964, "Shape_Area": 1.9742444124963054e-09 }, "geometry": { "type": "MultiPolygon", "coordinates": [ [ [ [ 150.581038411000122, -35.010939533999931 ], [ 150.581071262000023, -35.010940188999939 ], [ 150.581071528000052, -35.010931179999943 ], [ 150.581060577000017, -35.010930960999929 ], [ 150.581060843000046, -35.010921951999933 ], [ 150.581027992000031, -35.010921296999982 ], [ 150.581028257000071, -35.01091228699994 ], [ 150.581006356000103, -35.010911850999946 ], [ 150.581006622000018, -35.010902840999961 ], [ 150.58098472100005, -35.010902404999968 ], [ 150.58098498600009, -35.010893394999982 ], [ 150.580974036000043, -35.010893176999957 ], [ 150.580974567000112, -35.010875157999976 ], [ 150.580963617000066, -35.010874939999951 ], [ 150.580962820000082, -35.010901967999985 ], [ 150.580973771000117, -35.010902185999953 ], [ 150.580973240000048, -35.010920204999934 ], [ 150.581006091000063, -35.010920859999942 ], [ 150.581005826000023, -35.010929868999938 ], [ 150.581038677000038, -35.010930523999946 ], [ 150.581038411000122, -35.010939533999931 ] ] ] ] } },
{ "type": "Feature", "properties": { "OBJECTID": 1837, "gridcode": 5, "Shape_Length": 3.9932181681907748e-05, "Shape_Area": 9.8716541253235563e-11 }, "geometry": { "type": "MultiPolygon", "coordinates": [ [ [ [ 150.58108194700003, -35.010949416999949 ], [ 150.581082213000059, -35.010940406999964 ], [ 150.581071262000023, -35.010940188999939 ], [ 150.581070997000097, -35.010949197999935 ], [ 150.58108194700003, -35.010949416999949 ] ] ] ] } },
{ "type": "Feature", "properties": { "OBJECTID": 1945, "gridcode": 5, "Shape_Length": 0.0002859143755645666, "Shape_Area": 2.5665685660934363e-09 }, "geometry": { "type": "MultiPolygon", "coordinates": [ [ [ [ 150.581023480000113, -35.01107445599996 ], [ 150.581022418000089, -35.011110492999933 ], [ 150.581033369000011, -35.011110711999947 ], [ 150.581034430000045, -35.011074673999929 ], [ 150.581045381000081, -35.011074892999943 ], [ 150.581045911000047, -35.011056873999962 ], [ 150.581056862000082, -35.01105709199993 ], [ 150.581057658000077, -35.011030063999954 ], [ 150.581046708000031, -35.011029845999929 ], [ 150.58104723800011, -35.011011826999948 ], [ 150.581025338000018, -35.011011389999965 ], [ 150.581024807000063, -35.011029408999946 ], [ 150.581013857000016, -35.011029190999977 ], [ 150.581012529000077, -35.011074237999935 ], [ 150.581023480000113, -35.01107445599996 ] ] ] ] } },
{ "type": "Feature", "properties": { "OBJECTID": 1946, "gridcode": 5, "Shape_Length": 3.9931162177868778e-05, "Shape_Area": 9.8710933312561571e-11 }, "geometry": { "type": "MultiPolygon", "coordinates": [ [ [ [ 150.581044054000017, -35.011119938999968 ], [ 150.581044319000057, -35.011110929999973 ], [ 150.581033369000011, -35.011110711999947 ], [ 150.581033103000095, -35.011119720999943 ], [ 150.581044054000017, -35.011119938999968 ] ] ] ] } },
{ "type": "Feature", "properties": { "OBJECTID": 1993, "gridcode": 5, "Shape_Length": 9.4011619536007638e-05, "Shape_Area": 3.9486058086548116e-10 }, "geometry": { "type": "MultiPolygon", "coordinates": [ [ [ [ 150.581043788000102, -35.011128948999954 ], [ 150.581042727000067, -35.011164985999983 ], [ 150.581053677000114, -35.011165204999941 ], [ 150.581054739000024, -35.011129166999979 ], [ 150.581043788000102, -35.011128948999954 ] ] ] ] } },
{ "type": "Feature", "properties": { "OBJECTID": 2042, "gridcode": 5, "Shape_Length": 3.9931152436416213e-05, "Shape_Area": 9.8711927302025299e-11 }, "geometry": { "type": "MultiPolygon", "coordinates": [ [ [ [ 150.581040338000093, -35.01124607099996 ], [ 150.581040603000019, -35.011237060999974 ], [ 150.581029653000087, -35.011236842999949 ], [ 150.581029388000047, -35.011245851999945 ], [ 150.581040338000093, -35.01124607099996 ] ] ] ] } },
{ "type": "Feature", "properties": { "OBJECTID": 2100, "gridcode": 5, "Shape_Length": 3.993116217560598e-05, "Shape_Area": 9.8710933297469648e-11 }, "geometry": { "type": "MultiPolygon", "coordinates": [ [ [ [ 150.581092171000023, -35.011346264999929 ], [ 150.581092436000063, -35.011337255999933 ], [ 150.581081486000016, -35.011337037999965 ], [ 150.581081220000101, -35.011346046999961 ], [ 150.581092171000023, -35.011346264999929 ] ] ] ] } },
{ "type": "Feature", "properties": { "OBJECTID": 2116, "gridcode": 5, "Shape_Length": 3.993218168335343e-05, "Shape_Area": 9.8716541253235563e-11 }, "geometry": { "type": "MultiPolygon", "coordinates": [ [ [ [ 150.581068943000105, -35.01139087599995 ], [ 150.581069208000031, -35.011381865999965 ], [ 150.581058258000098, -35.01138164799994 ], [ 150.581057992000069, -35.011390656999936 ], [ 150.581068943000105, -35.01139087599995 ] ] ] ] } },
{ "type": "Feature", "properties": { "OBJECTID": 2136, "gridcode": 5, "Shape_Length": 3.9932181683340664e-05, "Shape_Area": 9.8716541253235563e-11 }, "geometry": { "type": "MultiPolygon", "coordinates": [ [ [ [ 150.581056931000035, -35.011426694999955 ], [ 150.581057196000074, -35.011417684999969 ], [ 150.581046246000028, -35.011417466999944 ], [ 150.581045980000113, -35.01142647599994 ], [ 150.581056931000035, -35.011426694999955 ] ] ] ] } },
{ "type": "Feature", "properties": { "OBJECTID": 2151, "gridcode": 5, "Shape_Length": 3.9932181739040832e-05, "Shape_Area": 9.8716541556921535e-11 }, "geometry": { "type": "MultiPolygon", "coordinates": [ [ [ [ 150.581000852000102, -35.011470649999978 ], [ 150.581001117000028, -35.011461639999936 ], [ 150.580990167000095, -35.011461421999968 ], [ 150.580989901000066, -35.011470430999964 ], [ 150.581000852000102, -35.011470649999978 ] ] ] ] } },
{ "type": "Feature", "properties": { "OBJECTID": 2152, "gridcode": 5, "Shape_Length": 3.993218168335343e-05, "Shape_Area": 9.8716541253235563e-11 }, "geometry": { "type": "MultiPolygon", "coordinates": [ [ [ [ 150.581044653000049, -35.011471522999955 ], [ 150.581044919000078, -35.011462513999959 ], [ 150.581033968000042, -35.011462294999944 ], [ 150.581033703000116, -35.01147130499993 ], [ 150.581044653000049, -35.011471522999955 ] ] ] ] } },
{ "type": "Feature", "properties": { "OBJECTID": 2222, "gridcode": 5, "Shape_Length": 3.9932181800360027e-05, "Shape_Area": 9.8716541777786643e-11 }, "geometry": { "type": "MultiPolygon", "coordinates": [ [ [ [ 150.581007025000076, -35.011633036999967 ], [ 150.581007290000116, -35.011624026999982 ], [ 150.58099634000007, -35.011623808999957 ], [ 150.580996074000041, -35.011632817999953 ], [ 150.581007025000076, -35.011633036999967 ] ] ] ] } },
{ "type": "Feature", "properties": { "OBJECTID": 2249, "gridcode": 5, "Shape_Length": 9.7893195057316469e-05, "Shape_Area": 3.9486978661607101e-10 }, "geometry": { "type": "MultiPolygon", "coordinates": [ [ [ [ 150.578192494000064, -35.01158589399995 ], [ 150.578191697000079, -35.011612921999983 ], [ 150.578202648000115, -35.011613139999952 ], [ 150.578202913000041, -35.011604130999956 ], [ 150.578213864000077, -35.011604349999971 ], [ 150.578214130000106, -35.011595339999928 ], [ 150.57820317900007, -35.01159512199996 ], [ 150.578203445000099, -35.011586111999975 ], [ 150.578192494000064, -35.01158589399995 ] ] ] ] } },
{ "type": "Feature", "properties": { "OBJECTID": 2271, "gridcode": 5, "Shape_Length": 6.1836521294635099e-05, "Shape_Area": 1.9742844501562646e-10 }, "geometry": { "type": "MultiPolygon", "coordinates": [ [ [ [ 150.58094988400012, -35.011713028999964 ], [ 150.580971784000099, -35.011713465999946 ], [ 150.580972050000014, -35.011704455999961 ], [ 150.580950149000046, -35.011704019999968 ], [ 150.58094988400012, -35.011713028999964 ] ] ] ] } },
{ "type": "Feature", "properties": { "OBJECTID": 2291, "gridcode": 5, "Shape_Length": 3.9932181856047429e-05, "Shape_Area": 9.8716542081472602e-11 }, "geometry": { "type": "MultiPolygon", "coordinates": [ [ [ [ 150.580934421000052, -35.011865969999974 ], [ 150.580934686000091, -35.011856959999932 ], [ 150.580923736000045, -35.011856741999964 ], [ 150.580923470000016, -35.011865750999959 ], [ 150.580934421000052, -35.011865969999974 ] ] ] ] } },
{ "type": "Feature", "properties": { "OBJECTID": 2341, "gridcode": 5, "Shape_Length": 3.9932181856047429e-05, "Shape_Area": 9.8716542081472602e-11 }, "geometry": { "type": "MultiPolygon", "coordinates": [ [ [ [ 150.578954303000046, -35.012132964999978 ], [ 150.578954568000086, -35.012123954999936 ], [ 150.578943618000039, -35.012123736999968 ], [ 150.57894335200001, -35.012132745999963 ], [ 150.578954303000046, -35.012132964999978 ] ] ] ] } },
{ "type": "Feature", "properties": { "OBJECTID": 2344, "gridcode": 5, "Shape_Length": 3.993218168335343e-05, "Shape_Area": 9.8716541253235563e-11 }, "geometry": { "type": "MultiPolygon", "coordinates": [ [ [ [ 150.578943087000084, -35.012141755999949 ], [ 150.57894335200001, -35.012132745999963 ], [ 150.578932402000078, -35.012132527999938 ], [ 150.578932136000049, -35.012141536999934 ], [ 150.578943087000084, -35.012141755999949 ] ] ] ] } },
{ "type": "Feature", "properties": { "OBJECTID": 2347, "gridcode": 5, "Shape_Length": 3.9933210984514648e-05, "Shape_Area": 9.8721155508131813e-11 }, "geometry": { "type": "MultiPolygon", "coordinates": [ [ [ [ 150.578964722000023, -35.012151201999984 ], [ 150.578964988000052, -35.012142192999931 ], [ 150.578954037000017, -35.012141973999974 ], [ 150.578953771000101, -35.012150983999959 ], [ 150.578964722000023, -35.012151201999984 ] ] ] ] } },
{ "type": "Feature", "properties": { "OBJECTID": 2461, "gridcode": 5, "Shape_Length": 3.9932181798914508e-05, "Shape_Area": 9.8716541777786643e-11 }, "geometry": { "type": "MultiPolygon", "coordinates": [ [ [ [ 150.578244170000062, -35.012434302999964 ], [ 150.578244436000091, -35.012425292999978 ], [ 150.578233485000055, -35.012425074999953 ], [ 150.578233220000016, -35.012434083999949 ], [ 150.578244170000062, -35.012434302999964 ] ] ] ] } },
{ "type": "Feature", "properties": { "OBJECTID": 2465, "gridcode": 5, "Shape_Length": 0.00053462968971227807, "Shape_Area": 6.4165169762738217e-09 }, "geometry": { "type": "MultiPolygon", "coordinates": [ [ [ [ 150.578255121000097, -35.012434520999932 ], [ 150.578277022000066, -35.012434957999972 ], [ 150.578277287000105, -35.012425948999976 ], [ 150.578288238000027, -35.012426167999934 ], [ 150.578288504000056, -35.012417157999948 ], [ 150.578310405000025, -35.012417595999977 ], [ 150.578310139000109, -35.012426604999973 ], [ 150.578342991000113, -35.012427260999971 ], [ 150.578343256000039, -35.012418250999929 ], [ 150.578365158000111, -35.012418688999958 ], [ 150.578365423000037, -35.012409678999973 ], [ 150.578376374000072, -35.01240989799993 ], [ 150.578376640000101, -35.012400888999935 ], [ 150.578387590000034, -35.01240110699996 ], [ 150.578387856000063, -35.012392097999964 ], [ 150.578398806000109, -35.012392315999932 ], [ 150.57839854100007, -35.012401325999974 ], [ 150.578409491000116, -35.012401543999943 ], [ 150.578409757000031, -35.012392534999947 ], [ 150.578431658000113, -35.01239297199993 ], [ 150.578431924000029, -35.012383962999934 ], [ 150.578442874000075, -35.012384180999959 ], [ 150.578443140000104, -35.012375171999963 ], [ 150.578322684000113, -35.012372766999931 ], [ 150.578322418000084, -35.012381776999973 ], [ 150.57828956700007, -35.012381120999976 ], [ 150.578289301000041, -35.012390129999972 ], [ 150.578267400000072, -35.012389692999932 ], [ 150.578267134000043, -35.012398701999984 ], [ 150.578256184000111, -35.012398483999959 ], [ 150.578255121000097, -35.012434520999932 ] ] ] ] } },
{ "type": "Feature", "properties": { "OBJECTID": 2468, "gridcode": 5, "Shape_Length": 3.9932181679627319e-05, "Shape_Area": 9.871654123814364e-11 }, "geometry": { "type": "MultiPolygon", "coordinates": [ [ [ [ 150.578199571000027, -35.012460455999928 ], [ 150.578199836000067, -35.012451446999933 ], [ 150.578188886000021, -35.012451227999975 ], [ 150.578188620000105, -35.01246023799996 ], [ 150.578199571000027, -35.012460455999928 ] ] ] ] } },
{ "type": "Feature", "properties": { "OBJECTID": 2469, "gridcode": 5, "Shape_Length": 0.00011979859410460529, "Shape_Area": 4.9359231029386884e-10 }, "geometry": { "type": "MultiPolygon", "coordinates": [ [ [ [ 150.578199836000067, -35.012451446999933 ], [ 150.578221738000025, -35.012451883999972 ], [ 150.578222003000064, -35.012442874999977 ], [ 150.5782329540001, -35.012443092999945 ], [ 150.578233220000016, -35.012434083999949 ], [ 150.578222269000094, -35.012433864999934 ], [ 150.578222535, -35.012424855999939 ], [ 150.578211584000087, -35.012424636999981 ], [ 150.578211053000018, -35.012442655999962 ], [ 150.578200102000096, -35.012442436999947 ], [ 150.578199836000067, -35.012451446999933 ] ] ] ] } },
{ "type": "Feature", "properties": { "OBJECTID": 2474, "gridcode": 5, "Shape_Length": 3.9930231861308994e-05, "Shape_Area": 9.8706804380770705e-11 }, "geometry": { "type": "MultiPolygon", "coordinates": [ [ [ [ 150.578188354000076, -35.012469246999956 ], [ 150.578188620000105, -35.01246023799996 ], [ 150.578177670000059, -35.012460018999946 ], [ 150.57817740400003, -35.012469027999941 ], [ 150.578188354000076, -35.012469246999956 ] ] ] ] } },
{ "type": "Feature", "properties": { "OBJECTID": 2489, "gridcode": 5, "Shape_Length": 3.9932181681907742e-05, "Shape_Area": 9.8716541253235563e-11 }, "geometry": { "type": "MultiPolygon", "coordinates": [ [ [ [ 150.57801208300009, -35.012501785999973 ], [ 150.578012348000016, -35.012492776999977 ], [ 150.578001398000083, -35.012492557999963 ], [ 150.578001132000054, -35.012501567999948 ], [ 150.57801208300009, -35.012501785999973 ] ] ] ] } },
{ "type": "Feature", "properties": { "OBJECTID": 2501, "gridcode": 5, "Shape_Length": 0.00021768877910232278, "Shape_Area": 1.480736150987346e-09 }, "geometry": { "type": "MultiPolygon", "coordinates": [ [ [ [ 150.578142426000113, -35.012540446999935 ], [ 150.578142161000073, -35.012549455999931 ], [ 150.57815311100012, -35.012549674999946 ], [ 150.578153377000035, -35.01254066599995 ], [ 150.578164328000071, -35.012540883999975 ], [ 150.578165125000055, -35.012513855999941 ], [ 150.578154174000019, -35.012513637999973 ], [ 150.578154440000048, -35.012504627999931 ], [ 150.578143489000013, -35.012504409999963 ], [ 150.578143755000042, -35.012495399999978 ], [ 150.578132805000109, -35.012495181999952 ], [ 150.57813253900008, -35.012504190999948 ], [ 150.578121588000045, -35.012503971999934 ], [ 150.578121323000119, -35.012512981999976 ], [ 150.578132273000051, -35.012513199999944 ], [ 150.578132007000022, -35.012522209999929 ], [ 150.578121057000089, -35.012521990999971 ], [ 150.57812079100006, -35.012531000999957 ], [ 150.578131742000096, -35.012531218999982 ], [ 150.578131476000067, -35.012540228999967 ], [ 150.578142426000113, -35.012540446999935 ] ] ] ] } },
{ "type": "Feature", "properties": { "OBJECTID": 2548, "gridcode": 5, "Shape_Length": 3.9932181627273398e-05, "Shape_Area": 9.8716541057211039e-11 }, "geometry": { "type": "MultiPolygon", "coordinates": [ [ [ [ 150.580690193, -35.012717491999979 ], [ 150.580690459000039, -35.012708481999937 ], [ 150.580679508000117, -35.012708263999968 ], [ 150.580679243000077, -35.012717272999964 ], [ 150.580690193, -35.012717491999979 ] ] ] ] } },
{ "type": "Feature", "properties": { "OBJECTID": 2559, "gridcode": 5, "Shape_Length": 7.5984846549527496e-05, "Shape_Area": 2.9614454557805114e-10 }, "geometry": { "type": "MultiPolygon", "coordinates": [ [ [ [ 150.580570268000088, -35.012697069999945 ], [ 150.580569471000103, -35.012724097999978 ], [ 150.580580422000025, -35.012724316999936 ], [ 150.58058121800002, -35.012697288999959 ], [ 150.580570268000088, -35.012697069999945 ] ] ] ] } },
{ "type": "Feature", "properties": { "OBJECTID": 2578, "gridcode": 5, "Shape_Length": 3.993116217560598e-05, "Shape_Area": 9.8710933297469648e-11 }, "geometry": { "type": "MultiPolygon", "coordinates": [ [ [ [ 150.580600996000044, -35.012769799999944 ], [ 150.580601261000083, -35.012760790999948 ], [ 150.580590311000037, -35.01276057299998 ], [ 150.580590045000122, -35.012769581999976 ], [ 150.580600996000044, -35.012769799999944 ] ] ] ] } },
{ "type": "Feature", "properties": { "OBJECTID": 2620, "gridcode": 5, "Shape_Length": 5.7959004332317523e-05, "Shape_Area": 1.9743661778948609e-10 }, "geometry": { "type": "MultiPolygon", "coordinates": [ [ [ [ 150.580610619000026, -35.012815065999973 ], [ 150.580610088000071, -35.012833083999965 ], [ 150.580621039000107, -35.012833302999979 ], [ 150.580621570000062, -35.012815283999942 ], [ 150.580610619000026, -35.012815065999973 ] ] ] ] } },
{ "type": "Feature", "properties": { "OBJECTID": 2629, "gridcode": 5, "Shape_Length": 5.795798424649381e-05, "Shape_Area": 1.9742380791310757e-10 }, "geometry": { "type": "MultiPolygon", "coordinates": [ [ [ [ 150.580577502000097, -35.012823419999961 ], [ 150.580576971000028, -35.012841438999942 ], [ 150.580587921000074, -35.012841656999967 ], [ 150.580588452000029, -35.012823637999929 ], [ 150.580577502000097, -35.012823419999961 ] ] ] ] } },
{ "type": "Feature", "properties": { "OBJECTID": 2630, "gridcode": 5, "Shape_Length": 3.9932181798092039e-05, "Shape_Area": 9.8716541762694707e-11 }, "geometry": { "type": "MultiPolygon", "coordinates": [ [ [ [ 150.580631458000084, -35.012851539999929 ], [ 150.580631724000114, -35.012842530999933 ], [ 150.580620773000078, -35.012842311999975 ], [ 150.580620508000038, -35.01285132199996 ], [ 150.580631458000084, -35.012851539999929 ] ] ] ] } },
{ "type": "Feature", "properties": { "OBJECTID": 2647, "gridcode": 5, "Shape_Length": 3.9933210984519839e-05, "Shape_Area": 9.8721155508131813e-11 }, "geometry": { "type": "MultiPolygon", "coordinates": [ [ [ [ 150.580641347000096, -35.012887795999973 ], [ 150.580641613000012, -35.012878785999931 ], [ 150.58063066200009, -35.012878567999962 ], [ 150.580630396000061, -35.012887576999958 ], [ 150.580641347000096, -35.012887795999973 ] ] ] ] } },
{ "type": "Feature", "properties": { "OBJECTID": 2652, "gridcode": 5, "Shape_Length": 3.9931162065296914e-05, "Shape_Area": 9.8710932797759151e-11 }, "geometry": { "type": "MultiPolygon", "coordinates": [ [ [ [ 150.580564427000013, -35.012895275999938 ], [ 150.580564693000042, -35.012886266999942 ], [ 150.58055374200012, -35.012886048999974 ], [ 150.58055347700008, -35.01289505799997 ], [ 150.580564427000013, -35.012895275999938 ] ] ] ] } },
{ "type": "Feature", "properties": { "OBJECTID": 2680, "gridcode": 5, "Shape_Length": 3.9932181681907742e-05, "Shape_Area": 9.8716541253235563e-11 }, "geometry": { "type": "MultiPolygon", "coordinates": [ [ [ [ 150.580551884000101, -35.01294911399998 ], [ 150.580552149000027, -35.012940104999984 ], [ 150.580541199000095, -35.01293988599997 ], [ 150.580540933000066, -35.012948895999955 ], [ 150.580551884000101, -35.01294911399998 ] ] ] ] } },
{ "type": "Feature", "properties": { "OBJECTID": 2697, "gridcode": 5, "Shape_Length": 0.00014809106707918803, "Shape_Area": 6.9102985740715578e-10 }, "geometry": { "type": "MultiPolygon", "coordinates": [ [ [ [ 150.580640816000027, -35.012905814999954 ], [ 150.580638958000122, -35.01296887999996 ], [ 150.580649909000044, -35.012969097999928 ], [ 150.580651767000063, -35.012906032999979 ], [ 150.580640816000027, -35.012905814999954 ] ] ] ] } },
{ "type": "Feature", "properties": { "OBJECTID": 2698, "gridcode": 5, "Shape_Length": 3.9931202191108448e-05, "Shape_Area": 9.8711199319190505e-11 }, "geometry": { "type": "MultiPolygon", "coordinates": [ [ [ [ 150.57853590700006, -35.012944946999937 ], [ 150.578536172000099, -35.012935937999941 ], [ 150.578525222000053, -35.012935718999984 ], [ 150.578524956000024, -35.012944727999979 ], [ 150.57853590700006, -35.012944946999937 ] ] ] ] } },
{ "type": "Feature", "properties": { "OBJECTID": 2717, "gridcode": 5, "Shape_Length": 0.00025762309971076635, "Shape_Area": 2.6653329285720377e-09 }, "geometry": { "type": "MultiPolygon", "coordinates": [ [ [ [ 150.578491839000094, -35.012953081999967 ], [ 150.578491573000065, -35.012962090999963 ], [ 150.578502523000111, -35.012962309999978 ], [ 150.57850385200004, -35.012917262999963 ], [ 150.578492901000118, -35.012917043999948 ], [ 150.578493433000062, -35.012899025999957 ], [ 150.578449630000023, -35.012898150999945 ], [ 150.578449365000097, -35.01290716099993 ], [ 150.578438414000061, -35.012906941999972 ], [ 150.578438148000032, -35.012915950999968 ], [ 150.578449099000068, -35.012916169999983 ], [ 150.578448567, -35.012934188999964 ], [ 150.578459518000045, -35.012934406999932 ], [ 150.578459252000016, -35.012943416999974 ], [ 150.578470203000052, -35.012943634999942 ], [ 150.578469937000023, -35.012952644999984 ], [ 150.578491839000094, -35.012953081999967 ] ] ] ] } },
{ "type": "Feature", "properties": { "OBJECTID": 2724, "gridcode": 5, "Shape_Length": 3.9932181798914508e-05, "Shape_Area": 9.8716541777786643e-11 }, "geometry": { "type": "MultiPolygon", "coordinates": [ [ [ [ 150.580539075000047, -35.013011960999961 ], [ 150.580539340000087, -35.013002951999965 ], [ 150.58052839000004, -35.013002732999951 ], [ 150.580528124000011, -35.013011742999936 ], [ 150.580539075000047, -35.013011960999961 ] ] ] ] } },
{ "type": "Feature", "properties": { "OBJECTID": 2725, "gridcode": 5, "Shape_Length": 3.9932181739028052e-05, "Shape_Area": 9.8716541556921535e-11 }, "geometry": { "type": "MultiPolygon", "coordinates": [ [ [ [ 150.580648581000105, -35.013014144999943 ], [ 150.58064884700002, -35.013005135999947 ], [ 150.580637896000098, -35.013004916999932 ], [ 150.580637631000059, -35.013013926999975 ], [ 150.580648581000105, -35.013014144999943 ] ] ] ] } },
{ "type": "Feature", "properties": { "OBJECTID": 2744, "gridcode": 5, "Shape_Length": 3.993218168335343e-05, "Shape_Area": 9.8716541253235563e-11 }, "geometry": { "type": "MultiPolygon", "coordinates": [ [ [ [ 150.580648050000036, -35.013032163999981 ], [ 150.580648316000065, -35.013023154999985 ], [ 150.58063736500003, -35.01302293599997 ], [ 150.580637100000104, -35.013031945999955 ], [ 150.580648050000036, -35.013032163999981 ] ] ] ] } },
{ "type": "Feature", "properties": { "OBJECTID": 2768, "gridcode": 5, "Shape_Length": 7.5984806768054214e-05, "Shape_Area": 2.9614375063524072e-10 }, "geometry": { "type": "MultiPolygon", "coordinates": [ [ [ [ 150.580636834000074, -35.013040954999951 ], [ 150.58063603800008, -35.013067982999985 ], [ 150.580646988000012, -35.013068200999953 ], [ 150.58064778500011, -35.013041172999976 ], [ 150.580636834000074, -35.013040954999951 ] ] ] ] } },
{ "type": "Feature", "properties": { "OBJECTID": 2776, "gridcode": 5, "Shape_Length": 3.9932181854601822e-05, "Shape_Area": 9.8716542081472602e-11 }, "geometry": { "type": "MultiPolygon", "coordinates": [ [ [ [ 150.580526, -35.013083817999984 ], [ 150.580526266000106, -35.013074807999942 ], [ 150.580515315000071, -35.013074589999974 ], [ 150.580515050000031, -35.01308359899997 ], [ 150.580526, -35.013083817999984 ] ] ] ] } },
{ "type": "Feature", "properties": { "OBJECTID": 2783, "gridcode": 5, "Shape_Length": 3.9931162294888358e-05, "Shape_Area": 9.8710933837055808e-11 }, "geometry": { "type": "MultiPolygon", "coordinates": [ [ [ [ 150.580634976000056, -35.013104019999957 ], [ 150.580635241000095, -35.013095010999962 ], [ 150.580624291000049, -35.013094792999937 ], [ 150.58062402500002, -35.013103801999932 ], [ 150.580634976000056, -35.013104019999957 ] ] ] ] } },
{ "type": "Feature", "properties": { "OBJECTID": 2811, "gridcode": 5, "Shape_Length": 0.00013006526408126945, "Shape_Area": 5.9229366091898825e-10 }, "geometry": { "type": "MultiPolygon", "coordinates": [ [ [ [ 150.580623760000094, -35.013112810999928 ], [ 150.580622167000115, -35.013166867999985 ], [ 150.580633118000037, -35.013167085999953 ], [ 150.580634710000027, -35.013113029999943 ], [ 150.580623760000094, -35.013112810999928 ] ] ] ] } },
{ "type": "Feature", "properties": { "OBJECTID": 2814, "gridcode": 5, "Shape_Length": 3.9932181681072676e-05, "Shape_Area": 9.871654123814364e-11 }, "geometry": { "type": "MultiPolygon", "coordinates": [ [ [ [ 150.580512129000113, -35.013182701999938 ], [ 150.580512395000028, -35.013173692999942 ], [ 150.580501444000106, -35.013173473999984 ], [ 150.580501179000066, -35.013182483999969 ], [ 150.580512129000113, -35.013182701999938 ] ] ] ] } },
{ "type": "Feature", "properties": { "OBJECTID": 2816, "gridcode": 5, "Shape_Length": 3.9932181679639753e-05, "Shape_Area": 9.871654123814364e-11 }, "geometry": { "type": "MultiPolygon", "coordinates": [ [ [ [ 150.57859550000012, -35.013153472999932 ], [ 150.578595765000046, -35.013144463999936 ], [ 150.578584815000113, -35.013144244999978 ], [ 150.578584549000084, -35.013153254999963 ], [ 150.57859550000012, -35.013153472999932 ] ] ] ] } },
{ "type": "Feature", "properties": { "OBJECTID": 2825, "gridcode": 5, "Shape_Length": 6.1838520993396767e-05, "Shape_Area": 1.974374549572808e-10 }, "geometry": { "type": "MultiPolygon", "coordinates": [ [ [ [ 150.58047874600004, -35.013200065999968 ], [ 150.580500648000111, -35.013200501999961 ], [ 150.580500913000037, -35.013191492999965 ], [ 150.580479012000069, -35.013191055999982 ], [ 150.58047874600004, -35.013200065999968 ] ] ] ] } },
{ "type": "Feature", "properties": { "OBJECTID": 2829, "gridcode": 5, "Shape_Length": 0.00011591897847433146, "Shape_Area": 4.9359147633645028e-10 }, "geometry": { "type": "MultiPolygon", "coordinates": [ [ [ [ 150.58061095100004, -35.013175657999966 ], [ 150.580609889000016, -35.013211695999985 ], [ 150.580620840000051, -35.013211913999953 ], [ 150.580621636000046, -35.013184885999976 ], [ 150.580632587000082, -35.013185104999934 ], [ 150.580632852000122, -35.013176094999949 ], [ 150.58061095100004, -35.013175657999966 ] ] ] ] } },
{ "type": "Feature", "properties": { "OBJECTID": 2830, "gridcode": 5, "Shape_Length": 0.00018551456376720811, "Shape_Area": 1.0858831984076051e-09 }, "geometry": { "type": "MultiPolygon", "coordinates": [ [ [ [ 150.58040182600007, -35.013207545999933 ], [ 150.580401561000031, -35.013216554999929 ], [ 150.580412512000066, -35.013216773999943 ], [ 150.580412777000106, -35.013207763999958 ], [ 150.58044562900011, -35.013208419999955 ], [ 150.580445895000025, -35.01319940999997 ], [ 150.580434944000103, -35.013199191999945 ], [ 150.580435209000029, -35.013190182999949 ], [ 150.580380456000057, -35.013189089999969 ], [ 150.580380191000017, -35.013198099999954 ], [ 150.580391141000064, -35.013198317999979 ], [ 150.580390876000024, -35.013207327999964 ], [ 150.58040182600007, -35.013207545999933 ] ] ] ] } },
{ "type": "Feature", "properties": { "OBJECTID": 2832, "gridcode": 5, "Shape_Length": 3.9932181679639753e-05, "Shape_Area": 9.871654123814364e-11 }, "geometry": { "type": "MultiPolygon", "coordinates": [ [ [ [ 150.580620309000096, -35.013229932999934 ], [ 150.580620574000022, -35.013220923999938 ], [ 150.58060962400009, -35.013220704999981 ], [ 150.580609358000061, -35.013229714999966 ], [ 150.580620309000096, -35.013229932999934 ] ] ] ] } },
{ "type": "Feature", "properties": { "OBJECTID": 2841, "gridcode": 5, "Shape_Length": 0.00010177065289244754, "Shape_Area": 3.9487115669559259e-10 }, "geometry": { "type": "MultiPolygon", "coordinates": [ [ [ [ 150.580445098000041, -35.013226437999947 ], [ 150.580444833000115, -35.013235447999932 ], [ 150.580455783000048, -35.013235665999957 ], [ 150.580456314000116, -35.013217646999976 ], [ 150.580423462000113, -35.013216991999968 ], [ 150.580423197000073, -35.013226001999953 ], [ 150.580445098000041, -35.013226437999947 ] ] ] ] } },
{ "type": "Feature", "properties": { "OBJECTID": 2848, "gridcode": 5, "Shape_Length": 3.993120219338162e-05, "Shape_Area": 9.8711199334282441e-11 }, "geometry": { "type": "MultiPolygon", "coordinates": [ [ [ [ 150.578484133000075, -35.013214352999967 ], [ 150.578484399000104, -35.013205343999971 ], [ 150.578473448000068, -35.013205124999956 ], [ 150.578473183000028, -35.013214133999952 ], [ 150.578484133000075, -35.013214352999967 ] ] ] ] } },
{ "type": "Feature", "properties": { "OBJECTID": 2849, "gridcode": 5, "Shape_Length": 0.00014170196350566795, "Shape_Area": 1.1845909833450036e-09 }, "geometry": { "type": "MultiPolygon", "coordinates": [ [ [ [ 150.578484399000104, -35.013205343999971 ], [ 150.57852820100004, -35.013206217999937 ], [ 150.578528999000014, -35.01317918999996 ], [ 150.578485196000088, -35.013178315999937 ], [ 150.578484399000104, -35.013205343999971 ] ] ] ] } },
{ "type": "Feature", "properties": { "OBJECTID": 2852, "gridcode": 5, "Shape_Length": 3.9931162177868771e-05, "Shape_Area": 9.8710933312561571e-11 }, "geometry": { "type": "MultiPolygon", "coordinates": [ [ [ [ 150.580652364000116, -35.013257615999976 ], [ 150.580652630000031, -35.01324860699998 ], [ 150.580641679000109, -35.013248388999955 ], [ 150.58064141400007, -35.013257397999951 ], [ 150.580652364000116, -35.013257615999976 ] ] ] ] } },
{ "type": "Feature", "properties": { "OBJECTID": 2858, "gridcode": 5, "Shape_Length": 0.00054102489976792627, "Shape_Area": 1.0266448700389355e-08 }, "geometry": { "type": "MultiPolygon", "coordinates": [ [ [ [ 150.578341775000013, -35.013211510999952 ], [ 150.578341509000097, -35.013220519999948 ], [ 150.578352460000019, -35.013220738999962 ], [ 150.578352725000059, -35.013211729999966 ], [ 150.578374627000017, -35.013212166999949 ], [ 150.578374892000056, -35.013203156999964 ], [ 150.57840774400006, -35.013203812999961 ], [ 150.578408807000073, -35.013167775999932 ], [ 150.578419758000109, -35.013167994999947 ], [ 150.578420024000025, -35.013158984999961 ], [ 150.578430974000071, -35.013159203999976 ], [ 150.578431506000015, -35.013141184999938 ], [ 150.578420555000093, -35.01314096699997 ], [ 150.578420821, -35.013131956999985 ], [ 150.578398919000051, -35.013131519999945 ], [ 150.57839918500008, -35.013122510999949 ], [ 150.578388234000045, -35.013122291999935 ], [ 150.578388500000074, -35.013113282999939 ], [ 150.578377550000027, -35.013113063999981 ], [ 150.578377815000067, -35.013104054999928 ], [ 150.578344963000063, -35.013103398999931 ], [ 150.578344698000024, -35.013112407999984 ], [ 150.578300895000098, -35.013111533999961 ], [ 150.578300629000069, -35.013120542999957 ], [ 150.578289679000022, -35.013120323999942 ], [ 150.578288616, -35.013156361999961 ], [ 150.578299566000055, -35.013156579999929 ], [ 150.578299301000015, -35.013165589999971 ], [ 150.578310251000062, -35.01316580799994 ], [ 150.578309986000022, -35.013174817999982 ], [ 150.578331887000104, -35.013175254999965 ], [ 150.578331356000035, -35.013193273999946 ], [ 150.578342306000081, -35.013193491999971 ], [ 150.578342040000052, -35.013202501999956 ], [ 150.57833109000012, -35.013202282999941 ], [ 150.578330824000091, -35.013211291999937 ], [ 150.578341775000013, -35.013211510999952 ] ] ] ] } },
{ "type": "Feature", "properties": { "OBJECTID": 2860, "gridcode": 5, "Shape_Length": 0.00012367606197615424, "Shape_Area": 5.9231360105116055e-10 }, "geometry": { "type": "MultiPolygon", "coordinates": [ [ [ [ 150.580444036000017, -35.013262475999966 ], [ 150.580487839000057, -35.013263349999932 ], [ 150.580488104000096, -35.013254339999946 ], [ 150.58047715400005, -35.013254121999978 ], [ 150.58047741900009, -35.013245111999936 ], [ 150.580455518000122, -35.013244675999943 ], [ 150.580455252000093, -35.013253684999938 ], [ 150.580444302000046, -35.013253465999981 ], [ 150.580444036000017, -35.013262475999966 ] ] ] ] } },
{ "type": "Feature", "properties": { "OBJECTID": 2895, "gridcode": 5, "Shape_Length": 3.9931202074101682e-05, "Shape_Area": 9.8711198794639438e-11 }, "geometry": { "type": "MultiPolygon", "coordinates": [ [ [ [ 150.578172732000098, -35.013370399999928 ], [ 150.578172997000024, -35.013361390999933 ], [ 150.578162047000092, -35.013361171999975 ], [ 150.578161781000063, -35.013370180999971 ], [ 150.578172732000098, -35.013370399999928 ] ] ] ] } },
{ "type": "Feature", "properties": { "OBJECTID": 2897, "gridcode": 5, "Shape_Length": 3.9933211045851726e-05, "Shape_Area": 9.8721155728996908e-11 }, "geometry": { "type": "MultiPolygon", "coordinates": [ [ [ [ 150.578369578000093, -35.013383343999976 ], [ 150.578369844000122, -35.01337433499998 ], [ 150.578358893000086, -35.013374115999966 ], [ 150.578358627000057, -35.013383125999951 ], [ 150.578369578000093, -35.013383343999976 ] ] ] ] } },
{ "type": "Feature", "properties": { "OBJECTID": 2898, "gridcode": 5, "Shape_Length": 0.0007329247143806932, "Shape_Area": 1.4511244624925455e-08 }, "geometry": { "type": "MultiPolygon", "coordinates": [ [ [ [ 150.578526342000032, -35.013269282999943 ], [ 150.578526076000117, -35.013278292999985 ], [ 150.578515125000081, -35.01327807399997 ], [ 150.57851539100011, -35.013269064999974 ], [ 150.578526342000032, -35.013269282999943 ] ], [ [ 150.578545055000063, -35.013377832999936 ], [ 150.578566956000031, -35.013378269999976 ], [ 150.5785674870001, -35.013360250999938 ], [ 150.578578438000022, -35.013360469999952 ], [ 150.57857923500012, -35.013333441999976 ], [ 150.578590186000042, -35.013333659999944 ], [ 150.578591514000095, -35.013288613999975 ], [ 150.578602465000017, -35.013288831999944 ], [ 150.578602731000046, -35.013279822999948 ], [ 150.578613681000093, -35.013280040999973 ], [ 150.578614213000037, -35.013262022999982 ], [ 150.578603262000115, -35.013261803999967 ], [ 150.578604059000099, -35.013234775999933 ], [ 150.578582158000017, -35.013234338999951 ], [ 150.578582423000057, -35.013225329999955 ], [ 150.578527670000085, -35.013224236999974 ], [ 150.578527404000056, -35.01323324599997 ], [ 150.578483602000119, -35.013232371999948 ], [ 150.578483867000045, -35.013223361999962 ], [ 150.578472917000113, -35.013223143999937 ], [ 150.578472651000084, -35.013232152999933 ], [ 150.578461700000048, -35.013231933999975 ], [ 150.578461435000122, -35.013240943999961 ], [ 150.578450484000086, -35.013240724999946 ], [ 150.578450218000057, -35.013249733999942 ], [ 150.578439268000011, -35.013249515999973 ], [ 150.578438205000111, -35.013285552999946 ], [ 150.578492958000083, -35.013286645999983 ], [ 150.578492693000044, -35.013295655999968 ], [ 150.57850364300009, -35.013295873999937 ], [ 150.578503909000119, -35.013286864999941 ], [ 150.578514860000041, -35.013287082999966 ], [ 150.578514328000097, -35.013305101999947 ], [ 150.578525279000019, -35.013305320999962 ], [ 150.57852368500005, -35.013359376999972 ], [ 150.578534635000096, -35.01335959499994 ], [ 150.578534370000057, -35.013368604999982 ], [ 150.578545320000103, -35.013368822999951 ], [ 150.578545055000063, -35.013377832999936 ] ] ] ] } },
{ "type": "Feature", "properties": { "OBJECTID": 2899, "gridcode": 5, "Shape_Length": 3.9932181798914508e-05, "Shape_Area": 9.8716541777786643e-11 }, "geometry": { "type": "MultiPolygon", "coordinates": [ [ [ [ 150.578588592000074, -35.013387715999954 ], [ 150.578588857000113, -35.013378706999958 ], [ 150.578577907000067, -35.013378487999944 ], [ 150.578577641000038, -35.013387497999929 ], [ 150.578588592000074, -35.013387715999954 ] ] ] ] } },
{ "type": "Feature", "properties": { "OBJECTID": 2902, "gridcode": 5, "Shape_Length": 3.9932181798914508e-05, "Shape_Area": 9.8716541777786643e-11 }, "geometry": { "type": "MultiPolygon", "coordinates": [ [ [ [ 150.57859927700008, -35.013396943999965 ], [ 150.57859954200012, -35.013387934999969 ], [ 150.578588592000074, -35.013387715999954 ], [ 150.578588326000045, -35.013396725999939 ], [ 150.57859927700008, -35.013396943999965 ] ] ] ] } },
{ "type": "Feature", "properties": { "OBJECTID": 2904, "gridcode": 5, "Shape_Length": 7.5985875967017657e-05, "Shape_Area": 2.9615817171810661e-10 }, "geometry": { "type": "MultiPolygon", "coordinates": [ [ [ [ 150.57818394800006, -35.013361608999958 ], [ 150.578183151000076, -35.013388636999935 ], [ 150.578194102000111, -35.013388855999949 ], [ 150.578194899000096, -35.013361827999972 ], [ 150.57818394800006, -35.013361608999958 ] ] ] ] } },
{ "type": "Feature", "properties": { "OBJECTID": 2928, "gridcode": 5, "Shape_Length": 0.0014361953914505483, "Shape_Area": 3.5735413591512897e-08 }, "geometry": { "type": "MultiPolygon", "coordinates": [ [ [ [ 150.578481001000114, -35.013692066999965 ], [ 150.578502903000071, -35.013692503999948 ], [ 150.578503169000101, -35.013683494999952 ], [ 150.578492218000065, -35.013683275999938 ], [ 150.578492484000094, -35.013674266999942 ], [ 150.578481533000058, -35.013674047999984 ], [ 150.578482064000013, -35.013656028999947 ], [ 150.578493015000049, -35.013656247999961 ], [ 150.578493812000033, -35.013629219999984 ], [ 150.578482861000111, -35.01362900099997 ], [ 150.578483393000056, -35.013610982999978 ], [ 150.57847244200002, -35.013610763999964 ], [ 150.578473239000118, -35.01358373599993 ], [ 150.57848419000004, -35.013583954999945 ], [ 150.578484456000069, -35.013574944999959 ], [ 150.578495406000116, -35.013575163999974 ], [ 150.578495672000031, -35.013566154999978 ], [ 150.578517573000113, -35.013566591999961 ], [ 150.578517839000028, -35.013557581999976 ], [ 150.578528790000064, -35.013557800999934 ], [ 150.578529056000093, -35.013548791999938 ], [ 150.578540006000026, -35.013549009999963 ], [ 150.578540272000055, -35.013540000999967 ], [ 150.578562173000023, -35.01354043799995 ], [ 150.578562439000052, -35.013531428999954 ], [ 150.578551488000016, -35.01353120999994 ], [ 150.578551754000046, -35.013522200999944 ], [ 150.578562705000081, -35.013522418999969 ], [ 150.578563502000065, -35.013495390999935 ], [ 150.578574453000101, -35.01349560999995 ], [ 150.578576312000109, -35.013432544999944 ], [ 150.578565362000063, -35.013432325999929 ], [ 150.578565893000018, -35.013414306999948 ], [ 150.578533041000014, -35.013413650999951 ], [ 150.578533307000043, -35.013404641999955 ], [ 150.578500455000039, -35.013403985999958 ], [ 150.578500720000079, -35.013394976999962 ], [ 150.578478819000111, -35.013394539999979 ], [ 150.578479616000095, -35.013367511999945 ], [ 150.578468666000049, -35.013367292999931 ], [ 150.578468931000089, -35.013358283999935 ], [ 150.57844703000012, -35.013357846999952 ], [ 150.578447296000036, -35.013348836999967 ], [ 150.578436345000114, -35.013348618999942 ], [ 150.578437142000098, -35.013321590999965 ], [ 150.57844809300002, -35.013321808999933 ], [ 150.57844835800006, -35.013312799999937 ], [ 150.578415506000056, -35.01331214399994 ], [ 150.578415241000016, -35.013321152999936 ], [ 150.578393339000058, -35.013320715999953 ], [ 150.578393074000019, -35.013329725999938 ], [ 150.578371172000061, -35.013329287999966 ], [ 150.578370907000021, -35.013338297999951 ], [ 150.578349005000064, -35.013337859999979 ], [ 150.578348740000024, -35.013346869999964 ], [ 150.578337789000102, -35.013346650999949 ], [ 150.578337523000073, -35.013355660999935 ], [ 150.578348474000109, -35.01335587899996 ], [ 150.578348208000079, -35.013364887999955 ], [ 150.578370110000037, -35.013365325999985 ], [ 150.578369844000122, -35.01337433499998 ], [ 150.578380794000054, -35.013374553999938 ], [ 150.578380529000015, -35.013383562999934 ], [ 150.578402430000097, -35.013384 ], [ 150.578402164000067, -35.013393009999959 ], [ 150.578413115000103, -35.013393227999984 ], [ 150.578412584000034, -35.013411246999965 ], [ 150.578401633000112, -35.01341102799995 ], [ 150.578401367000083, -35.013420037999936 ], [ 150.578412318000119, -35.013420255999961 ], [ 150.578411521000021, -35.013447283999938 ], [ 150.578422471000067, -35.013447502999952 ], [ 150.578421674000083, -35.013474530999929 ], [ 150.578410724000037, -35.013474311999971 ], [ 150.57840859800001, -35.013546386999963 ], [ 150.578419549000046, -35.013546605999977 ], [ 150.578418486000032, -35.01358264299995 ], [ 150.578429436000079, -35.013582861999964 ], [ 150.57842890500001, -35.013600879999956 ], [ 150.578439856000045, -35.01360109899997 ], [ 150.578439590000016, -35.013610107999966 ], [ 150.578450541000052, -35.013610326999981 ], [ 150.578450275000023, -35.013619335999977 ], [ 150.578461226000059, -35.013619554999934 ], [ 150.578460960000029, -35.01362856399993 ], [ 150.578471911000065, -35.013628782999945 ], [ 150.578471645000036, -35.01363779199994 ], [ 150.578460694000114, -35.013637572999983 ], [ 150.578459897000016, -35.013664601999949 ], [ 150.578470848000052, -35.013664819999974 ], [ 150.578470316000107, -35.013682838999955 ], [ 150.578481267000029, -35.01368305699998 ], [ 150.578481001000114, -35.013692066999965 ] ] ] ] } },
{ "type": "Feature", "properties": { "OBJECTID": 2933, "gridcode": 5, "Shape_Length": 0.00014170092511674442, "Shape_Area": 7.8973339111240513e-10 }, "geometry": { "type": "MultiPolygon", "coordinates": [ [ [ [ 150.578512791000094, -35.013728759999935 ], [ 150.578534692000062, -35.013729196999975 ], [ 150.57853522400012, -35.013711177999937 ], [ 150.578524273000085, -35.013710959999969 ], [ 150.578524539000114, -35.013701950999973 ], [ 150.57849168600012, -35.013701294999976 ], [ 150.578491421000081, -35.013710303999972 ], [ 150.578502371000013, -35.013710522999929 ], [ 150.578502106000087, -35.013719531999982 ], [ 150.57851305600002, -35.01371975099994 ], [ 150.578512791000094, -35.013728759999935 ] ] ] ] } },
{ "type": "Feature", "properties": { "OBJECTID": 2936, "gridcode": 5, "Shape_Length": 3.9932231323299474e-05, "Shape_Area": 9.8715812760941652e-11 }, "geometry": { "type": "MultiPolygon", "coordinates": [ [ [ [ 150.578534161000107, -35.013747215999956 ], [ 150.578534427000022, -35.01373820699996 ], [ 150.5785234760001, -35.013737987999946 ], [ 150.578523210000071, -35.013746996999942 ], [ 150.578534161000107, -35.013747215999956 ] ] ] ] } },
{ "type": "Feature", "properties": { "OBJECTID": 2944, "gridcode": 5, "Shape_Length": 5.7959013631639727e-05, "Shape_Area": 1.9743292732854857e-10 }, "geometry": { "type": "MultiPolygon", "coordinates": [ [ [ [ 150.578544049000016, -35.013783471999943 ], [ 150.578543517000071, -35.013801490999981 ], [ 150.578554468000107, -35.013801708999949 ], [ 150.578554999000062, -35.013783689999968 ], [ 150.578544049000016, -35.013783471999943 ] ] ] ] } },
{ "type": "Feature", "properties": { "OBJECTID": 2973, "gridcode": 5, "Shape_Length": 3.9932191424364312e-05, "Shape_Area": 9.871554674866208e-11 }, "geometry": { "type": "MultiPolygon", "coordinates": [ [ [ [ 150.578490946000102, -35.014097923999941 ], [ 150.578491212000017, -35.014088914999945 ], [ 150.578480261000095, -35.014088696999977 ], [ 150.578479995000066, -35.014097705999973 ], [ 150.578490946000102, -35.014097923999941 ] ] ] ] } },
{ "type": "Feature", "properties": { "OBJECTID": 2982, "gridcode": 5, "Shape_Length": 3.9933210928832525e-05, "Shape_Area": 9.8721155204445854e-11 }, "geometry": { "type": "MultiPolygon", "coordinates": [ [ [ [ 150.578510722000033, -35.014170435999972 ], [ 150.578510988000062, -35.014161426999976 ], [ 150.578500037000026, -35.014161207999962 ], [ 150.578499771000111, -35.014170217999947 ], [ 150.578510722000033, -35.014170435999972 ] ] ] ] } },
{ "type": "Feature", "properties": { "OBJECTID": 2991, "gridcode": 5, "Shape_Length": 5.7959063134964831e-05, "Shape_Area": 1.9743683497922816e-10 }, "geometry": { "type": "MultiPolygon", "coordinates": [ [ [ [ 150.57848828900012, -35.01418801799997 ], [ 150.578487757000062, -35.014206036999951 ], [ 150.578498708000097, -35.014206254999976 ], [ 150.578499240000042, -35.014188236999985 ], [ 150.57848828900012, -35.01418801799997 ] ] ] ] } },
{ "type": "Feature", "properties": { "OBJECTID": 2995, "gridcode": 5, "Shape_Length": 0.00011979663481439819, "Shape_Area": 4.935802799159121e-10 }, "geometry": { "type": "MultiPolygon", "coordinates": [ [ [ [ 150.578465059000109, -35.014232626999956 ], [ 150.578486960000077, -35.014233064999985 ], [ 150.578487226000107, -35.014224054999943 ], [ 150.578498177000029, -35.014224273999957 ], [ 150.578498443000058, -35.014215264999962 ], [ 150.578487492000022, -35.014215045999947 ], [ 150.578487757000062, -35.014206036999951 ], [ 150.578476807000015, -35.014205817999937 ], [ 150.578476275000071, -35.014223836999975 ], [ 150.578465324000035, -35.01422361799996 ], [ 150.578465059000109, -35.014232626999956 ] ] ] ] } },
{ "type": "Feature", "properties": { "OBJECTID": 2999, "gridcode": 5, "Shape_Length": 7.5985836015719392e-05, "Shape_Area": 2.9615737349117296e-10 }, "geometry": { "type": "MultiPolygon", "coordinates": [ [ [ [ 150.578454108000074, -35.014232408999931 ], [ 150.578453311000089, -35.014259436999964 ], [ 150.578464262000011, -35.014259654999933 ], [ 150.578465059000109, -35.014232626999956 ], [ 150.578454108000074, -35.014232408999931 ] ] ] ] } },
{ "type": "Feature", "properties": { "OBJECTID": 3002, "gridcode": 5, "Shape_Length": 5.7959053530127812e-05, "Shape_Area": 1.9743345882287757e-10 }, "geometry": { "type": "MultiPolygon", "coordinates": [ [ [ [ 150.578464262000011, -35.014259654999933 ], [ 150.578463730000067, -35.01427767399997 ], [ 150.578474681000102, -35.014277892999928 ], [ 150.578475212000058, -35.014259873999947 ], [ 150.578464262000011, -35.014259654999933 ] ] ] ] } },
{ "type": "Feature", "properties": { "OBJECTID": 3006, "gridcode": 5, "Shape_Length": 3.9933211045851726e-05, "Shape_Area": 9.8721155728996908e-11 }, "geometry": { "type": "MultiPolygon", "coordinates": [ [ [ [ 150.57851689000006, -35.014332822999961 ], [ 150.578517156000089, -35.014323813999965 ], [ 150.578506205000053, -35.014323594999951 ], [ 150.578505939000024, -35.014332604999936 ], [ 150.57851689000006, -35.014332822999961 ] ] ] ] } },
{ "type": "Feature", "properties": { "OBJECTID": 3057, "gridcode": 5, "Shape_Length": 3.9932191543646595e-05, "Shape_Area": 9.8715547288276648e-11 }, "geometry": { "type": "MultiPolygon", "coordinates": [ [ [ [ 150.578666273000067, -35.014840624999977 ], [ 150.578666539000096, -35.014831615999981 ], [ 150.578655588000061, -35.014831397999956 ], [ 150.578655322000031, -35.014840406999951 ], [ 150.578666273000067, -35.014840624999977 ] ] ] ] } },
{ "type": "Feature", "properties": { "OBJECTID": 3060, "gridcode": 5, "Shape_Length": 0.0019062601187281761, "Shape_Area": 2.4482047276673855e-08 }, "geometry": { "type": "MultiPolygon", "coordinates": [ [ [ [ 150.578589617000034, -35.014839094999957 ], [ 150.578622469000038, -35.014839750999954 ], [ 150.578622735000067, -35.014830741999958 ], [ 150.578611784000032, -35.014830522999944 ], [ 150.578613113000074, -35.014785475999929 ], [ 150.578602162000038, -35.014785257999961 ], [ 150.578602428000067, -35.014776247999976 ], [ 150.57858052600011, -35.014775810999936 ], [ 150.578581323000094, -35.014748782999959 ], [ 150.578592274000016, -35.014749001999974 ], [ 150.578592540000045, -35.014739992999978 ], [ 150.578581589, -35.014739773999963 ], [ 150.578581854000049, -35.014730764999968 ], [ 150.578570904000117, -35.014730545999953 ], [ 150.578571169000043, -35.014721536999957 ], [ 150.578560218000121, -35.014721317999943 ], [ 150.578560484000036, -35.014712308999947 ], [ 150.578538582000078, -35.014711870999975 ], [ 150.578538848000107, -35.014702861999979 ], [ 150.578516946000036, -35.014702424999939 ], [ 150.578517212000065, -35.014693415999943 ], [ 150.57850626100003, -35.014693196999929 ], [ 150.578506527000059, -35.014684187999933 ], [ 150.578484625000101, -35.014683749999961 ], [ 150.578485157000046, -35.014665731999969 ], [ 150.57847420600001, -35.014665512999954 ], [ 150.578474472000039, -35.014656503999959 ], [ 150.578485423000075, -35.014656721999984 ], [ 150.578485688000114, -35.014647712999931 ], [ 150.578507590000072, -35.014648149999971 ], [ 150.578508387000056, -35.014621121999937 ], [ 150.578497436000021, -35.014620903999969 ], [ 150.57849770200005, -35.014611893999984 ], [ 150.578486751000014, -35.014611675999959 ], [ 150.578487017000043, -35.014602665999973 ], [ 150.578476066000121, -35.014602447999948 ], [ 150.578476597000076, -35.014584428999967 ], [ 150.57846564700003, -35.014584209999953 ], [ 150.578467507000028, -35.014521144999947 ], [ 150.578478457000074, -35.014521363999961 ], [ 150.578478989000018, -35.01450334499998 ], [ 150.578457087000061, -35.01450290799994 ], [ 150.578457619000119, -35.014484888999959 ], [ 150.578468569000052, -35.014485107999974 ], [ 150.578468304000012, -35.01449411699997 ], [ 150.578490205000094, -35.014494553999953 ], [ 150.578491800000052, -35.014440497999942 ], [ 150.578502751000087, -35.014440716999957 ], [ 150.57850514200004, -35.01435963299997 ], [ 150.578494191000118, -35.014359413999955 ], [ 150.578494457000033, -35.014350404999959 ], [ 150.578483506000111, -35.014350185999945 ], [ 150.578484303000096, -35.014323157999968 ], [ 150.578495254000018, -35.014323376999982 ], [ 150.578496051000116, -35.014296348999949 ], [ 150.578474150000034, -35.014295910999977 ], [ 150.578473884000118, -35.014304920999962 ], [ 150.57848483500004, -35.01430513899993 ], [ 150.578484569000011, -35.014314148999972 ], [ 150.578473618000089, -35.014313929999958 ], [ 150.578472290000036, -35.014358976999972 ], [ 150.578483240000082, -35.01435919499994 ], [ 150.578482709000014, -35.014377213999978 ], [ 150.578493660000049, -35.014377432999936 ], [ 150.578493128000105, -35.014395450999984 ], [ 150.578471227000023, -35.014395013999945 ], [ 150.578470961000107, -35.01440402399993 ], [ 150.578449059000036, -35.014403585999958 ], [ 150.578449325000065, -35.014394576999962 ], [ 150.578438374000029, -35.014394357999947 ], [ 150.578438109000103, -35.014403367999932 ], [ 150.578416207000032, -35.01440293099995 ], [ 150.578415410000048, -35.014429958999983 ], [ 150.578426361000083, -35.014430176999952 ], [ 150.57842556300011, -35.014457204999928 ], [ 150.578414613000064, -35.01445698699996 ], [ 150.57841355000005, -35.014493023999933 ], [ 150.578424500000096, -35.014493242999947 ], [ 150.578424235000057, -35.014502251999943 ], [ 150.578413284000021, -35.014502032999928 ], [ 150.578412753000066, -35.014520051999966 ], [ 150.57840180200003, -35.014519832999952 ], [ 150.578401270000086, -35.014537851999933 ], [ 150.578412221000121, -35.014538070999947 ], [ 150.578411955000092, -35.014547079999943 ], [ 150.578422906000014, -35.014547298999958 ], [ 150.578422640000099, -35.014556307999953 ], [ 150.578433591000021, -35.014556526999968 ], [ 150.57843066800001, -35.014655628999947 ], [ 150.578441619000046, -35.014655847999961 ], [ 150.578441088000091, -35.014673866999942 ], [ 150.578452039000013, -35.014674084999967 ], [ 150.578451773000097, -35.014683094999953 ], [ 150.578473675000055, -35.014683531999935 ], [ 150.578473409000026, -35.014692540999931 ], [ 150.578484360000061, -35.014692759999946 ], [ 150.578484094000032, -35.014701768999942 ], [ 150.578495045000068, -35.014701987999956 ], [ 150.578494779000039, -35.014710996999952 ], [ 150.57851668100011, -35.014711433999935 ], [ 150.578516415000081, -35.014720443999977 ], [ 150.578538317000039, -35.01472088099996 ], [ 150.57853805100001, -35.014729889999956 ], [ 150.578549002000045, -35.01473010899997 ], [ 150.578547939000032, -35.014766145999943 ], [ 150.578558890000068, -35.014766364999957 ], [ 150.578558624000038, -35.014775373999953 ], [ 150.578569575000074, -35.014775592999968 ], [ 150.578567981000106, -35.014829648999978 ], [ 150.578589883000063, -35.014830085999961 ], [ 150.578589617000034, -35.014839094999957 ] ] ] ] } },
{ "type": "Feature", "properties": { "OBJECTID": 3062, "gridcode": 5, "Shape_Length": 3.9933152072929375e-05, "Shape_Area": 9.8720937010451105e-11 }, "geometry": { "type": "MultiPolygon", "coordinates": [ [ [ [ 150.578720762000103, -35.014850727999942 ], [ 150.578721027000029, -35.014841717999957 ], [ 150.578710076000107, -35.014841499999932 ], [ 150.578709811000067, -35.014850508999984 ], [ 150.578720762000103, -35.014850727999942 ] ] ] ] } },
{ "type": "Feature", "properties": { "OBJECTID": 3068, "gridcode": 5, "Shape_Length": 3.9932231323299467e-05, "Shape_Area": 9.8715812760941652e-11 }, "geometry": { "type": "MultiPolygon", "coordinates": [ [ [ [ 150.578775250000035, -35.014860829999975 ], [ 150.578775516000064, -35.014851820999979 ], [ 150.578764565000029, -35.014851601999965 ], [ 150.578764299000113, -35.01486061099996 ], [ 150.578775250000035, -35.014860829999975 ] ] ] ] } },
{ "type": "Feature", "properties": { "OBJECTID": 3076, "gridcode": 5, "Shape_Length": 6.1837541254724875e-05, "Shape_Area": 1.9742663658440259e-10 }, "geometry": { "type": "MultiPolygon", "coordinates": [ [ [ [ 150.578873277000071, -35.014880815999959 ], [ 150.578895178000039, -35.014881252999942 ], [ 150.578895444000068, -35.014872243999946 ], [ 150.57887354200011, -35.014871806999963 ], [ 150.578873277000071, -35.014880815999959 ] ] ] ] } },
{ "type": "Feature", "properties": { "OBJECTID": 3079, "gridcode": 5, "Shape_Length": 3.9933210926564638e-05, "Shape_Area": 9.8721155189325497e-11 }, "geometry": { "type": "MultiPolygon", "coordinates": [ [ [ [ 150.57896061800011, -35.014891573999932 ], [ 150.578960884000026, -35.014882563999947 ], [ 150.578949933000104, -35.014882345999979 ], [ 150.578949667000074, -35.014891354999975 ], [ 150.57896061800011, -35.014891573999932 ] ] ] ] } },
{ "type": "Feature", "properties": { "OBJECTID": 3084, "gridcode": 5, "Shape_Length": 3.9932191482314322e-05, "Shape_Area": 9.8715547067468396e-11 }, "geometry": { "type": "MultiPolygon", "coordinates": [ [ [ [ 150.57900415600011, -35.014901456999951 ], [ 150.579004422000025, -35.014892447999955 ], [ 150.578993471000103, -35.01489222999993 ], [ 150.578993205000074, -35.014901238999983 ], [ 150.57900415600011, -35.014901456999951 ] ] ] ] } },
{ "type": "Feature", "properties": { "OBJECTID": 3088, "gridcode": 5, "Shape_Length": 3.9933210928832355e-05, "Shape_Area": 9.8721155204445854e-11 }, "geometry": { "type": "MultiPolygon", "coordinates": [ [ [ [ 150.579014841000117, -35.014910684999961 ], [ 150.579015107000032, -35.014901675999965 ], [ 150.57900415600011, -35.014901456999951 ], [ 150.579003890000081, -35.014910466999936 ], [ 150.579014841000117, -35.014910684999961 ] ] ] ] } },
{ "type": "Feature", "properties": { "OBJECTID": 3096, "gridcode": 5, "Shape_Length": 0.00016361229232277351, "Shape_Area": 8.8847045012332143e-10 }, "geometry": { "type": "MultiPolygon", "coordinates": [ [ [ [ 150.57903594600009, -35.014938150999967 ], [ 150.579068799000083, -35.014938805999975 ], [ 150.579069064, -35.014929796999979 ], [ 150.579058113000087, -35.014929577999965 ], [ 150.579058379000116, -35.014920568999969 ], [ 150.579036477000045, -35.014920131999929 ], [ 150.579036743000074, -35.014911121999944 ], [ 150.579014841000117, -35.014910684999961 ], [ 150.579014310000048, -35.014928703999942 ], [ 150.579036212000119, -35.014929140999982 ], [ 150.57903594600009, -35.014938150999967 ] ] ] ] } },
{ "type": "Feature", "properties": { "OBJECTID": 3118, "gridcode": 5, "Shape_Length": 3.9932231438045767e-05, "Shape_Area": 9.8715813270372361e-11 }, "geometry": { "type": "MultiPolygon", "coordinates": [ [ [ [ 150.579122756000061, -35.014966926999932 ], [ 150.57912302200009, -35.014957917999936 ], [ 150.579112071000054, -35.014957698999979 ], [ 150.579111805000025, -35.014966707999974 ], [ 150.579122756000061, -35.014966926999932 ] ] ] ] } },
{ "type": "Feature", "properties": { "OBJECTID": 3121, "gridcode": 5, "Shape_Length": 3.9933152017246907e-05, "Shape_Area": 9.8720936706736724e-11 }, "geometry": { "type": "MultiPolygon", "coordinates": [ [ [ [ 150.579177511000012, -35.014968019999969 ], [ 150.579177776000051, -35.014959009999984 ], [ 150.579166825000016, -35.014958791999959 ], [ 150.57916656000009, -35.014967800999955 ], [ 150.579177511000012, -35.014968019999969 ] ] ] ] } },
{ "type": "Feature", "properties": { "OBJECTID": 3123, "gridcode": 5, "Shape_Length": 3.9933210928832525e-05, "Shape_Area": 9.8721155204445854e-11 }, "geometry": { "type": "MultiPolygon", "coordinates": [ [ [ [ 150.579199412000094, -35.014968456999952 ], [ 150.579199678, -35.014959446999967 ], [ 150.579188727000087, -35.014959228999942 ], [ 150.579188461000058, -35.014968237999938 ], [ 150.579199412000094, -35.014968456999952 ] ] ] ] } },
{ "type": "Feature", "properties": { "OBJECTID": 3124, "gridcode": 5, "Shape_Length": 3.9932181798092039e-05, "Shape_Area": 9.8716541762694707e-11 }, "geometry": { "type": "MultiPolygon", "coordinates": [ [ [ [ 150.579254167000045, -35.014969549999932 ], [ 150.579254432000084, -35.014960539999947 ], [ 150.579243482000038, -35.014960321999979 ], [ 150.579243216, -35.014969330999975 ], [ 150.579254167000045, -35.014969549999932 ] ] ] ] } },
{ "type": "Feature", "properties": { "OBJECTID": 3126, "gridcode": 5, "Shape_Length": 3.9933211045851726e-05, "Shape_Area": 9.8721155728996908e-11 }, "geometry": { "type": "MultiPolygon", "coordinates": [ [ [ [ 150.579495086000065, -35.014974356999971 ], [ 150.579495352000094, -35.014965347999976 ], [ 150.579484401000059, -35.014965128999961 ], [ 150.57948413500003, -35.014974138999946 ], [ 150.579495086000065, -35.014974356999971 ] ] ] ] } },
{ "type": "Feature", "properties": { "OBJECTID": 3128, "gridcode": 5, "Shape_Length": 3.9933210928832525e-05, "Shape_Area": 9.8721155204445854e-11 }, "geometry": { "type": "MultiPolygon", "coordinates": [ [ [ [ 150.579516988000023, -35.014974793999954 ], [ 150.579517254000052, -35.014965784999958 ], [ 150.579506303000016, -35.014965565999944 ], [ 150.579506037000101, -35.014974575999929 ], [ 150.579516988000023, -35.014974793999954 ] ] ] ] } },
{ "type": "Feature", "properties": { "OBJECTID": 3135, "gridcode": 5, "Shape_Length": 3.9933211045851726e-05, "Shape_Area": 9.8721155728996908e-11 }, "geometry": { "type": "MultiPolygon", "coordinates": [ [ [ [ 150.580721587000085, -35.014998824999964 ], [ 150.580721853000114, -35.014989815999968 ], [ 150.580710902000078, -35.014989596999953 ], [ 150.580710636000049, -35.014998606999939 ], [ 150.580721587000085, -35.014998824999964 ] ] ] ] } },
{ "type": "Feature", "properties": { "OBJECTID": 3143, "gridcode": 5, "Shape_Length": 3.9933152189935979e-05, "Shape_Area": 9.8720937535002171e-11 }, "geometry": { "type": "MultiPolygon", "coordinates": [ [ [ [ 150.579505772000061, -35.014983584999982 ], [ 150.579506037000101, -35.014974575999929 ], [ 150.579495086000065, -35.014974356999971 ], [ 150.579494821000026, -35.014983366999957 ], [ 150.579505772000061, -35.014983584999982 ] ] ] ] } },
{ "type": "Feature", "properties": { "OBJECTID": 3163, "gridcode": 5, "Shape_Length": 3.9932132509512325e-05, "Shape_Area": 9.8715328750999217e-11 }, "geometry": { "type": "MultiPolygon", "coordinates": [ [ [ [ 150.580698093000024, -35.015052443999934 ], [ 150.580698358000063, -35.015043434999939 ], [ 150.580687407000028, -35.01504321699997 ], [ 150.580687142000102, -35.015052225999966 ], [ 150.580698093000024, -35.015052443999934 ] ] ] ] } },
{ "type": "Feature", "properties": { "OBJECTID": 3165, "gridcode": 5, "Shape_Length": 0.00026150251771470248, "Shape_Area": 1.5794999513901107e-09 }, "geometry": { "type": "MultiPolygon", "coordinates": [ [ [ [ 150.579537296000012, -35.015029286999948 ], [ 150.579559198000084, -35.01502972399993 ], [ 150.579559464000113, -35.015020714999935 ], [ 150.579548513000077, -35.015020496999966 ], [ 150.579549044000032, -35.015002477999928 ], [ 150.57953809300011, -35.015002258999971 ], [ 150.579538359000026, -35.014993249999975 ], [ 150.579560261000097, -35.014993686999958 ], [ 150.579560792000052, -35.014975667999977 ], [ 150.579549841000016, -35.014975449999952 ], [ 150.579549575000101, -35.014984458999947 ], [ 150.579505772000061, -35.014983584999982 ], [ 150.579505240000117, -35.015001603999963 ], [ 150.579516191000039, -35.015001821999931 ], [ 150.579515926000113, -35.015010831999973 ], [ 150.579526877000035, -35.015011049999941 ], [ 150.579526611000119, -35.015020058999937 ], [ 150.579537562000041, -35.015020277999952 ], [ 150.579537296000012, -35.015029286999948 ] ] ] ] } },
{ "type": "Feature", "properties": { "OBJECTID": 3166, "gridcode": 5, "Shape_Length": 3.9932132509512325e-05, "Shape_Area": 9.8715328750999217e-11 }, "geometry": { "type": "MultiPolygon", "coordinates": [ [ [ [ 150.58061022000004, -35.015059705999931 ], [ 150.580610485000079, -35.015050696999936 ], [ 150.580599534000044, -35.015050478999967 ], [ 150.580599269000118, -35.015059487999963 ], [ 150.58061022000004, -35.015059705999931 ] ] ] ] } },
{ "type": "Feature", "properties": { "OBJECTID": 3169, "gridcode": 5, "Shape_Length": 6.1839540423682234e-05, "Shape_Area": 1.9744853848277243e-10 }, "geometry": { "type": "MultiPolygon", "coordinates": [ [ [ [ 150.579558933000044, -35.015038733999972 ], [ 150.579580834000012, -35.015039170999955 ], [ 150.579581100000041, -35.01503016099997 ], [ 150.579559198000084, -35.01502972399993 ], [ 150.579558933000044, -35.015038733999972 ] ] ] ] } },
{ "type": "Feature", "properties": { "OBJECTID": 3174, "gridcode": 5, "Shape_Length": 6.1838511698039734e-05, "Shape_Area": 1.9743092302634467e-10 }, "geometry": { "type": "MultiPolygon", "coordinates": [ [ [ [ 150.579580569000086, -35.015048179999951 ], [ 150.579602471000044, -35.015048616999934 ], [ 150.579602736000083, -35.015039607999938 ], [ 150.579580834000012, -35.015039170999955 ], [ 150.579580569000086, -35.015048179999951 ] ] ] ] } },
{ "type": "Feature", "properties": { "OBJECTID": 3175, "gridcode": 5, "Shape_Length": 3.9933210984519676e-05, "Shape_Area": 9.8721155508131813e-11 }, "geometry": { "type": "MultiPolygon", "coordinates": [ [ [ [ 150.580686345000117, -35.015079253999943 ], [ 150.580686611000033, -35.015070244999947 ], [ 150.580675660000111, -35.015070025999933 ], [ 150.580675394000082, -35.015079035999975 ], [ 150.580686345000117, -35.015079253999943 ] ] ] ] } },
{ "type": "Feature", "properties": { "OBJECTID": 3180, "gridcode": 5, "Shape_Length": 6.1837541367314365e-05, "Shape_Area": 1.9742663708675631e-10 }, "geometry": { "type": "MultiPolygon", "coordinates": [ [ [ [ 150.579602205000015, -35.01505762599993 ], [ 150.579624107000086, -35.015058062999969 ], [ 150.579624372000012, -35.015049053999974 ], [ 150.579602471000044, -35.015048616999934 ], [ 150.579602205000015, -35.01505762599993 ] ] ] ] } },
{ "type": "Feature", "properties": { "OBJECTID": 3182, "gridcode": 5, "Shape_Length": 3.9931202249063743e-05, "Shape_Area": 9.87111996379684e-11 }, "geometry": { "type": "MultiPolygon", "coordinates": [ [ [ [ 150.578484682000067, -35.015053351999939 ], [ 150.578484947000106, -35.015044342999943 ], [ 150.57847399700006, -35.015044123999928 ], [ 150.578473731000031, -35.015053132999981 ], [ 150.578484682000067, -35.015053351999939 ] ] ] ] } },
{ "type": "Feature", "properties": { "OBJECTID": 3183, "gridcode": 5, "Shape_Length": 6.1840569610320802e-05, "Shape_Area": 1.9745326130277953e-10 }, "geometry": { "type": "MultiPolygon", "coordinates": [ [ [ [ 150.579623841000057, -35.015067072999955 ], [ 150.579645743000015, -35.015067509999938 ], [ 150.579646009000044, -35.015058499999952 ], [ 150.579624107000086, -35.015058062999969 ], [ 150.579623841000057, -35.015067072999955 ] ] ] ] } },
{ "type": "Feature", "properties": { "OBJECTID": 3190, "gridcode": 5, "Shape_Length": 3.9932191316317955e-05, "Shape_Area": 9.871554626407194e-11 }, "geometry": { "type": "MultiPolygon", "coordinates": [ [ [ [ 150.580674863000013, -35.015097053999966 ], [ 150.580675129000042, -35.01508804499997 ], [ 150.58066417800012, -35.015087826999945 ], [ 150.580663912000091, -35.015096835999941 ], [ 150.580674863000013, -35.015097053999966 ] ] ] ] } },
{ "type": "Feature", "properties": { "OBJECTID": 3192, "gridcode": 5, "Shape_Length": 6.1838511698039734e-05, "Shape_Area": 1.9743092302634467e-10 }, "geometry": { "type": "MultiPolygon", "coordinates": [ [ [ [ 150.580795589000104, -35.015090446999977 ], [ 150.580817491000062, -35.01509088399996 ], [ 150.580817756000101, -35.015081874999964 ], [ 150.58079585400003, -35.015081437999982 ], [ 150.580795589000104, -35.015090446999977 ] ] ] ] } },
{ "type": "Feature", "properties": { "OBJECTID": 3194, "gridcode": 5, "Shape_Length": 3.9932231440318838e-05, "Shape_Area": 9.8715813285492706e-11 }, "geometry": { "type": "MultiPolygon", "coordinates": [ [ [ [ 150.578495367000073, -35.015062579999949 ], [ 150.578495633000102, -35.015053570999953 ], [ 150.578484682000067, -35.015053351999939 ], [ 150.578484416000038, -35.015062360999934 ], [ 150.578495367000073, -35.015062579999949 ] ] ] ] } },
{ "type": "Feature", "properties": { "OBJECTID": 3196, "gridcode": 5, "Shape_Length": 6.1838570615159615e-05, "Shape_Area": 1.9743136003682641e-10 }, "geometry": { "type": "MultiPolygon", "coordinates": [ [ [ [ 150.579645477000099, -35.015076518999933 ], [ 150.579667379000057, -35.015076955999973 ], [ 150.579667645000086, -35.015067946999977 ], [ 150.579645743000015, -35.015067509999938 ], [ 150.579645477000099, -35.015076518999933 ] ] ] ] } },
{ "type": "Feature", "properties": { "OBJECTID": 3197, "gridcode": 5, "Shape_Length": 3.9933152189935979e-05, "Shape_Area": 9.8720937535002171e-11 }, "geometry": { "type": "MultiPolygon", "coordinates": [ [ [ [ 150.579678065000053, -35.015086183999983 ], [ 150.579678330000093, -35.015077174999931 ], [ 150.579667379000057, -35.015076955999973 ], [ 150.579667114000017, -35.015085965999958 ], [ 150.579678065000053, -35.015086183999983 ] ] ] ] } },
{ "type": "Feature", "properties": { "OBJECTID": 3201, "gridcode": 5, "Shape_Length": 3.9933211101539039e-05, "Shape_Area": 9.872115603268288e-11 }, "geometry": { "type": "MultiPolygon", "coordinates": [ [ [ [ 150.580597941000065, -35.015104534999978 ], [ 150.580598207000094, -35.015095524999936 ], [ 150.580587256000058, -35.015095306999967 ], [ 150.580586990000029, -35.015104315999963 ], [ 150.580597941000065, -35.015104534999978 ] ] ] ] } },
{ "type": "Feature", "properties": { "OBJECTID": 3204, "gridcode": 5, "Shape_Length": 3.9932231440318838e-05, "Shape_Area": 9.8715813285492706e-11 }, "geometry": { "type": "MultiPolygon", "coordinates": [ [ [ [ 150.57850605200008, -35.015071807999959 ], [ 150.578506318000109, -35.015062798999963 ], [ 150.578495367000073, -35.015062579999949 ], [ 150.578495101000044, -35.015071588999945 ], [ 150.57850605200008, -35.015071807999959 ] ] ] ] } },
{ "type": "Feature", "properties": { "OBJECTID": 3209, "gridcode": 5, "Shape_Length": 0.00085798569613461091, "Shape_Area": 6.4166998655800948e-09 }, "geometry": { "type": "MultiPolygon", "coordinates": [ [ [ [ 150.578385858000047, -35.015060393999931 ], [ 150.578385592000018, -35.015069402999984 ], [ 150.578396543000053, -35.015069621999942 ], [ 150.578396809000083, -35.015060612999946 ], [ 150.57841871100004, -35.015061049999929 ], [ 150.57841897600008, -35.015052039999944 ], [ 150.578462780000109, -35.015052914999956 ], [ 150.578463046000024, -35.01504390599996 ], [ 150.57847399700006, -35.015044123999928 ], [ 150.5784742620001, -35.015035114999932 ], [ 150.578441410000096, -35.015034458999935 ], [ 150.578441144000067, -35.015043467999931 ], [ 150.578397340000038, -35.015042593999965 ], [ 150.578397075000112, -35.015051602999961 ], [ 150.578386124000076, -35.015051384999936 ], [ 150.578386389000116, -35.01504237499995 ], [ 150.578375439000069, -35.015042156999982 ], [ 150.578376236000054, -35.015015128999949 ], [ 150.578365285000018, -35.015014909999934 ], [ 150.578365816000087, -35.014996890999953 ], [ 150.578354865000051, -35.014996672999985 ], [ 150.578355397000109, -35.014978653999947 ], [ 150.578333495000038, -35.014978216999964 ], [ 150.578333761000067, -35.014969206999979 ], [ 150.578322810000031, -35.014968988999954 ], [ 150.578322544000116, -35.014977997999949 ], [ 150.578300642000045, -35.014977560999966 ], [ 150.578300377000119, -35.014986569999962 ], [ 150.578267524000012, -35.014985913999965 ], [ 150.578267258000096, -35.01499492399995 ], [ 150.578234406000092, -35.014994267999953 ], [ 150.578234140000063, -35.015003276999948 ], [ 150.578190336000034, -35.015002402999983 ], [ 150.57818953900005, -35.015029430999959 ], [ 150.578200490000086, -35.015029648999985 ], [ 150.578200756000115, -35.015020639999932 ], [ 150.578244559000041, -35.015021513999955 ], [ 150.57824482500007, -35.015012504999959 ], [ 150.578277678000063, -35.015013160999956 ], [ 150.578277943000103, -35.01500415199996 ], [ 150.578354600000011, -35.01500568199998 ], [ 150.578353271000083, -35.015050728999938 ], [ 150.578364222000118, -35.015050946999963 ], [ 150.578363956000089, -35.015059956999949 ], [ 150.578385858000047, -35.015060393999931 ] ] ] ] } },
{ "type": "Feature", "properties": { "OBJECTID": 3232, "gridcode": 5, "Shape_Length": 3.9932231440318838e-05, "Shape_Area": 9.8715813285492706e-11 }, "geometry": { "type": "MultiPolygon", "coordinates": [ [ [ [ 150.58064068300007, -35.015141445999973 ], [ 150.580640949000099, -35.015132436999977 ], [ 150.580629998000063, -35.015132217999962 ], [ 150.580629732000034, -35.015141226999958 ], [ 150.58064068300007, -35.015141445999973 ] ] ] ] } },
{ "type": "Feature", "properties": { "OBJECTID": 3245, "gridcode": 5, "Shape_Length": 3.9932231440318838e-05, "Shape_Area": 9.8715813285492706e-11 }, "geometry": { "type": "MultiPolygon", "coordinates": [ [ [ [ 150.578559212000073, -35.01512695699995 ], [ 150.578559478000102, -35.015117947999954 ], [ 150.578548527000066, -35.01511772899994 ], [ 150.578548261000037, -35.015126737999935 ], [ 150.578559212000073, -35.01512695699995 ] ] ] ] } },
{ "type": "Feature", "properties": { "OBJECTID": 3249, "gridcode": 5, "Shape_Length": 3.9932181739040832e-05, "Shape_Area": 9.8716541556921535e-11 }, "geometry": { "type": "MultiPolygon", "coordinates": [ [ [ [ 150.578547996000111, -35.015135747999977 ], [ 150.578548261000037, -35.015126737999935 ], [ 150.578537311000105, -35.015126519999967 ], [ 150.578537045000076, -35.015135528999963 ], [ 150.578547996000111, -35.015135747999977 ] ] ] ] } },
{ "type": "Feature", "properties": { "OBJECTID": 3256, "gridcode": 5, "Shape_Length": 3.9933211045851726e-05, "Shape_Area": 9.8721155728996908e-11 }, "geometry": { "type": "MultiPolygon", "coordinates": [ [ [ [ 150.578514877000089, -35.015144100999976 ], [ 150.578515143000118, -35.01513509199998 ], [ 150.578504192000082, -35.015134872999965 ], [ 150.578503926000053, -35.015143882999951 ], [ 150.578514877000089, -35.015144100999976 ] ] ] ] } },
{ "type": "Feature", "properties": { "OBJECTID": 3264, "gridcode": 5, "Shape_Length": 5.7960023670130845e-05, "Shape_Area": 1.9744235742080105e-10 }, "geometry": { "type": "MultiPolygon", "coordinates": [ [ [ [ 150.580858640000088, -35.015181850999966 ], [ 150.580858109000019, -35.015199869999947 ], [ 150.580869060000055, -35.015200088999961 ], [ 150.58086959100001, -35.01518206999998 ], [ 150.580858640000088, -35.015181850999966 ] ] ] ] } },
{ "type": "Feature", "properties": { "OBJECTID": 3268, "gridcode": 5, "Shape_Length": 0.00059511102095948334, "Shape_Area": 3.9487894151169724e-09 }, "geometry": { "type": "MultiPolygon", "coordinates": [ [ [ [ 150.580781187000071, -35.015207350999958 ], [ 150.580803089000028, -35.015207787999941 ], [ 150.580803354000068, -35.015198777999956 ], [ 150.580792403000032, -35.015198559999931 ], [ 150.580792669000061, -35.015189549999945 ], [ 150.580781718000026, -35.015189331999977 ], [ 150.580781983000065, -35.015180322999981 ], [ 150.58077103200003, -35.015180103999967 ], [ 150.580771298000059, -35.015171094999971 ], [ 150.580760347000023, -35.015170875999956 ], [ 150.580760612000063, -35.015161866999961 ], [ 150.580749661000027, -35.015161648999936 ], [ 150.580749927000056, -35.01515263899995 ], [ 150.580738976000021, -35.015152420999982 ], [ 150.580740038000044, -35.015116383999953 ], [ 150.58075098900008, -35.015116601999978 ], [ 150.58075125400012, -35.015107592999982 ], [ 150.580762205000042, -35.01510781099995 ], [ 150.580762471000071, -35.015098801999955 ], [ 150.580773422000107, -35.01509901999998 ], [ 150.580773687000033, -35.015090010999984 ], [ 150.580784638000068, -35.015090228999952 ], [ 150.580784903000108, -35.015081219999956 ], [ 150.58079585400003, -35.015081437999982 ], [ 150.580796120000059, -35.015072428999929 ], [ 150.580785169000023, -35.015072209999971 ], [ 150.580785434000063, -35.015063200999975 ], [ 150.580774483000027, -35.01506298299995 ], [ 150.580774218000101, -35.015071991999946 ], [ 150.580763267000066, -35.015071773999978 ], [ 150.580762736000111, -35.015089791999969 ], [ 150.580729883000117, -35.015089136999961 ], [ 150.580729352000048, -35.015107155999942 ], [ 150.580718401000013, -35.015106936999985 ], [ 150.580718136000087, -35.01511594699997 ], [ 150.580707185000051, -35.015115727999955 ], [ 150.580706920000011, -35.01512473799994 ], [ 150.580717871000047, -35.015124955999966 ], [ 150.580717074000063, -35.015151983999942 ], [ 150.580728025000099, -35.015152202999957 ], [ 150.58072749400003, -35.015170220999948 ], [ 150.580738445000065, -35.015170439999963 ], [ 150.580738180000026, -35.015179448999959 ], [ 150.580749130000072, -35.015179666999984 ], [ 150.580748865000032, -35.015188676999969 ], [ 150.580770767000104, -35.015189113999952 ], [ 150.580770501000075, -35.015198122999948 ], [ 150.58078145200011, -35.015198340999973 ], [ 150.580781187000071, -35.015207350999958 ] ] ] ] } },
{ "type": "Feature", "properties": { "OBJECTID": 3269, "gridcode": 5, "Shape_Length": 3.9932191426627015e-05, "Shape_Area": 9.8715546763782437e-11 }, "geometry": { "type": "MultiPolygon", "coordinates": [ [ [ [ 150.580813774000035, -35.015217014999962 ], [ 150.580814040000064, -35.015208005999966 ], [ 150.580803089000028, -35.015207787999941 ], [ 150.580802823000113, -35.015216796999937 ], [ 150.580813774000035, -35.015217014999962 ] ] ] ] } },
{ "type": "Feature", "properties": { "OBJECTID": 3270, "gridcode": 5, "Shape_Length": 3.9932172581136546e-05, "Shape_Area": 9.8715594591508544e-11 }, "geometry": { "type": "MultiPolygon", "coordinates": [ [ [ [ 150.580857578000064, -35.015217888999985 ], [ 150.580857843000103, -35.015208879999932 ], [ 150.580846892000068, -35.015208660999974 ], [ 150.580846627000028, -35.01521766999997 ], [ 150.580857578000064, -35.015217888999985 ] ] ] ] } },
{ "type": "Feature", "properties": { "OBJECTID": 3293, "gridcode": 5, "Shape_Length": 3.9933210926564475e-05, "Shape_Area": 9.8721155189325497e-11 }, "geometry": { "type": "MultiPolygon", "coordinates": [ [ [ [ 150.579912345000025, -35.015316224999935 ], [ 150.579912611000054, -35.01530721499995 ], [ 150.579901660000019, -35.015306996999982 ], [ 150.579901394000103, -35.015316005999978 ], [ 150.579912345000025, -35.015316224999935 ] ] ] ] } },
{ "type": "Feature", "properties": { "OBJECTID": 3308, "gridcode": 5, "Shape_Length": 3.9933152017246907e-05, "Shape_Area": 9.8720936706736724e-11 }, "geometry": { "type": "MultiPolygon", "coordinates": [ [ [ [ 150.57991154900003, -35.015343252999969 ], [ 150.57991181400007, -35.015334242999984 ], [ 150.579900863000034, -35.015334024999959 ], [ 150.579900598000108, -35.015343033999955 ], [ 150.57991154900003, -35.015343252999969 ] ] ] ] } },
{ "type": "Feature", "properties": { "OBJECTID": 3334, "gridcode": 5, "Shape_Length": 3.993217252545424e-05, "Shape_Area": 9.8715594287794151e-11 }, "geometry": { "type": "MultiPolygon", "coordinates": [ [ [ [ 150.579909159000067, -35.015424336999956 ], [ 150.579909424000107, -35.01541532799996 ], [ 150.579898473000071, -35.015415108999946 ], [ 150.579898208000031, -35.015424117999942 ], [ 150.579909159000067, -35.015424336999956 ] ] ] ] } },
{ "type": "Feature", "properties": { "OBJECTID": 3407, "gridcode": 5, "Shape_Length": 3.993315218994117e-05, "Shape_Area": 9.8720937535002171e-11 }, "geometry": { "type": "MultiPolygon", "coordinates": [ [ [ [ 150.579810397000074, -35.015800981999973 ], [ 150.579810662000114, -35.015791971999931 ], [ 150.579799711000078, -35.015791753999963 ], [ 150.579799446000038, -35.015800762999959 ], [ 150.579810397000074, -35.015800981999973 ] ] ] ] } },
{ "type": "Feature", "properties": { "OBJECTID": 3409, "gridcode": 5, "Shape_Length": 3.9933211101539039e-05, "Shape_Area": 9.872115603268288e-11 }, "geometry": { "type": "MultiPolygon", "coordinates": [ [ [ [ 150.57982108200008, -35.015810209999984 ], [ 150.57982134800011, -35.015801199999942 ], [ 150.579810397000074, -35.015800981999973 ], [ 150.579810131000045, -35.015809990999969 ], [ 150.57982108200008, -35.015810209999984 ] ] ] ] } },
{ "type": "Feature", "properties": { "OBJECTID": 3450, "gridcode": 5, "Shape_Length": 3.9934181379781536e-05, "Shape_Area": 9.8725551182498069e-11 }, "geometry": { "type": "MultiPolygon", "coordinates": [ [ [ [ 150.579783491000057, -35.01782874099996 ], [ 150.579783757000087, -35.017819730999975 ], [ 150.579772805000061, -35.017819512999949 ], [ 150.579772540000022, -35.017828521999945 ], [ 150.579783491000057, -35.01782874099996 ] ] ] ] } },
{ "type": "Feature", "properties": { "OBJECTID": 3456, "gridcode": 5, "Shape_Length": 3.993217252545424e-05, "Shape_Area": 9.8715594287794151e-11 }, "geometry": { "type": "MultiPolygon", "coordinates": [ [ [ [ 150.579771212000082, -35.01787356899996 ], [ 150.579771477000122, -35.017864559999964 ], [ 150.579760526000086, -35.017864340999949 ], [ 150.579760261000047, -35.017873349999945 ], [ 150.579771212000082, -35.01787356899996 ] ] ] ] } },
{ "type": "Feature", "properties": { "OBJECTID": 3460, "gridcode": 5, "Shape_Length": 3.9932231323299467e-05, "Shape_Area": 9.8715812760941652e-11 }, "geometry": { "type": "MultiPolygon", "coordinates": [ [ [ [ 150.579703910000035, -35.017926313999965 ], [ 150.579704176000064, -35.017917304999969 ], [ 150.579693225000028, -35.017917085999954 ], [ 150.579692959000113, -35.01792609499995 ], [ 150.579703910000035, -35.017926313999965 ] ] ] ] } },
{ "type": "Feature", "properties": { "OBJECTID": 3464, "gridcode": 5, "Shape_Length": 3.9933211045851726e-05, "Shape_Area": 9.8721155728996908e-11 }, "geometry": { "type": "MultiPolygon", "coordinates": [ [ [ [ 150.57970337900008, -35.017944332999946 ], [ 150.579703645000109, -35.017935322999961 ], [ 150.579692694000073, -35.017935104999935 ], [ 150.579692428000044, -35.017944113999931 ], [ 150.57970337900008, -35.017944332999946 ] ] ] ] } },
{ "type": "Feature", "properties": { "OBJECTID": 3466, "gridcode": 5, "Shape_Length": 0.00010565322969461905, "Shape_Area": 3.9487085502215597e-10 }, "geometry": { "type": "MultiPolygon", "coordinates": [ [ [ [ 150.57970311400004, -35.017953341999942 ], [ 150.579746919000058, -35.017954215999964 ], [ 150.579747184000098, -35.017945206999968 ], [ 150.57970337900008, -35.017944332999946 ], [ 150.57970311400004, -35.017953341999942 ] ] ] ] } },
{ "type": "Feature", "properties": { "OBJECTID": 3468, "gridcode": 5, "Shape_Length": 6.1840570083470316e-05, "Shape_Area": 1.9744036843916629e-10 }, "geometry": { "type": "MultiPolygon", "coordinates": [ [ [ [ 150.579757604000065, -35.017963443999975 ], [ 150.579779507000012, -35.017963880999957 ], [ 150.579779773000041, -35.017954871999962 ], [ 150.579757870000094, -35.017954434999979 ], [ 150.579757604000065, -35.017963443999975 ] ] ] ] } },
{ "type": "Feature", "properties": { "OBJECTID": 3485, "gridcode": 5, "Shape_Length": 3.9933161877576399e-05, "Shape_Area": 9.8719942741777809e-11 }, "geometry": { "type": "MultiPolygon", "coordinates": [ [ [ [ 150.580207733000066, -35.018305965999957 ], [ 150.580207999000095, -35.018296956999961 ], [ 150.58019704700007, -35.018296738999936 ], [ 150.58019678200003, -35.018305747999932 ], [ 150.580207733000066, -35.018305965999957 ] ] ] ] } },
{ "type": "Feature", "properties": { "OBJECTID": 3490, "gridcode": 5, "Shape_Length": 3.9934181378959609e-05, "Shape_Area": 9.8725551167406132e-11 }, "geometry": { "type": "MultiPolygon", "coordinates": [ [ [ [ 150.580053618000079, -35.01832993599993 ], [ 150.580053883000119, -35.018320925999944 ], [ 150.580042932000083, -35.018320707999976 ], [ 150.580042666000054, -35.018329716999972 ], [ 150.580053618000079, -35.01832993599993 ] ] ] ] } },
{ "type": "Feature", "properties": { "OBJECTID": 3492, "gridcode": 5, "Shape_Length": 3.9934181381227387e-05, "Shape_Area": 9.8725551182498069e-11 }, "geometry": { "type": "MultiPolygon", "coordinates": [ [ [ [ 150.580195985000046, -35.018332775999966 ], [ 150.580196251000075, -35.01832376699997 ], [ 150.58018529900005, -35.018323547999955 ], [ 150.58018503400001, -35.01833255799994 ], [ 150.580195985000046, -35.018332775999966 ] ] ] ] } },
{ "type": "Feature", "properties": { "OBJECTID": 3501, "gridcode": 5, "Shape_Length": 3.9934181262762328e-05, "Shape_Area": 9.8725550657946989e-11 }, "geometry": { "type": "MultiPolygon", "coordinates": [ [ [ [ 150.580107578000025, -35.018358055999954 ], [ 150.580107843000064, -35.018349046999958 ], [ 150.580096892000029, -35.018348827999944 ], [ 150.580096626000113, -35.018357837999929 ], [ 150.580107578000025, -35.018358055999954 ] ] ] ] } },
{ "type": "Feature", "properties": { "OBJECTID": 3507, "gridcode": 5, "Shape_Length": 3.9932231323299474e-05, "Shape_Area": 9.8715812760941652e-11 }, "geometry": { "type": "MultiPolygon", "coordinates": [ [ [ [ 150.58018397100011, -35.01836859499997 ], [ 150.580184237000026, -35.018359585999974 ], [ 150.580173286000104, -35.01835936699996 ], [ 150.580173020000075, -35.018368375999955 ], [ 150.58018397100011, -35.01836859499997 ] ] ] ] } },
{ "type": "Feature", "properties": { "OBJECTID": 3513, "gridcode": 5, "Shape_Length": 3.9932231438045767e-05, "Shape_Area": 9.8715813270372361e-11 }, "geometry": { "type": "MultiPolygon", "coordinates": [ [ [ [ 150.580293219000055, -35.018379788999937 ], [ 150.580293485000084, -35.018370779999941 ], [ 150.580282534000048, -35.018370560999983 ], [ 150.580282268000019, -35.018379569999979 ], [ 150.580293219000055, -35.018379788999937 ] ] ] ] } },
{ "type": "Feature", "properties": { "OBJECTID": 3520, "gridcode": 5, "Shape_Length": 3.9933210984519839e-05, "Shape_Area": 9.8721155508131813e-11 }, "geometry": { "type": "MultiPolygon", "coordinates": [ [ [ [ 150.5802926880001, -35.018397807999975 ], [ 150.580292954000015, -35.018388797999933 ], [ 150.580282003000093, -35.018388579999964 ], [ 150.580281737000064, -35.01839758899996 ], [ 150.5802926880001, -35.018397807999975 ] ] ] ] } },
{ "type": "Feature", "properties": { "OBJECTID": 3524, "gridcode": 5, "Shape_Length": 3.9933201770154992e-05, "Shape_Area": 9.8720208223912506e-11 }, "geometry": { "type": "MultiPolygon", "coordinates": [ [ [ [ 150.580029325000055, -35.018410582999934 ], [ 150.580029590000095, -35.018401573999938 ], [ 150.580018639000059, -35.01840135499998 ], [ 150.58001837300003, -35.018410363999976 ], [ 150.580029325000055, -35.018410582999934 ] ] ] ] } },
{ "type": "Feature", "properties": { "OBJECTID": 3532, "gridcode": 5, "Shape_Length": 3.993418126277477e-05, "Shape_Area": 9.8725550657946989e-11 }, "geometry": { "type": "MultiPolygon", "coordinates": [ [ [ [ 150.580324746000088, -35.018425490999959 ], [ 150.580325011000014, -35.018416481999964 ], [ 150.580314060000092, -35.018416262999949 ], [ 150.580313794000062, -35.018425272999934 ], [ 150.580324746000088, -35.018425490999959 ] ] ] ] } },
{ "type": "Feature", "properties": { "OBJECTID": 3537, "gridcode": 5, "Shape_Length": 3.9934181436914891e-05, "Shape_Area": 9.8725551486212449e-11 }, "geometry": { "type": "MultiPolygon", "coordinates": [ [ [ [ 150.580094502000065, -35.018429912999977 ], [ 150.580094767000105, -35.018420902999935 ], [ 150.580083816000069, -35.018420684999967 ], [ 150.58008355000004, -35.018429693999963 ], [ 150.580094502000065, -35.018429912999977 ] ] ] ] } },
{ "type": "Feature", "properties": { "OBJECTID": 3539, "gridcode": 5, "Shape_Length": 7.9867293412925222e-05, "Shape_Area": 2.9616629821532855e-10 }, "geometry": { "type": "MultiPolygon", "coordinates": [ [ [ [ 150.580292157000031, -35.018415825999966 ], [ 150.580291892000105, -35.018424835999951 ], [ 150.580302843000027, -35.018425053999977 ], [ 150.580303374000096, -35.018407034999939 ], [ 150.580281471000035, -35.018406598999945 ], [ 150.580281206000109, -35.018415607999941 ], [ 150.580292157000031, -35.018415825999966 ] ] ] ] } },
{ "type": "Feature", "properties": { "OBJECTID": 3541, "gridcode": 5, "Shape_Length": 3.9933161877576399e-05, "Shape_Area": 9.8719942741777809e-11 }, "geometry": { "type": "MultiPolygon", "coordinates": [ [ [ [ 150.580061382000054, -35.018438265999976 ], [ 150.580061648000083, -35.01842925699998 ], [ 150.580050696000058, -35.018429038999955 ], [ 150.580050431000018, -35.01843804799995 ], [ 150.580061382000054, -35.018438265999976 ] ] ] ] } },
{ "type": "Feature", "properties": { "OBJECTID": 3548, "gridcode": 5, "Shape_Length": 6.1839540945915803e-05, "Shape_Area": 1.9743564597638637e-10 }, "geometry": { "type": "MultiPolygon", "coordinates": [ [ [ [ 150.580324480000058, -35.018434499999955 ], [ 150.580346383000119, -35.018434936999938 ], [ 150.580346648000045, -35.018425927999942 ], [ 150.580324746000088, -35.018425490999959 ], [ 150.580324480000058, -35.018434499999955 ] ] ] ] } },
{ "type": "Feature", "properties": { "OBJECTID": 3558, "gridcode": 5, "Shape_Length": 3.9933161868615895e-05, "Shape_Area": 9.8719942701902146e-11 }, "geometry": { "type": "MultiPolygon", "coordinates": [ [ [ [ 150.580520277000119, -35.01848347899994 ], [ 150.580520543000034, -35.018474469999944 ], [ 150.580509591, -35.018474251999976 ], [ 150.580509326000083, -35.018483260999972 ], [ 150.580520277000119, -35.01848347899994 ] ] ] ] } },
{ "type": "Feature", "properties": { "OBJECTID": 3561, "gridcode": 5, "Shape_Length": 0.00010177468304689677, "Shape_Area": 3.9489297650870851e-10 }, "geometry": { "type": "MultiPolygon", "coordinates": [ [ [ [ 150.580432666000092, -35.018481731999941 ], [ 150.580432401000053, -35.018490740999937 ], [ 150.580443352000088, -35.018490959999951 ], [ 150.580443617000014, -35.018481949999966 ], [ 150.58045456900004, -35.018482168999981 ], [ 150.580454834000079, -35.018473158999939 ], [ 150.580421980000096, -35.018472503999931 ], [ 150.580421715000057, -35.018481512999983 ], [ 150.580432666000092, -35.018481731999941 ] ] ] ] } },
{ "type": "Feature", "properties": { "OBJECTID": 3566, "gridcode": 5, "Shape_Length": 3.993315218994117e-05, "Shape_Area": 9.8720937535002171e-11 }, "geometry": { "type": "MultiPolygon", "coordinates": [ [ [ [ 150.580650897000055, -35.018513128999984 ], [ 150.580651162000095, -35.018504118999942 ], [ 150.580640211000059, -35.018503900999974 ], [ 150.580639946000019, -35.01851290999997 ], [ 150.580650897000055, -35.018513128999984 ] ] ] ] } },
{ "type": "Feature", "properties": { "OBJECTID": 3571, "gridcode": 5, "Shape_Length": 3.9934181436914891e-05, "Shape_Area": 9.8725551486212449e-11 }, "geometry": { "type": "MultiPolygon", "coordinates": [ [ [ [ 150.580081160000077, -35.01851077799995 ], [ 150.580081426000106, -35.018501768999954 ], [ 150.580070474000081, -35.018501549999939 ], [ 150.580070209000041, -35.018510559999982 ], [ 150.580081160000077, -35.01851077799995 ] ] ] ] } },
{ "type": "Feature", "properties": { "OBJECTID": 3572, "gridcode": 5, "Shape_Length": 0.00014558839102651704, "Shape_Area": 6.9103696976546201e-10 }, "geometry": { "type": "MultiPolygon", "coordinates": [ [ [ [ 150.580585189000089, -35.018511817999979 ], [ 150.580618043000072, -35.01851247299993 ], [ 150.580618308000112, -35.018503463999934 ], [ 150.580640211000059, -35.018503900999974 ], [ 150.580640477000088, -35.018494891999978 ], [ 150.58059667100008, -35.018494017999956 ], [ 150.580596406000041, -35.018503026999952 ], [ 150.580585454000015, -35.018502808999983 ], [ 150.580585189000089, -35.018511817999979 ] ] ] ] } },
{ "type": "Feature", "properties": { "OBJECTID": 3573, "gridcode": 5, "Shape_Length": 3.9933161875313804e-05, "Shape_Area": 9.8719942726685873e-11 }, "geometry": { "type": "MultiPolygon", "coordinates": [ [ [ [ 150.580661583000051, -35.018522355999949 ], [ 150.580661848000091, -35.018513346999953 ], [ 150.580650897000055, -35.018513128999984 ], [ 150.580650631000026, -35.01852213799998 ], [ 150.580661583000051, -35.018522355999949 ] ] ] ] } },
{ "type": "Feature", "properties": { "OBJECTID": 3581, "gridcode": 5, "Shape_Length": 7.9868411816674459e-05, "Shape_Area": 2.9617786611296356e-10 }, "geometry": { "type": "MultiPolygon", "coordinates": [ [ [ [ 150.580661583000051, -35.018522355999949 ], [ 150.580661052000096, -35.01854037499993 ], [ 150.580672003000018, -35.018540593999944 ], [ 150.580672269000047, -35.018531583999959 ], [ 150.580683220000083, -35.018531802999973 ], [ 150.580683486000112, -35.018522792999931 ], [ 150.580661583000051, -35.018522355999949 ] ] ] ] } },
{ "type": "Feature", "properties": { "OBJECTID": 3584, "gridcode": 5, "Shape_Length": 3.993418126422079e-05, "Shape_Area": 9.8725550657946989e-11 }, "geometry": { "type": "MultiPolygon", "coordinates": [ [ [ [ 150.580288174000088, -35.018550966999953 ], [ 150.580288439000014, -35.018541956999968 ], [ 150.580277488000092, -35.018541738999943 ], [ 150.580277222000063, -35.018550747999939 ], [ 150.580288174000088, -35.018550966999953 ] ] ] ] } },
{ "type": "Feature", "properties": { "OBJECTID": 3587, "gridcode": 5, "Shape_Length": 0.00010177465272383427, "Shape_Area": 3.9488103007092213e-10 }, "geometry": { "type": "MultiPolygon", "coordinates": [ [ [ [ 150.580693906000079, -35.018541029999938 ], [ 150.58069364000005, -35.01855003999998 ], [ 150.580704592000075, -35.018550257999948 ], [ 150.580704857000114, -35.018541248999952 ], [ 150.580715809000026, -35.018541466999977 ], [ 150.580716074000065, -35.018532457999981 ], [ 150.580683220000083, -35.018531802999973 ], [ 150.580682955000043, -35.018540811999969 ], [ 150.580693906000079, -35.018541029999938 ] ] ] ] } },
{ "type": "Feature", "properties": { "OBJECTID": 3590, "gridcode": 5, "Shape_Length": 0.0003247257995699184, "Shape_Area": 1.3821380315906037e-09 }, "geometry": { "type": "MultiPolygon", "coordinates": [ [ [ [ 150.580310077000036, -35.018551403999936 ], [ 150.580463396000027, -35.01855446199994 ], [ 150.580463661000067, -35.018545452999945 ], [ 150.580310342000075, -35.018542393999951 ], [ 150.580310077000036, -35.018551403999936 ] ] ] ] } },
{ "type": "Feature", "properties": { "OBJECTID": 3591, "gridcode": 5, "Shape_Length": 0.00025512422467168742, "Shape_Area": 1.085950343010412e-09 }, "geometry": { "type": "MultiPolygon", "coordinates": [ [ [ [ 150.580474347000063, -35.018554679999966 ], [ 150.580583861000036, -35.018556864999937 ], [ 150.580584127000066, -35.018547854999952 ], [ 150.580562224000118, -35.018547418999958 ], [ 150.580562489000044, -35.018538408999973 ], [ 150.580551538, -35.018538190999948 ], [ 150.580551272000093, -35.018547199999944 ], [ 150.580474613000092, -35.01854567099997 ], [ 150.580474347000063, -35.018554679999966 ] ] ] ] } },
{ "type": "Feature", "properties": { "OBJECTID": 3592, "gridcode": 5, "Shape_Length": 0.00010177470190022229, "Shape_Area": 3.9489436086855216e-10 }, "geometry": { "type": "MultiPolygon", "coordinates": [ [ [ [ 150.580628198000113, -35.018539719999978 ], [ 150.580627667000044, -35.018557738999959 ], [ 150.58063861800008, -35.018557956999985 ], [ 150.58063888300012, -35.018548947999932 ], [ 150.580660786000067, -35.018549384999972 ], [ 150.580661052000096, -35.01854037499993 ], [ 150.580628198000113, -35.018539719999978 ] ] ] ] } },
{ "type": "Feature", "properties": { "OBJECTID": 3596, "gridcode": 5, "Shape_Length": 3.9933210984519839e-05, "Shape_Area": 9.8721155508131813e-11 }, "geometry": { "type": "MultiPolygon", "coordinates": [ [ [ [ 150.580276691000108, -35.018568766999977 ], [ 150.580276957000024, -35.018559756999935 ], [ 150.580266006000102, -35.018559538999966 ], [ 150.580265740000073, -35.018568547999962 ], [ 150.580276691000108, -35.018568766999977 ] ] ] ] } },
{ "type": "Feature", "properties": { "OBJECTID": 3598, "gridcode": 5, "Shape_Length": 3.9934181428771414e-05, "Shape_Area": 9.8725551461371879e-11 }, "geometry": { "type": "MultiPolygon", "coordinates": [ [ [ [ 150.579980739000121, -35.018571876999943 ], [ 150.579981004000047, -35.018562867999947 ], [ 150.579970053000011, -35.018562648999932 ], [ 150.579969787000095, -35.018571658999974 ], [ 150.579980739000121, -35.018571876999943 ] ] ] ] } },
{ "type": "Feature", "properties": { "OBJECTID": 3599, "gridcode": 5, "Shape_Length": 3.9934181260506985e-05, "Shape_Area": 9.8725550642855066e-11 }, "geometry": { "type": "MultiPolygon", "coordinates": [ [ [ [ 150.580134058000112, -35.018574935999936 ], [ 150.580134323000038, -35.018565926999941 ], [ 150.580123372000116, -35.018565707999983 ], [ 150.580123106000087, -35.018574717999968 ], [ 150.580134058000112, -35.018574935999936 ] ] ] ] } },
{ "type": "Feature", "properties": { "OBJECTID": 3608, "gridcode": 5, "Shape_Length": 3.9934181318462192e-05, "Shape_Area": 9.8725550961661382e-11 }, "geometry": { "type": "MultiPolygon", "coordinates": [ [ [ [ 150.580265209000117, -35.018586566999943 ], [ 150.580265474000043, -35.018577557999947 ], [ 150.580254523000121, -35.018577338999933 ], [ 150.580254257000092, -35.018586348999975 ], [ 150.580265209000117, -35.018586566999943 ] ] ] ] } },
{ "type": "Feature", "properties": { "OBJECTID": 3631, "gridcode": 5, "Shape_Length": 3.9933201653148226e-05, "Shape_Area": 9.8720207699361439e-11 }, "geometry": { "type": "MultiPolygon", "coordinates": [ [ [ [ 150.579978614000083, -35.018643951999934 ], [ 150.579978879, -35.018634942999938 ], [ 150.579967928000087, -35.01863472399998 ], [ 150.579967662000058, -35.018643732999976 ], [ 150.579978614000083, -35.018643951999934 ] ] ] ] } },
{ "type": "Feature", "properties": { "OBJECTID": 3638, "gridcode": 5, "Shape_Length": 5.7961003913221143e-05, "Shape_Area": 1.9745463609894795e-10 }, "geometry": { "type": "MultiPolygon", "coordinates": [ [ [ [ 150.58013246400003, -35.018628991999947 ], [ 150.580131933000075, -35.018647010999985 ], [ 150.5801428850001, -35.018647228999953 ], [ 150.580143416000055, -35.018629210999961 ], [ 150.58013246400003, -35.018628991999947 ] ] ] ] } },
{ "type": "Feature", "properties": { "OBJECTID": 3641, "gridcode": 5, "Shape_Length": 3.9934181264208017e-05, "Shape_Area": 9.8725550657946989e-11 }, "geometry": { "type": "MultiPolygon", "coordinates": [ [ [ [ 150.579967131000103, -35.018661751999957 ], [ 150.579967397000019, -35.018652742999961 ], [ 150.579956445000107, -35.018652523999947 ], [ 150.579956180000067, -35.018661533999932 ], [ 150.579967131000103, -35.018661751999957 ] ] ] ] } },
{ "type": "Feature", "properties": { "OBJECTID": 3643, "gridcode": 5, "Shape_Length": 3.993223132102639e-05, "Shape_Area": 9.8715812745821294e-11 }, "geometry": { "type": "MultiPolygon", "coordinates": [ [ [ [ 150.580142353000042, -35.018665247999934 ], [ 150.580142619000071, -35.018656238999938 ], [ 150.580131668000035, -35.01865601999998 ], [ 150.58013140200012, -35.018665028999976 ], [ 150.580142353000042, -35.018665247999934 ] ] ] ] } },
{ "type": "Feature", "properties": { "OBJECTID": 3656, "gridcode": 5, "Shape_Length": 3.9933211045851726e-05, "Shape_Area": 9.8721155728996908e-11 }, "geometry": { "type": "MultiPolygon", "coordinates": [ [ [ [ 150.579955117000054, -35.018697570999961 ], [ 150.579955383000083, -35.018688561999966 ], [ 150.579944432000048, -35.018688342999951 ], [ 150.579944166000018, -35.018697352999936 ], [ 150.579955117000054, -35.018697570999961 ] ] ] ] } },
{ "type": "Feature", "properties": { "OBJECTID": 3661, "gridcode": 5, "Shape_Length": 3.9933201770154992e-05, "Shape_Area": 9.8720208223912506e-11 }, "geometry": { "type": "MultiPolygon", "coordinates": [ [ [ [ 150.580009609000058, -35.018707672999938 ], [ 150.580009874000098, -35.018698663999942 ], [ 150.579998923000062, -35.018698444999984 ], [ 150.579998657000033, -35.01870745399998 ], [ 150.580009609000058, -35.018707672999938 ] ] ] ] } },
{ "type": "Feature", "properties": { "OBJECTID": 3682, "gridcode": 5, "Shape_Length": 3.9933161875313804e-05, "Shape_Area": 9.8719942726685873e-11 }, "geometry": { "type": "MultiPolygon", "coordinates": [ [ [ [ 150.580117795000092, -35.018754903999934 ], [ 150.580118061000121, -35.018745894999938 ], [ 150.580107109000096, -35.01874567699997 ], [ 150.580106844000056, -35.018754685999966 ], [ 150.580117795000092, -35.018754903999934 ] ] ] ] } },
{ "type": "Feature", "properties": { "OBJECTID": 3695, "gridcode": 5, "Shape_Length": 6.1839540945903199e-05, "Shape_Area": 1.9743564597638637e-10 }, "geometry": { "type": "MultiPolygon", "coordinates": [ [ [ [ 150.579985847000103, -35.018770300999961 ], [ 150.58000775000005, -35.018770737999944 ], [ 150.580008015000089, -35.018761728999948 ], [ 150.579986113000018, -35.018761291999965 ], [ 150.579985847000103, -35.018770300999961 ] ] ] ] } },
{ "type": "Feature", "properties": { "OBJECTID": 3696, "gridcode": 5, "Shape_Length": 3.9934181435468958e-05, "Shape_Area": 9.8725551486212449e-11 }, "geometry": { "type": "MultiPolygon", "coordinates": [ [ [ [ 150.580106047000072, -35.018781713999942 ], [ 150.580106312000112, -35.018772704999947 ], [ 150.580095361000076, -35.018772485999932 ], [ 150.580095095000047, -35.018781495999974 ], [ 150.580106047000072, -35.018781713999942 ] ] ] ] } },
{ "type": "Feature", "properties": { "OBJECTID": 3715, "gridcode": 5, "Shape_Length": 5.7959004221996984e-05, "Shape_Area": 1.9743661677767324e-10 }, "geometry": { "type": "MultiPolygon", "coordinates": [ [ [ [ 150.579996533000099, -35.018779528999971 ], [ 150.57999600200003, -35.018797547999952 ], [ 150.580006953000066, -35.018797765999977 ], [ 150.580007484000021, -35.018779747999929 ], [ 150.579996533000099, -35.018779528999971 ] ] ] ] } },
{ "type": "Feature", "properties": { "OBJECTID": 3730, "gridcode": 5, "Shape_Length": 7.5986806461055773e-05, "Shape_Area": 2.9617077987338603e-10 }, "geometry": { "type": "MultiPolygon", "coordinates": [ [ [ [ 150.580094033000023, -35.018817532999947 ], [ 150.580093236000039, -35.01884456099998 ], [ 150.580104188000064, -35.018844778999949 ], [ 150.580104984000059, -35.018817750999972 ], [ 150.580094033000023, -35.018817532999947 ] ] ] ] } },
{ "type": "Feature", "properties": { "OBJECTID": 3731, "gridcode": 5, "Shape_Length": 0.00010177265319899825, "Shape_Area": 3.9488081201482955e-10 }, "geometry": { "type": "MultiPolygon", "coordinates": [ [ [ [ 150.581089816000031, -35.018864438999969 ], [ 150.581122670000013, -35.018865093999977 ], [ 150.581122935000053, -35.018856084999982 ], [ 150.581111984000017, -35.018855866999957 ], [ 150.581112249000057, -35.018846856999971 ], [ 150.581101298000021, -35.018846638999946 ], [ 150.581101032000106, -35.018855647999942 ], [ 150.58109008100007, -35.018855429999974 ], [ 150.581089816000031, -35.018864438999969 ] ] ] ] } },
{ "type": "Feature", "properties": { "OBJECTID": 3750, "gridcode": 5, "Shape_Length": 7.598680635074239e-05, "Shape_Area": 2.9617077834941396e-10 }, "geometry": { "type": "MultiPolygon", "coordinates": [ [ [ [ 150.580057195000109, -35.018952017999936 ], [ 150.580056398000011, -35.01897904599997 ], [ 150.580067350000036, -35.018979263999938 ], [ 150.580068146000031, -35.018952235999961 ], [ 150.580057195000109, -35.018952017999936 ] ] ] ] } },
{ "type": "Feature", "properties": { "OBJECTID": 3799, "gridcode": 5, "Shape_Length": 3.9933210928832355e-05, "Shape_Area": 9.8721155204445854e-11 }, "geometry": { "type": "MultiPolygon", "coordinates": [ [ [ [ 150.576196492000122, -35.019442853999976 ], [ 150.576196758000037, -35.01943384499998 ], [ 150.576185807000115, -35.019433625999966 ], [ 150.576185541000086, -35.019442635999951 ], [ 150.576196492000122, -35.019442853999976 ] ] ] ] } },
{ "type": "Feature", "properties": { "OBJECTID": 3802, "gridcode": 5, "Shape_Length": 0.00010177382098089273, "Shape_Area": 3.9488831245555026e-10 }, "geometry": { "type": "MultiPolygon", "coordinates": [ [ [ [ 150.57639770000003, -35.020050855999955 ], [ 150.576397434000114, -35.020059864999951 ], [ 150.576408385000036, -35.020060083999965 ], [ 150.576408917000094, -35.020042064999984 ], [ 150.576376063000112, -35.02004140899993 ], [ 150.576375797000082, -35.020050417999983 ], [ 150.57639770000003, -35.020050855999955 ] ] ] ] } },
{ "type": "Feature", "properties": { "OBJECTID": 3804, "gridcode": 5, "Shape_Length": 3.99342310750839e-05, "Shape_Area": 9.87248224939291e-11 }, "geometry": { "type": "MultiPolygon", "coordinates": [ [ [ [ 150.573588516000086, -35.020183998999983 ], [ 150.573588782000115, -35.02017498999993 ], [ 150.57357783000009, -35.020174770999972 ], [ 150.573577564000061, -35.020183779999968 ], [ 150.573588516000086, -35.020183998999983 ] ] ] ] } },
{ "type": "Feature", "properties": { "OBJECTID": 3806, "gridcode": 5, "Shape_Length": 3.9933260678840383e-05, "Shape_Area": 9.8720426697003151e-11 }, "geometry": { "type": "MultiPolygon", "coordinates": [ [ [ [ 150.573641143000032, -35.020257168999933 ], [ 150.573641409000061, -35.020248159999937 ], [ 150.573630458000025, -35.02024794099998 ], [ 150.57363019100012, -35.020256949999975 ], [ 150.573641143000032, -35.020257168999933 ] ] ] ] } },
{ "type": "Feature", "properties": { "OBJECTID": 3808, "gridcode": 5, "Shape_Length": 3.9935250549700205e-05, "Shape_Area": 9.8730430910030875e-11 }, "geometry": { "type": "MultiPolygon", "coordinates": [ [ [ [ 150.5736619810001, -35.020293644999981 ], [ 150.573662247000016, -35.020284634999939 ], [ 150.573651295000104, -35.020284415999981 ], [ 150.573651029000075, -35.020293424999977 ], [ 150.5736619810001, -35.020293644999981 ] ] ] ] } },
{ "type": "Feature", "properties": { "OBJECTID": 3811, "gridcode": 5, "Shape_Length": 3.9933260681125962e-05, "Shape_Area": 9.8720426712151917e-11 }, "geometry": { "type": "MultiPolygon", "coordinates": [ [ [ [ 150.573715673000038, -35.02033077699997 ], [ 150.573715940000056, -35.020321767999974 ], [ 150.573704988000031, -35.020321548999959 ], [ 150.573704722000116, -35.020330557999955 ], [ 150.573715673000038, -35.02033077699997 ] ] ] ] } },
{ "type": "Feature", "properties": { "OBJECTID": 3812, "gridcode": 5, "Shape_Length": 3.9935250494017974e-05, "Shape_Area": 9.8730430606316494e-11 }, "geometry": { "type": "MultiPolygon", "coordinates": [ [ [ [ 150.573781383000096, -35.020332091999933 ], [ 150.573781649000011, -35.020323081999948 ], [ 150.5737706970001, -35.020322862999933 ], [ 150.573770431000071, -35.020331871999929 ], [ 150.573781383000096, -35.020332091999933 ] ] ] ] } },
{ "type": "Feature", "properties": { "OBJECTID": 3814, "gridcode": 5, "Shape_Length": 3.9934230902382298e-05, "Shape_Area": 9.8724821665663653e-11 }, "geometry": { "type": "MultiPolygon", "coordinates": [ [ [ [ 150.573803020000014, -35.020341538999958 ], [ 150.573803286000043, -35.020332529999962 ], [ 150.573792334000018, -35.020332310999947 ], [ 150.573792068000103, -35.020341319999943 ], [ 150.573803020000014, -35.020341538999958 ] ] ] ] } },
{ "type": "Feature", "properties": { "OBJECTID": 3816, "gridcode": 5, "Shape_Length": 3.993521062675525e-05, "Shape_Area": 9.8730165133708333e-11 }, "geometry": { "type": "MultiPolygon", "coordinates": [ [ [ [ 150.576665418000061, -35.020633140999962 ], [ 150.576665684000091, -35.020624131999966 ], [ 150.576654732000065, -35.020623912999952 ], [ 150.576654466000036, -35.020632922999937 ], [ 150.576665418000061, -35.020633140999962 ] ] ] ] } },
{ "type": "Feature", "properties": { "OBJECTID": 3825, "gridcode": 5, "Shape_Length": 0.00013782762442733003, "Shape_Area": 6.9107467702725736e-10 }, "geometry": { "type": "MultiPolygon", "coordinates": [ [ [ [ 150.574046651000117, -35.020625865999932 ], [ 150.574046385000088, -35.020634874999985 ], [ 150.574057337000113, -35.020635093999942 ], [ 150.574057603000028, -35.020626084999947 ], [ 150.574068555000053, -35.020626303999961 ], [ 150.574068821000083, -35.020617293999976 ], [ 150.574057869000058, -35.020617074999961 ], [ 150.574058136000076, -35.020608065999966 ], [ 150.574047184000051, -35.020607846999951 ], [ 150.57404745000008, -35.020598837999955 ], [ 150.574036499000044, -35.020598618999941 ], [ 150.574035700000081, -35.020625645999928 ], [ 150.574046651000117, -35.020625865999932 ] ] ] ] } },
{ "type": "Feature", "properties": { "OBJECTID": 3826, "gridcode": 5, "Shape_Length": 7.9868520583916674e-05, "Shape_Area": 3.9490361127345267e-10 }, "geometry": { "type": "MultiPolygon", "coordinates": [ [ [ [ 150.574101143000121, -35.020635969999944 ], [ 150.574123046000068, -35.020636407999973 ], [ 150.574123579000116, -35.020618388999935 ], [ 150.574101676000055, -35.020617950999963 ], [ 150.574101143000121, -35.020635969999944 ] ] ] ] } },
{ "type": "Feature", "properties": { "OBJECTID": 3829, "gridcode": 5, "Shape_Length": 0.00019967507275737829, "Shape_Area": 1.1847284167660939e-09 }, "geometry": { "type": "MultiPolygon", "coordinates": [ [ [ [ 150.576740483000094, -35.020688728999971 ], [ 150.576739951000036, -35.020706747999952 ], [ 150.576750903000061, -35.020706965999977 ], [ 150.57675116900009, -35.020697956999982 ], [ 150.576762121000115, -35.020698175999939 ], [ 150.57676265300006, -35.020680156999958 ], [ 150.57674074900001, -35.020679719999976 ], [ 150.576741015000039, -35.020670709999933 ], [ 150.576730064000117, -35.020670491999965 ], [ 150.576730330000032, -35.02066148199998 ], [ 150.576719378000121, -35.020661262999965 ], [ 150.576719112000092, -35.020670272999951 ], [ 150.576708160000067, -35.020670053999936 ], [ 150.576707628000122, -35.020688072999974 ], [ 150.576740483000094, -35.020688728999971 ] ] ] ] } },
{ "type": "Feature", "properties": { "OBJECTID": 3831, "gridcode": 5, "Shape_Length": 3.9933211043583846e-05, "Shape_Area": 9.8721155713876563e-11 }, "geometry": { "type": "MultiPolygon", "coordinates": [ [ [ [ 150.576772274000064, -35.020725422999931 ], [ 150.576772540000093, -35.020716412999946 ], [ 150.576761589000057, -35.020716194999977 ], [ 150.576761323000028, -35.020725203999973 ], [ 150.576772274000064, -35.020725422999931 ] ] ] ] } },
{ "type": "Feature", "properties": { "OBJECTID": 3832, "gridcode": 5, "Shape_Length": 3.9935259841255069e-05, "Shape_Area": 9.8731378399994932e-11 }, "geometry": { "type": "MultiPolygon", "coordinates": [ [ [ [ 150.574154570000019, -35.020682111999974 ], [ 150.574154836000048, -35.020673101999932 ], [ 150.574143885000012, -35.020672882999975 ], [ 150.574143618000107, -35.02068189299996 ], [ 150.574154570000019, -35.020682111999974 ] ] ] ] } },
{ "type": "Feature", "properties": { "OBJECTID": 3834, "gridcode": 5, "Shape_Length": 3.9934231019401675e-05, "Shape_Area": 9.8724822190214706e-11 }, "geometry": { "type": "MultiPolygon", "coordinates": [ [ [ [ 150.574252336000086, -35.020711110999969 ], [ 150.574252602000115, -35.020702101999973 ], [ 150.57424165000009, -35.020701882999958 ], [ 150.574241384000061, -35.020710891999954 ], [ 150.574252336000086, -35.020711110999969 ] ] ] ] } },
{ "type": "Feature", "properties": { "OBJECTID": 3840, "gridcode": 5, "Shape_Length": 5.7959112859569535e-05, "Shape_Area": 1.9744074393790328e-10 }, "geometry": { "type": "MultiPolygon", "coordinates": [ [ [ [ 150.574153771000056, -35.020709139999951 ], [ 150.574153239000111, -35.020727157999943 ], [ 150.574164190000033, -35.020727376999957 ], [ 150.574164723000081, -35.020709358999966 ], [ 150.574153771000056, -35.020709139999951 ] ] ] ] } },
{ "type": "Feature", "properties": { "OBJECTID": 3841, "gridcode": 5, "Shape_Length": 3.9935259958286664e-05, "Shape_Area": 9.8731378924602842e-11 }, "geometry": { "type": "MultiPolygon", "coordinates": [ [ [ [ 150.574240585000098, -35.020737919999931 ], [ 150.574240852000116, -35.020728909999946 ], [ 150.574229900000091, -35.020728690999931 ], [ 150.574229634000062, -35.020737700999973 ], [ 150.574240585000098, -35.020737919999931 ] ] ] ] } },
{ "type": "Feature", "properties": { "OBJECTID": 3842, "gridcode": 5, "Shape_Length": 7.9868421494241624e-05, "Shape_Area": 2.961670242076469e-10 }, "geometry": { "type": "MultiPolygon", "coordinates": [ [ [ [ 150.576792582000053, -35.020779915999981 ], [ 150.576814485000114, -35.020780353999953 ], [ 150.576814751000029, -35.020771343999968 ], [ 150.576803799000118, -35.020771125999943 ], [ 150.576804065000033, -35.020762115999958 ], [ 150.576793114000111, -35.020761897999932 ], [ 150.576792582000053, -35.020779915999981 ] ] ] ] } },
{ "type": "Feature", "properties": { "OBJECTID": 3844, "gridcode": 5, "Shape_Length": 0.00067499969256499506, "Shape_Area": 8.5890522836686077e-09 }, "geometry": { "type": "MultiPolygon", "coordinates": [ [ [ [ 150.574010868000073, -35.020724310999981 ], [ 150.574010601000055, -35.020733319999977 ], [ 150.57402155300008, -35.020733538999934 ], [ 150.574022086000014, -35.020715519999953 ], [ 150.574011134000102, -35.020715300999939 ], [ 150.574011400000018, -35.020706291999943 ], [ 150.574044255000103, -35.02070694899993 ], [ 150.574044521000019, -35.020697939999934 ], [ 150.574033570000097, -35.020697720999976 ], [ 150.574033836000012, -35.020688711999981 ], [ 150.574044788000037, -35.020688930999938 ], [ 150.574045054000067, -35.020679920999953 ], [ 150.574056005000102, -35.020680139999968 ], [ 150.574056272000121, -35.020671130999972 ], [ 150.574045320000096, -35.020670911999957 ], [ 150.574045586000011, -35.020661902999962 ], [ 150.574034635000089, -35.020661683999947 ], [ 150.574035167000034, -35.020643664999966 ], [ 150.574024216000112, -35.020643445999951 ], [ 150.574025014000085, -35.020616417999975 ], [ 150.573992160000103, -35.020615760999931 ], [ 150.573992958000076, -35.020588732999954 ], [ 150.574003910000101, -35.020588951999969 ], [ 150.574004176000017, -35.020579942999973 ], [ 150.573993225000095, -35.020579723999958 ], [ 150.57399349100001, -35.020570713999973 ], [ 150.573938733000091, -35.020569618999957 ], [ 150.573937934000014, -35.020596646999934 ], [ 150.573948886000039, -35.020596865999948 ], [ 150.573948087000076, -35.020623893999982 ], [ 150.573959039000101, -35.02062411299994 ], [ 150.573958506000054, -35.020642131999978 ], [ 150.573980409000114, -35.02064256999995 ], [ 150.573980143000085, -35.020651578999946 ], [ 150.57399109500011, -35.02065179799996 ], [ 150.573990562000063, -35.020669816999941 ], [ 150.573979610000038, -35.020669597999984 ], [ 150.573979344000122, -35.020678606999979 ], [ 150.573968393000087, -35.020678387999965 ], [ 150.573967860000039, -35.020696406999946 ], [ 150.573978812000064, -35.02069662599996 ], [ 150.573978545000045, -35.020705634999956 ], [ 150.574000449000096, -35.020706072999928 ], [ 150.573999916000048, -35.020724091999966 ], [ 150.574010868000073, -35.020724310999981 ] ] ] ] } },
{ "type": "Feature", "properties": { "OBJECTID": 3845, "gridcode": 5, "Shape_Length": 3.9933260798145326e-05, "Shape_Area": 9.8720427236702996e-11 }, "geometry": { "type": "MultiPolygon", "coordinates": [ [ [ [ 150.574032238000086, -35.020742766999945 ], [ 150.574032505000105, -35.020733757999949 ], [ 150.57402155300008, -35.020733538999934 ], [ 150.574021287000051, -35.02074254799993 ], [ 150.574032238000086, -35.020742766999945 ] ] ] ] } },
{ "type": "Feature", "properties": { "OBJECTID": 3846, "gridcode": 5, "Shape_Length": 3.9932231440318838e-05, "Shape_Area": 9.8715813285492706e-11 }, "geometry": { "type": "MultiPolygon", "coordinates": [ [ [ [ 150.574152706000064, -35.020745176999981 ], [ 150.574152972000093, -35.020736167999985 ], [ 150.574142021000057, -35.02073594899997 ], [ 150.574141755000028, -35.020744957999966 ], [ 150.574152706000064, -35.020745176999981 ] ] ] ] } },
{ "type": "Feature", "properties": { "OBJECTID": 3847, "gridcode": 5, "Shape_Length": 3.9933211045851726e-05, "Shape_Area": 9.8721155728996908e-11 }, "geometry": { "type": "MultiPolygon", "coordinates": [ [ [ [ 150.576868711000088, -35.020799465999971 ], [ 150.576868977000117, -35.020790456999976 ], [ 150.576858026000082, -35.020790237999961 ], [ 150.576857760000053, -35.020799247999946 ], [ 150.576868711000088, -35.020799465999971 ] ] ] ] } },
{ "type": "Feature", "properties": { "OBJECTID": 3848, "gridcode": 5, "Shape_Length": 3.9936230127139701e-05, "Shape_Area": 9.8735774074418018e-11 }, "geometry": { "type": "MultiPolygon", "coordinates": [ [ [ [ 150.574042924000082, -35.020751995999944 ], [ 150.574043190000111, -35.020742985999959 ], [ 150.574032238000086, -35.020742766999945 ], [ 150.574031972000057, -35.02075177699993 ], [ 150.574042924000082, -35.020751995999944 ] ] ] ] } },
{ "type": "Feature", "properties": { "OBJECTID": 3854, "gridcode": 5, "Shape_Length": 3.9933260798145326e-05, "Shape_Area": 9.8720427236702996e-11 }, "geometry": { "type": "MultiPolygon", "coordinates": [ [ [ [ 150.574130270000069, -35.020762756999943 ], [ 150.574130537000087, -35.020753747999947 ], [ 150.574119585000062, -35.020753528999933 ], [ 150.574119319000033, -35.020762537999929 ], [ 150.574130270000069, -35.020762756999943 ] ] ] ] } },
{ "type": "Feature", "properties": { "OBJECTID": 3861, "gridcode": 5, "Shape_Length": 0.00014947314519069644, "Shape_Area": 5.9236390321688039e-10 }, "geometry": { "type": "MultiPolygon", "coordinates": [ [ [ [ 150.57405334300006, -35.020770232999951 ], [ 150.574119053000118, -35.020771547999971 ], [ 150.574119319000033, -35.020762537999929 ], [ 150.574053609000089, -35.020761223999955 ], [ 150.57405334300006, -35.020770232999951 ] ] ] ] } },
{ "type": "Feature", "properties": { "OBJECTID": 3863, "gridcode": 5, "Shape_Length": 3.9934231019401675e-05, "Shape_Area": 9.8724822190214706e-11 }, "geometry": { "type": "MultiPolygon", "coordinates": [ [ [ [ 150.57685669600005, -35.020835284999976 ], [ 150.576856962000079, -35.02082627599998 ], [ 150.576846010000054, -35.020826056999965 ], [ 150.576845744000025, -35.020835065999961 ], [ 150.57685669600005, -35.020835284999976 ] ] ] ] } },
{ "type": "Feature", "properties": { "OBJECTID": 3868, "gridcode": 5, "Shape_Length": 3.9934231017128808e-05, "Shape_Area": 9.8724822175094362e-11 }, "geometry": { "type": "MultiPolygon", "coordinates": [ [ [ [ 150.576867382000046, -35.020844512999929 ], [ 150.576867648000075, -35.020835503999933 ], [ 150.57685669600005, -35.020835284999976 ], [ 150.576856430000021, -35.020844293999971 ], [ 150.576867382000046, -35.020844512999929 ] ] ] ] } },
{ "type": "Feature", "properties": { "OBJECTID": 3870, "gridcode": 5, "Shape_Length": 3.9932231496000961e-05, "Shape_Area": 9.8715813589178677e-11 }, "geometry": { "type": "MultiPolygon", "coordinates": [ [ [ [ 150.576878067000052, -35.020853740999939 ], [ 150.576878333000082, -35.020844731999944 ], [ 150.576867382000046, -35.020844512999929 ], [ 150.576867116000017, -35.020853521999982 ], [ 150.576878067000052, -35.020853740999939 ] ] ] ] } },
{ "type": "Feature", "properties": { "OBJECTID": 3876, "gridcode": 5, "Shape_Length": 3.9934181260494543e-05, "Shape_Area": 9.8725550642855066e-11 }, "geometry": { "type": "MultiPolygon", "coordinates": [ [ [ [ 150.576888221000104, -35.020880987999931 ], [ 150.576888487000019, -35.020871977999946 ], [ 150.576877535000108, -35.020871759999977 ], [ 150.576877270000068, -35.020880768999973 ], [ 150.576888221000104, -35.020880987999931 ] ] ] ] } },
{ "type": "Feature", "properties": { "OBJECTID": 3880, "gridcode": 5, "Shape_Length": 0.0001159201657456768, "Shape_Area": 4.9362759484086949e-10 }, "geometry": { "type": "MultiPolygon", "coordinates": [ [ [ [ 150.576932294000017, -35.020872853999947 ], [ 150.576932028000101, -35.020881862999943 ], [ 150.576942979000023, -35.020882081999957 ], [ 150.576943511000081, -35.020864062999976 ], [ 150.576932560000046, -35.020863843999962 ], [ 150.576933092000104, -35.02084582599997 ], [ 150.576922140000079, -35.020845606999956 ], [ 150.576921342000105, -35.020872634999932 ], [ 150.576932294000017, -35.020872853999947 ] ] ] ] } },
{ "type": "Feature", "properties": { "OBJECTID": 3886, "gridcode": 5, "Shape_Length": 9.7894273872029135e-05, "Shape_Area": 3.9489182226586195e-10 }, "geometry": { "type": "MultiPolygon", "coordinates": [ [ [ [ 150.576909593000096, -35.020899443999951 ], [ 150.576909327000067, -35.020908452999947 ], [ 150.576920278000102, -35.020908671999962 ], [ 150.576920810000047, -35.020890652999981 ], [ 150.576909859000011, -35.020890434999956 ], [ 150.57691012500004, -35.02088142499997 ], [ 150.576899173000015, -35.020881206999945 ], [ 150.576898641000071, -35.020899224999937 ], [ 150.576909593000096, -35.020899443999951 ] ] ] ] } },
{ "type": "Feature", "properties": { "OBJECTID": 3893, "gridcode": 5, "Shape_Length": 0.00011592211584312705, "Shape_Area": 4.9362737868294927e-10 }, "geometry": { "type": "MultiPolygon", "coordinates": [ [ [ [ 150.57694191600001, -35.02091811899993 ], [ 150.576941118000036, -35.020945146999964 ], [ 150.576952070000061, -35.020945365999978 ], [ 150.576953133000075, -35.020909327999959 ], [ 150.576931230000014, -35.020908890999976 ], [ 150.576930964000098, -35.020917899999972 ], [ 150.57694191600001, -35.02091811899993 ] ] ] ] } },
{ "type": "Feature", "properties": { "OBJECTID": 3894, "gridcode": 5, "Shape_Length": 3.9932231438045767e-05, "Shape_Area": 9.8715813270372361e-11 }, "geometry": { "type": "MultiPolygon", "coordinates": [ [ [ [ 150.576962755000068, -35.020954593999932 ], [ 150.576963021000097, -35.020945584999936 ], [ 150.576952070000061, -35.020945365999978 ], [ 150.576951804000032, -35.020954374999974 ], [ 150.576962755000068, -35.020954593999932 ] ] ] ] } },
{ "type": "Feature", "properties": { "OBJECTID": 3907, "gridcode": 5, "Shape_Length": 3.9932231440318838e-05, "Shape_Area": 9.8715813285492706e-11 }, "geometry": { "type": "MultiPolygon", "coordinates": [ [ [ [ 150.574376833000088, -35.020947980999949 ], [ 150.574377099000117, -35.020938971999954 ], [ 150.574366148000081, -35.020938752999939 ], [ 150.574365882000052, -35.020947761999935 ], [ 150.574376833000088, -35.020947980999949 ] ] ] ] } },
{ "type": "Feature", "properties": { "OBJECTID": 3918, "gridcode": 5, "Shape_Length": 5.7960082809847298e-05, "Shape_Area": 1.9744257775133567e-10 }, "geometry": { "type": "MultiPolygon", "coordinates": [ [ [ [ 150.576994015000082, -35.021009305999939 ], [ 150.576993483000024, -35.021027324999977 ], [ 150.57700443400006, -35.021027543999935 ], [ 150.577004966000118, -35.021009524999954 ], [ 150.576994015000082, -35.021009305999939 ] ] ] ] } },
{ "type": "Feature", "properties": { "OBJECTID": 3920, "gridcode": 5, "Shape_Length": 0.00017776571445424479, "Shape_Area": 8.8852270988472899e-10 }, "geometry": { "type": "MultiPolygon", "coordinates": [ [ [ [ 150.576938724000115, -35.021026230999951 ], [ 150.576938192000057, -35.021044249999932 ], [ 150.576949144000082, -35.021044467999957 ], [ 150.576949410000111, -35.021035458999961 ], [ 150.576960362000023, -35.021035677999976 ], [ 150.576960628000052, -35.021026667999934 ], [ 150.576982531000112, -35.021027105999963 ], [ 150.576983063000057, -35.021009086999982 ], [ 150.576972111000032, -35.021008868999957 ], [ 150.576972377000061, -35.020999858999971 ], [ 150.576961426000025, -35.020999640999946 ], [ 150.576960894000081, -35.021017658999938 ], [ 150.576949942000056, -35.02101743999998 ], [ 150.576949676000027, -35.021026449999965 ], [ 150.576938724000115, -35.021026230999951 ] ] ] ] } },
{ "type": "Feature", "properties": { "OBJECTID": 3924, "gridcode": 5, "Shape_Length": 3.9933250916764158e-05, "Shape_Area": 9.8721421201605069e-11 }, "geometry": { "type": "MultiPolygon", "coordinates": [ [ [ [ 150.57387092700003, -35.021009979999974 ], [ 150.573871193000059, -35.021000970999978 ], [ 150.573860242000023, -35.021000750999974 ], [ 150.573859976000108, -35.021009760999959 ], [ 150.57387092700003, -35.021009979999974 ] ] ] ] } },
{ "type": "Feature", "properties": { "OBJECTID": 3925, "gridcode": 5, "Shape_Length": 0.00015974001108607646, "Shape_Area": 7.8979861566708687e-10 }, "geometry": { "type": "MultiPolygon", "coordinates": [ [ [ [ 150.57390431500005, -35.02099261799998 ], [ 150.573904048000031, -35.021001627999965 ], [ 150.573915, -35.02100184699998 ], [ 150.573915533000104, -35.020983827999942 ], [ 150.573904581000079, -35.020983608999984 ], [ 150.573904847000108, -35.020974599999931 ], [ 150.573882944000047, -35.020974161999959 ], [ 150.573882678000018, -35.020983170999955 ], [ 150.573871726000107, -35.02098295199994 ], [ 150.573871193000059, -35.021000970999978 ], [ 150.573882145000084, -35.021001189999936 ], [ 150.573882411000113, -35.020992179999951 ], [ 150.57390431500005, -35.02099261799998 ] ] ] ] } },
{ "type": "Feature", "properties": { "OBJECTID": 3928, "gridcode": 5, "Shape_Length": 9.789328443916045e-05, "Shape_Area": 3.948923543728156e-10 }, "geometry": { "type": "MultiPolygon", "coordinates": [ [ [ [ 150.577003902000115, -35.021045561999983 ], [ 150.577003371000046, -35.021063580999964 ], [ 150.577014322000082, -35.021063799999979 ], [ 150.577015120000056, -35.021036771999945 ], [ 150.576993217000108, -35.021036333999973 ], [ 150.576992951000079, -35.021045342999969 ], [ 150.577003902000115, -35.021045561999983 ] ] ] ] } },
{ "type": "Feature", "properties": { "OBJECTID": 3930, "gridcode": 5, "Shape_Length": 3.9933210928832525e-05, "Shape_Area": 9.8721155204445854e-11 }, "geometry": { "type": "MultiPolygon", "coordinates": [ [ [ [ 150.577013790000024, -35.021081817999971 ], [ 150.577014056000053, -35.021072808999975 ], [ 150.577003105000017, -35.02107258999996 ], [ 150.577002839000102, -35.021081599999945 ], [ 150.577013790000024, -35.021081817999971 ] ] ] ] } },
{ "type": "Feature", "properties": { "OBJECTID": 3931, "gridcode": 5, "Shape_Length": 3.9933260798145326e-05, "Shape_Area": 9.8720427236702996e-11 }, "geometry": { "type": "MultiPolygon", "coordinates": [ [ [ [ 150.574001814000098, -35.021030626999959 ], [ 150.574002081000117, -35.021021617999963 ], [ 150.573991129000092, -35.021021398999949 ], [ 150.573990863000063, -35.021030407999945 ], [ 150.574001814000098, -35.021030626999959 ] ] ] ] } },
{ "type": "Feature", "properties": { "OBJECTID": 3936, "gridcode": 5, "Shape_Length": 0.00011980363211692261, "Shape_Area": 4.9361311130687311e-10 }, "geometry": { "type": "MultiPolygon", "coordinates": [ [ [ [ 150.576969984000016, -35.021080942999959 ], [ 150.5769697180001, -35.021089952999944 ], [ 150.576980669000022, -35.021090170999969 ], [ 150.576980935000051, -35.021081161999973 ], [ 150.576991887000077, -35.021081380999931 ], [ 150.576992153000106, -35.021072370999946 ], [ 150.576981201000081, -35.021072152999977 ], [ 150.57698146700011, -35.021063142999935 ], [ 150.576970516000074, -35.021062924999967 ], [ 150.576970250000045, -35.021071933999963 ], [ 150.57695929800002, -35.021071714999948 ], [ 150.576959032000104, -35.021080723999944 ], [ 150.576969984000016, -35.021080942999959 ] ] ] ] } },
{ "type": "Feature", "properties": { "OBJECTID": 3937, "gridcode": 5, "Shape_Length": 3.9935259958286583e-05, "Shape_Area": 9.8731378924602842e-11 }, "geometry": { "type": "MultiPolygon", "coordinates": [ [ [ [ 150.57400128200004, -35.02104864599994 ], [ 150.574001548000069, -35.021039635999955 ], [ 150.573990597000034, -35.02103941699994 ], [ 150.573990330000015, -35.021048426999982 ], [ 150.57400128200004, -35.02104864599994 ] ] ] ] } },
{ "type": "Feature", "properties": { "OBJECTID": 3943, "gridcode": 5, "Shape_Length": 0.0017931586397355876, "Shape_Area": 1.4907469892606552e-08 }, "geometry": { "type": "MultiPolygon", "coordinates": [ [ [ [ 150.573880281000015, -35.021064254999942 ], [ 150.573935039000048, -35.021065349999958 ], [ 150.573935572000096, -35.021047330999977 ], [ 150.573946524000121, -35.021047549999935 ], [ 150.573947056000065, -35.021029531999943 ], [ 150.57393610500003, -35.021029312999929 ], [ 150.573935838000011, -35.021038321999981 ], [ 150.573924887000089, -35.021038102999967 ], [ 150.573924620000071, -35.021047111999962 ], [ 150.573913669000035, -35.021046892999948 ], [ 150.573913402000017, -35.021055902999933 ], [ 150.573902451000095, -35.021055683999975 ], [ 150.57390271700001, -35.021046673999933 ], [ 150.573891765000099, -35.021046454999976 ], [ 150.573893097000109, -35.02100140899995 ], [ 150.573882145000084, -35.021001189999936 ], [ 150.573881613000026, -35.021019207999984 ], [ 150.573848758000054, -35.021018550999941 ], [ 150.573849024000083, -35.021009541999945 ], [ 150.573838072000058, -35.02100932299993 ], [ 150.573837806000029, -35.021018331999983 ], [ 150.573826854000117, -35.021018112999968 ], [ 150.573827387000051, -35.02100009399993 ], [ 150.573794532000079, -35.020999436999944 ], [ 150.573794798000108, -35.020990427999948 ], [ 150.573783847000072, -35.020990208999933 ], [ 150.573784113000102, -35.020981198999948 ], [ 150.573773161000076, -35.020980979999933 ], [ 150.573774226000069, -35.020944942999961 ], [ 150.573785178000094, -35.020945161999975 ], [ 150.573785444, -35.02093615299998 ], [ 150.573840203000032, -35.020937247999939 ], [ 150.573840469000061, -35.020928238999943 ], [ 150.573873324000033, -35.02092889599993 ], [ 150.573873590000062, -35.020919886999934 ], [ 150.573884542000087, -35.020920105999949 ], [ 150.573884808000116, -35.020911096999953 ], [ 150.573895760000028, -35.020911315999967 ], [ 150.573896026000057, -35.020902305999982 ], [ 150.573906978000082, -35.02090252499994 ], [ 150.573907244000111, -35.020893515999944 ], [ 150.573951050000119, -35.020894391999946 ], [ 150.57395078400009, -35.020903401999931 ], [ 150.573961736000115, -35.020903620999945 ], [ 150.573961203000067, -35.020921638999937 ], [ 150.573972155000092, -35.020921857999951 ], [ 150.573971622000045, -35.020939876999932 ], [ 150.573960671, -35.020939657999975 ], [ 150.573960404000104, -35.020948666999971 ], [ 150.573971356000015, -35.020948885999928 ], [ 150.5739710900001, -35.02095789599997 ], [ 150.573960138000075, -35.020957675999966 ], [ 150.573959339000112, -35.020984703999943 ], [ 150.573948388000076, -35.020984484999929 ], [ 150.573947056000065, -35.021029531999943 ], [ 150.573958008000091, -35.021029750999958 ], [ 150.57395827400012, -35.021020741999962 ], [ 150.573969226000031, -35.021020960999977 ], [ 150.573969758000089, -35.021002941999939 ], [ 150.573980710000114, -35.021003160999953 ], [ 150.57398097600003, -35.020994151999957 ], [ 150.573991928000055, -35.020994370999972 ], [ 150.573992194000084, -35.020985361999976 ], [ 150.574003146000109, -35.020985580999934 ], [ 150.574003678000054, -35.020967561999953 ], [ 150.573992727000018, -35.020967342999938 ], [ 150.573994324000068, -35.020913286999985 ], [ 150.573983373000033, -35.02091306799997 ], [ 150.573983905000091, -35.020895048999932 ], [ 150.573972954000055, -35.020894829999975 ], [ 150.573973220000084, -35.020885820999979 ], [ 150.573962268000059, -35.020885601999964 ], [ 150.573962535000078, -35.020876592999969 ], [ 150.573951583000053, -35.020876373999954 ], [ 150.573951849000082, -35.020867363999969 ], [ 150.573940898000046, -35.020867144999954 ], [ 150.573941164000075, -35.020858135999958 ], [ 150.573908309000103, -35.020857478999972 ], [ 150.573907776000055, -35.020875496999963 ], [ 150.57389682500002, -35.020875277999949 ], [ 150.573896558000115, -35.020884287999934 ], [ 150.573885607000079, -35.020884068999976 ], [ 150.57388534100005, -35.020893077999972 ], [ 150.573874389000025, -35.020892858999957 ], [ 150.57387412300011, -35.020901867999953 ], [ 150.573863171000085, -35.020901648999939 ], [ 150.573862905000055, -35.020910657999934 ], [ 150.573830050000083, -35.020910000999947 ], [ 150.573829783000065, -35.020919010999933 ], [ 150.573807880000118, -35.020918571999971 ], [ 150.573807614000089, -35.020927581999956 ], [ 150.57374190400003, -35.020926266999936 ], [ 150.573741371000096, -35.020944285999974 ], [ 150.573752323000122, -35.020944504999932 ], [ 150.573751791000063, -35.02096252399997 ], [ 150.573740839000038, -35.020962304999955 ], [ 150.573740306000104, -35.020980322999947 ], [ 150.573751258000016, -35.020980541999961 ], [ 150.573750193000024, -35.021016578999934 ], [ 150.573772096000084, -35.021017017999952 ], [ 150.573772362000113, -35.021008007999967 ], [ 150.57379426600005, -35.021008445999939 ], [ 150.573793733000116, -35.021026464999977 ], [ 150.573815636000063, -35.021026902999949 ], [ 150.573815370000034, -35.021035911999945 ], [ 150.573826322000059, -35.021036131999949 ], [ 150.573826588000088, -35.021027121999964 ], [ 150.57385944300006, -35.021027778999951 ], [ 150.573859177000031, -35.021036788999936 ], [ 150.573870128000067, -35.021037007999951 ], [ 150.573869596000122, -35.021055025999942 ], [ 150.573880547000044, -35.021055244999957 ], [ 150.573880281000015, -35.021064254999942 ] ] ] ] } },
{ "type": "Feature", "properties": { "OBJECTID": 3947, "gridcode": 5, "Shape_Length": 0.0021292763013966171, "Shape_Area": 3.2085685842361034e-08 }, "geometry": { "type": "MultiPolygon", "coordinates": [ [ [ [ 150.577220011000122, -35.021149039999955 ], [ 150.577241914000069, -35.021149477999984 ], [ 150.577242180000098, -35.021140467999942 ], [ 150.577231229000063, -35.021140249999974 ], [ 150.577231761000121, -35.021122230999936 ], [ 150.577220809000096, -35.021122011999978 ], [ 150.57722160700007, -35.021094983999944 ], [ 150.577210655000044, -35.02109476499993 ], [ 150.577211187000103, -35.021076746999938 ], [ 150.577200235000078, -35.02107652799998 ], [ 150.577200767000022, -35.021058508999943 ], [ 150.577189815000111, -35.021058290999974 ], [ 150.577190613000084, -35.021031262999941 ], [ 150.577179661000059, -35.021031043999983 ], [ 150.577180725000062, -35.020995006999954 ], [ 150.577169773000037, -35.020994787999939 ], [ 150.577170305000095, -35.020976768999958 ], [ 150.57715935300007, -35.020976549999943 ], [ 150.577159619000099, -35.020967540999948 ], [ 150.577148668000063, -35.020967321999933 ], [ 150.577148934000093, -35.020958312999937 ], [ 150.577137982000067, -35.02095809399998 ], [ 150.577138514000012, -35.020940075999931 ], [ 150.577127562000101, -35.020939856999973 ], [ 150.577127828000016, -35.020930846999931 ], [ 150.577105925000069, -35.020930409999949 ], [ 150.577106191000098, -35.020921400999953 ], [ 150.577095239000073, -35.020921181999938 ], [ 150.577095505000102, -35.020912172999942 ], [ 150.577084553000077, -35.020911953999985 ], [ 150.577085085000022, -35.020893934999947 ], [ 150.57707413300011, -35.020893715999932 ], [ 150.577074665000055, -35.020875697999941 ], [ 150.577063714000019, -35.020875478999983 ], [ 150.577063980000048, -35.02086646999993 ], [ 150.577053028000023, -35.020866250999973 ], [ 150.577053560000081, -35.020848231999935 ], [ 150.577042608000056, -35.020848012999977 ], [ 150.577042874000085, -35.020839003999981 ], [ 150.57703192200006, -35.020838784999967 ], [ 150.577032720000034, -35.020811756999933 ], [ 150.577021769000112, -35.020811538999965 ], [ 150.577022566000096, -35.020784510999931 ], [ 150.57701161500006, -35.020784291999973 ], [ 150.577011881000089, -35.020775282999978 ], [ 150.576989977000039, -35.020774844999949 ], [ 150.576990243000068, -35.020765835999953 ], [ 150.576968340000121, -35.02076539799998 ], [ 150.576968606000037, -35.020756388999985 ], [ 150.57694670300009, -35.020755950999956 ], [ 150.576946969000119, -35.02074694199996 ], [ 150.576936017000094, -35.020746722999945 ], [ 150.576937613000041, -35.020692666999935 ], [ 150.576926661000016, -35.020692447999977 ], [ 150.576927193000074, -35.020674429999929 ], [ 150.576883386000077, -35.020673554999973 ], [ 150.576882855000122, -35.020691572999965 ], [ 150.576860951000072, -35.020691135999982 ], [ 150.576860419000013, -35.020709153999974 ], [ 150.576827564000041, -35.020708497999976 ], [ 150.576828362000015, -35.020681469999943 ], [ 150.576817411000093, -35.020681250999928 ], [ 150.576817677000122, -35.020672241999932 ], [ 150.576795773000072, -35.02067180399996 ], [ 150.576794710000058, -35.020707841999979 ], [ 150.576783758000033, -35.020707622999964 ], [ 150.576783226000089, -35.020725640999956 ], [ 150.576772274000064, -35.020725422999931 ], [ 150.576772008000034, -35.020734431999983 ], [ 150.57678296000006, -35.020734650999941 ], [ 150.57678269400003, -35.020743659999937 ], [ 150.576793646000056, -35.020743878999951 ], [ 150.576793380000026, -35.020752887999947 ], [ 150.576804331000062, -35.020753106999962 ], [ 150.576804065000033, -35.020762115999958 ], [ 150.57684787200003, -35.02076299099997 ], [ 150.576847606000115, -35.020772000999955 ], [ 150.576858558000026, -35.020772219999969 ], [ 150.576858292000111, -35.020781228999965 ], [ 150.576880195000058, -35.020781665999948 ], [ 150.576879397000084, -35.020808693999982 ], [ 150.576890349000109, -35.020808912999939 ], [ 150.576889551000022, -35.020835940999973 ], [ 150.576911454000083, -35.020836378999945 ], [ 150.576911188000054, -35.020845387999941 ], [ 150.576922140000079, -35.020845606999956 ], [ 150.576922672000023, -35.020827587999975 ], [ 150.576911720000112, -35.02082736899996 ], [ 150.576912252000056, -35.020809350999969 ], [ 150.576956059000054, -35.020810225999981 ], [ 150.576956325000083, -35.020801216999985 ], [ 150.57697822800003, -35.020801653999968 ], [ 150.576977962000115, -35.020810662999963 ], [ 150.576999865000062, -35.020811100999936 ], [ 150.576999599000033, -35.020820109999931 ], [ 150.576988648000111, -35.020819891999963 ], [ 150.576988382000081, -35.020828900999959 ], [ 150.576999333000117, -35.020829119999973 ], [ 150.576998802000048, -35.020847137999965 ], [ 150.577009753000084, -35.02084735699998 ], [ 150.577009221000026, -35.020865375999961 ], [ 150.577020173000051, -35.020865594999975 ], [ 150.577019907000022, -35.020874603999971 ], [ 150.577030859000047, -35.020874822999929 ], [ 150.577030061000073, -35.020901850999962 ], [ 150.577019109000048, -35.020901631999948 ], [ 150.577018843000019, -35.020910640999944 ], [ 150.577040747000069, -35.020911078999973 ], [ 150.57704048100004, -35.020920087999968 ], [ 150.577051432000076, -35.020920306999983 ], [ 150.577051166000047, -35.020929315999979 ], [ 150.577062118000072, -35.020929534999937 ], [ 150.577061586000013, -35.020947553999974 ], [ 150.577072538000039, -35.020947771999943 ], [ 150.577072272, -35.020956781999985 ], [ 150.57709417500007, -35.020957218999968 ], [ 150.577093909000041, -35.020966227999963 ], [ 150.577126764000013, -35.02096688499995 ], [ 150.577126498000098, -35.020975893999946 ], [ 150.57713745, -35.020976112999961 ], [ 150.577136918000065, -35.020994131999942 ], [ 150.57714787000009, -35.020994349999967 ], [ 150.577146806000087, -35.021030387999929 ], [ 150.577157758000112, -35.021030605999954 ], [ 150.577156694000109, -35.021066643999973 ], [ 150.577167646000021, -35.021066861999941 ], [ 150.577167114000076, -35.021084880999979 ], [ 150.577178066000101, -35.021085099999937 ], [ 150.577177800000072, -35.021094108999932 ], [ 150.577199703000019, -35.021094546999961 ], [ 150.577199171000075, -35.021112564999953 ], [ 150.5772101230001, -35.021112783999968 ], [ 150.577209325000013, -35.021139811999944 ], [ 150.577220277000038, -35.021140030999959 ], [ 150.577220011000122, -35.021149039999955 ] ] ] ] } },
{ "type": "Feature", "properties": { "OBJECTID": 3950, "gridcode": 5, "Shape_Length": 3.9936230127139701e-05, "Shape_Area": 9.8735774074418018e-11 }, "geometry": { "type": "MultiPolygon", "coordinates": [ [ [ [ 150.577011131000063, -35.021171911999943 ], [ 150.577011397000092, -35.021162901999958 ], [ 150.577000445000067, -35.021162682999943 ], [ 150.577000179000038, -35.021171692999928 ], [ 150.577011131000063, -35.021171911999943 ] ] ] ] } },
{ "type": "Feature", "properties": { "OBJECTID": 3951, "gridcode": 5, "Shape_Length": 5.7960033438919826e-05, "Shape_Area": 1.9744573485487804e-10 }, "geometry": { "type": "MultiPolygon", "coordinates": [ [ [ [ 150.577241914000069, -35.021149477999984 ], [ 150.577241383000114, -35.021167495999975 ], [ 150.577252334000036, -35.021167714999933 ], [ 150.577252866000094, -35.021149695999952 ], [ 150.577241914000069, -35.021149477999984 ] ] ] ] } },
{ "type": "Feature", "properties": { "OBJECTID": 3952, "gridcode": 5, "Shape_Length": 0.00013782860393284012, "Shape_Area": 8.8850511420999011e-10 }, "geometry": { "type": "MultiPolygon", "coordinates": [ [ [ [ 150.574043491000111, -35.021103577999952 ], [ 150.574043225000082, -35.021112586999948 ], [ 150.574054176000118, -35.021112805999962 ], [ 150.57405524100011, -35.021076768999933 ], [ 150.574022386000024, -35.021076111999946 ], [ 150.57402185400008, -35.021094129999938 ], [ 150.574032806000105, -35.021094348999952 ], [ 150.574032539000086, -35.021103358999937 ], [ 150.574043491000111, -35.021103577999952 ] ] ] ] } },
{ "type": "Feature", "properties": { "OBJECTID": 3953, "gridcode": 5, "Shape_Length": 3.9935210626755257e-05, "Shape_Area": 9.8730165133708333e-11 }, "geometry": { "type": "MultiPolygon", "coordinates": [ [ [ [ 150.577021817000059, -35.021181139999953 ], [ 150.577022083000088, -35.021172129999968 ], [ 150.577011131000063, -35.021171911999943 ], [ 150.577010865000034, -35.021180920999939 ], [ 150.577021817000059, -35.021181139999953 ] ] ] ] } },
{ "type": "Feature", "properties": { "OBJECTID": 3959, "gridcode": 5, "Shape_Length": 3.9934230902382298e-05, "Shape_Area": 9.8724821665663653e-11 }, "geometry": { "type": "MultiPolygon", "coordinates": [ [ [ [ 150.577032237000026, -35.021199376999959 ], [ 150.577032503000055, -35.021190367999964 ], [ 150.57702155100003, -35.021190148999949 ], [ 150.577021285000114, -35.021199157999945 ], [ 150.577032237000026, -35.021199376999959 ] ] ] ] } },
{ "type": "Feature", "properties": { "OBJECTID": 3968, "gridcode": 5, "Shape_Length": 0.00011203958925710884, "Shape_Area": 4.9361723954835743e-10 }, "geometry": { "type": "MultiPolygon", "coordinates": [ [ [ [ 150.577252334000036, -35.021167714999933 ], [ 150.577251005000107, -35.021212761999948 ], [ 150.577261956000029, -35.021212979999973 ], [ 150.577263286000061, -35.021167933999948 ], [ 150.577252334000036, -35.021167714999933 ] ] ] ] } },
{ "type": "Feature", "properties": { "OBJECTID": 3982, "gridcode": 5, "Shape_Length": 0.00030145085324832311, "Shape_Area": 1.9745264851863582e-09 }, "geometry": { "type": "MultiPolygon", "coordinates": [ [ [ [ 150.577107303000048, -35.021254963999979 ], [ 150.577107037000019, -35.021263973999964 ], [ 150.577117989000044, -35.021264191999933 ], [ 150.577118521000102, -35.021246173999941 ], [ 150.577107569000077, -35.021245954999983 ], [ 150.577108101000022, -35.021227935999946 ], [ 150.577086197000085, -35.021227498999963 ], [ 150.57708672900003, -35.021209479999982 ], [ 150.577075777000118, -35.021209260999967 ], [ 150.577076043000034, -35.021200251999971 ], [ 150.577032237000026, -35.021199376999959 ], [ 150.57703197100011, -35.021208385999955 ], [ 150.577042922000032, -35.02120860499997 ], [ 150.577042656000117, -35.021217613999966 ], [ 150.577053608000028, -35.02121783299998 ], [ 150.577053342000113, -35.021226842999965 ], [ 150.577064294000024, -35.021227060999934 ], [ 150.577064028000109, -35.021236070999976 ], [ 150.577085931000056, -35.021236507999959 ], [ 150.577085665000027, -35.021245517999944 ], [ 150.577096617000052, -35.021245735999969 ], [ 150.577096351000023, -35.021254745999954 ], [ 150.577107303000048, -35.021254963999979 ] ] ] ] } },
{ "type": "Feature", "properties": { "OBJECTID": 3983, "gridcode": 5, "Shape_Length": 3.9934230603738993e-05, "Shape_Area": 9.8726764473403139e-11 }, "geometry": { "type": "MultiPolygon", "coordinates": [ [ [ [ 150.577128674000051, -35.021273420999933 ], [ 150.57712894000008, -35.021264410999947 ], [ 150.577117989000044, -35.021264191999933 ], [ 150.577117723000015, -35.021273201999975 ], [ 150.577128674000051, -35.021273420999933 ] ] ] ] } },
{ "type": "Feature", "properties": { "OBJECTID": 3984, "gridcode": 5, "Shape_Length": 0.00013006743135842344, "Shape_Area": 5.9237061839408547e-10 }, "geometry": { "type": "MultiPolygon", "coordinates": [ [ [ [ 150.577261956000029, -35.021212979999973 ], [ 150.577260361000071, -35.021267035999983 ], [ 150.577271313000097, -35.021267254999941 ], [ 150.577272908000054, -35.021213198999931 ], [ 150.577261956000029, -35.021212979999973 ] ] ] ] } },
{ "type": "Feature", "properties": { "OBJECTID": 3986, "gridcode": 5, "Shape_Length": 3.9936230127139701e-05, "Shape_Area": 9.8735774074418018e-11 }, "geometry": { "type": "MultiPolygon", "coordinates": [ [ [ [ 150.574072885000078, -35.021221355999955 ], [ 150.574073151000107, -35.02121234599997 ], [ 150.574062199000082, -35.021212126999956 ], [ 150.574061933000053, -35.021221136999941 ], [ 150.574072885000078, -35.021221355999955 ] ] ] ] } },
{ "type": "Feature", "properties": { "OBJECTID": 3987, "gridcode": 5, "Shape_Length": 3.9934181379781536e-05, "Shape_Area": 9.8725551182498069e-11 }, "geometry": { "type": "MultiPolygon", "coordinates": [ [ [ [ 150.577139360000047, -35.021282648999943 ], [ 150.577139626000076, -35.021273638999958 ], [ 150.577128674000051, -35.021273420999933 ], [ 150.577128409000011, -35.021282429999928 ], [ 150.577139360000047, -35.021282648999943 ] ] ] ] } },
{ "type": "Feature", "properties": { "OBJECTID": 3992, "gridcode": 5, "Shape_Length": 6.1841589665531552e-05, "Shape_Area": 1.9745145345201223e-10 }, "geometry": { "type": "MultiPolygon", "coordinates": [ [ [ [ 150.577237926000066, -35.021284617999981 ], [ 150.577259829000013, -35.021285054999964 ], [ 150.577260095000042, -35.021276045999969 ], [ 150.577238192000095, -35.021275607999939 ], [ 150.577237926000066, -35.021284617999981 ] ] ] ] } },
{ "type": "Feature", "properties": { "OBJECTID": 4002, "gridcode": 5, "Shape_Length": 6.1841589665531552e-05, "Shape_Area": 1.9745145345201223e-10 }, "geometry": { "type": "MultiPolygon", "coordinates": [ [ [ [ 150.577204805000065, -35.02129297099998 ], [ 150.577226708000012, -35.021293407999963 ], [ 150.577226974000041, -35.021284398999967 ], [ 150.577205071000094, -35.021283960999938 ], [ 150.577204805000065, -35.02129297099998 ] ] ] ] } },
{ "type": "Feature", "properties": { "OBJECTID": 4014, "gridcode": 5, "Shape_Length": 7.9867491670532534e-05, "Shape_Area": 3.9489049777446412e-10 }, "geometry": { "type": "MultiPolygon", "coordinates": [ [ [ [ 150.574016528000016, -35.02127431599996 ], [ 150.574038432000066, -35.021274753999933 ], [ 150.57403896400001, -35.021256735999941 ], [ 150.574017061000063, -35.021256297999969 ], [ 150.574016528000016, -35.02127431599996 ] ] ] ] } },
{ "type": "Feature", "properties": { "OBJECTID": 4054, "gridcode": 5, "Shape_Length": 3.9936230182821932e-05, "Shape_Area": 9.8735774378132411e-11 }, "geometry": { "type": "MultiPolygon", "coordinates": [ [ [ [ 150.573978082000053, -35.021462854999982 ], [ 150.573978348000082, -35.02145384499994 ], [ 150.573967396000057, -35.021453625999982 ], [ 150.573967130000028, -35.021462635999967 ], [ 150.573978082000053, -35.021462854999982 ] ] ] ] } },
{ "type": "Feature", "properties": { "OBJECTID": 4105, "gridcode": 5, "Shape_Length": 3.993326056854413e-05, "Shape_Area": 9.8720426197349497e-11 }, "geometry": { "type": "MultiPolygon", "coordinates": [ [ [ [ 150.574133038000014, -35.021781465999936 ], [ 150.574133304000043, -35.02177245699994 ], [ 150.574122353000121, -35.021772237999983 ], [ 150.574122086000102, -35.021781246999979 ], [ 150.574133038000014, -35.021781465999936 ] ] ] ] } },
{ "type": "Feature", "properties": { "OBJECTID": 4107, "gridcode": 5, "Shape_Length": 3.9935259785585543e-05, "Shape_Area": 9.873137809630896e-11 }, "geometry": { "type": "MultiPolygon", "coordinates": [ [ [ [ 150.57424228900004, -35.021792665999953 ], [ 150.574242556000058, -35.021783655999968 ], [ 150.574231604000033, -35.021783436999954 ], [ 150.574231338000118, -35.021792446999939 ], [ 150.57424228900004, -35.021792665999953 ] ] ] ] } },
{ "type": "Feature", "properties": { "OBJECTID": 4109, "gridcode": 5, "Shape_Length": 3.993525066671921e-05, "Shape_Area": 9.8730431434638784e-11 }, "geometry": { "type": "MultiPolygon", "coordinates": [ [ [ [ 150.574132506000069, -35.021799484999974 ], [ 150.574132772000098, -35.021790474999932 ], [ 150.574121820000073, -35.021790255999974 ], [ 150.574121554000044, -35.02179926499997 ], [ 150.574132506000069, -35.021799484999974 ] ] ] ] } },
{ "type": "Feature", "properties": { "OBJECTID": 4117, "gridcode": 5, "Shape_Length": 3.9936230182821932e-05, "Shape_Area": 9.8735774378132411e-11 }, "geometry": { "type": "MultiPolygon", "coordinates": [ [ [ [ 150.574120489000052, -35.021835302999932 ], [ 150.574120755000081, -35.021826292999947 ], [ 150.574109803000056, -35.021826073999932 ], [ 150.574109537000027, -35.021835083999974 ], [ 150.574120489000052, -35.021835302999932 ] ] ] ] } },
{ "type": "Feature", "properties": { "OBJECTID": 4122, "gridcode": 5, "Shape_Length": 8.3750018195022125e-05, "Shape_Area": 2.9617028957547749e-10 }, "geometry": { "type": "MultiPolygon", "coordinates": [ [ [ [ 150.574196352000058, -35.021863863999954 ], [ 150.57422920800002, -35.021864520999941 ], [ 150.574229474000049, -35.021855511999945 ], [ 150.574196619000077, -35.021854854999958 ], [ 150.574196352000058, -35.021863863999954 ] ] ] ] } },
{ "type": "Feature", "properties": { "OBJECTID": 4123, "gridcode": 5, "Shape_Length": 9.7895342985015034e-05, "Shape_Area": 3.9490120619177933e-10 }, "geometry": { "type": "MultiPolygon", "coordinates": [ [ [ [ 150.57409752, -35.021870901999932 ], [ 150.57411942400006, -35.021871339999961 ], [ 150.574120222000033, -35.021844311999985 ], [ 150.574109271000111, -35.02184409299997 ], [ 150.574108738000064, -35.021862111999951 ], [ 150.574097786000038, -35.021861892999937 ], [ 150.57409752, -35.021870901999932 ] ] ] ] } },
{ "type": "Feature", "properties": { "OBJECTID": 4126, "gridcode": 5, "Shape_Length": 5.7962082326537878e-05, "Shape_Area": 1.9746059623973531e-10 }, "geometry": { "type": "MultiPolygon", "coordinates": [ [ [ [ 150.574227876, -35.021909566999966 ], [ 150.574227344000064, -35.021927585999947 ], [ 150.57423829600009, -35.021927804999962 ], [ 150.574238828000034, -35.021909785999981 ], [ 150.574227876, -35.021909566999966 ] ] ] ] } },
{ "type": "Feature", "properties": { "OBJECTID": 4133, "gridcode": 5, "Shape_Length": 5.796111196562147e-05, "Shape_Area": 1.9745169532206032e-10 }, "geometry": { "type": "MultiPolygon", "coordinates": [ [ [ [ 150.574215327000047, -35.021963403999962 ], [ 150.574214795000103, -35.021981422999943 ], [ 150.574225746000025, -35.021981641999957 ], [ 150.574226279000072, -35.021963622999976 ], [ 150.574215327000047, -35.021963403999962 ] ] ] ] } },
{ "type": "Feature", "properties": { "OBJECTID": 4136, "gridcode": 5, "Shape_Length": 0.00011980269229144313, "Shape_Area": 6.9107770075169774e-10 }, "geometry": { "type": "MultiPolygon", "coordinates": [ [ [ [ 150.574236166000105, -35.021999879999953 ], [ 150.574258069000052, -35.022000317999982 ], [ 150.574258335000081, -35.02199130799994 ], [ 150.574269287000106, -35.021991526999955 ], [ 150.574269553000022, -35.021982517999959 ], [ 150.5742586020001, -35.021982298999944 ], [ 150.574258868000015, -35.021973289999949 ], [ 150.574236964000079, -35.021972851999976 ], [ 150.574236166000105, -35.021999879999953 ] ] ] ] } },
{ "type": "Feature", "properties": { "OBJECTID": 4139, "gridcode": 5, "Shape_Length": 3.9934280388330827e-05, "Shape_Area": 9.8726036177412681e-11 }, "geometry": { "type": "MultiPolygon", "coordinates": [ [ [ [ 150.574257270000089, -35.022027345999959 ], [ 150.574257537000108, -35.022018335999974 ], [ 150.574246585000083, -35.022018116999959 ], [ 150.574246319000054, -35.022027125999955 ], [ 150.574257270000089, -35.022027345999959 ] ] ] ] } },
{ "type": "Feature", "properties": { "OBJECTID": 4141, "gridcode": 5, "Shape_Length": 5.796111208264065e-05, "Shape_Area": 1.9745169635877059e-10 }, "geometry": { "type": "MultiPolygon", "coordinates": [ [ [ [ 150.574323514000071, -35.022010640999952 ], [ 150.574322981000023, -35.022028659999933 ], [ 150.574333933000048, -35.022028878999947 ], [ 150.574334465000106, -35.022010859999966 ], [ 150.574323514000071, -35.022010640999952 ] ] ] ] } },
{ "type": "Feature", "properties": { "OBJECTID": 4143, "gridcode": 5, "Shape_Length": 3.9934231017128808e-05, "Shape_Area": 9.8724822175094362e-11 }, "geometry": { "type": "MultiPolygon", "coordinates": [ [ [ [ 150.57424552000009, -35.022054153999932 ], [ 150.57424578600012, -35.022045144999936 ], [ 150.574234834000094, -35.022044925999978 ], [ 150.574234568000065, -35.022053934999974 ], [ 150.57424552000009, -35.022054153999932 ] ] ] ] } },
{ "type": "Feature", "properties": { "OBJECTID": 4148, "gridcode": 5, "Shape_Length": 3.9936230182821932e-05, "Shape_Area": 9.8735774378132411e-11 }, "geometry": { "type": "MultiPolygon", "coordinates": [ [ [ [ 150.574354239000058, -35.02208337299993 ], [ 150.574354505000088, -35.022074362999945 ], [ 150.574343553000062, -35.02207414399993 ], [ 150.574343287000033, -35.022083153999972 ], [ 150.574354239000058, -35.02208337299993 ] ] ] ] } },
{ "type": "Feature", "properties": { "OBJECTID": 4150, "gridcode": 5, "Shape_Length": 3.9935259958286671e-05, "Shape_Area": 9.8731378924602842e-11 }, "geometry": { "type": "MultiPolygon", "coordinates": [ [ [ [ 150.574222551000048, -35.022089753999978 ], [ 150.574222817000077, -35.022080743999936 ], [ 150.574211866000041, -35.022080524999978 ], [ 150.574211599000023, -35.022089534999964 ], [ 150.574222551000048, -35.022089753999978 ] ] ] ] } },
{ "type": "Feature", "properties": { "OBJECTID": 4153, "gridcode": 5, "Shape_Length": 3.9933260678840383e-05, "Shape_Area": 9.8720426697003151e-11 }, "geometry": { "type": "MultiPolygon", "coordinates": [ [ [ [ 150.574254075000113, -35.022135456999933 ], [ 150.574254342000017, -35.022126447999938 ], [ 150.574243390000106, -35.02212622899998 ], [ 150.574243124000077, -35.022135237999976 ], [ 150.574254075000113, -35.022135456999933 ] ] ] ] } },
{ "type": "Feature", "properties": { "OBJECTID": 4157, "gridcode": 5, "Shape_Length": 3.9935250666714012e-05, "Shape_Area": 9.8730431434638784e-11 }, "geometry": { "type": "MultiPolygon", "coordinates": [ [ [ [ 150.574429038000062, -35.022147970999981 ], [ 150.574429304000091, -35.022138961999929 ], [ 150.574418352000066, -35.022138741999981 ], [ 150.574418086000037, -35.022147751999967 ], [ 150.574429038000062, -35.022147970999981 ] ] ] ] } },
{ "type": "Feature", "properties": { "OBJECTID": 4164, "gridcode": 5, "Shape_Length": 3.9933260570817099e-05, "Shape_Area": 9.8720426212498276e-11 }, "geometry": { "type": "MultiPolygon", "coordinates": [ [ [ [ 150.574209203, -35.022170617999961 ], [ 150.574209469000039, -35.022161608999966 ], [ 150.574198518000117, -35.022161389999951 ], [ 150.574198251000098, -35.022170398999947 ], [ 150.574209203, -35.022170617999961 ] ] ] ] } },
{ "type": "Feature", "properties": { "OBJECTID": 4167, "gridcode": 5, "Shape_Length": 3.9936230127139701e-05, "Shape_Area": 9.8735774074418018e-11 }, "geometry": { "type": "MultiPolygon", "coordinates": [ [ [ [ 150.574252744000091, -35.022180503999948 ], [ 150.57425301000012, -35.022171493999963 ], [ 150.574242058000095, -35.022171274999948 ], [ 150.574241792000066, -35.022180284999934 ], [ 150.574252744000091, -35.022180503999948 ] ] ] ] } },
{ "type": "Feature", "properties": { "OBJECTID": 4170, "gridcode": 5, "Shape_Length": 5.796013256820005e-05, "Shape_Area": 1.9744648691387442e-10 }, "geometry": { "type": "MultiPolygon", "coordinates": [ [ [ [ 150.574340359000075, -35.022182255999951 ], [ 150.574339826000028, -35.022200273999943 ], [ 150.574350778000053, -35.022200493999947 ], [ 150.574351310000111, -35.022182474999966 ], [ 150.574340359000075, -35.022182255999951 ] ] ] ] } },
{ "type": "Feature", "properties": { "OBJECTID": 4172, "gridcode": 5, "Shape_Length": 0.00079730827738490144, "Shape_Area": 9.477735497552527e-09 }, "geometry": { "type": "MultiPolygon", "coordinates": [ [ [ [ 150.574142161000054, -35.022214350999946 ], [ 150.574141895000025, -35.022223359999941 ], [ 150.574152846000061, -35.022223578999956 ], [ 150.574153379000109, -35.022205559999975 ], [ 150.57416433100002, -35.022205778999933 ], [ 150.574165130000097, -35.022178750999956 ], [ 150.574154178000072, -35.022178531999941 ], [ 150.574154977000035, -35.022151503999964 ], [ 150.57414402500001, -35.02215128499995 ], [ 150.574145090000115, -35.022115247999977 ], [ 150.574177945000088, -35.022115904999964 ], [ 150.574178744000051, -35.022088876999931 ], [ 150.574167792000026, -35.022088657999973 ], [ 150.57416752600011, -35.022097667999958 ], [ 150.57414562200006, -35.022097229999929 ], [ 150.574145356000031, -35.022106238999982 ], [ 150.574123452000094, -35.022105800999952 ], [ 150.574123719000113, -35.022096791999957 ], [ 150.574112767000088, -35.022096571999953 ], [ 150.574113033000117, -35.022087562999957 ], [ 150.574123985000028, -35.022087781999971 ], [ 150.57412531600005, -35.022042735999946 ], [ 150.574114365000014, -35.022042516999932 ], [ 150.574114631000043, -35.022033506999946 ], [ 150.574103679000018, -35.022033287999932 ], [ 150.574104212000066, -35.02201526999994 ], [ 150.574093260000041, -35.022015050999983 ], [ 150.57409352600007, -35.022006040999941 ], [ 150.574082574000045, -35.022005821999983 ], [ 150.574082308000015, -35.022014831999968 ], [ 150.574071356000104, -35.022014612999953 ], [ 150.574070291000112, -35.022050649999983 ], [ 150.574081243000023, -35.022050868999941 ], [ 150.574080710000089, -35.022068886999932 ], [ 150.574091662000114, -35.022069105999947 ], [ 150.574090597000122, -35.022105143999966 ], [ 150.574079645000097, -35.022104924999951 ], [ 150.574079379000068, -35.022113933999947 ], [ 150.574090331000093, -35.022114152999961 ], [ 150.574089532000016, -35.022141180999938 ], [ 150.574100484000041, -35.022141399999953 ], [ 150.574100218000012, -35.022150408999948 ], [ 150.574089266000101, -35.022150189999934 ], [ 150.574088999000082, -35.02215919899993 ], [ 150.574110903000019, -35.022159637999948 ], [ 150.574110371000074, -35.02217765599994 ], [ 150.57412132200011, -35.022177874999954 ], [ 150.574120524000023, -35.022204902999931 ], [ 150.574131475000058, -35.022205121999946 ], [ 150.574131209000029, -35.022214130999942 ], [ 150.574142161000054, -35.022214350999946 ] ] ] ] } },
{ "type": "Feature", "properties": { "OBJECTID": 4185, "gridcode": 5, "Shape_Length": 7.9869490980933919e-05, "Shape_Area": 2.9618126660619337e-10 }, "geometry": { "type": "MultiPolygon", "coordinates": [ [ [ [ 150.574741050000057, -35.022343516999968 ], [ 150.574740784000028, -35.022352526999953 ], [ 150.574751736000053, -35.022352745999967 ], [ 150.574752268000111, -35.022334726999929 ], [ 150.57473036500005, -35.022334288999957 ], [ 150.574730098000032, -35.022343297999953 ], [ 150.574741050000057, -35.022343516999968 ] ] ] ] } },
{ "type": "Feature", "properties": { "OBJECTID": 4186, "gridcode": 5, "Shape_Length": 3.9933260795872364e-05, "Shape_Area": 9.8720427221554217e-11 }, "geometry": { "type": "MultiPolygon", "coordinates": [ [ [ [ 150.574773373000085, -35.022362192999935 ], [ 150.574773640000103, -35.02235318399994 ], [ 150.574762688000078, -35.022352964999982 ], [ 150.574762422000049, -35.022361973999978 ], [ 150.574773373000085, -35.022362192999935 ] ] ] ] } },
{ "type": "Feature", "properties": { "OBJECTID": 4194, "gridcode": 5, "Shape_Length": 0.0023627824651445686, "Shape_Area": 3.7516059583737294e-08 }, "geometry": { "type": "MultiPolygon", "coordinates": [ [ [ [ 150.574633928000026, -35.022260243999938 ], [ 150.57463366200011, -35.022269252999934 ], [ 150.57461175800006, -35.022268814999961 ], [ 150.574612024000089, -35.022259805999965 ], [ 150.574633928000026, -35.022260243999938 ] ] ], [ [ [ 150.574524143000076, -35.022267062999958 ], [ 150.574523877000047, -35.022276071999954 ], [ 150.574491022000075, -35.022275414999967 ], [ 150.574491288000104, -35.022266405999972 ], [ 150.574524143000076, -35.022267062999958 ] ], [ [ 150.574586660000023, -35.022376488999953 ], [ 150.574586393000118, -35.022385497999949 ], [ 150.574597345000029, -35.022385716999963 ], [ 150.574599209000098, -35.022322651999957 ], [ 150.57461016100001, -35.022322870999972 ], [ 150.574610427000039, -35.02231386099993 ], [ 150.574632331000089, -35.022314298999959 ], [ 150.57463206400007, -35.022323308999944 ], [ 150.574664920000032, -35.022323965999931 ], [ 150.574664654000117, -35.022332974999983 ], [ 150.57473036500005, -35.022334288999957 ], [ 150.574730631000079, -35.022325279999961 ], [ 150.574675872000057, -35.022324184999945 ], [ 150.574676138000086, -35.02231517499996 ], [ 150.574654234000036, -35.022314736999931 ], [ 150.574654500000065, -35.022305727999935 ], [ 150.574643549000029, -35.022305508999978 ], [ 150.57464514600008, -35.022251452999967 ], [ 150.574634194000055, -35.022251233999953 ], [ 150.574634993000018, -35.022224205999976 ], [ 150.574624041000106, -35.022223986999961 ], [ 150.574624307000022, -35.022214977999965 ], [ 150.57461335500011, -35.022214758999951 ], [ 150.574613621000026, -35.022205749999955 ], [ 150.574591718000079, -35.022205311999983 ], [ 150.574590653000087, -35.022241348999955 ], [ 150.574579701000062, -35.022241129999941 ], [ 150.574579967000091, -35.022232120999945 ], [ 150.57455806400003, -35.022231682999973 ], [ 150.574557797000011, -35.022240691999968 ], [ 150.574513990000014, -35.022239815999967 ], [ 150.574514256000043, -35.022230806999971 ], [ 150.574525208000068, -35.022231025999929 ], [ 150.574525474000097, -35.022222015999944 ], [ 150.574536426000122, -35.022222234999958 ], [ 150.574536693000027, -35.022213225999963 ], [ 150.574558596000088, -35.022213663999935 ], [ 150.574558330000059, -35.022222672999931 ], [ 150.574569282000084, -35.022222891999945 ], [ 150.574569548000113, -35.022213882999949 ], [ 150.574580500000025, -35.022214101999964 ], [ 150.574580766000054, -35.022205092999968 ], [ 150.574569814000029, -35.022204873999954 ], [ 150.574570347000076, -35.022186854999973 ], [ 150.574504636000029, -35.022185540999942 ], [ 150.574503837000066, -35.022212568999976 ], [ 150.574492885000041, -35.022212349999961 ], [ 150.574492619000011, -35.022221358999957 ], [ 150.574470715000075, -35.022220920999985 ], [ 150.574470449000046, -35.02222993099997 ], [ 150.574492353000096, -35.022230368999942 ], [ 150.574492087000067, -35.022239377999938 ], [ 150.574459231000105, -35.022238720999951 ], [ 150.574459497000021, -35.022229711999955 ], [ 150.574393786000087, -35.022228397999982 ], [ 150.574393520000058, -35.022237406999977 ], [ 150.57432780900001, -35.022236092999947 ], [ 150.574328075000039, -35.022227082999962 ], [ 150.574317124000117, -35.022226863999947 ], [ 150.574317390000033, -35.022217854999951 ], [ 150.574328342000058, -35.022218073999966 ], [ 150.574328075000039, -35.022227082999962 ], [ 150.574339027000065, -35.022227301999976 ], [ 150.574339826000028, -35.022200273999943 ], [ 150.574285067000119, -35.022199178999983 ], [ 150.574285333000034, -35.022190169999931 ], [ 150.574241526000037, -35.022189293999929 ], [ 150.574241260000122, -35.022198302999982 ], [ 150.574208404000046, -35.022197645999938 ], [ 150.574208671000065, -35.022188636999942 ], [ 150.57419771900004, -35.022188417999985 ], [ 150.574197452000021, -35.022197426999981 ], [ 150.574186501000099, -35.022197207999966 ], [ 150.574185968000052, -35.022215226999947 ], [ 150.574196920000077, -35.022215445999962 ], [ 150.574196387000029, -35.022233463999953 ], [ 150.574218291000079, -35.022233901999982 ], [ 150.57421802500005, -35.022242911999967 ], [ 150.574207073000025, -35.022242692999953 ], [ 150.57420680700011, -35.022251701999949 ], [ 150.574195855000085, -35.022251482999934 ], [ 150.574195322000037, -35.022269501999972 ], [ 150.57417341900009, -35.022269062999953 ], [ 150.574172620000013, -35.02229609099993 ], [ 150.574183572000038, -35.022296309999945 ], [ 150.57418330500002, -35.02230531999993 ], [ 150.574194257000045, -35.022305538999944 ], [ 150.574194524000063, -35.022296528999959 ], [ 150.574205475000099, -35.022296747999974 ], [ 150.57420520900007, -35.022305757999959 ], [ 150.574249016000067, -35.02230663399996 ], [ 150.574249283000086, -35.022297624999965 ], [ 150.574260235000111, -35.022297843999979 ], [ 150.574260501000026, -35.022288833999937 ], [ 150.574271453000051, -35.022289052999952 ], [ 150.57427171900008, -35.022280043999956 ], [ 150.574326478000103, -35.022281138999972 ], [ 150.574326744000018, -35.022272129999976 ], [ 150.574414359000116, -35.022273881999979 ], [ 150.574414093000087, -35.022282890999975 ], [ 150.574479804000021, -35.022284204999949 ], [ 150.574479537000116, -35.022293214999934 ], [ 150.574501441000052, -35.022293652999963 ], [ 150.574501707000081, -35.022284642999978 ], [ 150.574523611000018, -35.02228508099995 ], [ 150.574523345000102, -35.022294090999935 ], [ 150.574534296000024, -35.02229430999995 ], [ 150.574534030000109, -35.022303318999946 ], [ 150.57454498200002, -35.02230353799996 ], [ 150.574544716000105, -35.022312546999956 ], [ 150.574566620000041, -35.022312984999928 ], [ 150.574566087000107, -35.022331003999966 ], [ 150.574577039000019, -35.022331222999981 ], [ 150.574576773000103, -35.022340231999976 ], [ 150.574587725000015, -35.022340450999934 ], [ 150.574587192000081, -35.022358469999972 ], [ 150.574576240000056, -35.022358250999957 ], [ 150.574575708000111, -35.022376269999938 ], [ 150.574586660000023, -35.022376488999953 ] ] ] ] } },
{ "type": "Feature", "properties": { "OBJECTID": 4200, "gridcode": 5, "Shape_Length": 5.7962082388930244e-05, "Shape_Area": 1.9746059656078693e-10 }, "geometry": { "type": "MultiPolygon", "coordinates": [ [ [ [ 150.574586127000089, -35.022394506999944 ], [ 150.57458559500003, -35.022412525999982 ], [ 150.574596547000056, -35.02241274499994 ], [ 150.574597079000114, -35.022394725999959 ], [ 150.574586127000089, -35.022394506999944 ] ] ] ] } },
{ "type": "Feature", "properties": { "OBJECTID": 4202, "gridcode": 5, "Shape_Length": 3.9934290155971814e-05, "Shape_Area": 9.8725041187913261e-11 }, "geometry": { "type": "MultiPolygon", "coordinates": [ [ [ [ 150.574585062000097, -35.022430543999974 ], [ 150.574585329000115, -35.022421534999978 ], [ 150.57457437700009, -35.022421315999964 ], [ 150.574574110000071, -35.022430324999959 ], [ 150.574585062000097, -35.022430543999974 ] ] ] ] } },
{ "type": "Feature", "properties": { "OBJECTID": 4204, "gridcode": 5, "Shape_Length": 3.9933260681125962e-05, "Shape_Area": 9.8720426712151917e-11 }, "geometry": { "type": "MultiPolygon", "coordinates": [ [ [ [ 150.574793147000037, -35.022434704999966 ], [ 150.574793414000055, -35.022425695999971 ], [ 150.57478246200003, -35.022425476999956 ], [ 150.574782196000115, -35.022434485999952 ], [ 150.574793147000037, -35.022434704999966 ] ] ] ] } },
{ "type": "Feature", "properties": { "OBJECTID": 4206, "gridcode": 5, "Shape_Length": 0.00012368521960395631, "Shape_Area": 4.9362411006767e-10 }, "geometry": { "type": "MultiPolygon", "coordinates": [ [ [ [ 150.574738388000014, -35.02243360999995 ], [ 150.57477124400009, -35.022434266999937 ], [ 150.574771510000119, -35.022425257999942 ], [ 150.57478246200003, -35.022425476999956 ], [ 150.574782728000059, -35.02241646799996 ], [ 150.574760824, -35.022416029999931 ], [ 150.574760558000094, -35.022425038999984 ], [ 150.574738654000043, -35.022424600999955 ], [ 150.574738388000014, -35.02243360999995 ] ] ] ] } },
{ "type": "Feature", "properties": { "OBJECTID": 4207, "gridcode": 5, "Shape_Length": 3.9936230010120703e-05, "Shape_Area": 9.8735773549810121e-11 }, "geometry": { "type": "MultiPolygon", "coordinates": [ [ [ [ 150.574803833000033, -35.022443933999966 ], [ 150.574804099000062, -35.022434923999981 ], [ 150.574793147000037, -35.022434704999966 ], [ 150.574792881000121, -35.022443714999952 ], [ 150.574803833000033, -35.022443933999966 ] ] ] ] } },
{ "type": "Feature", "properties": { "OBJECTID": 4208, "gridcode": 5, "Shape_Length": 3.9934230900109431e-05, "Shape_Area": 9.8724821650543295e-11 }, "geometry": { "type": "MultiPolygon", "coordinates": [ [ [ [ 150.574573312000098, -35.022457352999936 ], [ 150.574573578000013, -35.02244834399994 ], [ 150.574562626000102, -35.022448124999983 ], [ 150.574562360000073, -35.022457133999978 ], [ 150.574573312000098, -35.022457352999936 ] ] ] ] } },
{ "type": "Feature", "properties": { "OBJECTID": 4220, "gridcode": 5, "Shape_Length": 3.993521050973588e-05, "Shape_Area": 9.873016460915728e-11 }, "geometry": { "type": "MultiPolygon", "coordinates": [ [ [ [ 150.57553361600003, -35.022593742999959 ], [ 150.575533882000059, -35.022584732999974 ], [ 150.575522930000034, -35.022584514999949 ], [ 150.575522664000118, -35.022593523999944 ], [ 150.57553361600003, -35.022593742999959 ] ] ] ] } },
{ "type": "Feature", "properties": { "OBJECTID": 4228, "gridcode": 5, "Shape_Length": 9.7896372334170073e-05, "Shape_Area": 3.9490118369144158e-10 }, "geometry": { "type": "MultiPolygon", "coordinates": [ [ [ [ 150.57553361600003, -35.022593742999959 ], [ 150.575532817000067, -35.022620770999936 ], [ 150.575543769000092, -35.02262098999995 ], [ 150.575544035000121, -35.022611979999965 ], [ 150.575554987000032, -35.02261219899998 ], [ 150.575555253000061, -35.022603189999984 ], [ 150.575544301000036, -35.022602970999969 ], [ 150.575544568000055, -35.022593961999974 ], [ 150.57553361600003, -35.022593742999959 ] ] ] ] } },
{ "type": "Feature", "properties": { "OBJECTID": 4237, "gridcode": 5, "Shape_Length": 0.00078066095207437569, "Shape_Area": 1.0761224686752254e-08 }, "geometry": { "type": "MultiPolygon", "coordinates": [ [ [ [ 150.574798243000032, -35.022633128999985 ], [ 150.574831099000107, -35.022633785999972 ], [ 150.574831631000052, -35.022615766999934 ], [ 150.574820679000027, -35.022615547999976 ], [ 150.574820945000056, -35.02260653899998 ], [ 150.574831897000081, -35.022606757999938 ], [ 150.574832430000015, -35.022588738999957 ], [ 150.574865285000101, -35.022589395999944 ], [ 150.574865019000072, -35.022598405999929 ], [ 150.574875971000097, -35.022598624999944 ], [ 150.574875705000068, -35.022607633999939 ], [ 150.574886657000093, -35.022607852999954 ], [ 150.574886390000074, -35.02261686199995 ], [ 150.574897342000099, -35.022617080999964 ], [ 150.57489707600007, -35.02262608999996 ], [ 150.57491898000012, -35.022626527999932 ], [ 150.574919512000065, -35.022608509999941 ], [ 150.57490856000004, -35.022608290999983 ], [ 150.574908826000069, -35.022599281999931 ], [ 150.574897875000033, -35.022599062999973 ], [ 150.574898407000092, -35.022581043999935 ], [ 150.574887455000066, -35.022580824999977 ], [ 150.57488825400003, -35.022553796999944 ], [ 150.574877302000118, -35.022553577999929 ], [ 150.574877568000034, -35.022544568999933 ], [ 150.574822809000011, -35.022543473999974 ], [ 150.574822276000077, -35.022561491999966 ], [ 150.574811324000052, -35.022561273999941 ], [ 150.574811058000023, -35.022570282999936 ], [ 150.574800106000112, -35.022570063999979 ], [ 150.574800373000016, -35.022561054999983 ], [ 150.574789421000105, -35.022560835999968 ], [ 150.574789154000086, -35.022569844999964 ], [ 150.574778203000051, -35.022569625999949 ], [ 150.57477846900008, -35.022560616999954 ], [ 150.574789421000105, -35.022560835999968 ], [ 150.57478995300005, -35.02254281699993 ], [ 150.574800905000075, -35.022543035999945 ], [ 150.574801171000104, -35.022534026999949 ], [ 150.574735460000056, -35.022532712999976 ], [ 150.574734928000112, -35.022550730999967 ], [ 150.574745879000034, -35.022550949999982 ], [ 150.574743750000039, -35.022623024999973 ], [ 150.574798509000061, -35.022624119999932 ], [ 150.574798243000032, -35.022633128999985 ] ] ] ] } },
{ "type": "Feature", "properties": { "OBJECTID": 4361, "gridcode": 5, "Shape_Length": 3.99342310750839e-05, "Shape_Area": 9.87248224939291e-11 }, "geometry": { "type": "MultiPolygon", "coordinates": [ [ [ [ 150.57575689500004, -35.024680584999942 ], [ 150.57575716100007, -35.024671575999946 ], [ 150.575746209000044, -35.024671356999932 ], [ 150.575745943000015, -35.024680365999984 ], [ 150.57575689500004, -35.024680584999942 ] ] ] ] } },
{ "type": "Feature", "properties": { "OBJECTID": 4363, "gridcode": 5, "Shape_Length": 6.1846608402503308e-05, "Shape_Area": 1.9748055751648026e-10 }, "geometry": { "type": "MultiPolygon", "coordinates": [ [ [ [ 150.575713086000064, -35.02467970999993 ], [ 150.575734991000104, -35.024680147999959 ], [ 150.575735257000019, -35.024671137999974 ], [ 150.575713352000093, -35.024670699999945 ], [ 150.575713086000064, -35.02467970999993 ] ] ] ] } },
{ "type": "Feature", "properties": { "OBJECTID": 4369, "gridcode": 5, "Shape_Length": 3.9934231019401675e-05, "Shape_Area": 9.8724822190214706e-11 }, "geometry": { "type": "MultiPolygon", "coordinates": [ [ [ [ 150.57579910700008, -35.024735516999954 ], [ 150.575799373000109, -35.024726507999958 ], [ 150.575788421000084, -35.024726288999943 ], [ 150.575788155000055, -35.024735297999939 ], [ 150.57579910700008, -35.024735516999954 ] ] ] ] } },
{ "type": "Feature", "properties": { "OBJECTID": 4394, "gridcode": 5, "Shape_Length": 0.0008178418356504098, "Shape_Area": 1.648790491733308e-08 }, "geometry": { "type": "MultiPolygon", "coordinates": [ [ [ [ 150.579115492000028, -35.024873873999979 ], [ 150.579148349000093, -35.024874529999977 ], [ 150.579148615000122, -35.024865520999981 ], [ 150.579159567000033, -35.024865738999949 ], [ 150.579161427000031, -35.024802673999943 ], [ 150.579172379000056, -35.024802892999958 ], [ 150.579173974000014, -35.024748836999947 ], [ 150.579184926000039, -35.024749054999972 ], [ 150.579186255000081, -35.024704008999947 ], [ 150.579197207000107, -35.024704226999972 ], [ 150.57919827000012, -35.024668189999943 ], [ 150.579187318000095, -35.024667970999928 ], [ 150.579187583000021, -35.024658961999933 ], [ 150.579176631000109, -35.024658742999975 ], [ 150.579177163000054, -35.024640724999983 ], [ 150.579166211000029, -35.024640505999969 ], [ 150.579166742000098, -35.024622486999931 ], [ 150.579155790000073, -35.024622268999963 ], [ 150.579156321000028, -35.024604249999982 ], [ 150.579145369000116, -35.024604031999957 ], [ 150.579145901000061, -35.024586012999976 ], [ 150.579123996000021, -35.024585575999936 ], [ 150.579122136000024, -35.024648640999942 ], [ 150.579111184000112, -35.024648421999984 ], [ 150.57910985500007, -35.024693468999942 ], [ 150.579131760000109, -35.024693905999982 ], [ 150.57913149400008, -35.024702915999967 ], [ 150.579120542000055, -35.024702696999952 ], [ 150.579118681000068, -35.024765761999959 ], [ 150.579107729000043, -35.024765543999933 ], [ 150.579107463000014, -35.024774552999929 ], [ 150.579118416000028, -35.024774771999944 ], [ 150.579118150000113, -35.02478378099994 ], [ 150.579107198000088, -35.024783561999982 ], [ 150.579104806000032, -35.024864645999969 ], [ 150.579115758000057, -35.024864864999984 ], [ 150.579115492000028, -35.024873873999979 ] ] ] ] } },
{ "type": "Feature", "properties": { "OBJECTID": 4411, "gridcode": 5, "Shape_Length": 3.9934231019401675e-05, "Shape_Area": 9.8724822190214706e-11 }, "geometry": { "type": "MultiPolygon", "coordinates": [ [ [ [ 150.576562300000091, -35.024867958999948 ], [ 150.576562566000121, -35.024858949999953 ], [ 150.576551614000095, -35.024858730999938 ], [ 150.576551348000066, -35.024867739999934 ], [ 150.576562300000091, -35.024867958999948 ] ] ] ] } },
{ "type": "Feature", "properties": { "OBJECTID": 4412, "gridcode": 5, "Shape_Length": 6.1843589189859184e-05, "Shape_Area": 1.9746046224176316e-10 }, "geometry": { "type": "MultiPolygon", "coordinates": [ [ [ [ 150.576814467000077, -35.024863982999932 ], [ 150.576836371000013, -35.024864419999972 ], [ 150.576836637000042, -35.024855410999976 ], [ 150.576814733000106, -35.024854972999947 ], [ 150.576814467000077, -35.024863982999932 ] ] ] ] } },
{ "type": "Feature", "properties": { "OBJECTID": 4413, "gridcode": 5, "Shape_Length": 3.9935210507468204e-05, "Shape_Area": 9.8730164594036922e-11 }, "geometry": { "type": "MultiPolygon", "coordinates": [ [ [ [ 150.576890866000099, -35.024874522999937 ], [ 150.576891132000014, -35.024865513999941 ], [ 150.576880180000103, -35.024865294999984 ], [ 150.576879914000074, -35.024874304999969 ], [ 150.576890866000099, -35.024874522999937 ] ] ] ] } },
{ "type": "Feature", "properties": { "OBJECTID": 4420, "gridcode": 5, "Shape_Length": 3.9935210624487574e-05, "Shape_Area": 9.8730165118587989e-11 }, "geometry": { "type": "MultiPolygon", "coordinates": [ [ [ [ 150.575981302000059, -35.024874377999936 ], [ 150.575981568000088, -35.024865367999951 ], [ 150.575970616000063, -35.024865149999982 ], [ 150.575970350000034, -35.024874158999978 ], [ 150.575981302000059, -35.024874377999936 ] ] ] ] } },
{ "type": "Feature", "properties": { "OBJECTID": 4422, "gridcode": 5, "Shape_Length": 3.9935210626755257e-05, "Shape_Area": 9.8730165133708333e-11 }, "geometry": { "type": "MultiPolygon", "coordinates": [ [ [ [ 150.576616529000034, -35.024887071999956 ], [ 150.576616795000064, -35.024878061999971 ], [ 150.576605843000038, -35.024877843999946 ], [ 150.576605577, -35.024886852999941 ], [ 150.576616529000034, -35.024887071999956 ] ] ] ] } },
{ "type": "Feature", "properties": { "OBJECTID": 4433, "gridcode": 5, "Shape_Length": 6.1843589297898142e-05, "Shape_Area": 1.9746046271390459e-10 }, "geometry": { "type": "MultiPolygon", "coordinates": [ [ [ [ 150.576923191000105, -35.024893198999962 ], [ 150.576945095000042, -35.024893635999945 ], [ 150.576945361000071, -35.024884626999949 ], [ 150.576923457000021, -35.024884188999977 ], [ 150.576923191000105, -35.024893198999962 ] ] ] ] } },
{ "type": "Feature", "properties": { "OBJECTID": 4438, "gridcode": 5, "Shape_Length": 3.9934231017128808e-05, "Shape_Area": 9.8724822175094362e-11 }, "geometry": { "type": "MultiPolygon", "coordinates": [ [ [ [ 150.575301735000039, -35.024878822999938 ], [ 150.575302001000068, -35.024869813999942 ], [ 150.575291049000043, -35.024869594999984 ], [ 150.575290783000014, -35.02487860399998 ], [ 150.575301735000039, -35.024878822999938 ] ] ] ] } },
{ "type": "Feature", "properties": { "OBJECTID": 4442, "gridcode": 5, "Shape_Length": 3.993521050973605e-05, "Shape_Area": 9.873016460915728e-11 }, "geometry": { "type": "MultiPolygon", "coordinates": [ [ [ [ 150.576035531000116, -35.024893490999943 ], [ 150.576035797000031, -35.024884480999958 ], [ 150.57602484500012, -35.024884262999933 ], [ 150.576024579000091, -35.024893271999929 ], [ 150.576035531000116, -35.024893490999943 ] ] ] ] } },
{ "type": "Feature", "properties": { "OBJECTID": 4450, "gridcode": 5, "Shape_Length": 3.9934231019401675e-05, "Shape_Area": 9.8724822190214706e-11 }, "geometry": { "type": "MultiPolygon", "coordinates": [ [ [ [ 150.575213851000058, -35.024886080999977 ], [ 150.575214117000087, -35.024877071999981 ], [ 150.575203165000062, -35.024876852999967 ], [ 150.575202899000033, -35.024885861999962 ], [ 150.575213851000058, -35.024886080999977 ] ] ] ] } },
{ "type": "Feature", "properties": { "OBJECTID": 4464, "gridcode": 5, "Shape_Length": 3.9935260374991888e-05, "Shape_Area": 9.8729436126276218e-11 }, "geometry": { "type": "MultiPolygon", "coordinates": [ [ [ [ 150.575180728000078, -35.024894432999929 ], [ 150.575180995000096, -35.024885423999933 ], [ 150.575170042000082, -35.024885204999975 ], [ 150.575169776000052, -35.024894213999971 ], [ 150.575180728000078, -35.024894432999929 ] ] ] ] } },
{ "type": "Feature", "properties": { "OBJECTID": 4466, "gridcode": 5, "Shape_Length": 8.3752017776414354e-05, "Shape_Area": 2.9617929849534822e-10 }, "geometry": { "type": "MultiPolygon", "coordinates": [ [ [ [ 150.575224803000083, -35.024886299999935 ], [ 150.575257660000034, -35.024886956999978 ], [ 150.575257926000063, -35.024877947999983 ], [ 150.575225070000101, -35.024877290999939 ], [ 150.575224803000083, -35.024886299999935 ] ] ] ] } },
{ "type": "Feature", "properties": { "OBJECTID": 4468, "gridcode": 5, "Shape_Length": 3.9935260368268764e-05, "Shape_Area": 9.8729436101378805e-11 }, "geometry": { "type": "MultiPolygon", "coordinates": [ [ [ [ 150.57595833400012, -35.024909976999936 ], [ 150.575958600000035, -35.02490096799994 ], [ 150.57594764800001, -35.024900748999983 ], [ 150.575947381000105, -35.024909757999978 ], [ 150.57595833400012, -35.024909976999936 ] ] ] ] } },
{ "type": "Feature", "properties": { "OBJECTID": 4476, "gridcode": 5, "Shape_Length": 3.9935210626755257e-05, "Shape_Area": 9.8730165133708333e-11 }, "geometry": { "type": "MultiPolygon", "coordinates": [ [ [ [ 150.577382119000049, -35.024938424999959 ], [ 150.577382385000078, -35.024929414999974 ], [ 150.577371433000053, -35.024929196999949 ], [ 150.577371167000024, -35.024938205999945 ], [ 150.577382119000049, -35.024938424999959 ] ] ] ] } },
{ "type": "Feature", "properties": { "OBJECTID": 4484, "gridcode": 5, "Shape_Length": 3.9936230010120703e-05, "Shape_Area": 9.8735773549810121e-11 }, "geometry": { "type": "MultiPolygon", "coordinates": [ [ [ [ 150.575421410000104, -35.024908259999961 ], [ 150.575421676000019, -35.024899249999976 ], [ 150.575410724000108, -35.024899030999961 ], [ 150.575410458000079, -35.024908040999946 ], [ 150.575421410000104, -35.024908259999961 ] ] ] ] } },
{ "type": "Feature", "properties": { "OBJECTID": 4486, "gridcode": 5, "Shape_Length": 3.9934231019401675e-05, "Shape_Area": 9.8724822190214706e-11 }, "geometry": { "type": "MultiPolygon", "coordinates": [ [ [ [ 150.57546521900008, -35.024909134999973 ], [ 150.575465485000109, -35.024900125999977 ], [ 150.575454533000084, -35.024899906999963 ], [ 150.575454267000055, -35.024908915999958 ], [ 150.57546521900008, -35.024909134999973 ] ] ] ] } },
{ "type": "Feature", "properties": { "OBJECTID": 4489, "gridcode": 5, "Shape_Length": 3.9934230902382298e-05, "Shape_Area": 9.8724821665663653e-11 }, "geometry": { "type": "MultiPolygon", "coordinates": [ [ [ [ 150.575979972000027, -35.024919423999961 ], [ 150.575980238000056, -35.024910414999965 ], [ 150.575969286000031, -35.024910195999951 ], [ 150.575969020000116, -35.024919204999946 ], [ 150.575979972000027, -35.024919423999961 ] ] ] ] } },
{ "type": "Feature", "properties": { "OBJECTID": 4500, "gridcode": 5, "Shape_Length": 3.9937259364704858e-05, "Shape_Area": 9.8740388001009811e-11 }, "geometry": { "type": "MultiPolygon", "coordinates": [ [ [ [ 150.575015913000016, -35.024909167999965 ], [ 150.575016180000034, -35.02490015799998 ], [ 150.57500522700002, -35.024899938999965 ], [ 150.575004961000104, -35.024908948999951 ], [ 150.575015913000016, -35.024909167999965 ] ] ] ] } },
{ "type": "Feature", "properties": { "OBJECTID": 4502, "gridcode": 5, "Shape_Length": 3.9935210682442673e-05, "Shape_Area": 9.8730165437422727e-11 }, "geometry": { "type": "MultiPolygon", "coordinates": [ [ [ [ 150.575037818000055, -35.024909604999948 ], [ 150.575038084000084, -35.024900595999952 ], [ 150.575027132000059, -35.024900376999938 ], [ 150.57502686600003, -35.02490938699998 ], [ 150.575037818000055, -35.024909604999948 ] ] ] ] } },
{ "type": "Feature", "properties": { "OBJECTID": 4506, "gridcode": 5, "Shape_Length": 8.3750988416290658e-05, "Shape_Area": 2.9617446553131905e-10 }, "geometry": { "type": "MultiPolygon", "coordinates": [ [ [ [ 150.575081893000061, -35.024901471999954 ], [ 150.575114749000022, -35.02490212899994 ], [ 150.575115015000051, -35.024893119999945 ], [ 150.57508215900009, -35.024892462999958 ], [ 150.575081893000061, -35.024901471999954 ] ] ] ] } },
{ "type": "Feature", "properties": { "OBJECTID": 4508, "gridcode": 5, "Shape_Length": 3.9934230902382298e-05, "Shape_Area": 9.8724821665663653e-11 }, "geometry": { "type": "MultiPolygon", "coordinates": [ [ [ [ 150.575541618000102, -35.024919676999957 ], [ 150.575541884000017, -35.024910667999961 ], [ 150.575530932000106, -35.024910448999947 ], [ 150.575530666000077, -35.024919457999943 ], [ 150.575541618000102, -35.024919676999957 ] ] ] ] } },
{ "type": "Feature", "properties": { "OBJECTID": 4512, "gridcode": 5, "Shape_Length": 0.00012368824790127969, "Shape_Area": 4.9366164227368013e-10 }, "geometry": { "type": "MultiPolygon", "coordinates": [ [ [ [ 150.576012828000103, -35.024920080999948 ], [ 150.576056637000079, -35.024920956999949 ], [ 150.576056903000108, -35.024911946999964 ], [ 150.576034999000058, -35.024911508999935 ], [ 150.576035265000087, -35.024902499999939 ], [ 150.576024313000062, -35.024902280999981 ], [ 150.576024047000033, -35.024911290999967 ], [ 150.576013095000121, -35.024911071999952 ], [ 150.576012828000103, -35.024920080999948 ] ] ] ] } },
{ "type": "Feature", "properties": { "OBJECTID": 4533, "gridcode": 5, "Shape_Length": 6.184260971335448e-05, "Shape_Area": 1.9744964382830931e-10 }, "geometry": { "type": "MultiPolygon", "coordinates": [ [ [ [ 150.574938982000049, -35.024916643999973 ], [ 150.574960886000099, -35.024917081999945 ], [ 150.574961152000014, -35.024908072999949 ], [ 150.574939248000078, -35.024907634999977 ], [ 150.574938982000049, -35.024916643999973 ] ] ] ] } },
{ "type": "Feature", "properties": { "OBJECTID": 4535, "gridcode": 5, "Shape_Length": 6.1842609832646724e-05, "Shape_Area": 1.9744964438042941e-10 }, "geometry": { "type": "MultiPolygon", "coordinates": [ [ [ [ 150.575574209000024, -35.02492934299994 ], [ 150.575596113000074, -35.024929780999969 ], [ 150.575596379000103, -35.024920771999973 ], [ 150.575574475000053, -35.024920333999944 ], [ 150.575574209000024, -35.02492934299994 ] ] ] ] } },
{ "type": "Feature", "properties": { "OBJECTID": 4536, "gridcode": 5, "Shape_Length": 7.9871440807285349e-05, "Shape_Area": 2.9619089437426857e-10 }, "geometry": { "type": "MultiPolygon", "coordinates": [ [ [ [ 150.576001610000048, -35.024928870999929 ], [ 150.576001344000019, -35.024937880999971 ], [ 150.576012296000044, -35.024938099999929 ], [ 150.576012828000103, -35.024920080999948 ], [ 150.575990924000052, -35.024919642999976 ], [ 150.575990658000023, -35.024928652999961 ], [ 150.576001610000048, -35.024928870999929 ] ] ] ] } },
{ "type": "Feature", "properties": { "OBJECTID": 4540, "gridcode": 5, "Shape_Length": 0.00016362242960782784, "Shape_Area": 7.8983794227580461e-10 }, "geometry": { "type": "MultiPolygon", "coordinates": [ [ [ [ 150.57716227700007, -35.024961076999944 ], [ 150.577206086000047, -35.024961951999956 ], [ 150.577206352000076, -35.02495294299996 ], [ 150.577184448000025, -35.024952504999931 ], [ 150.577184714000055, -35.024943495999935 ], [ 150.57717376100004, -35.024943276999977 ], [ 150.577174027000069, -35.024934267999981 ], [ 150.577163075000044, -35.024934048999967 ], [ 150.577162809000015, -35.024943058999952 ], [ 150.577151857000104, -35.024942839999937 ], [ 150.577151591000074, -35.024951848999933 ], [ 150.5771625430001, -35.024952067999948 ], [ 150.57716227700007, -35.024961076999944 ] ] ] ] } },
{ "type": "Feature", "properties": { "OBJECTID": 4542, "gridcode": 5, "Shape_Length": 8.3752948042776113e-05, "Shape_Area": 2.96183208438825e-10 }, "geometry": { "type": "MultiPolygon", "coordinates": [ [ [ [ 150.577217038000072, -35.02496217099997 ], [ 150.577249895000023, -35.024962826999968 ], [ 150.577250161000052, -35.024953817999972 ], [ 150.577217304000101, -35.024953161999974 ], [ 150.577217038000072, -35.02496217099997 ] ] ] ] } },
{ "type": "Feature", "properties": { "OBJECTID": 4571, "gridcode": 5, "Shape_Length": 3.9936230010120703e-05, "Shape_Area": 9.8735773549810121e-11 }, "geometry": { "type": "MultiPolygon", "coordinates": [ [ [ [ 150.57465289400011, -35.02495599699995 ], [ 150.574653160000025, -35.024946986999964 ], [ 150.574642208000114, -35.02494676799995 ], [ 150.574641942000085, -35.024955777999935 ], [ 150.57465289400011, -35.02495599699995 ] ] ] ] } },
{ "type": "Feature", "properties": { "OBJECTID": 4575, "gridcode": 5, "Shape_Length": 0.00025125794402959902, "Shape_Area": 1.0860275344659498e-09 }, "geometry": { "type": "MultiPolygon", "coordinates": [ [ [ [ 150.575748379000061, -35.024968882999929 ], [ 150.575781236000012, -35.024969539999972 ], [ 150.575781502000041, -35.024960530999977 ], [ 150.575759598000104, -35.024960092999947 ], [ 150.57575986400002, -35.024951083999952 ], [ 150.575737959000094, -35.024950645999979 ], [ 150.575738225, -35.024941635999937 ], [ 150.575683464000122, -35.024940541999968 ], [ 150.575683198000092, -35.024949550999963 ], [ 150.575727007000069, -35.024950426999965 ], [ 150.57572674100004, -35.024959435999961 ], [ 150.57574864500009, -35.024959873999933 ], [ 150.575748379000061, -35.024968882999929 ] ] ] ] } },
{ "type": "Feature", "properties": { "OBJECTID": 4578, "gridcode": 5, "Shape_Length": 3.993526043294679e-05, "Shape_Area": 9.8729436445139377e-11 }, "geometry": { "type": "MultiPolygon", "coordinates": [ [ [ [ 150.575989061000087, -35.024982707999982 ], [ 150.575989328000105, -35.024973698999929 ], [ 150.575978375000091, -35.024973479999971 ], [ 150.575978109000062, -35.024982488999967 ], [ 150.575989061000087, -35.024982707999982 ] ] ] ] } },
{ "type": "Feature", "properties": { "OBJECTID": 4580, "gridcode": 5, "Shape_Length": 5.7962082216228832e-05, "Shape_Area": 1.9746059522792245e-10 }, "geometry": { "type": "MultiPolygon", "coordinates": [ [ [ [ 150.57598986000005, -35.024955679999948 ], [ 150.575989328000105, -35.024973698999929 ], [ 150.576000280000017, -35.024973917999944 ], [ 150.576000812000075, -35.024955898999963 ], [ 150.57598986000005, -35.024955679999948 ] ] ] ] } },
{ "type": "Feature", "properties": { "OBJECTID": 4584, "gridcode": 5, "Shape_Length": 6.184260971335448e-05, "Shape_Area": 1.9744964382830931e-10 }, "geometry": { "type": "MultiPolygon", "coordinates": [ [ [ [ 150.575780970000096, -35.024978548999968 ], [ 150.575802874000033, -35.02497898699994 ], [ 150.575803140000062, -35.024969977999945 ], [ 150.575781236000012, -35.024969539999972 ], [ 150.575780970000096, -35.024978548999968 ] ] ] ] } },
{ "type": "Feature", "properties": { "OBJECTID": 4585, "gridcode": 5, "Shape_Length": 3.9934230902382298e-05, "Shape_Area": 9.8724821665663653e-11 }, "geometry": { "type": "MultiPolygon", "coordinates": [ [ [ [ 150.575813560000029, -35.024988214999951 ], [ 150.575813826000058, -35.024979205999955 ], [ 150.575802874000033, -35.02497898699994 ], [ 150.575802608000117, -35.024987995999936 ], [ 150.575813560000029, -35.024988214999951 ] ] ] ] } },
{ "type": "Feature", "properties": { "OBJECTID": 4587, "gridcode": 5, "Shape_Length": 3.9934231010418288e-05, "Shape_Area": 9.8724822150196949e-11 }, "geometry": { "type": "MultiPolygon", "coordinates": [ [ [ [ 150.575966891000121, -35.024991279999938 ], [ 150.575967157000036, -35.024982270999942 ], [ 150.575956205000011, -35.024982051999984 ], [ 150.575955939000096, -35.02499106099998 ], [ 150.575966891000121, -35.024991279999938 ] ] ] ] } },
{ "type": "Feature", "properties": { "OBJECTID": 4591, "gridcode": 5, "Shape_Length": 3.9934231019401675e-05, "Shape_Area": 9.8724822190214706e-11 }, "geometry": { "type": "MultiPolygon", "coordinates": [ [ [ [ 150.574444270000072, -35.024969853999949 ], [ 150.574444536000101, -35.024960844999953 ], [ 150.574433584000076, -35.024960625999938 ], [ 150.574433318000047, -35.024969634999934 ], [ 150.574444270000072, -35.024969853999949 ] ] ] ] } },
{ "type": "Feature", "properties": { "OBJECTID": 4607, "gridcode": 5, "Shape_Length": 3.9935260260245284e-05, "Shape_Area": 9.8729435616873918e-11 }, "geometry": { "type": "MultiPolygon", "coordinates": [ [ [ [ 150.575845618000017, -35.025015899999971 ], [ 150.575845885000035, -35.025006890999975 ], [ 150.575834932000021, -35.025006671999961 ], [ 150.575834666000105, -35.025015680999957 ], [ 150.575845618000017, -35.025015899999971 ] ] ] ] } },
{ "type": "Feature", "properties": { "OBJECTID": 4640, "gridcode": 5, "Shape_Length": 3.9935260377264647e-05, "Shape_Area": 9.8729436141424997e-11 }, "geometry": { "type": "MultiPolygon", "coordinates": [ [ [ [ 150.574376427000061, -35.025040613999977 ], [ 150.57437669300009, -35.025031604999981 ], [ 150.574365741000065, -35.025031385999966 ], [ 150.574365474000047, -35.025040394999962 ], [ 150.574376427000061, -35.025040613999977 ] ] ] ] } },
{ "type": "Feature", "properties": { "OBJECTID": 4642, "gridcode": 5, "Shape_Length": 5.7962141460075504e-05, "Shape_Area": 1.9746081553355967e-10 }, "geometry": { "type": "MultiPolygon", "coordinates": [ [ [ [ 150.574377226000024, -35.025013585999943 ], [ 150.57437669300009, -35.025031604999981 ], [ 150.574387645000115, -35.025031823999939 ], [ 150.574388178000049, -35.025013804999958 ], [ 150.574377226000024, -35.025013585999943 ] ] ] ] } },
{ "type": "Feature", "properties": { "OBJECTID": 4645, "gridcode": 5, "Shape_Length": 3.9936230010120703e-05, "Shape_Area": 9.8735773549810121e-11 }, "geometry": { "type": "MultiPolygon", "coordinates": [ [ [ [ 150.574364942000102, -35.025058413999943 ], [ 150.574365208000017, -35.025049403999958 ], [ 150.574354256000106, -35.025049184999943 ], [ 150.574353990000077, -35.025058194999929 ], [ 150.574364942000102, -35.025058413999943 ] ] ] ] } },
{ "type": "Feature", "properties": { "OBJECTID": 4689, "gridcode": 5, "Shape_Length": 3.9935201349274516e-05, "Shape_Area": 9.8729217128634506e-11 }, "geometry": { "type": "MultiPolygon", "coordinates": [ [ [ [ 150.578859926000064, -35.025364577999937 ], [ 150.578860192000093, -35.025355568999942 ], [ 150.578849239000078, -35.025355349999984 ], [ 150.578848974000039, -35.02536435899998 ], [ 150.578859926000064, -35.025364577999937 ] ] ] ] } },
{ "type": "Feature", "properties": { "OBJECTID": 4693, "gridcode": 5, "Shape_Length": 3.9934230900109431e-05, "Shape_Area": 9.8724821650543295e-11 }, "geometry": { "type": "MultiPolygon", "coordinates": [ [ [ [ 150.578892517000099, -35.025374242999931 ], [ 150.578892783000015, -35.025365233999935 ], [ 150.578881831000103, -35.025365014999977 ], [ 150.578881565000074, -35.025374023999973 ], [ 150.578892517000099, -35.025374242999931 ] ] ] ] } },
{ "type": "Feature", "properties": { "OBJECTID": 4697, "gridcode": 5, "Shape_Length": 3.993521050973588e-05, "Shape_Area": 9.873016460915728e-11 }, "geometry": { "type": "MultiPolygon", "coordinates": [ [ [ [ 150.578947278000101, -35.025375335999968 ], [ 150.578947544000016, -35.025366326999972 ], [ 150.578936592000105, -35.025366107999957 ], [ 150.578936326000075, -35.025375117999943 ], [ 150.578947278000101, -35.025375335999968 ] ] ] ] } },
{ "type": "Feature", "properties": { "OBJECTID": 4699, "gridcode": 5, "Shape_Length": 3.9935210507468366e-05, "Shape_Area": 9.8730164594036922e-11 }, "geometry": { "type": "MultiPolygon", "coordinates": [ [ [ [ 150.578968917000111, -35.025384782999936 ], [ 150.578969183000027, -35.025375772999951 ], [ 150.578958231000115, -35.025375554999982 ], [ 150.578957965000086, -35.025384563999978 ], [ 150.578968917000111, -35.025384782999936 ] ] ] ] } },
{ "type": "Feature", "properties": { "OBJECTID": 4703, "gridcode": 5, "Shape_Length": 3.9936180845160792e-05, "Shape_Area": 9.8734560062658415e-11 }, "geometry": { "type": "MultiPolygon", "coordinates": [ [ [ [ 150.578979604000097, -35.025394010999946 ], [ 150.578979869000023, -35.025385000999961 ], [ 150.578968917000111, -35.025384782999936 ], [ 150.578968651000082, -35.025393791999932 ], [ 150.578979604000097, -35.025394010999946 ] ] ] ] } },
{ "type": "Feature", "properties": { "OBJECTID": 4706, "gridcode": 5, "Shape_Length": 5.7962023415211337e-05, "Shape_Area": 1.974603775382194e-10 }, "geometry": { "type": "MultiPolygon", "coordinates": [ [ [ [ 150.578979072000038, -35.025412028999938 ], [ 150.578978541000083, -35.025430047999976 ], [ 150.578989493000108, -35.025430266999933 ], [ 150.578990024000063, -35.025412247999952 ], [ 150.578979072000038, -35.025412028999938 ] ] ] ] } },
{ "type": "Feature", "properties": { "OBJECTID": 4707, "gridcode": 5, "Shape_Length": 3.9935210675732525e-05, "Shape_Area": 9.8730165412582157e-11 }, "geometry": { "type": "MultiPolygon", "coordinates": [ [ [ [ 150.57899938200012, -35.025466522999977 ], [ 150.578999648000035, -35.025457512999935 ], [ 150.57898869600001, -35.025457294999967 ], [ 150.578988430000095, -35.025466303999963 ], [ 150.57899938200012, -35.025466522999977 ] ] ] ] } },
{ "type": "Feature", "properties": { "OBJECTID": 4711, "gridcode": 5, "Shape_Length": 0.00010178181916315149, "Shape_Area": 3.9494420284123024e-10 }, "geometry": { "type": "MultiPolygon", "coordinates": [ [ [ [ 150.57886742300002, -35.025481917999969 ], [ 150.578900280000084, -35.025482573999966 ], [ 150.578900812000029, -35.025464554999928 ], [ 150.578889859000014, -35.02546433599997 ], [ 150.578889593000099, -35.025473345999956 ], [ 150.578867689000049, -35.025472907999983 ], [ 150.57886742300002, -35.025481917999969 ] ] ] ] } },
{ "type": "Feature", "properties": { "OBJECTID": 4713, "gridcode": 5, "Shape_Length": 3.9936180960721219e-05, "Shape_Area": 9.8734560587209494e-11 }, "geometry": { "type": "MultiPolygon", "coordinates": [ [ [ [ 150.578866892000065, -35.02549993599996 ], [ 150.578867157000104, -35.025490926999964 ], [ 150.578856205000079, -35.02549070799995 ], [ 150.57885593900005, -35.025499717999935 ], [ 150.578866892000065, -35.02549993599996 ] ] ] ] } },
{ "type": "Feature", "properties": { "OBJECTID": 4714, "gridcode": 5, "Shape_Length": 3.993520140053178e-05, "Shape_Area": 9.8729217422571832e-11 }, "geometry": { "type": "MultiPolygon", "coordinates": [ [ [ [ 150.57886636000012, -35.025517954999941 ], [ 150.578866626000035, -35.025508945999945 ], [ 150.578855673000021, -35.025508726999931 ], [ 150.578855408000095, -35.025517735999983 ], [ 150.57886636000012, -35.025517954999941 ] ] ] ] } },
{ "type": "Feature", "properties": { "OBJECTID": 4717, "gridcode": 5, "Shape_Length": 0.00013006836177945381, "Shape_Area": 5.9239594215112087e-10 }, "geometry": { "type": "MultiPolygon", "coordinates": [ [ [ [ 150.578900280000084, -35.025482573999966 ], [ 150.578898685000013, -35.025536629999976 ], [ 150.578909638000027, -35.025536847999945 ], [ 150.57891123200011, -35.025482791999934 ], [ 150.578900280000084, -35.025482573999966 ] ] ] ] } },
{ "type": "Feature", "properties": { "OBJECTID": 4719, "gridcode": 5, "Shape_Length": 3.9935210565418105e-05, "Shape_Area": 9.873016491287166e-11 }, "geometry": { "type": "MultiPolygon", "coordinates": [ [ [ [ 150.578875983000103, -35.025563219999981 ], [ 150.578876249000018, -35.025554210999928 ], [ 150.578865297000107, -35.025553991999971 ], [ 150.578865031000078, -35.025563001999956 ], [ 150.578875983000103, -35.025563219999981 ] ] ] ] } },
{ "type": "Feature", "properties": { "OBJECTID": 4723, "gridcode": 5, "Shape_Length": 3.993623059855748e-05, "Shape_Area": 9.8733831094936707e-11 }, "geometry": { "type": "MultiPolygon", "coordinates": [ [ [ [ 150.578875452000034, -35.025581238999962 ], [ 150.578875718000063, -35.025572229999966 ], [ 150.578864765000048, -35.025572010999952 ], [ 150.578864499000019, -35.025581019999947 ], [ 150.578875452000034, -35.025581238999962 ] ] ] ] } },
{ "type": "Feature", "properties": { "OBJECTID": 4731, "gridcode": 5, "Shape_Length": 5.7962033077814805e-05, "Shape_Area": 1.9746375349070639e-10 }, "geometry": { "type": "MultiPolygon", "coordinates": [ [ [ [ 150.578896293000071, -35.025617713999964 ], [ 150.578895762000116, -35.025635731999955 ], [ 150.578906714000027, -35.02563595099997 ], [ 150.578907246000085, -35.025617931999932 ], [ 150.578896293000071, -35.025617713999964 ] ] ] ] } },
{ "type": "Feature", "properties": { "OBJECTID": 4734, "gridcode": 5, "Shape_Length": 3.9936181017855001e-05, "Shape_Area": 9.8734560890952296e-11 }, "geometry": { "type": "MultiPolygon", "coordinates": [ [ [ [ 150.578872794000063, -35.025671331999945 ], [ 150.578873060000092, -35.025662322999949 ], [ 150.578862107000077, -35.025662103999935 ], [ 150.578861842000038, -35.025671113999977 ], [ 150.578872794000063, -35.025671331999945 ] ] ] ] } },
{ "type": "Feature", "properties": { "OBJECTID": 4742, "gridcode": 5, "Shape_Length": 0.00041849180601895254, "Shape_Area": 2.17202421057693e-09 }, "geometry": { "type": "MultiPolygon", "coordinates": [ [ [ [ 150.578988164000066, -35.025475312999959 ], [ 150.578982317000055, -35.025673518999952 ], [ 150.57899326900008, -35.025673736999977 ], [ 150.578999116000091, -35.025475531999973 ], [ 150.578988164000066, -35.025475312999959 ] ] ] ] } },
{ "type": "Feature", "properties": { "OBJECTID": 4743, "gridcode": 5, "Shape_Length": 3.993521062675525e-05, "Shape_Area": 9.8730165133708333e-11 }, "geometry": { "type": "MultiPolygon", "coordinates": [ [ [ [ 150.578861310000093, -35.025689131999968 ], [ 150.578861576000122, -35.025680122999972 ], [ 150.578850624000097, -35.025679903999958 ], [ 150.578850358000068, -35.025688913999943 ], [ 150.578861310000093, -35.025689131999968 ] ] ] ] } },
{ "type": "Feature", "properties": { "OBJECTID": 4746, "gridcode": 5, "Shape_Length": 3.9937210263418934e-05, "Shape_Area": 9.8739174842162574e-11 }, "geometry": { "type": "MultiPolygon", "coordinates": [ [ [ [ 150.578740569000047, -35.025695736999978 ], [ 150.578740835000076, -35.025686726999936 ], [ 150.578729882000061, -35.025686508999968 ], [ 150.578729616000032, -35.025695517999964 ], [ 150.578740569000047, -35.025695736999978 ] ] ] ] } },
{ "type": "Feature", "properties": { "OBJECTID": 4751, "gridcode": 5, "Shape_Length": 0.00029119501548883917, "Shape_Area": 1.5796669220993384e-09 }, "geometry": { "type": "MultiPolygon", "coordinates": [ [ [ [ 150.578806017000034, -35.025706057999969 ], [ 150.57884982600001, -35.025706931999935 ], [ 150.578850358000068, -35.025688913999943 ], [ 150.578817501000117, -35.025688257999946 ], [ 150.578817767000032, -35.02567924899995 ], [ 150.578763005000042, -35.02567815499998 ], [ 150.578763271000071, -35.025669145999984 ], [ 150.578752319000046, -35.02566892699997 ], [ 150.578752053000017, -35.025677936999955 ], [ 150.578741100000116, -35.02567771799994 ], [ 150.578740835000076, -35.025686726999936 ], [ 150.578806548000102, -35.025688038999931 ], [ 150.578806017000034, -35.025706057999969 ] ] ] ] } },
{ "type": "Feature", "properties": { "OBJECTID": 4763, "gridcode": 5, "Shape_Length": 3.9936280022748233e-05, "Shape_Area": 9.8735045885838486e-11 }, "geometry": { "type": "MultiPolygon", "coordinates": [ [ [ [ 150.572336441000061, -35.025838158999932 ], [ 150.57233670700009, -35.025829148999946 ], [ 150.572325755000065, -35.025828929999932 ], [ 150.572325488000047, -35.025837938999985 ], [ 150.572336441000061, -35.025838158999932 ] ] ] ] } },
{ "type": "Feature", "properties": { "OBJECTID": 4770, "gridcode": 5, "Shape_Length": 3.9936279958898395e-05, "Shape_Area": 9.8735045557169838e-11 }, "geometry": { "type": "MultiPolygon", "coordinates": [ [ [ [ 150.572290500000122, -35.025909355999943 ], [ 150.572290766000037, -35.025900346999947 ], [ 150.572279814000012, -35.025900126999943 ], [ 150.572279547000107, -35.025909136999928 ], [ 150.572290500000122, -35.025909355999943 ] ] ] ] } },
{ "type": "Feature", "properties": { "OBJECTID": 4780, "gridcode": 5, "Shape_Length": 0.00067113764692749859, "Shape_Area": 6.1213013699464306e-09 }, "geometry": { "type": "MultiPolygon", "coordinates": [ [ [ [ 150.572365300000115, -35.025973955999973 ], [ 150.572398157000066, -35.02597461299996 ], [ 150.572398690000114, -35.025956594999968 ], [ 150.572409642000025, -35.025956813999983 ], [ 150.572409909000044, -35.02594780499993 ], [ 150.572398957000019, -35.025947584999983 ], [ 150.572399490000066, -35.025929566999935 ], [ 150.572388537000052, -35.025929347999977 ], [ 150.572389337000118, -35.025902319999943 ], [ 150.572378384000103, -35.025902099999939 ], [ 150.572378917000037, -35.025884081999948 ], [ 150.572367965000012, -35.025883862999933 ], [ 150.572368765000078, -35.025856834999956 ], [ 150.572357812000064, -35.025856615999942 ], [ 150.572358345000112, -35.025838596999961 ], [ 150.572336441000061, -35.025838158999932 ], [ 150.572336174000043, -35.025847167999984 ], [ 150.572347127000057, -35.025847386999942 ], [ 150.572346327000105, -35.025874414999976 ], [ 150.572357279000016, -35.025874633999933 ], [ 150.572356746000082, -35.025892652999971 ], [ 150.572367699000097, -35.025892871999929 ], [ 150.572366633000115, -35.025928908999958 ], [ 150.572344728000076, -35.025928470999929 ], [ 150.572344462000046, -35.025937479999982 ], [ 150.57232255700012, -35.025937040999963 ], [ 150.572322823000036, -35.025928031999968 ], [ 150.572300919000099, -35.025927593999938 ], [ 150.572301452000033, -35.025909574999957 ], [ 150.572290500000122, -35.025909355999943 ], [ 150.572290233000103, -35.025918364999939 ], [ 150.572279281000078, -35.025918145999981 ], [ 150.572278481000012, -35.025945173999958 ], [ 150.572289434000027, -35.025945392999972 ], [ 150.572289167000122, -35.025954401999968 ], [ 150.572300119000033, -35.025954621999972 ], [ 150.572299853000118, -35.025963630999968 ], [ 150.572343662000094, -35.025964507999959 ], [ 150.572343929000112, -35.025955498999963 ], [ 150.572354881000024, -35.025955717999977 ], [ 150.572354614000119, -35.025964726999973 ], [ 150.57236556700002, -35.025964945999931 ], [ 150.572365300000115, -35.025973955999973 ] ] ] ] } },
{ "type": "Feature", "properties": { "OBJECTID": 4782, "gridcode": 5, "Shape_Length": 5.7962141460075504e-05, "Shape_Area": 1.9746081553355967e-10 }, "geometry": { "type": "MultiPolygon", "coordinates": [ [ [ [ 150.572255777, -35.025971762999973 ], [ 150.572255244000075, -35.025989781999954 ], [ 150.572266196000101, -35.025990000999968 ], [ 150.572266729000035, -35.02597198199993 ], [ 150.572255777, -35.025971762999973 ] ] ] ] } },
{ "type": "Feature", "properties": { "OBJECTID": 4783, "gridcode": 5, "Shape_Length": 3.9935260260245284e-05, "Shape_Area": 9.8729435616873918e-11 }, "geometry": { "type": "MultiPolygon", "coordinates": [ [ [ [ 150.572254711000028, -35.026007799999945 ], [ 150.572254978000046, -35.02599879099995 ], [ 150.572244025000032, -35.025998571999935 ], [ 150.572243759000116, -35.026007580999931 ], [ 150.572254711000028, -35.026007799999945 ] ] ] ] } },
{ "type": "Feature", "properties": { "OBJECTID": 4785, "gridcode": 5, "Shape_Length": 3.9936279965621133e-05, "Shape_Area": 9.8735045582124106e-11 }, "geometry": { "type": "MultiPolygon", "coordinates": [ [ [ [ 150.572116620000088, -35.026230401999953 ], [ 150.572116887000107, -35.026221391999968 ], [ 150.572105934000092, -35.026221172999954 ], [ 150.572105668000063, -35.026230181999949 ], [ 150.572116620000088, -35.026230401999953 ] ] ] ] } },
{ "type": "Feature", "properties": { "OBJECTID": 4787, "gridcode": 5, "Shape_Length": 3.9935260377264647e-05, "Shape_Area": 9.8729436141424997e-11 }, "geometry": { "type": "MultiPolygon", "coordinates": [ [ [ [ 150.572127306000084, -35.026239629999964 ], [ 150.572127573000103, -35.026230620999968 ], [ 150.572116620000088, -35.026230401999953 ], [ 150.572116354000059, -35.026239410999949 ], [ 150.572127306000084, -35.026239629999964 ] ] ] ] } },
{ "type": "Feature", "properties": { "OBJECTID": 4788, "gridcode": 5, "Shape_Length": 3.9934290155971814e-05, "Shape_Area": 9.8725041187913261e-11 }, "geometry": { "type": "MultiPolygon", "coordinates": [ [ [ [ 150.572093649000067, -35.026266 ], [ 150.572093916000085, -35.026256990999968 ], [ 150.57208296400006, -35.026256771999954 ], [ 150.572082697000042, -35.02626578099995 ], [ 150.572093649000067, -35.026266 ] ] ] ] } },
{ "type": "Feature", "properties": { "OBJECTID": 4789, "gridcode": 5, "Shape_Length": 7.9871490718499006e-05, "Shape_Area": 2.9619270263728746e-10 }, "geometry": { "type": "MultiPolygon", "coordinates": [ [ [ [ 150.572093916000085, -35.026256990999968 ], [ 150.572115821000011, -35.026257428999941 ], [ 150.572116354000059, -35.026239410999949 ], [ 150.572105401000044, -35.026239191999935 ], [ 150.572105135000015, -35.02624820099993 ], [ 150.572094182000114, -35.026247981999973 ], [ 150.572093916000085, -35.026256990999968 ] ] ] ] } },
{ "type": "Feature", "properties": { "OBJECTID": 4793, "gridcode": 5, "Shape_Length": 0.00028343450656855614, "Shape_Area": 1.5797122124817538e-09 }, "geometry": { "type": "MultiPolygon", "coordinates": [ [ [ [ 150.571839660000023, -35.027072230999977 ], [ 150.5718391260001, -35.027090249999958 ], [ 150.571850079000114, -35.027090468999972 ], [ 150.571850879000067, -35.027063440999939 ], [ 150.571839926000052, -35.027063221999981 ], [ 150.571840193000071, -35.027054212999928 ], [ 150.571829240000056, -35.027053992999981 ], [ 150.571829773000104, -35.027035974999933 ], [ 150.571785964000014, -35.027035097999942 ], [ 150.571785697000109, -35.027044106999938 ], [ 150.57176379200007, -35.027043667999976 ], [ 150.571763526000041, -35.027052677999961 ], [ 150.571818288000031, -35.027053773999967 ], [ 150.571818021000013, -35.027062782999963 ], [ 150.571828974000027, -35.027063002999967 ], [ 150.571828707000122, -35.027072011999962 ], [ 150.571839660000023, -35.027072230999977 ] ] ] ] } },
{ "type": "Feature", "properties": { "OBJECTID": 4797, "gridcode": 5, "Shape_Length": 3.9934290155971814e-05, "Shape_Area": 9.8725041187913261e-11 }, "geometry": { "type": "MultiPolygon", "coordinates": [ [ [ [ 150.571646003000069, -35.027320762999977 ], [ 150.571646270000087, -35.027311753999982 ], [ 150.571635318000062, -35.027311534999967 ], [ 150.571635051000044, -35.027320543999963 ], [ 150.571646003000069, -35.027320762999977 ] ] ] ] } },
{ "type": "Feature", "properties": { "OBJECTID": 4807, "gridcode": 5, "Shape_Length": 5.7963161467279713e-05, "Shape_Area": 1.9747362410191428e-10 }, "geometry": { "type": "MultiPolygon", "coordinates": [ [ [ [ 150.571579755000016, -35.027337465999949 ], [ 150.571579222000082, -35.027355483999941 ], [ 150.571590175000097, -35.027355703999945 ], [ 150.571590708000031, -35.027337684999964 ], [ 150.571579755000016, -35.027337465999949 ] ] ] ] } },
{ "type": "Feature", "properties": { "OBJECTID": 4809, "gridcode": 5, "Shape_Length": 7.9870511014599511e-05, "Shape_Area": 2.961894375198006e-10 }, "geometry": { "type": "MultiPolygon", "coordinates": [ [ [ [ 150.571612346000052, -35.027347132999978 ], [ 150.571612080000023, -35.027356141999974 ], [ 150.571623032000048, -35.027356361999978 ], [ 150.571623565000095, -35.02733834299994 ], [ 150.571601660000056, -35.027337904999968 ], [ 150.571601394000027, -35.027346913999963 ], [ 150.571612346000052, -35.027347132999978 ] ] ] ] } },
{ "type": "Feature", "properties": { "OBJECTID": 4810, "gridcode": 5, "Shape_Length": 0.00016362354840702972, "Shape_Area": 8.885829656421911e-10 }, "geometry": { "type": "MultiPolygon", "coordinates": [ [ [ [ 150.571545832000083, -35.027372844999945 ], [ 150.57158964100006, -35.027373721999936 ], [ 150.571589908000078, -35.02736471299994 ], [ 150.571578956000053, -35.027364493999983 ], [ 150.571579222000082, -35.027355483999941 ], [ 150.571568270000057, -35.027355264999983 ], [ 150.571568536000086, -35.02734625599993 ], [ 150.571557584000061, -35.027346036999973 ], [ 150.571557317000043, -35.027355045999968 ], [ 150.571535412000117, -35.02735460699995 ], [ 150.571535146000087, -35.027363616999935 ], [ 150.571546098000113, -35.02736383599995 ], [ 150.571545832000083, -35.027372844999945 ] ] ] ] } },
{ "type": "Feature", "properties": { "OBJECTID": 4817, "gridcode": 5, "Shape_Length": 0.0011401192166620527, "Shape_Area": 9.7745304699400819e-09 }, "geometry": { "type": "MultiPolygon", "coordinates": [ [ [ [ 150.571629986000062, -35.027491719999944 ], [ 150.571629719000043, -35.027500728999939 ], [ 150.571640672000058, -35.027500948999943 ], [ 150.571640938000087, -35.027491938999958 ], [ 150.571662843000013, -35.027492377999977 ], [ 150.571663110000031, -35.027483368999981 ], [ 150.571674062000056, -35.027483587999939 ], [ 150.571674329000075, -35.027474578999943 ], [ 150.571696234000115, -35.027475016999972 ], [ 150.57169650000003, -35.027466007999976 ], [ 150.571707453000045, -35.027466226999934 ], [ 150.571707720000063, -35.027457217999938 ], [ 150.571718672000088, -35.027457436999953 ], [ 150.571718939000107, -35.027448427999957 ], [ 150.571729891000018, -35.027448646999972 ], [ 150.571730424000066, -35.02743062899998 ], [ 150.57174137700008, -35.027430847999938 ], [ 150.571741643000109, -35.027421838999942 ], [ 150.57175259600001, -35.027422057999956 ], [ 150.571753129000058, -35.027404039999965 ], [ 150.571764081000083, -35.027404258999979 ], [ 150.57176461500012, -35.027386239999942 ], [ 150.571775567000032, -35.027386459999946 ], [ 150.571776633000013, -35.027350421999984 ], [ 150.571765681000102, -35.027350202999969 ], [ 150.571765148000054, -35.02736822199995 ], [ 150.57175419500004, -35.027368001999946 ], [ 150.571753662000106, -35.027386020999984 ], [ 150.57174271000008, -35.027385801999969 ], [ 150.571741910000014, -35.027412829999946 ], [ 150.571730957000113, -35.027412609999942 ], [ 150.571730691000084, -35.027421619999984 ], [ 150.57171973800007, -35.02742139999998 ], [ 150.571719472000041, -35.027430409999965 ], [ 150.571708519000026, -35.027430189999961 ], [ 150.571708253000111, -35.027439199999947 ], [ 150.571697300000096, -35.027438979999943 ], [ 150.571697034000067, -35.027447989999985 ], [ 150.571686081000053, -35.027447769999981 ], [ 150.571685815000023, -35.027456779999966 ], [ 150.571674862, -35.027456559999962 ], [ 150.571674595000104, -35.027465569999947 ], [ 150.571663643000079, -35.027465349999943 ], [ 150.57166337600006, -35.027474358999939 ], [ 150.571641471000021, -35.027473920999967 ], [ 150.571641205000105, -35.027482929999962 ], [ 150.571630252000091, -35.027482710999948 ], [ 150.571630519000109, -35.027473701999952 ], [ 150.571619566000095, -35.027473481999948 ], [ 150.571619833000113, -35.027464472999952 ], [ 150.571608880000099, -35.027464253999938 ], [ 150.571609147000117, -35.027455243999952 ], [ 150.571598195000092, -35.027455024999938 ], [ 150.571598461000121, -35.027446015999942 ], [ 150.571587509000096, -35.027445796999984 ], [ 150.571587775000012, -35.027436786999942 ], [ 150.57152206000012, -35.027435470999933 ], [ 150.571521794000091, -35.027444480999975 ], [ 150.571499889000052, -35.027444041999956 ], [ 150.571500155000081, -35.027435032999961 ], [ 150.571478250000041, -35.027434593999942 ], [ 150.57147851700006, -35.027425584999946 ], [ 150.571467565000034, -35.027425365999932 ], [ 150.571467298000016, -35.027434374999984 ], [ 150.571456345000115, -35.02743415599997 ], [ 150.571455012000115, -35.027479201999938 ], [ 150.571465965000016, -35.027479420999953 ], [ 150.571465698000111, -35.027488430999938 ], [ 150.571476651000012, -35.027488649999952 ], [ 150.571476384000107, -35.027497658999948 ], [ 150.571498289000033, -35.027498097999967 ], [ 150.571498556000051, -35.027489088999971 ], [ 150.571509508000076, -35.027489307999929 ], [ 150.571509775000095, -35.027480298999933 ], [ 150.57152072700012, -35.027480517999948 ], [ 150.571520994000025, -35.027471508999952 ], [ 150.571542899000065, -35.027471946999981 ], [ 150.571543166000083, -35.027462937999928 ], [ 150.571597928000074, -35.027464033999934 ], [ 150.571597661000055, -35.027473043999976 ], [ 150.57160861400007, -35.027473262999933 ], [ 150.571608347000051, -35.027482271999929 ], [ 150.571619300000066, -35.027482491999933 ], [ 150.571619033000047, -35.027491500999929 ], [ 150.571629986000062, -35.027491719999944 ] ] ] ] } },
{ "type": "Feature", "properties": { "OBJECTID": 4823, "gridcode": 5, "Shape_Length": 0.00041489694346683839, "Shape_Area": 2.3696189629707235e-09 }, "geometry": { "type": "MultiPolygon", "coordinates": [ [ [ [ 150.580861391000099, -35.027730291999944 ], [ 150.580970917000059, -35.027732475999983 ], [ 150.580971182000098, -35.02772346699993 ], [ 150.580982135000113, -35.027723685999945 ], [ 150.580982401000028, -35.02771467599996 ], [ 150.580960495000113, -35.027714238999977 ], [ 150.580960761000028, -35.027705229999981 ], [ 150.580949808000014, -35.027705010999966 ], [ 150.580950074000043, -35.027696001999971 ], [ 150.580939121000029, -35.027695783999945 ], [ 150.580938856000103, -35.027704792999941 ], [ 150.580927903000088, -35.027704574999973 ], [ 150.580928169000117, -35.027695564999931 ], [ 150.580895311000063, -35.02769490999998 ], [ 150.580895045000034, -35.027703918999975 ], [ 150.580916950000073, -35.027704355999958 ], [ 150.580916685000034, -35.027713364999954 ], [ 150.580927638000048, -35.027713583999969 ], [ 150.580927372000019, -35.027722592999964 ], [ 150.580916419000118, -35.027722374999939 ], [ 150.580916685000034, -35.027713364999954 ], [ 150.580905732000019, -35.027713146999929 ], [ 150.580905467000093, -35.027722155999982 ], [ 150.580861656000025, -35.027721281999959 ], [ 150.580861391000099, -35.027730291999944 ] ] ] ] } },
{ "type": "Feature", "properties": { "OBJECTID": 4831, "gridcode": 5, "Shape_Length": 3.9936279965621133e-05, "Shape_Area": 9.8735045582124106e-11 }, "geometry": { "type": "MultiPolygon", "coordinates": [ [ [ [ 150.571714407000059, -35.027601585999946 ], [ 150.571714673000088, -35.02759257699995 ], [ 150.571703721000063, -35.027592356999946 ], [ 150.571703454000044, -35.027601366999932 ], [ 150.571714407000059, -35.027601585999946 ] ] ] ] } },
{ "type": "Feature", "properties": { "OBJECTID": 4852, "gridcode": 5, "Shape_Length": 3.9935260260232673e-05, "Shape_Area": 9.8729435616873918e-11 }, "geometry": { "type": "MultiPolygon", "coordinates": [ [ [ [ 150.572823836000111, -35.027885216999948 ], [ 150.572824103000016, -35.027876207999952 ], [ 150.572813150000115, -35.027875988999938 ], [ 150.572812884000086, -35.027884997999934 ], [ 150.572823836000111, -35.027885216999948 ] ] ] ] } },
{ "type": "Feature", "properties": { "OBJECTID": 4853, "gridcode": 5, "Shape_Length": 3.9936279967071273e-05, "Shape_Area": 9.8735045582124106e-11 }, "geometry": { "type": "MultiPolygon", "coordinates": [ [ [ [ 150.572845741000037, -35.027885655999967 ], [ 150.572846008000056, -35.027876646999971 ], [ 150.572835055000041, -35.027876426999967 ], [ 150.572834789000012, -35.027885436999952 ], [ 150.572845741000037, -35.027885655999967 ] ] ] ] } },
{ "type": "Feature", "properties": { "OBJECTID": 4925, "gridcode": 5, "Shape_Length": 3.9938229761977845e-05, "Shape_Area": 9.8744784282861683e-11 }, "geometry": { "type": "MultiPolygon", "coordinates": [ [ [ [ 150.575798679000059, -35.028088949999983 ], [ 150.575798945000088, -35.028079939999941 ], [ 150.575787992000073, -35.028079720999983 ], [ 150.575787726000044, -35.028088730999968 ], [ 150.575798679000059, -35.028088949999983 ] ] ] ] } },
{ "type": "Feature", "properties": { "OBJECTID": 4942, "gridcode": 5, "Shape_Length": 3.9935210624487574e-05, "Shape_Area": 9.8730165118587989e-11 }, "geometry": { "type": "MultiPolygon", "coordinates": [ [ [ [ 150.576093867000054, -35.028112878999934 ], [ 150.576094133000083, -35.028103868999949 ], [ 150.576083181000058, -35.028103650999981 ], [ 150.576082915000029, -35.028112659999977 ], [ 150.576093867000054, -35.028112878999934 ] ] ] ] } },
{ "type": "Feature", "properties": { "OBJECTID": 4948, "gridcode": 5, "Shape_Length": 3.9935260377264647e-05, "Shape_Area": 9.8729436141424997e-11 }, "geometry": { "type": "MultiPolygon", "coordinates": [ [ [ [ 150.57586359600009, -35.028117290999944 ], [ 150.575863862000119, -35.028108281999948 ], [ 150.575852910000094, -35.028108062999934 ], [ 150.575852643000076, -35.02811707199993 ], [ 150.57586359600009, -35.028117290999944 ] ] ] ] } },
{ "type": "Feature", "properties": { "OBJECTID": 4949, "gridcode": 5, "Shape_Length": 3.993623059855748e-05, "Shape_Area": 9.8733831094936707e-11 }, "geometry": { "type": "MultiPolygon", "coordinates": [ [ [ [ 150.57610455400004, -35.028122106999945 ], [ 150.576104820000069, -35.028113097999949 ], [ 150.576093867000054, -35.028112878999934 ], [ 150.576093601000025, -35.02812188799993 ], [ 150.57610455400004, -35.028122106999945 ] ] ] ] } },
{ "type": "Feature", "properties": { "OBJECTID": 4954, "gridcode": 5, "Shape_Length": 3.9937210263418934e-05, "Shape_Area": 9.8739174842162574e-11 }, "geometry": { "type": "MultiPolygon", "coordinates": [ [ [ [ 150.575929046000056, -35.02812761399997 ], [ 150.575929312000085, -35.028118603999928 ], [ 150.57591835900007, -35.02811838599996 ], [ 150.575918093000041, -35.028127394999956 ], [ 150.575929046000056, -35.02812761399997 ] ] ] ] } },
{ "type": "Feature", "properties": { "OBJECTID": 4955, "gridcode": 5, "Shape_Length": 0.00025126497248259864, "Shape_Area": 1.5797319516295418e-09 }, "geometry": { "type": "MultiPolygon", "coordinates": [ [ [ [ 150.57597312200005, -35.02811947999993 ], [ 150.576071696000099, -35.028121449999958 ], [ 150.576071962000015, -35.028112440999962 ], [ 150.576039104000074, -35.028111783999975 ], [ 150.576039370000103, -35.028102774999979 ], [ 150.575984607, -35.028101679999963 ], [ 150.575984873000039, -35.028092670999968 ], [ 150.575973921000013, -35.028092451999953 ], [ 150.57597312200005, -35.02811947999993 ] ] ] ] } },
{ "type": "Feature", "properties": { "OBJECTID": 4961, "gridcode": 5, "Shape_Length": 3.9936230596284823e-05, "Shape_Area": 9.8733831079816363e-11 }, "geometry": { "type": "MultiPolygon", "coordinates": [ [ [ [ 150.575829940000062, -35.028143661999934 ], [ 150.575830206000091, -35.028134652999938 ], [ 150.575819253000077, -35.028134433999981 ], [ 150.575818987000048, -35.028143442999976 ], [ 150.575829940000062, -35.028143661999934 ] ] ] ] } },
{ "type": "Feature", "properties": { "OBJECTID": 4965, "gridcode": 5, "Shape_Length": 3.9937210263418934e-05, "Shape_Area": 9.8739174842162574e-11 }, "geometry": { "type": "MultiPolygon", "coordinates": [ [ [ [ 150.575817923000045, -35.028179479999949 ], [ 150.575818189000074, -35.028170470999953 ], [ 150.57580723600006, -35.028170251999939 ], [ 150.575806970000031, -35.028179261999981 ], [ 150.575817923000045, -35.028179479999949 ] ] ] ] } },
{ "type": "Feature", "properties": { "OBJECTID": 4991, "gridcode": 5, "Shape_Length": 7.9873292220263503e-05, "Shape_Area": 2.962132872815927e-10 }, "geometry": { "type": "MultiPolygon", "coordinates": [ [ [ [ 150.583449278000103, -35.028421922999939 ], [ 150.583471183000029, -35.028422358999933 ], [ 150.583471714000098, -35.028404339999952 ], [ 150.583460761000083, -35.028404121999984 ], [ 150.583460496000043, -35.028413130999979 ], [ 150.583449543000029, -35.028412912999954 ], [ 150.583449278000103, -35.028421922999939 ] ] ] ] } },
{ "type": "Feature", "properties": { "OBJECTID": 4997, "gridcode": 5, "Shape_Length": 0.00023961704601451427, "Shape_Area": 1.8759677428664029e-09 }, "geometry": { "type": "MultiPolygon", "coordinates": [ [ [ [ 150.583470122000108, -35.028458395999962 ], [ 150.583492027000034, -35.028458832999945 ], [ 150.583492293000063, -35.028449823999949 ], [ 150.583503245000088, -35.028450041999974 ], [ 150.583503776000043, -35.028432022999937 ], [ 150.583525681000083, -35.028432459999976 ], [ 150.583526212000038, -35.028414440999939 ], [ 150.583504306, -35.028414003999956 ], [ 150.583504572000038, -35.02840499499996 ], [ 150.583493619000024, -35.028404776999935 ], [ 150.583493354000097, -35.02841378599993 ], [ 150.583482401000083, -35.028413567999962 ], [ 150.583481870000014, -35.028431586999943 ], [ 150.583459965000088, -35.02843114999996 ], [ 150.583459434000019, -35.028449168999941 ], [ 150.583470387000034, -35.028449386999966 ], [ 150.583470122000108, -35.028458395999962 ] ] ] ] } },
{ "type": "Feature", "properties": { "OBJECTID": 5010, "gridcode": 5, "Shape_Length": 3.9937151296133364e-05, "Shape_Area": 9.8738956040710629e-11 }, "geometry": { "type": "MultiPolygon", "coordinates": [ [ [ [ 150.583478687000024, -35.028539698999964 ], [ 150.583478952000064, -35.028530689999968 ], [ 150.58346799900005, -35.028530470999954 ], [ 150.58346773400001, -35.028539480999939 ], [ 150.583478687000024, -35.028539698999964 ] ] ] ] } },
{ "type": "Feature", "properties": { "OBJECTID": 5048, "gridcode": 5, "Shape_Length": 0.00019330564079499395, "Shape_Area": 7.8989349533672683e-10 }, "geometry": { "type": "MultiPolygon", "coordinates": [ [ [ [ 150.580801708000081, -35.028639579999947 ], [ 150.580889330000105, -35.028641326999946 ], [ 150.580889595000031, -35.02863231799995 ], [ 150.580801973000121, -35.028630569999962 ], [ 150.580801708000081, -35.028639579999947 ] ] ] ] } },
{ "type": "Feature", "properties": { "OBJECTID": 5056, "gridcode": 5, "Shape_Length": 3.9936180899389528e-05, "Shape_Area": 9.8734560366401229e-11 }, "geometry": { "type": "MultiPolygon", "coordinates": [ [ [ [ 150.580855940000106, -35.028658690999976 ], [ 150.580856206000021, -35.028649680999933 ], [ 150.58084525300012, -35.028649462999965 ], [ 150.580844988000081, -35.028658471999961 ], [ 150.580855940000106, -35.028658690999976 ] ] ] ] } },
{ "type": "Feature", "properties": { "OBJECTID": 5064, "gridcode": 5, "Shape_Length": 0.00014171893087694078, "Shape_Area": 5.9241572772033708e-10 }, "geometry": { "type": "MultiPolygon", "coordinates": [ [ [ [ 150.58092165700009, -35.028660000999935 ], [ 150.580921391000061, -35.028669010999977 ], [ 150.580932344000075, -35.028669228999945 ], [ 150.58093287500003, -35.028651210999953 ], [ 150.580921922000016, -35.028650991999939 ], [ 150.580922188000045, -35.028641982999943 ], [ 150.580889330000105, -35.028641326999946 ], [ 150.580889064000075, -35.028650336999931 ], [ 150.580910969000115, -35.028650773999971 ], [ 150.580910704000075, -35.028659782999966 ], [ 150.58092165700009, -35.028660000999935 ] ] ] ] } },
{ "type": "Feature", "properties": { "OBJECTID": 5118, "gridcode": 5, "Shape_Length": 3.9937210090712209e-05, "Shape_Area": 9.8739174013868705e-11 }, "geometry": { "type": "MultiPolygon", "coordinates": [ [ [ [ 150.584499917000016, -35.029587711999966 ], [ 150.584500183000046, -35.02957870299997 ], [ 150.584489230000031, -35.029578483999956 ], [ 150.584488964000116, -35.029587493999941 ], [ 150.584499917000016, -35.029587711999966 ] ] ] ] } },
{ "type": "Feature", "properties": { "OBJECTID": 5119, "gridcode": 5, "Shape_Length": 3.9935161341067401e-05, "Shape_Area": 9.872895110691365e-11 }, "geometry": { "type": "MultiPolygon", "coordinates": [ [ [ [ 150.584422186000097, -35.029622221999944 ], [ 150.584422451000023, -35.029613212999948 ], [ 150.584411499000112, -35.029612994999979 ], [ 150.584411233000083, -35.029622003999975 ], [ 150.584422186000097, -35.029622221999944 ] ] ] ] } },
{ "type": "Feature", "properties": { "OBJECTID": 5122, "gridcode": 5, "Shape_Length": 3.9936131849990431e-05, "Shape_Area": 9.8733347403772181e-11 }, "geometry": { "type": "MultiPolygon", "coordinates": [ [ [ [ 150.584562187000074, -35.029706141999952 ], [ 150.584562452000114, -35.029697132999956 ], [ 150.584551499000099, -35.029696914999931 ], [ 150.58455123400006, -35.029705923999984 ], [ 150.584562187000074, -35.029706141999952 ] ] ] ] } },
{ "type": "Feature", "properties": { "OBJECTID": 5134, "gridcode": 5, "Shape_Length": 0.0024464008936753863, "Shape_Area": 7.2472651521825216e-08 }, "geometry": { "type": "MultiPolygon", "coordinates": [ [ [ [ 150.584180505000063, -35.030014052999945 ], [ 150.584180240000023, -35.030023061999941 ], [ 150.584191193000038, -35.030023279999966 ], [ 150.584191458000078, -35.03001427099997 ], [ 150.584213364000107, -35.030014706999964 ], [ 150.584214160000101, -35.02998767899993 ], [ 150.584247018000042, -35.029988333999938 ], [ 150.584246753000116, -35.029997342999934 ], [ 150.584257706000017, -35.029997560999959 ], [ 150.584258237000086, -35.029979541999978 ], [ 150.584291095000026, -35.029980196999929 ], [ 150.584291361000055, -35.029971187999934 ], [ 150.584313266000095, -35.029971623999984 ], [ 150.58431353200001, -35.029962614999931 ], [ 150.584324485000025, -35.029962832999956 ], [ 150.584324219000109, -35.029971841999952 ], [ 150.58433517200001, -35.029972059999977 ], [ 150.584335968000119, -35.029945031999944 ], [ 150.584357874000034, -35.029945467999937 ], [ 150.584358139000074, -35.029936458999941 ], [ 150.584380045000103, -35.029936894999935 ], [ 150.584380310000029, -35.029927885999939 ], [ 150.584391263000043, -35.029928103999964 ], [ 150.584391528000083, -35.029919094999968 ], [ 150.584402481000097, -35.029919312999937 ], [ 150.584402216000058, -35.029928321999932 ], [ 150.584413169000072, -35.029928540999947 ], [ 150.584413699000038, -35.029910521999966 ], [ 150.584402746000023, -35.029910303999941 ], [ 150.584403012000053, -35.029901293999956 ], [ 150.584413965000067, -35.029901511999981 ], [ 150.584414230000107, -35.029892502999928 ], [ 150.584403277000092, -35.02989228499996 ], [ 150.584403542000018, -35.029883275999964 ], [ 150.584436401000062, -35.029883929999983 ], [ 150.584436666000101, -35.02987492099993 ], [ 150.584469525000031, -35.029875574999949 ], [ 150.584471116000032, -35.029821518999938 ], [ 150.584482069000046, -35.029821736999963 ], [ 150.58448180400012, -35.029830745999959 ], [ 150.584492757000021, -35.029830964999974 ], [ 150.5844932870001, -35.029812945999936 ], [ 150.584482334000086, -35.029812727999968 ], [ 150.584483130000081, -35.029785699999934 ], [ 150.584461224000052, -35.029785262999951 ], [ 150.584462550000012, -35.029740216999983 ], [ 150.584473503000027, -35.029740434999951 ], [ 150.584473768000066, -35.029731424999966 ], [ 150.584462815000052, -35.029731206999941 ], [ 150.584463346000121, -35.029713188999949 ], [ 150.584474299000021, -35.029713406999974 ], [ 150.584474829000101, -35.029695387999936 ], [ 150.584496735000016, -35.02969582399993 ], [ 150.584497, -35.029686814999934 ], [ 150.58450795300007, -35.029687032999959 ], [ 150.584507688000031, -35.029696041999955 ], [ 150.584551499000099, -35.029696914999931 ], [ 150.584551765000015, -35.029687905999936 ], [ 150.58456271700004, -35.029688123999961 ], [ 150.584563248000109, -35.02967010499998 ], [ 150.584574201, -35.029670322999948 ], [ 150.584574731000089, -35.029652303999967 ], [ 150.584596637000118, -35.02965274099995 ], [ 150.584596902000044, -35.029643730999965 ], [ 150.584585949000029, -35.02964351299994 ], [ 150.584586480000098, -35.029625493999959 ], [ 150.584575527000084, -35.029625275999933 ], [ 150.58457579200001, -35.029616266999938 ], [ 150.584553886000094, -35.029615830999944 ], [ 150.58455415100002, -35.029606820999959 ], [ 150.584532246000094, -35.029606384999965 ], [ 150.58453251100002, -35.02959737599997 ], [ 150.58452155800012, -35.029597157999945 ], [ 150.584521823000046, -35.029588147999959 ], [ 150.584499917000016, -35.029587711999966 ], [ 150.58449965200009, -35.029596720999962 ], [ 150.584488699000076, -35.029596502999937 ], [ 150.58448816900011, -35.029614521999974 ], [ 150.584477216000096, -35.029614303999949 ], [ 150.584476951000056, -35.029623312999945 ], [ 150.584455045000027, -35.029622876999952 ], [ 150.584454780000101, -35.029631885999947 ], [ 150.584432874000072, -35.029631449999954 ], [ 150.584433139000112, -35.029622439999969 ], [ 150.584422186000097, -35.029622221999944 ], [ 150.584421921000057, -35.029631231999929 ], [ 150.584356204000073, -35.029629922999959 ], [ 150.584355939000034, -35.029638931999955 ], [ 150.584334033000118, -35.029638495999961 ], [ 150.58433350200005, -35.029656513999953 ], [ 150.58431159700001, -35.02965607799996 ], [ 150.584311066000055, -35.029674096999941 ], [ 150.58430011300004, -35.029673878999972 ], [ 150.58429852200004, -35.029727934999983 ], [ 150.584320428000069, -35.029728370999976 ], [ 150.58432016200004, -35.029737380999961 ], [ 150.584309209000025, -35.029737161999947 ], [ 150.584307883000065, -35.029782208999961 ], [ 150.584329789000094, -35.029782645999944 ], [ 150.584329259000015, -35.029800663999936 ], [ 150.584318306000114, -35.029800445999967 ], [ 150.584317775000045, -35.029818464999948 ], [ 150.584339681000074, -35.029818900999942 ], [ 150.584338355000114, -35.029863947999957 ], [ 150.584327402000099, -35.029863729999931 ], [ 150.584327667000025, -35.029854719999946 ], [ 150.584316714000011, -35.029854501999978 ], [ 150.584316449000085, -35.029863511999963 ], [ 150.58430549600007, -35.029863292999948 ], [ 150.58430523100003, -35.029872302999934 ], [ 150.584283325000115, -35.029871865999951 ], [ 150.58428226400008, -35.02990790399997 ], [ 150.584260358000051, -35.029907467999976 ], [ 150.58426088900012, -35.029889448999938 ], [ 150.584249936000106, -35.02988923099997 ], [ 150.584250201000032, -35.029880220999985 ], [ 150.584239248000017, -35.02988000299996 ], [ 150.584238718000051, -35.029898021999941 ], [ 150.584249671000066, -35.029898239999966 ], [ 150.584248875000071, -35.029925267999943 ], [ 150.584226969000042, -35.029924831999949 ], [ 150.584226704000116, -35.029933840999945 ], [ 150.584204798000087, -35.029933404999952 ], [ 150.584205063000013, -35.029924394999966 ], [ 150.584194110000112, -35.029924176999941 ], [ 150.584194376000028, -35.029915167999945 ], [ 150.584183423000013, -35.029914949999977 ], [ 150.584183688000053, -35.029905939999935 ], [ 150.584194641000067, -35.02990615899995 ], [ 150.584194906000107, -35.029897148999964 ], [ 150.584173, -35.029896712999971 ], [ 150.584172735000038, -35.029905721999967 ], [ 150.584139876000108, -35.029905067999948 ], [ 150.584139346000029, -35.02992308599994 ], [ 150.584117440000114, -35.029922649999946 ], [ 150.584116909000045, -35.029940668999984 ], [ 150.584095004000119, -35.029940231999944 ], [ 150.584093943000084, -35.029976269999963 ], [ 150.584104896000099, -35.029976487999932 ], [ 150.58410463000007, -35.029985496999984 ], [ 150.584126536000099, -35.029985933999967 ], [ 150.584126271000059, -35.029994942999963 ], [ 150.584137224000074, -35.029995160999931 ], [ 150.584136693000119, -35.030013179999969 ], [ 150.584158599000034, -35.030013615999962 ], [ 150.584158334000108, -35.030022625999948 ], [ 150.584169287, -35.030022843999973 ], [ 150.584169552000048, -35.030013833999931 ], [ 150.584180505000063, -35.030014052999945 ] ] ] ] } },
{ "type": "Feature", "properties": { "OBJECTID": 5136, "gridcode": 5, "Shape_Length": 7.9873283058651428e-05, "Shape_Area": 3.9494460620167182e-10 }, "geometry": { "type": "MultiPolygon", "coordinates": [ [ [ [ 150.58390376400007, -35.030107700999963 ], [ 150.583925670000099, -35.030108136999957 ], [ 150.583926200000064, -35.030090118999965 ], [ 150.583904294000035, -35.030089681999982 ], [ 150.58390376400007, -35.030107700999963 ] ] ] ] } },
{ "type": "Feature", "properties": { "OBJECTID": 5137, "gridcode": 5, "Shape_Length": 3.9937160454334736e-05, "Shape_Area": 9.8739903506141466e-11 }, "geometry": { "type": "MultiPolygon", "coordinates": [ [ [ [ 150.583936357000084, -35.030117364999967 ], [ 150.58393662200001, -35.030108354999982 ], [ 150.583925670000099, -35.030108136999957 ], [ 150.58392540400007, -35.030117146999942 ], [ 150.583936357000084, -35.030117364999967 ] ] ] ] } },
{ "type": "Feature", "properties": { "OBJECTID": 5152, "gridcode": 5, "Shape_Length": 0.0011542808990985169, "Shape_Area": 1.6390378408849808e-08 }, "geometry": { "type": "MultiPolygon", "coordinates": [ [ [ [ 150.583866130000047, -35.030269214999976 ], [ 150.58393184800002, -35.030270523999945 ], [ 150.58393211300006, -35.03026151499995 ], [ 150.583954019000089, -35.030261950999943 ], [ 150.583954284000015, -35.030252941999947 ], [ 150.583998096000073, -35.030253813999934 ], [ 150.583997831000033, -35.030262823999976 ], [ 150.584008784000048, -35.030263041999945 ], [ 150.584010640000088, -35.030199975999949 ], [ 150.584021593000102, -35.030200194999964 ], [ 150.584023185000092, -35.030146137999964 ], [ 150.584012232000077, -35.030145919999939 ], [ 150.584013028000072, -35.030118891999962 ], [ 150.583969216000014, -35.030118018999929 ], [ 150.583969481000054, -35.030109009999933 ], [ 150.583980434000068, -35.030109227999958 ], [ 150.583980700000097, -35.030100218999962 ], [ 150.583991652, -35.03010043699993 ], [ 150.583992183000078, -35.030082417999949 ], [ 150.583981230000063, -35.030082199999981 ], [ 150.583981495000103, -35.030073190999929 ], [ 150.583992448000117, -35.030073408999954 ], [ 150.583992979000072, -35.030055389999973 ], [ 150.584069649000071, -35.030056917999957 ], [ 150.584070180000026, -35.030038898999976 ], [ 150.584026368000082, -35.030038025999943 ], [ 150.584026103000042, -35.030047035999928 ], [ 150.583982291000098, -35.030046162999952 ], [ 150.583982026000058, -35.030055171999948 ], [ 150.583971073000043, -35.030054953999979 ], [ 150.583970277000049, -35.030081981999956 ], [ 150.583959324000034, -35.030081763999931 ], [ 150.583959059000108, -35.030090772999984 ], [ 150.583948106000094, -35.030090554999958 ], [ 150.583947310000099, -35.030117582999935 ], [ 150.583936357000084, -35.030117364999967 ], [ 150.583936092000044, -35.030126373999963 ], [ 150.58392513900003, -35.030126155999938 ], [ 150.583924874000104, -35.030135164999933 ], [ 150.583913921000089, -35.030134946999965 ], [ 150.58391365600005, -35.030143955999961 ], [ 150.583924608000075, -35.030144174999975 ], [ 150.583924343000035, -35.030153183999971 ], [ 150.58393529600005, -35.030153401999939 ], [ 150.583934500000055, -35.030180429999973 ], [ 150.583945453000069, -35.030180647999941 ], [ 150.58394359600004, -35.030243713999937 ], [ 150.583888832000071, -35.030242622999936 ], [ 150.58388909700011, -35.03023361399994 ], [ 150.583878144000096, -35.030233394999982 ], [ 150.583878409000022, -35.030224385999929 ], [ 150.583867456000121, -35.030224167999961 ], [ 150.583867721000047, -35.030215158999965 ], [ 150.583856768000032, -35.030214939999951 ], [ 150.583855442000072, -35.030259986999965 ], [ 150.583866395000086, -35.030260204999934 ], [ 150.583866130000047, -35.030269214999976 ] ] ] ] } },
{ "type": "Feature", "properties": { "OBJECTID": 5154, "gridcode": 5, "Shape_Length": 5.796392424882068e-05, "Shape_Area": 1.9747764735563981e-10 }, "geometry": { "type": "MultiPolygon", "coordinates": [ [ [ [ 150.584008518000019, -35.03027205099994 ], [ 150.584007988000053, -35.030290069999978 ], [ 150.584018941000068, -35.030290287999946 ], [ 150.584019471000033, -35.030272268999965 ], [ 150.584008518000019, -35.03027205099994 ] ] ] ] } },
{ "type": "Feature", "properties": { "OBJECTID": 5158, "gridcode": 5, "Shape_Length": 3.9937210088444573e-05, "Shape_Area": 9.8739173998748348e-11 }, "geometry": { "type": "MultiPolygon", "coordinates": [ [ [ [ 150.580041425000104, -35.030265074999932 ], [ 150.580041691000019, -35.030256065999936 ], [ 150.580030738000119, -35.030255846999978 ], [ 150.58003047200009, -35.030264856999963 ], [ 150.580041425000104, -35.030265074999932 ] ] ] ] } },
{ "type": "Feature", "properties": { "OBJECTID": 5191, "gridcode": 5, "Shape_Length": 3.9936180958453637e-05, "Shape_Area": 9.8734560572117558e-11 }, "geometry": { "type": "MultiPolygon", "coordinates": [ [ [ [ 150.578592182000079, -35.03035333899993 ], [ 150.578592448000109, -35.030344328999945 ], [ 150.578581495000094, -35.030344110999977 ], [ 150.578581230000054, -35.030353119999972 ], [ 150.578592182000079, -35.03035333899993 ] ] ] ] } },
{ "type": "Feature", "properties": { "OBJECTID": 5195, "gridcode": 5, "Shape_Length": 3.9936230537220436e-05, "Shape_Area": 9.8733830874128455e-11 }, "geometry": { "type": "MultiPolygon", "coordinates": [ [ [ [ 150.578569745000095, -35.030370919999939 ], [ 150.578570011000011, -35.030361910999943 ], [ 150.57855905800011, -35.030361691999929 ], [ 150.578558792000081, -35.030370700999981 ], [ 150.578569745000095, -35.030370919999939 ] ] ] ] } },
{ "type": "Feature", "properties": { "OBJECTID": 5203, "gridcode": 5, "Shape_Length": 3.9936180960721219e-05, "Shape_Area": 9.8734560587209494e-11 }, "geometry": { "type": "MultiPolygon", "coordinates": [ [ [ [ 150.578557728000078, -35.030406738999943 ], [ 150.578557994000107, -35.030397728999958 ], [ 150.578547041000093, -35.030397510999933 ], [ 150.578546776000053, -35.030406519999929 ], [ 150.578557728000078, -35.030406738999943 ] ] ] ] } },
{ "type": "Feature", "properties": { "OBJECTID": 5219, "gridcode": 5, "Shape_Length": 3.9937210205463944e-05, "Shape_Area": 9.8739174523299414e-11 }, "geometry": { "type": "MultiPolygon", "coordinates": [ [ [ [ 150.578392371000064, -35.030439495999929 ], [ 150.578392637000093, -35.030430485999943 ], [ 150.578381684000078, -35.030430267999975 ], [ 150.578381418000049, -35.030439276999971 ], [ 150.578392371000064, -35.030439495999929 ] ] ] ] } },
{ "type": "Feature", "properties": { "OBJECTID": 5222, "gridcode": 5, "Shape_Length": 3.9937210207731417e-05, "Shape_Area": 9.8739174538419759e-11 }, "geometry": { "type": "MultiPolygon", "coordinates": [ [ [ [ 150.578414011000064, -35.030448941999964 ], [ 150.578414277000093, -35.030439932999968 ], [ 150.578403324000078, -35.030439713999954 ], [ 150.578403058000049, -35.030448723999939 ], [ 150.578414011000064, -35.030448941999964 ] ] ] ] } },
{ "type": "Feature", "properties": { "OBJECTID": 5227, "gridcode": 5, "Shape_Length": 3.9936230596284823e-05, "Shape_Area": 9.8733831079816363e-11 }, "geometry": { "type": "MultiPolygon", "coordinates": [ [ [ [ 150.578227279000089, -35.030463242999929 ], [ 150.578227545000118, -35.030454233999933 ], [ 150.578216592000103, -35.030454014999975 ], [ 150.578216326000074, -35.030463023999971 ], [ 150.578227279000089, -35.030463242999929 ] ] ] ] } },
{ "type": "Feature", "properties": { "OBJECTID": 5232, "gridcode": 5, "Shape_Length": 0.00018165720993798789, "Shape_Area": 1.1848396242099518e-09 }, "geometry": { "type": "MultiPolygon", "coordinates": [ [ [ [ 150.578149811000117, -35.030488739999953 ], [ 150.578171716000043, -35.030489176999936 ], [ 150.578171982000072, -35.03048016799994 ], [ 150.578182935000086, -35.030480386999955 ], [ 150.578183201000115, -35.030471376999969 ], [ 150.578205107000031, -35.030471814999942 ], [ 150.578205639000089, -35.030453795999961 ], [ 150.578172780000045, -35.030453139999963 ], [ 150.578172514000016, -35.030462148999959 ], [ 150.578161561000115, -35.030461930999934 ], [ 150.578161295000086, -35.03047093999993 ], [ 150.578150342000072, -35.030470720999972 ], [ 150.578149811000117, -35.030488739999953 ] ] ] ] } },
{ "type": "Feature", "properties": { "OBJECTID": 5233, "gridcode": 5, "Shape_Length": 3.9936230596284823e-05, "Shape_Area": 9.8733831079816363e-11 }, "geometry": { "type": "MultiPolygon", "coordinates": [ [ [ [ 150.578390244000047, -35.030511569999931 ], [ 150.578390510000077, -35.030502560999935 ], [ 150.578379557000062, -35.030502341999977 ], [ 150.578379291000033, -35.030511350999973 ], [ 150.578390244000047, -35.030511569999931 ] ] ] ] } },
{ "type": "Feature", "properties": { "OBJECTID": 5235, "gridcode": 5, "Shape_Length": 3.9936230481538103e-05, "Shape_Area": 9.8733830570385654e-11 }, "geometry": { "type": "MultiPolygon", "coordinates": [ [ [ [ 150.578138060000015, -35.030515548999972 ], [ 150.578138326000044, -35.030506539999976 ], [ 150.578127373000029, -35.030506320999962 ], [ 150.578127107000114, -35.030515329999957 ], [ 150.578138060000015, -35.030515548999972 ] ] ] ] } },
{ "type": "Feature", "properties": { "OBJECTID": 5237, "gridcode": 5, "Shape_Length": 3.9937210201021276e-05, "Shape_Area": 9.8739174513579189e-11 }, "geometry": { "type": "MultiPolygon", "coordinates": [ [ [ [ 150.578379025000118, -35.030520360999958 ], [ 150.578379291000033, -35.030511350999973 ], [ 150.578368338000018, -35.030511132999948 ], [ 150.578368072000103, -35.030520141999943 ], [ 150.578379025000118, -35.030520360999958 ] ] ] ] } },
{ "type": "Feature", "properties": { "OBJECTID": 5242, "gridcode": 5, "Shape_Length": 3.9937210263418934e-05, "Shape_Area": 9.8739174842162574e-11 }, "geometry": { "type": "MultiPolygon", "coordinates": [ [ [ [ 150.578367806000074, -35.030529150999939 ], [ 150.578368072000103, -35.030520141999943 ], [ 150.578357119000088, -35.030519922999929 ], [ 150.578356853000059, -35.030528932999971 ], [ 150.578367806000074, -35.030529150999939 ] ] ] ] } },
{ "type": "Feature", "properties": { "OBJECTID": 5243, "gridcode": 5, "Shape_Length": 3.993623059855748e-05, "Shape_Area": 9.8733831094936707e-11 }, "geometry": { "type": "MultiPolygon", "coordinates": [ [ [ [ 150.57835658700003, -35.030537941999967 ], [ 150.578356853000059, -35.030528932999971 ], [ 150.578345900000045, -35.030528713999956 ], [ 150.578345634000016, -35.030537722999952 ], [ 150.57835658700003, -35.030537941999967 ] ] ] ] } },
{ "type": "Feature", "properties": { "OBJECTID": 5245, "gridcode": 5, "Shape_Length": 3.9937210088444736e-05, "Shape_Area": 9.8739173998748348e-11 }, "geometry": { "type": "MultiPolygon", "coordinates": [ [ [ [ 150.5783453680001, -35.030546732999937 ], [ 150.578345634000016, -35.030537722999952 ], [ 150.578334681000115, -35.030537504999984 ], [ 150.578334415000086, -35.03054651399998 ], [ 150.5783453680001, -35.030546732999937 ] ] ] ] } },
{ "type": "Feature", "properties": { "OBJECTID": 5249, "gridcode": 5, "Shape_Length": 3.9935201351547282e-05, "Shape_Area": 9.8729217143726443e-11 }, "geometry": { "type": "MultiPolygon", "coordinates": [ [ [ [ 150.578334149000057, -35.030555522999975 ], [ 150.578334415000086, -35.03054651399998 ], [ 150.578323462000071, -35.030546294999965 ], [ 150.578323197000032, -35.030555303999961 ], [ 150.578334149000057, -35.030555522999975 ] ] ] ] } },
{ "type": "Feature", "properties": { "OBJECTID": 5251, "gridcode": 5, "Shape_Length": 3.9937210146399726e-05, "Shape_Area": 9.8739174317611507e-11 }, "geometry": { "type": "MultiPolygon", "coordinates": [ [ [ [ 150.578289540000014, -35.03058167599994 ], [ 150.578289806000043, -35.030572666999944 ], [ 150.578278853000029, -35.03057244799993 ], [ 150.578278587000113, -35.030581457999972 ], [ 150.578289540000014, -35.03058167599994 ] ] ] ] } },
{ "type": "Feature", "properties": { "OBJECTID": 5252, "gridcode": 5, "Shape_Length": 0.00010178377920234403, "Shape_Area": 3.9495135415051571e-10 }, "geometry": { "type": "MultiPolygon", "coordinates": [ [ [ [ 150.578289806000043, -35.030572666999944 ], [ 150.578311712000072, -35.030573103999984 ], [ 150.578311978000102, -35.030564094999932 ], [ 150.578322931000116, -35.030564313999946 ], [ 150.578323197000032, -35.030555303999961 ], [ 150.578301291000116, -35.030554866999978 ], [ 150.578301025000087, -35.030563875999974 ], [ 150.578290072000073, -35.030563657999949 ], [ 150.578289806000043, -35.030572666999944 ] ] ] ] } },
{ "type": "Feature", "properties": { "OBJECTID": 5257, "gridcode": 5, "Shape_Length": 3.9937210263418934e-05, "Shape_Area": 9.8739174842162574e-11 }, "geometry": { "type": "MultiPolygon", "coordinates": [ [ [ [ 150.578256149000026, -35.030599038999981 ], [ 150.578256415000055, -35.030590028999939 ], [ 150.578245462000041, -35.03058981099997 ], [ 150.578245196000012, -35.030598819999966 ], [ 150.578256149000026, -35.030599038999981 ] ] ] ] } },
{ "type": "Feature", "properties": { "OBJECTID": 5258, "gridcode": 5, "Shape_Length": 6.1846608990958333e-05, "Shape_Area": 1.9746766218987341e-10 }, "geometry": { "type": "MultiPolygon", "coordinates": [ [ [ [ 150.578256415000055, -35.030590028999939 ], [ 150.578278321000084, -35.030590466999968 ], [ 150.578278587000113, -35.030581457999972 ], [ 150.578256681000084, -35.030581019999943 ], [ 150.578256415000055, -35.030590028999939 ] ] ] ] } },
{ "type": "Feature", "properties": { "OBJECTID": 5266, "gridcode": 5, "Shape_Length": 0.00014172300942487403, "Shape_Area": 5.9241526463924255e-10 }, "geometry": { "type": "MultiPolygon", "coordinates": [ [ [ [ 150.578189900000098, -35.030615744999977 ], [ 150.578211806000013, -35.03061618299995 ], [ 150.578212071000053, -35.030607172999964 ], [ 150.578233977000082, -35.030607610999937 ], [ 150.578234509000026, -35.030589591999956 ], [ 150.578223556000012, -35.030589372999941 ], [ 150.578223290000096, -35.030598382999983 ], [ 150.578201384000067, -35.030597944999954 ], [ 150.578201119000028, -35.030606954999939 ], [ 150.578190166000013, -35.030606735999982 ], [ 150.578189900000098, -35.030615744999977 ] ] ] ] } },
{ "type": "Feature", "properties": { "OBJECTID": 5268, "gridcode": 5, "Shape_Length": 9.4016765982826879e-05, "Shape_Area": 3.9495122196780966e-10 }, "geometry": { "type": "MultiPolygon", "coordinates": [ [ [ [ 150.578026137000052, -35.030594445999952 ], [ 150.578025073000049, -35.030630482999982 ], [ 150.578036026000063, -35.030630701999939 ], [ 150.578037090000066, -35.030594663999977 ], [ 150.578026137000052, -35.030594445999952 ] ] ] ] } },
{ "type": "Feature", "properties": { "OBJECTID": 5269, "gridcode": 5, "Shape_Length": 0.00010178377914438903, "Shape_Area": 3.9495135446937889e-10 }, "geometry": { "type": "MultiPolygon", "coordinates": [ [ [ [ 150.57815650900011, -35.030633107999961 ], [ 150.578178415000025, -35.030633544999944 ], [ 150.578178681000054, -35.030624535999948 ], [ 150.578189634000069, -35.030624753999973 ], [ 150.578189900000098, -35.030615744999977 ], [ 150.578167994000069, -35.030615307999938 ], [ 150.578167728000039, -35.030624316999933 ], [ 150.578156775000025, -35.030624097999976 ], [ 150.57815650900011, -35.030633107999961 ] ] ] ] } },
{ "type": "Feature", "properties": { "OBJECTID": 5273, "gridcode": 5, "Shape_Length": 3.993721009071204e-05, "Shape_Area": 9.8739174013868705e-11 }, "geometry": { "type": "MultiPolygon", "coordinates": [ [ [ [ 150.578134071000022, -35.03065068899997 ], [ 150.578134337000051, -35.030641678999984 ], [ 150.578123384000037, -35.030641460999959 ], [ 150.578123118000121, -35.030650469999955 ], [ 150.578134071000022, -35.03065068899997 ] ] ] ] } },
{ "type": "Feature", "properties": { "OBJECTID": 5274, "gridcode": 5, "Shape_Length": 6.1846609046640666e-05, "Shape_Area": 1.9746766280491922e-10 }, "geometry": { "type": "MultiPolygon", "coordinates": [ [ [ [ 150.578134337000051, -35.030641678999984 ], [ 150.57815624300008, -35.030642116999957 ], [ 150.57815650900011, -35.030633107999961 ], [ 150.57813460300008, -35.030632669999932 ], [ 150.578134337000051, -35.030641678999984 ] ] ] ] } },
{ "type": "Feature", "properties": { "OBJECTID": 5278, "gridcode": 5, "Shape_Length": 5.7963062407153562e-05, "Shape_Area": 1.9747287260990787e-10 }, "geometry": { "type": "MultiPolygon", "coordinates": [ [ [ [ 150.578014120000034, -35.030630263999967 ], [ 150.57801358800009, -35.030648282999948 ], [ 150.578024541000104, -35.030648500999973 ], [ 150.578025073000049, -35.030630482999982 ], [ 150.578014120000034, -35.030630263999967 ] ] ] ] } },
{ "type": "Feature", "properties": { "OBJECTID": 5284, "gridcode": 5, "Shape_Length": 3.9937210146399726e-05, "Shape_Area": 9.8739174317611507e-11 }, "geometry": { "type": "MultiPolygon", "coordinates": [ [ [ [ 150.57808972700002, -35.030667831999949 ], [ 150.578089993000049, -35.030658822999953 ], [ 150.578079040000034, -35.030658603999939 ], [ 150.578078774000119, -35.030667613999981 ], [ 150.57808972700002, -35.030667831999949 ] ] ] ] } },
{ "type": "Feature", "properties": { "OBJECTID": 5285, "gridcode": 5, "Shape_Length": 6.1846569053679317e-05, "Shape_Area": 1.9746739617753701e-10 }, "geometry": { "type": "MultiPolygon", "coordinates": [ [ [ [ 150.578100946000063, -35.030659041999968 ], [ 150.578122852000092, -35.030659478999951 ], [ 150.578123118000121, -35.030650469999955 ], [ 150.578101212000092, -35.030650032999972 ], [ 150.578100946000063, -35.030659041999968 ] ] ] ] } },
{ "type": "Feature", "properties": { "OBJECTID": 5287, "gridcode": 5, "Shape_Length": 3.9936171683692889e-05, "Shape_Area": 9.8733612097238153e-11 }, "geometry": { "type": "MultiPolygon", "coordinates": [ [ [ [ 150.578078509000079, -35.030676622999977 ], [ 150.578078774000119, -35.030667613999981 ], [ 150.578067821000104, -35.030667394999966 ], [ 150.578067556000065, -35.030676403999962 ], [ 150.578078509000079, -35.030676622999977 ] ] ] ] } },
{ "type": "Feature", "properties": { "OBJECTID": 5289, "gridcode": 5, "Shape_Length": 3.9937210207731417e-05, "Shape_Area": 9.8739174538419759e-11 }, "geometry": { "type": "MultiPolygon", "coordinates": [ [ [ [ 150.578067290000035, -35.030685413999947 ], [ 150.578067556000065, -35.030676403999962 ], [ 150.57805660300005, -35.030676185999937 ], [ 150.578056337000021, -35.030685194999933 ], [ 150.578067290000035, -35.030685413999947 ] ] ] ] } },
{ "type": "Feature", "properties": { "OBJECTID": 5293, "gridcode": 5, "Shape_Length": 0.00028981733206888356, "Shape_Area": 2.0734977169790488e-09 }, "geometry": { "type": "MultiPolygon", "coordinates": [ [ [ [ 150.57800024200003, -35.030729147999978 ], [ 150.578033101000074, -35.030729803999975 ], [ 150.578033633000018, -35.030711784999937 ], [ 150.578044586000033, -35.030712003999952 ], [ 150.578044852000062, -35.030702994999956 ], [ 150.578055805000076, -35.030703213999971 ], [ 150.578056337000021, -35.030685194999933 ], [ 150.57804538400012, -35.030684975999975 ], [ 150.578045118000091, -35.03069398599996 ], [ 150.578012259000047, -35.030693328999973 ], [ 150.57801358800009, -35.030648282999948 ], [ 150.578002635000075, -35.030648063999934 ], [ 150.57800024200003, -35.030729147999978 ] ] ] ] } },
{ "type": "Feature", "properties": { "OBJECTID": 5295, "gridcode": 5, "Shape_Length": 3.9936230647529293e-05, "Shape_Area": 9.8733831373782109e-11 }, "geometry": { "type": "MultiPolygon", "coordinates": [ [ [ [ 150.578021616000115, -35.030747603999941 ], [ 150.57802188200003, -35.030738594999946 ], [ 150.578010929000015, -35.030738375999931 ], [ 150.5780106630001, -35.030747384999984 ], [ 150.578021616000115, -35.030747603999941 ] ] ] ] } },
{ "type": "Feature", "properties": { "OBJECTID": 5383, "gridcode": 5, "Shape_Length": 3.9937210207731417e-05, "Shape_Area": 9.8739174538419759e-11 }, "geometry": { "type": "MultiPolygon", "coordinates": [ [ [ [ 150.57841682500009, -35.031467650999957 ], [ 150.578417091000119, -35.031458641999961 ], [ 150.578406138000105, -35.031458422999947 ], [ 150.578405872000076, -35.031467432999932 ], [ 150.57841682500009, -35.031467650999957 ] ] ] ] } },
{ "type": "Feature", "properties": { "OBJECTID": 5388, "gridcode": 5, "Shape_Length": 0.00011980961233462841, "Shape_Area": 4.9368947080117715e-10 }, "geometry": { "type": "MultiPolygon", "coordinates": [ [ [ [ 150.578372747000117, -35.03147578599993 ], [ 150.578405606000047, -35.031476441999985 ], [ 150.578405872000076, -35.031467432999932 ], [ 150.578383966000047, -35.03146699499996 ], [ 150.578384497000116, -35.031448976999968 ], [ 150.578373544000101, -35.031448757999954 ], [ 150.578372747000117, -35.03147578599993 ] ] ] ] } },
{ "type": "Feature", "properties": { "OBJECTID": 5411, "gridcode": 5, "Shape_Length": 3.9937210205463944e-05, "Shape_Area": 9.8739174523299414e-11 }, "geometry": { "type": "MultiPolygon", "coordinates": [ [ [ [ 150.577383245000078, -35.031582227999934 ], [ 150.577383511000107, -35.031573218999938 ], [ 150.577372558000093, -35.031573 ], [ 150.577372292000064, -35.031582009999966 ], [ 150.577383245000078, -35.031582227999934 ] ] ] ] } },
{ "type": "Feature", "properties": { "OBJECTID": 5415, "gridcode": 5, "Shape_Length": 3.993623059855748e-05, "Shape_Area": 9.8733831094936707e-11 }, "geometry": { "type": "MultiPolygon", "coordinates": [ [ [ [ 150.577372026000035, -35.031591018999961 ], [ 150.577372292000064, -35.031582009999966 ], [ 150.577361339000049, -35.031581790999951 ], [ 150.57736107300002, -35.031590799999947 ], [ 150.577372026000035, -35.031591018999961 ] ] ] ] } },
{ "type": "Feature", "properties": { "OBJECTID": 5425, "gridcode": 5, "Shape_Length": 3.9937210146399726e-05, "Shape_Area": 9.8739174317611507e-11 }, "geometry": { "type": "MultiPolygon", "coordinates": [ [ [ [ 150.577470072000096, -35.031611006999981 ], [ 150.577470338000012, -35.031601996999939 ], [ 150.577459385000111, -35.031601778999971 ], [ 150.577459119000082, -35.031610787999966 ], [ 150.577470072000096, -35.031611006999981 ] ] ] ] } },
{ "type": "Feature", "properties": { "OBJECTID": 5426, "gridcode": 5, "Shape_Length": 9.7900312449616345e-05, "Shape_Area": 3.9494614300513081e-10 }, "geometry": { "type": "MultiPolygon", "coordinates": [ [ [ [ 150.577470338000012, -35.031601996999939 ], [ 150.577492244000041, -35.031602434999968 ], [ 150.577493042000015, -35.031575406999934 ], [ 150.577482089000114, -35.031575187999977 ], [ 150.577481557000056, -35.031593206999958 ], [ 150.577470604000041, -35.031592987999943 ], [ 150.577470338000012, -35.031601996999939 ] ] ] ] } },
{ "type": "Feature", "properties": { "OBJECTID": 5427, "gridcode": 5, "Shape_Length": 3.9937210263418934e-05, "Shape_Area": 9.8739174842162574e-11 }, "geometry": { "type": "MultiPolygon", "coordinates": [ [ [ [ 150.577447900000038, -35.031619577999948 ], [ 150.577448166000067, -35.031610568999952 ], [ 150.577437213000053, -35.031610349999937 ], [ 150.577436947000024, -35.031619359999979 ], [ 150.577447900000038, -35.031619577999948 ] ] ] ] } },
{ "type": "Feature", "properties": { "OBJECTID": 5429, "gridcode": 5, "Shape_Length": 5.7962082804714106e-05, "Shape_Area": 1.9746766218987341e-10 }, "geometry": { "type": "MultiPolygon", "coordinates": [ [ [ [ 150.577338901000076, -35.03159937199996 ], [ 150.577338369000017, -35.031617389999951 ], [ 150.577349322000032, -35.031617608999966 ], [ 150.57734985400009, -35.031599590999974 ], [ 150.577338901000076, -35.03159937199996 ] ] ] ] } },
{ "type": "Feature", "properties": { "OBJECTID": 5430, "gridcode": 5, "Shape_Length": 3.9937210207731417e-05, "Shape_Area": 9.8739174538419759e-11 }, "geometry": { "type": "MultiPolygon", "coordinates": [ [ [ [ 150.577392868000061, -35.031627493999963 ], [ 150.57739313400009, -35.031618483999978 ], [ 150.577382181000075, -35.031618265999953 ], [ 150.577381915000046, -35.031627274999948 ], [ 150.577392868000061, -35.031627493999963 ] ] ] ] } },
{ "type": "Feature", "properties": { "OBJECTID": 5431, "gridcode": 5, "Shape_Length": 3.993920984446783e-05, "Shape_Area": 9.874818424690242e-11 }, "geometry": { "type": "MultiPolygon", "coordinates": [ [ [ [ 150.577414775000079, -35.031627930999946 ], [ 150.577415041000108, -35.03161892199995 ], [ 150.577404087000104, -35.031618702999936 ], [ 150.577403821000075, -35.031627712999978 ], [ 150.577414775000079, -35.031627930999946 ] ] ] ] } },
{ "type": "Feature", "properties": { "OBJECTID": 5432, "gridcode": 5, "Shape_Length": 3.9936230591846973e-05, "Shape_Area": 9.8733831070039295e-11 }, "geometry": { "type": "MultiPolygon", "coordinates": [ [ [ [ 150.577436681000108, -35.031628368999975 ], [ 150.577436947000024, -35.031619359999979 ], [ 150.577425994, -35.031619140999965 ], [ 150.577425728000094, -35.03162814999996 ], [ 150.577436681000108, -35.031628368999975 ] ] ] ] } },
{ "type": "Feature", "properties": { "OBJECTID": 5435, "gridcode": 5, "Shape_Length": 6.1847588458032403e-05, "Shape_Area": 1.9747848152332744e-10 }, "geometry": { "type": "MultiPolygon", "coordinates": [ [ [ [ 150.577349056000116, -35.031626618999951 ], [ 150.577370962000032, -35.031627055999934 ], [ 150.577371228000061, -35.031618046999938 ], [ 150.577349322000032, -35.031617608999966 ], [ 150.577349056000116, -35.031626618999951 ] ] ] ] } },
{ "type": "Feature", "properties": { "OBJECTID": 5520, "gridcode": 5, "Shape_Length": 3.9937210090712202e-05, "Shape_Area": 9.8739174013868705e-11 }, "geometry": { "type": "MultiPolygon", "coordinates": [ [ [ [ 150.579911876000097, -35.032056401999967 ], [ 150.579912142000012, -35.032047391999981 ], [ 150.579901189000111, -35.032047173999956 ], [ 150.579900923000082, -35.032056182999952 ], [ 150.579911876000097, -35.032056401999967 ] ] ] ] } },
{ "type": "Feature", "properties": { "OBJECTID": 5578, "gridcode": 5, "Shape_Length": 6.1847539444715832e-05, "Shape_Area": 1.9747168276238346e-10 }, "geometry": { "type": "MultiPolygon", "coordinates": [ [ [ [ 150.579795435000051, -35.032288457999982 ], [ 150.579817342000069, -35.032288894999965 ], [ 150.579817607000109, -35.032279885999969 ], [ 150.57979570100008, -35.03227944899993 ], [ 150.579795435000051, -35.032288457999982 ] ] ] ] } },
{ "type": "Feature", "properties": { "OBJECTID": 5584, "gridcode": 5, "Shape_Length": 9.7901233202092182e-05, "Shape_Area": 3.9495992637876788e-10 }, "geometry": { "type": "MultiPolygon", "coordinates": [ [ [ [ 150.579773263000106, -35.032297029999938 ], [ 150.579772732000038, -35.032315048999976 ], [ 150.579783685000052, -35.032315267999934 ], [ 150.579783951000081, -35.032306257999949 ], [ 150.579794904000096, -35.032306476999963 ], [ 150.579795435000051, -35.032288457999982 ], [ 150.579784482000036, -35.032288239999957 ], [ 150.579784216000121, -35.032297248999953 ], [ 150.579773263000106, -35.032297029999938 ] ] ] ] } },
{ "type": "Feature", "properties": { "OBJECTID": 5593, "gridcode": 5, "Shape_Length": 5.7963062407153562e-05, "Shape_Area": 1.9747287260990787e-10 }, "geometry": { "type": "MultiPolygon", "coordinates": [ [ [ [ 150.579574511000033, -35.032347151999943 ], [ 150.579573979000088, -35.032365169999935 ], [ 150.579584932000103, -35.032365388999949 ], [ 150.579585464000047, -35.032347369999968 ], [ 150.579574511000033, -35.032347151999943 ] ] ] ] } },
{ "type": "Feature", "properties": { "OBJECTID": 5594, "gridcode": 5, "Shape_Length": 3.9938180540912674e-05, "Shape_Area": 9.8743569976828983e-11 }, "geometry": { "type": "MultiPolygon", "coordinates": [ [ [ [ 150.579683246000059, -35.032376365999937 ], [ 150.579683511000098, -35.032367355999952 ], [ 150.579672558000084, -35.032367137999984 ], [ 150.579672292000055, -35.032376146999979 ], [ 150.579683246000059, -35.032376365999937 ] ] ] ] } },
{ "type": "Feature", "properties": { "OBJECTID": 5597, "gridcode": 5, "Shape_Length": 3.993720093073957e-05, "Shape_Area": 9.8738226048448443e-11 }, "geometry": { "type": "MultiPolygon", "coordinates": [ [ [ [ 150.579573448000019, -35.032383188999972 ], [ 150.579573713000059, -35.032374179999977 ], [ 150.579562760000044, -35.032373960999962 ], [ 150.579562494000015, -35.032382969999958 ], [ 150.579573448000019, -35.032383188999972 ] ] ] ] } },
{ "type": "Feature", "properties": { "OBJECTID": 5605, "gridcode": 5, "Shape_Length": 3.9937200986422079e-05, "Shape_Area": 9.8738226352219667e-11 }, "geometry": { "type": "MultiPolygon", "coordinates": [ [ [ [ 150.57956196300006, -35.032400988999939 ], [ 150.579562229000089, -35.032391979999943 ], [ 150.579551275000085, -35.032391760999928 ], [ 150.579551010000046, -35.032400769999981 ], [ 150.57956196300006, -35.032400988999939 ] ] ] ] } },
{ "type": "Feature", "properties": { "OBJECTID": 5613, "gridcode": 5, "Shape_Length": 3.9937210090712209e-05, "Shape_Area": 9.8739174013868705e-11 }, "geometry": { "type": "MultiPolygon", "coordinates": [ [ [ [ 150.579528040000014, -35.032436369999971 ], [ 150.579528306000043, -35.032427360999975 ], [ 150.579517353000028, -35.03242714199996 ], [ 150.579517087000113, -35.032436151999946 ], [ 150.579528040000014, -35.032436369999971 ] ] ] ] } },
{ "type": "Feature", "properties": { "OBJECTID": 5616, "gridcode": 5, "Shape_Length": 3.9938180590718496e-05, "Shape_Area": 9.8743570270851573e-11 }, "geometry": { "type": "MultiPolygon", "coordinates": [ [ [ [ 150.579538728000102, -35.032445597999981 ], [ 150.579538993000028, -35.032436588999929 ], [ 150.579528040000014, -35.032436369999971 ], [ 150.579527774000098, -35.032445379999956 ], [ 150.579538728000102, -35.032445597999981 ] ] ] ] } },
{ "type": "Feature", "properties": { "OBJECTID": 5620, "gridcode": 5, "Shape_Length": 3.993720093073957e-05, "Shape_Area": 9.8738226048448443e-11 }, "geometry": { "type": "MultiPolygon", "coordinates": [ [ [ [ 150.579527509000059, -35.032454388999952 ], [ 150.579527774000098, -35.032445379999956 ], [ 150.579516821000084, -35.032445160999941 ], [ 150.579516555000055, -35.032454169999937 ], [ 150.579527509000059, -35.032454388999952 ] ] ] ] } },
{ "type": "Feature", "properties": { "OBJECTID": 5624, "gridcode": 5, "Shape_Length": 3.9938180598867752e-05, "Shape_Area": 9.8743570295692143e-11 }, "geometry": { "type": "MultiPolygon", "coordinates": [ [ [ [ 150.579516290000015, -35.032463179999979 ], [ 150.579516555000055, -35.032454169999937 ], [ 150.57950560200004, -35.032453951999969 ], [ 150.579505336000011, -35.032462960999965 ], [ 150.579516290000015, -35.032463179999979 ] ] ] ] } },
{ "type": "Feature", "properties": { "OBJECTID": 5628, "gridcode": 5, "Shape_Length": 0.0033777409882552343, "Shape_Area": 4.068050284070921e-08 }, "geometry": { "type": "MultiPolygon", "coordinates": [ [ [ [ 150.579911345000028, -35.032074419999958 ], [ 150.579911079000112, -35.032083429999943 ], [ 150.579900126000098, -35.032083210999929 ], [ 150.579900392000013, -35.032074201999933 ], [ 150.579911345000028, -35.032074419999958 ] ] ], [ [ [ 150.579953829000033, -35.032120340999938 ], [ 150.579953563000117, -35.032129349999934 ], [ 150.579942610000103, -35.032129131999966 ], [ 150.579942876000018, -35.03212012299997 ], [ 150.579953829000033, -35.032120340999938 ] ], [ [ 150.579580946000078, -35.032500528999947 ], [ 150.579602852000107, -35.03250096599993 ], [ 150.579603384000052, -35.032482946999949 ], [ 150.579614337000066, -35.032483165999963 ], [ 150.579614869000011, -35.032465146999982 ], [ 150.579625822000025, -35.03246536599994 ], [ 150.579626353000094, -35.032447346999959 ], [ 150.579637307000098, -35.032447565999973 ], [ 150.579637572000024, -35.032438555999931 ], [ 150.579648526000028, -35.032438774999946 ], [ 150.579649057000097, -35.032420755999965 ], [ 150.579660010000111, -35.03242097499998 ], [ 150.579659479000043, -35.032438993999961 ], [ 150.579670432000057, -35.032439211999929 ], [ 150.579670166000028, -35.032448221999971 ], [ 150.579703026000061, -35.032448876999979 ], [ 150.579703557000016, -35.03243085899993 ], [ 150.57971451100002, -35.032431076999956 ], [ 150.579715042000089, -35.032413058999964 ], [ 150.579725995000103, -35.032413276999932 ], [ 150.579726527000048, -35.032395258999941 ], [ 150.579737480000063, -35.032395476999966 ], [ 150.579738012000121, -35.032377458999974 ], [ 150.579748965000022, -35.032377676999943 ], [ 150.579749231000051, -35.032368667999947 ], [ 150.579738277000047, -35.032368448999932 ], [ 150.579738543000076, -35.032359439999937 ], [ 150.57974949600009, -35.032359657999962 ], [ 150.57974976200012, -35.032350648999966 ], [ 150.57976071500002, -35.03235086799998 ], [ 150.579761513000108, -35.032323839999947 ], [ 150.579750559000104, -35.032323620999932 ], [ 150.579750294000064, -35.032332630999974 ], [ 150.57973934000006, -35.03233241199996 ], [ 150.579738809000105, -35.032350430999941 ], [ 150.57972785600009, -35.032350211999983 ], [ 150.579727058000117, -35.03237723999996 ], [ 150.579705152000088, -35.032376802999977 ], [ 150.579705684000032, -35.032358783999939 ], [ 150.579694730000028, -35.032358565999971 ], [ 150.579693933000044, -35.032385593999948 ], [ 150.579672027000015, -35.032385155999975 ], [ 150.5796717610001, -35.03239416599996 ], [ 150.579660808000085, -35.032393946999946 ], [ 150.579661871000098, -35.032357909999973 ], [ 150.579694730000028, -35.032358565999971 ], [ 150.579694996000057, -35.032349555999929 ], [ 150.579673090000028, -35.032349118999946 ], [ 150.579673355000068, -35.03234010999995 ], [ 150.579651449000039, -35.032339671999978 ], [ 150.579651981000097, -35.032321653999929 ], [ 150.579662934000112, -35.032321871999955 ], [ 150.579663199000038, -35.032312862999959 ], [ 150.579696059000071, -35.032313518999956 ], [ 150.579696856000055, -35.032286490999979 ], [ 150.579707810000059, -35.032286709999937 ], [ 150.579708075000099, -35.032277699999952 ], [ 150.579719029000103, -35.032277918999966 ], [ 150.579719294000029, -35.032268908999981 ], [ 150.579741201000047, -35.032269346999954 ], [ 150.579741466000087, -35.032260336999968 ], [ 150.579752420000091, -35.032260555999983 ], [ 150.579752951000046, -35.032242536999945 ], [ 150.57976390400006, -35.03224275599996 ], [ 150.579764436000119, -35.032224736999979 ], [ 150.579786342000034, -35.032225173999961 ], [ 150.579786874000092, -35.03220715599997 ], [ 150.579797827000107, -35.032207373999938 ], [ 150.579798093000022, -35.032198364999942 ], [ 150.579819999000051, -35.032198801999982 ], [ 150.57982026500008, -35.03218979299993 ], [ 150.579831218000095, -35.032190010999955 ], [ 150.579832547000024, -35.032144964999929 ], [ 150.579821594, -35.032144745999972 ], [ 150.579822657000022, -35.032108708999942 ], [ 150.579833610000037, -35.032108926999967 ], [ 150.579833875000077, -35.032099917999972 ], [ 150.579844829000081, -35.032100136999929 ], [ 150.579844563000051, -35.032109145999982 ], [ 150.579855516000066, -35.03210936499994 ], [ 150.579854985000111, -35.032127382999931 ], [ 150.579865938000012, -35.032127601999946 ], [ 150.579865672000096, -35.032136610999942 ], [ 150.579876625000111, -35.032136829999956 ], [ 150.579875828000013, -35.032163857999933 ], [ 150.579886781000027, -35.032164075999958 ], [ 150.579886250000072, -35.032182094999939 ], [ 150.579897203000087, -35.032182313999954 ], [ 150.579896937000058, -35.03219132299995 ], [ 150.579907890000072, -35.032191540999975 ], [ 150.579907625000033, -35.03220055099996 ], [ 150.579918578000047, -35.032200768999928 ], [ 150.579917781000063, -35.032227796999962 ], [ 150.57988492100003, -35.032227141999954 ], [ 150.579884124000046, -35.032254169999931 ], [ 150.579862217000027, -35.032253731999958 ], [ 150.579861952000101, -35.032262741999944 ], [ 150.579829092000068, -35.032262085999946 ], [ 150.579828826000039, -35.032271094999942 ], [ 150.579817873000025, -35.032270876999974 ], [ 150.579817607000109, -35.032279885999969 ], [ 150.579839514000014, -35.032280322999952 ], [ 150.579839780000043, -35.032271313999956 ], [ 150.579894546000105, -35.032272406999937 ], [ 150.579894811000031, -35.032263396999952 ], [ 150.57991671800005, -35.032263834999981 ], [ 150.579916983000089, -35.032254824999939 ], [ 150.579960796000023, -35.032255699999951 ], [ 150.579961062000052, -35.032246689999965 ], [ 150.579972015000067, -35.03224690899998 ], [ 150.579972281000096, -35.032237899999984 ], [ 150.57998323400011, -35.032238117999952 ], [ 150.579983500000026, -35.032229108999957 ], [ 150.580005406000055, -35.03222954599994 ], [ 150.580005938000113, -35.032211526999959 ], [ 150.580016891000014, -35.032211745999973 ], [ 150.580017157000043, -35.032202735999931 ], [ 150.580006203000039, -35.032202517999963 ], [ 150.580007001000013, -35.032175489999929 ], [ 150.579996047000122, -35.032175270999971 ], [ 150.579996579000067, -35.03215725299998 ], [ 150.579974672000048, -35.03215681599994 ], [ 150.579975470000022, -35.032129787999963 ], [ 150.579964516000018, -35.032129568999949 ], [ 150.579965048000076, -35.032111549999968 ], [ 150.579954095000062, -35.032111331999943 ], [ 150.579954626000017, -35.032093312999962 ], [ 150.579943673000116, -35.032093094999937 ], [ 150.579943939000032, -35.032084084999951 ], [ 150.579932986000017, -35.032083866999983 ], [ 150.579932454000073, -35.032101884999975 ], [ 150.579943407000087, -35.032102103999932 ], [ 150.579943142000047, -35.032111112999928 ], [ 150.579932188000043, -35.03211089499996 ], [ 150.579932454000073, -35.032101884999975 ], [ 150.579921501000058, -35.032101666999949 ], [ 150.579922032000013, -35.032083647999968 ], [ 150.579932986000017, -35.032083866999983 ], [ 150.579933251000057, -35.032074856999941 ], [ 150.579922298000042, -35.032074638999973 ], [ 150.579922564000071, -35.032065628999931 ], [ 150.579867798, -35.03206453699994 ], [ 150.579868064000038, -35.032055526999955 ], [ 150.579857110000034, -35.032055308999929 ], [ 150.579857376000064, -35.032046298999944 ], [ 150.579868329000078, -35.032046517999959 ], [ 150.579868861000023, -35.032028498999978 ], [ 150.579857908000122, -35.032028280999953 ], [ 150.579857642000093, -35.032037289999948 ], [ 150.579846689000078, -35.032037070999934 ], [ 150.579846955000107, -35.032028061999938 ], [ 150.579836001000103, -35.03202784399997 ], [ 150.579835470000035, -35.032045861999961 ], [ 150.57982451700002, -35.032045643999936 ], [ 150.579823719000046, -35.03207267199997 ], [ 150.579812766000032, -35.032072452999955 ], [ 150.579812235000077, -35.032090471999936 ], [ 150.579801282000062, -35.032090252999978 ], [ 150.579801016000033, -35.032099261999974 ], [ 150.579811969000048, -35.032099480999932 ], [ 150.579811703000018, -35.032108489999985 ], [ 150.579800750000118, -35.032108271999959 ], [ 150.579800484000089, -35.032117280999955 ], [ 150.579811438000092, -35.03211749999997 ], [ 150.579810375000079, -35.032153536999942 ], [ 150.579821328000094, -35.032153755999957 ], [ 150.579821062000065, -35.032162764999953 ], [ 150.57981010900005, -35.032162545999938 ], [ 150.579809843000021, -35.03217155599998 ], [ 150.57979889000012, -35.032171336999966 ], [ 150.579798358000062, -35.032189355999947 ], [ 150.579787405000047, -35.032189136999932 ], [ 150.579787139000018, -35.032198145999985 ], [ 150.579776186000117, -35.03219792799996 ], [ 150.579775921000078, -35.032206936999955 ], [ 150.579764967000074, -35.03220671899993 ], [ 150.579764702000034, -35.032215727999983 ], [ 150.57975374800003, -35.032215508999968 ], [ 150.579753483000104, -35.032224518999953 ], [ 150.5797425290001, -35.032224299999939 ], [ 150.579741998000031, -35.032242318999977 ], [ 150.579731045000017, -35.032242099999962 ], [ 150.579730779000101, -35.032251108999958 ], [ 150.579719826000087, -35.032250890999933 ], [ 150.579719560000058, -35.032259899999929 ], [ 150.579697654000029, -35.032259462999946 ], [ 150.579697388000113, -35.032268471999942 ], [ 150.579686435000099, -35.032268253999973 ], [ 150.57968616900007, -35.032277262999969 ], [ 150.579664263000041, -35.032276825999929 ], [ 150.579663731000096, -35.032294843999978 ], [ 150.579641825000067, -35.032294406999938 ], [ 150.579641027000093, -35.032321434999972 ], [ 150.579630074000079, -35.032321216999947 ], [ 150.579630340000108, -35.032312206999961 ], [ 150.579619387000093, -35.032311988999936 ], [ 150.579619652000019, -35.032302978999951 ], [ 150.579608699000119, -35.032302760999983 ], [ 150.579608433000089, -35.032311769999978 ], [ 150.579597480000075, -35.032311551999953 ], [ 150.579597214000046, -35.032320560999949 ], [ 150.579586261000031, -35.032320341999934 ], [ 150.579585730000076, -35.032338360999972 ], [ 150.579596683000091, -35.032338578999941 ], [ 150.57959694900012, -35.032329569999945 ], [ 150.57962980800005, -35.032330225999942 ], [ 150.579628745000036, -35.032366262999972 ], [ 150.579617792000022, -35.032366044999947 ], [ 150.579616995000038, -35.03239307299998 ], [ 150.579606042000023, -35.032392853999966 ], [ 150.579605776000108, -35.032401862999961 ], [ 150.579616729000122, -35.032402081999976 ], [ 150.579616463000093, -35.032411090999972 ], [ 150.579605510000079, -35.032410872999947 ], [ 150.579603915000121, -35.032464928999957 ], [ 150.579592962000106, -35.032464709999942 ], [ 150.579592165000122, -35.032491737999976 ], [ 150.579581212000107, -35.032491518999961 ], [ 150.579580946000078, -35.032500528999947 ] ] ] ] } },
{ "type": "Feature", "properties": { "OBJECTID": 5635, "gridcode": 5, "Shape_Length": 0.00013395595676477713, "Shape_Area": 5.9244693068292831e-10 }, "geometry": { "type": "MultiPolygon", "coordinates": [ [ [ [ 150.579558242000076, -35.032527118999951 ], [ 150.579557710000017, -35.032545137999932 ], [ 150.579568664000021, -35.032545356999947 ], [ 150.579568929000061, -35.032536346999962 ], [ 150.579579883000065, -35.032536565999976 ], [ 150.579580946000078, -35.032500528999947 ], [ 150.579569993000064, -35.032500309999932 ], [ 150.57956919500009, -35.032527337999966 ], [ 150.579558242000076, -35.032527118999951 ] ] ] ] } },
{ "type": "Feature", "properties": { "OBJECTID": 5651, "gridcode": 5, "Shape_Length": 5.796403276895113e-05, "Shape_Area": 1.9748177281198108e-10 }, "geometry": { "type": "MultiPolygon", "coordinates": [ [ [ [ 150.579259315000058, -35.032629328999974 ], [ 150.579258783000114, -35.032647346999966 ], [ 150.579269737000118, -35.03264756599998 ], [ 150.579270268000073, -35.032629546999942 ], [ 150.579259315000058, -35.032629328999974 ] ] ] ] } },
{ "type": "Feature", "properties": { "OBJECTID": 5661, "gridcode": 5, "Shape_Length": 3.9937200924041653e-05, "Shape_Area": 9.8738226023551018e-11 }, "geometry": { "type": "MultiPolygon", "coordinates": [ [ [ [ 150.578972670000098, -35.032686708999961 ], [ 150.578972936000014, -35.032677699999965 ], [ 150.57896198200001, -35.032677480999951 ], [ 150.578961717000084, -35.032686489999946 ], [ 150.578972670000098, -35.032686708999961 ] ] ] ] } },
{ "type": "Feature", "properties": { "OBJECTID": 5665, "gridcode": 5, "Shape_Length": 0.0022442574868251123, "Shape_Area": 2.5079770376663594e-08 }, "geometry": { "type": "MultiPolygon", "coordinates": [ [ [ [ 150.579269471000089, -35.032656574999976 ], [ 150.579268142000046, -35.032701621999934 ], [ 150.579279095000061, -35.032701839999959 ], [ 150.57927936100009, -35.032692830999963 ], [ 150.579290314000104, -35.032693049999978 ], [ 150.579290846000049, -35.03267503099994 ], [ 150.579301799000064, -35.032675249999954 ], [ 150.579302331000122, -35.032657230999973 ], [ 150.579313284000023, -35.032657449999931 ], [ 150.579313550000052, -35.032648439999946 ], [ 150.579368316000114, -35.032649533999972 ], [ 150.579368582000029, -35.03264052399993 ], [ 150.579390488000058, -35.03264096099997 ], [ 150.579390222000029, -35.032649970999955 ], [ 150.579401176000033, -35.03265018899998 ], [ 150.579401441000073, -35.032641179999985 ], [ 150.579412395000077, -35.032641398999942 ], [ 150.579412129000048, -35.032650407999938 ], [ 150.579423082000062, -35.032650626999953 ], [ 150.579423348000091, -35.032641616999967 ], [ 150.579434301000106, -35.032641835999982 ], [ 150.579434567000021, -35.032632826999929 ], [ 150.57942361400012, -35.032632607999972 ], [ 150.579423880000036, -35.032623598999976 ], [ 150.579412926000032, -35.032623379999961 ], [ 150.579413192000061, -35.032614370999966 ], [ 150.579402239000046, -35.032614151999951 ], [ 150.579402505000076, -35.032605142999955 ], [ 150.579391551000072, -35.032604923999941 ], [ 150.579392615000074, -35.032568886999968 ], [ 150.579414521000103, -35.032569323999951 ], [ 150.579414787000019, -35.032560314999955 ], [ 150.579425740000033, -35.03256053299998 ], [ 150.579426272000092, -35.032542514999932 ], [ 150.579459131000021, -35.032543170999929 ], [ 150.579458600000066, -35.032561188999978 ], [ 150.579469553000081, -35.032561407999935 ], [ 150.579470085000025, -35.032543388999954 ], [ 150.57948103800004, -35.032543607999969 ], [ 150.579479975000027, -35.032579644999942 ], [ 150.579490928000041, -35.032579863999956 ], [ 150.579489333000083, -35.032633919999967 ], [ 150.579500286000098, -35.032634137999935 ], [ 150.579500021000058, -35.032643147999977 ], [ 150.579510974000073, -35.032643365999945 ], [ 150.579511506000017, -35.032625347999954 ], [ 150.579522459000032, -35.032625565999979 ], [ 150.5795229900001, -35.03260754799993 ], [ 150.579533944000104, -35.032607765999956 ], [ 150.579534741000089, -35.032580737999979 ], [ 150.579545694000103, -35.032580956999936 ], [ 150.579546226000048, -35.032562937999955 ], [ 150.579557179000062, -35.03256315699997 ], [ 150.579557710000017, -35.032545137999932 ], [ 150.579546757000116, -35.032544919999964 ], [ 150.579546491000087, -35.03255392899996 ], [ 150.579535538000073, -35.032553709999945 ], [ 150.579535007000118, -35.032571728999983 ], [ 150.579513100000099, -35.032571291999943 ], [ 150.579513632000044, -35.032553272999962 ], [ 150.579502679000029, -35.032553053999948 ], [ 150.579502413000114, -35.032562063999933 ], [ 150.57949145900011, -35.032561844999975 ], [ 150.579491725000025, -35.032552835999979 ], [ 150.579502679000029, -35.032553053999948 ], [ 150.579504007000082, -35.032508007999979 ], [ 150.579493054000068, -35.032507788999965 ], [ 150.579494117000081, -35.032471751999935 ], [ 150.579505071000085, -35.03247196999996 ], [ 150.579505336000011, -35.032462960999965 ], [ 150.579472477000081, -35.032462304999967 ], [ 150.579472211000052, -35.032471314999952 ], [ 150.579450304000034, -35.03247087699998 ], [ 150.579450039000108, -35.032479886999965 ], [ 150.579428132000089, -35.032479449999983 ], [ 150.57942786600006, -35.032488458999978 ], [ 150.579395007000016, -35.032487802999981 ], [ 150.579394741000101, -35.032496811999977 ], [ 150.579361881000068, -35.032496155999979 ], [ 150.579361615000039, -35.032505165999964 ], [ 150.579350662000024, -35.03250494699995 ], [ 150.579350396000109, -35.032513955999946 ], [ 150.579339443000094, -35.032513737999977 ], [ 150.579339177000065, -35.032522746999973 ], [ 150.579328224000051, -35.032522528999948 ], [ 150.579327958000022, -35.032531537999944 ], [ 150.579317005000121, -35.032531318999929 ], [ 150.579316739000092, -35.032540328999971 ], [ 150.579294833000063, -35.032539890999942 ], [ 150.579294567000034, -35.032548900999984 ], [ 150.579272661000118, -35.032548462999955 ], [ 150.579272395000089, -35.03255747299994 ], [ 150.579261441000085, -35.032557253999983 ], [ 150.579261176000045, -35.032566262999978 ], [ 150.57916259700005, -35.032564295999975 ], [ 150.57916233100002, -35.032573304999971 ], [ 150.579271863000031, -35.032575490999932 ], [ 150.57927212900006, -35.032566481999936 ], [ 150.579315942000107, -35.032567355999959 ], [ 150.579316208000023, -35.032558346999963 ], [ 150.579327161000037, -35.032558565999977 ], [ 150.579327427000067, -35.032549555999935 ], [ 150.579349333000096, -35.032549993999964 ], [ 150.579349599000011, -35.032540983999979 ], [ 150.579360552000026, -35.032541202999937 ], [ 150.579360818000055, -35.032532193999941 ], [ 150.579382724000084, -35.032532630999981 ], [ 150.579382990000113, -35.032523621999928 ], [ 150.579393944000117, -35.032523839999953 ], [ 150.579394209000043, -35.032514830999958 ], [ 150.57943802200009, -35.03251570499998 ], [ 150.579437756000061, -35.032524714999965 ], [ 150.579415850000032, -35.032524277999983 ], [ 150.579415584000117, -35.032533286999978 ], [ 150.579404631000102, -35.032533067999964 ], [ 150.579404365000073, -35.032542077999949 ], [ 150.579393412000059, -35.032541858999934 ], [ 150.579393146000029, -35.03255086799993 ], [ 150.579371240000114, -35.032550430999947 ], [ 150.579370974000085, -35.032559439999943 ], [ 150.579349067000066, -35.03255900299996 ], [ 150.579348802000027, -35.032568011999956 ], [ 150.579337848000023, -35.032567793999931 ], [ 150.579337583000097, -35.032576802999984 ], [ 150.579326629000093, -35.032576583999969 ], [ 150.579325832000109, -35.032603611999946 ], [ 150.579314879000094, -35.032603393999977 ], [ 150.579314613000065, -35.032612402999973 ], [ 150.579303660000051, -35.032612183999959 ], [ 150.579303394000021, -35.032621193999944 ], [ 150.579292441000121, -35.032620974999929 ], [ 150.579292175000091, -35.032629983999982 ], [ 150.579281222000077, -35.032629765999957 ], [ 150.579280424000103, -35.032656793999934 ], [ 150.579291377000118, -35.032657011999959 ], [ 150.579291112000078, -35.032666021999944 ], [ 150.579280158000074, -35.032665802999929 ], [ 150.579280424000103, -35.032656793999934 ], [ 150.579269471000089, -35.032656574999976 ] ] ] ] } },
{ "type": "Feature", "properties": { "OBJECTID": 5672, "gridcode": 5, "Shape_Length": 3.9938180598867752e-05, "Shape_Area": 9.8743570295692143e-11 }, "geometry": { "type": "MultiPolygon", "coordinates": [ [ [ [ 150.578971341000056, -35.032731755999976 ], [ 150.578971606000096, -35.032722745999934 ], [ 150.578960653000081, -35.032722527999965 ], [ 150.578960387000052, -35.032731536999961 ], [ 150.578971341000056, -35.032731755999976 ] ] ] ] } },
{ "type": "Feature", "properties": { "OBJECTID": 5673, "gridcode": 5, "Shape_Length": 0.0003710893828165023, "Shape_Area": 2.2710057299401057e-09 }, "geometry": { "type": "MultiPolygon", "coordinates": [ [ [ [ 150.578971606000096, -35.032722745999934 ], [ 150.578993513000114, -35.032723183999963 ], [ 150.578993779000029, -35.032714173999977 ], [ 150.579026639000062, -35.032714829999975 ], [ 150.579026904000102, -35.032705820999979 ], [ 150.579048811000121, -35.032706257999962 ], [ 150.579049077000036, -35.032697248999966 ], [ 150.57908193600008, -35.032697904999964 ], [ 150.579082202000109, -35.032688895999968 ], [ 150.579104109000014, -35.032689332999951 ], [ 150.579104640000082, -35.03267131399997 ], [ 150.579082734000053, -35.03267087699993 ], [ 150.579082468000024, -35.032679885999983 ], [ 150.579060562000109, -35.032679448999943 ], [ 150.57906029600008, -35.032688457999939 ], [ 150.579027436000047, -35.032687801999941 ], [ 150.579027170000018, -35.032696811999983 ], [ 150.578994310000098, -35.032696155999929 ], [ 150.578994045000059, -35.032705164999982 ], [ 150.57897213800004, -35.032704727999942 ], [ 150.578971606000096, -35.032722745999934 ] ] ] ] } },
{ "type": "Feature", "properties": { "OBJECTID": 5683, "gridcode": 5, "Shape_Length": 0.00057715366765506671, "Shape_Area": 4.1470726011362796e-09 }, "geometry": { "type": "MultiPolygon", "coordinates": [ [ [ [ 150.579102514000056, -35.032743388999961 ], [ 150.579101716000082, -35.032770416999938 ], [ 150.579112670000086, -35.032770634999963 ], [ 150.579113201000041, -35.032752616999971 ], [ 150.579124155000045, -35.03275283499994 ], [ 150.579124420000085, -35.032743825999944 ], [ 150.579135374000089, -35.032744044999959 ], [ 150.579135905000044, -35.032726025999978 ], [ 150.579146859000048, -35.032726244999935 ], [ 150.579147124000087, -35.03271723499995 ], [ 150.579158078000091, -35.032717453999965 ], [ 150.579158609000046, -35.032699434999984 ], [ 150.57916956300005, -35.032699653999941 ], [ 150.579170094000119, -35.03268163499996 ], [ 150.57918104700002, -35.032681853999975 ], [ 150.579181313000049, -35.032672844999979 ], [ 150.579192266000064, -35.032673062999947 ], [ 150.579192532000093, -35.032664053999952 ], [ 150.579181579000078, -35.032663834999937 ], [ 150.579181845000107, -35.032654825999941 ], [ 150.579225658000041, -35.032655700999953 ], [ 150.57922592400007, -35.032646690999968 ], [ 150.579214970000066, -35.032646472999943 ], [ 150.579215236000096, -35.032637462999958 ], [ 150.579171423000048, -35.032636588999935 ], [ 150.579171157000019, -35.032645597999931 ], [ 150.579160204000118, -35.032645378999973 ], [ 150.579159938000089, -35.032654388999958 ], [ 150.579148985000074, -35.032654169999944 ], [ 150.579147922000061, -35.032690206999973 ], [ 150.579136969000047, -35.032689988999948 ], [ 150.579136171000073, -35.032717016999982 ], [ 150.579125218000058, -35.032716797999967 ], [ 150.579124952000029, -35.032725806999963 ], [ 150.579113999000015, -35.032725588999938 ], [ 150.579113733000099, -35.032734597999934 ], [ 150.579080873000066, -35.032733941999936 ], [ 150.579080607000037, -35.032742950999932 ], [ 150.579102514000056, -35.032743388999961 ] ] ] ] } },
{ "type": "Feature", "properties": { "OBJECTID": 5696, "gridcode": 5, "Shape_Length": 0.0005513527740547918, "Shape_Area": 5.4306671834351141e-09 }, "geometry": { "type": "MultiPolygon", "coordinates": [ [ [ [ 150.578944915000079, -35.032884476999982 ], [ 150.578966821000108, -35.032884913999965 ], [ 150.578967087000024, -35.032875904999969 ], [ 150.578978040000038, -35.032876122999937 ], [ 150.57897937000007, -35.032831076999969 ], [ 150.578990323000085, -35.032831294999937 ], [ 150.578990589000114, -35.032822285999941 ], [ 150.579001542000015, -35.032822504999956 ], [ 150.579001808000044, -35.032813494999971 ], [ 150.579012761000058, -35.032813713999928 ], [ 150.579013027000087, -35.032804704999933 ], [ 150.579023980000102, -35.032804922999958 ], [ 150.579024246000017, -35.032795913999962 ], [ 150.579046153000036, -35.032796350999945 ], [ 150.579046418000075, -35.032787341999949 ], [ 150.579057372000079, -35.032787560999964 ], [ 150.579057637000119, -35.032778550999979 ], [ 150.579068591, -35.032778769999936 ], [ 150.579068857000038, -35.03276976099994 ], [ 150.579079810000053, -35.032769978999966 ], [ 150.579080607000037, -35.032742950999932 ], [ 150.579058701000122, -35.032742513999949 ], [ 150.579058435000093, -35.032751522999945 ], [ 150.579047482000078, -35.032751304999977 ], [ 150.579047216000049, -35.032760313999972 ], [ 150.579025309000031, -35.032759876999933 ], [ 150.579025044000105, -35.032768885999928 ], [ 150.579003137000086, -35.032768448999946 ], [ 150.579002871000057, -35.032777457999941 ], [ 150.578991918000042, -35.032777238999984 ], [ 150.578991386000098, -35.032795257999965 ], [ 150.578980433000083, -35.03279503899995 ], [ 150.578980167000054, -35.032804048999935 ], [ 150.57896921400004, -35.032803829999978 ], [ 150.578968948000011, -35.032812838999973 ], [ 150.57895799500011, -35.032812620999948 ], [ 150.578956400000038, -35.032866676999959 ], [ 150.578945446000034, -35.032866457999944 ], [ 150.578944915000079, -35.032884476999982 ] ] ] ] } },
{ "type": "Feature", "properties": { "OBJECTID": 5704, "gridcode": 5, "Shape_Length": 3.9939209844467837e-05, "Shape_Area": 9.874818424690242e-11 }, "geometry": { "type": "MultiPolygon", "coordinates": [ [ [ [ 150.578921945000047, -35.032920076999972 ], [ 150.578922211000076, -35.03291106699993 ], [ 150.578911257000073, -35.032910848999961 ], [ 150.578910991000043, -35.032919857999957 ], [ 150.578921945000047, -35.032920076999972 ] ] ] ] } },
{ "type": "Feature", "properties": { "OBJECTID": 5705, "gridcode": 5, "Shape_Length": 5.7964032713448638e-05, "Shape_Area": 1.9748177251577003e-10 }, "geometry": { "type": "MultiPolygon", "coordinates": [ [ [ [ 150.578922742000032, -35.032893048999938 ], [ 150.578922211000076, -35.03291106699993 ], [ 150.578933164000091, -35.032911285999944 ], [ 150.578933696000036, -35.032893266999963 ], [ 150.578922742000032, -35.032893048999938 ] ] ] ] } },
{ "type": "Feature", "properties": { "OBJECTID": 5710, "gridcode": 5, "Shape_Length": 0.00013784049262440022, "Shape_Area": 7.8991077003926216e-10 }, "geometry": { "type": "MultiPolygon", "coordinates": [ [ [ [ 150.578845006000051, -35.032927554999958 ], [ 150.57886691200008, -35.03292799299993 ], [ 150.578867976000083, -35.032891954999968 ], [ 150.578857023000069, -35.032891736999943 ], [ 150.57885675700004, -35.032900745999939 ], [ 150.578845803000036, -35.032900526999981 ], [ 150.57884553800011, -35.032909536999966 ], [ 150.578834584000106, -35.032909317999952 ], [ 150.578834318000077, -35.032918326999948 ], [ 150.578845272000081, -35.032918545999962 ], [ 150.578845006000051, -35.032927554999958 ] ] ] ] } },
{ "type": "Feature", "properties": { "OBJECTID": 5721, "gridcode": 5, "Shape_Length": 0.00012369507884090844, "Shape_Area": 4.936882589454938e-10 }, "geometry": { "type": "MultiPolygon", "coordinates": [ [ [ [ 150.578866647000041, -35.032937001999983 ], [ 150.578899506000084, -35.03293765799998 ], [ 150.578899772000113, -35.032928648999984 ], [ 150.578910726000117, -35.032928866999953 ], [ 150.578910991000043, -35.032919857999957 ], [ 150.578889085000014, -35.032919420999974 ], [ 150.578888819000099, -35.03292842999997 ], [ 150.57886691200008, -35.03292799299993 ], [ 150.578866647000041, -35.032937001999983 ] ] ] ] } },
{ "type": "Feature", "properties": { "OBJECTID": 5736, "gridcode": 5, "Shape_Length": 3.993623059855748e-05, "Shape_Area": 9.8733831094936707e-11 }, "geometry": { "type": "MultiPolygon", "coordinates": [ [ [ [ 150.580038117000072, -35.032978412999967 ], [ 150.580038383000101, -35.032969403999971 ], [ 150.580027430000086, -35.032969184999956 ], [ 150.580027164000057, -35.032978193999952 ], [ 150.580038117000072, -35.032978412999967 ] ] ] ] } },
{ "type": "Feature", "properties": { "OBJECTID": 5739, "gridcode": 5, "Shape_Length": 3.9938180543180039e-05, "Shape_Area": 9.874356999192092e-11 }, "geometry": { "type": "MultiPolygon", "coordinates": [ [ [ [ 150.580103837000024, -35.032979723999972 ], [ 150.580104103000053, -35.032970714999976 ], [ 150.580093149000049, -35.032970495999962 ], [ 150.58009288400001, -35.032979505999947 ], [ 150.580103837000024, -35.032979723999972 ] ] ] ] } },
{ "type": "Feature", "properties": { "OBJECTID": 5748, "gridcode": 5, "Shape_Length": 3.9936230479265452e-05, "Shape_Area": 9.8733830555265296e-11 }, "geometry": { "type": "MultiPolygon", "coordinates": [ [ [ [ 150.580125212000098, -35.032998179999936 ], [ 150.580125478000014, -35.03298917099994 ], [ 150.580114525000113, -35.032988951999982 ], [ 150.580114259000084, -35.032997960999978 ], [ 150.580125212000098, -35.032998179999936 ] ] ] ] } },
{ "type": "Feature", "properties": { "OBJECTID": 5753, "gridcode": 5, "Shape_Length": 3.993818054173353e-05, "Shape_Area": 9.874356999192092e-11 }, "geometry": { "type": "MultiPolygon", "coordinates": [ [ [ [ 150.580157275000033, -35.033025863999967 ], [ 150.580157541000062, -35.033016853999982 ], [ 150.580146587000058, -35.033016635999957 ], [ 150.580146322000019, -35.033025644999952 ], [ 150.580157275000033, -35.033025863999967 ] ] ] ] } },
{ "type": "Feature", "properties": { "OBJECTID": 5817, "gridcode": 5, "Shape_Length": 3.9938180597416039e-05, "Shape_Area": 9.8743570295692143e-11 }, "geometry": { "type": "MultiPolygon", "coordinates": [ [ [ [ 150.580571907000035, -35.033088223999982 ], [ 150.580572172000075, -35.03307921499993 ], [ 150.58056121900006, -35.033078995999972 ], [ 150.580560953000031, -35.033088005999957 ], [ 150.580571907000035, -35.033088223999982 ] ] ] ] } },
{ "type": "Feature", "properties": { "OBJECTID": 5823, "gridcode": 5, "Shape_Length": 3.9936230654239813e-05, "Shape_Area": 9.8733831398679522e-11 }, "geometry": { "type": "MultiPolygon", "coordinates": [ [ [ [ 150.580648314000086, -35.033098762999941 ], [ 150.580648580000116, -35.033089753999946 ], [ 150.580637627000101, -35.033089534999931 ], [ 150.580637361000072, -35.033098543999984 ], [ 150.580648314000086, -35.033098762999941 ] ] ] ] } },
{ "type": "Feature", "properties": { "OBJECTID": 5827, "gridcode": 5, "Shape_Length": 3.9936230591846973e-05, "Shape_Area": 9.8733831070039295e-11 }, "geometry": { "type": "MultiPolygon", "coordinates": [ [ [ [ 150.580702815000109, -35.033108864999974 ], [ 150.580703081000024, -35.033099855999978 ], [ 150.58069212800001, -35.033099636999964 ], [ 150.580691862000094, -35.03310864599996 ], [ 150.580702815000109, -35.033108864999974 ] ] ] ] } },
{ "type": "Feature", "properties": { "OBJECTID": 5831, "gridcode": 5, "Shape_Length": 3.9938180543180039e-05, "Shape_Area": 9.874356999192092e-11 }, "geometry": { "type": "MultiPolygon", "coordinates": [ [ [ [ 150.58079017600005, -35.033119621999958 ], [ 150.58079044200008, -35.033110612999963 ], [ 150.580779488000076, -35.033110393999948 ], [ 150.580779223000036, -35.033119403999933 ], [ 150.58079017600005, -35.033119621999958 ] ] ] ] } },
{ "type": "Feature", "properties": { "OBJECTID": 5856, "gridcode": 5, "Shape_Length": 3.9938180535035986e-05, "Shape_Area": 9.8743569967080337e-11 }, "geometry": { "type": "MultiPolygon", "coordinates": [ [ [ [ 150.581560557000103, -35.034126596999954 ], [ 150.581560822000029, -35.034117587999958 ], [ 150.581549869000014, -35.034117368999944 ], [ 150.581549603000099, -35.034126378999929 ], [ 150.581560557000103, -35.034126596999954 ] ] ] ] } },
{ "type": "Feature", "properties": { "OBJECTID": 5861, "gridcode": 5, "Shape_Length": 3.9938180540912674e-05, "Shape_Area": 9.8743569976828983e-11 }, "geometry": { "type": "MultiPolygon", "coordinates": [ [ [ [ 150.581560026000034, -35.034144615999935 ], [ 150.581560291000073, -35.03413560599995 ], [ 150.581549338000059, -35.034135387999982 ], [ 150.58154907200003, -35.034144396999977 ], [ 150.581560026000034, -35.034144615999935 ] ] ] ] } },
{ "type": "Feature", "properties": { "OBJECTID": 5873, "gridcode": 5, "Shape_Length": 0.00018554651861302354, "Shape_Area": 7.8992751569368263e-10 }, "geometry": { "type": "MultiPolygon", "coordinates": [ [ [ [ 150.581437679000032, -35.034205277999945 ], [ 150.581459585000061, -35.034205714999985 ], [ 150.581459851000091, -35.034196705999932 ], [ 150.581470805000095, -35.034196923999957 ], [ 150.581471070000021, -35.034187914999961 ], [ 150.581503931000043, -35.034188569999969 ], [ 150.581504196000083, -35.034179560999974 ], [ 150.581460382000046, -35.034178686999951 ], [ 150.58146011700012, -35.034187695999947 ], [ 150.581449163000116, -35.034187477999978 ], [ 150.581448898000076, -35.034196486999974 ], [ 150.581437944000072, -35.034196268999949 ], [ 150.581437679000032, -35.034205277999945 ] ] ] ] } },
{ "type": "Feature", "properties": { "OBJECTID": 5876, "gridcode": 5, "Shape_Length": 3.993819028977406e-05, "Shape_Area": 9.8742573987322306e-11 }, "geometry": { "type": "MultiPolygon", "coordinates": [ [ [ [ 150.581095996000045, -35.034270579999941 ], [ 150.581096262000074, -35.034261570999945 ], [ 150.58108530800007, -35.034261352999977 ], [ 150.581085042000041, -35.034270361999972 ], [ 150.581095996000045, -35.034270579999941 ] ] ] ] } },
{ "type": "Feature", "properties": { "OBJECTID": 5877, "gridcode": 5, "Shape_Length": 3.9937161043169435e-05, "Shape_Area": 9.8737960551221811e-11 }, "geometry": { "type": "MultiPolygon", "coordinates": [ [ [ [ 150.581117903000063, -35.03427101699998 ], [ 150.581118168000103, -35.034262007999985 ], [ 150.581107215000088, -35.03426178999996 ], [ 150.581106949000059, -35.034270798999955 ], [ 150.581117903000063, -35.03427101699998 ] ] ] ] } },
{ "type": "Feature", "properties": { "OBJECTID": 5878, "gridcode": 5, "Shape_Length": 3.9938180535035986e-05, "Shape_Area": 9.8743569967080337e-11 }, "geometry": { "type": "MultiPolygon", "coordinates": [ [ [ [ 150.581084777000115, -35.034279370999968 ], [ 150.581085042000041, -35.034270361999972 ], [ 150.581074089000026, -35.034270142999958 ], [ 150.581073823000111, -35.034279152999943 ], [ 150.581084777000115, -35.034279370999968 ] ] ] ] } },
{ "type": "Feature", "properties": { "OBJECTID": 5881, "gridcode": 5, "Shape_Length": 0.00018166306108135223, "Shape_Area": 1.3823919347910902e-09 }, "geometry": { "type": "MultiPolygon", "coordinates": [ [ [ [ 150.580576932000099, -35.034404459999962 ], [ 150.580620746000022, -35.034405333999985 ], [ 150.58062154300012, -35.034378305999951 ], [ 150.580610589000116, -35.034378087999983 ], [ 150.580610855000032, -35.034369077999941 ], [ 150.580599901000028, -35.034368859999972 ], [ 150.580599636000102, -35.034377868999968 ], [ 150.580577729000083, -35.034377431999928 ], [ 150.580577463000054, -35.034386440999981 ], [ 150.58056650900005, -35.034386222999956 ], [ 150.580566244000011, -35.034395231999952 ], [ 150.580577197000025, -35.034395450999966 ], [ 150.580576932000099, -35.034404459999962 ] ] ] ] } },
{ "type": "Feature", "properties": { "OBJECTID": 5913, "gridcode": 5, "Shape_Length": 3.9938180535035986e-05, "Shape_Area": 9.8743569967080337e-11 }, "geometry": { "type": "MultiPolygon", "coordinates": [ [ [ [ 150.582386392000103, -35.035855842999979 ], [ 150.582386657000029, -35.035846833999983 ], [ 150.582375704000015, -35.035846614999969 ], [ 150.582375438000099, -35.035855624999954 ], [ 150.582386392000103, -35.035855842999979 ] ] ] ] } },
{ "type": "Feature", "properties": { "OBJECTID": 5923, "gridcode": 5, "Shape_Length": 0.00028982701378594102, "Shape_Area": 1.6786262652982578e-09 }, "geometry": { "type": "MultiPolygon", "coordinates": [ [ [ [ 150.582274731000098, -35.035925733999932 ], [ 150.582274200000029, -35.03594375299997 ], [ 150.582285153000043, -35.035943970999938 ], [ 150.582285419000073, -35.035934961999942 ], [ 150.582296373000077, -35.035935179999967 ], [ 150.582297700000026, -35.035890132999953 ], [ 150.58230865400003, -35.035890351999967 ], [ 150.58230891900007, -35.035881341999982 ], [ 150.582319873000074, -35.03588156099994 ], [ 150.582320670000058, -35.035854532999963 ], [ 150.58229876200005, -35.03585409599998 ], [ 150.582298231000095, -35.035872114999961 ], [ 150.582287278000081, -35.035871895999946 ], [ 150.582287012000052, -35.035880905999932 ], [ 150.582276058000048, -35.035880686999974 ], [ 150.582275793000122, -35.035889696999959 ], [ 150.582286747000012, -35.035889914999984 ], [ 150.582285685000102, -35.035925951999957 ], [ 150.582274731000098, -35.035925733999932 ] ] ] ] } },
{ "type": "Feature", "properties": { "OBJECTID": 5924, "gridcode": 5, "Shape_Length": 3.9938131374909469e-05, "Shape_Area": 9.8742355989659444e-11 }, "geometry": { "type": "MultiPolygon", "coordinates": [ [ [ [ 150.58226245000003, -35.035970561999932 ], [ 150.58226271500007, -35.035961552999936 ], [ 150.582251761000066, -35.035961334999968 ], [ 150.582251496000026, -35.035970343999963 ], [ 150.58226245000003, -35.035970561999932 ] ] ] ] } },
{ "type": "Feature", "properties": { "OBJECTID": 5927, "gridcode": 5, "Shape_Length": 3.993920984446783e-05, "Shape_Area": 9.874818424690242e-11 }, "geometry": { "type": "MultiPolygon", "coordinates": [ [ [ [ 150.582218369000088, -35.035978697999951 ], [ 150.582218635000118, -35.035969688999955 ], [ 150.582207681000114, -35.035969469999941 ], [ 150.582207415000084, -35.035978479999983 ], [ 150.582218369000088, -35.035978697999951 ] ] ] ] } },
{ "type": "Feature", "properties": { "OBJECTID": 5937, "gridcode": 5, "Shape_Length": 0.00020357744767176701, "Shape_Area": 1.0861908164781299e-09 }, "geometry": { "type": "MultiPolygon", "coordinates": [ [ [ [ 150.582096816000103, -35.036012332999974 ], [ 150.582140631000016, -35.036013206999939 ], [ 150.582140897000045, -35.036004196999954 ], [ 150.582129943000041, -35.036003978999929 ], [ 150.582130208000081, -35.035994969999933 ], [ 150.582108301000062, -35.03599453299995 ], [ 150.582108832000017, -35.035976513999969 ], [ 150.582086925000112, -35.03597607699993 ], [ 150.582086659000083, -35.035985086999972 ], [ 150.582097613000087, -35.03598530499994 ], [ 150.582097347000058, -35.035994313999936 ], [ 150.582086393000054, -35.035994095999968 ], [ 150.582086128000014, -35.036003104999963 ], [ 150.582097082000018, -35.036003323999978 ], [ 150.582096816000103, -35.036012332999974 ] ] ] ] } },
{ "type": "Feature", "properties": { "OBJECTID": 5942, "gridcode": 5, "Shape_Length": 5.7965982687851195e-05, "Shape_Area": 1.9749588416278236e-10 }, "geometry": { "type": "MultiPolygon", "coordinates": [ [ [ [ 150.58200918600005, -35.036010585999975 ], [ 150.582008655000095, -35.036028604999956 ], [ 150.582019609000099, -35.036028822999981 ], [ 150.582020140000054, -35.036010803999943 ], [ 150.58200918600005, -35.036010585999975 ] ] ] ] } },
{ "type": "Feature", "properties": { "OBJECTID": 5959, "gridcode": 5, "Shape_Length": 3.9939209844467837e-05, "Shape_Area": 9.874818424690242e-11 }, "geometry": { "type": "MultiPolygon", "coordinates": [ [ [ [ 150.581962716000021, -35.036099805999982 ], [ 150.58196298200005, -35.036090795999939 ], [ 150.581952028000046, -35.036090577999971 ], [ 150.581951762000017, -35.036099586999967 ], [ 150.581962716000021, -35.036099805999982 ] ] ] ] } },
{ "type": "Feature", "properties": { "OBJECTID": 5961, "gridcode": 5, "Shape_Length": 0.0005771602710357576, "Shape_Area": 4.6409580618508734e-09 }, "geometry": { "type": "MultiPolygon", "coordinates": [ [ [ [ 150.582149195000056, -35.036094508999952 ], [ 150.582182056000079, -35.03609516399996 ], [ 150.582182853000063, -35.036068135999983 ], [ 150.582193807000067, -35.036068354999941 ], [ 150.582194072000107, -35.036059344999956 ], [ 150.582205026000111, -35.03605956399997 ], [ 150.582205557000066, -35.036041544999932 ], [ 150.58221651100007, -35.036041762999957 ], [ 150.582217042000025, -35.036023744999966 ], [ 150.582227995000039, -35.036023962999934 ], [ 150.582228526000108, -35.036005944999943 ], [ 150.582250434000116, -35.036006380999936 ], [ 150.582250965000071, -35.035988362999944 ], [ 150.582261919000075, -35.03598858099997 ], [ 150.582262184000115, -35.035979571999974 ], [ 150.582240277000096, -35.035979134999934 ], [ 150.582240011000067, -35.03598814399993 ], [ 150.582229057000063, -35.035987925999962 ], [ 150.582228792000024, -35.035996934999957 ], [ 150.58221783800002, -35.035996716999932 ], [ 150.582218104000049, -35.035987706999947 ], [ 150.582174289000022, -35.035986833999971 ], [ 150.582174023000107, -35.035995842999966 ], [ 150.582163070000092, -35.035995624999941 ], [ 150.582162538000034, -35.036013643999979 ], [ 150.582184446000042, -35.036014079999973 ], [ 150.582184711000082, -35.036005070999977 ], [ 150.58220661900009, -35.03600550799996 ], [ 150.582206353000061, -35.036014516999956 ], [ 150.582195400000046, -35.03601429899993 ], [ 150.582194869000091, -35.036032316999979 ], [ 150.582183915000087, -35.036032098999954 ], [ 150.582183649000058, -35.036041107999949 ], [ 150.582172696000043, -35.036040889999981 ], [ 150.582172165000088, -35.036058908999962 ], [ 150.58215025700008, -35.036058471999979 ], [ 150.582149195000056, -35.036094508999952 ] ] ] ] } },
{ "type": "Feature", "properties": { "OBJECTID": 5962, "gridcode": 5, "Shape_Length": 3.9937161043169435e-05, "Shape_Area": 9.8737960551221811e-11 }, "geometry": { "type": "MultiPolygon", "coordinates": [ [ [ [ 150.58297046000007, -35.036119894999956 ], [ 150.582970725000109, -35.03611088599996 ], [ 150.582959772000095, -35.036110667999935 ], [ 150.582959506000066, -35.036119676999931 ], [ 150.58297046000007, -35.036119894999956 ] ] ] ] } },
{ "type": "Feature", "properties": { "OBJECTID": 5964, "gridcode": 5, "Shape_Length": 3.9938180590723612e-05, "Shape_Area": 9.8743570270851573e-11 }, "geometry": { "type": "MultiPolygon", "coordinates": [ [ [ [ 150.58217057100012, -35.036112964999973 ], [ 150.582170837000035, -35.03610395499993 ], [ 150.582159883000031, -35.036103736999962 ], [ 150.582159618000105, -35.036112745999958 ], [ 150.58217057100012, -35.036112964999973 ] ] ] ] } },
{ "type": "Feature", "properties": { "OBJECTID": 5968, "gridcode": 5, "Shape_Length": 3.9939209788780204e-05, "Shape_Area": 9.8748183943131184e-11 }, "geometry": { "type": "MultiPolygon", "coordinates": [ [ [ [ 150.582981148000044, -35.036129122999967 ], [ 150.582981414000074, -35.036120113999971 ], [ 150.58297046000007, -35.036119894999956 ], [ 150.58297019400004, -35.036128904999941 ], [ 150.582981148000044, -35.036129122999967 ] ] ] ] } },
{ "type": "Feature", "properties": { "OBJECTID": 5969, "gridcode": 5, "Shape_Length": 6.1850518601619573e-05, "Shape_Area": 1.974915119224923e-10 }, "geometry": { "type": "MultiPolygon", "coordinates": [ [ [ [ 150.581896728000061, -35.036107504999961 ], [ 150.581918636000069, -35.036107940999955 ], [ 150.581918901000108, -35.036098931999959 ], [ 150.58189699400009, -35.036098494999976 ], [ 150.581896728000061, -35.036107504999961 ] ] ] ] } },
{ "type": "Feature", "properties": { "OBJECTID": 5970, "gridcode": 5, "Shape_Length": 3.9937161043169435e-05, "Shape_Area": 9.8737960551221811e-11 }, "geometry": { "type": "MultiPolygon", "coordinates": [ [ [ [ 150.581962185000066, -35.036117823999973 ], [ 150.581962450000105, -35.036108814999977 ], [ 150.581951497000091, -35.036108596999952 ], [ 150.581951231000062, -35.036117605999948 ], [ 150.581962185000066, -35.036117823999973 ] ] ] ] } },
{ "type": "Feature", "properties": { "OBJECTID": 5975, "gridcode": 5, "Shape_Length": 3.9939150932869967e-05, "Shape_Area": 9.8747965749221712e-11 }, "geometry": { "type": "MultiPolygon", "coordinates": [ [ [ [ 150.582159087000036, -35.036130764999939 ], [ 150.582159352000076, -35.036121755999943 ], [ 150.582148398000072, -35.036121536999929 ], [ 150.582148133000032, -35.036130546999971 ], [ 150.582159087000036, -35.036130764999939 ] ] ] ] } },
{ "type": "Feature", "properties": { "OBJECTID": 5986, "gridcode": 5, "Shape_Length": 0.00057576349348117028, "Shape_Area": 6.9121071698013816e-09 }, "geometry": { "type": "MultiPolygon", "coordinates": [ [ [ [ 150.582476480000082, -35.036146106999979 ], [ 150.582498387000101, -35.036146543999962 ], [ 150.582498653000016, -35.036137534999966 ], [ 150.582509606000031, -35.036137752999934 ], [ 150.582510137000099, -35.036119733999953 ], [ 150.582521091000103, -35.036119952999968 ], [ 150.582521356000029, -35.036110942999983 ], [ 150.582510403000015, -35.036110724999958 ], [ 150.582510668000054, -35.036101715999962 ], [ 150.58249971500004, -35.036101496999947 ], [ 150.58249998000008, -35.036092487999952 ], [ 150.582510934000084, -35.036092705999977 ], [ 150.582512527000063, -35.036038649999966 ], [ 150.582523480000077, -35.036038868999981 ], [ 150.582524808000016, -35.035993821999966 ], [ 150.58253576200002, -35.035994039999935 ], [ 150.58253602700006, -35.035985030999939 ], [ 150.582525073000056, -35.03598481299997 ], [ 150.582525339000085, -35.035975802999928 ], [ 150.582514385000081, -35.03597558499996 ], [ 150.582514916000036, -35.035957565999979 ], [ 150.582503962000033, -35.035957347999954 ], [ 150.582503166000038, -35.035984375999931 ], [ 150.582492212000034, -35.035984156999973 ], [ 150.58249115000001, -35.036020194999935 ], [ 150.58248019600012, -35.036019975999977 ], [ 150.582479134000096, -35.036056013999939 ], [ 150.582468181000081, -35.036055794999982 ], [ 150.582466322000073, -35.036118860999977 ], [ 150.582455369000058, -35.036118641999963 ], [ 150.582455103000029, -35.036127651999948 ], [ 150.582466057000033, -35.036127869999973 ], [ 150.582465791000118, -35.036136878999969 ], [ 150.582476745000122, -35.036137097999983 ], [ 150.582476480000082, -35.036146106999979 ] ] ] ] } },
{ "type": "Feature", "properties": { "OBJECTID": 5989, "gridcode": 5, "Shape_Length": 0.00012369898835619007, "Shape_Area": 5.9245251895364973e-10 }, "geometry": { "type": "MultiPolygon", "coordinates": [ [ [ [ 150.582399538000118, -35.036153587999934 ], [ 150.582443353000031, -35.036154460999967 ], [ 150.58244361800007, -35.036145451999971 ], [ 150.582432665000056, -35.036145233999946 ], [ 150.582432930000095, -35.036136223999961 ], [ 150.582411023000077, -35.036135787999967 ], [ 150.582410757000048, -35.036144796999963 ], [ 150.582399803000044, -35.036144578999938 ], [ 150.582399538000118, -35.036153587999934 ] ] ] ] } },
{ "type": "Feature", "properties": { "OBJECTID": 5990, "gridcode": 5, "Shape_Length": 0.00012370000794477529, "Shape_Area": 4.9372114093061194e-10 }, "geometry": { "type": "MultiPolygon", "coordinates": [ [ [ [ 150.581829678000076, -35.03615124099997 ], [ 150.581873493000103, -35.036152113999947 ], [ 150.581873758000029, -35.036143104999951 ], [ 150.581862805000014, -35.036142886999983 ], [ 150.581863070000054, -35.036133876999941 ], [ 150.581852117000039, -35.036133658999972 ], [ 150.58185185100001, -35.036142667999968 ], [ 150.581829943000116, -35.036142230999928 ], [ 150.581829678000076, -35.03615124099997 ] ] ] ] } },
{ "type": "Feature", "properties": { "OBJECTID": 5994, "gridcode": 5, "Shape_Length": 0.0002756846197514246, "Shape_Area": 3.0610504443964958e-09 }, "geometry": { "type": "MultiPolygon", "coordinates": [ [ [ [ 150.582859064000104, -35.03618077699997 ], [ 150.582891926000116, -35.036181431999978 ], [ 150.582892456000081, -35.03616341399993 ], [ 150.582903410000085, -35.036163631999955 ], [ 150.582903941000041, -35.036145612999974 ], [ 150.582914895000044, -35.036145831999931 ], [ 150.582915691000039, -35.036118803999955 ], [ 150.582926645000043, -35.03611902199998 ], [ 150.582926910000083, -35.036110012999984 ], [ 150.58289404900006, -35.036109357999976 ], [ 150.582893784000021, -35.036118366999972 ], [ 150.582871876000013, -35.036117929999932 ], [ 150.582871611000087, -35.036126939999974 ], [ 150.582860657000083, -35.03612672099996 ], [ 150.582859064000104, -35.03618077699997 ] ] ] ] } },
{ "type": "Feature", "properties": { "OBJECTID": 5997, "gridcode": 5, "Shape_Length": 3.9939150760175535e-05, "Shape_Area": 9.8747964920871001e-11 }, "geometry": { "type": "MultiPolygon", "coordinates": [ [ [ [ 150.582453245000011, -35.036190716999954 ], [ 150.58245351000005, -35.036181707999958 ], [ 150.582442556000046, -35.036181488999944 ], [ 150.58244229100012, -35.036190498999929 ], [ 150.582453245000011, -35.036190716999954 ] ] ] ] } },
{ "type": "Feature", "properties": { "OBJECTID": 5998, "gridcode": 5, "Shape_Length": 3.9937160981837555e-05, "Shape_Area": 9.873796033049881e-11 }, "geometry": { "type": "MultiPolygon", "coordinates": [ [ [ [ 150.582770903000096, -35.036197048999952 ], [ 150.582771169000011, -35.036188039999956 ], [ 150.582760215000121, -35.036187821999931 ], [ 150.582759950000082, -35.036196830999984 ], [ 150.582770903000096, -35.036197048999952 ] ] ] ] } },
{ "type": "Feature", "properties": { "OBJECTID": 6000, "gridcode": 5, "Shape_Length": 3.9938180423893297e-05, "Shape_Area": 9.8743569452277917e-11 }, "geometry": { "type": "MultiPolygon", "coordinates": [ [ [ [ 150.581883384000093, -35.036188369999934 ], [ 150.58188365, -35.036179360999938 ], [ 150.581872696000119, -35.03617914199998 ], [ 150.581872431000079, -35.036188151999966 ], [ 150.581883384000093, -35.036188369999934 ] ] ] ] } },
{ "type": "Feature", "properties": { "OBJECTID": 6001, "gridcode": 5, "Shape_Length": 7.9876311925517349e-05, "Shape_Area": 2.9622779381035429e-10 }, "geometry": { "type": "MultiPolygon", "coordinates": [ [ [ [ 150.581883915000049, -35.036170350999953 ], [ 150.58188365, -35.036179360999938 ], [ 150.581894604000013, -35.036179578999963 ], [ 150.581895135000082, -35.036161560999972 ], [ 150.581873227000074, -35.036161123999932 ], [ 150.581872962000034, -35.036170132999985 ], [ 150.581883915000049, -35.036170350999953 ] ] ] ] } },
{ "type": "Feature", "properties": { "OBJECTID": 6005, "gridcode": 5, "Shape_Length": 7.9876370894411191e-05, "Shape_Area": 2.9623861530347818e-10 }, "geometry": { "type": "MultiPolygon", "coordinates": [ [ [ [ 150.582420383000112, -35.036190061999946 ], [ 150.582419852000044, -35.036208080999984 ], [ 150.582430806000048, -35.036208298999952 ], [ 150.582431072000077, -35.036199289999956 ], [ 150.582442025000091, -35.036199507999982 ], [ 150.58244229100012, -35.036190498999929 ], [ 150.582420383000112, -35.036190061999946 ] ] ] ] } },
{ "type": "Feature", "properties": { "OBJECTID": 6007, "gridcode": 5, "Shape_Length": 7.9876311860117597e-05, "Shape_Area": 2.9622949674728229e-10 }, "geometry": { "type": "MultiPolygon", "coordinates": [ [ [ [ 150.581773847000022, -35.036186185999952 ], [ 150.581773316000067, -35.036204204999933 ], [ 150.581784270000071, -35.036204422999958 ], [ 150.581784535000111, -35.036195413999963 ], [ 150.581795489000115, -35.036195631999931 ], [ 150.581795754000041, -35.036186622999935 ], [ 150.581773847000022, -35.036186185999952 ] ] ] ] } },
{ "type": "Feature", "properties": { "OBJECTID": 6013, "gridcode": 5, "Shape_Length": 3.993915092617983e-05, "Shape_Area": 9.8747965724381142e-11 }, "geometry": { "type": "MultiPolygon", "coordinates": [ [ [ [ 150.581838242000117, -35.036232542999983 ], [ 150.581838507000043, -35.03622353399993 ], [ 150.581827553000039, -35.036223314999972 ], [ 150.581827288000113, -35.036232324999958 ], [ 150.581838242000117, -35.036232542999983 ] ] ] ] } },
{ "type": "Feature", "properties": { "OBJECTID": 6015, "gridcode": 5, "Shape_Length": 3.9939150868229949e-05, "Shape_Area": 9.8747965405517983e-11 }, "geometry": { "type": "MultiPolygon", "coordinates": [ [ [ [ 150.582407837000119, -35.036243899999931 ], [ 150.582408102000045, -35.036234889999946 ], [ 150.582397148000041, -35.036234671999978 ], [ 150.582396883000115, -35.036243680999974 ], [ 150.582407837000119, -35.036243899999931 ] ] ] ] } },
{ "type": "Feature", "properties": { "OBJECTID": 6016, "gridcode": 5, "Shape_Length": 7.5990845458531481e-05, "Shape_Area": 2.9622563150461945e-10 }, "geometry": { "type": "MultiPolygon", "coordinates": [ [ [ [ 150.582408899000029, -35.036207861999969 ], [ 150.582408102000045, -35.036234889999946 ], [ 150.582419056000049, -35.036235108999961 ], [ 150.582419852000044, -35.036208080999984 ], [ 150.582408899000029, -35.036207861999969 ] ] ] ] } },
{ "type": "Feature", "properties": { "OBJECTID": 6018, "gridcode": 5, "Shape_Length": 0.00025376743041376714, "Shape_Area": 1.8761434766058073e-09 }, "geometry": { "type": "MultiPolygon", "coordinates": [ [ [ [ 150.581806708000045, -35.03618684099996 ], [ 150.581805380000105, -35.036231887999975 ], [ 150.581816334000109, -35.036232105999943 ], [ 150.581816600000025, -35.036223096999947 ], [ 150.581827553000039, -35.036223314999972 ], [ 150.581828085000097, -35.036205296999981 ], [ 150.581839038000112, -35.036205514999949 ], [ 150.581838773000072, -35.036214523999945 ], [ 150.581849726000087, -35.03621474299996 ], [ 150.581849992000116, -35.036205733999964 ], [ 150.58186094600012, -35.036205951999932 ], [ 150.581861211000046, -35.036196942999936 ], [ 150.581850258000031, -35.036196723999979 ], [ 150.581850523000071, -35.036187714999983 ], [ 150.581839569000067, -35.036187495999968 ], [ 150.581840101000012, -35.036169477999977 ], [ 150.581818193000117, -35.036169040999937 ], [ 150.581817662000049, -35.036187059999975 ], [ 150.581806708000045, -35.03618684099996 ] ] ] ] } },
{ "type": "Feature", "properties": { "OBJECTID": 6019, "gridcode": 5, "Shape_Length": 3.993818054173353e-05, "Shape_Area": 9.874356999192092e-11 }, "geometry": { "type": "MultiPolygon", "coordinates": [ [ [ [ 150.582396617000086, -35.036252690999959 ], [ 150.582396883000115, -35.036243680999974 ], [ 150.582385929000111, -35.036243462999948 ], [ 150.582385664000071, -35.036252471999944 ], [ 150.582396617000086, -35.036252690999959 ] ] ] ] } },
{ "type": "Feature", "properties": { "OBJECTID": 6022, "gridcode": 5, "Shape_Length": 0.00098431320621487862, "Shape_Area": 1.5700300675632367e-08 }, "geometry": { "type": "MultiPolygon", "coordinates": [ [ [ [ 150.582714276000047, -35.036259022999957 ], [ 150.582758091000073, -35.036259895999933 ], [ 150.582758357000102, -35.036250886999937 ], [ 150.582780264000121, -35.036251323999977 ], [ 150.582780530000036, -35.036242313999935 ], [ 150.582769576000032, -35.036242095999967 ], [ 150.582769842000062, -35.036233086999971 ], [ 150.582780795000076, -35.036233304999939 ], [ 150.582781326000031, -35.036215285999958 ], [ 150.582792280000035, -35.036215504999973 ], [ 150.582792545000075, -35.036206494999931 ], [ 150.582770638000056, -35.036206058999937 ], [ 150.582770372000027, -35.036215067999933 ], [ 150.582748465000122, -35.03621463099995 ], [ 150.582749261000117, -35.036187602999973 ], [ 150.582738308000103, -35.036187384999948 ], [ 150.582738573000029, -35.036178375999953 ], [ 150.582727619000025, -35.036178156999938 ], [ 150.582729212000118, -35.036124100999984 ], [ 150.582718258000114, -35.036123882999959 ], [ 150.582718789000069, -35.036105863999978 ], [ 150.582707836000054, -35.036105645999953 ], [ 150.582707570000025, -35.036114654999949 ], [ 150.58268566300012, -35.036114218999955 ], [ 150.582685397000091, -35.036123227999951 ], [ 150.582663490000073, -35.036122790999968 ], [ 150.582663224000044, -35.036131800999954 ], [ 150.58265227000004, -35.036131581999939 ], [ 150.582653067000024, -35.036104553999962 ], [ 150.58264211300002, -35.036104335999937 ], [ 150.582641582000065, -35.036122354999975 ], [ 150.582619675000046, -35.036121917999935 ], [ 150.582619409000017, -35.036130926999931 ], [ 150.582608455000013, -35.036130708999963 ], [ 150.582608721000042, -35.036121698999978 ], [ 150.58257586000002, -35.03612104399997 ], [ 150.582575594000105, -35.036130053999955 ], [ 150.582564640000101, -35.03612983499994 ], [ 150.582564906000016, -35.036120825999944 ], [ 150.582521091000103, -35.036119952999968 ], [ 150.582520826000064, -35.036128961999964 ], [ 150.582542733000082, -35.036129398999947 ], [ 150.582542468000042, -35.036138407999943 ], [ 150.582619144000091, -35.036139936999973 ], [ 150.582618347000107, -35.03616696499995 ], [ 150.582629301000111, -35.036167182999975 ], [ 150.582629036000071, -35.036176191999971 ], [ 150.582639989000086, -35.036176410999929 ], [ 150.582639193000091, -35.036203438999962 ], [ 150.582650147000095, -35.03620365699993 ], [ 150.582649881000066, -35.036212665999983 ], [ 150.58266083500007, -35.036212884999941 ], [ 150.582660569000041, -35.036221893999937 ], [ 150.582671523000045, -35.036222111999962 ], [ 150.582671258000119, -35.036231121999947 ], [ 150.582682211000019, -35.036231339999972 ], [ 150.582681946000093, -35.036240348999968 ], [ 150.582692900000097, -35.036240567999982 ], [ 150.582692634000068, -35.036249576999978 ], [ 150.582714542000076, -35.036250013999961 ], [ 150.582714276000047, -35.036259022999957 ] ] ] ] } },
{ "type": "Feature", "properties": { "OBJECTID": 6026, "gridcode": 5, "Shape_Length": 0.00023963307260217238, "Shape_Area": 1.5799122601923484e-09 }, "geometry": { "type": "MultiPolygon", "coordinates": [ [ [ [ 150.58176103400001, -35.036249032999933 ], [ 150.581760769000084, -35.036258041999929 ], [ 150.581771722000099, -35.036258260999944 ], [ 150.581771988000014, -35.036249250999958 ], [ 150.581782942000018, -35.036249469999973 ], [ 150.581783207000058, -35.036240459999931 ], [ 150.581772254000043, -35.036240241999963 ], [ 150.581772519000083, -35.036231232999967 ], [ 150.581783473000087, -35.036231450999935 ], [ 150.581784004000042, -35.036213431999954 ], [ 150.581762097000023, -35.036212994999971 ], [ 150.581761831000108, -35.036222004999956 ], [ 150.581750877000104, -35.036221785999942 ], [ 150.581750612000064, -35.036230795999984 ], [ 150.581728704000056, -35.036230358999944 ], [ 150.581728173000101, -35.036248377999982 ], [ 150.581739127000105, -35.03624859599995 ], [ 150.581738861000076, -35.036257604999946 ], [ 150.58174981500008, -35.036257823999961 ], [ 150.58175008000012, -35.036248813999975 ], [ 150.58176103400001, -35.036249032999933 ] ] ] ] } },
{ "type": "Feature", "properties": { "OBJECTID": 6027, "gridcode": 5, "Shape_Length": 7.5991874766869426e-05, "Shape_Area": 2.9623925517411789e-10 }, "geometry": { "type": "MultiPolygon", "coordinates": [ [ [ [ 150.581816334000109, -35.036232105999943 ], [ 150.581815537000011, -35.036259133999977 ], [ 150.581826491000015, -35.036259352999934 ], [ 150.581827288000113, -35.036232324999958 ], [ 150.581816334000109, -35.036232105999943 ] ] ] ] } },
{ "type": "Feature", "properties": { "OBJECTID": 6028, "gridcode": 5, "Shape_Length": 3.9938180543180039e-05, "Shape_Area": 9.874356999192092e-11 }, "geometry": { "type": "MultiPolygon", "coordinates": [ [ [ [ 150.582767983000053, -35.036296151999977 ], [ 150.582768249000083, -35.036287142999981 ], [ 150.582757295000079, -35.036286923999967 ], [ 150.582757030000039, -35.036295933999952 ], [ 150.582767983000053, -35.036296151999977 ] ] ] ] } },
{ "type": "Feature", "properties": { "OBJECTID": 6031, "gridcode": 5, "Shape_Length": 3.9938180598867752e-05, "Shape_Area": 9.8743570295692143e-11 }, "geometry": { "type": "MultiPolygon", "coordinates": [ [ [ [ 150.581704406000085, -35.036311005999949 ], [ 150.581704672000114, -35.036301996999953 ], [ 150.58169371800011, -35.036301777999938 ], [ 150.581693453000071, -35.03631078799998 ], [ 150.581704406000085, -35.036311005999949 ] ] ] ] } },
{ "type": "Feature", "properties": { "OBJECTID": 6034, "gridcode": 5, "Shape_Length": 6.1851537961812468e-05, "Shape_Area": 1.9750259776827213e-10 }, "geometry": { "type": "MultiPolygon", "coordinates": [ [ [ [ 150.582416666000086, -35.036316192999948 ], [ 150.582438574000093, -35.036316629999931 ], [ 150.582438839000019, -35.036307619999945 ], [ 150.582416932000115, -35.036307182999963 ], [ 150.582416666000086, -35.036316192999948 ] ] ] ] } },
{ "type": "Feature", "properties": { "OBJECTID": 6035, "gridcode": 5, "Shape_Length": 5.7964032720152681e-05, "Shape_Area": 1.974817725406106e-10 }, "geometry": { "type": "MultiPolygon", "coordinates": [ [ [ [ 150.581681968000112, -35.036328587999947 ], [ 150.581681437000043, -35.036346605999938 ], [ 150.581692390000057, -35.036346824999953 ], [ 150.581692922000116, -35.036328805999972 ], [ 150.581681968000112, -35.036328587999947 ] ] ] ] } },
{ "type": "Feature", "properties": { "OBJECTID": 6041, "gridcode": 5, "Shape_Length": 9.7902164078375221e-05, "Shape_Area": 3.9497301891622356e-10 }, "geometry": { "type": "MultiPolygon", "coordinates": [ [ [ [ 150.581691859000102, -35.036364843999934 ], [ 150.581691594000063, -35.03637385299993 ], [ 150.581702547000077, -35.036374070999955 ], [ 150.581703344000061, -35.036347042999978 ], [ 150.581692390000057, -35.036346824999953 ], [ 150.581692125000018, -35.036355833999949 ], [ 150.581681171000014, -35.03635561599998 ], [ 150.581680905000098, -35.036364624999976 ], [ 150.581691859000102, -35.036364843999934 ] ] ] ] } },
{ "type": "Feature", "properties": { "OBJECTID": 6042, "gridcode": 5, "Shape_Length": 0.0009751461904338296, "Shape_Area": 9.8743725448238148e-09 }, "geometry": { "type": "MultiPolygon", "coordinates": [ [ [ [ 150.582602880000081, -35.036319904999971 ], [ 150.582600757000023, -35.036391979999962 ], [ 150.582611710000037, -35.03639219799993 ], [ 150.582613569000046, -35.036329132999981 ], [ 150.58262452200006, -35.036329350999949 ], [ 150.582626115000039, -35.036275294999939 ], [ 150.582637069000043, -35.036275512999964 ], [ 150.582638396000107, -35.036230466999939 ], [ 150.582627443000092, -35.036230247999981 ], [ 150.582627974000047, -35.036212229999933 ], [ 150.582606066000039, -35.03621179299995 ], [ 150.582606332000069, -35.036202783999954 ], [ 150.582595378000065, -35.03620256499994 ], [ 150.582595643000104, -35.036193555999944 ], [ 150.582551828000078, -35.036192681999978 ], [ 150.582551563000038, -35.036201691999963 ], [ 150.582496794000122, -35.036200599999972 ], [ 150.582497325000077, -35.036182580999935 ], [ 150.582486371000073, -35.036182362999966 ], [ 150.582486637000102, -35.03617335399997 ], [ 150.582453776000079, -35.036172697999973 ], [ 150.58245351000005, -35.036181707999958 ], [ 150.582464464000054, -35.036181925999983 ], [ 150.582464198000025, -35.036190935999969 ], [ 150.582475152000029, -35.036191153999937 ], [ 150.582474887000103, -35.036200162999933 ], [ 150.582485840000118, -35.036200381999947 ], [ 150.582484247000025, -35.036254437999958 ], [ 150.582495201000029, -35.036254655999983 ], [ 150.582494936000103, -35.036263664999979 ], [ 150.582527797000012, -35.03626431999993 ], [ 150.58252832800008, -35.036246301999938 ], [ 150.582539282000084, -35.036246519999963 ], [ 150.58253954700001, -35.036237510999968 ], [ 150.582550501000014, -35.036237728999936 ], [ 150.582551297, -35.036210700999959 ], [ 150.582584159000021, -35.036211355999967 ], [ 150.582583893000105, -35.036220364999963 ], [ 150.582594847000109, -35.036220583999977 ], [ 150.582594316000041, -35.036238602999958 ], [ 150.582605270000045, -35.036238820999984 ], [ 150.582603942000105, -35.036283867999941 ], [ 150.582592989000091, -35.036283648999984 ], [ 150.582592723000062, -35.036292658999969 ], [ 150.582581769000058, -35.036292439999954 ], [ 150.582581504000018, -35.036301449999939 ], [ 150.582592458000022, -35.036301667999965 ], [ 150.582591927000067, -35.036319686999946 ], [ 150.582602880000081, -35.036319904999971 ] ] ] ] } },
{ "type": "Feature", "properties": { "OBJECTID": 6043, "gridcode": 5, "Shape_Length": 3.993915092617983e-05, "Shape_Area": 9.8747965724381142e-11 }, "geometry": { "type": "MultiPolygon", "coordinates": [ [ [ [ 150.582622399000115, -35.036401425999941 ], [ 150.582622664000041, -35.036392415999956 ], [ 150.582611710000037, -35.03639219799993 ], [ 150.582611445000111, -35.036401206999983 ], [ 150.582622399000115, -35.036401425999941 ] ] ] ] } },
{ "type": "Feature", "properties": { "OBJECTID": 6046, "gridcode": 5, "Shape_Length": 3.9938180598867752e-05, "Shape_Area": 9.8743570295692143e-11 }, "geometry": { "type": "MultiPolygon", "coordinates": [ [ [ [ 150.582665417000044, -35.036429326999951 ], [ 150.582665683000073, -35.036420317999955 ], [ 150.582654729000069, -35.03642009899994 ], [ 150.582654464000029, -35.036429108999982 ], [ 150.582665417000044, -35.036429326999951 ] ] ] ] } },
{ "type": "Feature", "properties": { "OBJECTID": 6055, "gridcode": 5, "Shape_Length": 3.9939150870497212e-05, "Shape_Area": 9.8747965420581485e-11 }, "geometry": { "type": "MultiPolygon", "coordinates": [ [ [ [ 150.582676106000122, -35.036438554999961 ], [ 150.582676371000048, -35.036429544999976 ], [ 150.582665417000044, -35.036429326999951 ], [ 150.582665152000118, -35.036438335999947 ], [ 150.582676106000122, -35.036438554999961 ] ] ] ] } },
{ "type": "Feature", "properties": { "OBJECTID": 6067, "gridcode": 5, "Shape_Length": 6.1851538136771446e-05, "Shape_Area": 1.9750259893546647e-10 }, "geometry": { "type": "MultiPolygon", "coordinates": [ [ [ [ 150.581832134000024, -35.036439757999972 ], [ 150.581854041000042, -35.036440194999955 ], [ 150.581854307000071, -35.036431184999969 ], [ 150.581832399000064, -35.03643074799993 ], [ 150.581832134000024, -35.036439757999972 ] ] ] ] } },
{ "type": "Feature", "properties": { "OBJECTID": 6071, "gridcode": 5, "Shape_Length": 0.00010178869964420736, "Shape_Area": 3.9497255391360992e-10 }, "geometry": { "type": "MultiPolygon", "coordinates": [ [ [ [ 150.581798741000057, -35.036457120999955 ], [ 150.581820649000065, -35.036457557999938 ], [ 150.581820914000104, -35.036448548999942 ], [ 150.581831868000108, -35.036448766999968 ], [ 150.581832134000024, -35.036439757999972 ], [ 150.581810226000016, -35.036439320999932 ], [ 150.58180996100009, -35.036448329999985 ], [ 150.581799007000086, -35.03644811199996 ], [ 150.581798741000057, -35.036457120999955 ] ] ] ] } },
{ "type": "Feature", "properties": { "OBJECTID": 6072, "gridcode": 5, "Shape_Length": 3.9937161043169435e-05, "Shape_Area": 9.8737960551221811e-11 }, "geometry": { "type": "MultiPolygon", "coordinates": [ [ [ [ 150.581535319000068, -35.036469896999961 ], [ 150.581535585000097, -35.036460887999965 ], [ 150.581524631000093, -35.03646066999994 ], [ 150.581524366000053, -35.036469678999936 ], [ 150.581535319000068, -35.036469896999961 ] ] ] ] } },
{ "type": "Feature", "properties": { "OBJECTID": 6077, "gridcode": 5, "Shape_Length": 3.9939150877182159e-05, "Shape_Area": 9.8747965445422054e-11 }, "geometry": { "type": "MultiPolygon", "coordinates": [ [ [ [ 150.581546008000032, -35.036479124999971 ], [ 150.581546273000072, -35.036470115999975 ], [ 150.581535319000068, -35.036469896999961 ], [ 150.581535054000028, -35.036478906999946 ], [ 150.581546008000032, -35.036479124999971 ] ] ] ] } },
{ "type": "Feature", "properties": { "OBJECTID": 6078, "gridcode": 5, "Shape_Length": 3.993920984446783e-05, "Shape_Area": 9.874818424690242e-11 }, "geometry": { "type": "MultiPolygon", "coordinates": [ [ [ [ 150.581622684000081, -35.036480653999945 ], [ 150.58162295000011, -35.036471644999949 ], [ 150.581611996000106, -35.036471425999935 ], [ 150.581611730000077, -35.036480435999977 ], [ 150.581622684000081, -35.036480653999945 ] ] ] ] } },
{ "type": "Feature", "properties": { "OBJECTID": 6081, "gridcode": 5, "Shape_Length": 0.0022149523879443781, "Shape_Area": 2.833954171463161e-08 }, "geometry": { "type": "MultiPolygon", "coordinates": [ [ [ [ 150.582338397000058, -35.036368719999984 ], [ 150.582338132000018, -35.03637772999997 ], [ 150.582327178000014, -35.036377510999955 ], [ 150.582327443000054, -35.036368501999959 ], [ 150.582338397000058, -35.036368719999984 ] ] ], [ [ [ 150.58226012800003, -35.036421247999954 ], [ 150.582259862000114, -35.03643025699995 ], [ 150.582227001000092, -35.036429601999941 ], [ 150.582227266000018, -35.036420591999956 ], [ 150.582238220000022, -35.036420810999971 ], [ 150.582238485000062, -35.036411800999929 ], [ 150.582282301000077, -35.036412674999951 ], [ 150.582282566000117, -35.036403665999956 ], [ 150.582293520000121, -35.036403883999981 ], [ 150.582293785000047, -35.036394874999928 ], [ 150.582315693000055, -35.036395310999978 ], [ 150.582315958000095, -35.036386301999983 ], [ 150.582337866000103, -35.036386738999965 ], [ 150.582337335000034, -35.036404757999946 ], [ 150.58232638100003, -35.036404538999932 ], [ 150.582326116000104, -35.036413547999985 ], [ 150.582304208000096, -35.036413111999934 ], [ 150.582303943000056, -35.03642212099993 ], [ 150.582292989000052, -35.036421902999962 ], [ 150.582293254000092, -35.036412892999977 ], [ 150.582282301000077, -35.036412674999951 ], [ 150.582282035000048, -35.036421683999947 ], [ 150.58226012800003, -35.036421247999954 ] ], [ [ 150.582159685000079, -35.036482346999946 ], [ 150.582181592000097, -35.036482783999929 ], [ 150.582181858000013, -35.036473774999934 ], [ 150.582203765000031, -35.036474211999973 ], [ 150.58220403100006, -35.036465201999931 ], [ 150.582225939000068, -35.036465638999971 ], [ 150.582226204000108, -35.036456629999975 ], [ 150.582270019000021, -35.036457502999951 ], [ 150.58227028500005, -35.036448493999956 ], [ 150.582281239000054, -35.036448711999981 ], [ 150.582281504000093, -35.036439702999928 ], [ 150.582303412000101, -35.036440139999968 ], [ 150.582303677000027, -35.036431129999983 ], [ 150.582358446000057, -35.036432221999974 ], [ 150.582358180000028, -35.036441231999959 ], [ 150.582347227000014, -35.036441012999944 ], [ 150.582346961000098, -35.036450022999929 ], [ 150.582368869000106, -35.03645045899998 ], [ 150.582368603000077, -35.036459468999965 ], [ 150.582390511000085, -35.036459904999958 ], [ 150.58239104200004, -35.036441886999967 ], [ 150.582380088000036, -35.036441667999952 ], [ 150.582381947000044, -35.036378602999946 ], [ 150.582392900000059, -35.036378820999971 ], [ 150.582393166000088, -35.036369811999975 ], [ 150.582404120000092, -35.036370029999944 ], [ 150.582404916000087, -35.036343001999967 ], [ 150.582415870000091, -35.036343220999981 ], [ 150.582416666000086, -35.036316192999948 ], [ 150.582361898000045, -35.036315100999957 ], [ 150.582363225000108, -35.036270053999942 ], [ 150.58234131800009, -35.036269616999959 ], [ 150.582341052000061, -35.036278626999945 ], [ 150.582319145000042, -35.036278189999962 ], [ 150.582318879000013, -35.036287198999958 ], [ 150.582307925, -35.036286980999932 ], [ 150.582307394000054, -35.036305 ], [ 150.58229644100004, -35.036304780999956 ], [ 150.582295909000095, -35.036322799999937 ], [ 150.582306863000099, -35.036323017999962 ], [ 150.582306598000059, -35.036332027999947 ], [ 150.582317552000063, -35.036332245999972 ], [ 150.582317286000034, -35.036341254999968 ], [ 150.582328240000038, -35.036341473999983 ], [ 150.582327709000083, -35.036359491999974 ], [ 150.582316755000079, -35.036359273999949 ], [ 150.58231648900005, -35.036368282999945 ], [ 150.582305536000035, -35.036368064999976 ], [ 150.58230527000012, -35.036377073999972 ], [ 150.582261455000094, -35.036376200999939 ], [ 150.582261721, -35.036367191999943 ], [ 150.582250767000119, -35.036366972999929 ], [ 150.58225023600005, -35.036384991999967 ], [ 150.582217375000027, -35.036384336999959 ], [ 150.582217109000112, -35.036393345999954 ], [ 150.582162340000082, -35.036392253999963 ], [ 150.582162075000042, -35.036401262999959 ], [ 150.582140167000034, -35.036400826999966 ], [ 150.582139902000108, -35.036409835999962 ], [ 150.582107040000096, -35.036409180999954 ], [ 150.582106775000057, -35.036418189999949 ], [ 150.582052006000026, -35.036417097999959 ], [ 150.582051740000111, -35.036426106999954 ], [ 150.581986018000066, -35.036424796999938 ], [ 150.581986283000106, -35.036415787999942 ], [ 150.581876745000045, -35.036413602999971 ], [ 150.581876480000119, -35.036422612999957 ], [ 150.581854572000111, -35.036422175999974 ], [ 150.581854307000071, -35.036431184999969 ], [ 150.581898122000098, -35.036432058999935 ], [ 150.581898387000024, -35.036423049999939 ], [ 150.581931249000036, -35.036423704999947 ], [ 150.58193098300012, -35.036432713999943 ], [ 150.581952891000014, -35.036433150999983 ], [ 150.581952625000099, -35.036442159999979 ], [ 150.582051209000042, -35.036444125999935 ], [ 150.582051475000071, -35.03643511699994 ], [ 150.582106244000101, -35.03643620899993 ], [ 150.582105978000072, -35.036445217999983 ], [ 150.582116932000076, -35.036445435999951 ], [ 150.582117197000116, -35.036436426999956 ], [ 150.582161012000029, -35.036437300999978 ], [ 150.582160747000103, -35.036446309999974 ], [ 150.582149793000099, -35.036446091999949 ], [ 150.582149528000059, -35.036455100999945 ], [ 150.582171435000078, -35.036455537999984 ], [ 150.582171170000038, -35.03646454699998 ], [ 150.582160216000034, -35.036464328999955 ], [ 150.582159685000079, -35.036482346999946 ] ] ] ] } },
{ "type": "Feature", "properties": { "OBJECTID": 6083, "gridcode": 5, "Shape_Length": 3.9939209788780204e-05, "Shape_Area": 9.8748183943131184e-11 }, "geometry": { "type": "MultiPolygon", "coordinates": [ [ [ [ 150.581633372000056, -35.036489881999955 ], [ 150.581633638000085, -35.03648087299996 ], [ 150.581622684000081, -35.036480653999945 ], [ 150.581622418000052, -35.03648966399993 ], [ 150.581633372000056, -35.036489881999955 ] ] ] ] } },
{ "type": "Feature", "properties": { "OBJECTID": 6090, "gridcode": 5, "Shape_Length": 3.9938180598867752e-05, "Shape_Area": 9.8743570295692143e-11 }, "geometry": { "type": "MultiPolygon", "coordinates": [ [ [ [ 150.581468800000039, -35.036495614999978 ], [ 150.581469065000078, -35.036486604999936 ], [ 150.581458112000064, -35.036486386999968 ], [ 150.581457846000035, -35.036495395999964 ], [ 150.581468800000039, -35.036495614999978 ] ] ] ] } },
{ "type": "Feature", "properties": { "OBJECTID": 6098, "gridcode": 5, "Shape_Length": 0.00050646278671993958, "Shape_Area": 3.2585922359882618e-09 }, "geometry": { "type": "MultiPolygon", "coordinates": [ [ [ [ 150.581895997000061, -35.036504133999983 ], [ 150.581972674000099, -35.036505662999957 ], [ 150.581972939000025, -35.036496652999972 ], [ 150.582005801000037, -35.03649730799998 ], [ 150.582006066000076, -35.036488298999984 ], [ 150.582027974000084, -35.036488735999967 ], [ 150.58202823900001, -35.036479726999971 ], [ 150.582104916000048, -35.036481254999956 ], [ 150.582105181000088, -35.03647224599996 ], [ 150.582017551000035, -35.036470498999961 ], [ 150.582017286000109, -35.036479507999957 ], [ 150.581995378000101, -35.036479070999974 ], [ 150.581995113000062, -35.036488080999959 ], [ 150.581984159000058, -35.036487861999944 ], [ 150.581984424000098, -35.036478852999949 ], [ 150.581918702000053, -35.036477541999943 ], [ 150.581918436000024, -35.036486551999928 ], [ 150.58190748200002, -35.036486332999971 ], [ 150.581907217000094, -35.036495342999956 ], [ 150.58189626300009, -35.036495123999941 ], [ 150.581895997000061, -35.036504133999983 ] ] ] ] } },
{ "type": "Feature", "properties": { "OBJECTID": 6104, "gridcode": 5, "Shape_Length": 3.993920984446783e-05, "Shape_Area": 9.874818424690242e-11 }, "geometry": { "type": "MultiPolygon", "coordinates": [ [ [ [ 150.582213126000056, -35.036528485999952 ], [ 150.582213392000085, -35.036519476999956 ], [ 150.582202438000081, -35.036519257999942 ], [ 150.582202172000052, -35.036528267999984 ], [ 150.582213126000056, -35.036528485999952 ] ] ] ] } },
{ "type": "Feature", "properties": { "OBJECTID": 6107, "gridcode": 5, "Shape_Length": 3.9939209788780211e-05, "Shape_Area": 9.8748183943131184e-11 }, "geometry": { "type": "MultiPolygon", "coordinates": [ [ [ [ 150.582245722000039, -35.036538150999945 ], [ 150.582245988000068, -35.03652914099996 ], [ 150.582235034000064, -35.036528922999935 ], [ 150.582234768000035, -35.036537931999931 ], [ 150.582245722000039, -35.036538150999945 ] ] ] ] } },
{ "type": "Feature", "properties": { "OBJECTID": 6112, "gridcode": 5, "Shape_Length": 3.9938180543180039e-05, "Shape_Area": 9.874356999192092e-11 }, "geometry": { "type": "MultiPolygon", "coordinates": [ [ [ [ 150.581456252000066, -35.036549451999974 ], [ 150.581456518000095, -35.036540442999978 ], [ 150.581445564000092, -35.036540223999964 ], [ 150.581445299000052, -35.036549233999949 ], [ 150.581456252000066, -35.036549451999974 ] ] ] ] } },
{ "type": "Feature", "properties": { "OBJECTID": 6118, "gridcode": 5, "Shape_Length": 0.00091609643306885273, "Shape_Area": 8.1957606098979249e-09 }, "geometry": { "type": "MultiPolygon", "coordinates": [ [ [ [ 150.581686282000078, -35.036554039999942 ], [ 150.581686016000049, -35.036563048999938 ], [ 150.581696970000053, -35.036563266999963 ], [ 150.581697767000037, -35.036536238999929 ], [ 150.581686813000033, -35.036536020999961 ], [ 150.581687079000062, -35.036527011999965 ], [ 150.581698033000066, -35.036527229999933 ], [ 150.581698298000106, -35.036518220999938 ], [ 150.58170925200011, -35.036518438999963 ], [ 150.581709517000036, -35.036509429999967 ], [ 150.58172047100004, -35.036509647999935 ], [ 150.581720737000069, -35.036500638999939 ], [ 150.581742644000087, -35.036501075999979 ], [ 150.581742910000116, -35.036492065999937 ], [ 150.581731956000112, -35.036491847999969 ], [ 150.581732222000028, -35.036482838999973 ], [ 150.581721268000024, -35.036482619999958 ], [ 150.581721002000108, -35.036491628999954 ], [ 150.58169909500009, -35.036491192999961 ], [ 150.581698829000061, -35.036500201999957 ], [ 150.581676922000042, -35.036499764999974 ], [ 150.581676656000013, -35.036508773999969 ], [ 150.581665702, -35.036508555999944 ], [ 150.581665437000083, -35.03651756499994 ], [ 150.581621622000057, -35.036516691999964 ], [ 150.581622418000052, -35.03648966399993 ], [ 150.581600511000033, -35.036489226999947 ], [ 150.581599980000078, -35.036507244999939 ], [ 150.581589026000074, -35.036507026999971 ], [ 150.581588495000119, -35.036525045999952 ], [ 150.581522772000085, -35.036523734999946 ], [ 150.581522506000056, -35.036532743999942 ], [ 150.581511553000041, -35.036532525999974 ], [ 150.581511818000081, -35.036523515999932 ], [ 150.581500864000077, -35.036523297999963 ], [ 150.581500599000037, -35.036532306999959 ], [ 150.581478691000029, -35.036531869999976 ], [ 150.581478426000103, -35.036540879999961 ], [ 150.581467472000099, -35.036540660999947 ], [ 150.58146720600007, -35.036549670999932 ], [ 150.581456252000066, -35.036549451999974 ], [ 150.581455987000027, -35.03655846099997 ], [ 150.581488848000049, -35.036559116999968 ], [ 150.581489379000118, -35.03654109799993 ], [ 150.581511287000012, -35.036541534999969 ], [ 150.581511021000097, -35.036550543999965 ], [ 150.581565790000013, -35.036551636999945 ], [ 150.581566322000072, -35.036533617999964 ], [ 150.581577275000086, -35.036533835999933 ], [ 150.581577010000046, -35.036542845999975 ], [ 150.581598917000065, -35.036543282999958 ], [ 150.581598652000025, -35.036552291999953 ], [ 150.581653421000055, -35.036553383999944 ], [ 150.581653686000095, -35.036544374999949 ], [ 150.581675594000103, -35.036544811999931 ], [ 150.581675328000074, -35.036553820999984 ], [ 150.581686282000078, -35.036554039999942 ] ] ] ] } },
{ "type": "Feature", "properties": { "OBJECTID": 6119, "gridcode": 5, "Shape_Length": 3.9938180543180045e-05, "Shape_Area": 9.874356999192092e-11 }, "geometry": { "type": "MultiPolygon", "coordinates": [ [ [ [ 150.581400687000041, -35.03657538799996 ], [ 150.581400952000081, -35.036566377999975 ], [ 150.581389999000066, -35.03656615999995 ], [ 150.581389733000037, -35.036575168999946 ], [ 150.581400687000041, -35.03657538799996 ] ] ] ] } },
{ "type": "Feature", "properties": { "OBJECTID": 6124, "gridcode": 5, "Shape_Length": 0.00025377040918745909, "Shape_Area": 1.8761351327981883e-09 }, "geometry": { "type": "MultiPolygon", "coordinates": [ [ [ [ 150.581750942000099, -35.03659138699993 ], [ 150.58175041100003, -35.036609405999968 ], [ 150.581761365000034, -35.036609624999983 ], [ 150.581762693000087, -35.036564577999968 ], [ 150.581773647000091, -35.036564795999936 ], [ 150.581773912000017, -35.036555786999941 ], [ 150.581784866000021, -35.036556004999966 ], [ 150.58178539700009, -35.036537986999974 ], [ 150.581752536000067, -35.036537330999977 ], [ 150.581752270000038, -35.036546340999962 ], [ 150.581741317000024, -35.036546121999947 ], [ 150.581740785000079, -35.036564140999928 ], [ 150.581729832000065, -35.03656392299996 ], [ 150.581729566000035, -35.036572931999956 ], [ 150.581740520000039, -35.036573149999981 ], [ 150.581739989000084, -35.036591168999962 ], [ 150.581750942000099, -35.03659138699993 ] ] ] ] } },
{ "type": "Feature", "properties": { "OBJECTID": 6126, "gridcode": 5, "Shape_Length": 0.00036721612184074004, "Shape_Area": 2.369889924191672e-09 }, "geometry": { "type": "MultiPolygon", "coordinates": [ [ [ [ 150.577663589000053, -35.036563899999976 ], [ 150.577663323000024, -35.036572908999972 ], [ 150.577674277000028, -35.03657312799993 ], [ 150.577674809000086, -35.036555108999949 ], [ 150.577652901000079, -35.036554670999976 ], [ 150.577653167000108, -35.03654566199998 ], [ 150.577642213000104, -35.036545442999966 ], [ 150.577642480000122, -35.03653643399997 ], [ 150.577620572000114, -35.036535995999941 ], [ 150.57762083800003, -35.036526986999945 ], [ 150.577598931000011, -35.036526549999962 ], [ 150.57759919700004, -35.036517539999977 ], [ 150.577566335000029, -35.03651688399998 ], [ 150.577566069000113, -35.036525892999975 ], [ 150.577555116000099, -35.036525673999961 ], [ 150.57755484900008, -35.036534683999946 ], [ 150.577587711000092, -35.036535339999944 ], [ 150.577587445000063, -35.036544348999939 ], [ 150.577598398000077, -35.036544567999954 ], [ 150.577598132000048, -35.03655357699995 ], [ 150.577620040000056, -35.036554014999979 ], [ 150.577619774000027, -35.036563023999975 ], [ 150.577630728000031, -35.036563242999932 ], [ 150.57763099400006, -35.036554233999937 ], [ 150.577641947000075, -35.036554452999951 ], [ 150.577641681000046, -35.036563461999947 ], [ 150.577663589000053, -35.036563899999976 ] ] ] ] } },
{ "type": "Feature", "properties": { "OBJECTID": 6129, "gridcode": 5, "Shape_Length": 3.9940229334496936e-05, "Shape_Area": 9.8753794162693541e-11 }, "geometry": { "type": "MultiPolygon", "coordinates": [ [ [ [ 150.57771756000011, -35.036592021999979 ], [ 150.577717826000026, -35.036583011999937 ], [ 150.577706872000022, -35.03658279299998 ], [ 150.577706606000106, -35.036591802999965 ], [ 150.57771756000011, -35.036592021999979 ] ] ] ] } },
{ "type": "Feature", "properties": { "OBJECTID": 6130, "gridcode": 5, "Shape_Length": 0.00010178679876314449, "Shape_Area": 3.9497325723286126e-10 }, "geometry": { "type": "MultiPolygon", "coordinates": [ [ [ [ 150.577684964000014, -35.03658235599994 ], [ 150.577684698000098, -35.036591364999936 ], [ 150.577695652000102, -35.03659158399995 ], [ 150.577695918000018, -35.036582574999954 ], [ 150.577706872000022, -35.03658279299998 ], [ 150.577707138000051, -35.036573783999984 ], [ 150.577674277000028, -35.03657312799993 ], [ 150.577674011000113, -35.036582136999982 ], [ 150.577684964000014, -35.03658235599994 ] ] ] ] } },
{ "type": "Feature", "properties": { "OBJECTID": 6133, "gridcode": 5, "Shape_Length": 6.1850608149415862e-05, "Shape_Area": 1.9748567999931742e-10 }, "geometry": { "type": "MultiPolygon", "coordinates": [ [ [ [ 150.577465357000051, -35.036595997999939 ], [ 150.577487265000059, -35.036596435999968 ], [ 150.577487531000088, -35.036587426999972 ], [ 150.57746562300008, -35.036586988999943 ], [ 150.577465357000051, -35.036595997999939 ] ] ] ] } },
{ "type": "Feature", "properties": { "OBJECTID": 6137, "gridcode": 5, "Shape_Length": 0.00047537773870861373, "Shape_Area": 3.0610779712437047e-09 }, "geometry": { "type": "MultiPolygon", "coordinates": [ [ [ [ 150.581266585000094, -35.036662858999932 ], [ 150.58126578800011, -35.036689886999966 ], [ 150.581276742000114, -35.03669010599998 ], [ 150.581277273000069, -35.036672086999943 ], [ 150.581288227000073, -35.036672305999957 ], [ 150.581288758000028, -35.036654286999976 ], [ 150.581299712000032, -35.036654505999934 ], [ 150.581299978000061, -35.036645495999949 ], [ 150.581310931000075, -35.036645714999963 ], [ 150.581311197000105, -35.036636704999978 ], [ 150.581322151000109, -35.036636923999936 ], [ 150.581322416000035, -35.03662791499994 ], [ 150.581333370000038, -35.036628132999965 ], [ 150.581333636000068, -35.036619123999969 ], [ 150.581344590000072, -35.036619341999938 ], [ 150.581344855000111, -35.036610332999942 ], [ 150.581355809000115, -35.036610550999967 ], [ 150.581356075000031, -35.036601541999971 ], [ 150.581367028000045, -35.03660175999994 ], [ 150.581367294000074, -35.036592750999944 ], [ 150.581389202000082, -35.036593187999983 ], [ 150.581389733000037, -35.036575168999946 ], [ 150.581356872000015, -35.036574513999938 ], [ 150.581356606000099, -35.036583522999933 ], [ 150.581345652000095, -35.036583304999965 ], [ 150.581345386000066, -35.036592313999961 ], [ 150.581334433000052, -35.036592095999936 ], [ 150.581334167000023, -35.036601104999932 ], [ 150.581323213000019, -35.036600886999963 ], [ 150.581322948000093, -35.036609895999959 ], [ 150.581311994000089, -35.036609676999944 ], [ 150.58131172800006, -35.03661868699993 ], [ 150.581300774000056, -35.036618467999972 ], [ 150.581300509000016, -35.036627477999957 ], [ 150.581289555000012, -35.036627258999943 ], [ 150.581289024000057, -35.03664527799998 ], [ 150.581278070000053, -35.036645058999966 ], [ 150.581277539000098, -35.036663077999947 ], [ 150.581266585000094, -35.036662858999932 ] ] ] ] } },
{ "type": "Feature", "properties": { "OBJECTID": 6138, "gridcode": 5, "Shape_Length": 0.00022937357009516194, "Shape_Area": 1.7773958317836127e-09 }, "geometry": { "type": "MultiPolygon", "coordinates": [ [ [ [ 150.577409790000047, -35.036621931999946 ], [ 150.577442651000069, -35.036622588999933 ], [ 150.577442918000088, -35.036613578999948 ], [ 150.577453871000102, -35.036613797999962 ], [ 150.577454137000018, -35.036604788999966 ], [ 150.577465091000022, -35.036605007999981 ], [ 150.577465357000051, -35.036595997999939 ], [ 150.577377727000112, -35.036594247999972 ], [ 150.577377195000054, -35.036612265999963 ], [ 150.577410056000076, -35.03661292299995 ], [ 150.577409790000047, -35.036621931999946 ] ] ] ] } },
{ "type": "Feature", "properties": { "OBJECTID": 6139, "gridcode": 5, "Shape_Length": 3.9938180597416039e-05, "Shape_Area": 9.8743570295692143e-11 }, "geometry": { "type": "MultiPolygon", "coordinates": [ [ [ [ 150.581232395000029, -35.036707250999939 ], [ 150.581232661000058, -35.036698240999954 ], [ 150.581221707000054, -35.036698022999929 ], [ 150.581221442000015, -35.036707031999981 ], [ 150.581232395000029, -35.036707250999939 ] ] ] ] } },
{ "type": "Feature", "properties": { "OBJECTID": 6142, "gridcode": 5, "Shape_Length": 0.00027957127255528883, "Shape_Area": 2.1723769055474787e-09 }, "geometry": { "type": "MultiPolygon", "coordinates": [ [ [ [ 150.581418610000014, -35.036710964999941 ], [ 150.581440518000022, -35.03671140199998 ], [ 150.581441049000091, -35.036693382999943 ], [ 150.581430095000087, -35.036693163999985 ], [ 150.581430361000116, -35.036684154999932 ], [ 150.58144131500012, -35.036684373999947 ], [ 150.581441580000046, -35.036675363999962 ], [ 150.581430626000042, -35.036675145999936 ], [ 150.581430892000071, -35.036666135999951 ], [ 150.581452800000079, -35.036666572999934 ], [ 150.581453065000119, -35.036657563999938 ], [ 150.581420204000096, -35.03665690899993 ], [ 150.581420469000022, -35.036647898999945 ], [ 150.581409516000122, -35.036647680999977 ], [ 150.581409250000092, -35.036656689999973 ], [ 150.581398296000089, -35.036656471999947 ], [ 150.581396968000035, -35.036701517999973 ], [ 150.581418876000043, -35.036701954999955 ], [ 150.581418610000014, -35.036710964999941 ] ] ] ] } },
{ "type": "Feature", "properties": { "OBJECTID": 6143, "gridcode": 5, "Shape_Length": 7.9877341108084454e-05, "Shape_Area": 2.96234218697903e-10 }, "geometry": { "type": "MultiPolygon", "coordinates": [ [ [ [ 150.581374529000072, -35.036719099999971 ], [ 150.58139643700008, -35.036719536999954 ], [ 150.581396968000035, -35.036701517999973 ], [ 150.581386014000032, -35.036701299999947 ], [ 150.581385749000106, -35.036710308999943 ], [ 150.581374795000102, -35.036710090999975 ], [ 150.581374529000072, -35.036719099999971 ] ] ] ] } },
{ "type": "Feature", "properties": { "OBJECTID": 6153, "gridcode": 5, "Shape_Length": 0.00031313623836166118, "Shape_Area": 2.3698719111428524e-09 }, "geometry": { "type": "MultiPolygon", "coordinates": [ [ [ [ 150.580901390000122, -35.036781779999956 ], [ 150.580978067000046, -35.036783308999929 ], [ 150.580978598000115, -35.036765290999938 ], [ 150.581022413000028, -35.03676616499996 ], [ 150.581022679000057, -35.036757154999975 ], [ 150.581000772000039, -35.036756717999936 ], [ 150.581001037000078, -35.03674770899994 ], [ 150.580990083000074, -35.036747490999971 ], [ 150.580989818000035, -35.036756499999967 ], [ 150.580924095000114, -35.036755188999962 ], [ 150.580923829000085, -35.036764197999958 ], [ 150.580901922000066, -35.036763760999975 ], [ 150.580901390000122, -35.036781779999956 ] ] ] ] } },
{ "type": "Feature", "properties": { "OBJECTID": 6158, "gridcode": 5, "Shape_Length": 5.7966081491632595e-05, "Shape_Area": 1.9749663388347843e-10 }, "geometry": { "type": "MultiPolygon", "coordinates": [ [ [ [ 150.578074778000087, -35.03674338999997 ], [ 150.578074246000028, -35.036761408999951 ], [ 150.578085200000032, -35.036761627999965 ], [ 150.578085732000091, -35.036743608999984 ], [ 150.578074778000087, -35.03674338999997 ] ] ] ] } },
{ "type": "Feature", "properties": { "OBJECTID": 6160, "gridcode": 5, "Shape_Length": 0.00014172800762576976, "Shape_Area": 6.9119433659950741e-10 }, "geometry": { "type": "MultiPolygon", "coordinates": [ [ [ [ 150.578095888000121, -35.036770855999976 ], [ 150.578117795000026, -35.036771292999958 ], [ 150.578118061000055, -35.036762283999963 ], [ 150.578139969000063, -35.036762720999945 ], [ 150.578140235000092, -35.03675371199995 ], [ 150.578118327000084, -35.036753274999967 ], [ 150.578118593000113, -35.036744264999982 ], [ 150.578107640000098, -35.036744045999967 ], [ 150.578107374000069, -35.036753055999952 ], [ 150.578096420000065, -35.036752836999938 ], [ 150.578095888000121, -35.036770855999976 ] ] ] ] } },
{ "type": "Feature", "properties": { "OBJECTID": 6164, "gridcode": 5, "Shape_Length": 8.3762896584521024e-05, "Shape_Area": 2.9623972021729455e-10 }, "geometry": { "type": "MultiPolygon", "coordinates": [ [ [ [ 150.580998381000086, -35.03683780199998 ], [ 150.581031242000108, -35.036838457999977 ], [ 150.581031508000024, -35.036829447999935 ], [ 150.580998646000012, -35.036828792999984 ], [ 150.580998381000086, -35.03683780199998 ] ] ] ] } },
{ "type": "Feature", "properties": { "OBJECTID": 6166, "gridcode": 5, "Shape_Length": 0.00015975580051922529, "Shape_Area": 9.8746117313814691e-10 }, "geometry": { "type": "MultiPolygon", "coordinates": [ [ [ [ 150.58096472200009, -35.036864174999948 ], [ 150.580986630000098, -35.036864611999931 ], [ 150.580986895000024, -35.036855601999946 ], [ 150.580997849000028, -35.036855820999961 ], [ 150.580998381000086, -35.03683780199998 ], [ 150.580976473000078, -35.03683736499994 ], [ 150.580976739000107, -35.036828355999944 ], [ 150.580954831000099, -35.036827918999961 ], [ 150.58095456500007, -35.036836927999957 ], [ 150.580965519000074, -35.036837146999972 ], [ 150.58096472200009, -35.036864174999948 ] ] ] ] } },
{ "type": "Feature", "properties": { "OBJECTID": 6177, "gridcode": 5, "Shape_Length": 0.0001339550459226302, "Shape_Area": 8.8868953547784389e-10 }, "geometry": { "type": "MultiPolygon", "coordinates": [ [ [ [ 150.577392717000066, -35.036828926999931 ], [ 150.577392451000037, -35.036837935999984 ], [ 150.577403405000041, -35.036838154999941 ], [ 150.577404735000073, -35.036793108999973 ], [ 150.577382828000054, -35.036792670999944 ], [ 150.577381763000062, -35.036828707999973 ], [ 150.577392717000066, -35.036828926999931 ] ] ] ] } },
{ "type": "Feature", "properties": { "OBJECTID": 6178, "gridcode": 5, "Shape_Length": 0.00048314712567284394, "Shape_Area": 4.7397269072013728e-09 }, "geometry": { "type": "MultiPolygon", "coordinates": [ [ [ [ 150.578060633000064, -35.036851282999976 ], [ 150.578082540000082, -35.036851720999948 ], [ 150.578082806000111, -35.036842710999963 ], [ 150.578104714000119, -35.036843148999935 ], [ 150.578104980000035, -35.036834139999939 ], [ 150.578126887000053, -35.036834576999979 ], [ 150.578127153000082, -35.036825567999983 ], [ 150.57814906100009, -35.036826004999966 ], [ 150.578149327000119, -35.03681699599997 ], [ 150.578171235000013, -35.036817432999953 ], [ 150.578171501000043, -35.036808423999958 ], [ 150.578193408000061, -35.03680886199993 ], [ 150.57819367400009, -35.036799851999945 ], [ 150.578204628000094, -35.036800070999959 ], [ 150.578205160000039, -35.036782051999978 ], [ 150.578194206000035, -35.036781833999953 ], [ 150.578194472000064, -35.036772823999968 ], [ 150.57818351800006, -35.036772605999943 ], [ 150.578184050000118, -35.036754586999962 ], [ 150.578151189000096, -35.036753930999964 ], [ 150.578150125000093, -35.036789967999937 ], [ 150.578128217000085, -35.036789529999965 ], [ 150.578127685000027, -35.036807548999946 ], [ 150.578105778000122, -35.036807111999963 ], [ 150.578105512000093, -35.036816120999958 ], [ 150.578094558000089, -35.036815901999944 ], [ 150.57809429200006, -35.03682491099994 ], [ 150.578083338000056, -35.036824692999971 ], [ 150.578083072000027, -35.036833701999967 ], [ 150.578072118000023, -35.036833482999953 ], [ 150.578071852000107, -35.036842492999938 ], [ 150.578060899000093, -35.03684227399998 ], [ 150.578060633000064, -35.036851282999976 ] ] ] ] } },
{ "type": "Feature", "properties": { "OBJECTID": 6179, "gridcode": 5, "Shape_Length": 3.9937259956456935e-05, "Shape_Area": 9.8738445046146998e-11 }, "geometry": { "type": "MultiPolygon", "coordinates": [ [ [ [ 150.577851712000097, -35.036874153999975 ], [ 150.577851979000116, -35.036865144999979 ], [ 150.577841025000112, -35.036864925999964 ], [ 150.577840759000082, -35.03687393499996 ], [ 150.577851712000097, -35.036874153999975 ] ] ] ] } },
{ "type": "Feature", "properties": { "OBJECTID": 6180, "gridcode": 5, "Shape_Length": 3.9939209788780204e-05, "Shape_Area": 9.8748183943131184e-11 }, "geometry": { "type": "MultiPolygon", "coordinates": [ [ [ [ 150.580633716000079, -35.036938702999976 ], [ 150.580633982000109, -35.03692969399998 ], [ 150.580623028000105, -35.036929474999965 ], [ 150.580622762000075, -35.036938484999951 ], [ 150.580633716000079, -35.036938702999976 ] ] ] ] } },
{ "type": "Feature", "properties": { "OBJECTID": 6191, "gridcode": 5, "Shape_Length": 0.0001933227467160272, "Shape_Area": 7.899714810361317e-10 }, "geometry": { "type": "MultiPolygon", "coordinates": [ [ [ [ 150.578857336000056, -35.036966352999968 ], [ 150.578944966000108, -35.036968101999946 ], [ 150.578945232000024, -35.03695909299995 ], [ 150.578857601000095, -35.036957342999983 ], [ 150.578857336000056, -35.036966352999968 ] ] ] ] } },
{ "type": "Feature", "properties": { "OBJECTID": 6193, "gridcode": 5, "Shape_Length": 3.993920984446783e-05, "Shape_Area": 9.874818424690242e-11 }, "geometry": { "type": "MultiPolygon", "coordinates": [ [ [ [ 150.580554648000088, -35.037018256999943 ], [ 150.580554914000118, -35.037009247999947 ], [ 150.580543960000114, -35.037009028999933 ], [ 150.580543694000085, -35.037018038999975 ], [ 150.580554648000088, -35.037018256999943 ] ] ] ] } },
{ "type": "Feature", "properties": { "OBJECTID": 6194, "gridcode": 5, "Shape_Length": 3.9938230171075731e-05, "Shape_Area": 9.8742839974761296e-11 }, "geometry": { "type": "MultiPolygon", "coordinates": [ [ [ [ 150.580225767000115, -35.037020709999979 ], [ 150.580226033000031, -35.037011700999983 ], [ 150.580215079000027, -35.037011481999969 ], [ 150.580214813000111, -35.037020490999964 ], [ 150.580225767000115, -35.037020709999979 ] ] ] ] } },
{ "type": "Feature", "properties": { "OBJECTID": 6195, "gridcode": 5, "Shape_Length": 3.9938180539466158e-05, "Shape_Area": 9.8743569976828983e-11 }, "geometry": { "type": "MultiPolygon", "coordinates": [ [ [ [ 150.580137870000044, -35.037027970999929 ], [ 150.580138136000073, -35.037018960999944 ], [ 150.580127182000069, -35.037018742999976 ], [ 150.58012691700003, -35.037027751999972 ], [ 150.580137870000044, -35.037027970999929 ] ] ] ] } },
{ "type": "Feature", "properties": { "OBJECTID": 6196, "gridcode": 5, "Shape_Length": 3.9939209788780211e-05, "Shape_Area": 9.8748183943131184e-11 }, "geometry": { "type": "MultiPolygon", "coordinates": [ [ [ [ 150.580159778000052, -35.037028407999969 ], [ 150.580160044000081, -35.037019397999984 ], [ 150.580149090000077, -35.037019179999959 ], [ 150.580148824000048, -35.037028188999955 ], [ 150.580159778000052, -35.037028407999969 ] ] ] ] } },
{ "type": "Feature", "properties": { "OBJECTID": 6197, "gridcode": 5, "Shape_Length": 3.9938180536482502e-05, "Shape_Area": 9.8743569967080337e-11 }, "geometry": { "type": "MultiPolygon", "coordinates": [ [ [ [ 150.580280270000117, -35.037030811999955 ], [ 150.580280536000032, -35.037021802999959 ], [ 150.580269582000028, -35.037021583999945 ], [ 150.580269317000102, -35.03703059399993 ], [ 150.580280270000117, -35.037030811999955 ] ] ] ] } },
{ "type": "Feature", "properties": { "OBJECTID": 6200, "gridcode": 5, "Shape_Length": 3.993915092617983e-05, "Shape_Area": 9.8747965724381142e-11 }, "geometry": { "type": "MultiPolygon", "coordinates": [ [ [ [ 150.580148559000122, -35.03703719899994 ], [ 150.580148824000048, -35.037028188999955 ], [ 150.580137870000044, -35.037027970999929 ], [ 150.580137605000118, -35.037036979999982 ], [ 150.580148559000122, -35.03703719899994 ] ] ] ] } },
{ "type": "Feature", "properties": { "OBJECTID": 6201, "gridcode": 5, "Shape_Length": 9.7905232447415393e-05, "Shape_Area": 3.9498266843444346e-10 }, "geometry": { "type": "MultiPolygon", "coordinates": [ [ [ [ 150.580554648000088, -35.037018256999943 ], [ 150.58055411600003, -35.037036275999981 ], [ 150.580565070000034, -35.037036493999949 ], [ 150.580565336000063, -35.037027484999953 ], [ 150.580576290000067, -35.037027703999968 ], [ 150.580576821000022, -35.03700968499993 ], [ 150.580565867000018, -35.037009465999972 ], [ 150.580565602000092, -35.037018475999957 ], [ 150.580554648000088, -35.037018256999943 ] ] ] ] } },
{ "type": "Feature", "properties": { "OBJECTID": 6202, "gridcode": 5, "Shape_Length": 6.185056826702305e-05, "Shape_Area": 1.9748541456752286e-10 }, "geometry": { "type": "MultiPolygon", "coordinates": [ [ [ [ 150.580104743000106, -35.037036323999985 ], [ 150.580126651000114, -35.037036760999968 ], [ 150.58012691700003, -35.037027751999972 ], [ 150.580105009000022, -35.037027314999932 ], [ 150.580104743000106, -35.037036323999985 ] ] ] ] } },
{ "type": "Feature", "properties": { "OBJECTID": 6203, "gridcode": 5, "Shape_Length": 6.1849538963383807e-05, "Shape_Area": 1.9748069100235009e-10 }, "geometry": { "type": "MultiPolygon", "coordinates": [ [ [ [ 150.580531943000096, -35.037044847999937 ], [ 150.580553851000104, -35.037045284999977 ], [ 150.58055411600003, -35.037036275999981 ], [ 150.580532209000012, -35.037035838999941 ], [ 150.580531943000096, -35.037044847999937 ] ] ] ] } },
{ "type": "Feature", "properties": { "OBJECTID": 6204, "gridcode": 5, "Shape_Length": 3.9938180598867752e-05, "Shape_Area": 9.8743570295692143e-11 }, "geometry": { "type": "MultiPolygon", "coordinates": [ [ [ [ 150.580531412000028, -35.037062866999975 ], [ 150.580531677000067, -35.037053856999933 ], [ 150.580520724000053, -35.037053638999964 ], [ 150.580520458000024, -35.03706264799996 ], [ 150.580531412000028, -35.037062866999975 ] ] ] ] } },
{ "type": "Feature", "properties": { "OBJECTID": 6207, "gridcode": 5, "Shape_Length": 3.9939209786512941e-05, "Shape_Area": 9.874818392801084e-11 }, "geometry": { "type": "MultiPolygon", "coordinates": [ [ [ [ 150.580486799000028, -35.037089020999929 ], [ 150.580487065000057, -35.037080010999944 ], [ 150.580476111000053, -35.037079792999975 ], [ 150.580475845000024, -35.037088801999971 ], [ 150.580486799000028, -35.037089020999929 ] ] ] ] } },
{ "type": "Feature", "properties": { "OBJECTID": 6208, "gridcode": 5, "Shape_Length": 0.00010178976830550156, "Shape_Area": 3.9497694986710048e-10 }, "geometry": { "type": "MultiPolygon", "coordinates": [ [ [ [ 150.580487065000057, -35.037080010999944 ], [ 150.580508973000065, -35.037080447999983 ], [ 150.580509238000104, -35.037071438999931 ], [ 150.580520192000108, -35.037071657999945 ], [ 150.580520458000024, -35.03706264799996 ], [ 150.580498550000016, -35.037062210999977 ], [ 150.5804982840001, -35.037071220999962 ], [ 150.580487331000086, -35.037071001999948 ], [ 150.580487065000057, -35.037080010999944 ] ] ] ] } },
{ "type": "Feature", "properties": { "OBJECTID": 6211, "gridcode": 5, "Shape_Length": 0.00026542600732879033, "Shape_Area": 1.5799043735616622e-09 }, "geometry": { "type": "MultiPolygon", "coordinates": [ [ [ [ 150.579829568000036, -35.037075905999984 ], [ 150.579873384000052, -35.03707677999995 ], [ 150.579873915000121, -35.037058761999958 ], [ 150.579841054000099, -35.037058105999961 ], [ 150.579841319000025, -35.037049096999965 ], [ 150.57983036600001, -35.03704887799995 ], [ 150.579830100000095, -35.037057886999946 ], [ 150.579819146000091, -35.037057668999978 ], [ 150.57981941200012, -35.037048658999936 ], [ 150.579797504000112, -35.037048221999953 ], [ 150.579797238000083, -35.037057230999949 ], [ 150.579786284000079, -35.037057012999981 ], [ 150.579786019000039, -35.037066021999976 ], [ 150.579807926000058, -35.037066458999959 ], [ 150.579807661000018, -35.037075468999944 ], [ 150.579818614000033, -35.03707568699997 ], [ 150.579818880000062, -35.037066677999974 ], [ 150.579829834000066, -35.037066896999931 ], [ 150.579829568000036, -35.037075905999984 ] ] ] ] } },
{ "type": "Feature", "properties": { "OBJECTID": 6212, "gridcode": 5, "Shape_Length": 3.9938131370486236e-05, "Shape_Area": 9.8742355979939218e-11 }, "geometry": { "type": "MultiPolygon", "coordinates": [ [ [ [ 150.580475580000098, -35.037097810999967 ], [ 150.580475845000024, -35.037088801999971 ], [ 150.58046489100002, -35.037088583999946 ], [ 150.580464626000094, -35.037097592999942 ], [ 150.580475580000098, -35.037097810999967 ] ] ] ] } },
{ "type": "Feature", "properties": { "OBJECTID": 6218, "gridcode": 5, "Shape_Length": 0.00072277835766950283, "Shape_Area": 2.3007487062874301e-08 }, "geometry": { "type": "MultiPolygon", "coordinates": [ [ [ [ 150.578536484000097, -35.037068121999937 ], [ 150.578613160000032, -35.037069652999946 ], [ 150.578613426000061, -35.037060643999951 ], [ 150.578635334000069, -35.037061080999933 ], [ 150.578637461000085, -35.036989006999931 ], [ 150.578648415000089, -35.036989224999957 ], [ 150.578649479000092, -35.036953187999984 ], [ 150.578660433000096, -35.036953406999942 ], [ 150.57866096500004, -35.036935387999961 ], [ 150.578628103000028, -35.036934731999963 ], [ 150.578628369000057, -35.036925722999968 ], [ 150.578551692000019, -35.036924191999958 ], [ 150.578551958000048, -35.036915181999973 ], [ 150.578519097000026, -35.036914525999975 ], [ 150.57851883100011, -35.036923535999961 ], [ 150.578496923000102, -35.036923097999932 ], [ 150.578496657000073, -35.036932106999984 ], [ 150.578485703000069, -35.036931888999959 ], [ 150.578484640000056, -35.036967925999932 ], [ 150.578473686000052, -35.036967706999974 ], [ 150.578473154000108, -35.036985725999955 ], [ 150.578462200000104, -35.03698550699994 ], [ 150.578461934000075, -35.036994515999936 ], [ 150.578450980000071, -35.036994297999968 ], [ 150.578450449000115, -35.037012315999959 ], [ 150.578461402000016, -35.037012534999974 ], [ 150.578461136000101, -35.03702154399997 ], [ 150.578472090000105, -35.037021762999984 ], [ 150.578471558000047, -35.037039781999965 ], [ 150.578515374000062, -35.037040656999977 ], [ 150.578515108000033, -35.037049665999973 ], [ 150.578526062000037, -35.037049884999931 ], [ 150.578525796000122, -35.037058893999983 ], [ 150.578536750000012, -35.037059112999941 ], [ 150.578536484000097, -35.037068121999937 ] ] ] ] } },
{ "type": "Feature", "properties": { "OBJECTID": 6220, "gridcode": 5, "Shape_Length": 0.00018555173488213106, "Shape_Area": 7.8996438978689867e-10 }, "geometry": { "type": "MultiPolygon", "coordinates": [ [ [ [ 150.579697590000023, -35.037091300999975 ], [ 150.579763314000047, -35.03709261299997 ], [ 150.579763579000087, -35.037083603999974 ], [ 150.579708810000056, -35.037082509999948 ], [ 150.579709342000115, -35.037064491999956 ], [ 150.579698388000111, -35.037064272999942 ], [ 150.579697590000023, -35.037091300999975 ] ] ] ] } },
{ "type": "Feature", "properties": { "OBJECTID": 6222, "gridcode": 5, "Shape_Length": 6.1849538961116483e-05, "Shape_Area": 1.9748069098725815e-10 }, "geometry": { "type": "MultiPolygon", "coordinates": [ [ [ [ 150.578810064000095, -35.037082598999973 ], [ 150.578831971000113, -35.037083035999956 ], [ 150.578832237000029, -35.03707402699996 ], [ 150.578810329000021, -35.037073589999977 ], [ 150.578810064000095, -35.037082598999973 ] ] ] ] } },
{ "type": "Feature", "properties": { "OBJECTID": 6223, "gridcode": 5, "Shape_Length": 6.1850608147143415e-05, "Shape_Area": 1.9748567998419707e-10 }, "geometry": { "type": "MultiPolygon", "coordinates": [ [ [ [ 150.578974371000072, -35.03708587899996 ], [ 150.57899627900008, -35.037086316999932 ], [ 150.578996545000109, -35.037077307999937 ], [ 150.578974637000101, -35.037076869999964 ], [ 150.578974371000072, -35.03708587899996 ] ] ] ] } },
{ "type": "Feature", "properties": { "OBJECTID": 6225, "gridcode": 5, "Shape_Length": 0.00045346466615544997, "Shape_Area": 4.9372133398271169e-09 }, "geometry": { "type": "MultiPolygon", "coordinates": [ [ [ [ 150.5788755210001, -35.037092920999953 ], [ 150.578919336000013, -35.037093794999976 ], [ 150.578919602000042, -35.03708478599998 ], [ 150.578908648000038, -35.037084566999965 ], [ 150.578908914000067, -35.03707555799997 ], [ 150.578919868000071, -35.037075776999984 ], [ 150.578920400000015, -35.037057757999946 ], [ 150.57893135300003, -35.037057976999961 ], [ 150.578931619000059, -35.037048966999976 ], [ 150.578920665000055, -35.03704874899995 ], [ 150.578920931000084, -35.037039738999965 ], [ 150.578931885000088, -35.03703995799998 ], [ 150.578931619000059, -35.037048966999976 ], [ 150.578942573000063, -35.037049185999933 ], [ 150.578943105000121, -35.037031167999942 ], [ 150.578954059000012, -35.037031385999967 ], [ 150.57895459100007, -35.037013367999975 ], [ 150.578943637000066, -35.037013148999961 ], [ 150.578943903000095, -35.037004139999965 ], [ 150.578911041000083, -35.037003483999968 ], [ 150.578911307000112, -35.036994473999982 ], [ 150.578900353000108, -35.036994255999957 ], [ 150.578900087000079, -35.037003264999953 ], [ 150.578889133000075, -35.037003045999938 ], [ 150.578889399000104, -35.036994036999943 ], [ 150.57887844600009, -35.036993817999985 ], [ 150.578877116000058, -35.037038864999943 ], [ 150.578888070000062, -35.037039082999968 ], [ 150.578887272000088, -35.037066110999945 ], [ 150.578876318000084, -35.037065892999976 ], [ 150.5788755210001, -35.037092920999953 ] ] ] ] } },
{ "type": "Feature", "properties": { "OBJECTID": 6227, "gridcode": 5, "Shape_Length": 0.00052697275308730195, "Shape_Area": 3.159820336895993e-09 }, "geometry": { "type": "MultiPolygon", "coordinates": [ [ [ [ 150.579050782000081, -35.037096419999955 ], [ 150.579094597000108, -35.037097293999977 ], [ 150.579094863000023, -35.037088284999982 ], [ 150.579116771000031, -35.037088721999964 ], [ 150.57911703700006, -35.037079712999969 ], [ 150.579138945000068, -35.037080149999952 ], [ 150.579139476000023, -35.03706213199996 ], [ 150.579150430000027, -35.037062349999928 ], [ 150.579150696000056, -35.037053340999933 ], [ 150.57916165000006, -35.037053559999947 ], [ 150.579162182000118, -35.037035540999966 ], [ 150.579173135000019, -35.037035759999981 ], [ 150.579173933000106, -35.037008731999947 ], [ 150.579152025000099, -35.037008293999975 ], [ 150.579150962000085, -35.037044331999937 ], [ 150.579140008000081, -35.037044112999979 ], [ 150.579139742000052, -35.037053121999975 ], [ 150.579128788000048, -35.03705290399995 ], [ 150.579128522000019, -35.037061912999945 ], [ 150.579117569000118, -35.037061693999931 ], [ 150.579117303000089, -35.037070703999973 ], [ 150.579095395000081, -35.037070265999944 ], [ 150.579095129000052, -35.037079275999929 ], [ 150.579018452000014, -35.037077744999976 ], [ 150.579018718000043, -35.037068735999981 ], [ 150.579007764000039, -35.037068516999966 ], [ 150.579007233000084, -35.037086535999947 ], [ 150.57905104800011, -35.03708740999997 ], [ 150.579050782000081, -35.037096419999955 ] ] ] ] } },
{ "type": "Feature", "properties": { "OBJECTID": 6232, "gridcode": 5, "Shape_Length": 7.9878419570850282e-05, "Shape_Area": 2.9623920837318285e-10 }, "geometry": { "type": "MultiPolygon", "coordinates": [ [ [ [ 150.579815159000077, -35.037192807999929 ], [ 150.579837067000085, -35.037193245999958 ], [ 150.579837333000114, -35.037184235999973 ], [ 150.57982637900011, -35.037184017999948 ], [ 150.579826645000026, -35.037175007999963 ], [ 150.579815691000022, -35.037174789999938 ], [ 150.579815159000077, -35.037192807999929 ] ] ] ] } },
{ "type": "Feature", "properties": { "OBJECTID": 6235, "gridcode": 5, "Shape_Length": 0.00093024438986339243, "Shape_Area": 1.955149931055766e-08 }, "geometry": { "type": "MultiPolygon", "coordinates": [ [ [ [ 150.57967222700006, -35.037207984999952 ], [ 150.579705089000072, -35.03720864099995 ], [ 150.579706152000085, -35.037172603999977 ], [ 150.579684244000077, -35.037172165999948 ], [ 150.579684510000106, -35.037163156999952 ], [ 150.57964069500008, -35.03716228299993 ], [ 150.579640961000109, -35.037153272999944 ], [ 150.579619053000101, -35.037152835999962 ], [ 150.579619850000086, -35.037125807999985 ], [ 150.579608896000082, -35.03712558899997 ], [ 150.579609960000084, -35.037089551999941 ], [ 150.579620914000088, -35.037089770999955 ], [ 150.579621445000043, -35.037071751999974 ], [ 150.579577630000017, -35.037070877999952 ], [ 150.579577896000046, -35.037061867999967 ], [ 150.579501219000122, -35.037060337999947 ], [ 150.579500421000034, -35.03708736599998 ], [ 150.57948946700003, -35.037087146999966 ], [ 150.579488670000046, -35.037114174999942 ], [ 150.579477716000042, -35.037113956999974 ], [ 150.579477450000013, -35.03712296599997 ], [ 150.579455543000108, -35.03712252899993 ], [ 150.579455277000079, -35.037131537999983 ], [ 150.579444323000075, -35.037131318999968 ], [ 150.579443525000102, -35.037158346999945 ], [ 150.579487341000117, -35.037159221999957 ], [ 150.579487075000088, -35.037168230999953 ], [ 150.579476121000084, -35.037168011999938 ], [ 150.579475855000055, -35.03717702199998 ], [ 150.579497763000063, -35.037177458999963 ], [ 150.579497497000034, -35.037186467999959 ], [ 150.579574174000072, -35.037187998999968 ], [ 150.579573908000043, -35.037197007999964 ], [ 150.579584862000047, -35.037197226999979 ], [ 150.579585128000076, -35.037188216999937 ], [ 150.57959608200008, -35.037188435999951 ], [ 150.579596348000109, -35.037179426999955 ], [ 150.579618255000014, -35.037179863999938 ], [ 150.579618521000043, -35.037170854999943 ], [ 150.579629475000047, -35.037171072999968 ], [ 150.579629209000018, -35.037180082999953 ], [ 150.579640163000022, -35.037180300999978 ], [ 150.579640429000051, -35.037171291999982 ], [ 150.579651383000055, -35.03717151099994 ], [ 150.57965085100011, -35.037189528999932 ], [ 150.579661805000114, -35.037189747999946 ], [ 150.579661539000085, -35.037198756999942 ], [ 150.579672493000089, -35.037198975999956 ], [ 150.57967222700006, -35.037207984999952 ] ] ] ] } },
{ "type": "Feature", "properties": { "OBJECTID": 6238, "gridcode": 5, "Shape_Length": 0.00017778268169284757, "Shape_Area": 8.8871336584057403e-10 }, "geometry": { "type": "MultiPolygon", "coordinates": [ [ [ [ 150.579999780000094, -35.037250580999967 ], [ 150.579999514000065, -35.037259589999962 ], [ 150.580010468000069, -35.037259808999977 ], [ 150.580010734000098, -35.037250798999935 ], [ 150.580021688000102, -35.037251017999949 ], [ 150.580022219000057, -35.037232998999968 ], [ 150.580033173000061, -35.037233217999983 ], [ 150.58003343900009, -35.037224207999941 ], [ 150.580022485000086, -35.037223989999973 ], [ 150.580022751000115, -35.037214979999931 ], [ 150.580011797000111, -35.037214761999962 ], [ 150.580011265000053, -35.037232780999943 ], [ 150.580000312000038, -35.037232561999929 ], [ 150.580000046, -35.037241570999981 ], [ 150.579989092000119, -35.037241352999956 ], [ 150.57998882600009, -35.037250361999952 ], [ 150.579999780000094, -35.037250580999967 ] ] ] ] } },
{ "type": "Feature", "properties": { "OBJECTID": 6280, "gridcode": 5, "Shape_Length": 3.9939209788780204e-05, "Shape_Area": 9.8748183943131184e-11 }, "geometry": { "type": "MultiPolygon", "coordinates": [ [ [ [ 150.580094436000081, -35.037757287999966 ], [ 150.58009470200011, -35.03774827899997 ], [ 150.580083748000106, -35.037748059999956 ], [ 150.580083482000077, -35.037757069999941 ], [ 150.580094436000081, -35.037757287999966 ] ] ] ] } },
{ "type": "Feature", "properties": { "OBJECTID": 6293, "gridcode": 5, "Shape_Length": 3.9939209837757696e-05, "Shape_Area": 9.8748184222061851e-11 }, "geometry": { "type": "MultiPolygon", "coordinates": [ [ [ [ 150.581636817000117, -35.037860173999945 ], [ 150.581637083000032, -35.03785116499995 ], [ 150.581626129000028, -35.037850945999935 ], [ 150.581625863000113, -35.037859955999977 ], [ 150.581636817000117, -35.037860173999945 ] ] ] ] } },
{ "type": "Feature", "properties": { "OBJECTID": 6303, "gridcode": 5, "Shape_Length": 3.9939150870497219e-05, "Shape_Area": 9.8747965420581485e-11 }, "geometry": { "type": "MultiPolygon", "coordinates": [ [ [ [ 150.581701479000117, -35.03789752199998 ], [ 150.581701744000043, -35.037888512999984 ], [ 150.581690790000039, -35.03788829399997 ], [ 150.581690525000113, -35.037897303999955 ], [ 150.581701479000117, -35.03789752199998 ] ] ] ] } },
{ "type": "Feature", "properties": { "OBJECTID": 6308, "gridcode": 5, "Shape_Length": 3.9939150874914889e-05, "Shape_Area": 9.8747965430358553e-11 }, "geometry": { "type": "MultiPolygon", "coordinates": [ [ [ [ 150.581711902000052, -35.037915758999929 ], [ 150.581712167000092, -35.037906749999934 ], [ 150.581701213000088, -35.037906530999976 ], [ 150.581700948000048, -35.037915540999961 ], [ 150.581711902000052, -35.037915758999929 ] ] ] ] } },
{ "type": "Feature", "properties": { "OBJECTID": 6320, "gridcode": 5, "Shape_Length": 6.1850568273733557e-05, "Shape_Area": 1.97485414617204e-10 }, "geometry": { "type": "MultiPolygon", "coordinates": [ [ [ [ 150.581798205000041, -35.037962552999943 ], [ 150.581820113000049, -35.037962989999983 ], [ 150.581820379000078, -35.03795398099993 ], [ 150.58179847100007, -35.037953543999947 ], [ 150.581798205000041, -35.037962552999943 ] ] ] ] } },
{ "type": "Feature", "properties": { "OBJECTID": 6321, "gridcode": 5, "Shape_Length": 3.9938171260649199e-05, "Shape_Area": 9.8742620986896652e-11 }, "geometry": { "type": "MultiPolygon", "coordinates": [ [ [ [ 150.581830802000013, -35.037972217999936 ], [ 150.581831067000053, -35.03796320899994 ], [ 150.581820113000049, -35.037962989999983 ], [ 150.581819848, -35.037971998999978 ], [ 150.581830802000013, -35.037972217999936 ] ] ] ] } },
{ "type": "Feature", "properties": { "OBJECTID": 6324, "gridcode": 5, "Shape_Length": 3.9939209782070064e-05, "Shape_Area": 9.8748183918290615e-11 }, "geometry": { "type": "MultiPolygon", "coordinates": [ [ [ [ 150.581841490000102, -35.037981445999947 ], [ 150.581841756000017, -35.037972435999961 ], [ 150.581830802000013, -35.037972217999936 ], [ 150.581830536000098, -35.037981226999932 ], [ 150.581841490000102, -35.037981445999947 ] ] ] ] } },
{ "type": "Feature", "properties": { "OBJECTID": 6328, "gridcode": 5, "Shape_Length": 6.1850509358869142e-05, "Shape_Area": 1.9748497762181418e-10 }, "geometry": { "type": "MultiPolygon", "coordinates": [ [ [ [ 150.581841225000062, -35.037990454999942 ], [ 150.58186313300007, -35.037990891999982 ], [ 150.58186339800011, -35.037981882999929 ], [ 150.581841490000102, -35.037981445999947 ], [ 150.581841225000062, -35.037990454999942 ] ] ] ] } },
{ "type": "Feature", "properties": { "OBJECTID": 6330, "gridcode": 5, "Shape_Length": 6.1851547849586431e-05, "Shape_Area": 1.97496234872534e-10 }, "geometry": { "type": "MultiPolygon", "coordinates": [ [ [ [ 150.581873821000045, -35.038000119999936 ], [ 150.581895729000053, -35.038000555999929 ], [ 150.581895995000082, -35.037991546999933 ], [ 150.581874087000074, -35.03799110999995 ], [ 150.581873821000045, -35.038000119999936 ] ] ] ] } },
{ "type": "Feature", "properties": { "OBJECTID": 6331, "gridcode": 5, "Shape_Length": 3.9938131370486236e-05, "Shape_Area": 9.8742355979939218e-11 }, "geometry": { "type": "MultiPolygon", "coordinates": [ [ [ [ 150.581928060000109, -35.038019229999975 ], [ 150.581928325000035, -35.038010220999979 ], [ 150.581917371000031, -35.038010002999954 ], [ 150.581917106000105, -35.03801901199995 ], [ 150.581928060000109, -35.038019229999975 ] ] ] ] } },
{ "type": "Feature", "properties": { "OBJECTID": 6333, "gridcode": 5, "Shape_Length": 3.9939209788780204e-05, "Shape_Area": 9.8748183943131184e-11 }, "geometry": { "type": "MultiPolygon", "coordinates": [ [ [ [ 150.581960656000092, -35.038028894999968 ], [ 150.581960922000121, -35.038019885999972 ], [ 150.581949968000117, -35.038019666999958 ], [ 150.581949702000088, -35.038028676999943 ], [ 150.581960656000092, -35.038028894999968 ] ] ] ] } },
{ "type": "Feature", "properties": { "OBJECTID": 6343, "gridcode": 5, "Shape_Length": 6.1850509300916665e-05, "Shape_Area": 1.974849769916196e-10 }, "geometry": { "type": "MultiPolygon", "coordinates": [ [ [ [ 150.58198229900006, -35.038038340999947 ], [ 150.582004207000068, -35.03803877799993 ], [ 150.582004472000108, -35.038029768999934 ], [ 150.5819825640001, -35.038029331999951 ], [ 150.58198229900006, -35.038038340999947 ] ] ] ] } },
{ "type": "Feature", "properties": { "OBJECTID": 6344, "gridcode": 5, "Shape_Length": 3.9939209788780204e-05, "Shape_Area": 9.8748183943131184e-11 }, "geometry": { "type": "MultiPolygon", "coordinates": [ [ [ [ 150.582025849000047, -35.038048223999965 ], [ 150.582026115000076, -35.038039214999969 ], [ 150.582015161000072, -35.038038995999955 ], [ 150.582014895000043, -35.03804800599994 ], [ 150.582025849000047, -35.038048223999965 ] ] ] ] } },
{ "type": "Feature", "properties": { "OBJECTID": 6351, "gridcode": 5, "Shape_Length": 3.993920984446783e-05, "Shape_Area": 9.874818424690242e-11 }, "geometry": { "type": "MultiPolygon", "coordinates": [ [ [ [ 150.581871962000037, -35.038063184999942 ], [ 150.581872228000066, -35.038054175999946 ], [ 150.581861274000062, -35.038053956999931 ], [ 150.581861008000033, -35.038062966999973 ], [ 150.581871962000037, -35.038063184999942 ] ] ] ] } },
{ "type": "Feature", "properties": { "OBJECTID": 6354, "gridcode": 5, "Shape_Length": 8.3762906342142642e-05, "Shape_Area": 2.9622798891585771e-10 }, "geometry": { "type": "MultiPolygon", "coordinates": [ [ [ [ 150.582036537000022, -35.038057451999975 ], [ 150.582069399000034, -35.038058106999983 ], [ 150.582069665000063, -35.038049097999931 ], [ 150.582036803000051, -35.03804844299998 ], [ 150.582036537000022, -35.038057451999975 ] ] ] ] } },
{ "type": "Feature", "properties": { "OBJECTID": 6370, "gridcode": 5, "Shape_Length": 3.9939209671760827e-05, "Shape_Area": 9.8748183418580131e-11 }, "geometry": { "type": "MultiPolygon", "coordinates": [ [ [ [ 150.58206833700001, -35.038094144999945 ], [ 150.582068603000039, -35.03808513499996 ], [ 150.582057649000035, -35.038084916999935 ], [ 150.582057383000119, -35.038093925999931 ], [ 150.58206833700001, -35.038094144999945 ] ] ] ] } },
{ "type": "Feature", "properties": { "OBJECTID": 6377, "gridcode": 5, "Shape_Length": 5.7966032298785642e-05, "Shape_Area": 1.9749979081983174e-10 }, "geometry": { "type": "MultiPolygon", "coordinates": [ [ [ [ 150.580285540000091, -35.041682461999983 ], [ 150.580285009000022, -35.041700480999964 ], [ 150.580295963000026, -35.041700698999932 ], [ 150.580296495000084, -35.041682680999941 ], [ 150.580285540000091, -35.041682461999983 ] ] ] ] } },
{ "type": "Feature", "properties": { "OBJECTID": 6387, "gridcode": 5, "Shape_Length": 3.9939200558989418e-05, "Shape_Area": 9.8747235232072676e-11 }, "geometry": { "type": "MultiPolygon", "coordinates": [ [ [ [ 150.579837526000119, -35.042007061999982 ], [ 150.579837792000035, -35.041998052999929 ], [ 150.579826837000041, -35.041997833999972 ], [ 150.579826572000115, -35.042006842999967 ], [ 150.579837526000119, -35.042007061999982 ] ] ] ] } },
{ "type": "Feature", "properties": { "OBJECTID": 6393, "gridcode": 5, "Shape_Length": 3.99412093699016e-05, "Shape_Area": 9.875719334784261e-11 }, "geometry": { "type": "MultiPolygon", "coordinates": [ [ [ [ 150.578474576000076, -35.043620511999961 ], [ 150.578474842000105, -35.043611501999976 ], [ 150.578463887000112, -35.043611283999951 ], [ 150.578463621000083, -35.043620292999947 ], [ 150.578474576000076, -35.043620511999961 ] ] ] ] } },
{ "type": "Feature", "properties": { "OBJECTID": 6400, "gridcode": 5, "Shape_Length": 3.9941209425589327e-05, "Shape_Area": 9.8757193651642267e-11 }, "geometry": { "type": "MultiPolygon", "coordinates": [ [ [ [ 150.578463089000024, -35.043638311999985 ], [ 150.578463355000054, -35.043629301999943 ], [ 150.57845240000006, -35.043629083999974 ], [ 150.578452134000031, -35.04363809299997 ], [ 150.578463089000024, -35.043638311999985 ] ] ] ] } },
{ "type": "Feature", "properties": { "OBJECTID": 6404, "gridcode": 5, "Shape_Length": 3.9938230177786251e-05, "Shape_Area": 9.8742839999658708e-11 }, "geometry": { "type": "MultiPolygon", "coordinates": [ [ [ [ 150.578528019000032, -35.043666651999956 ], [ 150.578528285000061, -35.04365764299996 ], [ 150.578517331000057, -35.043657423999946 ], [ 150.578517065000028, -35.043666432999942 ], [ 150.578528019000032, -35.043666651999956 ] ] ] ] } },
{ "type": "Feature", "properties": { "OBJECTID": 6406, "gridcode": 5, "Shape_Length": 3.9940229757087949e-05, "Shape_Area": 9.8751848904380709e-11 }, "geometry": { "type": "MultiPolygon", "coordinates": [ [ [ [ 150.578516533000084, -35.04368445199998 ], [ 150.578516799000113, -35.043675442999984 ], [ 150.578505844000119, -35.043675223999969 ], [ 150.57850557800009, -35.043684232999965 ], [ 150.578516533000084, -35.04368445199998 ] ] ] ] } },
{ "type": "Feature", "properties": { "OBJECTID": 6407, "gridcode": 5, "Shape_Length": 0.00019970012835626128, "Shape_Area": 1.481283593601815e-09 }, "geometry": { "type": "MultiPolygon", "coordinates": [ [ [ [ 150.578417940000122, -35.043682482999941 ], [ 150.578439850000109, -35.04368292099997 ], [ 150.578440382000053, -35.043664901999932 ], [ 150.578451336000057, -35.043665120999947 ], [ 150.578452134000031, -35.04363809299997 ], [ 150.578441180000027, -35.043637873999955 ], [ 150.578440914000112, -35.043646882999951 ], [ 150.578408050000121, -35.043646226999954 ], [ 150.578407518000063, -35.043664245999935 ], [ 150.578396563000069, -35.043664026999977 ], [ 150.57839629700004, -35.043673035999973 ], [ 150.578418206000038, -35.043673473999945 ], [ 150.578417940000122, -35.043682482999941 ] ] ] ] } },
{ "type": "Feature", "properties": { "OBJECTID": 6426, "gridcode": 5, "Shape_Length": 0.0020224793478691929, "Shape_Area": 2.3898256471360457e-08 }, "geometry": { "type": "MultiPolygon", "coordinates": [ [ [ [ 150.578402463000089, -35.043835421999972 ], [ 150.578402197000059, -35.043844431999958 ], [ 150.578391243000056, -35.043844212999943 ], [ 150.578391509000085, -35.043835203999947 ], [ 150.578402463000089, -35.043835421999972 ] ], [ [ 150.578439100000082, -35.044079548999946 ], [ 150.578438834000053, -35.044088557999942 ], [ 150.578449789000047, -35.044088776999956 ], [ 150.578451119000079, -35.044043729999942 ], [ 150.578440164000085, -35.044043510999984 ], [ 150.57844069600003, -35.044025492999936 ], [ 150.578429741000036, -35.044025273999978 ], [ 150.578430007000065, -35.044016264999982 ], [ 150.578397143000075, -35.044015607999938 ], [ 150.578397409000104, -35.044006598999943 ], [ 150.578375499000117, -35.04400616099997 ], [ 150.578376032000051, -35.043988142999979 ], [ 150.578365077000058, -35.043987923999964 ], [ 150.57836614100006, -35.043951886999935 ], [ 150.578355186000067, -35.043951667999977 ], [ 150.578355984000041, -35.043924639999943 ], [ 150.578366939000034, -35.043924858999958 ], [ 150.578367737000121, -35.043897830999981 ], [ 150.578378692000115, -35.043898049999939 ], [ 150.57837895800003, -35.043889040999943 ], [ 150.578389912000034, -35.043889258999968 ], [ 150.578389646000119, -35.043898268999953 ], [ 150.578411556000106, -35.043898705999936 ], [ 150.578411822000021, -35.04388969699994 ], [ 150.578400867000028, -35.043889477999983 ], [ 150.578401133000057, -35.04388046899993 ], [ 150.57841208800005, -35.043880687999945 ], [ 150.578413152000053, -35.043844649999983 ], [ 150.578424107000046, -35.04384486899994 ], [ 150.578425437000078, -35.043799822999972 ], [ 150.578436392000071, -35.04380004099994 ], [ 150.578437190000045, -35.043773013999953 ], [ 150.578448144000049, -35.043773231999978 ], [ 150.578448410000078, -35.043764222999982 ], [ 150.578459365000072, -35.04376444199994 ], [ 150.578459897000016, -35.043746422999959 ], [ 150.578470852, -35.043746641999974 ], [ 150.578471118000039, -35.043737632999978 ], [ 150.578482072000043, -35.043737850999946 ], [ 150.578482604000101, -35.043719832999955 ], [ 150.578493559000094, -35.043720051999969 ], [ 150.578494091000039, -35.043702032999931 ], [ 150.578505046000032, -35.043702251999946 ], [ 150.578505312000061, -35.043693241999961 ], [ 150.578483403000064, -35.043692804999978 ], [ 150.578482871000119, -35.043710823999959 ], [ 150.578460961000019, -35.04371038599993 ], [ 150.578460695000103, -35.043719394999982 ], [ 150.578438786000106, -35.043718957999943 ], [ 150.578439052000022, -35.043709947999957 ], [ 150.578417142000035, -35.043709510999975 ], [ 150.578416876000119, -35.04371851999997 ], [ 150.578427831000113, -35.043718738999985 ], [ 150.578427565000084, -35.043727747999981 ], [ 150.57841661000009, -35.043727529999956 ], [ 150.578415546000087, -35.043763566999928 ], [ 150.578404591000094, -35.04376334799997 ], [ 150.578404059000036, -35.043781366999951 ], [ 150.578415014000029, -35.043781584999977 ], [ 150.578414748000114, -35.043790594999962 ], [ 150.57840379300012, -35.043790375999947 ], [ 150.578403527000091, -35.043799384999943 ], [ 150.578414482000085, -35.043799603999958 ], [ 150.578414216000056, -35.043808612999953 ], [ 150.578403261000062, -35.043808393999939 ], [ 150.578402995000033, -35.043817403999981 ], [ 150.578413950000026, -35.043817622999939 ], [ 150.578413684000111, -35.043826631999934 ], [ 150.578391775000114, -35.043826193999962 ], [ 150.578392839000117, -35.043790156999933 ], [ 150.578381884, -35.043789937999975 ], [ 150.578382948000012, -35.043753900999945 ], [ 150.578371993000019, -35.043753681999931 ], [ 150.578372259000048, -35.043744672999935 ], [ 150.578361305000044, -35.043744453999977 ], [ 150.578360506000081, -35.043771481999954 ], [ 150.578349552000077, -35.04377126299994 ], [ 150.578349020000019, -35.043789281999977 ], [ 150.578338065000025, -35.043789062999963 ], [ 150.578337533000081, -35.043807081999944 ], [ 150.578326578000087, -35.043806862999929 ], [ 150.578325248000056, -35.043851909999944 ], [ 150.578314293000062, -35.043851690999929 ], [ 150.57831296300003, -35.043896736999955 ], [ 150.578323918000024, -35.043896955999969 ], [ 150.57832312000005, -35.043923983999946 ], [ 150.578301210000063, -35.043923545999974 ], [ 150.578300146000061, -35.043959583999936 ], [ 150.578311101000054, -35.043959801999961 ], [ 150.578310835000025, -35.043968811999946 ], [ 150.578299880000031, -35.043968592999931 ], [ 150.578299614000116, -35.043977601999984 ], [ 150.578310569000109, -35.043977820999942 ], [ 150.578309771000022, -35.044004848999975 ], [ 150.578320726000015, -35.044005067999933 ], [ 150.578319662000013, -35.044041104999962 ], [ 150.578308707000019, -35.044040885999948 ], [ 150.578308175000075, -35.044058904999929 ], [ 150.578319130000068, -35.044059122999954 ], [ 150.57831859700002, -35.044077141999935 ], [ 150.578329552000014, -35.04407736099995 ], [ 150.578330616000017, -35.044041323999977 ], [ 150.57834157100001, -35.044041541999945 ], [ 150.578342103000068, -35.044023523999954 ], [ 150.578331148000075, -35.044023304999939 ], [ 150.578331946000048, -35.043996276999962 ], [ 150.578353856000035, -35.043996714999935 ], [ 150.57835359000012, -35.044005723999931 ], [ 150.578364545000113, -35.044005942999945 ], [ 150.578364013000055, -35.044023960999937 ], [ 150.578385922000052, -35.044024398999966 ], [ 150.578385656000023, -35.044033407999962 ], [ 150.578396611000016, -35.044033626999976 ], [ 150.578396877000046, -35.04402461799998 ], [ 150.578407832000039, -35.044024835999949 ], [ 150.57840756600001, -35.044033845999934 ], [ 150.578418520000014, -35.044034063999959 ], [ 150.578418254000098, -35.044043073999944 ], [ 150.578429209000092, -35.044043292999959 ], [ 150.578428943000063, -35.044052301999955 ], [ 150.578439898000056, -35.044052520999969 ], [ 150.578439366000111, -35.044070538999961 ], [ 150.578428411000118, -35.044070319999946 ], [ 150.578428145000089, -35.044079329999931 ], [ 150.578439100000082, -35.044079548999946 ] ] ] ] } },
{ "type": "Feature", "properties": { "OBJECTID": 6431, "gridcode": 5, "Shape_Length": 0.00015976185825658027, "Shape_Area": 1.1850328134360767e-09 }, "geometry": { "type": "MultiPolygon", "coordinates": [ [ [ [ 150.578371775000051, -35.044132291999972 ], [ 150.578393685000037, -35.044132728999955 ], [ 150.578394217000096, -35.044114710999963 ], [ 150.578383262000102, -35.044114491999949 ], [ 150.578383794000047, -35.044096472999968 ], [ 150.578350930000056, -35.04409581699997 ], [ 150.578350132000082, -35.044122844999947 ], [ 150.57837204100008, -35.04412328199993 ], [ 150.578371775000051, -35.044132291999972 ] ] ] ] } }
]
}
