{
"type": "FeatureCollection",
"name": "JBR2HR_Regional roads",
"crs": { "type": "name", "properties": { "name": "urn:ogc:def:crs:OGC:1.3:CRS84" } },
"xy_coordinate_resolution": 1e-15,
"features": [
{ "type": "Feature", "properties": { "OBJECTID": 1, "Comments": "TfNSW road classification - regional road", "FSource": "https://services6.arcgis.com/LHYr6B7cFUs40aCx/ArcGIS/rest/services/roadnetworkclassifications/FeatureServer/1", "SourceDate": 20250805.0, "Supplier": "TFNSW", "road_number": 312, "road_name": "JERVIS BAY ROAD", "is_auslink": "N", "arcgisonline_objectid": 362, "arcgisonline_type": "arcgisonline_polyline", "multi_reader_type": "ARCGISFEATURES", "SHAPE_Length": 7.1708990008963145 }, "geometry": { "type": "MultiLineString", "coordinates": [ [ [ 150.587674032264573, -34.98327654814711 ], [ 150.587602588799825, -34.983249735269219 ] ] ] } },
{ "type": "Feature", "properties": { "OBJECTID": 2, "Comments": "TfNSW road classification - regional road", "FSource": "https://services6.arcgis.com/LHYr6B7cFUs40aCx/ArcGIS/rest/services/roadnetworkclassifications/FeatureServer/1", "SourceDate": 20250805.0, "Supplier": "TFNSW", "road_number": 7634, "road_name": "NAVAL COLLEGE", "is_auslink": "N", "arcgisonline_objectid": 4419, "arcgisonline_type": "arcgisonline_polyline", "multi_reader_type": "ARCGISFEATURES", "SHAPE_Length": 5478.3548200359864 }, "geometry": { "type": "MultiLineString", "coordinates": [ [ [ 150.65798367214839, -35.078456874971515 ], [ 150.657988063976575, -35.07847363801497 ], [ 150.658093768890865, -35.078519669669539 ], [ 150.65812068658218, -35.078531392375496 ], [ 150.658308498874135, -35.078675165120465 ], [ 150.658432202348905, -35.07878915121271 ], [ 150.65854138334754, -35.078889762723556 ], [ 150.658710337124319, -35.079008884833684 ], [ 150.658974577404621, -35.079153672202985 ], [ 150.659271948498542, -35.079305674184468 ], [ 150.659609253230059, -35.079480426298339 ], [ 150.660405363300811, -35.079892886478611 ], [ 150.660680064743246, -35.080034024652605 ], [ 150.661537218498779, -35.080474647688625 ], [ 150.66184496921943, -35.080637820129681 ], [ 150.66203016522698, -35.080747288863307 ], [ 150.662163781786859, -35.080832230347923 ], [ 150.662330825822607, -35.080977168640608 ], [ 150.662341662860882, -35.080986465425212 ], [ 150.662654577451946, -35.08125467621467 ], [ 150.663262326555326, -35.081769925509484 ], [ 150.663718199256152, -35.082212673973878 ], [ 150.663923025208106, -35.082443855994903 ], [ 150.664127834005939, -35.082780802073046 ], [ 150.664420687004167, -35.08344531165767 ], [ 150.664768695559729, -35.084214430369222 ], [ 150.665085823422004, -35.084947800178881 ], [ 150.665204704325674, -35.085311172765635 ], [ 150.665356697236973, -35.085839670796013 ], [ 150.665475577453748, -35.086335173261737 ], [ 150.665554828607839, -35.086500423942105 ], [ 150.665640828641926, -35.086658925403533 ], [ 150.665786071692281, -35.086850548563575 ], [ 150.666209897794715, -35.087413906776625 ], [ 150.666327827922856, -35.087570677888991 ], [ 150.66656180542094, -35.08784715453011 ], [ 150.666691201656562, -35.088000053368674 ], [ 150.667066083969416, -35.088411912811601 ], [ 150.667094203910779, -35.088442802275068 ], [ 150.66735857794032, -35.088700426739237 ], [ 150.667609578656425, -35.088938303378086 ], [ 150.667820950130846, -35.089143050342969 ], [ 150.668012573147195, -35.089354429536684 ], [ 150.668197571609312, -35.089546053153192 ], [ 150.668362696585376, -35.089737675477267 ], [ 150.668488200669742, -35.089909424980959 ], [ 150.668613822763604, -35.090140678529707 ], [ 150.668871447986277, -35.090722054871193 ], [ 150.669281083196097, -35.091594178253978 ], [ 150.669649815526526, -35.092351921567818 ], [ 150.66976332703652, -35.092585173161616 ], [ 150.669954483685729, -35.092950535938101 ], [ 150.67007181290208, -35.093174797223618 ], [ 150.67017782140033, -35.093421799540842 ], [ 150.670251828663197, -35.093626797122063 ], [ 150.670303074926636, -35.093831803333977 ], [ 150.670360078021758, -35.094099423094079 ], [ 150.670405577858162, -35.094355676753203 ], [ 150.670439829666037, -35.094640425262568 ], [ 150.670473945962925, -35.094896679118222 ], [ 150.670508071965287, -35.095113051873625 ], [ 150.670536569579355, -35.095295298349512 ], [ 150.670582080081772, -35.095477553620746 ], [ 150.670644764888664, -35.095654072064576 ], [ 150.670755604462926, -35.095846476042205 ], [ 150.670895325732346, -35.096052674090984 ], [ 150.671111698528108, -35.096308918392161 ], [ 150.671316703672773, -35.09652529969599 ], [ 150.67179712011378, -35.096978304419075 ], [ 150.673491768441522, -35.098771834137047 ], [ 150.674640709148491, -35.099924844321045 ], [ 150.675233192443216, -35.100524472264553 ], [ 150.67567444477919, -35.100931956195254 ], [ 150.676039834048566, -35.10129541057097 ], [ 150.676470060629555, -35.101816558300079 ], [ 150.676649447265959, -35.102083549794393 ], [ 150.677322821068856, -35.103082808840149 ], [ 150.677573203251228, -35.103476803078799 ], [ 150.677777950309093, -35.103813929779498 ], [ 150.677910357477572, -35.104054702995136 ], [ 150.678012699041432, -35.104271424600434 ], [ 150.678127079098317, -35.104578422528597 ], [ 150.678265572644733, -35.104975804610547 ], [ 150.678391945842208, -35.105439305641191 ], [ 150.678512323461263, -35.105812547692103 ], [ 150.678578576401691, -35.106077424777553 ], [ 150.678616234121591, -35.106316914728026 ], [ 150.678626758273055, -35.107088848101967 ], [ 150.678593860009812, -35.107665652639113 ], [ 150.678562701553858, -35.107908675848925 ], [ 150.678457949742466, -35.108242297204363 ], [ 150.678346695739322, -35.108582426002791 ], [ 150.678255200759537, -35.108844174086883 ], [ 150.678215947797128, -35.108981547779038 ], [ 150.678189700527895, -35.109131926552045 ], [ 150.678163571013869, -35.109354422891833 ], [ 150.678137441348611, -35.109635676470454 ], [ 150.678111203427619, -35.109845047924985 ], [ 150.678058952625975, -35.110100180962881 ], [ 150.677993452958191, -35.110348804720296 ], [ 150.677908447787246, -35.110518798447863 ], [ 150.677816826863477, -35.110734677496495 ], [ 150.677764575868423, -35.110931051299154 ], [ 150.677761348756292, -35.11094873858859 ], [ 150.677738329503597, -35.11107492397722 ], [ 150.677718697618047, -35.111277679760576 ], [ 150.677725322850847, -35.111421677643527 ], [ 150.677751451719757, -35.111591679180457 ], [ 150.67777327118992, -35.111642226605355 ], [ 150.677875701911745, -35.111879548690631 ], [ 150.678076182382853, -35.112333779493888 ], [ 150.678295313872326, -35.112791032142198 ], [ 150.679086950571872, -35.114549800661486 ], [ 150.67916420264379, -35.114684055137431 ], [ 150.679256953197665, -35.114828922018901 ], [ 150.679366950699006, -35.114962180052203 ], [ 150.679517572342604, -35.115112677001754 ], [ 150.67969487931498, -35.11525107140303 ], [ 150.679755072076205, -35.115298061468138 ], [ 150.679957111584372, -35.115458013747435 ], [ 150.680450201306058, -35.115848422083516 ], [ 150.681035325598913, -35.116277052986987 ], [ 150.681295953242653, -35.11647980060804 ], [ 150.681411822239994, -35.116589922893937 ], [ 150.681545071822057, -35.116711554168667 ], [ 150.681637820583092, -35.116821678229059 ], [ 150.681736201210526, -35.116989554815831 ], [ 150.681846323247612, -35.117238664348612 ], [ 150.68193320319898, -35.117470427326488 ], [ 150.681985328194372, -35.117690547111579 ], [ 150.682008445819662, -35.117939673948854 ], [ 150.681991074558937, -35.118293052446802 ], [ 150.681967946796902, -35.118605804888041 ], [ 150.68196794722067, -35.118623016758043 ], [ 150.68196794705176, -35.118814298024745 ], [ 150.681985326909341, -35.118993926719341 ], [ 150.68202007277992, -35.11918504793794 ], [ 150.682030193793253, -35.119242390588433 ], [ 150.682054825455197, -35.119382050497201 ], [ 150.68207219858877, -35.119607915689635 ], [ 150.682077953332879, -35.119833180862933 ], [ 150.682072664213251, -35.120006175457277 ], [ 150.682058141910488, -35.120172565871478 ], [ 150.682048757965362, -35.120274449500414 ], [ 150.682041891288009, -35.120346511825133 ], [ 150.682026454535901, -35.120430575575192 ], [ 150.681995573974149, -35.120519785125623 ], [ 150.681966405699569, -35.120605561258422 ], [ 150.681944103222861, -35.1206759020886 ], [ 150.68191836673455, -35.120756532445206 ], [ 150.681896064911371, -35.120838885426245 ], [ 150.681884060626032, -35.120919516203614 ] ] ] } },
{ "type": "Feature", "properties": { "OBJECTID": 3, "Comments": "TfNSW road classification - regional road", "FSource": "https://services6.arcgis.com/LHYr6B7cFUs40aCx/ArcGIS/rest/services/roadnetworkclassifications/FeatureServer/1", "SourceDate": 20250805.0, "Supplier": "TFNSW", "road_number": 7632, "road_name": "CULBURRA", "is_auslink": "N", "arcgisonline_objectid": 4566, "arcgisonline_type": "arcgisonline_polyline", "multi_reader_type": "ARCGISFEATURES", "SHAPE_Length": 5475.4160565897255 }, "geometry": { "type": "MultiLineString", "coordinates": [ [ [ 150.705304879665619, -34.939672111485159 ], [ 150.706366716628679, -34.939918208326233 ], [ 150.709533341387868, -34.940560602980199 ], [ 150.712510287162331, -34.941209576463272 ], [ 150.713082269934063, -34.941287573248005 ], [ 150.713607166499457, -34.941155740041488 ], [ 150.714251173868377, -34.940862500373669 ], [ 150.714491184088388, -34.940740546238914 ], [ 150.715804559739638, -34.940061202519239 ], [ 150.716043825179497, -34.939937436298415 ], [ 150.717459265750506, -34.939261461474963 ], [ 150.718064933824451, -34.93904848765947 ], [ 150.718742244965568, -34.938949319546644 ], [ 150.721147163484716, -34.93905569433754 ], [ 150.722215148147768, -34.939128150182583 ], [ 150.722411083703975, -34.939134926698763 ], [ 150.724877102234501, -34.939220184053056 ], [ 150.729777988119395, -34.938839160239176 ], [ 150.735162909487116, -34.938464107794005 ], [ 150.735856417567391, -34.938399028878678 ], [ 150.736369301218616, -34.938321329457558 ], [ 150.73727830267427, -34.93809932728761 ], [ 150.737845883855869, -34.937862974412205 ], [ 150.737888677278164, -34.937842500504757 ], [ 150.737919970485279, -34.937827521606764 ], [ 150.738375663963325, -34.937609427953369 ], [ 150.73863593314357, -34.93746144134083 ], [ 150.73908327114637, -34.937185924518474 ], [ 150.739649768725343, -34.93675436310685 ], [ 150.740327201613724, -34.936148719904388 ], [ 150.740701044904171, -34.93571673688723 ], [ 150.741062992257923, -34.935181390385111 ], [ 150.741290982895748, -34.934802519910093 ], [ 150.741526591502435, -34.934258709556381 ], [ 150.741666062098034, -34.93388855114879 ], [ 150.741801006331372, -34.933414813992648 ], [ 150.741928043849924, -34.932929109888832 ], [ 150.742093654673255, -34.932478876057083 ], [ 150.742361245905329, -34.931989003455882 ], [ 150.742649205492853, -34.931626662474237 ], [ 150.74271526938773, -34.931560847775806 ], [ 150.742933201826645, -34.931343740568416 ], [ 150.743198445337924, -34.931140696777412 ], [ 150.743575470460172, -34.930952641754978 ], [ 150.744093589409346, -34.93077261838696 ], [ 150.744460583153227, -34.930694675979268 ], [ 150.744985065919963, -34.930660882203433 ], [ 150.74545247463098, -34.930677582257886 ], [ 150.746114635217481, -34.930743423377123 ], [ 150.746627347344997, -34.930802926030616 ], [ 150.747068841415825, -34.930854162776868 ], [ 150.748138648241252, -34.93097832439684 ], [ 150.752063598539394, -34.931433828651144 ], [ 150.752846009730519, -34.931538787807902 ], [ 150.753412534267341, -34.931619642739214 ], [ 150.753815231451171, -34.931680920351653 ], [ 150.754097166943893, -34.93169087137651 ], [ 150.754333563841186, -34.931689275071854 ], [ 150.754363782327403, -34.931689069389066 ], [ 150.754789687253094, -34.931603266302616 ], [ 150.755529457632122, -34.931410530492784 ], [ 150.7558716671426, -34.931302237171337 ], [ 150.756720492909523, -34.93103360482533 ], [ 150.756968542920106, -34.930957240534198 ], [ 150.75748797923336, -34.930797332544401 ], [ 150.758106422167316, -34.930627885571717 ], [ 150.75888613737726, -34.930414248006393 ] ] ] } },
{ "type": "Feature", "properties": { "OBJECTID": 4, "Comments": "TfNSW road classification - regional road", "FSource": "https://services6.arcgis.com/LHYr6B7cFUs40aCx/ArcGIS/rest/services/roadnetworkclassifications/FeatureServer/1", "SourceDate": 20250805.0, "Supplier": "TFNSW", "road_number": 7632, "road_name": "CULBURRA", "is_auslink": "N", "arcgisonline_objectid": 4575, "arcgisonline_type": "arcgisonline_polyline", "multi_reader_type": "ARCGISFEATURES", "SHAPE_Length": 4874.1486029244743 }, "geometry": { "type": "MultiLineString", "coordinates": [ [ [ 150.685871303862967, -34.907929224916508 ], [ 150.685714773987286, -34.90814410068284 ], [ 150.68553572691971, -34.908355946358789 ], [ 150.685456422931708, -34.908491086767953 ], [ 150.68539241108985, -34.908670070965911 ], [ 150.685084973627255, -34.910276746528424 ], [ 150.684817032545311, -34.911764024140524 ], [ 150.684657947284961, -34.912647038649858 ], [ 150.683955108988869, -34.916443230232886 ], [ 150.683798328993504, -34.917290084179072 ], [ 150.683701159187507, -34.917814925496813 ], [ 150.683375686059634, -34.919652523813291 ], [ 150.683275468847881, -34.920218374212503 ], [ 150.683142749161846, -34.920989726064924 ], [ 150.683122319795928, -34.921244920560468 ], [ 150.683140418614585, -34.921458416437574 ], [ 150.683156158451993, -34.921549822267039 ], [ 150.683182154276921, -34.921700730705879 ], [ 150.683185247168723, -34.921710196856779 ], [ 150.683246165981103, -34.921896602722761 ], [ 150.68328010366011, -34.922000459207631 ], [ 150.683455106985377, -34.922324058763778 ], [ 150.68355820177959, -34.922468593749805 ], [ 150.683715143014354, -34.922688632131099 ], [ 150.684023844702381, -34.922978590038134 ], [ 150.684634462222078, -34.923400094282485 ], [ 150.685565192481761, -34.924031921321998 ], [ 150.686052769752763, -34.924347174115908 ], [ 150.686578615029816, -34.924691829801667 ], [ 150.687171841929825, -34.925052810762189 ], [ 150.687745849961914, -34.925310650150216 ], [ 150.68837955843216, -34.925578942969928 ], [ 150.689236793512805, -34.925877344521886 ], [ 150.689935769247796, -34.926113231724628 ], [ 150.69047340097714, -34.926213492777549 ], [ 150.69091937734126, -34.926249313926391 ], [ 150.691262562819702, -34.926306431766562 ], [ 150.691497159133348, -34.926377435696217 ], [ 150.691630292337607, -34.92641773832608 ], [ 150.691962604935583, -34.926566683588298 ], [ 150.69219875234387, -34.926718416242316 ], [ 150.692407397972943, -34.926919773684197 ], [ 150.692557113517239, -34.927128922445746 ], [ 150.692639207324106, -34.927315660481256 ], [ 150.692692480194779, -34.927521527054168 ], [ 150.692726982523823, -34.927807252551581 ], [ 150.692719954416361, -34.928161294461091 ], [ 150.692598322329786, -34.929678430876045 ], [ 150.692478760367919, -34.93116983039107 ], [ 150.692238668266299, -34.93403193015741 ], [ 150.69222398577142, -34.934380091768716 ], [ 150.69224524785983, -34.934702803794423 ], [ 150.692301138518758, -34.934969617390983 ], [ 150.692455076981531, -34.93527625638135 ], [ 150.692755057673253, -34.935706759679441 ], [ 150.693011517394154, -34.935986015630235 ], [ 150.693346160042296, -34.93636062946549 ], [ 150.693686630087882, -34.936698444780106 ], [ 150.69395316504685, -34.936867587125576 ], [ 150.694357968760244, -34.936977826109121 ], [ 150.694734714971304, -34.937063692724458 ], [ 150.694781310322412, -34.93707685124452 ], [ 150.694893513670479, -34.937093765007639 ], [ 150.694943424434712, -34.937102289586804 ], [ 150.695456084329095, -34.937189842379624 ], [ 150.695914814309901, -34.937176468117151 ], [ 150.696277102103807, -34.937159803819569 ], [ 150.696580741202723, -34.937157060240089 ], [ 150.696885650152439, -34.937184769244951 ], [ 150.697168642460241, -34.937219226073772 ], [ 150.697378694880314, -34.937280206874846 ], [ 150.697605125086881, -34.937377314494839 ], [ 150.69790711384303, -34.937508815798637 ], [ 150.69818027357141, -34.937659473982777 ], [ 150.698219265025557, -34.937680297660108 ], [ 150.698635230099143, -34.937902433718712 ], [ 150.698997716018994, -34.938062673896709 ], [ 150.699703969953191, -34.938292195599004 ], [ 150.702625016821912, -34.939030523512095 ], [ 150.705253560326668, -34.939659821464382 ], [ 150.705304879665619, -34.939672111485159 ] ] ] } },
{ "type": "Feature", "properties": { "OBJECTID": 5, "Comments": "TfNSW road classification - regional road", "FSource": "https://services6.arcgis.com/LHYr6B7cFUs40aCx/ArcGIS/rest/services/roadnetworkclassifications/FeatureServer/1", "SourceDate": 20250805.0, "Supplier": "TFNSW", "road_number": 7632, "road_name": "KALANDAR", "is_auslink": "N", "arcgisonline_objectid": 4697, "arcgisonline_type": "arcgisonline_polyline", "multi_reader_type": "ARCGISFEATURES", "SHAPE_Length": 2159.1849016785591 }, "geometry": { "type": "MultiLineString", "coordinates": [ [ [ 150.60456562155693, -34.8876132345355 ], [ 150.605057332274527, -34.887681871688869 ], [ 150.605832863071385, -34.887786402547057 ], [ 150.606162519284595, -34.887830834461624 ], [ 150.606185699955432, -34.88783396318707 ], [ 150.606210287869146, -34.887837270182281 ], [ 150.607524990154502, -34.888019526808527 ], [ 150.60768963268734, -34.888037705492152 ], [ 150.607732371750387, -34.888042420712452 ], [ 150.607757533285024, -34.88804621107014 ], [ 150.607824727033062, -34.888057399040804 ], [ 150.607956264463013, -34.888079288750255 ], [ 150.61009956173541, -34.888373585083613 ], [ 150.610821000704732, -34.888472646267481 ], [ 150.611075917947034, -34.888503437748881 ], [ 150.611100120863426, -34.888506566711087 ], [ 150.611745626136894, -34.888589939977997 ], [ 150.612714498501646, -34.888715086242492 ], [ 150.614094754022574, -34.888880910920186 ], [ 150.615062783455016, -34.888932015213491 ], [ 150.61567180516235, -34.889010054876927 ], [ 150.616104012105609, -34.889065443166047 ], [ 150.616434558210528, -34.889104275604815 ], [ 150.617985300486964, -34.889286458917042 ], [ 150.618009216368023, -34.889289354609126 ], [ 150.618479162473307, -34.889346247859876 ], [ 150.619364220712924, -34.889453404046364 ], [ 150.619412509559226, -34.889459248916481 ], [ 150.619460808020563, -34.889465102069316 ], [ 150.62052711808596, -34.889594202257356 ], [ 150.621448219700255, -34.889718361698854 ], [ 150.621849806714863, -34.889784964067132 ], [ 150.6225904652118, -34.889907796860285 ], [ 150.623389298009499, -34.890040284939218 ], [ 150.625962364237779, -34.890355073127708 ], [ 150.626077578592202, -34.890369156446532 ], [ 150.626776454733857, -34.890462498119483 ], [ 150.627887503660872, -34.890636246600067 ] ] ] } },
{ "type": "Feature", "properties": { "OBJECTID": 6, "Comments": "TfNSW road classification - regional road", "FSource": "https://services6.arcgis.com/LHYr6B7cFUs40aCx/ArcGIS/rest/services/roadnetworkclassifications/FeatureServer/1", "SourceDate": 20250805.0, "Supplier": "TFNSW", "road_number": 7631, "road_name": "WALMER", "is_auslink": "N", "arcgisonline_objectid": 4717, "arcgisonline_type": "arcgisonline_polyline", "multi_reader_type": "ARCGISFEATURES", "SHAPE_Length": 906.46992164018718 }, "geometry": { "type": "MultiLineString", "coordinates": [ [ [ 150.613437344707023, -35.102847289982101 ], [ 150.613551885717328, -35.102909221804829 ], [ 150.613818905806113, -35.10294428823569 ], [ 150.615101390611983, -35.103108813192179 ], [ 150.616035993557205, -35.103171910981317 ], [ 150.616157903559724, -35.103186110498818 ], [ 150.616341360479481, -35.103249360378911 ], [ 150.616417131971247, -35.103275489713731 ], [ 150.616583028192622, -35.103332689333001 ], [ 150.618131556657573, -35.103933464084882 ], [ 150.618738535573385, -35.104010357275712 ], [ 150.619811020739377, -35.104097568094957 ], [ 150.620386965621691, -35.104317625023924 ], [ 150.620455172611145, -35.104343683542503 ], [ 150.621086559338835, -35.104873947673802 ], [ 150.621314890843308, -35.105096729628471 ], [ 150.621420091048236, -35.105207254381732 ], [ 150.62166406377429, -35.105440336374251 ], [ 150.622066834369917, -35.105817558509067 ], [ 150.622177127030483, -35.105940329793619 ] ] ] } },
{ "type": "Feature", "properties": { "OBJECTID": 7, "Comments": "TfNSW road classification - regional road", "FSource": "https://services6.arcgis.com/LHYr6B7cFUs40aCx/ArcGIS/rest/services/roadnetworkclassifications/FeatureServer/1", "SourceDate": 20250805.0, "Supplier": "TFNSW", "road_number": 7632, "road_name": "GREENWELL PT", "is_auslink": "N", "arcgisonline_objectid": 4735, "arcgisonline_type": "arcgisonline_polyline", "multi_reader_type": "ARCGISFEATURES", "SHAPE_Length": 6537.5509183260583 }, "geometry": { "type": "MultiLineString", "coordinates": [ [ [ 150.627887503660872, -34.890636246600067 ], [ 150.627934304638501, -34.890644153217693 ], [ 150.628748369260052, -34.890781642837602 ], [ 150.630164650570805, -34.891019233085757 ], [ 150.630525469500554, -34.891050257464812 ], [ 150.630620165612129, -34.891046984687932 ], [ 150.630708334929977, -34.891042091686259 ], [ 150.630930372439707, -34.891014339191187 ], [ 150.631335275578039, -34.890937598202292 ], [ 150.635098344875786, -34.890223491314984 ], [ 150.635176277264776, -34.890208547871524 ], [ 150.635250946903284, -34.890193075702285 ], [ 150.635259785922699, -34.890191247327948 ], [ 150.637838453958125, -34.889656940910655 ], [ 150.63831377755119, -34.889565812571803 ], [ 150.63837709896535, -34.889553182941839 ], [ 150.638497530312208, -34.889529158697833 ], [ 150.638637950778815, -34.889501146080285 ], [ 150.6410070785237, -34.889044978968968 ], [ 150.643059910042751, -34.888595534548394 ], [ 150.643615254185619, -34.888491004186065 ], [ 150.643927569482514, -34.88846357486171 ], [ 150.644272270323967, -34.888461037295087 ], [ 150.644636611180687, -34.888498526348883 ], [ 150.644912556498667, -34.888564401857366 ], [ 150.645175883873378, -34.888649075382425 ], [ 150.647390336648357, -34.889441428459151 ], [ 150.648032946006595, -34.889669714099504 ], [ 150.648396722426781, -34.889815683323754 ], [ 150.648625420954005, -34.88994829602683 ], [ 150.648813341351598, -34.89004989473095 ], [ 150.648952050246578, -34.890152908215462 ], [ 150.649537172749774, -34.890649316281696 ], [ 150.650366242815323, -34.891368128449123 ], [ 150.651088999776192, -34.891965847143865 ], [ 150.651232826439269, -34.892053989518381 ], [ 150.651339416934974, -34.892118861873406 ], [ 150.651517828424545, -34.892206915233693 ], [ 150.651939537876729, -34.892387645934434 ], [ 150.652467300933409, -34.892595262480242 ], [ 150.654817352463652, -34.893441918516523 ], [ 150.655000673911729, -34.893519949558318 ], [ 150.655148697406304, -34.893604112582487 ], [ 150.655547235929788, -34.893847403856711 ], [ 150.656823401878967, -34.894649169290169 ], [ 150.657954771704681, -34.895347131189794 ], [ 150.659537399120211, -34.896334621600587 ], [ 150.660142663690181, -34.896771005837799 ], [ 150.660759387313533, -34.89726610509733 ], [ 150.661200333202174, -34.897629746168015 ], [ 150.661490927927872, -34.89782798492358 ], [ 150.661983991527592, -34.898153215676182 ], [ 150.662432567314795, -34.898380103184763 ], [ 150.663119557291793, -34.898736619553468 ], [ 150.663571026778442, -34.898926519668308 ], [ 150.664062775367142, -34.899115256228882 ], [ 150.664645395975867, -34.89933456948026 ], [ 150.66495028928685, -34.899447515644539 ], [ 150.665364567328282, -34.899605281643872 ], [ 150.665702814634528, -34.89976522560233 ], [ 150.66601453789616, -34.89993333687746 ], [ 150.666277369999591, -34.900110232634013 ], [ 150.666541771223024, -34.900323978793956 ], [ 150.666943448238214, -34.900710872135569 ], [ 150.667177318463644, -34.900943953736899 ], [ 150.667382314686733, -34.901129901845216 ], [ 150.667413356921031, -34.901151417178482 ], [ 150.667668471235856, -34.901328248383102 ], [ 150.66803419297176, -34.901502176505701 ], [ 150.668503745188247, -34.901695215816858 ], [ 150.669041341990237, -34.901908432793149 ], [ 150.66933251851907, -34.902014396963068 ], [ 150.669517652094243, -34.902049615687893 ], [ 150.669645226423, -34.902055469786646 ], [ 150.669715108812909, -34.902058679132672 ], [ 150.669783226333436, -34.902049338169512 ], [ 150.669919946743761, -34.902030594218772 ], [ 150.67007366967772, -34.901959725181023 ], [ 150.670109972434119, -34.901938973874152 ], [ 150.670196108399807, -34.901889761466606 ], [ 150.670309431167709, -34.901816373798745 ], [ 150.670412857664502, -34.901721131409055 ], [ 150.670522092018075, -34.901551917773816 ], [ 150.670691188538484, -34.901211232724684 ], [ 150.670946052391798, -34.900676182297083 ], [ 150.671757776356714, -34.89923203957018 ], [ 150.671882627154218, -34.899114037834963 ], [ 150.671984242979022, -34.899034177620621 ], [ 150.671999633061688, -34.899022085929069 ], [ 150.67212126662082, -34.898933682536047 ], [ 150.67235347051195, -34.89881257984711 ], [ 150.672394335684629, -34.898791657394113 ], [ 150.672620828932907, -34.898675681576158 ], [ 150.6728681806552, -34.89859470987254 ], [ 150.673143626292074, -34.898542450342795 ], [ 150.673478807715014, -34.898525364011824 ], [ 150.673707880643661, -34.898540854464144 ], [ 150.673983263942631, -34.898591912803802 ], [ 150.67428596010015, -34.898653253952475 ], [ 150.675140057994014, -34.898831439220103 ], [ 150.675643357816625, -34.898975508853866 ], [ 150.675866166388516, -34.899053916468183 ], [ 150.676039449328755, -34.899126372050731 ], [ 150.676272780045309, -34.899241380124295 ], [ 150.676489959443529, -34.899397442424629 ], [ 150.676690180743577, -34.899576131353243 ], [ 150.6767605381566, -34.899643396439238 ], [ 150.677031063387687, -34.899902025760689 ], [ 150.677048344324618, -34.899919433335569 ], [ 150.678758134162848, -34.901641548537484 ], [ 150.678902471546252, -34.901770200186782 ], [ 150.679037246586944, -34.901884355840629 ], [ 150.679152863522006, -34.901969558735011 ], [ 150.67930457826364, -34.90206108911088 ], [ 150.679358891867309, -34.902087479599416 ], [ 150.679519562473729, -34.902165556407375 ], [ 150.679843636159745, -34.902307428617036 ], [ 150.681254834694215, -34.902838382787216 ], [ 150.682165441298281, -34.903184634839548 ], [ 150.68243378735886, -34.903280163549496 ], [ 150.682639044336099, -34.90336644228227 ], [ 150.682835973649759, -34.903467735007446 ], [ 150.68305606569163, -34.903586795170973 ], [ 150.683190050655895, -34.90368253073116 ], [ 150.683330096034297, -34.90381499082077 ], [ 150.683415987759361, -34.903937958360125 ], [ 150.683543026701841, -34.904185176598538 ], [ 150.683697008129883, -34.904538634803231 ], [ 150.683893831396546, -34.905160197797173 ], [ 150.684128133218707, -34.905924601288234 ], [ 150.684327903625615, -34.906262640628022 ], [ 150.68458689954349, -34.906700908876452 ], [ 150.684898397280534, -34.907071918199009 ], [ 150.685494358889855, -34.907704023092691 ], [ 150.685871303862967, -34.907929224916508 ] ] ] } },
{ "type": "Feature", "properties": { "OBJECTID": 8, "Comments": "TfNSW road classification - regional road", "FSource": "https://services6.arcgis.com/LHYr6B7cFUs40aCx/ArcGIS/rest/services/roadnetworkclassifications/FeatureServer/1", "SourceDate": 20250805.0, "Supplier": "TFNSW", "road_number": 7631, "road_name": "PDISE BEACH & SANCTUARY PT", "is_auslink": "N", "arcgisonline_objectid": 4744, "arcgisonline_type": "arcgisonline_polyline", "multi_reader_type": "ARCGISFEATURES", "SHAPE_Length": 6785.3761107548698 }, "geometry": { "type": "MultiLineString", "coordinates": [ [ [ 150.622177127030483, -35.105940329793619 ], [ 150.6230757469514, -35.105482188805411 ], [ 150.623192781430106, -35.105412511755389 ], [ 150.624030949490589, -35.10497532022957 ], [ 150.624399655548956, -35.104926511921491 ], [ 150.624763476633234, -35.104916131691333 ], [ 150.625029714257209, -35.104908538831623 ], [ 150.625446738943822, -35.104824995329331 ], [ 150.625897312662119, -35.104685694979317 ], [ 150.626389103388448, -35.104434505555787 ], [ 150.626943938201606, -35.104130573583475 ], [ 150.627509494000208, -35.103828899720178 ], [ 150.627802918943644, -35.10369419818818 ], [ 150.627939880114582, -35.103617869672945 ], [ 150.628072511424818, -35.103528068581433 ], [ 150.629767564866995, -35.102623737203302 ], [ 150.63206456586525, -35.101391718617883 ], [ 150.632527412412685, -35.101141399900044 ], [ 150.632827445934169, -35.100960013455683 ], [ 150.632839950899012, -35.100941116907784 ], [ 150.632938303877467, -35.100792468081551 ], [ 150.63302243904829, -35.100478172820594 ], [ 150.633346496745531, -35.098882961223765 ], [ 150.633805532518977, -35.096660556739714 ], [ 150.633848155388989, -35.096468612044625 ], [ 150.634070148560852, -35.09541165981112 ], [ 150.634093437439333, -35.095283430027003 ], [ 150.634111050864902, -35.095202727475801 ], [ 150.634210911489106, -35.094745133283354 ], [ 150.634249268214091, -35.094573438573057 ], [ 150.634284558028469, -35.094422277997786 ], [ 150.634539691660848, -35.092887645327536 ], [ 150.634632953276622, -35.092404208260071 ], [ 150.634930987119503, -35.090964647269999 ], [ 150.635014908254334, -35.090707112918082 ], [ 150.635149277745427, -35.090441636590299 ], [ 150.635235600895271, -35.090271085611683 ], [ 150.635273475763711, -35.090177652769867 ], [ 150.635280313150133, -35.090160785394069 ], [ 150.63530334170153, -35.090007258542158 ], [ 150.635318893924904, -35.089903580334223 ], [ 150.635440696184162, -35.089873533776512 ], [ 150.635551612256705, -35.089846174727427 ], [ 150.635704703790111, -35.089808410589029 ], [ 150.636499010592956, -35.089549944097747 ], [ 150.637969498638881, -35.089004591799544 ], [ 150.639358610881743, -35.088437316132001 ], [ 150.639662588146109, -35.088303779399972 ], [ 150.639929104927319, -35.088191954482589 ], [ 150.640230213981738, -35.088063957653574 ], [ 150.640282912520632, -35.088041556345445 ], [ 150.642090132417763, -35.087249983318713 ], [ 150.64344511024953, -35.086658001780975 ], [ 150.644070060177683, -35.086339062351975 ], [ 150.64409792061042, -35.086317154600636 ], [ 150.644570043944668, -35.085945992481335 ], [ 150.64650436299388, -35.084366162616185 ], [ 150.64752357713968, -35.083533740744791 ], [ 150.647573783629838, -35.083473233948375 ], [ 150.648252275409249, -35.082655593653342 ], [ 150.648282493706063, -35.082624434650349 ], [ 150.648633819421633, -35.082203460069884 ], [ 150.648980475387475, -35.081826794009665 ], [ 150.649366858112842, -35.081515895307675 ], [ 150.649495953910105, -35.081440351237319 ], [ 150.649624221867555, -35.081365291287582 ], [ 150.650151276811357, -35.081159192423812 ], [ 150.651422935496782, -35.080726769710054 ], [ 150.654174822897971, -35.079771747672289 ], [ 150.654461786507454, -35.079670203395509 ], [ 150.655025029992061, -35.079470888769954 ], [ 150.655049447944862, -35.07946224727425 ], [ 150.656602313075581, -35.078912774364319 ], [ 150.656961823045776, -35.078813049377487 ], [ 150.657090321094927, -35.078784426976867 ], [ 150.657168783146346, -35.078768757877292 ], [ 150.657235735564541, -35.078753994910763 ], [ 150.657463509535063, -35.078673104170853 ], [ 150.657598725941909, -35.078564764750332 ], [ 150.657616210639134, -35.078550753874062 ], [ 150.657613181607758, -35.078544855584752 ], [ 150.65761249932109, -35.078542561668577 ], [ 150.6576080987127, -35.078524919505661 ], [ 150.657606539588073, -35.078496495628073 ], [ 150.65761039396773, -35.07846824037216 ], [ 150.657618809959502, -35.078443177046914 ], [ 150.657619590237545, -35.078440855503544 ], [ 150.657633879166923, -35.078415003295795 ], [ 150.657652936340753, -35.078391329244013 ], [ 150.657676270236692, -35.078370417017766 ], [ 150.657697809645782, -35.078356039155388 ], [ 150.657721833830863, -35.078344618364241 ], [ 150.657747720970974, -35.078336424788425 ], [ 150.65777487322714, -35.078331656917875 ], [ 150.657802580632307, -35.078330446170156 ], [ 150.657830191471845, -35.078332804291513 ], [ 150.657856739180033, -35.078338632373736 ], [ 150.657857020350235, -35.07833869369825 ], [ 150.657882371152937, -35.078347953098181 ], [ 150.657967859521165, -35.07831898095256 ], [ 150.658305908137038, -35.07825680731743 ], [ 150.658569306670188, -35.078227225905046 ], [ 150.658646387385119, -35.078202845238387 ], [ 150.659357463918639, -35.077954729937019 ], [ 150.659492274330375, -35.077907023610678 ], [ 150.66050454916396, -35.077521895403315 ], [ 150.662752984644925, -35.076744629288029 ], [ 150.663181309935709, -35.076592142713679 ], [ 150.66371045260351, -35.076385424125448 ], [ 150.664077975787706, -35.076249315913486 ], [ 150.664288316450723, -35.076150335007284 ], [ 150.664455907028838, -35.07605472549195 ], [ 150.664615628179178, -35.075950116125725 ], [ 150.664765226890665, -35.075837644467995 ], [ 150.664891197508013, -35.075726284203363 ], [ 150.664991307749432, -35.075626183599454 ], [ 150.665089158558089, -35.075513703576981 ], [ 150.665197139436515, -35.075376474731371 ], [ 150.665303998469426, -35.075226883856665 ], [ 150.665374859125109, -35.075117773595551 ], [ 150.665438968336417, -35.075021043952148 ], [ 150.665542449738609, -35.074854573443289 ], [ 150.665569637125884, -35.074803532560225 ], [ 150.665672929307675, -35.074646492235722 ], [ 150.665759538422009, -35.074513763405946 ], [ 150.665860767771136, -35.074374292627901 ], [ 150.665968749156491, -35.074241563199585 ], [ 150.66602160879242, -35.074188702429126 ], [ 150.666151829261793, -35.074058303144263 ], [ 150.666368040374664, -35.073877132003346 ], [ 150.666563043052832, -35.073751564575403 ], [ 150.666664990939211, -35.07368592165566 ], [ 150.666947471998611, -35.073515516708113 ], [ 150.667843575260036, -35.073001925519804 ], [ 150.668486327853145, -35.072593481942747 ], [ 150.669746431218272, -35.071897123738772 ], [ 150.670061746641181, -35.071714160094288 ], [ 150.670291242841671, -35.071580291400565 ], [ 150.670483161936374, -35.071470330325987 ], [ 150.670759781008542, -35.071311874262804 ], [ 150.670989957905647, -35.071177316822165 ], [ 150.671174365560717, -35.071061206444 ], [ 150.67139235224343, -35.070901109509968 ], [ 150.671756818417293, -35.07060991454793 ], [ 150.671923825664351, -35.070486427319899 ], [ 150.671995798016951, -35.070432508313097 ], [ 150.672007082166743, -35.070424054595051 ], [ 150.672067822806582, -35.070378554209036 ], [ 150.67222006821936, -35.070269148131381 ], [ 150.672269073485921, -35.070233929025825 ], [ 150.672519571785756, -35.070081882430316 ], [ 150.672733774918015, -35.069967098878102 ], [ 150.672935042955828, -35.069874948868346 ], [ 150.673179966854548, -35.069775520457213 ], [ 150.673413576296213, -35.06969954181983 ], [ 150.673587853701008, -35.069650382567737 ], [ 150.673808331720835, -35.069599826177864 ], [ 150.674054277088231, -35.069561379903007 ], [ 150.674119158930779, -35.069553410767476 ], [ 150.674348151305821, -35.069530220688755 ], [ 150.674400749272024, -35.069525684758304 ], [ 150.67459253636855, -35.06950914553655 ], [ 150.67473251926549, -35.069497878516671 ], [ 150.675151387962273, -35.069466503285732 ], [ 150.675163587106283, -35.069465589658492 ], [ 150.675294686053235, -35.069453165389426 ] ] ] } },
{ "type": "Feature", "properties": { "OBJECTID": 9, "Comments": "TfNSW road classification - regional road", "FSource": "https://services6.arcgis.com/LHYr6B7cFUs40aCx/ArcGIS/rest/services/roadnetworkclassifications/FeatureServer/1", "SourceDate": 20250805.0, "Supplier": "TFNSW", "road_number": 7631, "road_name": "ISLAND POINT", "is_auslink": "N", "arcgisonline_objectid": 4745, "arcgisonline_type": "arcgisonline_polyline", "multi_reader_type": "ARCGISFEATURES", "SHAPE_Length": 898.23559764647143 }, "geometry": { "type": "MultiLineString", "coordinates": [ [ [ 150.598179109433204, -35.088885981201805 ], [ 150.598169535144365, -35.088936448103034 ], [ 150.598069775247524, -35.08946223976583 ], [ 150.597899549143364, -35.090359417101141 ], [ 150.597818263396931, -35.090787796825495 ], [ 150.597653470618155, -35.091656352622081 ], [ 150.597444261014971, -35.092769615659094 ], [ 150.597403429404977, -35.092986876397575 ], [ 150.597380212017327, -35.093110409129224 ], [ 150.597319893807907, -35.093431355157563 ], [ 150.597228792979763, -35.093890803990391 ], [ 150.597224032833708, -35.093915131943085 ], [ 150.59706157857002, -35.094746084132829 ], [ 150.597059096276809, -35.094759019528503 ], [ 150.596988226674057, -35.095127806515279 ], [ 150.596893817446471, -35.095619139719268 ], [ 150.596890635235383, -35.095635552579651 ], [ 150.596648698838493, -35.096882505002938 ] ] ] } },
{ "type": "Feature", "properties": { "OBJECTID": 10, "Comments": "TfNSW road classification - regional road", "FSource": "https://services6.arcgis.com/LHYr6B7cFUs40aCx/ArcGIS/rest/services/roadnetworkclassifications/FeatureServer/1", "SourceDate": 20250805.0, "Supplier": "TFNSW", "road_number": 7631, "road_name": "WOOL RD AND TASMAN", "is_auslink": "N", "arcgisonline_objectid": 4747, "arcgisonline_type": "arcgisonline_polyline", "multi_reader_type": "ARCGISFEATURES", "SHAPE_Length": 5400.4111570478608 }, "geometry": { "type": "MultiLineString", "coordinates": [ [ [ 150.543856029973142, -35.082953376815361 ], [ 150.54406013977777, -35.083066116935825 ], [ 150.544275705807451, -35.083174608655291 ], [ 150.544512676227384, -35.083300229398269 ], [ 150.544698975095116, -35.083392047369998 ], [ 150.544811034354552, -35.083447274039486 ], [ 150.545033733728587, -35.083560050208249 ], [ 150.545210342504731, -35.083643388616302 ], [ 150.545364927360595, -35.083725641582667 ], [ 150.545487697739361, -35.083799881590643 ], [ 150.545596189278825, -35.083869828071116 ], [ 150.545672249139699, -35.083927869403809 ], [ 150.545704688392135, -35.083952627467816 ], [ 150.545823174878478, -35.084049698828295 ], [ 150.545987771583299, -35.084198070405741 ], [ 150.546194013974059, -35.084392821664359 ], [ 150.546785510241193, -35.085010825948082 ], [ 150.547654990701403, -35.085970805133371 ], [ 150.548023464034628, -35.086319306874131 ], [ 150.548158901029211, -35.086438806297785 ], [ 150.548333106439401, -35.086608403634152 ], [ 150.548524819855004, -35.08681463821619 ], [ 150.548774619142165, -35.087084767512877 ], [ 150.549059270327291, -35.087378141005061 ], [ 150.549221929770852, -35.087537896869264 ], [ 150.549419451657599, -35.087709270433223 ], [ 150.549553059250883, -35.087828366284384 ], [ 150.549681612121248, -35.087910682527777 ], [ 150.549851442365167, -35.088012479656861 ], [ 150.549856238849742, -35.088015354897216 ], [ 150.550002199554484, -35.08809813633755 ], [ 150.550132903726393, -35.088159127654102 ], [ 150.550348576957191, -35.088237553165655 ], [ 150.550544637248407, -35.088294197702375 ], [ 150.550967270011284, -35.088383514513929 ], [ 150.551376216639085, -35.088459304732531 ], [ 150.551590813187801, -35.088489781646565 ], [ 150.551813515558649, -35.088515678505942 ], [ 150.552010310443023, -35.088541576273791 ], [ 150.552222649666504, -35.088531213173162 ], [ 150.552611076330948, -35.088494962761601 ], [ 150.55321532466354, -35.088407506958895 ], [ 150.553215364309722, -35.088407501449204 ], [ 150.554364976737304, -35.088259228290752 ], [ 150.554686264756327, -35.088216532982095 ], [ 150.554937031451402, -35.088205292615825 ], [ 150.555373077080816, -35.088209953511509 ], [ 150.555455312050526, -35.088220074253343 ], [ 150.556656384803063, -35.088367898995131 ], [ 150.557132041611851, -35.088429346709731 ], [ 150.557199568032928, -35.088438068210991 ], [ 150.557408455167604, -35.088474175527175 ], [ 150.559500925359202, -35.088958885097796 ], [ 150.560872791134329, -35.089315704468035 ], [ 150.561027294365687, -35.089358042521788 ], [ 150.56130344756437, -35.089423138163468 ], [ 150.561459430038553, -35.089463547487767 ], [ 150.561505208617632, -35.089368502793079 ], [ 150.561557745862615, -35.089290739683847 ], [ 150.561620798527258, -35.089208773718049 ], [ 150.561734283968292, -35.089120505338961 ], [ 150.561892040744368, -35.089001733563258 ], [ 150.562202534894055, -35.088809698255993 ], [ 150.562854188438223, -35.088471091788549 ], [ 150.563618718591812, -35.088068689868599 ], [ 150.564388311713117, -35.087682459395197 ], [ 150.565056710345715, -35.087411746466522 ], [ 150.565177607882617, -35.087368648495222 ], [ 150.566585329827063, -35.08686675466496 ], [ 150.567552954031299, -35.086551042912816 ], [ 150.567847117260044, -35.086474965838221 ], [ 150.568064215035321, -35.086429339600066 ], [ 150.568292663903037, -35.086381329215058 ], [ 150.569416243857262, -35.086132425444291 ], [ 150.569634283515512, -35.086078544398767 ], [ 150.570490683300534, -35.085779781846554 ], [ 150.571511994864323, -35.085274313071203 ], [ 150.571736632187879, -35.08516313319268 ], [ 150.5718801007134, -35.085185479989157 ], [ 150.574126968080748, -35.085535532036864 ], [ 150.574127119974833, -35.085535550401985 ], [ 150.574127362385411, -35.085535585903692 ], [ 150.574172190566088, -35.085542568922733 ], [ 150.577235237031516, -35.085928190673286 ], [ 150.578724619759726, -35.086114973095519 ], [ 150.579731293034428, -35.086241212969782 ], [ 150.579864595409816, -35.086266410503967 ], [ 150.58094376955026, -35.086470376597916 ], [ 150.581837675450629, -35.086646284684271 ], [ 150.583173290991425, -35.086939532891215 ], [ 150.583516646427199, -35.087006871018829 ], [ 150.584117700454584, -35.087138784897185 ], [ 150.584711205097392, -35.087178996973286 ], [ 150.585675110530531, -35.087177078522167 ], [ 150.586743384212355, -35.087218573344366 ], [ 150.58706215160791, -35.08723909226557 ], [ 150.587520597593453, -35.087289352619607 ], [ 150.587863379467592, -35.087393469115931 ], [ 150.588227514159684, -35.08751805982174 ], [ 150.589500695491722, -35.087710471799944 ], [ 150.590643440610762, -35.087884417147031 ], [ 150.590677494324979, -35.087889348135349 ], [ 150.5915832782417, -35.088020571686734 ], [ 150.591799829994443, -35.088053093374612 ], [ 150.592767419117791, -35.088198336074008 ], [ 150.595222063056553, -35.088512765333029 ], [ 150.595333664626594, -35.088527062953574 ], [ 150.596854851135731, -35.088721912869453 ], [ 150.598178642987847, -35.088885917869874 ], [ 150.598178885659451, -35.088885945215807 ], [ 150.598179109433204, -35.088885981201805 ] ] ] } },
{ "type": "Feature", "properties": { "OBJECTID": 11, "Comments": "TfNSW road classification - regional road", "FSource": "https://services6.arcgis.com/LHYr6B7cFUs40aCx/ArcGIS/rest/services/roadnetworkclassifications/FeatureServer/1", "SourceDate": 20250805.0, "Supplier": "TFNSW", "road_number": 7634, "road_name": "NAVAL COLLEGE", "is_auslink": "N", "arcgisonline_objectid": 4750, "arcgisonline_type": "arcgisonline_polyline", "multi_reader_type": "ARCGISFEATURES", "SHAPE_Length": 6041.2963985131373 }, "geometry": { "type": "MultiLineString", "coordinates": [ [ [ 150.629173943268086, -35.036556597331739 ], [ 150.62901275201412, -35.037364835181371 ], [ 150.628877405526907, -35.038116303795263 ], [ 150.628852664913182, -35.038429684189857 ], [ 150.628886074370172, -35.038730865172866 ], [ 150.629154876020635, -35.040467151975101 ], [ 150.629248711050849, -35.041050375309304 ], [ 150.62932009196561, -35.041714238957042 ], [ 150.629407670491787, -35.042481994805492 ], [ 150.629448572163312, -35.042934925398512 ], [ 150.629462825007096, -35.043149048702269 ], [ 150.629484328602132, -35.043284673766479 ], [ 150.629505699538271, -35.043413171893199 ], [ 150.629519951769424, -35.043527427313094 ], [ 150.629548573703573, -35.043655925646384 ], [ 150.629577080369245, -35.043762928806103 ], [ 150.629621730430244, -35.043884058993285 ], [ 150.629627072767562, -35.043898554535396 ], [ 150.629676947858627, -35.044019925667946 ], [ 150.629726948348775, -35.04416267765783 ], [ 150.629762696763862, -35.044291176415648 ], [ 150.629784076200821, -35.044384052060288 ], [ 150.629784075877041, -35.044483928919384 ], [ 150.629791202966715, -35.044605300982461 ], [ 150.629769815169425, -35.044740925964227 ], [ 150.629712705756248, -35.044912173913126 ], [ 150.629560622190382, -35.045216465203644 ], [ 150.629555701240719, -35.045226298725446 ], [ 150.629398570712397, -35.045640300377137 ], [ 150.629226543954445, -35.046137792464719 ], [ 150.629198701741188, -35.046305678291745 ], [ 150.629193573644301, -35.046444045980593 ], [ 150.629198701100165, -35.04664892648654 ], [ 150.629198701251113, -35.046807679365862 ], [ 150.629214074081688, -35.046961429448274 ], [ 150.6292448306842, -35.047099672090603 ], [ 150.62928070387494, -35.047263676972257 ], [ 150.629285822393911, -35.047289672738735 ], [ 150.629311325119545, -35.047417301475214 ], [ 150.629326688435413, -35.047540296724883 ], [ 150.629336953297098, -35.047668301835309 ], [ 150.629342070652172, -35.047847680365571 ], [ 150.629342070347946, -35.047996178068232 ], [ 150.629343433756929, -35.048041195397296 ], [ 150.629346131820114, -35.048130404645441 ], [ 150.629346572120227, -35.048144674543259 ], [ 150.629341891882405, -35.048219507093144 ], [ 150.629336953198646, -35.048298425469454 ], [ 150.629336953717797, -35.048411174400769 ], [ 150.629357453322513, -35.048513677728529 ], [ 150.629372827407593, -35.048651928782277 ], [ 150.62942407282128, -35.048769805632475 ], [ 150.629434166053613, -35.048795003487541 ], [ 150.629465074378544, -35.048872173391921 ], [ 150.629521449637622, -35.048974676725116 ], [ 150.629598324480213, -35.04910279947066 ], [ 150.629741702168815, -35.049302552348948 ], [ 150.629823696096537, -35.04945630291477 ], [ 150.629905573716457, -35.049640673260051 ], [ 150.629941447163333, -35.049758549616868 ], [ 150.629962798943382, -35.049952019921179 ], [ 150.62998356975254, -35.050150536120888 ], [ 150.629987576151507, -35.050550552493448 ], [ 150.629992703486522, -35.050774418794852 ], [ 150.630007951302019, -35.050932176943356 ], [ 150.630028327261954, -35.051044046733033 ], [ 150.630079196312408, -35.051140812502069 ], [ 150.630124949118141, -35.051257801936089 ], [ 150.630170701159329, -35.051334049314463 ], [ 150.630247073599179, -35.051446054351828 ], [ 150.630374201483107, -35.051542677861157 ], [ 150.630516703025705, -35.051639424992494 ], [ 150.630750707179629, -35.05174617872305 ], [ 150.631137448937835, -35.051868303321633 ], [ 150.631605449299627, -35.052066801932583 ], [ 150.631987072784455, -35.052209176428107 ], [ 150.632198703861263, -35.052305834795298 ], [ 150.632221076961798, -35.052316053586019 ], [ 150.632353448232976, -35.052397429007726 ], [ 150.632465327591973, -35.052478803507313 ], [ 150.632492308789779, -35.052507076769579 ], [ 150.632572196687079, -35.052590799550785 ], [ 150.632602271724807, -35.052648187651791 ], [ 150.632617876504725, -35.052677965978376 ], [ 150.63262820298317, -35.052697678171057 ], [ 150.632694312430829, -35.05293167321674 ], [ 150.632703949116973, -35.053002309627665 ], [ 150.632724826151104, -35.053155549250022 ], [ 150.632724826815917, -35.053333554879551 ], [ 150.632704450444578, -35.053628675864196 ], [ 150.632687464619295, -35.053749950114415 ], [ 150.632668827326654, -35.053883046473224 ], [ 150.632623075318008, -35.054091675110321 ], [ 150.632541700792615, -35.054295175609148 ], [ 150.632480576043889, -35.054442803372751 ], [ 150.632297449299358, -35.054692055985569 ], [ 150.632093950529111, -35.054956671757537 ], [ 150.631951450231071, -35.055149927197313 ], [ 150.631885572539431, -35.055246845936061 ], [ 150.631864947817945, -35.055277178774688 ], [ 150.631863110608577, -35.055280854249538 ], [ 150.631806573562272, -35.055394302672013 ], [ 150.631757550136541, -35.055539141938006 ], [ 150.631734197975049, -35.055608173943391 ], [ 150.631716073880028, -35.055891050619515 ], [ 150.631821328285156, -35.05624754811862 ], [ 150.63189981724949, -35.056389052711644 ], [ 150.632023959064185, -35.056528801295642 ], [ 150.632148199893805, -35.056645172022833 ], [ 150.63231107592847, -35.056777184940628 ], [ 150.632466322728021, -35.056924552178444 ], [ 150.632582703297288, -35.057064301004786 ], [ 150.632644822328643, -35.057172917117278 ], [ 150.632699197643035, -35.057320428345946 ], [ 150.632737948458953, -35.057483313774412 ], [ 150.632792325419075, -35.057700671926732 ], [ 150.6328233224977, -35.057995551771192 ], [ 150.632867354240972, -35.058412555152067 ], [ 150.632930030344653, -35.058965102697371 ], [ 150.633003839105868, -35.059726926001368 ], [ 150.633028947044039, -35.059890428397587 ], [ 150.633092447753597, -35.060024673961692 ], [ 150.633198447156019, -35.060151799999851 ], [ 150.63329032691891, -35.060222427335667 ], [ 150.633389200001574, -35.060300172115348 ], [ 150.633526824408278, -35.060359674723692 ], [ 150.633650573032781, -35.060406054963998 ], [ 150.633791827155193, -35.060427300255895 ], [ 150.634047729945593, -35.060422934590285 ], [ 150.634279197417385, -35.060377800288094 ], [ 150.63456169737313, -35.060328426403125 ], [ 150.634816077823956, -35.060264799997036 ], [ 150.635147950135377, -35.060228048463387 ], [ 150.635423522276767, -35.060257763276617 ], [ 150.63569894810459, -35.060332048800518 ], [ 150.635759186592935, -35.060360051349562 ], [ 150.63589544828011, -35.060422925078754 ], [ 150.635906402168217, -35.06042839245994 ], [ 150.636085323429342, -35.060517798806501 ], [ 150.636199201848626, -35.060606427129578 ], [ 150.636294077339471, -35.06069505355461 ], [ 150.636363699966694, -35.060770924846395 ], [ 150.636477578212094, -35.060891176557845 ], [ 150.636566196534886, -35.061011427937679 ], [ 150.636673826374789, -35.061163305708931 ], [ 150.636756072584689, -35.061340423810194 ], [ 150.636888362093316, -35.061737519167529 ], [ 150.636895192714945, -35.061758046316029 ], [ 150.637014539613318, -35.062260477785934 ], [ 150.637015453519183, -35.062264297107077 ], [ 150.637078701819405, -35.06264393001188 ], [ 150.63712307462464, -35.062922423027281 ], [ 150.637198954466868, -35.063118554105436 ], [ 150.637312823736323, -35.06335267705461 ], [ 150.637420454245358, -35.063536169742413 ], [ 150.637565949137013, -35.063770298495321 ], [ 150.637692574436073, -35.063928548482885 ], [ 150.637863696828532, -35.064123049048881 ], [ 150.638587976548138, -35.064756085786506 ], [ 150.639141601032662, -35.065232055273498 ], [ 150.639369556189621, -35.065419168710406 ], [ 150.640034700413395, -35.065924173280202 ], [ 150.640666723376455, -35.066471961755624 ], [ 150.640781203641836, -35.066571175552419 ], [ 150.641278954913247, -35.066961054733902 ], [ 150.64145307239454, -35.067068801425087 ], [ 150.641643950637615, -35.067184930403627 ], [ 150.641801447288969, -35.067284547410267 ], [ 150.64197569868719, -35.067375799930744 ], [ 150.642174824992395, -35.06745042517467 ], [ 150.642415327810255, -35.067533422658954 ], [ 150.64263932844122, -35.067616303404805 ], [ 150.642929572596245, -35.067707548350562 ], [ 150.643278074645053, -35.067807173057254 ], [ 150.643659572365522, -35.067890054141948 ], [ 150.643958198193815, -35.067956422972962 ], [ 150.644281968360872, -35.068037368823639 ], [ 150.644323202699042, -35.068047677046962 ], [ 150.644638448631383, -35.068138921511604 ], [ 150.644692528862123, -35.068161869049618 ], [ 150.644912199288314, -35.068255050105151 ], [ 150.645127827497248, -35.068362921983713 ], [ 150.645162374884308, -35.068385511508836 ], [ 150.645343447178476, -35.068503925166375 ], [ 150.645542573506475, -35.068669804714339 ], [ 150.645766574846192, -35.068885423536621 ], [ 150.645982211907494, -35.069134299854312 ], [ 150.646172947009291, -35.069383175465461 ], [ 150.646372072864011, -35.069648679114103 ], [ 150.646529705878663, -35.069914058404322 ], [ 150.6466458238163, -35.070212675682583 ], [ 150.646820075945442, -35.070561060380605 ], [ 150.646952697000302, -35.07080992721346 ], [ 150.647120198133678, -35.071082673957235 ], [ 150.647248454203236, -35.071266677692805 ], [ 150.647344700256525, -35.071395051244302 ], [ 150.647441071301017, -35.071504303294638 ], [ 150.647595073518403, -35.071658295982687 ], [ 150.647762073824538, -35.071799551381531 ], [ 150.6479033265108, -35.071908678768715 ], [ 150.648089445760974, -35.072043549970637 ], [ 150.648256454198417, -35.072139922313795 ], [ 150.64842770158802, -35.072239180249056 ], [ 150.648840699273109, -35.072428804150888 ], [ 150.649014070423902, -35.072518676664629 ], [ 150.64920803429743, -35.072623160927925 ], [ 150.649264453587506, -35.072653549347471 ], [ 150.649579072048709, -35.072846176848074 ], [ 150.650028453453189, -35.073128676155847 ], [ 150.650599952640789, -35.073449676351871 ], [ 150.650888815992857, -35.073597304618637 ], [ 150.651087950044797, -35.073700049845783 ], [ 150.651347700455119, -35.073801297289492 ], [ 150.65153387205558, -35.073861857683397 ], [ 150.651569450957624, -35.073873430487211 ], [ 150.651896825609811, -35.073963303166458 ], [ 150.65216657867694, -35.074033930267994 ], [ 150.652410577316118, -35.074110921815212 ], [ 150.652624458872339, -35.074190432529299 ], [ 150.652635196265152, -35.074194412229552 ], [ 150.65279575071159, -35.074277912056054 ], [ 150.652962695309583, -35.074387048024825 ], [ 150.653110333047465, -35.074489803442191 ], [ 150.653277322602577, -35.074631047667189 ], [ 150.653418577110244, -35.074785174953824 ], [ 150.653559822603938, -35.074939175702056 ], [ 150.653688203733424, -35.07509980192345 ], [ 150.653823075655282, -35.075298801397345 ], [ 150.653938576323839, -35.07546567498008 ], [ 150.654046324500996, -35.075650055592895 ], [ 150.654141827718433, -35.075850175964007 ], [ 150.654228570866337, -35.076029043055449 ], [ 150.654335824840786, -35.076212921655078 ], [ 150.654397667210674, -35.07631249357086 ], [ 150.654427831871828, -35.076361051944481 ], [ 150.654545322112028, -35.076509046041885 ], [ 150.654667824045731, -35.076647046801135 ], [ 150.654863203518943, -35.076870179176694 ], [ 150.654975333708109, -35.076982828740924 ], [ 150.655128044187734, -35.077126861993911 ], [ 150.655353639952267, -35.077270895036811 ], [ 150.655582715658511, -35.077397583003091 ], [ 150.655802484500072, -35.077514527714158 ], [ 150.655952343503088, -35.07759194084975 ], [ 150.656259504360435, -35.077748129288537 ], [ 150.65655451694019, -35.077900838591127 ], [ 150.656851271450137, -35.078057018189561 ], [ 150.657032700288511, -35.078184423983515 ], [ 150.657172950393146, -35.078278922161715 ], [ 150.657270649631045, -35.078363478451536 ], [ 150.657471721457227, -35.078493133826221 ], [ 150.657586211143439, -35.078533331874802 ], [ 150.65761249932109, -35.078542561668577 ] ] ] } },
{ "type": "Feature", "properties": { "OBJECTID": 12, "Comments": "TfNSW road classification - regional road", "FSource": "https://services6.arcgis.com/LHYr6B7cFUs40aCx/ArcGIS/rest/services/roadnetworkclassifications/FeatureServer/1", "SourceDate": 20250805.0, "Supplier": "TFNSW", "road_number": 7633, "road_name": "SUSSEX INLET", "is_auslink": "N", "arcgisonline_objectid": 4753, "arcgisonline_type": "arcgisonline_polyline", "multi_reader_type": "ARCGISFEATURES", "SHAPE_Length": 12766.579500302347 }, "geometry": { "type": "MultiLineString", "coordinates": [ [ [ 150.490636647498718, -35.11012570036435 ], [ 150.491008222927093, -35.110535757880086 ], [ 150.491153888717918, -35.110682525985204 ], [ 150.491200402125401, -35.110729389260435 ], [ 150.491598769526433, -35.111130752058202 ], [ 150.491717353984626, -35.111231318345283 ], [ 150.491847206227391, -35.111328622040723 ], [ 150.491983711469175, -35.111418467857213 ], [ 150.492125107558479, -35.111501833406564 ], [ 150.492269633767563, -35.111579685520176 ], [ 150.492581293606861, -35.111729859015988 ], [ 150.492750811977714, -35.111800324965934 ], [ 150.493097762249846, -35.111921249453687 ], [ 150.493273546415821, -35.111971241185799 ], [ 150.493453005279491, -35.112014733641452 ], [ 150.493634919732614, -35.112051306754445 ], [ 150.493818412691496, -35.112080762983602 ], [ 150.494002603798975, -35.112102939881005 ], [ 150.494186679569793, -35.112117676387179 ], [ 150.494331313464272, -35.112124032030216 ], [ 150.494621818127115, -35.112123189183052 ], [ 150.494766845772062, -35.112116009311237 ], [ 150.496704554510814, -35.112012717673508 ], [ 150.497149310730236, -35.112033639006818 ], [ 150.497426871092586, -35.112054435856962 ], [ 150.497764723801481, -35.112139880659342 ], [ 150.498157300951647, -35.112294866313619 ], [ 150.498451589423524, -35.112443095914621 ], [ 150.49888181583816, -35.112672850917797 ], [ 150.499054631679059, -35.112764131783628 ], [ 150.499160289013417, -35.112819932928474 ], [ 150.499283374317883, -35.112884939507836 ], [ 150.4996831151972, -35.113096086052273 ], [ 150.500023683550353, -35.113247782981574 ], [ 150.500363040919922, -35.113443745081746 ], [ 150.500383837789656, -35.113455756718409 ], [ 150.500561413781696, -35.113569294579193 ], [ 150.500708692595992, -35.113687959206807 ], [ 150.500709948978738, -35.113689458070745 ], [ 150.500825608914425, -35.113827313534657 ], [ 150.500950074196993, -35.114051269887725 ], [ 150.501077389612391, -35.114346202587029 ], [ 150.501142701367371, -35.114533889870017 ], [ 150.501181927508526, -35.114788629540875 ], [ 150.501193850354667, -35.114939878405295 ], [ 150.501182599083251, -35.115229162814231 ], [ 150.501198591582579, -35.115479787740604 ], [ 150.501208433871568, -35.115721116407151 ], [ 150.501222301866278, -35.115919694635295 ], [ 150.501253074406009, -35.116108332565254 ], [ 150.501315132264892, -35.11635769278827 ], [ 150.501412140929432, -35.116615567656261 ], [ 150.501548285826345, -35.116843934365306 ], [ 150.50222713629816, -35.117695915882123 ], [ 150.503346997085771, -35.119101387192892 ], [ 150.50361809611536, -35.119436058293076 ], [ 150.503966301772238, -35.11986594333937 ], [ 150.504303696961301, -35.120221401307369 ], [ 150.504661797436398, -35.120519452443176 ], [ 150.504993197162435, -35.120728224379761 ], [ 150.505529080567186, -35.121002404826854 ], [ 150.506139044149535, -35.121255611888778 ], [ 150.506743073649091, -35.12150421908256 ], [ 150.507463804685642, -35.121766432243888 ], [ 150.507466268983308, -35.121767328496951 ], [ 150.509046914347465, -35.122342403882392 ], [ 150.509062278566915, -35.12234799682949 ], [ 150.511027300537791, -35.123062910642624 ], [ 150.513082319287605, -35.123825655620593 ], [ 150.51412329680926, -35.124189853839837 ], [ 150.514269679267812, -35.124241064857706 ], [ 150.515416341847299, -35.124642238863501 ], [ 150.516155816314239, -35.124887636788159 ], [ 150.516162521748839, -35.124889859309988 ], [ 150.516193779424896, -35.12490023036932 ], [ 150.516586051437201, -35.125045689313595 ], [ 150.516798049789088, -35.125153525903222 ], [ 150.516970310743318, -35.125276673375673 ], [ 150.517168710463892, -35.125474875493403 ], [ 150.517435318197954, -35.125789627542062 ], [ 150.517471145410809, -35.125835980852614 ], [ 150.517533768594717, -35.125917024354507 ], [ 150.51759972596858, -35.126002343163513 ], [ 150.517879814816325, -35.126364739284021 ], [ 150.518237852587077, -35.126778776082006 ], [ 150.5199681796866, -35.128779724789212 ], [ 150.522628805728175, -35.13122620118736 ], [ 150.524243925827449, -35.132736532686145 ], [ 150.524601723565013, -35.133071122743132 ], [ 150.524847362833327, -35.133283273431275 ], [ 150.524984350808865, -35.133401579471538 ], [ 150.525377152614709, -35.133698601252654 ], [ 150.525844247171847, -35.13397936219814 ], [ 150.526237363047699, -35.134143725744678 ], [ 150.526628927447973, -35.134270243727556 ], [ 150.527618424582698, -35.134493859705238 ], [ 150.529283690756074, -35.134883451136247 ], [ 150.529701930896863, -35.134957108564969 ], [ 150.530020081368605, -35.134981445658426 ], [ 150.530302321270852, -35.134973593050127 ], [ 150.53079651459106, -35.134931453329223 ], [ 150.531615902936267, -35.134804469610735 ], [ 150.532445635797785, -35.134668755065121 ], [ 150.532767245449548, -35.134616154423021 ], [ 150.533334216694698, -35.134509258884563 ], [ 150.533356618689282, -35.134505036647369 ], [ 150.533717749686048, -35.134452355814766 ], [ 150.534210571613102, -35.134377066918844 ], [ 150.534594733539734, -35.134323757970222 ], [ 150.534623005271499, -35.134319563029997 ], [ 150.534869854010992, -35.134282935495854 ], [ 150.535009109485515, -35.134274823518801 ], [ 150.535180500524802, -35.134264837724771 ], [ 150.535423012118741, -35.134272285955369 ], [ 150.535689314558624, -35.134298049152875 ], [ 150.536072407603797, -35.134358458390572 ], [ 150.536510253789686, -35.134488390420444 ], [ 150.536873617020177, -35.134629868051064 ], [ 150.5372399037214, -35.134842324902372 ], [ 150.537885883676637, -35.135264896368028 ], [ 150.538532868116334, -35.135711140522247 ], [ 150.539126246691211, -35.136116231220576 ], [ 150.539867344820891, -35.136607206343619 ], [ 150.540371792521029, -35.13695318009438 ], [ 150.540864534418063, -35.137294744067404 ], [ 150.541390468462339, -35.137602226645555 ], [ 150.541937306399547, -35.137857008424106 ], [ 150.542254407560335, -35.13799503710662 ], [ 150.542698824249101, -35.138143713400623 ], [ 150.543090236183474, -35.138265444167089 ], [ 150.543659627878839, -35.138368000487183 ], [ 150.544059421869122, -35.138413708305194 ], [ 150.544487047292705, -35.138434936130949 ], [ 150.545811037675236, -35.138516444893739 ], [ 150.546470624659889, -35.138569099098021 ], [ 150.546875411592396, -35.138595713404811 ], [ 150.547130229907282, -35.138621761809318 ], [ 150.547356445882713, -35.138653342236161 ], [ 150.54771729968283, -35.138733282203873 ], [ 150.548195115899006, -35.138852576065737 ], [ 150.548381296780434, -35.138912733848329 ], [ 150.54893743220228, -35.139092406788905 ], [ 150.549595584309145, -35.139305803615521 ], [ 150.549728350098832, -35.139348848257633 ], [ 150.55103591711071, -35.139772809330182 ], [ 150.551457653052864, -35.139901334813622 ], [ 150.55318393826181, -35.140427422065187 ], [ 150.553442288203826, -35.140506152246701 ], [ 150.554534369307248, -35.140835642516542 ], [ 150.554819962422982, -35.140908196031432 ], [ 150.555224757081277, -35.140934764795645 ], [ 150.555675457733969, -35.140955328430131 ], [ 150.556242312915373, -35.140996320809023 ], [ 150.556977610543299, -35.141065755132082 ], [ 150.55749479501992, -35.141160235619957 ], [ 150.557909083617176, -35.141276552644499 ], [ 150.558220672501989, -35.14141941134789 ], [ 150.558592991280705, -35.141636375336311 ], [ 150.559019325991756, -35.141903941498597 ], [ 150.560493337438118, -35.142819584799113 ], [ 150.562756354961493, -35.144262606388715 ], [ 150.564734223583599, -35.145492750584594 ], [ 150.564869909471497, -35.145577147302994 ], [ 150.565243251663532, -35.145817749729744 ], [ 150.565859470820669, -35.146212603570767 ], [ 150.56611086658296, -35.146432938756341 ], [ 150.566356703112405, -35.14665815933823 ], [ 150.566433667790989, -35.146730246838878 ], [ 150.566572744024342, -35.14686052943393 ], [ 150.566766141628221, -35.147073019960544 ], [ 150.567459667443757, -35.147939416018957 ], [ 150.567902084018527, -35.148588408114989 ], [ 150.568258186600758, -35.149110783626575 ], [ 150.568807723865035, -35.149981204866918 ], [ 150.569745418839346, -35.151447093155966 ], [ 150.570518024285747, -35.152665280442406 ], [ 150.570996727557002, -35.153420065105067 ], [ 150.571368938874173, -35.154006945254167 ], [ 150.572242407138106, -35.155362515186866 ], [ 150.572996942337653, -35.15653349687269 ], [ 150.573325525631077, -35.157068629153983 ], [ 150.573381074221771, -35.157159084718735 ], [ 150.573411544064584, -35.157208718693738 ], [ 150.573439797590709, -35.157247388127388 ], [ 150.573723517334372, -35.157635788854108 ], [ 150.573977126421767, -35.157908141051564 ], [ 150.574305655851447, -35.158178405896436 ], [ 150.574701917363313, -35.158413592813162 ], [ 150.575243027771563, -35.158663662152762 ], [ 150.575727745884535, -35.158806350188527 ], [ 150.57620176034979, -35.158830911032432 ], [ 150.576627542337604, -35.158804735831104 ], [ 150.579185565276674, -35.158735256444899 ], [ 150.581438599522045, -35.158674059866598 ], [ 150.583780348916235, -35.158622848820073 ], [ 150.584325001207191, -35.158610939168433 ], [ 150.584352241929992, -35.158610344098598 ], [ 150.585939529810332, -35.158575626643312 ], [ 150.5861586448747, -35.158572776143131 ], [ 150.58617105211917, -35.158572615127099 ], [ 150.586402492965334, -35.158569611459171 ], [ 150.586655097245625, -35.158566330537113 ], [ 150.586873477714818, -35.158563488437849 ], [ 150.586972763887644, -35.158549989219715 ], [ 150.587137323207287, -35.158527624098639 ], [ 150.587689621825859, -35.158425282124249 ], [ 150.589942027916067, -35.15800791006091 ], [ 150.59071885541789, -35.157873702533465 ], [ 150.592150456211215, -35.157626367744854 ], [ 150.592433197816092, -35.157577522415608 ], [ 150.594238956234875, -35.157298841794152 ], [ 150.594492986231728, -35.157256308233464 ], [ 150.594548104522374, -35.157247030203287 ], [ 150.595565436691828, -35.157075038247704 ], [ 150.595678723881463, -35.157059924893119 ], [ 150.596026356267231, -35.157016458432132 ], [ 150.596323162855384, -35.156994479564858 ], [ 150.596669954956241, -35.156974587346696 ], [ 150.596670642147217, -35.156974547800367 ], [ 150.596705735977423, -35.156972534570841 ], [ 150.5990245928989, -35.156847352179433 ], [ 150.599024734730108, -35.156847344174302 ], [ 150.599204128303484, -35.156837660601234 ], [ 150.599225017745084, -35.156836533289585 ], [ 150.599297079253489, -35.156832643445831 ], [ 150.59937778244182, -35.156828493990595 ], [ 150.599379027967984, -35.156828429439983 ], [ 150.599516866162844, -35.15682134886017 ], [ 150.599517762073958, -35.156821303519358 ], [ 150.600757526528014, -35.156746114521724 ], [ 150.600981113993697, -35.156736172631433 ], [ 150.601313767251185, -35.156717455387778 ], [ 150.601394515962625, -35.156712534741459 ], [ 150.601492214249191, -35.156706574162136 ], [ 150.601565351420078, -35.15670211832402 ], [ 150.601636139401222, -35.156700137274527 ], [ 150.601731874254057, -35.15669745676005 ], [ 150.60179791316844, -35.156695610524608 ], [ 150.602036282219785, -35.156696103478794 ], [ 150.602547667582769, -35.156696336154084 ], [ 150.602776635584803, -35.156697009307216 ], [ 150.603401729372337, -35.156695547386647 ], [ 150.603699754742053, -35.156696435312796 ], [ 150.603826029695227, -35.156697555869528 ], [ 150.603866915130993, -35.156697053316506 ], [ 150.603914352941359, -35.156692491355251 ], [ 150.603961091571193, -35.156682990000434 ], [ 150.604000971369743, -35.156672017858284 ], [ 150.60409764915417, -35.156636744058424 ] ] ] } },
{ "type": "Feature", "properties": { "OBJECTID": 13, "Comments": "TfNSW road classification - regional road", "FSource": "https://services6.arcgis.com/LHYr6B7cFUs40aCx/ArcGIS/rest/services/roadnetworkclassifications/FeatureServer/1", "SourceDate": 20250805.0, "Supplier": "TFNSW", "road_number": 7631, "road_name": "MERTON ST & LORALYN", "is_auslink": "N", "arcgisonline_objectid": 4768, "arcgisonline_type": "arcgisonline_polyline", "multi_reader_type": "ARCGISFEATURES", "SHAPE_Length": 1923.235631934361 }, "geometry": { "type": "MultiLineString", "coordinates": [ [ [ 150.596648698838493, -35.096882505002938 ], [ 150.597112987289933, -35.097097749016761 ], [ 150.597967532391806, -35.097501961610043 ], [ 150.59865277415409, -35.097826090168965 ], [ 150.598760208104295, -35.097876906943739 ], [ 150.599589627202676, -35.098282177199522 ], [ 150.600011847471791, -35.098254119594969 ], [ 150.600784338402264, -35.098225606011589 ], [ 150.602149302114213, -35.098175210053256 ], [ 150.60232875168154, -35.098167429542066 ], [ 150.602643736413341, -35.098160204631803 ], [ 150.604998303946246, -35.098081904229403 ], [ 150.606366226745195, -35.098263595656007 ], [ 150.609070560871004, -35.098598238298216 ], [ 150.609072845765013, -35.098598346483875 ], [ 150.609985137258946, -35.098639686856437 ], [ 150.610817585254409, -35.098679245121467 ], [ 150.610957477481094, -35.098713201036318 ], [ 150.612325524455315, -35.099443738149027 ], [ 150.612384677074033, -35.099481512974528 ], [ 150.612458199592481, -35.099541821694807 ], [ 150.612480521211978, -35.09956012667714 ], [ 150.612596075006167, -35.09966958542865 ], [ 150.612974956122059, -35.100052070485688 ], [ 150.613703860886886, -35.101108735546397 ], [ 150.613783586455924, -35.101688731452455 ], [ 150.613779983452901, -35.101755118986816 ], [ 150.613746368319596, -35.101884281058517 ], [ 150.613678869474768, -35.102077884816097 ], [ 150.613470412906821, -35.1027342453133 ], [ 150.613437344707023, -35.102847289982101 ] ] ] } },
{ "type": "Feature", "properties": { "OBJECTID": 14, "Comments": "TfNSW road classification - regional road", "FSource": "https://services6.arcgis.com/LHYr6B7cFUs40aCx/ArcGIS/rest/services/roadnetworkclassifications/FeatureServer/1", "SourceDate": 20250805.0, "Supplier": "TFNSW", "road_number": 312, "road_name": "JERVIS BAY ROAD", "is_auslink": "N", "arcgisonline_objectid": 5147, "arcgisonline_type": "arcgisonline_polyline", "multi_reader_type": "ARCGISFEATURES", "SHAPE_Length": 7494.5449211354417 }, "geometry": { "type": "MultiLineString", "coordinates": [ [ [ 150.629173943268086, -35.036556597331739 ], [ 150.629234942084537, -35.036260687579507 ], [ 150.629415638801106, -35.035370322223208 ], [ 150.62947721236668, -35.035071445030653 ], [ 150.629477266471525, -35.035071203591777 ], [ 150.629477293640008, -35.035071059887031 ], [ 150.629491195533234, -35.035003614716672 ], [ 150.629517003449109, -35.034871871164015 ], [ 150.629573314101094, -35.034584378497115 ], [ 150.629592990659432, -35.03447915092088 ], [ 150.629621442225044, -35.034321329780596 ], [ 150.629643349560638, -35.034164604019146 ], [ 150.629654224431903, -35.034058713087738 ], [ 150.629661817222768, -35.03395291936841 ], [ 150.629667220507486, -35.0338471901281 ], [ 150.629669301023313, -35.033740653127623 ], [ 150.629669194295559, -35.033634178848267 ], [ 150.629666924587156, -35.033528672844355 ], [ 150.629654653852157, -35.033316073675387 ], [ 150.629639181664146, -35.033157689681204 ], [ 150.629627063912324, -35.033052469872089 ], [ 150.629601730326755, -35.032894381725477 ], [ 150.629581929288008, -35.032789368720856 ], [ 150.629546781135645, -35.032632462576352 ], [ 150.629519118399031, -35.03252317435787 ], [ 150.629462376758056, -35.032322667313757 ], [ 150.629395549247988, -35.032117033835753 ], [ 150.629337589908687, -35.031965291614043 ], [ 150.629274196099317, -35.031815512918584 ], [ 150.629229394338353, -35.031715735504299 ], [ 150.629181337690881, -35.031616942860531 ], [ 150.629132223721513, -35.03151909230364 ], [ 150.629053664550611, -35.031373373856191 ], [ 150.628994502003849, -35.03127127377342 ], [ 150.628941380699189, -35.031182556964289 ], [ 150.628881431017788, -35.031087718139823 ], [ 150.628820492823081, -35.030995613062515 ], [ 150.628756230730119, -35.030902710970828 ], [ 150.628657195825951, -35.030765678799177 ], [ 150.628588666496967, -35.030675580609 ], [ 150.62844629119985, -35.030499197060081 ], [ 150.628371326328022, -35.030412909647666 ], [ 150.628293133996067, -35.03032760929365 ], [ 150.628214968020359, -35.030243222600184 ], [ 150.628133591216539, -35.030160726559373 ], [ 150.628051168364351, -35.030079163767802 ], [ 150.627966584160987, -35.029998559286746 ], [ 150.62783547746551, -35.029881398727127 ], [ 150.627745639865282, -35.029806361617524 ], [ 150.627649123967444, -35.029728814821773 ], [ 150.627558426906347, -35.029659218290703 ], [ 150.627462216984526, -35.029588878311294 ], [ 150.627364940233321, -35.029519470245766 ], [ 150.627265493092409, -35.029451030196071 ], [ 150.627165060855191, -35.029384409801288 ], [ 150.627013901620558, -35.029285860036552 ], [ 150.626603619177786, -35.029025976244803 ], [ 150.626244127435825, -35.028799833036572 ], [ 150.625883589324218, -35.028574621169426 ], [ 150.625728126256917, -35.028477998593665 ], [ 150.625467983228248, -35.028318494057039 ], [ 150.625314715901027, -35.028221808483437 ], [ 150.625146471244733, -35.02811670627279 ], [ 150.624954185299146, -35.027996588672806 ], [ 150.624697214559689, -35.027834286981275 ], [ 150.624489949089536, -35.027705753020662 ], [ 150.624024701792479, -35.027415167180315 ], [ 150.623922108836069, -35.027351093589061 ], [ 150.623715972199534, -35.027223436859245 ], [ 150.623407207492022, -35.027029222429462 ], [ 150.623251790314924, -35.026933487426234 ], [ 150.623149234267828, -35.026868748636375 ], [ 150.622937459865881, -35.026737633868763 ], [ 150.622634423387751, -35.026548654672403 ], [ 150.622531867200706, -35.026483916274685 ], [ 150.622325740600417, -35.026356252039299 ], [ 150.622120634483679, -35.02622674953458 ], [ 150.621606846589629, -35.025904835092632 ], [ 150.619856180785121, -35.024813309178434 ], [ 150.61913172148283, -35.024359328495592 ], [ 150.61858933788335, -35.02402145758893 ], [ 150.618570719240523, -35.024009858775962 ], [ 150.618288210813148, -35.023835948969065 ], [ 150.618157436749982, -35.023755452245652 ], [ 150.617922166565251, -35.023611956417561 ], [ 150.617897363693146, -35.023596824876606 ], [ 150.617484079615934, -35.023342427806796 ], [ 150.617407087642789, -35.02329446074296 ], [ 150.617381566531606, -35.023278558655285 ], [ 150.61679733072404, -35.022908328822879 ], [ 150.616793180289818, -35.022905702415848 ], [ 150.616664807503668, -35.022824354347108 ], [ 150.616563318338848, -35.022758666542011 ], [ 150.616460769984798, -35.022693910696447 ], [ 150.616249649126843, -35.022562086176514 ], [ 150.615997770697192, -35.022404813058245 ], [ 150.61589522321762, -35.022340057667421 ], [ 150.615791627525084, -35.022276233542762 ], [ 150.61548296995224, -35.022083803686677 ], [ 150.615120413653699, -35.021861327376001 ], [ 150.615017863157618, -35.02179657210754 ], [ 150.614755578206342, -35.021637102312575 ], [ 150.614655343663799, -35.021574990332908 ], [ 150.614551773397409, -35.021512054531854 ], [ 150.614397431701917, -35.021415396643484 ], [ 150.614138435980266, -35.021255836995337 ], [ 150.61362573121076, -35.020932057623789 ], [ 150.613524277716664, -35.020867266821547 ], [ 150.613266311914742, -35.020705870400761 ], [ 150.613113027412822, -35.020608270760185 ], [ 150.612548529660472, -35.020252570707335 ], [ 150.611931145108429, -35.01986497671529 ], [ 150.611775745261014, -35.019769233189336 ], [ 150.61146711555989, -35.019576793965484 ], [ 150.61110770486826, -35.019350606115125 ], [ 150.610469998662666, -35.018954899798835 ], [ 150.610384662077365, -35.018901949262279 ], [ 150.608890008510002, -35.017970825015624 ], [ 150.608372049867825, -35.017651681201507 ], [ 150.608017902988792, -35.017419917099232 ], [ 150.607922739125627, -35.017347721202512 ], [ 150.607831764314199, -35.017270908478018 ], [ 150.607747216429857, -35.017190295631032 ], [ 150.607628846819892, -35.017061922821391 ], [ 150.60755929651458, -35.016972757704195 ], [ 150.607497220188719, -35.01687886841534 ], [ 150.607440540594183, -35.016783025681953 ], [ 150.607391436924729, -35.01668426104456 ], [ 150.60734986973236, -35.01658257373375 ], [ 150.607314884054119, -35.01648068899776 ], [ 150.607288538465951, -35.016375873621627 ], [ 150.607265527117647, -35.016271855102765 ], [ 150.607225995713378, -35.016061829443721 ], [ 150.607198521220795, -35.015903794163414 ], [ 150.607188662205971, -35.015851740752446 ], [ 150.607108461046806, -35.015378478302914 ], [ 150.607067907673752, -35.015147260470989 ], [ 150.607016176572131, -35.014852328793204 ], [ 150.606944742254456, -35.014431156689994 ], [ 150.606857943999586, -35.013904844824239 ], [ 150.606775566198024, -35.013379305210705 ], [ 150.606735982460179, -35.013116041037023 ], [ 150.606727213071508, -35.013063951384915 ], [ 150.606723073068792, -35.013036898583074 ], [ 150.606703029921704, -35.012905827653533 ], [ 150.606641465621095, -35.012484376783632 ], [ 150.606627176374332, -35.012379201443913 ], [ 150.606569376798006, -35.011983675396948 ], [ 150.606496382566888, -35.011484175777845 ], [ 150.606452422957091, -35.011192720864315 ], [ 150.60642495745725, -35.011010671244058 ], [ 150.606400772810133, -35.010852556417689 ], [ 150.606383086979179, -35.010744764656863 ], [ 150.606367776081953, -35.010641427048903 ], [ 150.606350207262068, -35.010536351921864 ], [ 150.6062831728714, -35.010115053398792 ], [ 150.606209015510217, -35.009669606279218 ], [ 150.606121688331143, -35.009145061010159 ], [ 150.605915067863776, -35.007903917266916 ], [ 150.605829345611937, -35.007376665640649 ], [ 150.605794171825266, -35.007165617512975 ], [ 150.605786497945985, -35.007113491702142 ], [ 150.605727130246891, -35.006744309447498 ], [ 150.605683188605582, -35.006481172468376 ], [ 150.605649144308302, -35.006270975934541 ], [ 150.605641487566032, -35.006218868479444 ], [ 150.605623900581662, -35.006113792863843 ], [ 150.605592015207094, -35.005902646398809 ], [ 150.605574446971161, -35.005797570242784 ], [ 150.605562426401207, -35.005715926462734 ], [ 150.605559100459459, -35.005693328524991 ], [ 150.605514933840823, -35.005424786310378 ], [ 150.605506355601932, -35.005377195962097 ], [ 150.6054986915982, -35.005325079337162 ], [ 150.605455825942443, -35.005061905798406 ], [ 150.605403125478574, -35.004746678232678 ], [ 150.605358092492992, -35.004483567344394 ], [ 150.605350418778869, -35.004431450515717 ], [ 150.60529986168595, -35.004115255552605 ], [ 150.605273543760859, -35.003958089950075 ], [ 150.605249349737051, -35.003799965630485 ], [ 150.605205444789732, -35.003537724322719 ], [ 150.605188933307005, -35.003431716101112 ], [ 150.605170269531214, -35.003326667828105 ], [ 150.605145035224268, -35.003169475803318 ], [ 150.605109897645946, -35.00295931519279 ], [ 150.605085721664381, -35.002801190286249 ], [ 150.605059339627758, -35.002643128198613 ], [ 150.605035164063707, -35.002484994272599 ], [ 150.604980841899192, -35.002155326234309 ], [ 150.60495717679683, -35.002011669193529 ], [ 150.604924234890859, -35.001801455403537 ], [ 150.604829744772786, -35.001222113107438 ], [ 150.604724301844016, -35.000590754070814 ], [ 150.604688069489896, -35.000380628488003 ], [ 150.604608989185607, -34.999907330231366 ], [ 150.604412355125447, -34.998696539243021 ], [ 150.604364111760248, -34.998435319808202 ], [ 150.604334574541042, -34.9983323770727 ], [ 150.604298486637902, -34.998230546310651 ], [ 150.604254912975961, -34.998132516175154 ], [ 150.604202598287344, -34.99803565120687 ], [ 150.604142728461142, -34.997941699329914 ], [ 150.604073984444852, -34.997845291457296 ], [ 150.604006932838757, -34.997763281034587 ], [ 150.603929923957679, -34.99767884008606 ], [ 150.603849704990694, -34.997596290988483 ], [ 150.603627855532949, -34.997404981883562 ], [ 150.603580337011266, -34.997370237213232 ], [ 150.603481043840304, -34.997303571901575 ], [ 150.603369648580184, -34.997236351041671 ], [ 150.603269798597836, -34.997182324928161 ], [ 150.603050251908229, -34.99707216757988 ], [ 150.602883467445963, -34.996991177319551 ], [ 150.602772539839464, -34.996934767510524 ], [ 150.6027187194303, -34.996906522020446 ], [ 150.602664863046158, -34.996877370717932 ], [ 150.602610927528957, -34.996846427504231 ], [ 150.602507367478324, -34.996782586160229 ], [ 150.602406979339577, -34.996715956954453 ], [ 150.602307345130299, -34.996641179734517 ], [ 150.602217722184776, -34.996569727490353 ], [ 150.60208669599669, -34.996452532042213 ], [ 150.601955014902131, -34.996276228394848 ], [ 150.601832387624142, -34.9961418038734 ], [ 150.601747973540824, -34.996061307913557 ], [ 150.601496454150691, -34.995818401482147 ], [ 150.601411977410862, -34.995738685636162 ], [ 150.601244054701823, -34.995576571539594 ], [ 150.600906031820358, -34.995255024774281 ], [ 150.600407025514244, -34.994848364957846 ], [ 150.600248847119701, -34.99468296166809 ], [ 150.600174894914346, -34.994604213092614 ], [ 150.600039457473542, -34.99450720508753 ], [ 150.599820065366515, -34.994303570593196 ], [ 150.599624586729163, -34.994117424091208 ], [ 150.599109185283595, -34.993594223325786 ], [ 150.59844528550002, -34.992951667092655 ], [ 150.598052518990272, -34.992562164293247 ], [ 150.598013822341272, -34.992528371029934 ], [ 150.59776273198537, -34.992282578259235 ], [ 150.597494960566053, -34.992019745020279 ], [ 150.59725165106363, -34.991801104381402 ], [ 150.596623051631781, -34.991213480076475 ], [ 150.596333111582254, -34.990929375872703 ], [ 150.595966430179487, -34.990559853324285 ], [ 150.595629206255438, -34.990258476021801 ], [ 150.595055341956595, -34.989706517975115 ], [ 150.594700807280532, -34.989372780238405 ], [ 150.594270859018252, -34.988921838900168 ], [ 150.593530424659775, -34.988203797202594 ], [ 150.593227218849194, -34.987920060144234 ], [ 150.593175854814717, -34.98786895560626 ], [ 150.592921169384795, -34.987632020020079 ], [ 150.592771176431626, -34.987480797571941 ], [ 150.592434982061945, -34.987139970273141 ], [ 150.591980508582026, -34.986706141205907 ], [ 150.591640746244394, -34.986375262652629 ], [ 150.591135509210034, -34.985904553491061 ], [ 150.59059428200797, -34.985368068543472 ], [ 150.590162352952603, -34.984964250636537 ], [ 150.589820233954867, -34.984640005709053 ], [ 150.589567531326139, -34.984418325899355 ], [ 150.589290176312005, -34.984211589927376 ], [ 150.589061656530589, -34.984059300661514 ], [ 150.588748474068808, -34.983863572598381 ], [ 150.587818011932058, -34.983330565103444 ], [ 150.587749868084614, -34.98330499972819 ], [ 150.587674032264573, -34.98327654814711 ] ] ] } },
{ "type": "Feature", "properties": { "OBJECTID": 15, "Comments": "TfNSW road classification - regional road", "FSource": "https://services6.arcgis.com/LHYr6B7cFUs40aCx/ArcGIS/rest/services/roadnetworkclassifications/FeatureServer/1", "SourceDate": 20250805.0, "Supplier": "TFNSW", "road_number": 92, "road_name": "NOWRA - BRAIDWOOD", "is_auslink": "N", "arcgisonline_objectid": 5659, "arcgisonline_type": "arcgisonline_polyline", "multi_reader_type": "ARCGISFEATURES", "SHAPE_Length": 16517.882838900645 }, "geometry": { "type": "MultiLineString", "coordinates": [ [ [ 150.553266415015287, -34.931721330533996 ], [ 150.552947674367971, -34.93188097886938 ], [ 150.552839407957862, -34.931944891784944 ], [ 150.552754132670515, -34.931995251928967 ], [ 150.552526089964971, -34.932135610104538 ], [ 150.552284707919341, -34.93232239231488 ], [ 150.55190806714333, -34.932599324524091 ], [ 150.551811157708471, -34.932681434421752 ], [ 150.551517641128527, -34.932916246124826 ], [ 150.551250962718228, -34.933137639980004 ], [ 150.550863919708917, -34.933456356584486 ], [ 150.550862714575857, -34.933457348231606 ], [ 150.550673942758152, -34.933615912099363 ], [ 150.550370413581987, -34.933862198303714 ], [ 150.550065163051528, -34.934118817654856 ], [ 150.549776675054972, -34.934350276424325 ], [ 150.549499939568619, -34.934580050622465 ], [ 150.549233251820311, -34.93480815730716 ], [ 150.548986707179523, -34.934996006572717 ], [ 150.548661152293448, -34.935265813643959 ], [ 150.548419797284311, -34.935455563084375 ], [ 150.54829736759072, -34.935556201824603 ], [ 150.548148089644485, -34.935668573570304 ], [ 150.54799043195581, -34.935796042247866 ], [ 150.547827734747813, -34.935905581514014 ], [ 150.547821030022163, -34.935910098579633 ], [ 150.547626628324849, -34.936018357220604 ], [ 150.547224146113081, -34.936190716493087 ], [ 150.546956570484411, -34.936277003680921 ], [ 150.546750956034174, -34.936331074326631 ], [ 150.546542982680933, -34.936373008280825 ], [ 150.546288047310355, -34.93640822706567 ], [ 150.546075035706366, -34.936430036813427 ], [ 150.545926438878524, -34.936437163315134 ], [ 150.54570268940293, -34.936435065731189 ], [ 150.545390724701377, -34.936421647794973 ], [ 150.545176046813907, -34.936396493722832 ], [ 150.5447198333232, -34.936332759389877 ], [ 150.544342458543554, -34.936282436984776 ], [ 150.543864446423328, -34.936215349556839 ], [ 150.543419985628873, -34.936153292259768 ], [ 150.542791028678778, -34.936067757673037 ], [ 150.5421184604877, -34.935975509966099 ], [ 150.541596836235101, -34.935906737538275 ], [ 150.541214433357368, -34.935851395187051 ], [ 150.540830345684952, -34.935804431797479 ], [ 150.540577085026115, -34.935770889748824 ], [ 150.540392284637505, -34.935745897039816 ], [ 150.540075605138156, -34.93572718926486 ], [ 150.539456695394932, -34.935774241083678 ], [ 150.539116297755527, -34.93584615855 ], [ 150.538737166999084, -34.935968796018756 ], [ 150.538436944720075, -34.936099624443777 ], [ 150.538174264124677, -34.936251366432778 ], [ 150.538133720358246, -34.936280634383287 ], [ 150.537935141495069, -34.936423960435931 ], [ 150.537525917383022, -34.936750615395297 ], [ 150.537420005597653, -34.93684096936439 ], [ 150.537400941395077, -34.936857232760218 ], [ 150.535934345710331, -34.938108479086182 ], [ 150.535851777459641, -34.93817891872115 ], [ 150.535753182709584, -34.938263037270886 ], [ 150.535377072613301, -34.938583920136267 ], [ 150.534860110820148, -34.939024964841643 ], [ 150.534571910234888, -34.939259270193496 ], [ 150.534386821581933, -34.93940974489113 ], [ 150.534364841211044, -34.93943042252247 ], [ 150.534184611313634, -34.939601253252512 ], [ 150.534164595477534, -34.939620225509344 ], [ 150.533787937817806, -34.939945665122409 ], [ 150.533517305684029, -34.940153692728785 ], [ 150.533399565137358, -34.940248289238021 ], [ 150.533243940869852, -34.940384883166431 ], [ 150.532868080350909, -34.940669452770564 ], [ 150.532768858599297, -34.940740134108864 ], [ 150.532611416226359, -34.940838701670067 ], [ 150.532454079844513, -34.940933647289903 ], [ 150.532349774823842, -34.940992011935244 ], [ 150.532279093808114, -34.94102822765354 ], [ 150.532190619102039, -34.941077000521943 ], [ 150.532122100100167, -34.941112264875187 ], [ 150.53199289190249, -34.941174635726057 ], [ 150.531893741218511, -34.941220297655477 ], [ 150.531804210713034, -34.941262097588051 ], [ 150.531741471411749, -34.94129353441371 ], [ 150.531652161779277, -34.94132807202854 ], [ 150.531544979600824, -34.941369502978667 ], [ 150.531428878692083, -34.941414395303866 ], [ 150.531304163238843, -34.941451837547632 ], [ 150.531156884242392, -34.941495295146119 ], [ 150.531067272135289, -34.941521505667737 ], [ 150.530956808476219, -34.941553811457879 ], [ 150.530854475792864, -34.941580810628466 ], [ 150.53075005470987, -34.941608671404161 ], [ 150.530574386759866, -34.941647808030019 ], [ 150.530440528620773, -34.941695972007778 ], [ 150.530368197782764, -34.941752650472786 ], [ 150.530244311595908, -34.941747712691722 ], [ 150.53015211210348, -34.94174403689248 ], [ 150.529992705835497, -34.941789600964128 ], [ 150.529833782932457, -34.941818904162361 ], [ 150.528692211124564, -34.941804974070358 ], [ 150.526268557572621, -34.941697540518675 ], [ 150.52488960263932, -34.941628948234232 ], [ 150.523842142681161, -34.9415725112624 ], [ 150.521489411173263, -34.941421270175297 ], [ 150.520260871877667, -34.941396189531865 ], [ 150.519804721806167, -34.941424362869817 ], [ 150.51912990344681, -34.941532424166688 ], [ 150.518406475610703, -34.941742583542215 ], [ 150.517673193375401, -34.942018684324083 ], [ 150.516999740104779, -34.942341808212412 ], [ 150.516430185535512, -34.942733184706398 ], [ 150.516011335366898, -34.943033927116815 ], [ 150.515495825746541, -34.943520132101526 ], [ 150.515069902487909, -34.944055040655329 ], [ 150.514781334100348, -34.944564633849851 ], [ 150.514513811870756, -34.945130914432525 ], [ 150.514313405491635, -34.945736046619452 ], [ 150.514206275838035, -34.946268104114978 ], [ 150.514209225550246, -34.946924266447354 ], [ 150.514255640315639, -34.947272006827347 ], [ 150.51459820960369, -34.950024934529331 ], [ 150.514639039337624, -34.950729028279042 ], [ 150.514638169224838, -34.951406185456541 ], [ 150.514562423805671, -34.951968960620178 ], [ 150.514446080875729, -34.952579264918356 ], [ 150.514322889284927, -34.952894895623437 ], [ 150.51423382313817, -34.953123109320543 ], [ 150.514120294009132, -34.953470248838286 ], [ 150.513876285172614, -34.953938087633681 ], [ 150.512160517124471, -34.957708759950179 ], [ 150.51161647443854, -34.958886213281787 ], [ 150.511414327739743, -34.959229400014102 ], [ 150.51117231945554, -34.959622300140992 ], [ 150.511036183884045, -34.959811135677406 ], [ 150.510837353008213, -34.960044861530434 ], [ 150.510661819682525, -34.960268611547306 ], [ 150.510491720501506, -34.960458433775749 ], [ 150.51007478678136, -34.960926326180413 ], [ 150.509439106384121, -34.961508707332079 ], [ 150.508938378826542, -34.962021150504619 ], [ 150.508339441265463, -34.962546484555212 ], [ 150.506959830409272, -34.96385140668631 ], [ 150.506875785067564, -34.963905693128027 ], [ 150.506548841498073, -34.964142341716204 ], [ 150.504345656488141, -34.966419918825927 ], [ 150.502812833736471, -34.967892243308782 ], [ 150.50266419280689, -34.968030288393628 ], [ 150.502573836976666, -34.96812856973348 ], [ 150.50250295795837, -34.968197287505362 ], [ 150.502432080434772, -34.968265988135727 ], [ 150.502361192695815, -34.968334696624282 ], [ 150.502290305904381, -34.968403405989122 ], [ 150.502219427475069, -34.968472124495911 ], [ 150.502148549227201, -34.968540833045786 ], [ 150.502077662104597, -34.968609541368338 ], [ 150.502006783891346, -34.968678240815073 ], [ 150.501935897323079, -34.968746958975657 ], [ 150.501865027598768, -34.968815659409223 ], [ 150.501794139697068, -34.968884377453051 ], [ 150.501723253071248, -34.968953085562475 ], [ 150.501652366572216, -34.969021785516745 ], [ 150.501581479406326, -34.969090503441677 ], [ 150.501519439682795, -34.969150634129427 ], [ 150.501510592394595, -34.969159212310579 ], [ 150.50129506140641, -34.969363286451163 ], [ 150.501074243241504, -34.969563504881023 ], [ 150.500848288626287, -34.969759808474954 ], [ 150.50061726941172, -34.969952067072093 ], [ 150.50038129088577, -34.970140203484497 ], [ 150.500140483949906, -34.970324126628803 ], [ 150.499977294051604, -34.970444378530559 ], [ 150.49981203501622, -34.970562684609781 ], [ 150.499644748710068, -34.970679036706123 ], [ 150.49744105302031, -34.972163078247199 ], [ 150.49735628888493, -34.972220160818146 ], [ 150.497351673485412, -34.972223271201784 ], [ 150.497185211030853, -34.972332729798858 ], [ 150.497098485199388, -34.972387759686157 ], [ 150.496922692350665, -34.972495282072749 ], [ 150.496743878778233, -34.972599382178373 ], [ 150.496562125901221, -34.972699976031727 ], [ 150.496470190206963, -34.97274894479866 ], [ 150.496284242536802, -34.972844206143087 ], [ 150.49609561269952, -34.972935825882459 ], [ 150.496000343707522, -34.972980270537924 ], [ 150.495807922410449, -34.97306636952851 ], [ 150.49561308227635, -34.97314870431245 ], [ 150.495514800517697, -34.973188458355466 ], [ 150.495316543870587, -34.973265081767053 ], [ 150.495116163270126, -34.973337861393325 ], [ 150.495015210381126, -34.973372784904832 ], [ 150.494811837694954, -34.973439692408384 ], [ 150.494606588150987, -34.973502627788761 ], [ 150.494399629284317, -34.97356159269318 ], [ 150.494191009039298, -34.973616524100485 ], [ 150.49408613170155, -34.973642456757702 ], [ 150.494077131010641, -34.973644635407723 ], [ 150.493140502389934, -34.97387111055469 ], [ 150.492931462982, -34.973924939440899 ], [ 150.492827642423237, -34.973953614298267 ], [ 150.492714300657269, -34.973987059343422 ], [ 150.492622124214421, -34.974015933123347 ], [ 150.492520652505249, -34.97404981704107 ], [ 150.492420095008583, -34.974085501927753 ], [ 150.492320505622757, -34.974122979884733 ], [ 150.492221918820434, -34.974162233597653 ], [ 150.49212440004959, -34.974203235574919 ], [ 150.492027974560671, -34.974245983636436 ], [ 150.491932714534073, -34.974290445021374 ], [ 150.491838653679025, -34.974336591582649 ], [ 150.491745814430516, -34.974384405757654 ], [ 150.491654265791794, -34.97443388717241 ], [ 150.491564061998133, -34.974484981060918 ], [ 150.491475228136864, -34.974537690648994 ], [ 150.491387792803948, -34.974591975965467 ], [ 150.491301810945544, -34.974647794879573 ], [ 150.491217325051792, -34.97470515458285 ], [ 150.491134382683185, -34.974764003777544 ], [ 150.491053016210401, -34.974824322402668 ], [ 150.490973236032318, -34.974886092647367 ], [ 150.490895133297556, -34.974949270425327 ], [ 150.490818697011036, -34.975013821257377 ], [ 150.490744000915299, -34.975079733149663 ], [ 150.490671060283518, -34.975146972166094 ], [ 150.490563215233436, -34.975252422962363 ], [ 150.490463113508412, -34.975356272349082 ], [ 150.490397542812985, -34.975428467413188 ], [ 150.490333889653073, -34.975501810875869 ], [ 150.490272190506516, -34.975576291775702 ], [ 150.490212463938036, -34.97565184018665 ], [ 150.490155964164273, -34.975726834202483 ], [ 150.490154753730167, -34.975728457017155 ], [ 150.49004498952425, -34.97588445602878 ], [ 150.489889823037288, -34.976122808801179 ], [ 150.489649659286442, -34.97650297053795 ], [ 150.489637209337104, -34.976522690901511 ], [ 150.489586696967933, -34.976602669086532 ], [ 150.489536167314924, -34.976682636072567 ], [ 150.489485637284901, -34.976762612041242 ], [ 150.489435116700918, -34.976842598097178 ], [ 150.489384605073667, -34.976922574398436 ], [ 150.489334073863461, -34.977002543058902 ], [ 150.489283552154347, -34.977082520004899 ], [ 150.487969908685585, -34.979161893392082 ], [ 150.487864895740216, -34.979320098810966 ], [ 150.487754781632731, -34.979475946703069 ], [ 150.48763966660232, -34.979629310222492 ], [ 150.487556383053573, -34.979734584178075 ], [ 150.487457778835847, -34.979854486859253 ], [ 150.487330499085687, -34.980001216832747 ], [ 150.487198513445549, -34.980145088980883 ], [ 150.487061921063429, -34.980286012492336 ], [ 150.486920799749356, -34.980423878084835 ], [ 150.486848577164466, -34.980491654994914 ], [ 150.486745026348984, -34.980585714664464 ], [ 150.486701067215648, -34.980624913216161 ], [ 150.486626763630085, -34.980691138762069 ], [ 150.486552479323251, -34.980757374574452 ], [ 150.486478186167233, -34.980823609253335 ], [ 150.486403884409896, -34.980889834690821 ], [ 150.486329590166633, -34.980956061136645 ], [ 150.486255295830659, -34.981022286630314 ], [ 150.486181002165893, -34.981088522005059 ], [ 150.486106709778454, -34.9811547474416 ], [ 150.486032416719723, -34.981220990844413 ], [ 150.485958114213076, -34.981287216875216 ], [ 150.485883820370219, -34.981353442135322 ], [ 150.485832071142568, -34.981399580551511 ], [ 150.485809526351943, -34.981419669145929 ], [ 150.485735241816514, -34.981485904417255 ], [ 150.485660939647687, -34.981552139274484 ], [ 150.485586646418255, -34.981618364352258 ], [ 150.485512352765397, -34.981684599288407 ], [ 150.485447471266752, -34.981742433918846 ], [ 150.485438058476348, -34.981750815232239 ], [ 150.485363757960357, -34.981817051731525 ], [ 150.485289473825304, -34.98188328581719 ], [ 150.485215170115708, -34.981949511335422 ], [ 150.48514087695591, -34.982015746037973 ], [ 150.48506658282929, -34.982081972558724 ], [ 150.484992289428931, -34.982148207158779 ], [ 150.484917987151618, -34.982214441526082 ], [ 150.48484370251532, -34.982280668097232 ], [ 150.484769399969849, -34.982346903262901 ], [ 150.48469511512053, -34.9824131288307 ], [ 150.48462081342899, -34.982479363916518 ], [ 150.484546520373812, -34.982545599132607 ], [ 150.484472235439341, -34.982611815537886 ], [ 150.484397934481478, -34.98267805049263 ], [ 150.48436384391141, -34.982708438255308 ], [ 150.484175869828675, -34.982877364693415 ], [ 150.483956636619013, -34.9830787852543 ], [ 150.483740353714722, -34.983282365136354 ], [ 150.483544499686701, -34.983471111285688 ], [ 150.483316769843157, -34.983695837975141 ], [ 150.48304112810311, -34.983976088367818 ], [ 150.483040401867697, -34.983976841335952 ], [ 150.482992023376113, -34.984026860585615 ], [ 150.482972912549656, -34.984046608785512 ], [ 150.482904677478359, -34.984117118840778 ], [ 150.482836444174239, -34.984187638806986 ], [ 150.482768228265172, -34.984258159092377 ], [ 150.482699994503264, -34.984328686177349 ], [ 150.482631778660618, -34.984399196464949 ], [ 150.482563553915071, -34.98446970742765 ], [ 150.482495319742299, -34.984540236182049 ], [ 150.4824271035165, -34.984610747238229 ], [ 150.482358878442966, -34.984681257167757 ], [ 150.482290644190499, -34.984751776781088 ], [ 150.482256527401518, -34.984787041987808 ], [ 150.482222428427747, -34.984822296736425 ], [ 150.482154204038011, -34.984892808358104 ], [ 150.482085969429903, -34.984963327839111 ], [ 150.482017753311595, -34.985033847662159 ], [ 150.481949519588568, -34.985104366176778 ], [ 150.481881287881009, -34.985174886494484 ], [ 150.481813062926193, -34.985245396994785 ], [ 150.481744846858192, -34.985315899524828 ], [ 150.481676612081287, -34.985386436781369 ], [ 150.48160838789309, -34.985456946271157 ], [ 150.481540163558776, -34.985527456617753 ], [ 150.481471928950697, -34.985597976625371 ], [ 150.481403712860157, -34.985668496074226 ], [ 150.481368682265725, -34.98570471109651 ], [ 150.481335488142605, -34.985739007189373 ], [ 150.48126725427349, -34.985809527087369 ], [ 150.481199030441104, -34.98588003723615 ], [ 150.481130804245709, -34.985950549097133 ], [ 150.481062570867067, -34.98602107699336 ], [ 150.480994345280692, -34.986091596896699 ], [ 150.480926130522022, -34.986162116983174 ], [ 150.480857904726179, -34.986232635897444 ], [ 150.480789680154942, -34.986303146682459 ], [ 150.480721454370524, -34.986373657400669 ], [ 150.480653221623697, -34.986444176947103 ], [ 150.480584995629812, -34.986514686676202 ], [ 150.480516763464294, -34.986585215165867 ], [ 150.480448538272753, -34.986655726631234 ], [ 150.480380314084897, -34.986726237174331 ], [ 150.480312079650588, -34.986796756477474 ], [ 150.480243845070106, -34.986867276637376 ], [ 150.480175620526637, -34.986937787048156 ], [ 150.4801210299334, -34.986994207018284 ], [ 150.480107387079897, -34.987008298133837 ], [ 150.480039162023076, -34.987078817465125 ], [ 150.479970919305941, -34.987149337289402 ], [ 150.47990269538289, -34.98721984754647 ], [ 150.479834461185675, -34.987290367464411 ], [ 150.479766235084895, -34.987360869479943 ], [ 150.479698010778606, -34.987431380505562 ], [ 150.479629777320355, -34.987501900313866 ], [ 150.479561552832223, -34.987572409449534 ], [ 150.479493309285061, -34.987642928964966 ], [ 150.47947400970213, -34.987662882682265 ], [ 150.479425084476958, -34.987713440714991 ], [ 150.479356850544434, -34.987783960346846 ], [ 150.479288616217048, -34.987854488943277 ], [ 150.479220382351343, -34.987924998577306 ], [ 150.479152158163657, -34.987995510173626 ], [ 150.479083924851523, -34.988066029651741 ], [ 150.479062106260159, -34.988088573998176 ], [ 150.479015717416047, -34.988136558640278 ], [ 150.478347372630708, -34.988827806718753 ], [ 150.478199825726364, -34.98898458615276 ], [ 150.478045510788547, -34.989153154431854 ], [ 150.477873724461318, -34.989346660164209 ], [ 150.4776843061872, -34.989567648312629 ], [ 150.47749968387356, -34.989791335608494 ], [ 150.477319876463923, -34.990017676494155 ], [ 150.477202707532058, -34.990170002052594 ], [ 150.477087727129259, -34.990323455626339 ], [ 150.476919374647338, -34.990555694204687 ], [ 150.476756050520976, -34.990790343887035 ], [ 150.476597756116149, -34.991027325395443 ], [ 150.476444589022321, -34.991266565058574 ], [ 150.476296575261557, -34.991508001238024 ], [ 150.476153751622917, -34.991751542771198 ], [ 150.475999213059225, -34.992028350669351 ], [ 150.475883873000299, -34.992244660341413 ], [ 150.475798643637802, -34.992410735987569 ], [ 150.475715772438946, -34.992577627753256 ], [ 150.475595977259474, -34.992829435198466 ], [ 150.475519120048716, -34.992998253015166 ], [ 150.475444674985141, -34.993167806961999 ], [ 150.475355043037183, -34.993380737791149 ], [ 150.475269230974618, -34.993594752234543 ], [ 150.475203338218591, -34.993766681682189 ], [ 150.475139899360101, -34.99393923817285 ], [ 150.475078926190434, -34.994112394912733 ], [ 150.474992136721625, -34.994373202505244 ], [ 150.474910949857616, -34.994635255225397 ], [ 150.474731070784372, -34.995248624745479 ], [ 150.474705361197209, -34.995336248026284 ], [ 150.474697617007649, -34.995362673089311 ], [ 150.474679697307295, -34.995423879462152 ], [ 150.474217864035182, -34.997001279782758 ], [ 150.474194280263163, -34.997089306843343 ], [ 150.474152463228762, -34.997266273721408 ], [ 150.474117844124578, -34.997444280160089 ], [ 150.474090449612845, -34.997623137418699 ], [ 150.474070316431352, -34.997802649753524 ], [ 150.474057471493921, -34.997982620313628 ], [ 150.474051913832398, -34.998162832736035 ], [ 150.474053653690902, -34.99834309793318 ], [ 150.474062697156114, -34.99852321951807 ], [ 150.474079047307612, -34.998702992025429 ], [ 150.474102659026528, -34.998882209886553 ], [ 150.474117180013991, -34.998971553979935 ], [ 150.47415164736654, -34.999149587087679 ], [ 150.474171573426332, -34.999238224295816 ], [ 150.474216814136497, -34.999414616598855 ], [ 150.474242093126293, -34.999502320468807 ], [ 150.474297985196785, -34.999676625000511 ], [ 150.474360911459655, -34.999849298304277 ], [ 150.47439499295632, -34.999934975061109 ], [ 150.474430802994505, -35.000020160449786 ], [ 150.474507570853177, -35.000189005848355 ], [ 150.474508889320703, -35.000191766468042 ], [ 150.474547701527285, -35.000272881208637 ], [ 150.474587851167513, -35.00035674793687 ], [ 150.474627992916965, -35.000440624404234 ], [ 150.47466812516754, -35.000524491646985 ], [ 150.474708265159251, -35.000608359038424 ], [ 150.474748406101668, -35.000692233648721 ], [ 150.474788555824716, -35.000776110232231 ], [ 150.474828696894406, -35.000859985721696 ], [ 150.475591352690344, -35.002453540521159 ], [ 150.47566796773225, -35.002622438841577 ], [ 150.475704343796565, -35.002707462578513 ], [ 150.475739436721824, -35.002792853536164 ], [ 150.475805689043909, -35.002964692999711 ], [ 150.475866724954955, -35.003137840959383 ], [ 150.475922472395268, -35.003312181439846 ], [ 150.475948351563517, -35.003399767653697 ], [ 150.475996111903413, -35.003575704239239 ], [ 150.476038520443097, -35.003752574230582 ], [ 150.476075523593579, -35.003930266541701 ], [ 150.47610713931843, -35.004108658954358 ], [ 150.476133322730902, -35.004287642365028 ], [ 150.476169240780877, -35.004587361919498 ], [ 150.476176242321685, -35.004646479023869 ], [ 150.476186856036918, -35.004736182387248 ], [ 150.476197479124778, -35.00482590217009 ], [ 150.47620810986615, -35.004915623012117 ], [ 150.476218722288678, -35.005005334457096 ], [ 150.476229336641268, -35.005095054955149 ], [ 150.476239967461709, -35.005184774892868 ], [ 150.476250579935595, -35.005274486334422 ], [ 150.476261194616285, -35.005364197820391 ], [ 150.476271825460429, -35.005453918655554 ], [ 150.476282438831362, -35.005543638224246 ], [ 150.476293051345976, -35.005633350562093 ], [ 150.476303664723417, -35.005723071029387 ], [ 150.476314295663769, -35.005812790959098 ], [ 150.476324910419436, -35.005902503339087 ], [ 150.476335523057855, -35.005992213870648 ], [ 150.476346145262823, -35.006081934515578 ], [ 150.476356759792992, -35.006171655900793 ], [ 150.476367372482713, -35.006261366428916 ], [ 150.476373870985611, -35.006316217342594 ], [ 150.476378003498127, -35.006351087252646 ], [ 150.476388617012447, -35.006440807710803 ], [ 150.476399230820704, -35.006530519159142 ], [ 150.476409843551181, -35.006620230583557 ], [ 150.476420465599091, -35.006709960229173 ], [ 150.476431079735534, -35.006799662665422 ], [ 150.476441692240485, -35.006889383095093 ], [ 150.476452305857435, -35.006979103546385 ], [ 150.476462928250669, -35.007068824178752 ], [ 150.476469427656298, -35.007123791388956 ], [ 150.476473542178667, -35.007158535619098 ], [ 150.476484154752058, -35.0072482560442 ], [ 150.476493638626096, -35.007328358040894 ], [ 150.476494768437448, -35.007337976490923 ], [ 150.476505400239716, -35.007427678382754 ], [ 150.476516013931644, -35.007517399728073 ], [ 150.476526645214534, -35.007607119634933 ], [ 150.476537259217508, -35.007696831969284 ], [ 150.476547871921213, -35.00778655148666 ], [ 150.476558503227835, -35.007876272290957 ], [ 150.476569126069109, -35.007965983903247 ], [ 150.476579747555803, -35.008055704500272 ], [ 150.47659036057712, -35.008145415905283 ], [ 150.476600974433666, -35.008235136340588 ], [ 150.476611596248489, -35.008324847925515 ], [ 150.476622210139226, -35.008414568358532 ], [ 150.476632822952155, -35.008504288767625 ], [ 150.476639321993673, -35.008559130655179 ], [ 150.476643454977165, -35.008593990644606 ], [ 150.476654067519803, -35.008683720960939 ], [ 150.476664681755807, -35.008773432380742 ], [ 150.476675312974038, -35.008863162181129 ], [ 150.4766859264262, -35.008952864567185 ], [ 150.476696556888271, -35.009042584432983 ], [ 150.476707169793315, -35.009132305734958 ], [ 150.476717783324489, -35.009222007216735 ], [ 150.476728405868954, -35.009311736829197 ], [ 150.476739020224755, -35.009401448240979 ], [ 150.476749641985379, -35.009491168819729 ], [ 150.476760255252799, -35.009580881107333 ], [ 150.476770868260502, -35.00967060240243 ], [ 150.476781490100137, -35.009760322076886 ], [ 150.476792104513834, -35.009850034383831 ], [ 150.476802717628203, -35.00993975387378 ], [ 150.476813339491542, -35.010029474445666 ], [ 150.476823953166132, -35.010119176816893 ], [ 150.476834566304177, -35.010208897204286 ], [ 150.476845188218874, -35.01029861777274 ], [ 150.476852252833652, -35.010358379755473 ], [ 150.476855801391139, -35.010388338157838 ], [ 150.476856331197808, -35.010392775256136 ], [ 150.476874277114007, -35.010567976817377 ], [ 150.476886915244648, -35.010747937556665 ], [ 150.476893728367344, -35.0109281304943 ], [ 150.476894696922244, -35.011108406485718 ], [ 150.476889821295401, -35.0112886447451 ], [ 150.476879099197106, -35.011468704598428 ], [ 150.476871552192534, -35.011558630459554 ], [ 150.476852091068707, -35.011738188511778 ], [ 150.476826812223436, -35.011917271272829 ], [ 150.476795752079937, -35.012095726250905 ], [ 150.476778048228795, -35.012184683606435 ], [ 150.476738338555862, -35.012361964343796 ], [ 150.476716323424228, -35.012450269501556 ], [ 150.476668024757345, -35.012626114923705 ], [ 150.47661402577009, -35.012800832119133 ], [ 150.476554405665183, -35.012974302835573 ], [ 150.476489184656486, -35.013146403085763 ], [ 150.476454476068682, -35.013231910145784 ], [ 150.476380935263421, -35.01340172335258 ], [ 150.476301907763514, -35.013569870066938 ], [ 150.474050588404879, -35.018059380965965 ], [ 150.474045468281531, -35.018069591315921 ], [ 150.473958867553335, -35.018235191463006 ], [ 150.473866915807122, -35.018398836645062 ], [ 150.473769718684508, -35.018560404651048 ], [ 150.473695415269475, -35.01867670315157 ], [ 150.473614587224517, -35.018797959731515 ], [ 150.473614140052433, -35.018798603960967 ], [ 150.473447141330752, -35.019031507174653 ], [ 150.473273544982192, -35.019253095735564 ], [ 150.473268947297214, -35.019258715983135 ], [ 150.473207810988555, -35.019333521145029 ], [ 150.473146659540248, -35.019408316041627 ], [ 150.473085515643504, -35.019483111061483 ], [ 150.473024363385065, -35.019557924803337 ], [ 150.472963228838807, -35.019632728964304 ], [ 150.472932644930637, -35.019670136094071 ], [ 150.472902086790612, -35.019707523920552 ], [ 150.472840934467882, -35.019782328544487 ], [ 150.4727797910692, -35.019857124305922 ], [ 150.472718648402065, -35.019931928161505 ], [ 150.472657503680551, -35.020006723827279 ], [ 150.472596360480566, -35.020081537519495 ], [ 150.472535216626397, -35.020156333135247 ], [ 150.472474064687759, -35.020231138464311 ], [ 150.472422684293434, -35.020294002304503 ], [ 150.472412931306934, -35.020305942343164 ], [ 150.472351787928858, -35.020380746881074 ], [ 150.47229064474206, -35.020455541473105 ], [ 150.472229501136241, -35.020530345938155 ], [ 150.47216834862823, -35.020605151085064 ], [ 150.472107214927775, -35.020679946674093 ], [ 150.472046070980355, -35.020754751029884 ], [ 150.471984926919049, -35.020829555349245 ], [ 150.471923784116456, -35.020904350646411 ], [ 150.471862633256933, -35.020979154755977 ], [ 150.471801480065608, -35.021053959684309 ], [ 150.471740336921386, -35.021128754872201 ], [ 150.471679192568217, -35.021203550000841 ], [ 150.471556897462079, -35.021353158952735 ], [ 150.471495753862399, -35.021427953994916 ], [ 150.471434610966412, -35.021502758032099 ], [ 150.471373459140324, -35.021577563651945 ], [ 150.471312315476581, -35.021652349576236 ], [ 150.471251173278546, -35.021727155328712 ], [ 150.471190028831955, -35.021801959197354 ], [ 150.471128885616395, -35.021876754944685 ], [ 150.47106774203715, -35.021951558763313 ], [ 150.471006590650632, -35.022026363286535 ], [ 150.470945447093442, -35.022101158924571 ], [ 150.470884304267685, -35.022175962656767 ], [ 150.470823160205157, -35.022250767230545 ], [ 150.470762017401455, -35.022325562782143 ], [ 150.470700864350391, -35.022400367100374 ], [ 150.470639719974002, -35.022475170664002 ], [ 150.470578568040111, -35.022549966824478 ], [ 150.470517425598416, -35.022624771261789 ], [ 150.470456273186869, -35.022699575457111 ], [ 150.470395120911348, -35.022774371508262 ], [ 150.470333977310531, -35.02284916680486 ], [ 150.470278795893336, -35.022916673898983 ], [ 150.470272825652444, -35.022923970913723 ], [ 150.470211681546203, -35.022998775146057 ], [ 150.470150539516283, -35.023073579387628 ], [ 150.470089395182271, -35.02314838354711 ], [ 150.470028251801693, -35.023223188593839 ], [ 150.469967099824089, -35.023297984412814 ], [ 150.469905956521217, -35.023372779477242 ], [ 150.469844805133221, -35.023447584254768 ], [ 150.469783661602634, -35.023522379246344 ], [ 150.469722508891721, -35.023597183928153 ], [ 150.46971668268398, -35.023604319855842 ], [ 150.469470684838626, -35.023892259341231 ], [ 150.469272032365723, -35.024107710013965 ], [ 150.468994481088572, -35.024386740060635 ], [ 150.468702901825083, -35.024655909673321 ], [ 150.466649388110312, -35.026408019180231 ], [ 150.466417239704214, -35.026599489090636 ], [ 150.466215862282837, -35.026752226649883 ], [ 150.466004867766117, -35.026895919814166 ], [ 150.465829442733337, -35.027003962142331 ], [ 150.465462279244122, -35.027200712695155 ], [ 150.465075743552461, -35.027370499041112 ], [ 150.464672750522254, -35.027512022572886 ], [ 150.46446602164238, -35.027571848626401 ], [ 150.464150480615558, -35.027647584688765 ], [ 150.463829624710115, -35.027706244636057 ], [ 150.463395884341139, -35.027757510839614 ], [ 150.462302206739651, -35.027813042598417 ], [ 150.462192837796039, -35.027818600071939 ], [ 150.461756533978019, -35.027852573070803 ], [ 150.461325079734308, -35.027915500063543 ], [ 150.460901890086774, -35.028009021990968 ], [ 150.460386981639914, -35.028162834322757 ], [ 150.460246534694903, -35.028208739198668 ], [ 150.456211487397553, -35.029527304465311 ], [ 150.455587101598326, -35.029696572168923 ], [ 150.455142389823919, -35.029798536310992 ], [ 150.454425960712143, -35.029962792475324 ], [ 150.45411399719265, -35.030048005135434 ], [ 150.453909636356371, -35.030113118803918 ], [ 150.453511204425098, -35.030263220517455 ], [ 150.453222654552434, -35.030392723134817 ], [ 150.452853589322842, -35.030587089455381 ], [ 150.452504577853347, -35.030805092291594 ], [ 150.452328927433484, -35.030929441858142 ], [ 150.452098902930771, -35.031107851612781 ], [ 150.450865711136231, -35.032133106184837 ], [ 150.450843300414704, -35.032151733745472 ] ] ] } },
{ "type": "Feature", "properties": { "OBJECTID": 16, "Comments": "TfNSW road classification - regional road", "FSource": "https://services6.arcgis.com/LHYr6B7cFUs40aCx/ArcGIS/rest/services/roadnetworkclassifications/FeatureServer/1", "SourceDate": 20250805.0, "Supplier": "TFNSW", "road_number": 92, "road_name": "ALBATROSS", "is_auslink": "N", "arcgisonline_objectid": 5666, "arcgisonline_type": "arcgisonline_polyline", "multi_reader_type": "ARCGISFEATURES", "SHAPE_Length": 7353.4671985862396 }, "geometry": { "type": "MultiLineString", "coordinates": [ [ [ 150.60456562155693, -34.8876132345355 ], [ 150.603884610262384, -34.887517983468243 ], [ 150.603006560843085, -34.887395167563646 ], [ 150.601642217171388, -34.887204333419263 ], [ 150.601613415551896, -34.887199930860049 ], [ 150.600906076051189, -34.887092149219818 ], [ 150.600699519889531, -34.887059653801352 ], [ 150.600695779916947, -34.887059861209657 ], [ 150.600653023800305, -34.887062236079068 ], [ 150.600548342539867, -34.887068054093923 ], [ 150.600443670657882, -34.887073925390965 ], [ 150.600433759466739, -34.887075253158741 ], [ 150.600346730043725, -34.887086914169458 ], [ 150.600283780063535, -34.887095349212103 ], [ 150.600190805926331, -34.887164389431966 ], [ 150.599056969683346, -34.887951766796007 ], [ 150.598828091422661, -34.888080141468038 ], [ 150.598693649893931, -34.888161041233261 ], [ 150.598647566832284, -34.888197255374763 ], [ 150.598587884915588, -34.888244172686576 ], [ 150.598583247958373, -34.888248281955498 ], [ 150.598531743119963, -34.888293913976376 ], [ 150.598428396510059, -34.888385471482486 ], [ 150.598016492903525, -34.888690139548991 ], [ 150.597992343281788, -34.888708004616419 ], [ 150.597708705774608, -34.88892973759669 ], [ 150.59768537324706, -34.88894797934946 ], [ 150.596428730441374, -34.889892711418511 ], [ 150.595558203033221, -34.890644385363139 ], [ 150.595356208606006, -34.890814495644257 ], [ 150.595137800432326, -34.890959819810348 ], [ 150.594958163647419, -34.89106995089859 ], [ 150.59492410849677, -34.891096537610011 ], [ 150.594859451402556, -34.891137467802459 ], [ 150.59484246477254, -34.891148905800613 ], [ 150.59473434213794, -34.891221711011767 ], [ 150.594319552283707, -34.891523240930397 ], [ 150.594111998788094, -34.891671057042757 ], [ 150.593887334515273, -34.891827443266124 ], [ 150.593798797503638, -34.89189208131382 ], [ 150.593634039785229, -34.892045492263165 ], [ 150.593415372599651, -34.892251072190398 ], [ 150.592982035993117, -34.892642851470811 ], [ 150.592655146631301, -34.892968476337288 ], [ 150.592178280636858, -34.893437911844657 ], [ 150.591975525312506, -34.893630530012608 ], [ 150.591528301397375, -34.89405484873933 ], [ 150.591296663740764, -34.894274618192142 ], [ 150.590311514060147, -34.895209292569881 ], [ 150.590015756398969, -34.895489900564961 ], [ 150.589710586452497, -34.895779437730212 ], [ 150.58914204571073, -34.896320216600046 ], [ 150.58884609149834, -34.896601730832629 ], [ 150.588119372227538, -34.897292970230993 ], [ 150.587558074522434, -34.897826864190733 ], [ 150.587521483518941, -34.89786167122395 ], [ 150.587369463031251, -34.898027576213174 ], [ 150.587216027480167, -34.898162843102092 ], [ 150.586119902821224, -34.899228247883535 ], [ 150.585628192268189, -34.899686030005327 ], [ 150.585371168430186, -34.899919559499892 ], [ 150.584418799372173, -34.900823361566346 ], [ 150.583999598515817, -34.901224875610623 ], [ 150.583813676952616, -34.901408387148713 ], [ 150.583266274049748, -34.901929425919398 ], [ 150.582747259667428, -34.902416009883574 ], [ 150.582378202196111, -34.902764982258155 ], [ 150.582151208504968, -34.902979620236557 ], [ 150.581223455327347, -34.903837158047601 ], [ 150.581007754410621, -34.904039951396811 ], [ 150.579985932687777, -34.905020681405574 ], [ 150.579514032866854, -34.905462777182599 ], [ 150.578581232705943, -34.906388808747081 ], [ 150.577822708371457, -34.907117545263212 ], [ 150.576950925451598, -34.907946748865086 ], [ 150.576624001391821, -34.908263777821581 ], [ 150.575343199783333, -34.909457161243779 ], [ 150.57521507305151, -34.909577866931286 ], [ 150.574244710026363, -34.910492008332639 ], [ 150.574127165011674, -34.910604999237918 ], [ 150.574074905700115, -34.91065590576553 ], [ 150.573940956080179, -34.910781312099381 ], [ 150.573216191322587, -34.911469432294119 ], [ 150.572561372909462, -34.912094812986119 ], [ 150.571788848583765, -34.912828460412754 ], [ 150.571185536928027, -34.913402334762935 ], [ 150.57034678613482, -34.914195889679199 ], [ 150.569781309526547, -34.914731934761171 ], [ 150.56952409009233, -34.914975566825667 ], [ 150.569074806356781, -34.915393377466941 ], [ 150.56870251347911, -34.915730414845171 ], [ 150.568520571525966, -34.91587789029235 ], [ 150.568382060518729, -34.915969699024238 ], [ 150.568221130022323, -34.916065147785531 ], [ 150.568036042236372, -34.916164970644495 ], [ 150.567984166759601, -34.916188751267278 ], [ 150.567833868622671, -34.916249903963141 ], [ 150.567692155683659, -34.916307543176167 ], [ 150.56762841357309, -34.916331351022563 ], [ 150.566677981611576, -34.916709855379153 ], [ 150.566515759982508, -34.916780571933771 ], [ 150.56633482267415, -34.916867916837035 ], [ 150.566081741918879, -34.917001534315716 ], [ 150.565443013518802, -34.917429860282866 ], [ 150.564619107571133, -34.918012088569093 ], [ 150.564139875009516, -34.918356753084588 ], [ 150.563328330029151, -34.918937601911125 ], [ 150.563175107248725, -34.919045994740678 ], [ 150.562328667329894, -34.919644777912012 ], [ 150.561701125348236, -34.920099297146308 ], [ 150.561594023043568, -34.92016520884173 ], [ 150.561268578609173, -34.920357451415782 ], [ 150.561057118529362, -34.920459066604316 ], [ 150.560887366832759, -34.920542315033224 ], [ 150.560630056548945, -34.920643070784642 ], [ 150.560111005987551, -34.920813349352549 ], [ 150.559155392363209, -34.921029339819825 ], [ 150.558512180404222, -34.921174715219266 ], [ 150.557946429307407, -34.921308376950307 ], [ 150.557653047003612, -34.921387268590728 ], [ 150.557404492849429, -34.921484142226227 ], [ 150.557060285283455, -34.921658070008384 ], [ 150.556991944366814, -34.921703258935047 ], [ 150.556845615222414, -34.921809184975018 ], [ 150.55638122829933, -34.922186838636115 ], [ 150.556086688848922, -34.922459692410342 ], [ 150.555676505956939, -34.922822895341397 ], [ 150.555442815539948, -34.923031845422763 ], [ 150.555424045239562, -34.923048984057331 ], [ 150.555224766963988, -34.923207772634804 ], [ 150.554926616642263, -34.923413773375522 ], [ 150.554581484548578, -34.923621567757074 ], [ 150.554008274052677, -34.923953343236313 ], [ 150.553978002881536, -34.923968796816261 ], [ 150.553808162643293, -34.924065786932282 ], [ 150.553685015699273, -34.924136108996763 ], [ 150.553427398316813, -34.924298204959321 ], [ 150.553219685325132, -34.924438015473129 ], [ 150.553057823125158, -34.924580704790266 ], [ 150.552901913840344, -34.924744162000458 ], [ 150.552390733532349, -34.925361592203828 ], [ 150.551759291958859, -34.926124257125281 ], [ 150.551353510302562, -34.926622600322418 ], [ 150.551223083913584, -34.926821681241165 ], [ 150.551118386251858, -34.927044517125651 ], [ 150.551051263117898, -34.927261973468546 ], [ 150.551008479193456, -34.927457639009546 ], [ 150.550991420121505, -34.927594304744332 ], [ 150.550988524061438, -34.927770232021679 ], [ 150.550996108283584, -34.927954226057608 ], [ 150.551045715305833, -34.928170536959634 ], [ 150.551126291555704, -34.928398544230724 ], [ 150.551254306438153, -34.928667069956255 ], [ 150.55259533560826, -34.930735355018612 ], [ 150.553039340911766, -34.931392764146921 ], [ 150.553266415015287, -34.931721330533996 ] ] ] } }
]
}
