{
"type": "FeatureCollection",
"name": "Shared paths",
"crs": { "type": "name", "properties": { "name": "urn:ogc:def:crs:OGC:1.3:CRS84" } },
"features": [
{ "type": "Feature", "properties": { "Discipline": "CV", "SubDiscipl": "PV", "FSource": "PHUP-MRBJV-JBR2HR-PV-M2D-000001-PAVEMENT-HATCH.dwg", "Comments": "Converted from \"PHUP-MRBJV-JBR2HR-PV-M2D-000001-PAVEMENT-HATCH.dwg\" using FME workbench.", "ECMLink": null, "SourceDate": "20250922", "PlanAccur": null, "Supplier": "BENG", "LineWt": null, "HatchName": "SOLID", "Layer": "Pavement Type LR3", "Text": null, "LineType": null, "Thickness": "0", "Color": "210", "SHAPE_Leng": 2564.9831438900001, "SHAPE_Area": 8330.3823929499995 }, "geometry": { "type": "MultiPolygon", "coordinates": [ [ [ [ 150.582919863332393, -35.001307566772262 ], [ 150.582909066182282, -35.001305982332973 ], [ 150.58289825367487, -35.001304510270209 ], [ 150.582898252579952, -35.001304510248403 ], [ 150.582890769498192, -35.001303557955197 ], [ 150.582887421456917, -35.001303149595749 ], [ 150.582879600833053, -35.001302238354739 ], [ 150.582879599738106, -35.001302238332933 ], [ 150.582879599738106, -35.001302238332933 ], [ 150.58287657278666, -35.001301901275951 ], [ 150.582868739869895, -35.001301072724353 ], [ 150.582843972782968, -35.001298539260205 ], [ 150.582843971688078, -35.001298539238391 ], [ 150.582790661007323, -35.001286142944231 ], [ 150.58273735250728, -35.001273747571844 ], [ 150.582737351438851, -35.001273746649083 ], [ 150.582737352798887, -35.001273737661499 ], [ 150.582737354158922, -35.001273728673929 ], [ 150.58273735418544, -35.001273727772983 ], [ 150.582741366584685, -35.001247166651751 ], [ 150.58274136663772, -35.001247164849858 ], [ 150.582745245353408, -35.001221498024847 ], [ 150.582745245379925, -35.001221497123908 ], [ 150.582745246739961, -35.001221488136331 ], [ 150.582745248099968, -35.001221479148761 ], [ 150.582745249194886, -35.001221479170582 ], [ 150.582800691000557, -35.001219754088154 ], [ 150.582856134995239, -35.001218029023889 ], [ 150.582856136090157, -35.001218029045717 ], [ 150.582880903153409, -35.00122056250644 ], [ 150.582880904248356, -35.00122056252826 ], [ 150.582888741237667, -35.001221364116034 ], [ 150.582899609255918, -35.001222475796951 ], [ 150.582902967962013, -35.001222819462825 ], [ 150.582910478369428, -35.001223587498714 ], [ 150.582910479464346, -35.001223587520528 ], [ 150.582921346388389, -35.001224699177698 ], [ 150.582932215502581, -35.001225810877528 ], [ 150.582943084590653, -35.001226923477361 ], [ 150.582953952610637, -35.00122803515346 ], [ 150.582964821725909, -35.001229146850399 ], [ 150.582975689746632, -35.001230258524586 ], [ 150.582986558862586, -35.001231370219607 ], [ 150.582997426883992, -35.001232481891847 ], [ 150.583008296000685, -35.001233593584935 ], [ 150.583019164022772, -35.001234705255278 ], [ 150.583030033140176, -35.001235816946455 ], [ 150.583040902257892, -35.001236928636665 ], [ 150.583051770254571, -35.001238041205042 ], [ 150.583062639372969, -35.001239152893334 ], [ 150.583073507396875, -35.001240264558831 ], [ 150.583084376516013, -35.001241376245204 ], [ 150.583084381990545, -35.001241376354258 ], [ 150.583084380630538, -35.001241385341849 ], [ 150.583083033151269, -35.00125031998612 ], [ 150.583083031791261, -35.001250328973711 ], [ 150.583083031764772, -35.001250329874651 ], [ 150.583083026457331, -35.001250361320281 ], [ 150.583078311385179, -35.001281632146302 ], [ 150.583078311332201, -35.001281633948167 ], [ 150.583078300584759, -35.001281701344119 ], [ 150.583073590948288, -35.001312936219335 ], [ 150.583073590921771, -35.001312937120282 ], [ 150.583069265330124, -35.001341619478339 ], [ 150.583069246104628, -35.001341751611058 ], [ 150.583069246078111, -35.001341752511998 ], [ 150.583069244744649, -35.001341760598628 ], [ 150.583069244744649, -35.001341760598628 ], [ 150.5830692121624, -35.00134175093487 ], [ 150.583037499699998, -35.001332500237311 ], [ 150.583016268640961, -35.001326927189659 ], [ 150.583007986064388, -35.001324886229817 ], [ 150.583007984995987, -35.001324885307064 ], [ 150.58300562655279, -35.001324317273728 ], [ 150.582994965716892, -35.00132182327264 ], [ 150.582984289444425, -35.001319444350948 ], [ 150.582973594450721, -35.001317180443166 ], [ 150.582962882951989, -35.00131503069202 ], [ 150.582952153853284, -35.001312995075637 ], [ 150.582941407181096, -35.001311072693113 ], [ 150.582933586706247, -35.001309746783541 ], [ 150.582933585611357, -35.001309746761727 ], [ 150.582933585611357, -35.001309746761727 ], [ 150.582930644030256, -35.001309263566242 ], [ 150.582919863332393, -35.001307566772262 ] ] ], [ [ [ 150.577031548350249, -35.02327903670281 ], [ 150.577028399677431, -35.023271029205119 ], [ 150.577025086384509, -35.023263067097751 ], [ 150.577023245671967, -35.023258824999139 ], [ 150.577016025956794, -35.023243392853097 ], [ 150.577005868729486, -35.023224085227625 ], [ 150.576999523196946, -35.023212598220297 ], [ 150.576999522128347, -35.02321259729748 ], [ 150.576995186053324, -35.023204981652633 ], [ 150.576994459431035, -35.023203722215783 ], [ 150.576994459457637, -35.023203721314857 ], [ 150.576983984207232, -35.023186092169496 ], [ 150.576972268374874, -35.023167426797748 ], [ 150.576968881503802, -35.023162217189665 ], [ 150.576968880408629, -35.023162217167787 ], [ 150.576960406763021, -35.023148836939953 ], [ 150.576948176471234, -35.023130411895217 ], [ 150.576935439594223, -35.023112220124027 ], [ 150.576922203479427, -35.023094272590569 ], [ 150.57692220350603, -35.023094271689637 ], [ 150.576908474538698, -35.02307657483157 ], [ 150.576894261161414, -35.023059139634945 ], [ 150.576879568610963, -35.023041974317415 ], [ 150.576864406478308, -35.023025088085006 ], [ 150.576858616264246, -35.02301884515991 ], [ 150.576848782163978, -35.023008490100068 ], [ 150.576832703095022, -35.022992188623988 ], [ 150.576816176725259, -35.022976191017179 ], [ 150.576799213714025, -35.022960507408548 ], [ 150.576781822636832, -35.022945144279461 ], [ 150.576764009798836, -35.022930110770368 ], [ 150.576745788156273, -35.022915413450171 ], [ 150.576727164040847, -35.022901060558361 ], [ 150.576708148165125, -35.022887060421951 ], [ 150.576688750226253, -35.022873418643293 ], [ 150.57666898093666, -35.022860143549401 ], [ 150.576648849993404, -35.022847240742628 ], [ 150.57662836810897, -35.022834718549994 ], [ 150.576607546102139, -35.022822581694797 ], [ 150.576594480716125, -35.022815260382501 ], [ 150.576594479647525, -35.022815259459691 ], [ 150.576586650786084, -35.022810515488445 ], [ 150.5765658232269, -35.022798307299738 ], [ 150.576544640345503, -35.022786479637176 ], [ 150.576523111812264, -35.02277503900401 ], [ 150.576513891831581, -35.022770312305376 ], [ 150.576513890762982, -35.022770311382573 ], [ 150.576509746200287, -35.022767939754218 ], [ 150.576509746226918, -35.022767938853292 ], [ 150.576501652441266, -35.022763371678835 ], [ 150.576480118621106, -35.022751628040922 ], [ 150.576470885006472, -35.022746769453043 ], [ 150.576470883937873, -35.022746768530226 ], [ 150.576458210780487, -35.022740267259387 ], [ 150.576435939605147, -35.022729298562211 ], [ 150.576413313696861, -35.022718727529821 ], [ 150.576412728700973, -35.022718461627825 ], [ 150.57639034483654, -35.022708563412067 ], [ 150.576367042667812, -35.022698813613168 ], [ 150.576343420173146, -35.022689483801116 ], [ 150.576328629617308, -35.02268391919533 ], [ 150.576319054272176, -35.022680428499037 ], [ 150.576268730618466, -35.022662082339636 ], [ 150.576218581531208, -35.022643800046247 ], [ 150.576218405893087, -35.022643736138349 ], [ 150.576182586222217, -35.022630677495719 ], [ 150.576182585127015, -35.022630677473835 ], [ 150.576182588652046, -35.022630669431102 ], [ 150.576182931744398, -35.022629812685572 ], [ 150.576182931771001, -35.022629811784647 ], [ 150.576194930386123, -35.022599854345081 ], [ 150.576194930439328, -35.022599852543216 ], [ 150.576206929045071, -35.02256989510196 ], [ 150.576206929071674, -35.022569894201034 ], [ 150.576207272163515, -35.022569037455412 ], [ 150.576207275688517, -35.022569029412672 ], [ 150.57620727678372, -35.022569029434564 ], [ 150.576244969229379, -35.022577411742141 ], [ 150.576245153198812, -35.022577453279908 ], [ 150.576297923956446, -35.022589188337342 ], [ 150.576350879795143, -35.022600964931883 ], [ 150.576360954493396, -35.02260320535806 ], [ 150.576377973141575, -35.022607127843976 ], [ 150.576405324093088, -35.022613881848692 ], [ 150.576432512891387, -35.022621154554479 ], [ 150.576458834452183, -35.022628738959689 ], [ 150.576459524230984, -35.022628944754189 ], [ 150.576486345049716, -35.022637249482507 ], [ 150.576512960121903, -35.022646064829559 ], [ 150.576528203072712, -35.022651376126426 ], [ 150.576528204141312, -35.022651377049243 ], [ 150.576539355316783, -35.022655386907225 ], [ 150.576565516450586, -35.022665213629374 ], [ 150.576575406037676, -35.022669084692382 ], [ 150.57657540713285, -35.022669084714259 ], [ 150.576580483653515, -35.02267110536134 ], [ 150.576580484722086, -35.02267110628415 ], [ 150.576591119109651, -35.022675991950258 ], [ 150.576615994866529, -35.022687859133377 ], [ 150.576640538098445, -35.022700188428573 ], [ 150.576664732564012, -35.022712973201365 ], [ 150.576673846346551, -35.022717956486758 ], [ 150.576673846346551, -35.022717956486758 ], [ 150.576688568592914, -35.022726206948477 ], [ 150.576712033229228, -35.02273988310106 ], [ 150.57673511351706, -35.022753995090191 ], [ 150.576757797675441, -35.022768533666138 ], [ 150.576780074912165, -35.022783493204678 ], [ 150.576801933419574, -35.022798865356989 ], [ 150.576823361390012, -35.022814641774232 ], [ 150.576844348084421, -35.022830815030368 ], [ 150.576864881721662, -35.022847375875635 ], [ 150.576884953752966, -35.022864316927752 ], [ 150.576904551301936, -35.022881628915073 ], [ 150.576923666968185, -35.022899302675363 ], [ 150.576942287875227, -35.022917328936934 ], [ 150.576960407717763, -35.022935698559451 ], [ 150.576971488453324, -35.022947367607593 ], [ 150.576978013619311, -35.022954402271246 ], [ 150.576995099274512, -35.022973430931941 ], [ 150.577011655145611, -35.022992773533659 ], [ 150.577027671641559, -35.023012420870366 ], [ 150.577043142510092, -35.023032361999825 ], [ 150.57704314248349, -35.023032362900764 ], [ 150.577058057065017, -35.02305258769411 ], [ 150.577072410149185, -35.023073087032856 ], [ 150.577086192224698, -35.023093849008134 ], [ 150.577095741237912, -35.023108925628563 ], [ 150.577095742306483, -35.023108926551373 ], [ 150.577099541223163, -35.023114804258448 ], [ 150.577112676785703, -35.02313586251789 ], [ 150.577124419062983, -35.023155748986426 ], [ 150.577124419036409, -35.023155749887366 ], [ 150.577125234044729, -35.023157170648091 ], [ 150.577130092556899, -35.023165761290663 ], [ 150.577130093625499, -35.023165762213466 ], [ 150.577137203462257, -35.023178717641144 ], [ 150.577148579881083, -35.023200492576649 ], [ 150.577151878125647, -35.02320707153541 ], [ 150.577151878099073, -35.023207072436342 ], [ 150.577155119021569, -35.023213662870432 ], [ 150.577157101028035, -35.023217759048201 ], [ 150.577159357048743, -35.023222484512281 ], [ 150.577163498757358, -35.023231339386996 ], [ 150.57716754198367, -35.023240226549937 ], [ 150.577169527617571, -35.023244682483856 ], [ 150.577171488917941, -35.023249146044847 ], [ 150.577175336354429, -35.023258095103316 ], [ 150.57717908645688, -35.023267074670017 ], [ 150.577180353920824, -35.023270170372925 ], [ 150.577180353894192, -35.023270171273865 ], [ 150.577182737061406, -35.023276083800312 ], [ 150.577185574341485, -35.023283280968649 ], [ 150.577186257035919, -35.023285026317161 ], [ 150.577189610147116, -35.023293607619749 ], [ 150.577190264356943, -35.023295278479218 ], [ 150.577190264330369, -35.023295279380157 ], [ 150.577208229632447, -35.023330731316669 ], [ 150.577206804481136, -35.02333108416758 ], [ 150.577205880512764, -35.023331312711804 ], [ 150.57720562993461, -35.023331374414667 ], [ 150.577205379329854, -35.02333143701847 ], [ 150.577205370515088, -35.023331438645307 ], [ 150.577205368298081, -35.023331439502506 ], [ 150.577202151517213, -35.023332235241675 ], [ 150.577183490992837, -35.023336854790394 ], [ 150.577183490992837, -35.023336854790394 ], [ 150.577183489897635, -35.023336854768509 ], [ 150.577162620458324, -35.023342020647846 ], [ 150.577136284426587, -35.023348540397571 ], [ 150.577136283331384, -35.0233485403757 ], [ 150.577136282236211, -35.023348540353823 ], [ 150.577114989979066, -35.023353811362952 ], [ 150.577089076752713, -35.023360225963913 ], [ 150.577089075657511, -35.023360225942035 ], [ 150.577089075657511, -35.023360225942035 ], [ 150.57706827907549, -35.023365373428085 ], [ 150.577054958171232, -35.023368670804878 ], [ 150.577054954859022, -35.023368671640185 ], [ 150.577054949329863, -35.023368673332641 ], [ 150.577054944922452, -35.02336867414607 ], [ 150.57705494382725, -35.023368674124193 ], [ 150.577054336868713, -35.023364474701715 ], [ 150.577052823908161, -35.023355440661412 ], [ 150.577051115528462, -35.023346455903571 ], [ 150.577049210714307, -35.023337517703517 ], [ 150.577047536146978, -35.023330357281488 ], [ 150.577047536173581, -35.023330356380555 ], [ 150.577047111602951, -35.023328627906857 ], [ 150.57704482041143, -35.023319785656433 ], [ 150.577042475409371, -35.023311466982676 ], [ 150.577040868175487, -35.023306109029512 ], [ 150.577040867106888, -35.023306108106695 ], [ 150.577039995398195, -35.023303304269362 ], [ 150.577037346705055, -35.023295176047739 ], [ 150.577034531414057, -35.023287085965244 ], [ 150.577031548350249, -35.02327903670281 ] ] ], [ [ [ 150.579534172284298, -35.017720600539676 ], [ 150.579546946419072, -35.017709872000317 ], [ 150.579559085166267, -35.017698654807234 ], [ 150.579570561445991, -35.017686975464194 ], [ 150.57958134927361, -35.017674860496811 ], [ 150.579591423759496, -35.017662336452553 ], [ 150.579600762151387, -35.017649431724479 ], [ 150.579609342738934, -35.017636176529308 ], [ 150.579612917991597, -35.017630163885734 ], [ 150.579645331416117, -35.017544401670804 ], [ 150.579649949074621, -35.017520649168773 ], [ 150.579658600351678, -35.017476154219615 ], [ 150.579662661218407, -35.01745526808191 ], [ 150.57966725159136, -35.017431660170097 ], [ 150.579675902820242, -35.017387166119271 ], [ 150.579684554064897, -35.017342671166226 ], [ 150.57969320527215, -35.017298177112821 ], [ 150.579701855373543, -35.017253683036252 ], [ 150.579710506585798, -35.01720918807932 ], [ 150.579719157760678, -35.017164694022007 ], [ 150.579727808924787, -35.017120199963401 ], [ 150.579736460104641, -35.01707570500259 ], [ 150.579745111247121, -35.017031210941383 ], [ 150.579753762405375, -35.016986715977957 ], [ 150.579762413526282, -35.016942221914171 ], [ 150.579771063541244, -35.016897727827221 ], [ 150.579772959558937, -35.016887977553239 ], [ 150.579772959585483, -35.016887976652306 ], [ 150.579779714667126, -35.016853232859908 ], [ 150.579783341317324, -35.016834584501638 ], [ 150.57978334134387, -35.016834583600691 ], [ 150.579788365755604, -35.016808738792228 ], [ 150.579797016833311, -35.016764244723241 ], [ 150.579805667926763, -35.016719749752035 ], [ 150.579814318982869, -35.016675255680447 ], [ 150.579822970028175, -35.01663076160758 ], [ 150.579831621089227, -35.016586266632487 ], [ 150.579840271017815, -35.01654177253517 ], [ 150.57984892203072, -35.016497278458409 ], [ 150.579857573059371, -35.016452783479409 ], [ 150.579866224050704, -35.016408289400047 ], [ 150.579874875057783, -35.016363794418474 ], [ 150.579883526027487, -35.016319300336491 ], [ 150.579887586762396, -35.016298414182963 ], [ 150.579892176986391, -35.016274806253257 ], [ 150.579893121241923, -35.016269946364631 ], [ 150.579904307037623, -35.016187635919088 ], [ 150.579905805531212, -35.016100038919319 ], [ 150.579904516591199, -35.016078156284692 ], [ 150.579892727734716, -35.015991090175291 ], [ 150.579888132797805, -35.015969509378351 ], [ 150.579882882904087, -35.015948029999855 ], [ 150.579871438078357, -35.015908545563711 ], [ 150.579863445100244, -35.015883549829915 ], [ 150.579855083899986, -35.015857403691399 ], [ 150.579855082831443, -35.015857402768624 ], [ 150.579849509778029, -35.015839972631817 ], [ 150.579841148585899, -35.015813826492533 ], [ 150.579841148612473, -35.0158138255916 ], [ 150.579835574469371, -35.015796395432439 ], [ 150.579821639174185, -35.015752818231761 ], [ 150.579821639200759, -35.015752817330835 ], [ 150.579816065065216, -35.015735387170963 ], [ 150.579816065091762, -35.015735386270016 ], [ 150.579813100472506, -35.015726115049468 ], [ 150.579807760485266, -35.01570873373273 ], [ 150.579807760511812, -35.015708732831811 ], [ 150.579801472052594, -35.015686169901031 ], [ 150.579800296122045, -35.015681641818318 ], [ 150.579800296148619, -35.015681640917393 ], [ 150.579795870974948, -35.015663483662067 ], [ 150.579790961207351, -35.01564068951825 ], [ 150.57978674560951, -35.015617801950157 ], [ 150.579783225972676, -35.015594834515582 ], [ 150.579780406251757, -35.015571801716902 ], [ 150.579778287116284, -35.015548717990946 ], [ 150.57977687033096, -35.015525597796419 ], [ 150.579776155443625, -35.015502456449177 ], [ 150.579776144245557, -35.015479307506943 ], [ 150.579776837432888, -35.015456164505601 ], [ 150.579778232310161, -35.015433044519135 ], [ 150.579780329626686, -35.015409959281534 ], [ 150.579783127808668, -35.015386924987702 ], [ 150.57978662536209, -35.015363955129764 ], [ 150.579788611612372, -35.015352629089335 ], [ 150.57979067388743, -35.01534136316095 ], [ 150.579798830277213, -35.015296805121736 ], [ 150.57980698663016, -35.015252247982254 ], [ 150.579807242698934, -35.015250846805948 ], [ 150.579815141904277, -35.015207689918789 ], [ 150.5798218824944, -35.015170866143954 ], [ 150.579821882520946, -35.015170865243007 ], [ 150.579823298236647, -35.015163132776884 ], [ 150.579824113327078, -35.015158676871515 ], [ 150.579824114448741, -35.015158675992424 ], [ 150.579831454585303, -35.015118574732838 ], [ 150.579833341926843, -35.015108261767274 ], [ 150.579839147353908, -35.015076546865579 ], [ 150.579840418122188, -35.015067598135204 ], [ 150.579840959500331, -35.015058599695102 ], [ 150.579840916047232, -35.015052602282751 ], [ 150.579840844957545, -35.015050925040896 ], [ 150.579840771415121, -35.015049591208289 ], [ 150.579839853766856, -35.015040613238682 ], [ 150.579838211957735, -35.015031705558542 ], [ 150.579837509379473, -35.015028776202982 ], [ 150.579806518399721, -35.014990054752055 ], [ 150.579805617484851, -35.01498954187273 ], [ 150.579805488119035, -35.01498946987882 ], [ 150.579803789485425, -35.014988548946128 ], [ 150.579802863495985, -35.014988068920722 ], [ 150.579801928427145, -35.014987599531715 ], [ 150.579798109270911, -35.014985833084936 ], [ 150.579793217970604, -35.014983898307747 ], [ 150.579789867671906, -35.014982767733592 ], [ 150.579787464953569, -35.014982016651572 ], [ 150.57978706538654, -35.014981892390388 ], [ 150.579786039237803, -35.014981576236003 ], [ 150.579785013062519, -35.014981260982559 ], [ 150.579783985739027, -35.01498094750913 ], [ 150.579782958362443, -35.014980635837553 ], [ 150.579781929837623, -35.014980325945999 ], [ 150.57978090016465, -35.014980017834439 ], [ 150.579779870438557, -35.014979711524759 ], [ 150.579779527205375, -35.014979609121212 ], [ 150.579778839590801, -35.014979406094156 ], [ 150.57977780756832, -35.014979103344494 ], [ 150.579776775519264, -35.014978801495758 ], [ 150.579775742295453, -35.014978502327978 ], [ 150.579774709045097, -35.014978204061109 ], [ 150.57977367464656, -35.01497790757427 ], [ 150.579772639099815, -35.014977612867426 ], [ 150.57977160349995, -35.014977319962462 ], [ 150.579770566751904, -35.0149770288375 ], [ 150.57976952995071, -35.014976739514395 ], [ 150.579768492001364, -35.0149764519713 ], [ 150.579767452930355, -35.014976165307303 ], [ 150.579766413779709, -35.014975881346075 ], [ 150.579765373507371, -35.014975598263952 ], [ 150.579764332086881, -35.014975316961824 ], [ 150.579763290586698, -35.014975038362493 ], [ 150.579762654580435, -35.014974868817774 ], [ 150.579762249059996, -35.014974760664089 ], [ 150.579760886712734, -35.014974400841496 ], [ 150.57975743530551, -35.014973503531472 ], [ 150.579750420851468, -35.014971741840789 ], [ 150.579744843621683, -35.014970401864623 ], [ 150.579744783763573, -35.014970388049797 ], [ 150.579739891798823, -35.014969256462571 ], [ 150.579736518433748, -35.014968499534717 ], [ 150.579733569152523, -35.01496785293385 ], [ 150.57972930505673, -35.014966943915148 ], [ 150.579727151989744, -35.01496649619807 ], [ 150.579726319882923, -35.01496632544486 ], [ 150.57972064020413, -35.014965189858948 ], [ 150.579718663830818, -35.014964806966866 ], [ 150.579715665150445, -35.014964237807391 ], [ 150.579709372195367, -35.014963090885907 ], [ 150.579707972527871, -35.014962844804145 ], [ 150.579704960340933, -35.014962324955498 ], [ 150.579697235475038, -35.014961059316256 ], [ 150.579694211971713, -35.014960588822134 ], [ 150.579691464038717, -35.014960174308399 ], [ 150.579686458147762, -35.014959450612459 ], [ 150.579683423301475, -35.014959030373767 ], [ 150.57967564265644, -35.01495802143922 ], [ 150.579648234394767, -35.014954625027357 ], [ 150.579648233299679, -35.014954625005508 ], [ 150.57961935006378, -35.014951046809038 ], [ 150.579594073956144, -35.014947915590774 ], [ 150.579594072861056, -35.014947915568918 ], [ 150.579539914649445, -35.014941205251255 ], [ 150.579539913554356, -35.014941205229405 ], [ 150.579519080410648, -35.01493666982509 ], [ 150.579486648886814, -35.014929608748595 ], [ 150.579486647791754, -35.014929608726739 ], [ 150.579475995517242, -35.014927289440955 ], [ 150.579465342148325, -35.014924970132398 ], [ 150.579454688780032, -35.014922650822946 ], [ 150.579444035412422, -35.01492033151257 ], [ 150.579433384235642, -35.014918012244969 ], [ 150.579433383140554, -35.01491801222312 ], [ 150.579412076408573, -35.0149133735978 ], [ 150.579401423043578, -35.014911054283772 ], [ 150.579380118505725, -35.014906415696686 ], [ 150.579380117437182, -35.01490641477389 ], [ 150.579380118771354, -35.014906406687324 ], [ 150.579380120132072, -35.014906397699839 ], [ 150.579380121253706, -35.014906396820756 ], [ 150.579384776313191, -35.014880962931592 ], [ 150.579384776366311, -35.014880961129734 ], [ 150.579390029419926, -35.01485226595419 ], [ 150.579390030807218, -35.014852256065765 ], [ 150.579390033262996, -35.014852247100123 ], [ 150.579446868380529, -35.014844347671691 ], [ 150.579500439842093, -35.014854269960061 ], [ 150.579533415984969, -35.01485835534627 ], [ 150.579554597992427, -35.014860980292973 ], [ 150.579554599087544, -35.014860980314829 ], [ 150.579608758369801, -35.014867689744804 ], [ 150.579608759438344, -35.014867690667586 ], [ 150.57963403552219, -35.014870821881857 ], [ 150.579662917635801, -35.014874400051895 ], [ 150.579662918730889, -35.014874400073737 ], [ 150.579690328061901, -35.014877796503093 ], [ 150.579690329156961, -35.014877796524949 ], [ 150.579717078007207, -35.014881110356967 ], [ 150.579738741501558, -35.01488379445923 ], [ 150.579738742596646, -35.014883794481086 ], [ 150.579744487369936, -35.014884505873333 ], [ 150.579744488465025, -35.014884505895189 ], [ 150.579771237293755, -35.014887820616373 ], [ 150.579823859433134, -35.014894339722112 ], [ 150.579825397712256, -35.014894529972835 ], [ 150.579828064833919, -35.01489486083787 ], [ 150.579828065929007, -35.014894860859727 ], [ 150.579857820355841, -35.014898547435749 ], [ 150.57987955701941, -35.014901240184557 ], [ 150.579933220706749, -35.01490788819919 ], [ 150.579933717431885, -35.014907950394274 ], [ 150.579977045576811, -35.014913317639568 ], [ 150.579977046645354, -35.014913318562357 ], [ 150.579984207425241, -35.0149142051322 ], [ 150.579987569995609, -35.014914621985469 ], [ 150.579987876786163, -35.014914659657357 ], [ 150.580013327560152, -35.014917813208939 ], [ 150.580013328655241, -35.014917813230781 ], [ 150.58002633135925, -35.014919423933236 ], [ 150.58002633135925, -35.014919423933236 ], [ 150.580031204912757, -35.01492002778452 ], [ 150.580031204912757, -35.01492002778452 ], [ 150.580034826223113, -35.014920476842335 ], [ 150.580034827318229, -35.014920476864184 ], [ 150.580035024918573, -35.014920501540018 ], [ 150.580042037219215, -35.014921369819383 ], [ 150.580052869526071, -35.014922711853302 ], [ 150.580063700738265, -35.014924053864419 ], [ 150.580074533045973, -35.014925395896427 ], [ 150.580085365354023, -35.014926737927482 ], [ 150.580096196567467, -35.014928079935743 ], [ 150.58010594586716, -35.014929287676281 ], [ 150.580107028876398, -35.014929421964887 ], [ 150.580117861185727, -35.014930763993078 ], [ 150.580128693495453, -35.014932106020311 ], [ 150.580139524710546, -35.014933448024749 ], [ 150.580150357021097, -35.014934790050084 ], [ 150.580161189332074, -35.014936132074453 ], [ 150.580172020574935, -35.014937473175102 ], [ 150.580182852886736, -35.014938815197574 ], [ 150.580193685198964, -35.014940157219087 ], [ 150.580198321837855, -35.014940731997996 ], [ 150.580198320636555, -35.014940735579891 ], [ 150.580198319382134, -35.014940740963645 ], [ 150.580197053205382, -35.014946040659559 ], [ 150.580196203419376, -35.014949592607842 ], [ 150.580196203419376, -35.014949592607842 ], [ 150.580196203392831, -35.014949593508774 ], [ 150.580190790163186, -35.014972244811553 ], [ 150.580188799188335, -35.014980573394716 ], [ 150.58018879916176, -35.014980574295656 ], [ 150.580188799135215, -35.014980575196596 ], [ 150.580182010024174, -35.015008976541523 ], [ 150.580181393802832, -35.015011555960804 ], [ 150.580181393802832, -35.015011555960804 ], [ 150.580181393776257, -35.015011556861744 ], [ 150.580178072883683, -35.015025451603847 ], [ 150.580175403255595, -35.015036618883912 ], [ 150.580175403255595, -35.015036618883912 ], [ 150.580175401921508, -35.015036626970485 ], [ 150.580175401894962, -35.015036627871417 ], [ 150.580165521721142, -35.015033502813495 ], [ 150.580144498271267, -35.015027317643934 ], [ 150.580133946747765, -35.015024441516942 ], [ 150.580123370196219, -35.015021708222697 ], [ 150.580112766452885, -35.015019116816582 ], [ 150.58010213776106, -35.015016665540394 ], [ 150.580090415785264, -35.015014131153059 ], [ 150.580080802246414, -35.015012183312209 ], [ 150.580070097693323, -35.015010149701105 ], [ 150.580059366054456, -35.015008254374315 ], [ 150.580048610615023, -35.01500649739738 ], [ 150.580037829237909, -35.015004876924763 ], [ 150.580027022965055, -35.01500339478013 ], [ 150.580021175049552, -35.015002650693553 ], [ 150.580021173954492, -35.015002650671704 ], [ 150.580019816926637, -35.015002482068709 ], [ 150.58001981583152, -35.015002482046867 ], [ 150.580016194491122, -35.015002033889395 ], [ 150.580011320932925, -35.015001430037316 ], [ 150.580011319837837, -35.015001430015474 ], [ 150.580010488917338, -35.015001330503601 ], [ 150.580006501749892, -35.015000951672036 ], [ 150.579995560545171, -35.015000738799884 ], [ 150.579948557959369, -35.01501497543174 ], [ 150.579928099967617, -35.015034252569279 ], [ 150.579921622000683, -35.015045775664667 ], [ 150.579920994738018, -35.015047242454287 ], [ 150.579918990548407, -35.015052003671464 ], [ 150.579918989426773, -35.015052004550562 ], [ 150.579918314701871, -35.015053631755485 ], [ 150.579918289952218, -35.015053690758393 ], [ 150.579917437658793, -35.015055766054616 ], [ 150.579914855436641, -35.015062182548249 ], [ 150.579914831782077, -35.015062241572998 ], [ 150.579914011007105, -35.01506432561122 ], [ 150.57991152555698, -35.015070767473532 ], [ 150.579911502970958, -35.015070827421091 ], [ 150.579910713740958, -35.015072919300337 ], [ 150.579910522294, -35.015073429315841 ], [ 150.579908327253122, -35.015079386575088 ], [ 150.579908304667072, -35.015079446522634 ], [ 150.579907548050642, -35.015081547165728 ], [ 150.579905259483098, -35.015088038029191 ], [ 150.579905237992136, -35.015088097998579 ], [ 150.57990451294728, -35.015090205581778 ], [ 150.57990287303511, -35.015095061508525 ], [ 150.579902323395174, -35.015096720055787 ], [ 150.579902302972727, -35.015096780947957 ], [ 150.579901609499473, -35.015098895471297 ], [ 150.579899519015925, -35.015105431754016 ], [ 150.579899500783682, -35.015105492689891 ], [ 150.579898838882002, -35.015107614153351 ], [ 150.579898379651723, -35.015109105028969 ], [ 150.579897731906499, -35.01511122947926 ], [ 150.579896848588703, -35.015114171365695 ], [ 150.579896830356461, -35.015114232301556 ], [ 150.5798962011215, -35.015116360726999 ], [ 150.579896048858615, -35.015116879637418 ], [ 150.579894292812753, -35.015122998903898 ], [ 150.579893696244483, -35.015125134291317 ], [ 150.57989190534289, -35.01513172973732 ], [ 150.579891889274279, -35.015131791617819 ], [ 150.57989132542582, -35.015133932165348 ], [ 150.579890056972971, -35.015138862211352 ], [ 150.579889618725616, -35.015140607718692 ], [ 150.579889087597024, -35.015142753426346 ], [ 150.579887483383573, -35.015149446349291 ], [ 150.579886983853186, -35.015151598096132 ], [ 150.579885494963008, -35.015158244640787 ], [ 150.579885481084546, -35.015158306564985 ], [ 150.579885015395661, -35.01516046259286 ], [ 150.579884902370026, -35.015160988596364 ], [ 150.579883626855263, -35.015167124661566 ], [ 150.579883614071889, -35.01516718660762 ], [ 150.579883181102872, -35.015169347795606 ], [ 150.579881894087038, -35.015176022707408 ], [ 150.579881484339808, -35.015178251067113 ], [ 150.579874743775434, -35.015215074846289 ], [ 150.579866844626821, -35.015258230837603 ], [ 150.579866588559014, -35.015259632014072 ], [ 150.579858432210699, -35.015304190059737 ], [ 150.579850275878613, -35.015348747203269 ], [ 150.579848213584853, -35.015360014033924 ], [ 150.579846333998205, -35.01537073281326 ], [ 150.579843023941692, -35.015392472308584 ], [ 150.579840376076845, -35.015414273694716 ], [ 150.579838390855656, -35.015436121655853 ], [ 150.579837069718963, -35.015458004501717 ], [ 150.579836414187355, -35.01547990783925 ], [ 150.579836424686334, -35.015501817253529 ], [ 150.579837100493023, -35.015523720109627 ], [ 150.57983844203298, -35.015545601992592 ], [ 150.57984044863656, -35.015567448465632 ], [ 150.57984311736422, -35.015589247751009 ], [ 150.579846447546345, -35.015610985411897 ], [ 150.579850437391599, -35.015632647890541 ], [ 150.579855085108733, -35.015654221629177 ], [ 150.579859272709342, -35.015671405969286 ], [ 150.579859273777856, -35.015671406892054 ], [ 150.57986038562106, -35.015675693004468 ], [ 150.57986633716385, -35.015697047557701 ], [ 150.579866337137304, -35.015697048458641 ], [ 150.579871391186288, -35.015713499165081 ], [ 150.579874355811853, -35.015722770384478 ], [ 150.579874356880396, -35.015722771307274 ], [ 150.579879929959247, -35.015740200542176 ], [ 150.57987993102779, -35.015740201464965 ], [ 150.579893865257503, -35.015783778638344 ], [ 150.579899439412429, -35.015801208795317 ], [ 150.579899439385883, -35.015801209696264 ], [ 150.579907800595805, -35.015827355832272 ], [ 150.579913374756131, -35.015844785988747 ], [ 150.579913374729585, -35.015844786889694 ], [ 150.579921735947607, -35.015870933024942 ], [ 150.579929728942687, -35.015895928755583 ], [ 150.579935586765174, -35.015915073748005 ], [ 150.579941821243665, -35.015937648215768 ], [ 150.579942985112211, -35.015942176958013 ], [ 150.579942986180754, -35.015942177880781 ], [ 150.579947368450547, -35.015960342388254 ], [ 150.579952223255077, -35.015983144444121 ], [ 150.579953111941336, -35.015987715473713 ], [ 150.57995311191479, -35.015987716374653 ], [ 150.579956385012963, -35.016006039045678 ], [ 150.579959849741641, -35.016029012591574 ], [ 150.57996261463316, -35.016052048799445 ], [ 150.579962614606615, -35.016052049700384 ], [ 150.579964678910613, -35.016075136836257 ], [ 150.579966040940803, -35.016098257738697 ], [ 150.579966040914258, -35.01609825863963 ], [ 150.579966701015366, -35.016121401596457 ], [ 150.579966656352866, -35.016144551226233 ], [ 150.579965908472786, -35.016167692234859 ], [ 150.579964458894551, -35.016190810229212 ], [ 150.579962305825745, -35.016213891651525 ], [ 150.579959453002516, -35.016236921251355 ], [ 150.579955900822682, -35.016259885514636 ], [ 150.579952639480751, -35.01627777852984 ], [ 150.579951695228601, -35.016282638419078 ], [ 150.579947105047552, -35.016306245450764 ], [ 150.57994304430062, -35.016327132507804 ], [ 150.579934393361867, -35.01637162659523 ], [ 150.579925742385711, -35.016416121582303 ], [ 150.579917091425358, -35.016460615667143 ], [ 150.579908440454204, -35.016505109750675 ], [ 150.579899790540765, -35.016549604755689 ], [ 150.57989113954801, -35.016594098836642 ], [ 150.579882488544428, -35.016638592916301 ], [ 150.579873837503499, -35.016683087895565 ], [ 150.579865186478372, -35.016727581972631 ], [ 150.579856535415843, -35.016772076949309 ], [ 150.579847884369087, -35.016816571023767 ], [ 150.579842859975315, -35.01684241583542 ], [ 150.579842859948769, -35.01684241673636 ], [ 150.579839233311532, -35.016861065096926 ], [ 150.579832478254076, -35.016895808893594 ], [ 150.579832478227502, -35.016895809794526 ], [ 150.579830583311718, -35.016905560091573 ], [ 150.579821932232562, -35.016950054162137 ], [ 150.579813281142606, -35.016994548231402 ], [ 150.579804630015303, -35.017039043200306 ], [ 150.579795978903746, -35.017083537266984 ], [ 150.579787327781389, -35.017128031332362 ], [ 150.579778676621686, -35.017172526297372 ], [ 150.579770025477757, -35.017217020360142 ], [ 150.579761375418116, -35.017261514443483 ], [ 150.579752724226012, -35.017306009404599 ], [ 150.579744073049653, -35.017350503463504 ], [ 150.579735421835949, -35.017394998422027 ], [ 150.57972677063799, -35.017439492478303 ], [ 150.579722180281436, -35.017463100393044 ], [ 150.579718119429259, -35.017483986533307 ], [ 150.579709468183154, -35.017528481487936 ], [ 150.579704850541162, -35.017552233992902 ], [ 150.579704850514588, -35.017552234893827 ], [ 150.579700816952794, -35.017572975540347 ], [ 150.57969216680678, -35.017617469613306 ], [ 150.579683515528274, -35.017661964564034 ], [ 150.57967486426557, -35.017706458612551 ], [ 150.579666212992038, -35.01775095265976 ], [ 150.579657561681103, -35.017795447606602 ], [ 150.579653867561348, -35.017814448886533 ], [ 150.579652305322298, -35.017820755911686 ], [ 150.579651503246055, -35.017823245077352 ], [ 150.579650109171865, -35.017826933097346 ], [ 150.579647289172499, -35.017832936472523 ], [ 150.579643867379929, -35.017838724108422 ], [ 150.579639866918484, -35.017844254999034 ], [ 150.579635316335072, -35.017849490049478 ], [ 150.579630247382227, -35.017854392933266 ], [ 150.579624696166576, -35.017858928312201 ], [ 150.579618702000374, -35.017863063616474 ], [ 150.579613616787981, -35.017866064986158 ], [ 150.579613615692864, -35.017866064964302 ], [ 150.579612307348526, -35.017866770846517 ], [ 150.579605556813135, -35.017870023848339 ], [ 150.579598498201932, -35.017872799236272 ], [ 150.579591181433329, -35.017875076371269 ], [ 150.579583657334894, -35.017876840942577 ], [ 150.579575981061566, -35.017878080528824 ], [ 150.579568204429933, -35.017878784444889 ], [ 150.579560383424422, -35.017878949300624 ], [ 150.579552573976457, -35.017878573507694 ], [ 150.579544829694299, -35.017877659938804 ], [ 150.57953720627026, -35.017876215114072 ], [ 150.579529757126693, -35.017874248212756 ], [ 150.579522534404845, -35.017871774698811 ], [ 150.579519721915148, -35.017870647635498 ], [ 150.579519720846605, -35.017870646712723 ], [ 150.579515590219359, -35.017868810937109 ], [ 150.579508973266712, -35.017865377731688 ], [ 150.579502728825105, -35.017861500325672 ], [ 150.57949690324125, -35.01785720488499 ], [ 150.579491536131741, -35.017852522850063 ], [ 150.579486664896308, -35.017847486518512 ], [ 150.579482325759784, -35.017842130868964 ], [ 150.579478547148284, -35.017836495231684 ], [ 150.579475948006603, -35.017831811639653 ], [ 150.579475946911458, -35.017831811617796 ], [ 150.579475357487922, -35.017830618936969 ], [ 150.579472778607453, -35.017824542084895 ], [ 150.57947082891738, -35.017818309214668 ], [ 150.579469521379167, -35.017811963855245 ], [ 150.579468866737329, -35.01780555039285 ], [ 150.579468850548722, -35.017805207513241 ], [ 150.579468868044131, -35.017799113961608 ], [ 150.579469527203401, -35.01779270147567 ], [ 150.579470837464271, -35.017786356070616 ], [ 150.579472789805948, -35.017780123541108 ], [ 150.579475371948803, -35.017774048715275 ], [ 150.579478565148747, -35.017768172686431 ], [ 150.579482346228076, -35.017762538262296 ], [ 150.579486688829974, -35.017757184581285 ], [ 150.579489515251481, -35.017754159777247 ], [ 150.579491562217214, -35.017752150694442 ], [ 150.579496931431322, -35.017747470159712 ], [ 150.579502760418904, -35.017743176513264 ], [ 150.579504227858649, -35.01774220336759 ], [ 150.579506834614108, -35.01774049662825 ], [ 150.579520790857345, -35.017730816646221 ], [ 150.579534172284298, -35.017720600539676 ] ] ], [ [ [ 150.578532522286196, -35.029401022276517 ], [ 150.578532523354909, -35.02940102319932 ], [ 150.578536998800416, -35.029408015959859 ], [ 150.578549431515114, -35.029428090066794 ], [ 150.578561372831416, -35.029448364402192 ], [ 150.578561373900101, -35.02944836532501 ], [ 150.578572819622792, -35.02946883349501 ], [ 150.578582813976141, -35.029487642841353 ], [ 150.578582815044825, -35.029487643764156 ], [ 150.578583766758072, -35.029489485523918 ], [ 150.578594208973215, -35.029510313172217 ], [ 150.578604142152614, -35.029531307343248 ], [ 150.578604142126039, -35.029531308244174 ], [ 150.578613564264884, -35.02955246258778 ], [ 150.578622469056967, -35.029573767963527 ], [ 150.578630854550653, -35.02959521621942 ], [ 150.578638716656798, -35.029616797357789 ], [ 150.578646052328452, -35.029638503204744 ], [ 150.578652859613953, -35.029660325608241 ], [ 150.578654156253975, -35.02966470285763 ], [ 150.578654157322688, -35.029664703780441 ], [ 150.578654737732506, -35.029666686867927 ], [ 150.578659351524493, -35.029682213831911 ], [ 150.578666141159005, -35.029704040389589 ], [ 150.578673260573424, -35.029725796005138 ], [ 150.578676200169753, -35.029734476286009 ], [ 150.578676200143178, -35.029734477186942 ], [ 150.578680034556385, -35.029745553392047 ], [ 150.578680035625069, -35.029745554314864 ], [ 150.578680709900937, -35.029747476173846 ], [ 150.578688489194946, -35.029769079093811 ], [ 150.578696595329347, -35.02979059929379 ], [ 150.578705027262259, -35.02981203494997 ], [ 150.578713785100263, -35.029833382458584 ], [ 150.578722866785938, -35.029854637271164 ], [ 150.578732271250857, -35.029875798464865 ], [ 150.578734190611272, -35.02988001957219 ], [ 150.578741995368802, -35.029896860568407 ], [ 150.578752039219808, -35.029917820878943 ], [ 150.57876240069325, -35.029938676649863 ], [ 150.578773078826941, -35.029959423354569 ], [ 150.578784071457164, -35.029980060048324 ], [ 150.578795376552961, -35.030000581281726 ], [ 150.578806992003791, -35.030020984308159 ], [ 150.578818916767631, -35.030041267303829 ], [ 150.578831149882376, -35.030061425742097 ], [ 150.578843687073345, -35.030081455931715 ], [ 150.578856528367282, -35.030101356971628 ], [ 150.578869671733315, -35.030121123412471 ], [ 150.578883112816982, -35.030140754265716 ], [ 150.578896852873243, -35.030160244147567 ], [ 150.578910886452405, -35.030179592047652 ], [ 150.578925213660909, -35.03019879436215 ], [ 150.578928114705633, -35.030202616785175 ], [ 150.578939832414676, -35.030217847443524 ], [ 150.578954738412392, -35.030236748501387 ], [ 150.578969930638635, -35.030255494810994 ], [ 150.578985406982724, -35.03027408362572 ], [ 150.579001164238605, -35.030292512177056 ], [ 150.579017200322113, -35.030310776817458 ], [ 150.579033513095993, -35.030328875701215 ], [ 150.579050099380737, -35.030346805158906 ], [ 150.579053449681254, -35.030350370615565 ], [ 150.579066957065578, -35.030364562443893 ], [ 150.57908408294449, -35.030382144787652 ], [ 150.579097431805081, -35.030395543766737 ], [ 150.579101468148878, -35.030399555618928 ], [ 150.579136394095002, -35.030434269499125 ], [ 150.579171320043798, -35.030468984271209 ], [ 150.579202751624535, -35.030500225358949 ], [ 150.579202752693249, -35.030500226281745 ], [ 150.579206246048471, -35.030503698133323 ], [ 150.579241172055845, -35.030538412887331 ], [ 150.579251648925833, -35.030548825670415 ], [ 150.579251648899259, -35.030548826571341 ], [ 150.579276097023808, -35.030573126709506 ], [ 150.579307529752356, -35.03060436869562 ], [ 150.579307530821069, -35.030604369618416 ], [ 150.579311023116333, -35.030607840544498 ], [ 150.579345949211614, -35.030642555271363 ], [ 150.579380875362745, -35.030677269088272 ], [ 150.579412308170362, -35.030708511049987 ], [ 150.579412308143816, -35.030708511950913 ], [ 150.579415801543149, -35.030711982896136 ], [ 150.579415801516575, -35.030711983797076 ], [ 150.579450727726282, -35.030746697595887 ], [ 150.579485653965293, -35.030781411385668 ], [ 150.579485653938718, -35.030781412286593 ], [ 150.579520580207031, -35.030816126067343 ], [ 150.579555506478044, -35.030850840739973 ], [ 150.579569476812765, -35.03086472534082 ], [ 150.579569476786219, -35.030864726241767 ], [ 150.579590432804906, -35.030885554502632 ], [ 150.579625359134496, -35.030920269157185 ], [ 150.579660285519964, -35.030954982901754 ], [ 150.579695211908131, -35.030989697538224 ], [ 150.579730137283462, -35.031024410341921 ], [ 150.579730138352204, -35.031024411264724 ], [ 150.579745947505558, -35.031040124651234 ], [ 150.579765064798949, -35.03105912588309 ], [ 150.579799991301599, -35.031093839591506 ], [ 150.579834917806949, -35.03112855419181 ], [ 150.579869844368147, -35.031163267882135 ], [ 150.579904770932075, -35.031197982464342 ], [ 150.579939697551879, -35.031232696136584 ], [ 150.579955506784813, -35.031248409498531 ], [ 150.579974624174412, -35.031267410700721 ], [ 150.580009549757477, -35.031302124333024 ], [ 150.580044476438587, -35.031336838879078 ], [ 150.580079403175546, -35.031371552515147 ], [ 150.580114329941807, -35.031406266142184 ], [ 150.580149256710797, -35.031440980661095 ], [ 150.580184183535664, -35.031475694270036 ], [ 150.580219110363203, -35.031510408770878 ], [ 150.580225076147684, -35.031516337733912 ], [ 150.580225077216426, -35.031516338656715 ], [ 150.580178653247685, -35.031547939859607 ], [ 150.580178652178944, -35.031547938936818 ], [ 150.58017268639577, -35.03154200997156 ], [ 150.580137759549444, -35.03150729635869 ], [ 150.580102832758968, -35.031472581835857 ], [ 150.580067905971219, -35.031437868204904 ], [ 150.580032979239348, -35.03140315366398 ], [ 150.579998052510177, -35.031368440014944 ], [ 150.579963125836855, -35.031333725455937 ], [ 150.579928199166289, -35.031299011788818 ], [ 150.579909082876298, -35.031280010601407 ], [ 150.579893273646888, -35.031264297233584 ], [ 150.5798583470349, -35.031229583548395 ], [ 150.57982342047876, -35.0311948689532 ], [ 150.579788493925321, -35.031160155249928 ], [ 150.579753567427787, -35.031125440636664 ], [ 150.579718640932953, -35.031090726915295 ], [ 150.579699523617279, -35.031071726577252 ], [ 150.579683714494024, -35.031056012283955 ], [ 150.579683713398708, -35.031056012262098 ], [ 150.579648788057767, -35.031021298544502 ], [ 150.579613861650813, -35.030986584796004 ], [ 150.579578935299736, -35.030951870137542 ], [ 150.579544008951359, -35.030917156370961 ], [ 150.579523052963907, -35.030896327201368 ], [ 150.579523052963907, -35.030896327201368 ], [ 150.579509082658859, -35.030882441694416 ], [ 150.579474156369088, -35.030847727909745 ], [ 150.579439230135193, -35.030813013215131 ], [ 150.579439230161739, -35.030813012314169 ], [ 150.579404303903971, -35.030778299412383 ], [ 150.579369377728625, -35.03074358469965 ], [ 150.579369377755199, -35.030743583798724 ], [ 150.579365884356633, -35.030740112852222 ], [ 150.579365884383208, -35.030740111951282 ], [ 150.579334451556036, -35.030708870878826 ], [ 150.579299525439296, -35.030674156148024 ], [ 150.579264599325228, -35.030639442309123 ], [ 150.579261107057306, -35.03063597048083 ], [ 150.579261105988593, -35.030635969558041 ], [ 150.579229673267065, -35.030604727560238 ], [ 150.579205225148002, -35.030580427413007 ], [ 150.579205225148002, -35.030580427413007 ], [ 150.579194748306918, -35.030570013725111 ], [ 150.579159822307332, -35.030535298958156 ], [ 150.579156328952905, -35.030531827105278 ], [ 150.579156327884192, -35.030531826182489 ], [ 150.579124896310447, -35.030500585083082 ], [ 150.579089970369466, -35.030465870298045 ], [ 150.579055044431186, -35.03043115640488 ], [ 150.579051008088271, -35.03042714455119 ], [ 150.579037291986594, -35.030413377650966 ], [ 150.579019694878383, -35.030395311724384 ], [ 150.579005816537233, -35.030380729363948 ], [ 150.579002373791383, -35.030377065604036 ], [ 150.578985331905045, -35.030358642959378 ], [ 150.578968570234878, -35.030340046515178 ], [ 150.578952093055591, -35.030321279962749 ], [ 150.578935902531072, -35.030302344246856 ], [ 150.578920000692335, -35.030283244816928 ], [ 150.578904390798527, -35.030263982639617 ], [ 150.578889074933812, -35.030244561362473 ], [ 150.578877035315259, -35.030228912304388 ], [ 150.578874054086924, -35.030224984611202 ], [ 150.578859333681152, -35.030205254297123 ], [ 150.578844912488023, -35.030185374903098 ], [ 150.578830795930742, -35.030165348340439 ], [ 150.578816983902783, -35.030145178212976 ], [ 150.578803480705432, -35.030124867311073 ], [ 150.57879028620556, -35.030104420139473 ], [ 150.578777403662286, -35.030083837664819 ], [ 150.578764834011196, -35.030063125314641 ], [ 150.578752581580147, -35.030042284978379 ], [ 150.57874064626256, -35.030021320259827 ], [ 150.578729030142455, -35.030000234806558 ], [ 150.578717735330514, -35.029979031365166 ], [ 150.578706763910702, -35.029957713583194 ], [ 150.578696117993672, -35.029936284207281 ], [ 150.578685797446269, -35.029914747742126 ], [ 150.578677778410849, -35.029897443619831 ], [ 150.578675805500922, -35.029893106055297 ], [ 150.578666143119818, -35.029871363673372 ], [ 150.578656811318183, -35.029849523321111 ], [ 150.578647813248779, -35.029827589568796 ], [ 150.578639148858173, -35.029805564218421 ], [ 150.57863081910844, -35.029783451796511 ], [ 150.578622827178918, -35.029761255972495 ], [ 150.578622133662435, -35.029759280542748 ], [ 150.57862213259375, -35.029759279619945 ], [ 150.578618193184298, -35.0297478993268 ], [ 150.5786181932109, -35.02974789842586 ], [ 150.578615171920802, -35.029738978526431 ], [ 150.578607856460224, -35.029716624929527 ], [ 150.578600881812463, -35.029694197906551 ], [ 150.578596140329921, -35.029678244703568 ], [ 150.578595584777929, -35.029676347751113 ], [ 150.578595584777929, -35.029676347751113 ], [ 150.578594344935993, -35.029672162745321 ], [ 150.578587837001407, -35.029651300964893 ], [ 150.578580823867213, -35.029630549893483 ], [ 150.578573307485101, -35.029609917683139 ], [ 150.5785652908489, -35.029589414309633 ], [ 150.578556778153938, -35.029569046166884 ], [ 150.578547771325276, -35.029548822307859 ], [ 150.57854777135185, -35.029548821406941 ], [ 150.578538274505064, -35.029528750928343 ], [ 150.578528291862142, -35.02950883932315 ], [ 150.578527381568534, -35.029507079521643 ], [ 150.578527381595109, -35.029507078620696 ], [ 150.578517826416714, -35.029489096567097 ], [ 150.578506884554713, -35.02946952909781 ], [ 150.578506883486028, -35.029469528175021 ], [ 150.578495468201169, -35.029450145968248 ], [ 150.578483582619953, -35.029430954495069 ], [ 150.57847930303592, -35.029424269436326 ], [ 150.57847930303592, -35.029424269436326 ], [ 150.578471233048589, -35.029411962895892 ], [ 150.578471231979904, -35.029411961973103 ], [ 150.578458423682235, -35.029393177564593 ], [ 150.578449795367959, -35.029380999601628 ], [ 150.578444975975287, -35.029374298354725 ], [ 150.578428002766515, -35.029350699905521 ], [ 150.578417082771722, -35.029335517581053 ], [ 150.578389189620395, -35.029296735900871 ], [ 150.578361296468159, -35.029257955116051 ], [ 150.578333403341588, -35.029219174325668 ], [ 150.578305510267228, -35.029180392628781 ], [ 150.578299931858567, -35.029172636833664 ], [ 150.578299931885169, -35.029172635932731 ], [ 150.578285426354682, -35.029152468126604 ], [ 150.578277483425779, -35.029141354042174 ], [ 150.578277483425779, -35.029141354042174 ], [ 150.578277243540271, -35.029141015710827 ], [ 150.578263486251785, -35.029121414538508 ], [ 150.57824973248637, -35.029101359999231 ], [ 150.578238391919768, -35.029084462792007 ], [ 150.578236223144842, -35.029081193149047 ], [ 150.578233550169273, -35.029077146292956 ], [ 150.578233550195876, -35.02907714539203 ], [ 150.578227326250584, -35.029067608934518 ], [ 150.57822302476788, -35.029060887371415 ], [ 150.578221635633781, -35.029058716854976 ], [ 150.578221633549589, -35.029058713207505 ], [ 150.57822163245433, -35.029058713185634 ], [ 150.578221582194317, -35.029058633754737 ], [ 150.578221582220891, -35.029058632853811 ], [ 150.578209994580902, -35.029040527257337 ], [ 150.578209985122271, -35.029040513546512 ], [ 150.578207926605302, -35.029037295685249 ], [ 150.578206832859024, -35.029035588108847 ], [ 150.578205516816723, -35.029033428967878 ], [ 150.578197349704027, -35.029020034207868 ], [ 150.578197317292648, -35.029019981275809 ], [ 150.57819728488127, -35.029019928343729 ], [ 150.578184767057309, -35.028999400870134 ], [ 150.578179818510193, -35.028991284441737 ], [ 150.578178426130336, -35.028989001177159 ], [ 150.578177172116227, -35.028986819836483 ], [ 150.578172531347946, -35.028978746513801 ], [ 150.578172506337609, -35.028978702744141 ], [ 150.578172480232041, -35.028978658952617 ], [ 150.578160540583099, -35.028957887908206 ], [ 150.578160505151885, -35.028957825901209 ], [ 150.578150782630075, -35.028940914120959 ], [ 150.578150002903584, -35.028939558075095 ], [ 150.57814969548042, -35.028938983113001 ], [ 150.578148656868564, -35.028937041355277 ], [ 150.578137444250046, -35.02891607027869 ], [ 150.578137388189646, -35.028915964589515 ], [ 150.578137374695586, -35.028915939079084 ], [ 150.578134703415856, -35.028910943915783 ], [ 150.578126158876501, -35.028894965233228 ], [ 150.578126119463064, -35.028894889624738 ], [ 150.578115257886623, -35.028874575511061 ], [ 150.578115130107932, -35.028874337677586 ], [ 150.578115086297004, -35.028874336802701 ], [ 150.57811498219283, -35.028874336526727 ], [ 150.578113863955252, -35.02887186221696 ], [ 150.578104122608977, -35.028852544052675 ], [ 150.578093645634283, -35.028831192821919 ], [ 150.578083427644202, -35.028809755714398 ], [ 150.578073471844618, -35.028788235498553 ], [ 150.578063778155496, -35.028766634877265 ], [ 150.578054346523544, -35.028744955652421 ], [ 150.578045180181221, -35.028723199691576 ], [ 150.578036277979834, -35.028701368774762 ], [ 150.578027642003377, -35.028679466549519 ], [ 150.578019272198475, -35.028657494817743 ], [ 150.5780111707289, -35.028635454524171 ], [ 150.578003337514616, -35.028613348371636 ], [ 150.577995772449128, -35.028591179963904 ], [ 150.577988477722727, -35.028568949344773 ], [ 150.577981454297543, -35.028546661040806 ], [ 150.577974702173321, -35.02852431505206 ], [ 150.577968221243538, -35.028501914982272 ], [ 150.577964207649075, -35.028487520498317 ], [ 150.577962013645276, -35.028479462677097 ], [ 150.577956078203329, -35.028456960817508 ], [ 150.577950417054808, -35.028434411249115 ], [ 150.577945031241541, -35.028411815795707 ], [ 150.577943227638542, -35.028403972205759 ], [ 150.577934891102018, -35.02836735957127 ], [ 150.57792480522366, -35.028323070298754 ], [ 150.577914719381369, -35.028278780124637 ], [ 150.577904634617255, -35.028234490872627 ], [ 150.577894548767375, -35.028190201598044 ], [ 150.57788446404885, -35.02814591144373 ], [ 150.577874378217956, -35.028101622167767 ], [ 150.577864293491871, -35.028057332912994 ], [ 150.577854207706594, -35.028013042734727 ], [ 150.577844121904207, -35.027968753456712 ], [ 150.577834037233202, -35.02792446329893 ], [ 150.577823951449858, -35.027880174019529 ], [ 150.577813866771265, -35.027835884761309 ], [ 150.577803781033509, -35.02779159457959 ], [ 150.577800546515192, -35.027777391434896 ], [ 150.577793695278672, -35.027747305298114 ], [ 150.577783610628558, -35.027703016037833 ], [ 150.577773524919337, -35.027658725854039 ], [ 150.577763440288237, -35.027614436592366 ], [ 150.577753354598002, -35.027570146407193 ], [ 150.577743269985916, -35.027525857144148 ], [ 150.577733184288064, -35.02748156785853 ], [ 150.577729949817694, -35.027467363811354 ], [ 150.577723098626336, -35.027437277671297 ], [ 150.577713014042786, -35.027392988406177 ], [ 150.577702928400043, -35.027348698217558 ], [ 150.57769284383545, -35.027304408951046 ], [ 150.577682758185148, -35.027260119661982 ], [ 150.577672672570912, -35.027215829471302 ], [ 150.577662588034855, -35.02717154020273 ], [ 150.577652502413031, -35.02712725091159 ], [ 150.57764241792259, -35.027082960740714 ], [ 150.57763233231978, -35.027038671448203 ], [ 150.577622247848325, -35.026994381275919 ], [ 150.577612162264501, -35.02695009198203 ], [ 150.577602076690198, -35.026905802687452 ], [ 150.57759199224725, -35.026861512513129 ], [ 150.577581906691933, -35.026817223217151 ], [ 150.577571822241396, -35.026772933942382 ], [ 150.577561736731695, -35.0267286437441 ], [ 150.577551651204885, -35.026684354446068 ], [ 150.577542981212275, -35.02664627745721 ], [ 150.57754156680943, -35.026640064268278 ], [ 150.577531481301662, -35.026595774968875 ], [ 150.577521396898618, -35.026551485690639 ], [ 150.577511311436439, -35.026507195488918 ], [ 150.57750122705238, -35.026462906209304 ], [ 150.577491141609215, -35.026418616006197 ], [ 150.577481056148912, -35.026374326703333 ], [ 150.577470971793389, -35.026330037421658 ], [ 150.577470369332616, -35.026327392214299 ], [ 150.577460886378702, -35.026285747216484 ], [ 150.577454417603491, -35.026257339110089 ], [ 150.577450789087578, -35.026240857300223 ], [ 150.577446128935549, -35.026217818374995 ], [ 150.577441935240728, -35.026194718452629 ], [ 150.577438211102333, -35.026171563905244 ], [ 150.577434957402431, -35.02614836196225 ], [ 150.577432172859204, -35.026125118908304 ], [ 150.577429860598414, -35.026101840214629 ], [ 150.577428019285065, -35.02607853396777 ], [ 150.577426650976236, -35.026055204716108 ], [ 150.577425755432188, -35.026031860568075 ], [ 150.577425333561592, -35.026008507852033 ], [ 150.577425326092822, -35.026007572885568 ], [ 150.577425326119425, -35.026007571984636 ], [ 150.577425384109205, -35.025985151951687 ], [ 150.577425907983752, -35.025961799195457 ], [ 150.577426906040643, -35.025938457713529 ], [ 150.577427533459286, -35.025927560738772 ], [ 150.577428375902883, -35.02591513376867 ], [ 150.57743031743712, -35.025891831865515 ], [ 150.577430317463751, -35.025891830964596 ], [ 150.577430581369896, -35.025889053419164 ], [ 150.577430754311763, -35.025887241326764 ], [ 150.577430754338337, -35.025887240425838 ], [ 150.577431616760407, -35.025878257443964 ], [ 150.57743161678701, -35.025878256543024 ], [ 150.577432479208852, -35.025869273561113 ], [ 150.577432564892774, -35.025868375612355 ], [ 150.577492634317451, -35.025872276224845 ], [ 150.577492547538924, -35.025873174151791 ], [ 150.577491686218821, -35.025882157156261 ], [ 150.577491685096987, -35.025882158035316 ], [ 150.577490823750054, -35.025891141940697 ], [ 150.577490823723451, -35.02589114284163 ], [ 150.577490649714235, -35.025892954011368 ], [ 150.57749039528025, -35.025895633486662 ], [ 150.577490395253648, -35.025895634387595 ], [ 150.577488521905678, -35.025918111913725 ], [ 150.577487709972701, -35.02593009957981 ], [ 150.577487103801332, -35.02594061115321 ], [ 150.577486142169164, -35.025963127623257 ], [ 150.577485637248913, -35.025985653215528 ], [ 150.577485580747066, -35.026007280892458 ], [ 150.577485580720491, -35.026007281793383 ], [ 150.577485588078673, -35.026008183403498 ], [ 150.577485994898183, -35.026030710078828 ], [ 150.577486858936027, -35.026053228758705 ], [ 150.577488179283478, -35.026075733114745 ], [ 150.577489955085042, -35.026098215016681 ], [ 150.577492185378816, -35.026120669937981 ], [ 150.577494871446589, -35.026143091594001 ], [ 150.577498010215777, -35.026165472711611 ], [ 150.577501602941567, -35.026187807907093 ], [ 150.577505647619944, -35.026210090830155 ], [ 150.577510143342266, -35.026232315152356 ], [ 150.57751364332978, -35.026248213851254 ], [ 150.5775201121252, -35.026276621955319 ], [ 150.577529595108672, -35.026318266949758 ], [ 150.577530197571321, -35.026320912156891 ], [ 150.577540281958335, -35.026365201434949 ], [ 150.577550367450044, -35.026409490734224 ], [ 150.5775604529247, -35.026453780933714 ], [ 150.577570537340193, -35.026498070209712 ], [ 150.577580622860438, -35.026542359506884 ], [ 150.577590707268314, -35.02658664968245 ], [ 150.577600792807573, -35.026630938978258 ], [ 150.577602207214795, -35.026637152166678 ], [ 150.577610878329722, -35.026675229174302 ], [ 150.577620962792707, -35.026719518446846 ], [ 150.577631048360473, -35.026763807740593 ], [ 150.57764113281587, -35.026808097912699 ], [ 150.577651218402622, -35.026852387205054 ], [ 150.577661302877061, -35.026896677375774 ], [ 150.577671388482798, -35.026940966666757 ], [ 150.577681474098057, -35.026985255957023 ], [ 150.577691558600975, -35.027029546125675 ], [ 150.577701644235248, -35.027073835414598 ], [ 150.577711728783754, -35.027118124680939 ], [ 150.577721814410438, -35.027162414869402 ], [ 150.577731900073189, -35.027206704156228 ], [ 150.577741984623628, -35.027250994321435 ], [ 150.577752070305422, -35.02729528360689 ], [ 150.57776215490145, -35.027339572869785 ], [ 150.577772240575626, -35.02738386305478 ], [ 150.57778232519064, -35.02742815231629 ], [ 150.577789176403371, -35.027458238453903 ], [ 150.577792410910433, -35.027472441598995 ], [ 150.577802496613145, -35.02751673178193 ], [ 150.577812581256666, -35.027561021041372 ], [ 150.577822666978363, -35.027605311222935 ], [ 150.577832751640926, -35.027649600481006 ], [ 150.577842837408213, -35.027693889760251 ], [ 150.577852923158417, -35.027738179939732 ], [ 150.577859773321052, -35.027768266052185 ], [ 150.577863007849487, -35.027782469195721 ], [ 150.577873093618678, -35.027826759373831 ], [ 150.577883178328733, -35.027871048628434 ], [ 150.57789326414354, -35.02791533790424 ], [ 150.577903349941266, -35.027959628080268 ], [ 150.577913434679829, -35.028003917332825 ], [ 150.577923520523143, -35.028048206606549 ], [ 150.577933605254117, -35.028092496758639 ], [ 150.577943691116445, -35.028136786030984 ], [ 150.577953775866405, -35.028181076181703 ], [ 150.577963861747776, -35.028225365452663 ], [ 150.577973947638611, -35.028269654722926 ], [ 150.577984032417106, -35.028313944871584 ], [ 150.577994118326956, -35.028358234140477 ], [ 150.578002454889429, -35.028394846771988 ], [ 150.578004219659789, -35.028402521012104 ], [ 150.578009490526711, -35.028424630082121 ], [ 150.578015029008668, -35.028446694915736 ], [ 150.578020836280928, -35.028468712832002 ], [ 150.57802298394472, -35.0284765957445 ], [ 150.578026910232978, -35.028490681084364 ], [ 150.578033251986824, -35.028512598793704 ], [ 150.57803985831012, -35.028534464092537 ], [ 150.578046731526484, -35.028556272519893 ], [ 150.578053869445625, -35.028578024031994 ], [ 150.578061271052235, -35.028599715904136 ], [ 150.578068935331032, -35.028621345411615 ], [ 150.578076863404021, -35.028642911675313 ], [ 150.578085052092007, -35.028664411025872 ], [ 150.578093502543595, -35.028685841683227 ], [ 150.578102212621644, -35.028707201801737 ], [ 150.578111182379473, -35.028728489579485 ], [ 150.578120410801802, -35.028749702291762 ], [ 150.578129895751459, -35.028770838092903 ], [ 150.578139637281765, -35.02879189518098 ], [ 150.578149635499273, -35.02881286995224 ], [ 150.578159887118318, -35.02883376234098 ], [ 150.578169418286905, -35.028852664335467 ], [ 150.578169418260302, -35.028852665236379 ], [ 150.57817039221888, -35.028854569644366 ], [ 150.578181149785621, -35.028875289137673 ], [ 150.578189513365345, -35.028891012694871 ], [ 150.578192158776545, -35.028895918997101 ], [ 150.578203418149769, -35.02891645739885 ], [ 150.578214926889984, -35.028936901618188 ], [ 150.578226683928563, -35.028957250732269 ], [ 150.578238687154936, -35.028977501994468 ], [ 150.578250935527166, -35.02899765358098 ], [ 150.578263429125087, -35.029017702788963 ], [ 150.578274793886862, -35.029035525378035 ], [ 150.578274794982121, -35.029035525399905 ], [ 150.578276164663123, -35.02903764955272 ], [ 150.578286528106275, -35.029053529325793 ], [ 150.578286528079701, -35.029053530226733 ], [ 150.578289143369545, -35.029057489389388 ], [ 150.578291266001202, -35.029060688697413 ], [ 150.578302361958663, -35.029077222233283 ], [ 150.578315820537, -35.029096844480634 ], [ 150.578329281223489, -35.029116024150341 ], [ 150.578329515845439, -35.029116355164788 ], [ 150.578329515818865, -35.029116356065714 ], [ 150.578337287188646, -35.029127230537952 ], [ 150.578351792754717, -35.029147397437356 ], [ 150.578351793823401, -35.029147398360145 ], [ 150.578357372208984, -35.029155155053978 ], [ 150.578385265327285, -35.029193935838791 ], [ 150.578413158444647, -35.029232717518966 ], [ 150.578441051614277, -35.029271498292651 ], [ 150.578468944809572, -35.029310279060759 ], [ 150.578479864811186, -35.029325461380878 ], [ 150.578496838003929, -35.029349060724229 ], [ 150.578501657426159, -35.029355761068288 ], [ 150.578510683464685, -35.029368499565571 ], [ 150.578524081073255, -35.029388148519025 ], [ 150.57852408104668, -35.029388149419951 ], [ 150.578532522286196, -35.029401022276517 ] ] ] ] } },
{ "type": "Feature", "properties": { "Discipline": "CV", "SubDiscipl": "PV", "FSource": "PHUP-MRBJV-JBR2HR-PV-M2D-000001-PAVEMENT-HATCH.dwg", "Comments": "Converted from \"PHUP-MRBJV-JBR2HR-PV-M2D-000001-PAVEMENT-HATCH.dwg\" using FME workbench.", "ECMLink": null, "SourceDate": "20250922", "PlanAccur": null, "Supplier": "BENG", "LineWt": null, "HatchName": "SOLID", "Layer": "Pavement Type SP1", "Text": null, "LineType": null, "Thickness": "0", "Color": "130", "SHAPE_Leng": 53.339895209799998, "SHAPE_Area": 7.7381491646200002 }, "geometry": { "type": "MultiPolygon", "coordinates": [ [ [ [ 150.58448375298056, -34.996182397475728 ], [ 150.584478154615738, -34.996183269521786 ], [ 150.584471366500793, -34.996186118239542 ], [ 150.5844550332952, -34.996194672528539 ], [ 150.584443479872249, -34.996201618200665 ], [ 150.584441914608277, -34.996202096367483 ], [ 150.584472790319921, -34.996089995965974 ], [ 150.584484361918754, -34.996107768916289 ], [ 150.584491514152916, -34.996114519070623 ], [ 150.584493378201671, -34.996116397881096 ], [ 150.584490244566268, -34.996136612223879 ], [ 150.584488187448699, -34.996148342644048 ], [ 150.58448375298056, -34.996182397475728 ], [ 150.584457102137179, -34.996100048717246 ], [ 150.584452178115612, -34.996132794785368 ], [ 150.584450436660546, -34.996144556730393 ], [ 150.584443811816868, -34.996189284608541 ], [ 150.584443811790351, -34.99618928550948 ], [ 150.584441914608277, -34.996202096367483 ], [ 150.58448375298056, -34.996182397475728 ] ] ] ] } },
{ "type": "Feature", "properties": { "Discipline": "CV", "SubDiscipl": "PV", "FSource": "PHUP-MRBJV-JBR2HR-PV-M2D-000001-PAVEMENT-HATCH.dwg", "Comments": "Converted from \"PHUP-MRBJV-JBR2HR-PV-M2D-000001-PAVEMENT-HATCH.dwg\" using FME workbench.", "ECMLink": null, "SourceDate": "20250922", "PlanAccur": null, "Supplier": "BENG", "LineWt": null, "HatchName": "SOLID", "Layer": "Pavement Type SP1", "Text": null, "LineType": null, "Thickness": "0", "Color": "130", "SHAPE_Leng": 511.63574436200003, "SHAPE_Area": 775.40806139100005 }, "geometry": { "type": "MultiPolygon", "coordinates": [ [ [ [ 150.577545902527476, -35.02587072593785 ], [ 150.577538797720592, -35.025871364697991 ], [ 150.577538796625362, -35.025871364676114 ], [ 150.577534054228437, -35.025871790999894 ], [ 150.577534053133206, -35.02587179097803 ], [ 150.577522268398837, -35.025871556497158 ], [ 150.577522267303607, -35.02587155647528 ], [ 150.577516373583705, -35.025871410811313 ], [ 150.577504588967827, -35.025871060943807 ], [ 150.577504587872568, -35.025871060921936 ], [ 150.577486910209046, -35.025870394123302 ], [ 150.577457458740071, -35.025868899890455 ], [ 150.577428031224798, -35.025866928353466 ], [ 150.577419329052645, -35.025866253319656 ], [ 150.577419327957415, -35.025866253297785 ], [ 150.577410428259014, -35.025865290356982 ], [ 150.577410427163784, -35.025865290335105 ], [ 150.577410311388235, -35.025865277204993 ], [ 150.577410310293004, -35.025865277183115 ], [ 150.57740223870212, -35.025864364136865 ], [ 150.57740223760689, -35.025864364114987 ], [ 150.577398730787223, -35.025863956019165 ], [ 150.577398728596762, -35.025863955975417 ], [ 150.577394147962906, -35.02586287467264 ], [ 150.577394146867675, -35.02586287465077 ], [ 150.577386138138309, -35.025860982968624 ], [ 150.577386137043078, -35.025860982946746 ], [ 150.577370152282867, -35.025857205642843 ], [ 150.577341710102559, -35.02585047781514 ], [ 150.577313080189384, -35.02584498664411 ], [ 150.577284362639517, -35.025839939940028 ], [ 150.577255771626255, -35.025834430601904 ], [ 150.577227316980554, -35.025828459727663 ], [ 150.577199010670654, -35.025822030260898 ], [ 150.577188147237962, -35.025819431584786 ], [ 150.577188146142731, -35.025819431562894 ], [ 150.577170863569421, -35.025815145123303 ], [ 150.577142886603042, -35.025807805434717 ], [ 150.577115090617866, -35.025800015017822 ], [ 150.57708748539153, -35.025791776772429 ], [ 150.577060082892189, -35.025783093642197 ], [ 150.577032892870903, -35.025773969427895 ], [ 150.577005926173911, -35.025764407952217 ], [ 150.576979192578847, -35.025754412115063 ], [ 150.576952704027207, -35.025743985760975 ], [ 150.576926469148077, -35.025733133569858 ], [ 150.576900498814268, -35.025721858463484 ], [ 150.576874801601718, -35.025710166923623 ], [ 150.576849390600245, -35.025698061014879 ], [ 150.576824272168608, -35.025685548076204 ], [ 150.576799375130832, -35.025672737565664 ], [ 150.576817223313924, -35.025650034736785 ], [ 150.576822134989243, -35.025652485687097 ], [ 150.576822136057871, -35.025652486609907 ], [ 150.576841574221817, -35.025662561189108 ], [ 150.576866139659131, -35.025674799848716 ], [ 150.576890991976825, -35.025686638576587 ], [ 150.576916123614524, -35.025698073615665 ], [ 150.576941522657393, -35.025709100220404 ], [ 150.576967180476402, -35.025719713710913 ], [ 150.576993087320517, -35.025729910286394 ], [ 150.577019232317014, -35.025739687025073 ], [ 150.57704560576812, -35.02574903832425 ], [ 150.577072197896172, -35.025757961284093 ], [ 150.577098997801755, -35.025766453883762 ], [ 150.577125995787014, -35.025774510520613 ], [ 150.577153179857277, -35.025782129151963 ], [ 150.577180542398736, -35.02578930782262 ], [ 150.577197444189494, -35.025793500113714 ], [ 150.577197445284725, -35.025793500135592 ], [ 150.577208070401184, -35.025796041765325 ], [ 150.577235754033779, -35.025802329882055 ], [ 150.577263582423569, -35.025808169251157 ], [ 150.577291544670999, -35.025813557851826 ], [ 150.577319629903144, -35.025818492762411 ], [ 150.577334486523597, -35.025820912471218 ], [ 150.577336536140564, -35.025821235570426 ], [ 150.577336537209192, -35.025821236493243 ], [ 150.577347626084105, -35.025823882929572 ], [ 150.577375430900759, -35.025830521400202 ], [ 150.577391058685265, -35.025834251908478 ], [ 150.57743203100415, -35.025840093260683 ], [ 150.577460816991305, -35.025842005106519 ], [ 150.577489625517728, -35.025843450437819 ], [ 150.577506917037056, -35.025844093296875 ], [ 150.577506918132286, -35.02584409331876 ], [ 150.577556582605524, -35.025842855971582 ], [ 150.577562566039234, -35.025842301185605 ], [ 150.577572928574767, -35.025841338960426 ], [ 150.577572929669998, -35.025841338982303 ], [ 150.577575568099377, -35.025841094197084 ], [ 150.577577769163526, -35.025840890256745 ], [ 150.577577770258756, -35.025840890278623 ], [ 150.577578869161272, -35.02584078782516 ], [ 150.577578870256502, -35.025840787847031 ], [ 150.577583930636337, -35.02584031829204 ], [ 150.577583931731567, -35.025840318313918 ], [ 150.577589432762267, -35.025839807979345 ], [ 150.577589433857497, -35.02583980800123 ], [ 150.57759493381954, -35.025839296743591 ], [ 150.577594934914771, -35.025839296765461 ], [ 150.577603074374622, -35.025838541644561 ], [ 150.577603075469852, -35.025838541666438 ], [ 150.577630448273169, -35.025839285797176 ], [ 150.577685196072906, -35.025840774083932 ], [ 150.577739943876111, -35.025842262346025 ], [ 150.577760340417626, -35.025842817538688 ], [ 150.577760341512857, -35.025842817560559 ], [ 150.57779469165618, -35.025843751484409 ], [ 150.57784944056155, -35.025845239719082 ], [ 150.577891248771749, -35.025846375745523 ], [ 150.57789124986698, -35.025846375767401 ], [ 150.577904188375186, -35.025846727907251 ], [ 150.577958936192289, -35.025848216070756 ], [ 150.578013684012831, -35.02584970420962 ], [ 150.578041821142449, -35.025850468919479 ], [ 150.578055979476829, -35.025850854416788 ], [ 150.57805598057206, -35.025850854438652 ], [ 150.578068431836897, -35.025851192323842 ], [ 150.578123179637828, -35.02585268131434 ], [ 150.578173547465923, -35.025854050367499 ], [ 150.578173548561153, -35.025854050389363 ], [ 150.578173842030537, -35.02585405805236 ], [ 150.578173843125768, -35.025854058074231 ], [ 150.578174642459999, -35.025854080345695 ], [ 150.578174643555258, -35.025854080367559 ], [ 150.578174937024585, -35.02585408803052 ], [ 150.578174938119815, -35.025854088052391 ], [ 150.578177927468829, -35.025854169379258 ], [ 150.578186044758837, -35.025854388258239 ], [ 150.578186045854068, -35.025854388280109 ], [ 150.578191136238104, -35.025854535899732 ], [ 150.578196917879183, -35.025854728873348 ], [ 150.578207786177188, -35.025855158636055 ], [ 150.578218302782972, -35.025855659802595 ], [ 150.57821864855768, -35.025855677524504 ], [ 150.578229503925485, -35.025856285516831 ], [ 150.578240351158712, -35.025856983492083 ], [ 150.578245427682106, -35.025857340873621 ], [ 150.578251190284078, -35.025857770549351 ], [ 150.578252608409173, -35.025857879997496 ], [ 150.578262019111122, -35.025858646644885 ], [ 150.578272492290438, -35.02585957964201 ], [ 150.578272836544613, -35.025859611756836 ], [ 150.578283641489378, -35.025860665863327 ], [ 150.578294432876845, -35.025861808041569 ], [ 150.578299481328486, -35.025862373999821 ], [ 150.578305210653809, -35.025863040093427 ], [ 150.5783159726831, -35.025864360173308 ], [ 150.578318788331472, -35.025864720186462 ], [ 150.578326776448449, -35.025865751399728 ], [ 150.578337599768957, -35.025867148424432 ], [ 150.578348423089892, -35.025868545448162 ], [ 150.578353489746604, -35.025869200111096 ], [ 150.578390564601364, -35.025873985233396 ], [ 150.578407605263408, -35.025876185191429 ], [ 150.57846172079087, -35.02588317024798 ], [ 150.57849706527, -35.025887732383737 ], [ 150.57849706636523, -35.0258877324056 ], [ 150.578515837424135, -35.025890155302584 ], [ 150.578551180814998, -35.025894717400938 ], [ 150.578551181883682, -35.025894718323741 ], [ 150.57856373450835, -35.025896338259862 ], [ 150.578569952946282, -35.025897141212482 ], [ 150.57860529634408, -35.025901703295283 ], [ 150.57860529743931, -35.025901703317153 ], [ 150.578624068505604, -35.025904126197645 ], [ 150.57866908784726, -35.025909937050216 ], [ 150.578678184075613, -35.025911111159019 ], [ 150.578692612258635, -35.025912974059196 ], [ 150.578696170974638, -35.025913443551808 ], [ 150.578713892446274, -35.025916080746455 ], [ 150.578731497708986, -35.025919202408851 ], [ 150.578748967128604, -35.025922805442704 ], [ 150.578748967128604, -35.025922805442704 ], [ 150.578766280028844, -35.025926884927976 ], [ 150.578783417897284, -35.02593143688933 ], [ 150.578783418992515, -35.025931436911186 ], [ 150.578800362274706, -35.025936455549548 ], [ 150.578806993681013, -35.025938564841574 ], [ 150.578813582634638, -35.025940813012582 ], [ 150.578819986090565, -35.025943219743617 ], [ 150.578819987159193, -35.02594322066642 ], [ 150.578823149602727, -35.025944492660273 ], [ 150.57883246780105, -35.025948581112814 ], [ 150.578841512358224, -35.025953067056228 ], [ 150.578850256265582, -35.025957937330901 ], [ 150.578858677937404, -35.025963180688443 ], [ 150.578866751566522, -35.025968780387416 ], [ 150.578874456768744, -35.025974721597549 ], [ 150.578881770995906, -35.025980988543914 ], [ 150.578888673943624, -35.025987563693455 ], [ 150.578895147550924, -35.025994427754974 ], [ 150.57889613914395, -35.025995548236303 ], [ 150.578901172635113, -35.026001562316331 ], [ 150.578906733325738, -35.026008948130055 ], [ 150.578911813805462, -35.026016564146808 ], [ 150.57891640044744, -35.026024389360963 ], [ 150.578920480720001, -35.026032402788736 ], [ 150.578924042171252, -35.02604058074359 ], [ 150.578927075555185, -35.026048902307323 ], [ 150.578927076623842, -35.026048903230127 ], [ 150.578929572800803, -35.026057343880815 ], [ 150.578931526958911, -35.026065880985861 ], [ 150.578932932122399, -35.026074490967957 ], [ 150.578933785696393, -35.026083150337307 ], [ 150.578950530192373, -35.026117048778495 ], [ 150.578950531234455, -35.026117050602224 ], [ 150.578950547104881, -35.026117069849761 ], [ 150.578950559663014, -35.02611708993264 ], [ 150.578950561720603, -35.02611709448103 ], [ 150.578950568882277, -35.026117111751802 ], [ 150.578950573667441, -35.026117135285361 ], [ 150.578950574470298, -35.026117145217484 ], [ 150.578950574284249, -35.026117151524033 ], [ 150.578950575285376, -35.026117414771342 ], [ 150.57895057720998, -35.026118315371775 ], [ 150.578950578106969, -35.026118953625812 ], [ 150.578950579108067, -35.026119216873141 ], [ 150.578950579887618, -35.026119784810696 ], [ 150.578950663014439, -35.026155972115305 ], [ 150.578950663871552, -35.026156165947057 ], [ 150.578950665796157, -35.026157066547491 ], [ 150.578950666693146, -35.026157704801534 ], [ 150.578950667694215, -35.026157968048842 ], [ 150.578950668591148, -35.026158606302886 ], [ 150.578950668405099, -35.026158612609429 ], [ 150.578950665523593, -35.026158635989944 ], [ 150.578950664322036, -35.026158639571811 ], [ 150.57895065828771, -35.026158658382101 ], [ 150.578950647819283, -35.026158678906775 ], [ 150.578950642050728, -35.026158688707724 ], [ 150.578950632969878, -35.026158699344023 ], [ 150.578950616009735, -35.02615871703474 ], [ 150.578934310024806, -35.026191975557794 ], [ 150.578934329319964, -35.02620060835708 ], [ 150.578934330178072, -35.026200987890327 ], [ 150.578934350331309, -35.026210000222846 ], [ 150.578934371606323, -35.026219011676268 ], [ 150.578934391759446, -35.026228024008766 ], [ 150.578934413034318, -35.026237035462174 ], [ 150.578934433187328, -35.02624604779465 ], [ 150.578934453366884, -35.026255059226166 ], [ 150.578934474615011, -35.026264071580464 ], [ 150.57893449476785, -35.026273083912905 ], [ 150.578934501712496, -35.026276117476037 ], [ 150.578934501685893, -35.026276118376977 ], [ 150.57893453619522, -35.026291107698654 ], [ 150.578934545399648, -35.026295141931342 ], [ 150.578934545373073, -35.026295142832275 ], [ 150.578934597801492, -35.026318142915798 ], [ 150.578934597774889, -35.026318143816731 ], [ 150.578934639201691, -35.026336167602366 ], [ 150.578934657482961, -35.026344277532438 ], [ 150.578934684571209, -35.026345179536619 ], [ 150.578934120480625, -35.026352041934992 ], [ 150.578932406237726, -35.026358775001313 ], [ 150.578929575320757, -35.02636524688868 ], [ 150.578925682847114, -35.026371335196792 ], [ 150.578920802473618, -35.026376920599773 ], [ 150.578915029389833, -35.026381896822087 ], [ 150.57890847492169, -35.026386167826416 ], [ 150.578907082587307, -35.026386929714285 ], [ 150.578907080370243, -35.026386930571491 ], [ 150.578901264234702, -35.02638965137367 ], [ 150.578900513400697, -35.026389953700431 ], [ 150.578900512305466, -35.02638995367856 ], [ 150.578899147877109, -35.026390475432663 ], [ 150.578899146755305, -35.026390476311725 ], [ 150.578893536307277, -35.02639227992389 ], [ 150.578885441660617, -35.026394003295458 ], [ 150.578877133596649, -35.026394788489995 ], [ 150.578874542538387, -35.026394838631361 ], [ 150.578833821950667, -35.026394901060307 ], [ 150.578828857345485, -35.026394909226674 ], [ 150.578827762508553, -35.026394910808619 ], [ 150.578827761413294, -35.026394910786756 ], [ 150.578823380970363, -35.026394917092539 ], [ 150.578822285038171, -35.026394918652556 ], [ 150.578822283942941, -35.026394918630693 ], [ 150.578783940422596, -35.026394978014125 ], [ 150.578783939327337, -35.026394977992261 ], [ 150.578779044870856, -35.026394985754074 ], [ 150.578775175129294, -35.026394991435843 ], [ 150.578762029366629, -35.026395012061414 ], [ 150.57876202827137, -35.026395012039551 ], [ 150.578751073304403, -35.026395028622169 ], [ 150.57875101176009, -35.026367993407696 ], [ 150.578761966750022, -35.026367975924011 ], [ 150.578761967845281, -35.026367975945874 ], [ 150.578775113577024, -35.026367956221073 ], [ 150.578778982248679, -35.026367949616464 ], [ 150.578783877772196, -35.026367942777384 ], [ 150.578783878867426, -35.026367942799247 ], [ 150.578822222375152, -35.026367883415311 ], [ 150.578822223470411, -35.026367883437175 ], [ 150.578823318306974, -35.026367881855279 ], [ 150.578823319402204, -35.026367881877142 ], [ 150.578827699870317, -35.02636787467037 ], [ 150.578827700965547, -35.026367874692234 ], [ 150.57882879580211, -35.026367873110281 ], [ 150.578828796897369, -35.026367873132145 ], [ 150.578833760405644, -35.026367864943822 ], [ 150.578874480979948, -35.026367802514372 ], [ 150.578901772104729, -35.026336218252226 ], [ 150.578901730685175, -35.026318194466882 ], [ 150.578901730711749, -35.026318193565956 ], [ 150.578901678292539, -35.026295193482767 ], [ 150.578901678319113, -35.026295192581834 ], [ 150.578901669116306, -35.026291158349217 ], [ 150.578901635708235, -35.026276169049645 ], [ 150.57890163463955, -35.026276168126842 ], [ 150.578901627696155, -35.026273134563752 ], [ 150.578901607546925, -35.026264122231467 ], [ 150.578901587371064, -35.026255110800093 ], [ 150.578901566126461, -35.026246098445924 ], [ 150.578901545977061, -35.026237086113589 ], [ 150.578901524705799, -35.026228074660324 ], [ 150.578901504556313, -35.026219062327975 ], [ 150.578901484380168, -35.026210050896545 ], [ 150.578901463135281, -35.026201038542318 ], [ 150.578901462277315, -35.026200659009071 ], [ 150.578901442959022, -35.026192027110866 ], [ 150.578901422809309, -35.026183014778468 ], [ 150.578901401564281, -35.026174002424177 ], [ 150.578901388304899, -35.026168025456776 ], [ 150.578901388331474, -35.026168024555851 ], [ 150.578901387106896, -35.026167694595777 ], [ 150.57890138713347, -35.026167693694838 ], [ 150.578901369319311, -35.026160013772035 ], [ 150.578901369345914, -35.026160012871102 ], [ 150.578901360142709, -35.0261559786384 ], [ 150.578901350602081, -35.026151472933584 ], [ 150.578901350628655, -35.026151472032645 ], [ 150.578901316727183, -35.026136945173697 ], [ 150.578901316753729, -35.026136944272764 ], [ 150.578901287934912, -35.026124436793403 ], [ 150.578901287961486, -35.026124435892463 ], [ 150.578901257148772, -35.026110918734197 ], [ 150.578901251429613, -35.026108215131096 ], [ 150.578901251456188, -35.026108214230163 ], [ 150.578901235762913, -35.026101502521392 ], [ 150.578901235789488, -35.026101501620452 ], [ 150.578901222467607, -35.026095823937624 ], [ 150.578901222494181, -35.026095823036684 ], [ 150.578901213732621, -35.026091885269359 ], [ 150.578892820122434, -35.026049026207112 ], [ 150.578889841644497, -35.026042186843121 ], [ 150.578886430597265, -35.026035485782515 ], [ 150.578882595184581, -35.02602894211978 ], [ 150.578878345853894, -35.02602257319122 ], [ 150.578873696311774, -35.026016397299678 ], [ 150.578869486369712, -35.026011367830357 ], [ 150.578868657032217, -35.02601043088054 ], [ 150.578863243938827, -35.026004691379455 ], [ 150.578857471939671, -35.025999193517364 ], [ 150.578851354820955, -35.025993952894339 ], [ 150.578844911871755, -35.025988984318779 ], [ 150.578838160217117, -35.025984301654461 ], [ 150.578831118130466, -35.025979916985143 ], [ 150.578823806022598, -35.025975844240179 ], [ 150.578816243341919, -35.025972092822393 ], [ 150.57880845057889, -35.025968673958367 ], [ 150.578805805836311, -35.025967609719473 ], [ 150.578800450467611, -35.025965597116532 ], [ 150.578794941065013, -35.025963716657891 ], [ 150.578788712427638, -35.025961736201801 ], [ 150.578772800120106, -35.025957023005788 ], [ 150.578772799051478, -35.025957022082991 ], [ 150.578756703933607, -35.02595274785395 ], [ 150.578740444517877, -35.025948916567266 ], [ 150.57874044344922, -35.02594891564447 ], [ 150.57872403712625, -35.025945532154537 ], [ 150.578707503503693, -35.025942600458606 ], [ 150.57869086002529, -35.025940123609246 ], [ 150.578687517447008, -35.025939682770939 ], [ 150.578673089232893, -35.025937820770892 ], [ 150.578663991906467, -35.025936646639749 ], [ 150.578618973672576, -35.025930834905644 ], [ 150.578600202600427, -35.025928412024143 ], [ 150.578600201505168, -35.02592841200228 ], [ 150.578564857001084, -35.025923849895669 ], [ 150.578558638561219, -35.025923046942722 ], [ 150.57854608702786, -35.025921427027782 ], [ 150.578546085932601, -35.025921427005919 ], [ 150.57851074143548, -35.025916864883769 ], [ 150.578491970370692, -35.025914441985755 ], [ 150.578491969275461, -35.025914441963884 ], [ 150.578456625880477, -35.025909879848065 ], [ 150.578402510362707, -35.025902893887647 ], [ 150.578385468573543, -35.02590069480776 ], [ 150.578348394828993, -35.02589590880438 ], [ 150.578343328144115, -35.025895255042087 ], [ 150.578332504819798, -35.02589385801776 ], [ 150.578321681495908, -35.02589246099248 ], [ 150.578313692281199, -35.025891429756896 ], [ 150.578310961820875, -35.025891079557745 ], [ 150.578300525184346, -35.02588979932866 ], [ 150.578294968399064, -35.025889153807739 ], [ 150.578290073948438, -35.025888605347646 ], [ 150.578279608139695, -35.025887496713779 ], [ 150.578269128800201, -35.025886475250772 ], [ 150.578268795471644, -35.025886444255562 ], [ 150.57825863817348, -35.025885539200516 ], [ 150.57824951281944, -35.025884795378282 ], [ 150.578248137328245, -35.025884689485792 ], [ 150.578242548574138, -35.025884273197306 ], [ 150.578237626264411, -35.025883926106609 ], [ 150.578227106050605, -35.025883249985753 ], [ 150.578216577835178, -35.02588265934321 ], [ 150.578216243012662, -35.025882641839985 ], [ 150.578206043755415, -35.025882156024629 ], [ 150.578195503837861, -35.025881739129026 ], [ 150.578189896230697, -35.025881553236268 ], [ 150.578184959097968, -35.025881411381086 ], [ 150.578176841858465, -35.025881190700055 ], [ 150.578173852508485, -35.025881109373124 ], [ 150.578173851413254, -35.025881109351253 ], [ 150.578173557970388, -35.025881100787359 ], [ 150.578173556875157, -35.025881100765488 ], [ 150.578172757514039, -35.025881079394928 ], [ 150.578172756418809, -35.025881079373058 ], [ 150.57817246294934, -35.025881071710081 ], [ 150.578172461854109, -35.025881071688218 ], [ 150.578122094009501, -35.025879702633915 ], [ 150.578067346190608, -35.025878213642201 ], [ 150.578054894921706, -35.025877875756741 ], [ 150.578054893826476, -35.025877875734864 ], [ 150.578040735487463, -35.025877490237249 ], [ 150.578012598348607, -35.025876725526764 ], [ 150.577957850510074, -35.025875237386686 ], [ 150.577903102675009, -35.025873749221944 ], [ 150.577890164162568, -35.025873397081803 ], [ 150.577890163067337, -35.025873397059932 ], [ 150.577848354843439, -35.025872261032575 ], [ 150.57779360704194, -35.025870771917617 ], [ 150.577759255792103, -35.025869837971136 ], [ 150.577759254696872, -35.025869837949251 ], [ 150.577738858122046, -35.025869283657059 ], [ 150.577684110300908, -35.025867795393751 ], [ 150.577629362483236, -35.025866307105787 ], [ 150.577576683356199, -35.02586791156417 ], [ 150.577574482291311, -35.025868115504451 ], [ 150.577571843861051, -35.025868360289607 ], [ 150.577571842765821, -35.025868360267729 ], [ 150.577561480226876, -35.025869322492674 ], [ 150.577555363199338, -35.025869873708793 ], [ 150.577555362104107, -35.025869873686922 ], [ 150.577551221809756, -35.025870247131998 ], [ 150.577551220714525, -35.02587024711012 ], [ 150.577547087044735, -35.025870618884447 ], [ 150.577547085949504, -35.025870618862577 ], [ 150.577545902527476, -35.02587072593785 ] ] ] ] } },
{ "type": "Feature", "properties": { "Discipline": "CV", "SubDiscipl": "PV", "FSource": "PHUP-MRBJV-JBR2HR-PV-M2D-000001-PAVEMENT-HATCH.dwg", "Comments": "Converted from \"PHUP-MRBJV-JBR2HR-PV-M2D-000001-PAVEMENT-HATCH.dwg\" using FME workbench.", "ECMLink": null, "SourceDate": "20250922", "PlanAccur": null, "Supplier": "BENG", "LineWt": null, "HatchName": "SOLID", "Layer": "Pavement Type SP1", "Text": null, "LineType": null, "Thickness": "0", "Color": "130", "SHAPE_Leng": 3225.6182028500002, "SHAPE_Area": 4840.7027140800001 }, "geometry": { "type": "MultiPolygon", "coordinates": [ [ [ [ 150.584740986636689, -34.994542864710063 ], [ 150.584750384809524, -34.994498473263739 ], [ 150.584759784065653, -34.994454081837752 ], [ 150.584769183310186, -34.994409690410343 ], [ 150.584778582543152, -34.994365298981478 ], [ 150.584787981764549, -34.994320907551185 ], [ 150.584797380974408, -34.994276516119449 ], [ 150.584806780172698, -34.994232124686278 ], [ 150.584816179359422, -34.994187733251671 ], [ 150.584825577439773, -34.994143341793816 ], [ 150.584834976603361, -34.994098950356324 ], [ 150.584844375755409, -34.994054558917419 ], [ 150.58485377489589, -34.994010167477036 ], [ 150.584863174024804, -34.993965776035232 ], [ 150.58487257314215, -34.993921384591978 ], [ 150.584881972247956, -34.993876993147296 ], [ 150.584891371342167, -34.993832601701179 ], [ 150.584900769330062, -34.993788210231827 ], [ 150.584910168401166, -34.993743818782832 ], [ 150.584919567460702, -34.993699427332388 ], [ 150.58492896650867, -34.993655035880508 ], [ 150.584938365545128, -34.993610644427193 ], [ 150.584947764569989, -34.993566252972442 ], [ 150.584957163583283, -34.99352186151625 ], [ 150.584966562585038, -34.993477470058629 ], [ 150.584975960480392, -34.993433078577773 ], [ 150.58498535945904, -34.993388687117267 ], [ 150.584994758426092, -34.993344295655312 ], [ 150.585004157408065, -34.993299903290989 ], [ 150.585013556351981, -34.993255511826156 ], [ 150.585022955284359, -34.993211120359902 ], [ 150.585032354205168, -34.993166728892199 ], [ 150.585041753114439, -34.99312233742306 ], [ 150.585051150917337, -34.993077945930693 ], [ 150.585060549803472, -34.993033554458677 ], [ 150.58506994867804, -34.992989162985218 ], [ 150.58507934754104, -34.992944771510331 ], [ 150.585088746392472, -34.992900380033994 ], [ 150.585098145232365, -34.992855988556215 ], [ 150.585107544060719, -34.992811597077015 ], [ 150.585116941782672, -34.992767205574587 ], [ 150.585126340587891, -34.992722814092495 ], [ 150.585135739381514, -34.992678422608968 ], [ 150.585145138163625, -34.992634031123998 ], [ 150.585154536934141, -34.992589639637607 ], [ 150.585163935693089, -34.99254524814976 ], [ 150.585173334440498, -34.992500856660477 ], [ 150.585182733176339, -34.992456465169774 ], [ 150.585192130805837, -34.992412073655828 ], [ 150.585201529518542, -34.992367682162225 ], [ 150.585210928219709, -34.992323290667201 ], [ 150.585220326909308, -34.992278899170721 ], [ 150.585220326935797, -34.992278898269774 ], [ 150.58523188327365, -34.992234816547345 ], [ 150.585243439597747, -34.992190734823005 ], [ 150.58525499593452, -34.992146652195835 ], [ 150.585266552231076, -34.992102570467701 ], [ 150.585278108540336, -34.992058487836722 ], [ 150.58528966480938, -34.992014406104801 ], [ 150.585289664835869, -34.992014405203861 ], [ 150.585299062316608, -34.991970014575209 ], [ 150.585308460907072, -34.991925623065967 ], [ 150.585317859485968, -34.991881231555276 ], [ 150.585327258053297, -34.991836840043156 ], [ 150.585336656609087, -34.991792448529594 ], [ 150.585346055153309, -34.991748057014597 ], [ 150.585355453685935, -34.99170366549815 ], [ 150.58536485220705, -34.991659273980261 ], [ 150.585374249621793, -34.991614882439173 ], [ 150.585383648119773, -34.99157049091842 ], [ 150.585393046606185, -34.991526099396225 ], [ 150.585402445081058, -34.991481707872595 ], [ 150.585411843570824, -34.991437315446589 ], [ 150.585421242022562, -34.991392923920074 ], [ 150.585430640462732, -34.991348532392117 ], [ 150.585440038891363, -34.991304140862738 ], [ 150.585449436213651, -34.991259749310125 ], [ 150.585458834619146, -34.991215357777875 ], [ 150.585468233013074, -34.991170966244169 ], [ 150.585477631395463, -34.991126574709035 ], [ 150.585485266879061, -34.991090509219937 ], [ 150.585487029766284, -34.991082183172459 ], [ 150.585496428125566, -34.99103779163444 ], [ 150.585505826473252, -34.990993400094979 ], [ 150.585515224809427, -34.990949008554097 ], [ 150.585524622039202, -34.990904616989972 ], [ 150.585534020352242, -34.990860225446212 ], [ 150.585543418653685, -34.990815833901003 ], [ 150.58555281694359, -34.990771442354344 ], [ 150.585562215221955, -34.990727050806271 ], [ 150.585571613488753, -34.990682659256741 ], [ 150.585581011743983, -34.990638267705783 ], [ 150.585589266544048, -34.990599276640559 ], [ 150.585590405962165, -34.990593901314426 ], [ 150.585599926627111, -34.990549742071444 ], [ 150.585609716682342, -34.990505622443386 ], [ 150.585619772816671, -34.990461543265738 ], [ 150.585621173973493, -34.990455498848078 ], [ 150.585630039360836, -34.990417311417794 ], [ 150.58564031547121, -34.990373051813265 ], [ 150.585650591569163, -34.990328792207123 ], [ 150.585660866559863, -34.990284532577583 ], [ 150.58567114263289, -34.990240272968208 ], [ 150.58568141869344, -34.99019601335722 ], [ 150.585691693646794, -34.990151753722827 ], [ 150.585695666670631, -34.990134639949922 ], [ 150.585701969682447, -34.990107494108614 ], [ 150.585712244610875, -34.990063234470988 ], [ 150.585722520621601, -34.990018974853534 ], [ 150.58573279664634, -34.989974714333513 ], [ 150.585743071537394, -34.989930454691049 ], [ 150.585753347510774, -34.989886195068749 ], [ 150.585763623471649, -34.989841935444822 ], [ 150.585765217415599, -34.989835070015779 ], [ 150.585773952978911, -34.989797866193506 ], [ 150.585784540988215, -34.9897538714972 ], [ 150.585795394967647, -34.989709920854438 ], [ 150.585806515985098, -34.989666015187893 ], [ 150.585817903987248, -34.989622156299312 ], [ 150.585829557878895, -34.989578344166873 ], [ 150.585841477606749, -34.989534580592327 ], [ 150.585842790574503, -34.989529821714576 ], [ 150.58585364248313, -34.98949078673617 ], [ 150.585865971002562, -34.989447015064897 ], [ 150.585865971029051, -34.989447014163943 ], [ 150.585873278696766, -34.98942134957921 ], [ 150.585878459642373, -34.989403273621576 ], [ 150.58589111053891, -34.989359564251608 ], [ 150.585903921528853, -34.989315886010424 ], [ 150.585916892585516, -34.9892722397989 ], [ 150.585930024777014, -34.989228626539735 ], [ 150.585943318103006, -34.989185046232812 ], [ 150.585956770373826, -34.989141498834549 ], [ 150.585970383752283, -34.989097985289376 ], [ 150.585970383778744, -34.989097984388437 ], [ 150.585984156048596, -34.989054505553668 ], [ 150.58599808942563, -34.989011060571869 ], [ 150.586012181667115, -34.988967651201285 ], [ 150.586026433894119, -34.98892427656272 ], [ 150.586040846079896, -34.98888093755702 ], [ 150.586043445621243, -34.988873174431745 ], [ 150.586055417129501, -34.988837634162337 ], [ 150.586070146989783, -34.988794368180514 ], [ 150.586073112095022, -34.988785719871856 ], [ 150.58607311321623, -34.988785718992681 ], [ 150.586086089852927, -34.988751385950536 ], [ 150.586087294831202, -34.988748214211832 ], [ 150.586102453506442, -34.988708509447555 ], [ 150.586118972525696, -34.988665675697142 ], [ 150.586135648994173, -34.988622888346569 ], [ 150.586151432402261, -34.988579887608545 ], [ 150.586165126142362, -34.988542282963792 ], [ 150.586167111385322, -34.988536861352344 ], [ 150.586182949098117, -34.98849387521134 ], [ 150.58619894444567, -34.98845092916369 ], [ 150.586215097454271, -34.98840802230837 ], [ 150.586231409165492, -34.988365156468966 ], [ 150.586247878510846, -34.988322330722724 ], [ 150.586257571808659, -34.988297332871227 ], [ 150.586264505437185, -34.988279546871418 ], [ 150.586281288849591, -34.988236804893219 ], [ 150.586284664889149, -34.988228261209315 ], [ 150.586301455927554, -34.988186564182776 ], [ 150.586303167746678, -34.988182283799198 ], [ 150.586304879565631, -34.988178003415591 ], [ 150.586306593547363, -34.988173723976438 ], [ 150.586308309718419, -34.988169444580819 ], [ 150.586308741129244, -34.988168368694083 ], [ 150.586308741155705, -34.988168367793143 ], [ 150.586310026957563, -34.988165166107876 ], [ 150.586313465787754, -34.988156610149929 ], [ 150.586316912227403, -34.988148056146166 ], [ 150.586320364113533, -34.988139503152077 ], [ 150.586323822487941, -34.988130952991355 ], [ 150.586327286308801, -34.988122403840308 ], [ 150.58633075776558, -34.988113855742483 ], [ 150.586334234615919, -34.988105310456248 ], [ 150.586335975777615, -34.988101037867516 ], [ 150.586335975804076, -34.988101036966555 ], [ 150.586337718007428, -34.988096766201473 ], [ 150.586341207887216, -34.988088224780014 ], [ 150.586344704334635, -34.988079683489097 ], [ 150.586348207270333, -34.988071145031512 ], [ 150.586351715626023, -34.988062608484555 ], [ 150.586355230522912, -34.988054072969035 ], [ 150.586358751934483, -34.988045539385944 ], [ 150.586362279834333, -34.988037008636162 ], [ 150.586365813207067, -34.98802847799513 ], [ 150.586369354162827, -34.988019950209207 ], [ 150.586372900538549, -34.988011424333919 ], [ 150.586376453455443, -34.988002899490063 ], [ 150.58638001288702, -34.987994376578605 ], [ 150.586383577738587, -34.987985855577776 ], [ 150.586383578859795, -34.9879858546986 ], [ 150.586387150199613, -34.987977336531095 ], [ 150.586390728080602, -34.98796881939505 ], [ 150.586394312502733, -34.987960303290443 ], [ 150.586397902318396, -34.987951789997396 ], [ 150.586401499769948, -34.987943277757573 ], [ 150.586405102641464, -34.987934767428371 ], [ 150.586408712027662, -34.987926259031553 ], [ 150.586412327928571, -34.987917752567114 ], [ 150.586415950370622, -34.987909247134141 ], [ 150.586419578206176, -34.9879007445127 ], [ 150.58642321367762, -34.987892242944483 ], [ 150.586426854542566, -34.98788374418784 ], [ 150.586430500853908, -34.987875246440829 ], [ 150.586434154774651, -34.987866750647996 ], [ 150.586437814115385, -34.987858256765776 ], [ 150.586441479970773, -34.98784976481592 ], [ 150.586443104070582, -34.987846009143517 ], [ 150.586445273919139, -34.987841312374037 ], [ 150.586445275040347, -34.987841311494861 ], [ 150.586449770665837, -34.987833098376875 ], [ 150.58645502181534, -34.987825193263994 ], [ 150.586460994244447, -34.987817643252882 ], [ 150.586467654856392, -34.987810493660085 ], [ 150.586474962997215, -34.987803786045987 ], [ 150.586482875876442, -34.987797560125514 ], [ 150.586491347472332, -34.987791853746344 ], [ 150.586500325327108, -34.987786700120878 ], [ 150.586509759278385, -34.98778212890123 ], [ 150.586519591527036, -34.987778168686233 ], [ 150.586529764459272, -34.987774841768058 ], [ 150.586540218351246, -34.987772167692583 ], [ 150.586550890300686, -34.987770162336545 ], [ 150.586561718605992, -34.987768837994743 ], [ 150.586571046454253, -34.987768252762777 ], [ 150.586583578578455, -34.987767806082601 ], [ 150.586638279597111, -34.987765855174793 ], [ 150.586674663713382, -34.987763758104542 ], [ 150.58668043137672, -34.987790374227359 ], [ 150.586668678929954, -34.987791686510249 ], [ 150.58666159770226, -34.987792084754012 ], [ 150.58663970238365, -34.987792865368498 ], [ 150.586585001346975, -34.9877948162762 ], [ 150.586572468097444, -34.987795263835515 ], [ 150.586532888483163, -34.987802890938184 ], [ 150.586504646596268, -34.98781780745221 ], [ 150.586475723005719, -34.987851460973701 ], [ 150.586474053798156, -34.987855074218608 ], [ 150.58647243316895, -34.9878588236502 ], [ 150.586468773239687, -34.987867300393894 ], [ 150.586465120919854, -34.987875779091759 ], [ 150.586461474046445, -34.987884258799298 ], [ 150.586457833661257, -34.987892741340154 ], [ 150.586454198722464, -34.98790122489067 ], [ 150.586450571393129, -34.987909710395364 ], [ 150.586446949483729, -34.987918197810664 ], [ 150.58644333408904, -34.987926687158343 ], [ 150.586439725209033, -34.987935178438406 ], [ 150.586436121775449, -34.98794367072815 ], [ 150.586432524830144, -34.987952165851219 ], [ 150.586428934425982, -34.987960662005712 ], [ 150.586425350510041, -34.987969160993579 ], [ 150.586421773135271, -34.987977661012863 ], [ 150.586418201180493, -34.987986162942761 ], [ 150.586414636888065, -34.987994665024949 ], [ 150.586414635766886, -34.987994665904111 ], [ 150.586411076841529, -34.988003171698807 ], [ 150.586407524457314, -34.988011678524941 ], [ 150.586403978561407, -34.988020188184421 ], [ 150.586400438111895, -34.988028698853562 ], [ 150.586396904177121, -34.988037211455101 ], [ 150.586393376757059, -34.988045725989046 ], [ 150.586389855878167, -34.98805424155443 ], [ 150.586386340419295, -34.988062759030448 ], [ 150.586382831448674, -34.988071279339799 ], [ 150.586379330113971, -34.98807980070238 ], [ 150.586375833130973, -34.988088323052871 ], [ 150.586372343731, -34.988096848258458 ], [ 150.586368860872199, -34.988105374495525 ], [ 150.586367121071419, -34.988109638097129 ], [ 150.586367121044958, -34.988109638998068 ], [ 150.586365383406957, -34.988113903544139 ], [ 150.586361912482914, -34.988122433624213 ], [ 150.586358448100015, -34.988130964735767 ], [ 150.586354989110703, -34.988139498658867 ], [ 150.586351537757309, -34.988148033635206 ], [ 150.586348091823936, -34.988156570522172 ], [ 150.586344652405302, -34.988165109341551 ], [ 150.586341219501406, -34.988173650093323 ], [ 150.58633993604883, -34.988176846416856 ], [ 150.58633993604883, -34.988176846416856 ], [ 150.586339505786015, -34.988177920523597 ], [ 150.586337793138739, -34.988182191876568 ], [ 150.586336081559523, -34.988186464152207 ], [ 150.586334372196035, -34.98819073557042 ], [ 150.58633266496895, -34.988195008834055 ], [ 150.586330957768126, -34.988199281196692 ], [ 150.586329253824857, -34.988203554525583 ], [ 150.586327549854957, -34.988207828755371 ], [ 150.586325849169071, -34.988212103050458 ], [ 150.586324148482987, -34.988216377345509 ], [ 150.586322451054457, -34.988220652606806 ], [ 150.586320753599324, -34.988224928769014 ], [ 150.586319058359919, -34.988229204073775 ], [ 150.586317365256861, -34.988233481223965 ], [ 150.58631609811755, -34.988236681477552 ], [ 150.586316098091089, -34.988236682378492 ], [ 150.58631253347491, -34.988245157406411 ], [ 150.586295779720643, -34.988287822452747 ], [ 150.58628886021387, -34.988305575380991 ], [ 150.586279183600169, -34.988330527592041 ], [ 150.586262745060793, -34.988373274626269 ], [ 150.586246463034428, -34.988416062632773 ], [ 150.586230338642537, -34.988458890732446 ], [ 150.58621437298001, -34.988501758947152 ], [ 150.586198563857636, -34.988544667233391 ], [ 150.586196582191803, -34.988550079000383 ], [ 150.586182913491569, -34.988587614733873 ], [ 150.586170507216593, -34.98862199879931 ], [ 150.586170507190133, -34.988621999700243 ], [ 150.586167158700533, -34.988630536716215 ], [ 150.586150510822478, -34.988673246212279 ], [ 150.58613401935196, -34.988716000284477 ], [ 150.586118885823311, -34.988755632534165 ], [ 150.586117683194374, -34.988758798911128 ], [ 150.586101767853705, -34.988801702363716 ], [ 150.58608706442152, -34.988844889546073 ], [ 150.586075114562789, -34.988880364442238 ], [ 150.58607251982653, -34.988888113240314 ], [ 150.58605813406902, -34.988931373446484 ], [ 150.586043908270341, -34.988974669285525 ], [ 150.586029841362517, -34.989017999834722 ], [ 150.586015933345749, -34.989061365094202 ], [ 150.586002186409729, -34.989104765107541 ], [ 150.586002185288521, -34.989104765986703 ], [ 150.585988597270472, -34.98914819980947 ], [ 150.585975169265396, -34.989191667463516 ], [ 150.585961901273492, -34.989235168948895 ], [ 150.585948792226731, -34.989278703342968 ], [ 150.585935844341293, -34.989322269788381 ], [ 150.58592305652266, -34.989365868263441 ], [ 150.585910429892266, -34.989409497889042 ], [ 150.585905257569181, -34.989427541566812 ], [ 150.585897963355677, -34.989453158643443 ], [ 150.585897963329217, -34.989453159544375 ], [ 150.585885656860086, -34.989496852328593 ], [ 150.585874825693679, -34.989535815605244 ], [ 150.585873516435385, -34.989540560133683 ], [ 150.585861632361855, -34.989584191905017 ], [ 150.58585001305633, -34.989627871311477 ], [ 150.585838659614012, -34.989671598374947 ], [ 150.585827572088192, -34.989715371293634 ], [ 150.585816750479296, -34.989759190067616 ], [ 150.585806195961851, -34.98980305201593 ], [ 150.585797485615927, -34.989840143658839 ], [ 150.585795891674536, -34.989847009088408 ], [ 150.58578561573006, -34.989891268715709 ], [ 150.585775340841423, -34.98993552926413 ], [ 150.585765064872049, -34.989979788888192 ], [ 150.585754788890171, -34.990024048510662 ], [ 150.585744513990619, -34.990068308153269 ], [ 150.585734237983871, -34.990112567772485 ], [ 150.585727936076893, -34.990139713637667 ], [ 150.585723963059422, -34.99015682741188 ], [ 150.585713687027749, -34.99020108702787 ], [ 150.585703410983598, -34.99024534664224 ], [ 150.585693136021774, -34.990289606276768 ], [ 150.585682859952726, -34.990333865887912 ], [ 150.585672583871229, -34.990378125497436 ], [ 150.585662308872031, -34.990422385127133 ], [ 150.585653442404094, -34.990460572538574 ], [ 150.585652046158003, -34.990466599024963 ], [ 150.585642019137197, -34.990510545367421 ], [ 150.585632260385182, -34.990554532203809 ], [ 150.585622767739267, -34.990598558589724 ], [ 150.585621630989181, -34.990603917742838 ], [ 150.585613376230185, -34.990642907909894 ], [ 150.58560397799161, -34.990687299464028 ], [ 150.585594580836272, -34.990731691038498 ], [ 150.585585182574562, -34.990776082589754 ], [ 150.585575784301369, -34.990820474139561 ], [ 150.585566386016552, -34.990864865687946 ], [ 150.585556987720167, -34.990909257234883 ], [ 150.585547589412243, -34.990953648780383 ], [ 150.58553819109278, -34.990998040324449 ], [ 150.585528792735261, -34.991042432768019 ], [ 150.585519395487438, -34.991086824330985 ], [ 150.585517632603313, -34.99109515037906 ], [ 150.585509997133272, -34.99113121587073 ], [ 150.585500598767538, -34.991175607409019 ], [ 150.585491200390265, -34.991219998945894 ], [ 150.585481802001425, -34.991264390481327 ], [ 150.585472403601017, -34.991308782015317 ], [ 150.585463005189069, -34.991353173547878 ], [ 150.585453606765554, -34.991397565078984 ], [ 150.585444209425248, -34.991441956630453 ], [ 150.585434810978626, -34.991486348158688 ], [ 150.585425412520436, -34.991530739685487 ], [ 150.585416014050679, -34.991575131210851 ], [ 150.585406615569354, -34.991619522734766 ], [ 150.585397217076491, -34.991663914257252 ], [ 150.585387818572059, -34.99170830577831 ], [ 150.58537842005606, -34.991752697297912 ], [ 150.585369022623297, -34.99179708883787 ], [ 150.585359624084191, -34.991841480354594 ], [ 150.585350225533489, -34.991885871869883 ], [ 150.585340826971247, -34.991930263383736 ], [ 150.585331428397495, -34.991974654896161 ], [ 150.585322029838608, -34.99201904550619 ], [ 150.585322029812119, -34.992019046407137 ], [ 150.585310473532985, -34.992063129043736 ], [ 150.585298917266613, -34.992107210777505 ], [ 150.585287360959938, -34.992151293410309 ], [ 150.585275805760801, -34.992195375162069 ], [ 150.585264249426615, -34.992239457791079 ], [ 150.58525269313165, -34.992283538616306 ], [ 150.585252693105161, -34.992283539517246 ], [ 150.585243294432217, -34.992327931016895 ], [ 150.585233895747706, -34.992372322515088 ], [ 150.585224497051655, -34.992416714011846 ], [ 150.585215098344037, -34.992461105507175 ], [ 150.585205699624851, -34.992505497001062 ], [ 150.585196300894125, -34.992549888493521 ], [ 150.585186903246608, -34.992594280006308 ], [ 150.585177504492748, -34.992638671495875 ], [ 150.585168105727348, -34.992683062984007 ], [ 150.585158706950352, -34.992727454470703 ], [ 150.585149308161817, -34.99277184595595 ], [ 150.585139909361715, -34.992816237439769 ], [ 150.585130510550044, -34.992860628922145 ], [ 150.585121111700346, -34.99290502130404 ], [ 150.585111713960345, -34.992949412805331 ], [ 150.585102315114, -34.992993804283387 ], [ 150.585092916256087, -34.993038195760022 ], [ 150.585083517386636, -34.993082587235186 ], [ 150.585074118505588, -34.993126978708936 ], [ 150.585064719613001, -34.993171370181244 ], [ 150.585055320708847, -34.993215761652117 ], [ 150.585045922887957, -34.993260153143346 ], [ 150.585036523960667, -34.993304544611334 ], [ 150.585027125021838, -34.993348936077886 ], [ 150.585017726071442, -34.993393327542989 ], [ 150.585008327109506, -34.993437719006671 ], [ 150.584998928135974, -34.993482110468911 ], [ 150.584989529150903, -34.993526501929715 ], [ 150.584980130154236, -34.993570893389077 ], [ 150.584970732240862, -34.993615284868788 ], [ 150.584961333221116, -34.993659676325272 ], [ 150.584951934189775, -34.993704067780307 ], [ 150.584942535146894, -34.993748459233913 ], [ 150.584933136092474, -34.993792850686077 ], [ 150.584923737026458, -34.99383724213682 ], [ 150.584914337948874, -34.993881633586099 ], [ 150.584904938859751, -34.993926025033964 ], [ 150.584895540853864, -34.993970416502172 ], [ 150.584886141741634, -34.994014807947131 ], [ 150.584876742617809, -34.994059199390676 ], [ 150.584867343482443, -34.994103590832772 ], [ 150.584857944335482, -34.994147982273418 ], [ 150.584848545176982, -34.99419237371265 ], [ 150.584839146006914, -34.994236765150426 ], [ 150.584829746798817, -34.994281157487706 ], [ 150.584820348700475, -34.994325548944424 ], [ 150.584810949495704, -34.994369940377879 ], [ 150.584801550279423, -34.994414331809899 ], [ 150.584792151051516, -34.994458723240491 ], [ 150.584782751812099, -34.994503114669634 ], [ 150.584773352561086, -34.994547506097341 ], [ 150.584772529539293, -34.994551393073735 ], [ 150.584763953298534, -34.994591897523627 ], [ 150.584754554024414, -34.994636288948463 ], [ 150.584745155833559, -34.994680680393643 ], [ 150.584735756536361, -34.994725071815594 ], [ 150.58472635722751, -34.994769463236103 ], [ 150.584716957907176, -34.994813854655192 ], [ 150.584707558575218, -34.99485824607283 ], [ 150.584698159231749, -34.994902637489027 ], [ 150.584688759876684, -34.994947028903788 ], [ 150.58467936051008, -34.99499142031712 ], [ 150.584669962226741, -34.995035811750789 ], [ 150.584660562837001, -34.995080203161244 ], [ 150.584651163435694, -34.995124594570235 ], [ 150.58464176402282, -34.995168985977806 ], [ 150.584632364598377, -34.995213377383941 ], [ 150.584622965162396, -34.99525776878864 ], [ 150.584613565714847, -34.995302160191891 ], [ 150.58460416625573, -34.995346551593705 ], [ 150.584594767879878, -34.995390943015863 ], [ 150.584585368397654, -34.995435334414815 ], [ 150.584575968903835, -34.995479725812302 ], [ 150.584566569398476, -34.995524117208362 ], [ 150.584557169881549, -34.995568508602979 ], [ 150.584547770353055, -34.995612899996161 ], [ 150.584538370813021, -34.995657291387914 ], [ 150.584533756766547, -34.995679086284241 ], [ 150.584529037852036, -34.995701541671885 ], [ 150.584519969883075, -34.995745683645168 ], [ 150.58451117030603, -34.995789862511927 ], [ 150.584502639174275, -34.995834076470366 ], [ 150.584494376488237, -34.995878325520557 ], [ 150.584486383422671, -34.99592260698153 ], [ 150.584478658856568, -34.99596692173251 ], [ 150.58447120393825, -34.996011267993467 ], [ 150.584464018721093, -34.996055643962613 ], [ 150.584457102137179, -34.996100048717246 ], [ 150.584452178115612, -34.996132794785368 ], [ 150.584450436660546, -34.996144556730393 ], [ 150.584443811816868, -34.996189284608541 ], [ 150.584443811790351, -34.99618928550948 ], [ 150.584437186885026, -34.996234015188541 ], [ 150.584430561997522, -34.996278743965711 ], [ 150.58442393707486, -34.996323473642882 ], [ 150.584417312143557, -34.996368203319065 ], [ 150.584410687230076, -34.996412932093364 ], [ 150.584404062281408, -34.996457661767643 ], [ 150.584397437350589, -34.996502390540023 ], [ 150.584390813479473, -34.996547120234197 ], [ 150.584384188531317, -34.996591849004673 ], [ 150.58437756354806, -34.996636578675123 ], [ 150.584370938582566, -34.996681307443701 ], [ 150.584364313581972, -34.996726037112225 ], [ 150.584357688599198, -34.996770765878871 ], [ 150.584351063581238, -34.996815495545505 ], [ 150.584344438581127, -34.996860224310232 ], [ 150.584337814667208, -34.996904953095807 ], [ 150.584337813545886, -34.996904953974941 ], [ 150.584331189623299, -34.996949682759563 ], [ 150.584324564570721, -34.996994412422367 ], [ 150.584317939535936, -34.997039141183272 ], [ 150.584311314466049, -34.997083870844158 ], [ 150.584306169800243, -34.997118602046868 ], [ 150.584304689413983, -34.997128599603137 ], [ 150.584298064326731, -34.997173329262125 ], [ 150.584291439257328, -34.997218058019207 ], [ 150.584284814152767, -34.997262787676277 ], [ 150.584278189066026, -34.997307516431434 ], [ 150.584271565039018, -34.997352246108385 ], [ 150.584264939908479, -34.997396975762577 ], [ 150.584258314795733, -34.99744170451487 ], [ 150.584251689647886, -34.997486434167143 ], [ 150.584245064517859, -34.997531162917518 ], [ 150.584238439352646, -34.997575892567895 ], [ 150.584231814205282, -34.997620621316358 ], [ 150.58422518902276, -34.997665350964816 ], [ 150.584218563858059, -34.997710079711361 ], [ 150.584211939753089, -34.9977548093797 ], [ 150.584205314571051, -34.99779953812434 ], [ 150.584198689353912, -34.997844267768969 ], [ 150.584192064154564, -34.997888996511698 ], [ 150.584185438920059, -34.9979337261544 ], [ 150.584178813703431, -34.997978454895225 ], [ 150.584172188451589, -34.998023184536009 ], [ 150.584165563217624, -34.998067913274909 ], [ 150.584158937948445, -34.998112642913803 ], [ 150.584152313792003, -34.998157371672583 ], [ 150.584145688505544, -34.998202101309566 ], [ 150.584139063236904, -34.998246830044629 ], [ 150.584132437933107, -34.998291559679693 ], [ 150.584125812620641, -34.998336289313784 ], [ 150.584119187326024, -34.998381018045997 ], [ 150.584112561996221, -34.998425747678183 ], [ 150.584105936684296, -34.998470476408464 ], [ 150.584099311337155, -34.998515206038725 ], [ 150.584092687102753, -34.998559934788915 ], [ 150.584086061738333, -34.998604664417272 ], [ 150.584079436391704, -34.998649393143729 ], [ 150.584072811009975, -34.998694122770182 ], [ 150.584066185646037, -34.998738851494721 ], [ 150.584059560246942, -34.998783581119262 ], [ 150.584055180513417, -34.998813154006044 ], [ 150.584052980744588, -34.998828314361354 ], [ 150.584046491870055, -34.998873057520534 ], [ 150.584040001892134, -34.998917800656983 ], [ 150.584033513027066, -34.998962542913354 ], [ 150.584027024126982, -34.99900728606972 ], [ 150.584020534123511, -34.999052029203369 ], [ 150.584016243897679, -34.999081611982675 ], [ 150.58401412034894, -34.999096526851993 ], [ 150.584008300048538, -34.999140587386854 ], [ 150.584004820831694, -34.99916974910316 ], [ 150.584004820805205, -34.999169750004079 ], [ 150.584003104847483, -34.999184700033481 ], [ 150.583998489026669, -34.99922885486685 ], [ 150.583994544530725, -34.99927305461943 ], [ 150.583991272694078, -34.999317291204704 ], [ 150.583988671513538, -34.999361558272554 ], [ 150.583986744513254, -34.999405847780039 ], [ 150.583985489663576, -34.999450154277966 ], [ 150.583984907204041, -34.999494469657968 ], [ 150.583984999484471, -34.999538788558027 ], [ 150.583985763459793, -34.999583102804337 ], [ 150.583987201532807, -34.999627405232999 ], [ 150.583989284208855, -34.999671171503842 ], [ 150.583992095270361, -34.99971594840121 ], [ 150.58399555133451, -34.999760175626655 ], [ 150.583999677916125, -34.999804363919047 ], [ 150.584004475228198, -34.999848506070876 ], [ 150.584009943457318, -34.999892595775485 ], [ 150.584016080653242, -34.999936624880775 ], [ 150.584022886976072, -34.999980587981049 ], [ 150.584030359354102, -35.000024477803308 ], [ 150.584038499095328, -35.000068287161746 ], [ 150.584047303101528, -35.000112009684308 ], [ 150.584056770490889, -35.00015563814155 ], [ 150.584066649411227, -35.000198125421385 ], [ 150.584066649411227, -35.000198125421385 ], [ 150.584066895975468, -35.000199166117753 ], [ 150.584077512363535, -35.000242616426078 ], [ 150.584081097406738, -35.000256682201339 ], [ 150.584083342497195, -35.000265350348862 ], [ 150.584087992419882, -35.000286120811161 ], [ 150.584099777927435, -35.000330124461158 ], [ 150.5841115645147, -35.000374129032984 ], [ 150.584123350018359, -35.000418133582073 ], [ 150.584131886973807, -35.000450003690617 ], [ 150.584135163646067, -35.000462337012976 ], [ 150.58413722926818, -35.000470216407336 ], [ 150.584137229241691, -35.000470217308283 ], [ 150.584139549182282, -35.000479171809019 ], [ 150.584139550250683, -35.000479172731765 ], [ 150.584146613517845, -35.000507138084295 ], [ 150.584154480697066, -35.000539655630206 ], [ 150.584157430361728, -35.000552044641701 ], [ 150.584167688118015, -35.000597038325338 ], [ 150.584177262531881, -35.000642134690523 ], [ 150.584186151650954, -35.000687325585261 ], [ 150.584189075174578, -35.000703025166573 ], [ 150.584194352401312, -35.000732603736772 ], [ 150.584201866035727, -35.00077796376128 ], [ 150.584208689533313, -35.000823396584067 ], [ 150.584214821956948, -35.000868896777753 ], [ 150.584220262449122, -35.000914456212143 ], [ 150.584225011220582, -35.00096006767977 ], [ 150.584229066265834, -35.001005724830442 ], [ 150.584232427795712, -35.001051420456704 ], [ 150.584235094952589, -35.001097146428279 ], [ 150.584237066825892, -35.001142896416809 ], [ 150.584238343626339, -35.001188663214727 ], [ 150.584238925564819, -35.0012344396145 ], [ 150.584238811757189, -35.001280218386754 ], [ 150.584238002414224, -35.001325992323949 ], [ 150.584236497746787, -35.001371754218475 ], [ 150.58423429903408, -35.001417497785482 ], [ 150.584231404323532, -35.001463214872835 ], [ 150.58422781601584, -35.001508898316523 ], [ 150.584223534321836, -35.001554540908877 ], [ 150.584223478821798, -35.001555086994642 ], [ 150.58422347879528, -35.001555087895582 ], [ 150.58422259444211, -35.001563663977656 ], [ 150.584221627215726, -35.001572785600395 ], [ 150.584220631574283, -35.00158190485439 ], [ 150.584219608612699, -35.001591021761413 ], [ 150.584218558330917, -35.001600136321457 ], [ 150.584217480702478, -35.001609249435482 ], [ 150.584216374658922, -35.00161836018075 ], [ 150.584215241321687, -35.001627467678098 ], [ 150.584214737623483, -35.001631444839859 ], [ 150.584214737597023, -35.001631445740813 ], [ 150.584214079542818, -35.001636573707621 ], [ 150.584212891538641, -35.001645677411979 ], [ 150.584211675145838, -35.001654777846611 ], [ 150.584210430311401, -35.001663876813424 ], [ 150.584215512542187, -35.001706978921248 ], [ 150.584214790892901, -35.001713449709975 ], [ 150.584214590483953, -35.00171892303689 ], [ 150.584214594326511, -35.001719947180661 ], [ 150.584214924865364, -35.001726439822271 ], [ 150.584215780019747, -35.001732900541157 ], [ 150.584216924884004, -35.001738376315842 ], [ 150.584217156258063, -35.001739300420034 ], [ 150.584244862352165, -35.001777242281413 ], [ 150.584270429053021, -35.001796513609783 ], [ 150.584281698932699, -35.001802478559057 ], [ 150.584296486851628, -35.001809144584506 ], [ 150.58431150812504, -35.001815475401308 ], [ 150.584321157464927, -35.001819286926214 ], [ 150.584325584668704, -35.001820849879053 ], [ 150.584325585763651, -35.001820849900845 ], [ 150.584326842638745, -35.001821287799139 ], [ 150.584328586574884, -35.001821890447879 ], [ 150.584328587669802, -35.001821890469671 ], [ 150.584342489306948, -35.001826506934442 ], [ 150.584343623507692, -35.001826869371079 ], [ 150.584343624576093, -35.001826870293819 ], [ 150.584355751984276, -35.00183061036067 ], [ 150.584355753079222, -35.00183061038247 ], [ 150.584357334376989, -35.001831080882631 ], [ 150.584358307554652, -35.001831367995571 ], [ 150.584358816964567, -35.001831517865945 ], [ 150.584358818059485, -35.001831517887751 ], [ 150.584365504582507, -35.001833444042745 ], [ 150.584369684859553, -35.001834611741913 ], [ 150.584369685927953, -35.001834612664659 ], [ 150.584374282238343, -35.001835864370605 ], [ 150.58437704655887, -35.001836601821907 ], [ 150.584364252295131, -35.001869358821885 ], [ 150.584361298835518, -35.001868570728 ], [ 150.584356385165393, -35.001867232471923 ], [ 150.584356385191882, -35.001867231570976 ], [ 150.58435302949087, -35.001863319995543 ], [ 150.584304517756379, -35.001850852235783 ], [ 150.584303497559489, -35.001850487561441 ], [ 150.584263708057733, -35.001824704797841 ], [ 150.584255313197588, -35.001820667639535 ], [ 150.584252214263927, -35.001819014843306 ], [ 150.584252213169037, -35.001819014821507 ], [ 150.584251764678129, -35.001818767903686 ], [ 150.584247264653328, -35.001816179430911 ], [ 150.584239596905974, -35.001811259789484 ], [ 150.58423851789604, -35.001810510819766 ], [ 150.584232345478483, -35.001805930156408 ], [ 150.584225540313128, -35.001800215467597 ], [ 150.58421189743936, -35.001788588920917 ], [ 150.584204981966195, -35.001782564634055 ], [ 150.584198499307632, -35.001776091019615 ], [ 150.584194186554356, -35.001768587866458 ], [ 150.584190489411895, -35.001760864392814 ], [ 150.584187426555189, -35.001752956127866 ], [ 150.584185011237679, -35.00174489668985 ], [ 150.584171730105794, -35.001702457064468 ], [ 150.584172570037452, -35.001696918946003 ], [ 150.584173914451782, -35.001687898587349 ], [ 150.584176521372598, -35.001669849027259 ], [ 150.584181406356066, -35.00163371901867 ], [ 150.584184781882641, -35.001606596165992 ], [ 150.584185852052826, -35.001597550513907 ], [ 150.584189858357547, -35.001561347116791 ], [ 150.584190790779076, -35.00155229150991 ], [ 150.584195041778003, -35.00150698545675 ], [ 150.584198603743914, -35.001461639540274 ], [ 150.584201476492439, -35.00141626006716 ], [ 150.584203659812744, -35.001370854245003 ], [ 150.584205152372533, -35.001325430160549 ], [ 150.584205956177385, -35.001279994164086 ], [ 150.584206068826632, -35.001234553419557 ], [ 150.58420549120433, -35.001189115156357 ], [ 150.584204224221082, -35.0011436857029 ], [ 150.584202266518162, -35.001098274046804 ], [ 150.584199619059149, -35.001052884714561 ], [ 150.584196282675151, -35.001007526737432 ], [ 150.584192257155337, -35.000962207322885 ], [ 150.584187544531659, -35.000916931920166 ], [ 150.584182143471935, -35.00087170861589 ], [ 150.58417605595514, -35.00082654466113 ], [ 150.584169282865304, -35.000781447285192 ], [ 150.584161825139489, -35.000736421915398 ], [ 150.584156586429856, -35.00070706136475 ], [ 150.584153684703693, -35.000691477604697 ], [ 150.584144861373517, -35.000646620659602 ], [ 150.584135358249341, -35.000601857451969 ], [ 150.584125175093789, -35.000557196090135 ], [ 150.584122247913996, -35.000544899475422 ], [ 150.584122247940485, -35.000544898574475 ], [ 150.584114439446296, -35.000512621084283 ], [ 150.584107429299792, -35.0004848614211 ], [ 150.584105126068152, -35.00047597215822 ], [ 150.584103075203274, -35.000468149849695 ], [ 150.584099823232037, -35.000455908066705 ], [ 150.584091287383615, -35.000424037978213 ], [ 150.584079500801778, -35.000380033404902 ], [ 150.584067714231224, -35.000336028830667 ], [ 150.584055928766873, -35.000292024277307 ], [ 150.584055646388919, -35.000290972050138 ], [ 150.584050436478833, -35.000271250561752 ], [ 150.584045363972393, -35.000248198181353 ], [ 150.584034664206115, -35.000204417174501 ], [ 150.584034416812358, -35.000203367446865 ], [ 150.584024461965953, -35.00016055682881 ], [ 150.584014922200765, -35.00011659608947 ], [ 150.584006051319875, -35.000072540493086 ], [ 150.58399785023164, -35.000028396368087 ], [ 150.58399031979144, -34.999984171844879 ], [ 150.583983463070837, -34.999939874196443 ], [ 150.583977278841417, -34.999895507905755 ], [ 150.583971769000385, -34.999851082926838 ], [ 150.58396693450905, -34.999806603786219 ], [ 150.583962776222762, -34.999762078614211 ], [ 150.583959293928388, -34.999717514618361 ], [ 150.583956710099869, -34.999676857446474 ], [ 150.583956710126387, -34.999676856545513 ], [ 150.583956489655662, -34.999672917247928 ], [ 150.583956461148972, -34.999672396533292 ], [ 150.583956461175489, -34.999672395632338 ], [ 150.583955024085412, -34.999643779665689 ], [ 150.583954363138503, -34.999628295512295 ], [ 150.583952914216781, -34.999583654817123 ], [ 150.583952143745819, -34.999539003292647 ], [ 150.583952051539057, -34.999494347245403 ], [ 150.58395263740988, -34.999449692981962 ], [ 150.583953902213608, -34.999405048632497 ], [ 150.583955844642276, -34.999360421382683 ], [ 150.583958464535783, -34.99931581663806 ], [ 150.583961762722993, -34.999271243429781 ], [ 150.583965736854026, -34.99922670711976 ], [ 150.583970387810695, -34.999182214937207 ], [ 150.583972117019755, -34.999167149784391 ], [ 150.583975623595364, -34.999137765951502 ], [ 150.583981488858768, -34.999093369164918 ], [ 150.583983628890422, -34.999078341039564 ], [ 150.583987919154168, -34.999048757360924 ], [ 150.58399440914846, -34.999004015130673 ], [ 150.584000898065824, -34.998959271976723 ], [ 150.584007388043091, -34.998914529744589 ], [ 150.58401387694343, -34.998869786588777 ], [ 150.584020366930133, -34.998825043453827 ], [ 150.584022565583496, -34.998809883978495 ], [ 150.584022565609956, -34.99880988307757 ], [ 150.584026945354907, -34.998780310192409 ], [ 150.584033570771282, -34.998735580570347 ], [ 150.5840401961525, -34.998690851848274 ], [ 150.584046821551567, -34.998646122224294 ], [ 150.584053446915448, -34.998601393500309 ], [ 150.584060072297177, -34.998556663874425 ], [ 150.584066697670266, -34.998511934247581 ], [ 150.584073323008141, -34.998467205520711 ], [ 150.584079948363893, -34.998422475891957 ], [ 150.584086572589598, -34.998377747141383 ], [ 150.584093197928013, -34.998333017510724 ], [ 150.58409982323127, -34.998288288780039 ], [ 150.584106448552348, -34.998243559147454 ], [ 150.584113073838296, -34.998198830414857 ], [ 150.584119699142036, -34.998154100780347 ], [ 150.584126324410647, -34.998109372045846 ], [ 150.584132949697079, -34.998064642409425 ], [ 150.584139574948352, -34.998019913673005 ], [ 150.584146199122586, -34.997975184012866 ], [ 150.584152824356551, -34.997930455274542 ], [ 150.584159449608336, -34.997885725634291 ], [ 150.584166074824964, -34.997840996894048 ], [ 150.58417270005944, -34.997796267251907 ], [ 150.584179325258731, -34.997751538509725 ], [ 150.584185950475842, -34.997706808865658 ], [ 150.584192575657823, -34.997662080121579 ], [ 150.584199200857626, -34.997617350475608 ], [ 150.584205824953926, -34.997572620806856 ], [ 150.584212450109931, -34.997527892059907 ], [ 150.584219075283755, -34.997483162411065 ], [ 150.584225700422422, -34.997438433662204 ], [ 150.58423232557891, -34.997393704011444 ], [ 150.584238950700239, -34.997348975260664 ], [ 150.584245575839446, -34.997304245607978 ], [ 150.584252200943439, -34.997259516855301 ], [ 150.58425882606528, -34.997214787200704 ], [ 150.584265450057131, -34.997170058424302 ], [ 150.584272075161635, -34.997125328767794 ], [ 150.584273556673139, -34.997115330332917 ], [ 150.58427870023101, -34.997080600011273 ], [ 150.584285325318234, -34.997035870352867 ], [ 150.584291950370272, -34.996991141594428 ], [ 150.584298575440158, -34.996946411934104 ], [ 150.584305200474859, -34.996901683173753 ], [ 150.584305200501348, -34.996901682272807 ], [ 150.584311825527408, -34.996856953511511 ], [ 150.584318450544799, -34.996812224749263 ], [ 150.584325074485179, -34.996767495063303 ], [ 150.584331699485261, -34.996722766299122 ], [ 150.584338324503165, -34.99667803663305 ], [ 150.58434494948591, -34.996633307866972 ], [ 150.584351574486504, -34.996588578198981 ], [ 150.584358199478402, -34.996543848530045 ], [ 150.58436482443517, -34.99649911976109 ], [ 150.584371449409758, -34.996454390090236 ], [ 150.584378074349218, -34.996409661319376 ], [ 150.584384698211636, -34.99636493162479 ], [ 150.584391323133758, -34.996320202852012 ], [ 150.5843979480737, -34.996275473177334 ], [ 150.584404572978514, -34.996230744402645 ], [ 150.584411197901119, -34.99618601472605 ], [ 150.584411197927608, -34.996186013825117 ], [ 150.584417822788595, -34.996141285949442 ], [ 150.584419564248208, -34.996129524005063 ], [ 150.584424504334237, -34.996096679096823 ], [ 150.58443144023633, -34.996052139508741 ], [ 150.584438648029618, -34.996007629672548 ], [ 150.584446125497493, -34.995963150445533 ], [ 150.5844538726395, -34.995918701827627 ], [ 150.584457235720578, -34.995899886624827 ], [ 150.584461890497124, -34.995874285642451 ], [ 150.584470177922128, -34.995829903669993 ], [ 150.584478734914057, -34.995785555910217 ], [ 150.584487560324703, -34.995741244143119 ], [ 150.584496656343333, -34.995696968412211 ], [ 150.584501389322497, -34.995674444794389 ], [ 150.584506004445501, -34.995652650822336 ], [ 150.584515404002246, -34.995608259433766 ], [ 150.584524802452535, -34.995563868021961 ], [ 150.584534201986145, -34.995519476630513 ], [ 150.584543601508187, -34.995475085237622 ], [ 150.584553001018662, -34.995430693843304 ], [ 150.584562400517541, -34.995386302447528 ], [ 150.584571800004881, -34.995341911050325 ], [ 150.584581199480681, -34.995297519651679 ], [ 150.584590598944885, -34.995253128251591 ], [ 150.584599997302718, -34.995208736828282 ], [ 150.584609396743787, -34.995164345425309 ], [ 150.584618796173316, -34.995119954020929 ], [ 150.584628195591279, -34.995075562615085 ], [ 150.584637594997702, -34.995031171207806 ], [ 150.584646994392557, -34.994986779799085 ], [ 150.584656393775845, -34.994942388388935 ], [ 150.584665793147536, -34.994897996977336 ], [ 150.584675191412856, -34.994853605542517 ], [ 150.584684590761469, -34.994809214128054 ], [ 150.584693990098515, -34.994764822712142 ], [ 150.584703389423964, -34.994720431294795 ], [ 150.584712788764364, -34.994676038975065 ], [ 150.584722188066706, -34.994631647554833 ], [ 150.584731587357481, -34.994587256133173 ], [ 150.584740163613446, -34.99454675168618 ], [ 150.584740986636689, -34.994542864710063 ] ] ] ] } },
{ "type": "Feature", "properties": { "Discipline": "CV", "SubDiscipl": "PV", "FSource": "PHUP-MRBJV-JBR2HR-PV-M2D-000001-PAVEMENT-HATCH.dwg", "Comments": "Converted from \"PHUP-MRBJV-JBR2HR-PV-M2D-000001-PAVEMENT-HATCH.dwg\" using FME workbench.", "ECMLink": null, "SourceDate": "20250922", "PlanAccur": null, "Supplier": "BENG", "LineWt": null, "HatchName": "SOLID", "Layer": "Pavement Type SP1", "Text": null, "LineType": null, "Thickness": "0", "Color": "130", "SHAPE_Leng": 22.199897473899998, "SHAPE_Area": 24.299728395300001 }, "geometry": { "type": "MultiPolygon", "coordinates": [ [ [ [ 150.586904603681148, -34.987245290920711 ], [ 150.586905584267015, -34.987243678760258 ], [ 150.586910486021623, -34.987235620638934 ], [ 150.586939862158204, -34.987247723804536 ], [ 150.586934959284434, -34.987255782806308 ], [ 150.586933978725426, -34.98725739406607 ], [ 150.586929076971643, -34.987265452188353 ], [ 150.586924175190433, -34.987273511211328 ], [ 150.586919272339912, -34.987281569311349 ], [ 150.586914370556684, -34.987289628333848 ], [ 150.586909467704174, -34.987297686433386 ], [ 150.586904565918928, -34.987305745455373 ], [ 150.586902114478619, -34.987309774955385 ], [ 150.586900154452593, -34.987312997496012 ], [ 150.586870778299669, -34.987300894320178 ], [ 150.586872739447671, -34.987297670900901 ], [ 150.586875189767824, -34.987293642280683 ], [ 150.586880092649807, -34.987285583281718 ], [ 150.586884994409587, -34.98727752516168 ], [ 150.586889897289581, -34.987269466162211 ], [ 150.586894799047371, -34.987261408041682 ], [ 150.586899700830628, -34.987253349019966 ], [ 150.586904603681148, -34.987245290920711 ] ] ] ] } },
{ "type": "Feature", "properties": { "Discipline": "CV", "SubDiscipl": "PV", "FSource": "PHUP-MRBJV-JBR2HR-PV-M2D-000001-PAVEMENT-HATCH.dwg", "Comments": "Converted from \"PHUP-MRBJV-JBR2HR-PV-M2D-000001-PAVEMENT-HATCH.dwg\" using FME workbench.", "ECMLink": null, "SourceDate": "20250922", "PlanAccur": null, "Supplier": "BENG", "LineWt": null, "HatchName": "SOLID", "Layer": "Pavement Type SP1", "Text": null, "LineType": null, "Thickness": "0", "Color": "130", "SHAPE_Leng": 365.30112038800002, "SHAPE_Area": 540.76501201400004 }, "geometry": { "type": "MultiPolygon", "coordinates": [ [ [ [ 150.58699284411091, -34.987100236765613 ], [ 150.587007550466097, -34.987076060607578 ], [ 150.587012453294676, -34.987068002502895 ], [ 150.587017355054002, -34.987059943475238 ], [ 150.587022256785843, -34.987051885348279 ], [ 150.587027159637898, -34.987043826341903 ], [ 150.587032061367779, -34.987035768214454 ], [ 150.587036964217816, -34.987027709207574 ], [ 150.587041865945679, -34.987019651079628 ], [ 150.587066376838919, -34.98697935777691 ], [ 150.587090888775435, -34.9869390653907 ], [ 150.587115399618767, -34.986898772075598 ], [ 150.587126184713213, -34.986881043670671 ], [ 150.587130105872689, -34.9868745968 ], [ 150.587135008702802, -34.986866537788181 ], [ 150.587139910410713, -34.986858479655297 ], [ 150.587144812144089, -34.986850420621224 ], [ 150.587149714944758, -34.986842362509613 ], [ 150.587159519474795, -34.986826245362927 ], [ 150.587164421204164, -34.986818186327852 ], [ 150.587165401752998, -34.986816575065738 ], [ 150.58718893194623, -34.98677789389518 ], [ 150.587213443784549, -34.986737600577158 ], [ 150.587237954476734, -34.986697308132129 ], [ 150.587262465170426, -34.986657014779986 ], [ 150.587267366852444, -34.986648956640671 ], [ 150.587272269654562, -34.986640897621946 ], [ 150.587277171334591, -34.986632839482141 ], [ 150.587282074134748, -34.986624780462904 ], [ 150.587286975812759, -34.986616722322616 ], [ 150.587291878610927, -34.986608663302889 ], [ 150.58729678028692, -34.986600605162096 ], [ 150.587311486430139, -34.986576429859049 ], [ 150.587335997049024, -34.986536136488375 ], [ 150.587360508711242, -34.986495844034224 ], [ 150.587385019280248, -34.986455550651186 ], [ 150.587399725369607, -34.986431375334803 ], [ 150.587404628144839, -34.986423316309413 ], [ 150.587409529797895, -34.986415258162936 ], [ 150.587414431476418, -34.98640719911527 ], [ 150.587419334222204, -34.986399140990059 ], [ 150.587424235898737, -34.986391081941896 ], [ 150.587434040317049, -34.986374964767542 ], [ 150.587458550784788, -34.986334672266935 ], [ 150.587483062348781, -34.986294378880956 ], [ 150.587487121559377, -34.986287704866783 ], [ 150.587507572766668, -34.986254086367985 ], [ 150.587532083186062, -34.986213792947886 ], [ 150.587556593554069, -34.986173500422566 ], [ 150.587581103923583, -34.986133206990125 ], [ 150.587605615336429, -34.986092914474206 ], [ 150.587630125656091, -34.986052621029415 ], [ 150.587637949316616, -34.986039760234036 ], [ 150.587638424675845, -34.986038977291756 ], [ 150.587639964598253, -34.986036518945831 ], [ 150.587645462973654, -34.986028728668884 ], [ 150.587651672290491, -34.986021309507393 ], [ 150.587658556248698, -34.986014304010197 ], [ 150.587666074142902, -34.986007755540022 ], [ 150.587674181047703, -34.98600170196687 ], [ 150.587682828832811, -34.985996178392611 ], [ 150.587691967231564, -34.985991218073728 ], [ 150.587701541704263, -34.985986850575898 ], [ 150.587711495627531, -34.985983101817453 ], [ 150.587721770320883, -34.985979993168584 ], [ 150.587732304967346, -34.985977544153997 ], [ 150.587743036745593, -34.985975767948339 ], [ 150.587749307803534, -34.985975052441297 ], [ 150.587753894832957, -34.985974614464268 ], [ 150.587808282272476, -34.985969423194128 ], [ 150.587862668638337, -34.985964230976606 ], [ 150.587917054972337, -34.985959039635368 ], [ 150.587968802898132, -34.985954099620642 ], [ 150.587989218448854, -34.985950501093576 ], [ 150.58799779460162, -34.985947940107245 ], [ 150.588041267084776, -34.985921316567847 ], [ 150.58805784330815, -34.985898088821081 ], [ 150.588088337382032, -34.985908143246967 ], [ 150.588085526546365, -34.985913524146348 ], [ 150.58808012665753, -34.985922215168053 ], [ 150.588073865520528, -34.985930505945987 ], [ 150.588066788642067, -34.985938338788941 ], [ 150.58805894470737, -34.985945659674755 ], [ 150.588050386701127, -34.98595241737118 ], [ 150.588041175112551, -34.985958566203919 ], [ 150.58803137368858, -34.985964061464891 ], [ 150.588021050290649, -34.985968867542574 ], [ 150.588010276064409, -34.985972948890705 ], [ 150.587999127391072, -34.985976278180345 ], [ 150.587987680519859, -34.985978832587314 ], [ 150.58797601485179, -34.985980593857455 ], [ 150.587972587839573, -34.985980955739173 ], [ 150.587920840991586, -34.985985895776565 ], [ 150.587866453545132, -34.985991087097027 ], [ 150.587812067161565, -34.985996279315501 ], [ 150.587757679677793, -34.986001471487548 ], [ 150.587753092673324, -34.986001908563722 ], [ 150.587748269031636, -34.986002459028192 ], [ 150.587731909905614, -34.986005709053124 ], [ 150.587701955848388, -34.986018158762057 ], [ 150.587677990710176, -34.986037490352388 ], [ 150.587673213980736, -34.986043197255469 ], [ 150.587667800512918, -34.986051080270158 ], [ 150.587667324059169, -34.986051863190802 ], [ 150.587659500375423, -34.98606472488914 ], [ 150.58763499009234, -34.9861050174393 ], [ 150.587610479757814, -34.986145310884211 ], [ 150.58758596942485, -34.986185603422015 ], [ 150.587561459040444, -34.986225896854585 ], [ 150.587536947562882, -34.986266189358268 ], [ 150.587516497458722, -34.986299807884095 ], [ 150.587512437155084, -34.986306481877541 ], [ 150.5874879266959, -34.986346775291594 ], [ 150.587463416238222, -34.986387067798518 ], [ 150.587453611823946, -34.986403184975387 ], [ 150.587448709054712, -34.986411244003044 ], [ 150.587443807405663, -34.986419302151276 ], [ 150.587438905729158, -34.986427361200207 ], [ 150.5874340029834, -34.98643541932617 ], [ 150.587429101304906, -34.986443478374603 ], [ 150.58741439412691, -34.98646765367301 ], [ 150.587389883567965, -34.986507947062336 ], [ 150.587365373010556, -34.986548239544561 ], [ 150.587340862401732, -34.986588532921537 ], [ 150.587326155169876, -34.986612708206579 ], [ 150.58732125346944, -34.98662076724959 ], [ 150.587316351794442, -34.986628825391392 ], [ 150.587311448997298, -34.986636884412128 ], [ 150.58730654732031, -34.98664494255344 ], [ 150.587301644521176, -34.986653001573686 ], [ 150.58729674284217, -34.986661059714507 ], [ 150.587291840041047, -34.986669118734248 ], [ 150.587267329383877, -34.986709411191768 ], [ 150.587242818675321, -34.986749704544032 ], [ 150.587218307968271, -34.986789996989181 ], [ 150.587194777784731, -34.986828678165779 ], [ 150.587193797209835, -34.98683029032911 ], [ 150.587188894414197, -34.986838348442717 ], [ 150.587179089888195, -34.986854465591918 ], [ 150.587174188157803, -34.986862524627504 ], [ 150.587169285358186, -34.986870582740139 ], [ 150.587164383625833, -34.98687864177522 ], [ 150.587159481918917, -34.986886699909121 ], [ 150.587155559666314, -34.986893146759037 ], [ 150.587144774549898, -34.986910876067704 ], [ 150.587120263743088, -34.986951168488147 ], [ 150.58709575288492, -34.986991461803363 ], [ 150.587071242028259, -34.987031754211451 ], [ 150.587066339181206, -34.987039813219823 ], [ 150.587061437454338, -34.987047871348786 ], [ 150.587056534605324, -34.987055930356675 ], [ 150.587051632876467, -34.98706398848514 ], [ 150.587046730025435, -34.987072047492539 ], [ 150.587041828294616, -34.987080105620514 ], [ 150.587036926536285, -34.987088164649172 ], [ 150.587022219118893, -34.98711233988827 ], [ 150.587002240427779, -34.987145183409915 ], [ 150.586972864316834, -34.987133080260335 ], [ 150.58699284411091, -34.987100236765613 ] ] ] ] } },
{ "type": "Feature", "properties": { "Discipline": "CV", "SubDiscipl": "PV", "FSource": "PHUP-MRBJV-JBR2HR-PV-M2D-000001-PAVEMENT-HATCH.dwg", "Comments": "Converted from \"PHUP-MRBJV-JBR2HR-PV-M2D-000001-PAVEMENT-HATCH.dwg\" using FME workbench.", "ECMLink": null, "SourceDate": "20250922", "PlanAccur": null, "Supplier": "BENG", "LineWt": null, "HatchName": "SOLID", "Layer": "Pavement Type SP1", "Text": null, "LineType": null, "Thickness": "0", "Color": "130", "SHAPE_Leng": 125.842535168, "SHAPE_Area": 185.39419574300001 }, "geometry": { "type": "MultiPolygon", "coordinates": [ [ [ [ 150.588386047386166, -34.985684120361348 ], [ 150.588396593358738, -34.985681694049553 ], [ 150.588405095851357, -34.985679738259243 ], [ 150.58841768527563, -34.985676842324061 ], [ 150.588428231246468, -34.985674416009431 ], [ 150.588457825676755, -34.985667607583245 ], [ 150.588470415097618, -34.985664711642428 ], [ 150.588480961065557, -34.985662285323087 ], [ 150.588510555461369, -34.985655477784597 ], [ 150.588523145999972, -34.985652580958956 ], [ 150.588533691938636, -34.985650155535843 ], [ 150.588563286352837, -34.985643347083183 ], [ 150.58857587576685, -34.985640451131111 ], [ 150.588586421729104, -34.98563802480232 ], [ 150.588616016108858, -34.985631217237376 ], [ 150.588619586960874, -34.985630394839525 ], [ 150.588624209827543, -34.985629331920535 ], [ 150.588655848772959, -34.985622053841098 ], [ 150.588665094557314, -34.985619926198218 ], [ 150.588697822179824, -34.985592825667666 ], [ 150.588729476125366, -34.98558559564453 ], [ 150.588732675531276, -34.985595082292626 ], [ 150.588732886468392, -34.985595732838625 ], [ 150.588734255987873, -34.985605652791328 ], [ 150.58873226817721, -34.985615501523448 ], [ 150.588727928613139, -34.985623410435487 ], [ 150.588727074439134, -34.985624523906452 ], [ 150.58871907293053, -34.985632029211921 ], [ 150.588714748045476, -34.985634733323529 ], [ 150.588708878646685, -34.985637440098188 ], [ 150.588702253056653, -34.985639451235762 ], [ 150.588677589242906, -34.985645124488812 ], [ 150.588673937895663, -34.985645965121165 ], [ 150.588664692134955, -34.985648091863638 ], [ 150.588633054274737, -34.985655369966743 ], [ 150.588628430285524, -34.9856564337652 ], [ 150.588624859458889, -34.985657255262311 ], [ 150.588595265070211, -34.985664062829045 ], [ 150.588584719104801, -34.985666489158454 ], [ 150.58857212968698, -34.985669385111308 ], [ 150.588542535263855, -34.985676193565737 ], [ 150.588531989295603, -34.98567861989045 ], [ 150.588519399874343, -34.985681515837648 ], [ 150.588489804374916, -34.98568832335615 ], [ 150.588479258403794, -34.985690749676131 ], [ 150.588466668979152, -34.985693645617715 ], [ 150.588437074539968, -34.985700454045684 ], [ 150.588426528565947, -34.985702880360947 ], [ 150.588413939137922, -34.985705776296882 ], [ 150.588405436642688, -34.985707732087697 ], [ 150.588394890666962, -34.985710158400124 ], [ 150.588384344690695, -34.985712584711621 ], [ 150.588373798740264, -34.985715010121218 ], [ 150.588361209282368, -34.98571790695248 ], [ 150.588331614853558, -34.985724714453035 ], [ 150.588321068873853, -34.985727140758847 ], [ 150.58830847943895, -34.985730036683556 ], [ 150.588278883880974, -34.985736845050049 ], [ 150.588276841520752, -34.98573731469105 ], [ 150.588276841520752, -34.98573731469105 ], [ 150.588268217702932, -34.985739298710847 ], [ 150.588259357899062, -34.985741336635378 ], [ 150.588257837141896, -34.985741686831098 ], [ 150.588255748460085, -34.985742167270224 ], [ 150.588248856020954, -34.985743752993706 ], [ 150.588247335290134, -34.985744102288329 ], [ 150.5882383552634, -34.985746168471891 ], [ 150.588236833411372, -34.985746518645577 ], [ 150.588230601565442, -34.985747951626749 ], [ 150.588226331558445, -34.985748934100947 ], [ 150.588217351530744, -34.98575100028291 ], [ 150.588215829678575, -34.985751350456319 ], [ 150.588206848555643, -34.985753416615715 ], [ 150.588205327824539, -34.985753765909813 ], [ 150.588203018588075, -34.985754296954127 ], [ 150.588196345606434, -34.985755832046657 ], [ 150.588194823754066, -34.985756182219795 ], [ 150.588192980989021, -34.985756606245516 ], [ 150.588186699483316, -34.985758051759447 ], [ 150.588152996471536, -34.985771239296277 ], [ 150.588134218021651, -34.985785082248917 ], [ 150.588109627822405, -34.985767154546913 ], [ 150.588117195972956, -34.985760645809428 ], [ 150.588125349745354, -34.985754635505337 ], [ 150.58813404103617, -34.985749157835741 ], [ 150.588143218484305, -34.98574424603558 ], [ 150.588143218484305, -34.98574424603558 ], [ 150.588152826455683, -34.985739929648986 ], [ 150.588152827576835, -34.985739928769803 ], [ 150.588162809474824, -34.985736232814432 ], [ 150.588173107687567, -34.985733179583313 ], [ 150.58817785626519, -34.985732013708159 ], [ 150.588184137768963, -34.985730568194604 ], [ 150.588185980533495, -34.985730144168997 ], [ 150.588187502385409, -34.985729793995944 ], [ 150.588194175365004, -34.985728258903805 ], [ 150.588196483506067, -34.985727727837876 ], [ 150.588198005357896, -34.985727377664688 ], [ 150.588206986451667, -34.985725312406771 ], [ 150.58820850830341, -34.985724962233448 ], [ 150.588217488328382, -34.985722896052025 ], [ 150.588221758334129, -34.985721913578097 ], [ 150.588227990178126, -34.985720480597294 ], [ 150.588229512029699, -34.985720130423701 ], [ 150.588238492053733, -34.985718064240679 ], [ 150.588240012810559, -34.985717714045194 ], [ 150.588246905221155, -34.985716129223078 ], [ 150.58824899280765, -34.985715648762316 ], [ 150.588250514659052, -34.985715298588453 ], [ 150.58825937446025, -34.98571326066444 ], [ 150.588267997180765, -34.985711276623427 ], [ 150.588267998275484, -34.985711276645176 ], [ 150.588270040635081, -34.985710807004303 ], [ 150.588299636184161, -34.985703998639565 ], [ 150.588312224520564, -34.985701102693895 ], [ 150.588322770497086, -34.985698676388694 ], [ 150.588352366038123, -34.98569186801074 ], [ 150.588364955465806, -34.985688972081178 ], [ 150.588375501413083, -34.985686546672213 ], [ 150.588386047386166, -34.985684120361348 ] ] ] ] } },
{ "type": "Feature", "properties": { "Discipline": "CV", "SubDiscipl": "PV", "FSource": "PHUP-MRBJV-JBR2HR-PV-M2D-000001-PAVEMENT-HATCH.dwg", "Comments": "Converted from \"PHUP-MRBJV-JBR2HR-PV-M2D-000001-PAVEMENT-HATCH.dwg\" using FME workbench.", "ECMLink": null, "SourceDate": "20250922", "PlanAccur": null, "Supplier": "BENG", "LineWt": null, "HatchName": "SOLID", "Layer": "Pavement Type LR2", "Text": null, "LineType": null, "Thickness": "0", "Color": "190", "SHAPE_Leng": 182.86877197499999, "SHAPE_Area": 739.24224965300004 }, "geometry": { "type": "MultiPolygon", "coordinates": [ [ [ [ 150.581723670146744, -35.015030066411967 ], [ 150.581723668786253, -35.015030075399508 ], [ 150.581723668759736, -35.015030076300441 ], [ 150.581718590374493, -35.015056514200111 ], [ 150.581718590321429, -35.015056516001991 ], [ 150.581713682809294, -35.015082063054116 ], [ 150.581713681422286, -35.015082072942583 ], [ 150.581713680061824, -35.015082081930125 ], [ 150.581713678966736, -35.01508208190829 ], [ 150.581702581162233, -35.015082125690121 ], [ 150.581702580067144, -35.0150821256683 ], [ 150.581658187781073, -35.015082299862733 ], [ 150.581647088908284, -35.015082342716703 ], [ 150.581647087813167, -35.015082342694875 ], [ 150.581635991104065, -35.015082386492438 ], [ 150.581624892204843, -35.015082430245343 ], [ 150.581624891109726, -35.015082430223508 ], [ 150.58160269552809, -35.015082516868972 ], [ 150.58160269443303, -35.015082516847137 ], [ 150.581570235934862, -35.01507829720515 ], [ 150.581570234839802, -35.015078297183322 ], [ 150.581548595843174, -35.015075484083937 ], [ 150.581516711512222, -35.015071338977812 ], [ 150.581494497290549, -35.015068450396015 ], [ 150.581440397626949, -35.015061417563423 ], [ 150.581386297974092, -35.015054384707071 ], [ 150.58133219835841, -35.015047350926004 ], [ 150.58133219726335, -35.015047350904169 ], [ 150.58129973879727, -35.015043131190879 ], [ 150.581299737702182, -35.015043131169051 ], [ 150.581278099822015, -35.015040318043937 ], [ 150.581224000201217, -35.015033285116253 ], [ 150.581202360136871, -35.015030471934168 ], [ 150.581202359068328, -35.015030471011393 ], [ 150.581169900617624, -35.015026251263876 ], [ 150.581169899522564, -35.015026251242041 ], [ 150.581156542180736, -35.015024514596405 ], [ 150.581115801018228, -35.015019218288657 ], [ 150.581072522003439, -35.015013591904477 ], [ 150.58107252090835, -35.015013591882628 ], [ 150.581061701429491, -35.01501218528967 ], [ 150.581007602973074, -35.015005151387797 ], [ 150.580974420836185, -35.015000837827557 ], [ 150.580969873419946, -35.015000246828194 ], [ 150.580969872324857, -35.015000246806359 ], [ 150.580964322880305, -35.01499952494374 ], [ 150.580953503405738, -35.014998118341261 ], [ 150.580942683931568, -35.014996711737844 ], [ 150.580931863362792, -35.014995305111626 ], [ 150.580921043889475, -35.014993898506305 ], [ 150.580910223321496, -35.014992491878189 ], [ 150.580899403849088, -35.014991085270964 ], [ 150.580888584377078, -35.014989678662772 ], [ 150.580877763810378, -35.014988272031808 ], [ 150.580866944339249, -35.014986865421726 ], [ 150.58085612486849, -35.014985458810699 ], [ 150.580845304303125, -35.014984052176885 ], [ 150.580834484859764, -35.014982644663007 ], [ 150.580823665390341, -35.014981238049131 ], [ 150.580813437522437, -35.014979909039937 ], [ 150.580813438883013, -35.014979900052417 ], [ 150.580813438883013, -35.014979900052417 ], [ 150.580815079784202, -35.014971513092391 ], [ 150.580815179211214, -35.0149710021416 ], [ 150.580815180332849, -35.014971001262502 ], [ 150.580815180332849, -35.014971001262502 ], [ 150.580820864322874, -35.014941944107164 ], [ 150.580821273081, -35.014939859958375 ], [ 150.58082127313412, -35.014939858156488 ], [ 150.58082127313412, -35.014939858156488 ], [ 150.580826897613008, -35.014911109917847 ], [ 150.580827365876928, -35.014908716851721 ], [ 150.580827365903474, -35.014908715950789 ], [ 150.580827365903474, -35.014908715950789 ], [ 150.580827711630945, -35.014906948762139 ], [ 150.580832172437766, -35.014884150424265 ], [ 150.580832172464312, -35.014884149523333 ], [ 150.580832173798342, -35.014884141436745 ], [ 150.580832188021105, -35.014884067800253 ], [ 150.580841692225562, -35.014887383628249 ], [ 150.580852132367227, -35.014890767701779 ], [ 150.580862603464055, -35.014893993733921 ], [ 150.580873103299325, -35.014897062581852 ], [ 150.58088363400995, -35.014899976091137 ], [ 150.580894194474297, -35.014902735140893 ], [ 150.580904783544156, -35.014905341511074 ], [ 150.58091540231456, -35.014907795223593 ], [ 150.580926049610667, -35.014910098959355 ], [ 150.580936726554114, -35.014912251839277 ], [ 150.580947431996634, -35.014914255643355 ], [ 150.580958165964745, -35.014916109470683 ], [ 150.580968928405269, -35.01491781512307 ], [ 150.580979719344725, -35.014919371699627 ], [ 150.58098526606301, -35.014920111536362 ], [ 150.580989813474986, -35.014920702534972 ], [ 150.581022994485693, -35.014925016067949 ], [ 150.581077093986494, -35.014932049982761 ], [ 150.581087913455235, -35.014933456573957 ], [ 150.581087914550295, -35.014933456595791 ], [ 150.581131193524527, -35.014939082972866 ], [ 150.581171934648864, -35.014944379273921 ], [ 150.581185291978187, -35.014946115917368 ], [ 150.581185293073275, -35.014946115939217 ], [ 150.58121775149354, -35.014950335681398 ], [ 150.581217752562083, -35.014950336604173 ], [ 150.581239392606165, -35.01495314978272 ], [ 150.581293491081198, -35.014960182679665 ], [ 150.581315130036131, -35.014962995823055 ], [ 150.581315131131248, -35.014962995844897 ], [ 150.581347589566917, -35.014967215552851 ], [ 150.581347590661977, -35.014967215574686 ], [ 150.581401690226954, -35.014974249346871 ], [ 150.581455789829135, -35.014981282194348 ], [ 150.581509888346915, -35.014988314996224 ], [ 150.5815321036429, -35.01499120359621 ], [ 150.58156398794398, -35.014995348697084 ], [ 150.581585626920315, -35.014998161792931 ], [ 150.581585628015375, -35.014998161814759 ], [ 150.581618086483132, -35.015002381451396 ], [ 150.581618087578221, -35.015002381473231 ], [ 150.581639203706175, -35.01500791647733 ], [ 150.581639204801235, -35.015007916499151 ], [ 150.581649762853118, -35.015010684450331 ], [ 150.581660319837169, -35.015013451477856 ], [ 150.581660320905712, -35.015013452400616 ], [ 150.581670880080708, -35.015016219470894 ], [ 150.581713112328373, -35.015027290358617 ], [ 150.581713113423461, -35.015027290380452 ], [ 150.581723671507206, -35.015030057424447 ], [ 150.58172367257572, -35.0150300583472 ], [ 150.581723670146744, -35.015030066411967 ] ] ] ] } },
{ "type": "Feature", "properties": { "Discipline": "CV", "SubDiscipl": "PV", "FSource": "PHUP-MRBJV-JBR2HR-PV-M2D-000001-PAVEMENT-HATCH.dwg", "Comments": "Converted from \"PHUP-MRBJV-JBR2HR-PV-M2D-000001-PAVEMENT-HATCH.dwg\" using FME workbench.", "ECMLink": null, "SourceDate": "20250922", "PlanAccur": null, "Supplier": "BENG", "LineWt": null, "HatchName": "SOLID", "Layer": "Pavement Type LR2", "Text": null, "LineType": null, "Thickness": "0", "Color": "190", "SHAPE_Leng": 1470.9753179100001, "SHAPE_Area": 5450.9614781 }, "geometry": { "type": "MultiPolygon", "coordinates": [ [ [ [ 150.584254956119423, -35.001838024599444 ], [ 150.584256438969931, -35.001838676138554 ], [ 150.584258182834191, -35.001839430233446 ], [ 150.584274469373355, -35.001846211741473 ], [ 150.584290977267841, -35.001852619038488 ], [ 150.584300516511775, -35.001856113760702 ], [ 150.584300517580203, -35.001856114683441 ], [ 150.584301549715263, -35.001856483201387 ], [ 150.584301550783721, -35.001856484124126 ], [ 150.584306336909634, -35.001858173218132 ], [ 150.584306337978063, -35.001858174140878 ], [ 150.584307696822123, -35.001858646522557 ], [ 150.584309582841939, -35.001859297975528 ], [ 150.584309583910368, -35.001859298898275 ], [ 150.584324611718301, -35.00186429026278 ], [ 150.584325838192683, -35.001864681580919 ], [ 150.584325839287601, -35.001864681602711 ], [ 150.584338949255738, -35.001868725197752 ], [ 150.584338950350656, -35.001868725219559 ], [ 150.584340659816121, -35.001869233429154 ], [ 150.58434171228734, -35.001869543756293 ], [ 150.584342262959922, -35.001869706167433 ], [ 150.584342264054868, -35.001869706189233 ], [ 150.584349492652734, -35.001871789176285 ], [ 150.584354011949529, -35.001873051970151 ], [ 150.584354013044447, -35.001873051991964 ], [ 150.584358982131789, -35.001874405775041 ], [ 150.584361970417035, -35.001875201774141 ], [ 150.584361971485492, -35.001875202696887 ], [ 150.584373475843989, -35.001878149685503 ], [ 150.584376410461232, -35.001878870695315 ], [ 150.5843840651888, -35.001880694429069 ], [ 150.584457342251, -35.001884960588995 ], [ 150.58445635565451, -35.001893959228404 ], [ 150.584471140083508, -35.001895976294676 ], [ 150.584471141178426, -35.001895976316469 ], [ 150.584480641009975, -35.001897272461768 ], [ 150.584491445914296, -35.001898746036908 ], [ 150.584502250792553, -35.001900220512056 ], [ 150.584545470363025, -35.001906116601241 ], [ 150.584599494849328, -35.001913486240952 ], [ 150.584621103573255, -35.001916433347652 ], [ 150.584621104668173, -35.001916433369452 ], [ 150.584631909551774, -35.001917907833217 ], [ 150.584653519346773, -35.00192085585698 ], [ 150.584685934055869, -35.001925277435035 ], [ 150.584696738968603, -35.001926750992183 ], [ 150.584702140330222, -35.001927487748588 ], [ 150.584702141398679, -35.001927488671321 ], [ 150.584707542760384, -35.001928225427513 ], [ 150.58470754385533, -35.001928225449319 ], [ 150.584749585736091, -35.001939971082969 ], [ 150.584760094572516, -35.001942907231246 ], [ 150.584760095667434, -35.001942907253039 ], [ 150.584812645309711, -35.001957588991139 ], [ 150.58481264637814, -35.001957589913872 ], [ 150.584812645018303, -35.001957598901491 ], [ 150.584812643658523, -35.001957607889089 ], [ 150.584812642563548, -35.001957607867297 ], [ 150.584807530669366, -35.001982982483362 ], [ 150.584807530616359, -35.001982984285249 ], [ 150.584801762144963, -35.002011611847848 ], [ 150.584801760758666, -35.002011621736401 ], [ 150.584801758303939, -35.002011630702221 ], [ 150.584801757208993, -35.002011630680414 ], [ 150.584746588225812, -35.002009946438541 ], [ 150.584746587130894, -35.002009946416742 ], [ 150.584735554841103, -35.002009610496813 ], [ 150.584691418124976, -35.00200826305079 ], [ 150.58468595655475, -35.002007822579493 ], [ 150.584685955486322, -35.002007821656761 ], [ 150.584680493916153, -35.002007381185209 ], [ 150.584669569681125, -35.002006500219565 ], [ 150.584636797004293, -35.002003856415932 ], [ 150.584614947441963, -35.002002094454099 ], [ 150.584604023235215, -35.002001212581682 ], [ 150.584604022140269, -35.002001212559875 ], [ 150.584582174769537, -35.001999450635807 ], [ 150.584527553637031, -35.001995044853132 ], [ 150.58448385567317, -35.001991519106497 ], [ 150.584472931443429, -35.001990638123338 ], [ 150.584462007213972, -35.001989757139192 ], [ 150.584452402195666, -35.001988982650651 ], [ 150.584452401127237, -35.001988981727926 ], [ 150.58443745258171, -35.001987776318195 ], [ 150.584437451486764, -35.001987776296396 ], [ 150.584418309230671, -35.00198623227012 ], [ 150.584374612346949, -35.001982707407237 ], [ 150.584363688146624, -35.001981825513376 ], [ 150.584363687051678, -35.001981825491576 ], [ 150.58435288323443, -35.001980351926505 ], [ 150.584331273437925, -35.001977403849011 ], [ 150.584331272343007, -35.001977403827205 ], [ 150.584325870982468, -35.001976667054279 ], [ 150.584325869887522, -35.001976667032473 ], [ 150.584320468527096, -35.001975930259292 ], [ 150.58432046743215, -35.001975930237492 ], [ 150.584309663643182, -35.001974455767709 ], [ 150.584288053850202, -35.001971507682619 ], [ 150.584288052755284, -35.001971507660812 ], [ 150.584282651395625, -35.00197077088599 ], [ 150.584282650300707, -35.001970770864183 ], [ 150.584277248941135, -35.001970034089126 ], [ 150.584277247846217, -35.001970034067327 ], [ 150.584255639150825, -35.001967085998345 ], [ 150.584244834243123, -35.00196561240201 ], [ 150.584234029362307, -35.001964137903798 ], [ 150.584223223360567, -35.001962664283752 ], [ 150.584212418454172, -35.001961190684568 ], [ 150.584201613574692, -35.001959716183514 ], [ 150.584169198886002, -35.001955294476502 ], [ 150.584169197791084, -35.001955294454696 ], [ 150.584162446655256, -35.001954373040043 ], [ 150.584147589104589, -35.001952346366778 ], [ 150.58409356464557, -35.001944976526367 ], [ 150.584039540197693, -35.00193760666226 ], [ 150.584039539102747, -35.001937606640453 ], [ 150.583985515760901, -35.001930236774484 ], [ 150.583931491335193, -35.001922866863012 ], [ 150.583931490240246, -35.001922866841213 ], [ 150.583878063535224, -35.001912533065067 ], [ 150.583839329069207, -35.001905041218471 ], [ 150.583831062988793, -35.001903442361069 ], [ 150.583831061893846, -35.001903442339263 ], [ 150.58382463684498, -35.001902199265928 ], [ 150.583824635750091, -35.001902199244121 ], [ 150.583771209048109, -35.001891866322886 ], [ 150.583761859065561, -35.001890057467151 ], [ 150.583719804246556, -35.001881923416704 ], [ 150.583719803151666, -35.001881923394897 ], [ 150.583717781292535, -35.001881532455911 ], [ 150.583707095753795, -35.001879465319369 ], [ 150.58369641128408, -35.001877399104671 ], [ 150.583685725746506, -35.001875331966296 ], [ 150.583675040183039, -35.001873265727944 ], [ 150.583664354646658, -35.001871198587729 ], [ 150.583663057224811, -35.001870947380311 ], [ 150.583663059626673, -35.001870940216406 ], [ 150.58366305965319, -35.001870939315474 ], [ 150.583665333151316, -35.001860392353002 ], [ 150.58366559453583, -35.001859178774858 ], [ 150.58366559453583, -35.001859178774858 ], [ 150.583665594562348, -35.001859177873925 ], [ 150.583666280837917, -35.001855996741455 ], [ 150.583672289482109, -35.00182811863597 ], [ 150.583672289482109, -35.00182811863597 ], [ 150.583672289535116, -35.001828116834105 ], [ 150.583672722134907, -35.001826110670152 ], [ 150.583678984449108, -35.001797057595425 ], [ 150.583678984449108, -35.001797057595425 ], [ 150.583678984475625, -35.001797056694478 ], [ 150.583679077046185, -35.001796628538166 ], [ 150.583681330211732, -35.001786176725808 ], [ 150.583681331545165, -35.001786168639157 ], [ 150.583681335253942, -35.001786154289547 ], [ 150.583681342883551, -35.001786118382796 ], [ 150.583691351573577, -35.001788215311301 ], [ 150.583695020384624, -35.001788930226311 ], [ 150.58370915812597, -35.001791515050144 ], [ 150.583716455619225, -35.001792744855443 ], [ 150.583727218131884, -35.001794429498823 ], [ 150.583737148211043, -35.00179584695433 ], [ 150.58377967257843, -35.00180164833673 ], [ 150.583789127652381, -35.001802938235663 ], [ 150.583843150914817, -35.00181030728421 ], [ 150.583843151983217, -35.001810308206949 ], [ 150.583848565291873, -35.001811047943463 ], [ 150.583857656548702, -35.001812154805357 ], [ 150.583858972638239, -35.001812292797545 ], [ 150.583861579095782, -35.001812549338794 ], [ 150.583869448138671, -35.001813194647426 ], [ 150.58387466784643, -35.001813514049175 ], [ 150.583879992941007, -35.001813751712994 ], [ 150.583887798775493, -35.001813938717582 ], [ 150.583890608272498, -35.00181395951136 ], [ 150.58390093903526, -35.001813822689826 ], [ 150.583901295386937, -35.001813812658646 ], [ 150.583911435505229, -35.001813341200965 ], [ 150.583914055724847, -35.001813167113653 ], [ 150.583925668425252, -35.0018121318152 ], [ 150.583927115970084, -35.001811972235828 ], [ 150.583931684087673, -35.001811425870606 ], [ 150.583932299944451, -35.001811346185455 ], [ 150.583942333920191, -35.001809752988642 ], [ 150.583952217473723, -35.00180761230898 ], [ 150.58401360674776, -35.001778422013608 ], [ 150.584044263534537, -35.001745017428973 ], [ 150.584046349303435, -35.001741596427131 ], [ 150.584048679280755, -35.001737433873117 ], [ 150.584049682471857, -35.001735508483151 ], [ 150.584050033619803, -35.001734818641303 ], [ 150.584056769725862, -35.001721090012168 ], [ 150.584057504587975, -35.001719534289286 ], [ 150.584057504614492, -35.001719533388325 ], [ 150.584063867707414, -35.001707461439963 ], [ 150.584070673530363, -35.001693708957127 ], [ 150.58407503243933, -35.001684370012299 ], [ 150.584077084882182, -35.00167980979257 ], [ 150.584077783099332, -35.001678233507519 ], [ 150.584082376374766, -35.001667519082439 ], [ 150.584083099334748, -35.001665772011201 ], [ 150.584088711175127, -35.001651603612551 ], [ 150.584091167224983, -35.001645016817207 ], [ 150.584091527169363, -35.001644027863122 ], [ 150.584092289275276, -35.001641918279873 ], [ 150.584093916906824, -35.00163731173879 ], [ 150.584094228055932, -35.001636417368594 ], [ 150.584095269673696, -35.001633334357443 ], [ 150.584095272048984, -35.001633328094471 ], [ 150.584097399894716, -35.001626986272825 ], [ 150.584098713006739, -35.001622904432999 ], [ 150.584099273671512, -35.001621125282867 ], [ 150.584099653405531, -35.001619910454458 ], [ 150.584099819201413, -35.001619376481251 ], [ 150.584100741357531, -35.001616369518864 ], [ 150.584102280331109, -35.001611201400749 ], [ 150.584102715413593, -35.001609706416573 ], [ 150.584103094856943, -35.001608389716502 ], [ 150.584104759540054, -35.001602448839442 ], [ 150.584104976896214, -35.00160165176294 ], [ 150.584105159911644, -35.001600979306616 ], [ 150.584105830409158, -35.001598482972369 ], [ 150.584107057839532, -35.001593775610615 ], [ 150.584107086175749, -35.00159366890022 ], [ 150.584107291779304, -35.001592861673537 ], [ 150.584107478971816, -35.001592121690308 ], [ 150.584110601689702, -35.001579071124766 ], [ 150.584111007829875, -35.001577256444655 ], [ 150.584112898883035, -35.001568386699411 ], [ 150.584113455661196, -35.001565622167618 ], [ 150.584113720747581, -35.001564282456556 ], [ 150.584115017942452, -35.001557426483529 ], [ 150.584115146176941, -35.001556716877623 ], [ 150.584116413627044, -35.001549419494587 ], [ 150.584116752618399, -35.001547205930073 ], [ 150.584120931969892, -35.001502661095273 ], [ 150.584124434306176, -35.001458077537514 ], [ 150.58412725944288, -35.001413461563473 ], [ 150.584129405005797, -35.001368819436223 ], [ 150.584130874042245, -35.001324159329734 ], [ 150.584131663083184, -35.001279487485213 ], [ 150.584131774133994, -35.001234810252939 ], [ 150.584131206957352, -35.001190135741375 ], [ 150.584129961342398, -35.001145471158139 ], [ 150.584128036009844, -35.001100822787954 ], [ 150.584125434060041, -35.001056197002889 ], [ 150.584122153065806, -35.001011601867781 ], [ 150.58411819612752, -35.000967043754606 ], [ 150.584113561939375, -35.000922529849049 ], [ 150.58410825138543, -35.00087806738042 ], [ 150.584102266471092, -35.000833662698852 ], [ 150.584095608053929, -35.000789323934569 ], [ 150.584088275976001, -35.00074505649313 ], [ 150.584083124677704, -35.000716188980419 ], [ 150.584080272216227, -35.000700867625575 ], [ 150.584071597658635, -35.000656764561178 ], [ 150.584062253187227, -35.000612754529115 ], [ 150.58405224190227, -35.000568843901313 ], [ 150.58404936343689, -35.00055675378978 ], [ 150.584049363463407, -35.000556752888848 ], [ 150.584041689126906, -35.000525018045316 ], [ 150.584034797841326, -35.000497725001267 ], [ 150.584034797867815, -35.000497724100327 ], [ 150.584032534041313, -35.000488985264589 ], [ 150.584032534067831, -35.000488984363642 ], [ 150.584030518757487, -35.00048129437635 ], [ 150.584027322096318, -35.000469258326234 ], [ 150.584018786275294, -35.000437388233806 ], [ 150.584006999731258, -35.000393383655044 ], [ 150.583995213198506, -35.000349379075352 ], [ 150.583983427771926, -35.000305374516543 ], [ 150.583983145394853, -35.000304322289246 ], [ 150.583977844628265, -35.000284263642804 ], [ 150.583977855656741, -35.000284261158015 ], [ 150.58397785675163, -35.000284261179814 ], [ 150.583978647551419, -35.000284118269342 ], [ 150.583976345274124, -35.000275234431989 ], [ 150.583976345300613, -35.000275233531049 ], [ 150.583972670840865, -35.000260818907357 ], [ 150.583961784969318, -35.000216289576436 ], [ 150.58396153257894, -35.000215223522758 ], [ 150.583961532605429, -35.000215222621819 ], [ 150.583951407652762, -35.000171678422184 ], [ 150.583941704908483, -35.000126965312624 ], [ 150.583932682050914, -35.000082155762556 ], [ 150.583924341056758, -35.000037257023202 ], [ 150.583916681739396, -34.999992275401219 ], [ 150.583909707143903, -34.999947219070592 ], [ 150.58390341708369, -34.999902094337969 ], [ 150.58389781353543, -34.999856908454504 ], [ 150.583892896286017, -34.999811668627821 ], [ 150.583888667312095, -34.999766382109051 ], [ 150.583885125332159, -34.999721055182995 ], [ 150.583882497371974, -34.999679702099741 ], [ 150.583882497398463, -34.999679701198808 ], [ 150.583882273417743, -34.999675695122619 ], [ 150.583882244081593, -34.999675165376772 ], [ 150.583882244108111, -34.999675164475846 ], [ 150.583880782016394, -34.999646058513903 ], [ 150.583880110260793, -34.999630309113627 ], [ 150.583878636716634, -34.999584905286284 ], [ 150.583877852625108, -34.999539489046171 ], [ 150.583877758841481, -34.999494068523582 ], [ 150.583878355152592, -34.999448650925963 ], [ 150.583879641371823, -34.999403242559836 ], [ 150.583881617259578, -34.999357851533603 ], [ 150.583884282629242, -34.999312484153755 ], [ 150.583887636172761, -34.999267147605913 ], [ 150.583891678798437, -34.999221848218383 ], [ 150.583896409145325, -34.999176594978643 ], [ 150.583898167817097, -34.99916127349551 ], [ 150.583898167843614, -34.999161272594563 ], [ 150.583901736337054, -34.999131386076833 ], [ 150.583907703929469, -34.999086230493475 ], [ 150.583909881140727, -34.999070944388791 ], [ 150.583914172498737, -34.999041361636543 ], [ 150.583920661463765, -34.998996618489052 ], [ 150.583927151515127, -34.998951875362422 ], [ 150.583933640436641, -34.99890713311401 ], [ 150.583940130470978, -34.99886238998549 ], [ 150.583946619401928, -34.998817646834254 ], [ 150.583948818068535, -34.998802487360798 ], [ 150.583948818095024, -34.998802486459859 ], [ 150.583953198960728, -34.998772913600192 ], [ 150.583959824416183, -34.998728183983729 ], [ 150.58396644983651, -34.998683455267241 ], [ 150.583973075274656, -34.998638725648874 ], [ 150.583979699582784, -34.99859399690866 ], [ 150.583986325003593, -34.998549267288368 ], [ 150.583992950389273, -34.998504538568064 ], [ 150.583999575792745, -34.998459808945867 ], [ 150.584006201161088, -34.998415080223637 ], [ 150.584012826547252, -34.998370350599515 ], [ 150.584019451898257, -34.998325621875374 ], [ 150.584026077267112, -34.998280892249348 ], [ 150.584032702600808, -34.998236163523288 ], [ 150.584039326857464, -34.998191433873536 ], [ 150.584045952173824, -34.998146705145579 ], [ 150.584052577508004, -34.998101975515716 ], [ 150.584059202833544, -34.99805724588488 ], [ 150.584065828123926, -34.998012517154059 ], [ 150.5840724534321, -34.997967787521311 ], [ 150.584079078705173, -34.997923058788572 ], [ 150.584085703996038, -34.997878329153927 ], [ 150.584092329251746, -34.997833600419263 ], [ 150.584098953430441, -34.9977888707609 ], [ 150.58410557866884, -34.997744142024317 ], [ 150.584112203925088, -34.997699412385856 ], [ 150.584118829146149, -34.997654683647362 ], [ 150.58412545438506, -34.997609954006982 ], [ 150.584132079588812, -34.997565225266577 ], [ 150.584138704810385, -34.997520495624272 ], [ 150.584145329996801, -34.997475766881955 ], [ 150.584151955201037, -34.997431037237746 ], [ 150.584158579275282, -34.997386308471718 ], [ 150.584165204462209, -34.997341578825591 ], [ 150.584171829614007, -34.997296850079437 ], [ 150.584178454783597, -34.997252120431405 ], [ 150.584185079918029, -34.997207391683354 ], [ 150.584191705070339, -34.997162662033396 ], [ 150.584198330187434, -34.997117933283427 ], [ 150.58419981061283, -34.997107934828009 ], [ 150.584204955322406, -34.997073203631558 ], [ 150.584211580448681, -34.99702847397873 ], [ 150.584218204444994, -34.996983745204084 ], [ 150.58422482955396, -34.996939015549351 ], [ 150.584231454627769, -34.996894286794593 ], [ 150.584231454654258, -34.996894285893653 ], [ 150.584238079719398, -34.996849557137942 ], [ 150.584244704775898, -34.996804828381272 ], [ 150.584251329850218, -34.996760098722717 ], [ 150.584257954889381, -34.996715369964136 ], [ 150.584264579946364, -34.996670640303648 ], [ 150.584271204968218, -34.99662591154317 ], [ 150.584277828913031, -34.996581181858964 ], [ 150.584284453917547, -34.996536453096567 ], [ 150.584291078939913, -34.996491723432257 ], [ 150.584297703927092, -34.996446994667942 ], [ 150.58430432893212, -34.996402265001713 ], [ 150.584310953901991, -34.996357536235479 ], [ 150.58431757888971, -34.996312806567353 ], [ 150.584324203842243, -34.996268077799208 ], [ 150.584330828812625, -34.996223348129163 ], [ 150.584334646565935, -34.996197565520198 ], [ 150.584334652040155, -34.996197565629195 ], [ 150.584334657487886, -34.996197566639133 ], [ 150.584334658582719, -34.996197566660925 ], [ 150.584334658582719, -34.996197566660925 ], [ 150.584355344060327, -34.996199634501821 ], [ 150.58436230509875, -34.996200331102749 ], [ 150.584370512103845, -34.996201312132861 ], [ 150.584370513198678, -34.996201312154646 ], [ 150.584370514293539, -34.996201312176453 ], [ 150.584390709715848, -34.99620372813748 ], [ 150.584406288609728, -34.996205590631675 ], [ 150.584406288609728, -34.996205590631675 ], [ 150.58440628970456, -34.996205590653467 ], [ 150.58440629405743, -34.996205591641605 ], [ 150.584406300626512, -34.99620559177238 ], [ 150.584402604732389, -34.996230546557783 ], [ 150.584395979800064, -34.99627527623327 ], [ 150.584389354885587, -34.996320005006865 ], [ 150.584382729935925, -34.996364734680434 ], [ 150.584376105004111, -34.996409463452117 ], [ 150.584369480037111, -34.996454193123768 ], [ 150.58436285508796, -34.99649892189354 ], [ 150.58435623010368, -34.996543651563279 ], [ 150.584349606232053, -34.996588380352925 ], [ 150.584342981230435, -34.99663311002076 ], [ 150.584336356220149, -34.996677839687642 ], [ 150.584329731227712, -34.996722568452626 ], [ 150.584323106200088, -34.996767298117589 ], [ 150.584316481190314, -34.996812026880654 ], [ 150.584309856145381, -34.996856756543707 ], [ 150.584303231144759, -34.996901484403921 ], [ 150.58430323111827, -34.996901485304846 ], [ 150.584296606056, -34.996946214966002 ], [ 150.584289982106441, -34.996990943747022 ], [ 150.584283357026862, -34.997035673406252 ], [ 150.584276731965105, -34.997080402163583 ], [ 150.584271587285059, -34.997115133364247 ], [ 150.584270106868189, -34.997125131820894 ], [ 150.584263481789122, -34.9971698605763 ], [ 150.584256856674898, -34.9972145902317 ], [ 150.584250231578494, -34.997259318985201 ], [ 150.584243606446961, -34.997304048638675 ], [ 150.58423698133322, -34.997348777390258 ], [ 150.584230357279182, -34.997393507063634 ], [ 150.584223732148132, -34.997438235813298 ], [ 150.584217106981953, -34.997482965462972 ], [ 150.584210481833566, -34.997527694210717 ], [ 150.584203856650049, -34.997572423858465 ], [ 150.584197231484353, -34.997617152604299 ], [ 150.584190606283499, -34.997661882250135 ], [ 150.584183981073977, -34.997706611895019 ], [ 150.584177355882275, -34.997751340637983 ], [ 150.584170731750305, -34.997796070302755 ], [ 150.584164106541294, -34.997840799043814 ], [ 150.584157481297154, -34.997885528684861 ], [ 150.584150856070806, -34.997930257424009 ], [ 150.584144230809301, -34.997974987063124 ], [ 150.584137605565672, -34.998019715800382 ], [ 150.58413098028683, -34.998064445437585 ], [ 150.584124355025864, -34.998109174172917 ], [ 150.584117729729712, -34.998153903808209 ], [ 150.584111105546299, -34.998198632563415 ], [ 150.58410448023281, -34.99824336219681 ], [ 150.58409785493717, -34.998288090928298 ], [ 150.5840912296064, -34.998332820559781 ], [ 150.584084604293423, -34.998377549289351 ], [ 150.584077978945317, -34.99842227891893 ], [ 150.58407135361503, -34.998467007646603 ], [ 150.584064728249587, -34.998511737274242 ], [ 150.584058102901963, -34.998556466 ], [ 150.584051478614072, -34.998601195647538 ], [ 150.584044853249111, -34.998645924371381 ], [ 150.584038227849049, -34.998690653995205 ], [ 150.584031602440263, -34.998735383618069 ], [ 150.584024977049353, -34.998780112339048 ], [ 150.584020596208831, -34.998809685202282 ], [ 150.584018397502149, -34.998824846479458 ], [ 150.584011908635773, -34.998869588735118 ], [ 150.584005418639492, -34.998914331868981 ], [ 150.583998929729603, -34.998959075023699 ], [ 150.583992439742786, -34.99900381725476 ], [ 150.583985950815844, -34.999048560407616 ], [ 150.583981659482987, -34.999078143163402 ], [ 150.58397014198539, -34.999166994164945 ], [ 150.583963759981486, -34.999226576704679 ], [ 150.583959784145065, -34.999271133714423 ], [ 150.583956484252525, -34.999315727622431 ], [ 150.583953862653601, -34.99936035306677 ], [ 150.583951919614435, -34.999405001038149 ], [ 150.583950654226697, -34.999449665208225 ], [ 150.583950068866756, -34.999494339314118 ], [ 150.58395016046299, -34.999539016082934 ], [ 150.583950931418343, -34.999583688350803 ], [ 150.5839523808244, -34.999628349789397 ], [ 150.583954479372295, -34.999672469751914 ], [ 150.583954729338473, -34.999676933389715 ], [ 150.58396079760459, -34.999762193363324 ], [ 150.583964957470158, -34.999806739300574 ], [ 150.583969794662153, -34.999851238327324 ], [ 150.583975307177354, -34.999895684093325 ], [ 150.583981494107462, -34.999940070270164 ], [ 150.583988354597125, -34.999984388727505 ], [ 150.583995887738041, -35.000028633136886 ], [ 150.584004092621853, -35.00007279716985 ], [ 150.584012967298349, -35.000116872674248 ], [ 150.584022511954032, -35.000160853343395 ], [ 150.5840324705961, -35.000203683869472 ], [ 150.5840324716645, -35.000203684792204 ], [ 150.58404930101571, -35.00027145331795 ], [ 150.584049290013752, -35.000271454901799 ], [ 150.584049288918834, -35.00027145488 ], [ 150.584048498119301, -35.000271597790942 ], [ 150.584053711048654, -35.000291328354201 ], [ 150.584053993426579, -35.000292380581371 ], [ 150.584065778889908, -35.000336385134872 ], [ 150.584077565459467, -35.00038038970925 ], [ 150.584089350945391, -35.000424394260904 ], [ 150.584097887887992, -35.000456264371316 ], [ 150.584101138922989, -35.000468500726896 ], [ 150.584103187730392, -35.000476318487124 ], [ 150.584103187703903, -35.000476319388078 ], [ 150.584105489972927, -35.00048520412448 ], [ 150.584105489946438, -35.00048520502542 ], [ 150.584112497178523, -35.000512952010133 ], [ 150.584120301716325, -35.000545214998169 ], [ 150.584120301689808, -35.000545215899102 ], [ 150.584123227933389, -35.000557507086413 ], [ 150.584133406196315, -35.000602148518652 ], [ 150.584142905522754, -35.000646891818505 ], [ 150.584151725055165, -35.000691728855813 ], [ 150.584154624803119, -35.000707305364777 ], [ 150.584159861719684, -35.000736652357766 ], [ 150.58416731567425, -35.000781656918804 ], [ 150.584174086061182, -35.000826734408733 ], [ 150.584180170875101, -35.00087187847744 ], [ 150.584185569258437, -35.000917080994732 ], [ 150.584190280274129, -35.000962336533199 ], [ 150.584194304185928, -35.001007636083465 ], [ 150.584197638988428, -35.001052973295387 ], [ 150.584200284865943, -35.001098341862402 ], [ 150.584202240960821, -35.001143733654182 ], [ 150.584203508552406, -35.001189142386018 ], [ 150.5842040856881, -35.001234559905761 ], [ 150.584203972525756, -35.001279980807752 ], [ 150.584203169329243, -35.001325396082535 ], [ 150.584201677351217, -35.00137080034623 ], [ 150.58419949463925, -35.001416185446672 ], [ 150.584196623593982, -35.001461544219893 ], [ 150.58419306220992, -35.001506870315595 ], [ 150.584188814009138, -35.001552155690625 ], [ 150.584188758614829, -35.001552698172603 ], [ 150.58418875858834, -35.001552699073521 ], [ 150.584187881693396, -35.001561207693705 ], [ 150.584186922057512, -35.001570257349819 ], [ 150.584185935074998, -35.001579305559922 ], [ 150.584184919703915, -35.001588350500306 ], [ 150.584183878054574, -35.00159739491739 ], [ 150.584182808016692, -35.001606436064776 ], [ 150.584181710658584, -35.001615474865169 ], [ 150.584180585953789, -35.001624512219536 ], [ 150.584180086466091, -35.001628457913604 ], [ 150.584180086439602, -35.001628458814551 ], [ 150.584179433955285, -35.001633546326005 ], [ 150.584178339488631, -35.00164192801396 ], [ 150.584178337969803, -35.001641942407211 ], [ 150.584178254610123, -35.001642578986399 ], [ 150.584177047971224, -35.001651608398909 ], [ 150.584175812917152, -35.001660635442619 ], [ 150.584174838274066, -35.001667624946052 ], [ 150.584174551637801, -35.001669660161163 ], [ 150.584173261943278, -35.001678682510907 ], [ 150.584171946049906, -35.001687701634552 ], [ 150.584170601741363, -35.00169671838939 ], [ 150.584170086257814, -35.001702288209557 ], [ 150.584168808238928, -35.001718847962735 ], [ 150.58416891370868, -35.001723978512388 ], [ 150.584171264017414, -35.001742406238584 ], [ 150.584173666705595, -35.001751751819697 ], [ 150.584176968232299, -35.001761192825178 ], [ 150.584181258116047, -35.001770740052166 ], [ 150.584186663049707, -35.001780406840929 ], [ 150.584186652127016, -35.001780405721966 ], [ 150.584187006231559, -35.001780956358076 ], [ 150.584192338005892, -35.001788826867738 ], [ 150.584193351227015, -35.001790210964003 ], [ 150.584193362149705, -35.001790212082966 ], [ 150.584201626267173, -35.001800184609479 ], [ 150.584254956119423, -35.001838024599444 ] ] ] ] } },
{ "type": "Feature", "properties": { "Discipline": "CV", "SubDiscipl": "PV", "FSource": "PHUP-MRBJV-JBR2HR-PV-M2D-000001-PAVEMENT-HATCH.dwg", "Comments": "Converted from \"PHUP-MRBJV-JBR2HR-PV-M2D-000001-PAVEMENT-HATCH.dwg\" using FME workbench.", "ECMLink": null, "SourceDate": "20250922", "PlanAccur": null, "Supplier": "BENG", "LineWt": null, "HatchName": "SOLID", "Layer": "Pavement Type LR2", "Text": null, "LineType": null, "Thickness": "0", "Color": "190", "SHAPE_Leng": 2001.3376551700001, "SHAPE_Area": 5658.2412951400001 }, "geometry": { "type": "MultiPolygon", "coordinates": [ [ [ [ 150.583704482818121, -34.996374191407533 ], [ 150.583696780474781, -34.996375308182898 ], [ 150.583693671517892, -34.996375605051767 ], [ 150.583688990928493, -34.996375888650476 ], [ 150.583682733481595, -34.996375964157657 ], [ 150.583681170148992, -34.996375929417539 ], [ 150.583673371836795, -34.996375429750614 ], [ 150.583671819983749, -34.996375265427574 ], [ 150.583665652844559, -34.996374393486377 ], [ 150.583661081980864, -34.996373516375286 ], [ 150.583658066660774, -34.996372827098909 ], [ 150.583650667683401, -34.996370743390663 ], [ 150.583643505930922, -34.996368155076951 ], [ 150.583641747211118, -34.996367425920432 ], [ 150.583641746116257, -34.996367425898633 ], [ 150.583640720630683, -34.996366982686858 ], [ 150.5836366345209, -34.99636508124501 ], [ 150.583631378384496, -34.996362287485795 ], [ 150.583630101017178, -34.996361543575958 ], [ 150.583623950687809, -34.996357567311037 ], [ 150.583622770497982, -34.996356722569104 ], [ 150.583618227626516, -34.996353180372495 ], [ 150.583615016326291, -34.996350364234395 ], [ 150.583614801959527, -34.996350166149426 ], [ 150.583612972536542, -34.996348414220947 ], [ 150.583608221715139, -34.996343301130757 ], [ 150.583604010232165, -34.996337877859155 ], [ 150.583602482391683, -34.996335630720516 ], [ 150.583600365414156, -34.996332183713548 ], [ 150.583597877395334, -34.99632745914824 ], [ 150.583597315708914, -34.996326257122227 ], [ 150.583594880672905, -34.996320140843729 ], [ 150.583594469157248, -34.996318898538036 ], [ 150.583593077646498, -34.996313878493901 ], [ 150.583592304542123, -34.996310068817152 ], [ 150.583591919617163, -34.996307512700426 ], [ 150.58359141615523, -34.996301090530267 ], [ 150.583591568178377, -34.996294655272209 ], [ 150.583591813477568, -34.996292088268859 ], [ 150.583592376498245, -34.996288253818726 ], [ 150.583592532654961, -34.996287414055985 ], [ 150.583593835410369, -34.996281931129602 ], [ 150.583595933762695, -34.996275731154661 ], [ 150.583598657118557, -34.996269697778281 ], [ 150.583601986688393, -34.99626387389668 ], [ 150.583605898261595, -34.996258300495171 ], [ 150.583610364395895, -34.99625301669176 ], [ 150.58361157203052, -34.996251736318364 ], [ 150.58361157315187, -34.996251735439223 ], [ 150.583615353296267, -34.996248060616288 ], [ 150.583620830015576, -34.996243465828485 ], [ 150.583626757417193, -34.996239265844459 ], [ 150.583628246714028, -34.996238316510421 ], [ 150.583630891969619, -34.996236651895629 ], [ 150.5836371482809, -34.99623259187883 ], [ 150.583661938622129, -34.996214654172782 ], [ 150.583723496194239, -34.996151773091107 ], [ 150.58375778101572, -34.996092749820576 ], [ 150.583771558395824, -34.99605272315123 ], [ 150.583773928562294, -34.996042792901214 ], [ 150.583773928588784, -34.99604279200026 ], [ 150.583778791799915, -34.996020578410459 ], [ 150.583788483036358, -34.995976229858421 ], [ 150.583798173166116, -34.995931881283063 ], [ 150.583807864405344, -34.995887531827087 ], [ 150.583817555606174, -34.995843183270537 ], [ 150.583827246821699, -34.995798833811563 ], [ 150.583836937998825, -34.995754485252036 ], [ 150.5838466291641, -34.995710136691017 ], [ 150.583856319249179, -34.995665787205731 ], [ 150.58386601039075, -34.995621438641727 ], [ 150.583875701546901, -34.995577089175249 ], [ 150.58388539266474, -34.99553274060824 ], [ 150.583895083797188, -34.995488391138785 ], [ 150.583904774891266, -34.995444042568785 ], [ 150.583914464878688, -34.995399693975479 ], [ 150.583924155975552, -34.99535534450154 ], [ 150.583933847034075, -34.995310995927049 ], [ 150.583943538107206, -34.995266646450098 ], [ 150.583953229141997, -34.995222297872616 ], [ 150.583962920164907, -34.995177949293627 ], [ 150.583972610107651, -34.9951335997904 ], [ 150.583982301106857, -34.995089251208412 ], [ 150.583991992120644, -34.995044901723993 ], [ 150.584001683096147, -34.995000553139022 ], [ 150.584011374059742, -34.994956204552558 ], [ 150.584021065037973, -34.994911855063641 ], [ 150.584030754883059, -34.994867506452373 ], [ 150.584040445837559, -34.994823156960479 ], [ 150.584050136753717, -34.994778808368018 ], [ 150.584059827658024, -34.994734459774065 ], [ 150.584069518576939, -34.994690110277674 ], [ 150.584079209457542, -34.994645761680722 ], [ 150.584088899257893, -34.99460141215954 ], [ 150.584098590114763, -34.994557063559604 ], [ 150.584108280959754, -34.994512714958162 ], [ 150.584117971819353, -34.994468365454296 ], [ 150.58412766264064, -34.994424016849862 ], [ 150.584137353476535, -34.994379667342997 ], [ 150.584147043179257, -34.994335318713766 ], [ 150.584156733964932, -34.994290970104856 ], [ 150.584166424765215, -34.994246620593486 ], [ 150.584176115527185, -34.994202271981592 ], [ 150.584185806303765, -34.994157922467238 ], [ 150.584195497042003, -34.994113573852324 ], [ 150.58420518776839, -34.994069225235933 ], [ 150.584214877414553, -34.994024875695274 ], [ 150.584224568117207, -34.993980527075891 ], [ 150.584234258834471, -34.993936177554055 ], [ 150.584243949513393, -34.99389182893168 ], [ 150.584253640206953, -34.993847479406845 ], [ 150.584263330862143, -34.993803130781458 ], [ 150.584273020410677, -34.993758782132787 ], [ 150.584282711068653, -34.993714432603468 ], [ 150.584292401688259, -34.993670083973605 ], [ 150.584302092322503, -34.993625734441295 ], [ 150.584311782918377, -34.993581385808419 ], [ 150.584321473502428, -34.993537037174065 ], [ 150.584322727948063, -34.993531293651067 ], [ 150.584323411398856, -34.993528167442669 ], [ 150.58432534932129, -34.993519296810234 ], [ 150.584327287216752, -34.993510427078718 ], [ 150.584329225111759, -34.99350155734713 ], [ 150.584331163006283, -34.993492687615472 ], [ 150.584333101995128, -34.993483817905556 ], [ 150.584335039888714, -34.993474948173798 ], [ 150.584336977781817, -34.993466078441955 ], [ 150.584338915674437, -34.993457208710076 ], [ 150.584340853566601, -34.993448338978133 ], [ 150.584342791458283, -34.993439469246113 ], [ 150.584344730444286, -34.993430599535841 ], [ 150.584346668335002, -34.993421729803707 ], [ 150.584348606225262, -34.993412860071537 ], [ 150.584350544141529, -34.993403989438335 ], [ 150.584352482030823, -34.993395119706015 ], [ 150.584354419919663, -34.993386249973653 ], [ 150.584356358902824, -34.993377380263034 ], [ 150.584358296790725, -34.993368510530537 ], [ 150.584360234678115, -34.993359640797998 ], [ 150.584362172565051, -34.993350771065387 ], [ 150.584364110451503, -34.993341901332712 ], [ 150.5843660483375, -34.993333031599981 ], [ 150.584367987317819, -34.993324161888985 ], [ 150.58436992520285, -34.99331529215614 ], [ 150.584371863087398, -34.993306422423238 ], [ 150.58437380099798, -34.993297551789325 ], [ 150.58437573888159, -34.993288682056303 ], [ 150.584377676764746, -34.993279812323209 ], [ 150.584379615742193, -34.993270942611865 ], [ 150.584381553624382, -34.993262072878657 ], [ 150.584383491506088, -34.9932532031454 ], [ 150.584385429387339, -34.993244333412065 ], [ 150.584387367268107, -34.99323546367868 ], [ 150.584389305148392, -34.993226593945231 ], [ 150.584391244123026, -34.993217724233524 ], [ 150.584393182002344, -34.993208854499954 ], [ 150.584395119881236, -34.993199984766342 ], [ 150.584397057786106, -34.993191114131697 ], [ 150.584398995664031, -34.993182244397957 ], [ 150.584400933541474, -34.99317337466416 ], [ 150.584402872513238, -34.993164504952091 ], [ 150.584404810389742, -34.993155635218152 ], [ 150.584406748265764, -34.99314676548417 ], [ 150.584408686141302, -34.993137895750131 ], [ 150.584410624016385, -34.993129026016042 ], [ 150.584412561890986, -34.993120156281861 ], [ 150.584414500859907, -34.993111286569437 ], [ 150.584416438733541, -34.993102416835143 ], [ 150.584418376606749, -34.993093547100813 ], [ 150.584420314479416, -34.993084677366397 ], [ 150.584422252378147, -34.993075806731007 ], [ 150.584424190249905, -34.99306693699647 ], [ 150.584426129215984, -34.993058067283684 ], [ 150.584428067086776, -34.993049197549041 ], [ 150.584430004957113, -34.993040327814342 ], [ 150.584431942826967, -34.993031458079578 ], [ 150.584433880696338, -34.993022588344765 ], [ 150.584435818565225, -34.993013718609866 ], [ 150.584437757528462, -34.993004848896732 ], [ 150.584439695396441, -34.992995979161734 ], [ 150.584441633263907, -34.992987109426664 ], [ 150.584443571130947, -34.992978239691553 ], [ 150.584445509023965, -34.992969369055423 ], [ 150.584447446889982, -34.992960499320176 ], [ 150.584449385850405, -34.992951629606679 ], [ 150.584451323715484, -34.992942759871312 ], [ 150.584453261580137, -34.992933890135888 ], [ 150.584455199444307, -34.992925020400399 ], [ 150.584457137307993, -34.992916150664861 ], [ 150.584459075171196, -34.992907280929273 ], [ 150.584461014128749, -34.9928984112154 ], [ 150.584462951990986, -34.992889541479677 ], [ 150.584464889852768, -34.992880671743897 ], [ 150.584466827714124, -34.992871802008061 ], [ 150.584468765601429, -34.992862931371221 ], [ 150.58447070346179, -34.992854061635256 ], [ 150.5844726424165, -34.992845191921042 ], [ 150.584474580275895, -34.992836322184957 ], [ 150.584476518134835, -34.992827452448815 ], [ 150.58447845599332, -34.992818582712616 ], [ 150.584480393851294, -34.99280971297636 ], [ 150.584482331708813, -34.992800843240047 ], [ 150.584484270660653, -34.992791973525456 ], [ 150.584486208517234, -34.992783103789016 ], [ 150.584488146373332, -34.992774234052511 ], [ 150.584490084228975, -34.992765364315964 ], [ 150.584492022084106, -34.992756494579339 ], [ 150.584493959965272, -34.992747623941725 ], [ 150.584495898914241, -34.992738754226771 ], [ 150.58449715330579, -34.992733011601246 ], [ 150.584505588178132, -34.992694405542203 ], [ 150.584515278524947, -34.992650056877906 ], [ 150.584524968886399, -34.992605707311185 ], [ 150.584534659209481, -34.99256135864389 ], [ 150.584544349547201, -34.992517009074177 ], [ 150.58455403984658, -34.992472660403898 ], [ 150.584563729039274, -34.992428311710341 ], [ 150.584573419341439, -34.992383962136124 ], [ 150.584583109605234, -34.992339613461361 ], [ 150.584592799883637, -34.992295263884174 ], [ 150.5846024901237, -34.992250915206412 ], [ 150.5846121803784, -34.992206565626212 ], [ 150.584621869499955, -34.992162216923667 ], [ 150.584631559704462, -34.992117868241436 ], [ 150.584641249923578, -34.992073518656746 ], [ 150.584650940104353, -34.992029169971509 ], [ 150.584660630299737, -34.99198482038382 ], [ 150.58467032045678, -34.9919404716956 ], [ 150.584680009507196, -34.991896122984087 ], [ 150.584689699666995, -34.991851773391907 ], [ 150.584699389788483, -34.991807424699196 ], [ 150.584709079924579, -34.991763075104032 ], [ 150.584718770022306, -34.991718726408337 ], [ 150.584728460108209, -34.991674377711121 ], [ 150.584738150208722, -34.99163002811148 ], [ 150.584747839176117, -34.991585679389473 ], [ 150.584757529252897, -34.991541329786855 ], [ 150.584767219291336, -34.99149698108365 ], [ 150.584776909317952, -34.991452632378966 ], [ 150.584786599359148, -34.991408282771822 ], [ 150.584796289362032, -34.991363934064147 ], [ 150.584805978284777, -34.991319584432226 ], [ 150.5848156682639, -34.991275235721567 ], [ 150.5848253582312, -34.991230887009401 ], [ 150.584835048213108, -34.991186537394782 ], [ 150.584844738156704, -34.991142188679625 ], [ 150.584854428114909, -34.991097839062029 ], [ 150.584864116939968, -34.991053490322074 ], [ 150.58487380684798, -34.991009141602419 ], [ 150.584883496770601, -34.990964791980332 ], [ 150.584893004382678, -34.990921277996044 ], [ 150.584893186654881, -34.990920443257679 ], [ 150.584895124411361, -34.990911573508612 ], [ 150.584897062167386, -34.990902703759481 ], [ 150.58489899994936, -34.990893833109354 ], [ 150.584900938799194, -34.990884963381902 ], [ 150.584902876553798, -34.9908760936326 ], [ 150.58490481430789, -34.990867223883228 ], [ 150.584906752061528, -34.990858354133806 ], [ 150.584908689814682, -34.99084948438432 ], [ 150.584910627567353, -34.990840614634777 ], [ 150.584912566414346, -34.990831744906956 ], [ 150.584914504166079, -34.990822875157306 ], [ 150.584916441917329, -34.990814005407579 ], [ 150.584918379668125, -34.990805135657794 ], [ 150.584920317418465, -34.990796265907939 ], [ 150.584922255168294, -34.990787396158048 ], [ 150.584924194038877, -34.99077852552891 ], [ 150.584926131787796, -34.990769655778891 ], [ 150.584928069536204, -34.990760786028815 ], [ 150.584930007284129, -34.990751916278668 ], [ 150.584931945031599, -34.990743046528458 ], [ 150.584933882778586, -34.990734176778211 ], [ 150.584935821619894, -34.990725307049672 ], [ 150.584937759365943, -34.990716437299284 ], [ 150.58493969711148, -34.990707567548846 ], [ 150.584941634856591, -34.990698697798337 ], [ 150.584943572601219, -34.990689828047785 ], [ 150.584945510345364, -34.990680958297155 ], [ 150.584947449210262, -34.990672087667328 ], [ 150.584949386953468, -34.990663217916591 ], [ 150.584951324696192, -34.990654348165791 ], [ 150.584953262438432, -34.990645478414919 ], [ 150.584955200180218, -34.990636608663991 ], [ 150.584957137921492, -34.990627738913012 ], [ 150.584959076757116, -34.990618869183763 ], [ 150.58496101449748, -34.990609999432657 ], [ 150.584962952237333, -34.990601129681501 ], [ 150.584964889976732, -34.990592259930274 ], [ 150.584966827715647, -34.990583390178998 ], [ 150.584968765454107, -34.990574520427643 ], [ 150.584970704313321, -34.990565649797098 ], [ 150.584972642050843, -34.99055678004563 ], [ 150.584974579787882, -34.990547910294133 ], [ 150.584976517524439, -34.990539040542529 ], [ 150.584978455260512, -34.990530170790905 ], [ 150.58498039299613, -34.990521301039195 ], [ 150.584982331826012, -34.990512431309234 ], [ 150.584984269560692, -34.990503561557411 ], [ 150.584986207294861, -34.99049469180553 ], [ 150.584988145028575, -34.990485822053593 ], [ 150.584990082761806, -34.990476952301584 ], [ 150.584992020494582, -34.990468082549526 ], [ 150.58499395932165, -34.990459212819211 ], [ 150.584995897079921, -34.990450342166085 ], [ 150.584997834811276, -34.990441472413849 ], [ 150.584999772542119, -34.990432602661556 ], [ 150.585001710272508, -34.990423732909193 ], [ 150.585003648002441, -34.990414863156765 ], [ 150.58500558682664, -34.990405993426087 ], [ 150.585007524555607, -34.990397123673546 ], [ 150.58500946228412, -34.990388253920948 ], [ 150.585011400012121, -34.990379384168286 ], [ 150.585013337739667, -34.990370514415588 ], [ 150.585015275466731, -34.990361644662791 ], [ 150.585017214288115, -34.990352774931743 ], [ 150.585019152040701, -34.9903439042779 ], [ 150.585021089766315, -34.990335034524961 ], [ 150.585023027491502, -34.990326164771943 ], [ 150.585024965216206, -34.990317295018862 ], [ 150.585026902940427, -34.990308425265738 ], [ 150.585028841758941, -34.990299555534328 ], [ 150.585030779482224, -34.990290685781055 ], [ 150.585032717205024, -34.990281816027753 ], [ 150.58503465492737, -34.990272946274374 ], [ 150.585036592649203, -34.99026407652093 ], [ 150.585038530370582, -34.990255206767451 ], [ 150.585040469186254, -34.990246337035678 ], [ 150.585042406933155, -34.990237466381117 ], [ 150.585044344653113, -34.990228596627446 ], [ 150.585046282372588, -34.990219726873711 ], [ 150.585048220091608, -34.990210857119919 ], [ 150.585050157810144, -34.990201987366071 ], [ 150.585052096622945, -34.990193117633943 ], [ 150.585054034340544, -34.990184247879974 ], [ 150.58505597205766, -34.990175378125926 ], [ 150.585057909774264, -34.990166508371843 ], [ 150.585059847490413, -34.990157638617688 ], [ 150.585061785206108, -34.99014876886347 ], [ 150.585063724016095, -34.990139899130988 ], [ 150.585065661730852, -34.990131029376656 ], [ 150.585067599471557, -34.990122158721313 ], [ 150.585069537185376, -34.990113288966874 ], [ 150.585071474898655, -34.990104419212351 ], [ 150.585073412611507, -34.990095549457791 ], [ 150.585075351418652, -34.990086679724932 ], [ 150.585077289130538, -34.990077809970245 ], [ 150.585079226841941, -34.990068940215494 ], [ 150.585081164552918, -34.990060070460686 ], [ 150.585083102263383, -34.990051200705807 ], [ 150.585085039973364, -34.990042330950878 ], [ 150.585086978777639, -34.990033461217678 ], [ 150.585088916486683, -34.990024591462635 ], [ 150.585090854221733, -34.990015720806568 ], [ 150.585092791929839, -34.990006851051398 ], [ 150.585094729637461, -34.989997981296177 ], [ 150.585096667344601, -34.989989111540879 ], [ 150.585098606146033, -34.989980241807316 ], [ 150.585100543852235, -34.989971372051919 ], [ 150.585102481557954, -34.989962502296443 ], [ 150.585104419263217, -34.989953632540917 ], [ 150.585106356967998, -34.989944762785321 ], [ 150.585108294672295, -34.989935893029681 ], [ 150.585110233470886, -34.989927023295749 ], [ 150.585112171174217, -34.989918153539982 ], [ 150.585113926610006, -34.989910118523163 ], [ 150.585116046605975, -34.989900413127323 ], [ 150.585125736205669, -34.989856064368766 ], [ 150.585135425793482, -34.989811715608724 ], [ 150.585145115395903, -34.989767365946228 ], [ 150.585154803865237, -34.989723017161403 ], [ 150.585164493443955, -34.989678667495923 ], [ 150.585174182984332, -34.989634318729891 ], [ 150.585183872512857, -34.989589969962367 ], [ 150.58519192689451, -34.989553104202493 ], [ 150.585193567926893, -34.989545606887191 ], [ 150.585203395140297, -34.989501194148474 ], [ 150.585213402261303, -34.989456809328487 ], [ 150.585223589316172, -34.989412451526199 ], [ 150.585233955156838, -34.989368122521675 ], [ 150.585244501999028, -34.989323821457489 ], [ 150.585255226505296, -34.989279550070101 ], [ 150.585266131959628, -34.989235308424838 ], [ 150.58527721507744, -34.989191096456238 ], [ 150.585288478021539, -34.989146915108783 ], [ 150.585299919670405, -34.98910276526157 ], [ 150.585311540023781, -34.989058646914529 ], [ 150.58532333905498, -34.989014560968535 ], [ 150.585335316763661, -34.988970507423545 ], [ 150.585347472054821, -34.988926486257704 ], [ 150.585359807064748, -34.988882499316389 ], [ 150.585372318508973, -34.988838546534211 ], [ 150.585385008550219, -34.988794628855565 ], [ 150.58539787611997, -34.98875074535772 ], [ 150.585410922259769, -34.988706897864233 ], [ 150.585424144779807, -34.988663086331492 ], [ 150.585428779211213, -34.988647879712381 ], [ 150.585429484539162, -34.988645571562131 ], [ 150.585432163657032, -34.988636816614829 ], [ 150.585434851505767, -34.988628062742649 ], [ 150.585437545869411, -34.988619310802981 ], [ 150.585440246774397, -34.988610559894838 ], [ 150.585442955289011, -34.988601810941013 ], [ 150.585445671413254, -34.988593063941444 ], [ 150.585448394105327, -34.98858431707248 ], [ 150.585451123285793, -34.988575573036947 ], [ 150.585453860102405, -34.988566830054765 ], [ 150.585456603460329, -34.988558088104121 ], [ 150.585459354427854, -34.98854934810776 ], [ 150.585462113031497, -34.988540609164737 ], [ 150.585464878149992, -34.988531872154205 ], [ 150.585467649809857, -34.988523136175196 ], [ 150.585470429079322, -34.988514402150471 ], [ 150.585473215958388, -34.988505670080031 ], [ 150.585476009378795, -34.988496939041127 ], [ 150.585478809314054, -34.988488209934715 ], [ 150.585481616885403, -34.988479481881633 ], [ 150.585484432092812, -34.988470754881881 ], [ 150.585487253788585, -34.988462030715546 ], [ 150.585490082052189, -34.98845330667983 ], [ 150.585492917898904, -34.988444585499316 ], [ 150.585495760286932, -34.988435865350333 ], [ 150.585498610311021, -34.988427146254686 ], [ 150.585501467944709, -34.988418429113302 ], [ 150.585504332093251, -34.988409713904396 ], [ 150.585507202783077, -34.988400999727034 ], [ 150.585510081082504, -34.988392287503949 ], [ 150.585512965896754, -34.988383577213327 ], [ 150.585515858347065, -34.988374867976042 ], [ 150.58551875733869, -34.988366159770273 ], [ 150.585521663913397, -34.988357454419727 ], [ 150.585524578124165, -34.988348750122498 ], [ 150.58552749778147, -34.988340046835013 ], [ 150.585530426143123, -34.988331345523584 ], [ 150.585533359924824, -34.988322646122853 ], [ 150.585536301316125, -34.988313948676357 ], [ 150.585539250343402, -34.988305252283212 ], [ 150.58554220591202, -34.988296556921568 ], [ 150.585545169063693, -34.988287864415142 ], [ 150.58554813875665, -34.988279172940231 ], [ 150.585551116085639, -34.988270482518651 ], [ 150.585554099902964, -34.98826179493048 ], [ 150.585557090288063, -34.9882531074729 ], [ 150.585560088256216, -34.98824442287053 ], [ 150.585563093860401, -34.988235739321446 ], [ 150.585566104884634, -34.988227057683069 ], [ 150.585569124613187, -34.988218378020704 ], [ 150.585572150882967, -34.988209699389891 ], [ 150.585575183667544, -34.988201022691541 ], [ 150.585578224061663, -34.988192347947432 ], [ 150.585581270970579, -34.988183675135801 ], [ 150.585584325515526, -34.988175003377485 ], [ 150.585587386575241, -34.988166333551611 ], [ 150.585590454176184, -34.988157664757281 ], [ 150.585593529386699, -34.988148997917186 ], [ 150.5855966122067, -34.988140333031353 ], [ 150.585599701541497, -34.988131670077976 ], [ 150.585602797417522, -34.988123008156123 ], [ 150.585605900876629, -34.988114349089457 ], [ 150.585609010903454, -34.988105690153368 ], [ 150.585612128513304, -34.988097034072467 ], [ 150.585615252664411, -34.988088379023075 ], [ 150.585618384398543, -34.988079726828886 ], [ 150.585621522700393, -34.988071074765251 ], [ 150.585624668585297, -34.988062425556826 ], [ 150.585627820984939, -34.988053778280836 ], [ 150.58563097992581, -34.988045132036383 ], [ 150.585634146476195, -34.988036487746157 ], [ 150.585637319567809, -34.988027844487441 ], [ 150.58564050024242, -34.988019204083912 ], [ 150.585643687458287, -34.988010564711892 ], [ 150.58564688228364, -34.988001927294121 ], [ 150.585650083623761, -34.987993291808799 ], [ 150.585653291478621, -34.987984658255925 ], [ 150.585656506969428, -34.987976025756346 ], [ 150.585659728974974, -34.987967395189223 ], [ 150.585662958590007, -34.987958766576334 ], [ 150.585666194719806, -34.987950139895901 ], [ 150.585669438459064, -34.98794151516968 ], [ 150.585672688739493, -34.987932891474983 ], [ 150.585675945508257, -34.987924270613689 ], [ 150.585679209912939, -34.987915650805661 ], [ 150.58568248192708, -34.987907032951867 ], [ 150.58568575936124, -34.987898417008751 ], [ 150.58568904440483, -34.987889803019861 ], [ 150.585692337084367, -34.987881190084259 ], [ 150.585695636278643, -34.987872579081092 ], [ 150.585698941961169, -34.987863970911327 ], [ 150.585702255279614, -34.987855363794829 ], [ 150.585705575112797, -34.987846758610786 ], [ 150.58570890255541, -34.987838155380963 ], [ 150.585712236539223, -34.987829553182635 ], [ 150.585715578106004, -34.987820953839496 ], [ 150.585718925119238, -34.987812355506058 ], [ 150.585722280810216, -34.987803760049573 ], [ 150.58572564194759, -34.987795165602783 ], [ 150.585729010694422, -34.987786573110242 ], [ 150.585732387050712, -34.987777982571906 ], [ 150.585735769921712, -34.987769393966012 ], [ 150.585739159307394, -34.98776080729256 ], [ 150.585742556302506, -34.98775222257332 ], [ 150.585745959838789, -34.987743638885568 ], [ 150.585749369863294, -34.987735058031205 ], [ 150.585751499766758, -34.987729708717481 ], [ 150.585752785148998, -34.987726484493145 ], [ 150.585753424904738, -34.987724879083608 ], [ 150.585759609635716, -34.987709358029427 ], [ 150.58577666923685, -34.987666540483644 ], [ 150.585793729887257, -34.98762372385719 ], [ 150.585793730982004, -34.987623723878968 ], [ 150.585793732076723, -34.987623723900747 ], [ 150.585822347416496, -34.987631446381634 ], [ 150.585822349579473, -34.987631447326123 ], [ 150.585850963830239, -34.987639169778681 ], [ 150.585850964924987, -34.987639169800453 ], [ 150.585850974698161, -34.987639172699296 ], [ 150.585833915168138, -34.987681989356588 ], [ 150.585816854497949, -34.987724806889609 ], [ 150.585810669776293, -34.987740327947066 ], [ 150.585810030021491, -34.987741933356958 ], [ 150.585808745735875, -34.98774515760374 ], [ 150.585806622986297, -34.987750487228517 ], [ 150.585803224840532, -34.987759036769489 ], [ 150.585799834304197, -34.987767588264681 ], [ 150.585796449161393, -34.987776142571448 ], [ 150.585793072749198, -34.987784697953288 ], [ 150.585789701783455, -34.98779325434483 ], [ 150.585786338400709, -34.987801813591531 ], [ 150.585782981532674, -34.987810374770667 ], [ 150.585779632274068, -34.987818937904024 ], [ 150.585776289556662, -34.987827502068882 ], [ 150.585772954448743, -34.987836068187953 ], [ 150.585769625829016, -34.987844637140405 ], [ 150.585766303750518, -34.987853207124367 ], [ 150.585762989281477, -34.987861779062527 ], [ 150.585759681353636, -34.987870352032211 ], [ 150.585756379914073, -34.987878927835268 ], [ 150.58575308608394, -34.98788750559256 ], [ 150.585749798795007, -34.987896084381333 ], [ 150.585746519115588, -34.987904665124333 ], [ 150.585743245950852, -34.987913247799796 ], [ 150.585739979300882, -34.987921832407679 ], [ 150.585736720260371, -34.987930418969803 ], [ 150.585733467761088, -34.987939006563444 ], [ 150.585730221750083, -34.987947596990459 ], [ 150.585726983375025, -34.987956188470761 ], [ 150.585723752609454, -34.987964781905298 ], [ 150.585720528358621, -34.987973377272276 ], [ 150.585717310622556, -34.987981974571703 ], [ 150.58571409942769, -34.987990572902653 ], [ 150.585710895842311, -34.987999173187816 ], [ 150.585707699866447, -34.988007775427228 ], [ 150.58570451040535, -34.988016379599074 ], [ 150.585701327458992, -34.98802498570339 ], [ 150.585698151053862, -34.988033592839209 ], [ 150.585694983352994, -34.988042201951039 ], [ 150.585691821072118, -34.988050812973547 ], [ 150.585688666400785, -34.98805942595029 ], [ 150.585685518270679, -34.988068039958556 ], [ 150.5856823777236, -34.988076656821981 ], [ 150.585679243717777, -34.988085274716944 ], [ 150.58567611734793, -34.988093893665187 ], [ 150.585672997466418, -34.98810251544684 ], [ 150.585669884126105, -34.988111138260017 ], [ 150.585666778395336, -34.988119763027406 ], [ 150.585663679179362, -34.988128389727294 ], [ 150.585660587599364, -34.988137017480433 ], [ 150.585657502534161, -34.988145647166078 ], [ 150.585654423983726, -34.988154278784165 ], [ 150.585651353042834, -34.988162912356508 ], [ 150.585648289737975, -34.988171546982123 ], [ 150.585645231853135, -34.988180183518445 ], [ 150.585642182672586, -34.988188822030786 ], [ 150.585639138938546, -34.988197461552872 ], [ 150.585636103908797, -34.988206103050992 ], [ 150.585633074299096, -34.988214746459775 ], [ 150.585630052298939, -34.988223391822835 ], [ 150.585627037934813, -34.988232038239175 ], [ 150.585624028990736, -34.988240686566215 ], [ 150.585621028777439, -34.988249335968341 ], [ 150.58561803398419, -34.988257987281159 ], [ 150.58561504789526, -34.988266640570004 ], [ 150.585612067226378, -34.98827529576954 ], [ 150.585609094193529, -34.988283952022378 ], [ 150.58560612877028, -34.988292610229486 ], [ 150.585603169888287, -34.988301269468103 ], [ 150.585600217521119, -34.988309930639211 ], [ 150.585597272763493, -34.988318593764568 ], [ 150.58559433454721, -34.988327257921448 ], [ 150.585591403940469, -34.988335924032583 ], [ 150.585588479848553, -34.988344592076196 ], [ 150.585585563392698, -34.988353261173131 ], [ 150.585582653451667, -34.988361932202537 ], [ 150.585579751120235, -34.988370605186191 ], [ 150.585576855330061, -34.988379279201403 ], [ 150.585573966054767, -34.988387955149079 ], [ 150.585571084415506, -34.988396632150064 ], [ 150.585568210385873, -34.988405311105325 ], [ 150.585565342897496, -34.988413991092116 ], [ 150.585562481923972, -34.988422673011385 ], [ 150.585559628560077, -34.988431356884917 ], [ 150.585556781737495, -34.988440041789993 ], [ 150.585553942524513, -34.988448728649317 ], [ 150.585551109826383, -34.98845741744114 ], [ 150.585548284764286, -34.988466107286278 ], [ 150.585545466243587, -34.988474798162954 ], [ 150.585542655332432, -34.988483490993914 ], [ 150.585539850936186, -34.988492185757337 ], [ 150.585537053081225, -34.988500881552305 ], [ 150.585534262835893, -34.988509579301557 ], [ 150.585531480226678, -34.988518278104117 ], [ 150.585528704132315, -34.988526978839175 ], [ 150.585525934579266, -34.988535680605764 ], [ 150.585523172635845, -34.988544384326637 ], [ 150.585520418302082, -34.988553090001773 ], [ 150.585517669441373, -34.988561795785735 ], [ 150.585514929258551, -34.988570504446692 ], [ 150.585512195617099, -34.988579214139186 ], [ 150.585509468516989, -34.988587924863239 ], [ 150.585506749026507, -34.988596637541569 ], [ 150.585504036050935, -34.988605352152383 ], [ 150.585501330711452, -34.988614067816513 ], [ 150.585498631913339, -34.988622784512231 ], [ 150.585495940724854, -34.988631503162189 ], [ 150.58549325607774, -34.988640222843728 ], [ 150.585490579040282, -34.988648944479515 ], [ 150.585487908517734, -34.988657668047821 ], [ 150.585487205645421, -34.988659967232607 ], [ 150.585482589286187, -34.988675118322632 ], [ 150.585469414227759, -34.988718769443672 ], [ 150.58545641664449, -34.98876245654715 ], [ 150.585443596563152, -34.988806178732233 ], [ 150.585430952862765, -34.988849936878104 ], [ 150.585418486717799, -34.988893728303808 ], [ 150.585406197007273, -34.988937553888569 ], [ 150.585394085920939, -34.988981413675987 ], [ 150.585382152417225, -34.989025305842503 ], [ 150.585370396496415, -34.989069230388139 ], [ 150.585358819253571, -34.989113187334773 ], [ 150.585347419620632, -34.989157175759736 ], [ 150.585336197597854, -34.989201195663057 ], [ 150.585325154333248, -34.98924524526474 ], [ 150.58531428980055, -34.989289325465734 ], [ 150.585303604053024, -34.989333434464271 ], [ 150.585293095969718, -34.989377573139535 ], [ 150.585282767766842, -34.989421740634214 ], [ 150.585272618402882, -34.989465935124691 ], [ 150.585262647825175, -34.989510158412912 ], [ 150.585252856086896, -34.989554408697039 ], [ 150.58525122138056, -34.989561877292118 ], [ 150.585243167024231, -34.989598743056916 ], [ 150.585233477499628, -34.989643092731335 ], [ 150.585223789084438, -34.989687441525099 ], [ 150.58521409956262, -34.989731790295572 ], [ 150.585204410002433, -34.9897761399655 ], [ 150.585194720456911, -34.989820488732995 ], [ 150.585185030873021, -34.989864838399917 ], [ 150.585175341303767, -34.989909187164415 ], [ 150.585173221340909, -34.989918891660601 ], [ 150.585171465910662, -34.989926926678507 ], [ 150.585169528213385, -34.989935796435468 ], [ 150.585167590515653, -34.989944666192365 ], [ 150.585165652790948, -34.989953536850145 ], [ 150.585163713997474, -34.989962406585128 ], [ 150.585161776298321, -34.989971276341855 ], [ 150.585159838598685, -34.98998014609851 ], [ 150.585157900898565, -34.989989015855116 ], [ 150.585155963197991, -34.989997885611636 ], [ 150.585154025496905, -34.990006755368128 ], [ 150.585152086700617, -34.99001562510275 ], [ 150.585150148998594, -34.990024494859114 ], [ 150.585148211296115, -34.990033364615421 ], [ 150.585146273593125, -34.990042234371643 ], [ 150.585144335889709, -34.990051104127829 ], [ 150.585142398185809, -34.990059973883952 ], [ 150.585140459360161, -34.990068844519158 ], [ 150.585138521655296, -34.990077714275166 ], [ 150.585136583949975, -34.990086584031097 ], [ 150.585134646244171, -34.990095453786985 ], [ 150.585132708537884, -34.990104323542809 ], [ 150.585130770831114, -34.990113193298562 ], [ 150.585128832029142, -34.990122063032487 ], [ 150.585126894321434, -34.990130932788119 ], [ 150.585124956613242, -34.990139802543695 ], [ 150.585123018904568, -34.99014867229922 ], [ 150.585121081195467, -34.990157542054675 ], [ 150.585119143485855, -34.99016641181008 ], [ 150.585117204654551, -34.990175282444582 ], [ 150.585115266944001, -34.990184152199859 ], [ 150.585113329232968, -34.990193021955072 ], [ 150.585111391521451, -34.990201891710242 ], [ 150.58510945380948, -34.990210761465349 ], [ 150.585107516097054, -34.990219631220391 ], [ 150.585105577289369, -34.990228500953577 ], [ 150.585103639575948, -34.990237370708499 ], [ 150.585101701862072, -34.990246240463371 ], [ 150.585099764147742, -34.990255110218165 ], [ 150.5850978264329, -34.990263979972916 ], [ 150.585095888717632, -34.990272849727589 ], [ 150.585093949880616, -34.990281720361374 ], [ 150.585092012164381, -34.99029059011594 ], [ 150.585090074447635, -34.990299459870442 ], [ 150.585088136730462, -34.990308329624881 ], [ 150.585086199012778, -34.990317199379263 ], [ 150.585084261294639, -34.990326069133587 ], [ 150.58508232248127, -34.99033493886607 ], [ 150.585080384762193, -34.990343808620267 ], [ 150.585078447042605, -34.990352678374421 ], [ 150.585076509322562, -34.990361548128504 ], [ 150.585074571602064, -34.990370417882531 ], [ 150.585072633881083, -34.990379287636486 ], [ 150.585070695064843, -34.990388157368614 ], [ 150.585068757316435, -34.990397028023395 ], [ 150.585066819594033, -34.990405897777187 ], [ 150.585064881871148, -34.990414767530901 ], [ 150.585062944147779, -34.990423637284572 ], [ 150.585061006423928, -34.990432507038186 ], [ 150.585059067604874, -34.99044137676993 ], [ 150.585057129880084, -34.990450246523416 ], [ 150.58505519215484, -34.990459116276845 ], [ 150.585053254429113, -34.990467986030204 ], [ 150.585051316702902, -34.99047685578352 ], [ 150.585049378976237, -34.990485725536772 ], [ 150.585047440154284, -34.990494595268174 ], [ 150.58504550240022, -34.990503465922238 ], [ 150.585043564672105, -34.990512335675312 ], [ 150.585041626943507, -34.990521205428315 ], [ 150.585039689214454, -34.990530075181262 ], [ 150.585037751484975, -34.990538944934144 ], [ 150.58503581266018, -34.990547814665192 ], [ 150.585033874929707, -34.990556684417953 ], [ 150.585031937198778, -34.990565554170672 ], [ 150.585029999467338, -34.990574423923313 ], [ 150.585028061735443, -34.990583293675904 ], [ 150.585026124003093, -34.990592163428424 ], [ 150.585024185175484, -34.990601033159116 ], [ 150.585022247415651, -34.990609903812469 ], [ 150.585020309681852, -34.990618773564812 ], [ 150.585018371947598, -34.990627643317097 ], [ 150.585016434212861, -34.990636513069333 ], [ 150.58501449647764, -34.990645382821498 ], [ 150.58501255764719, -34.990654252551835 ], [ 150.585010619911003, -34.990663122303879 ], [ 150.58500868217439, -34.990671992055866 ], [ 150.585006744437266, -34.990680861807796 ], [ 150.585004806699658, -34.990689731559662 ], [ 150.585002868961624, -34.990698601311472 ], [ 150.585000930128302, -34.990707471041432 ], [ 150.584998992389274, -34.990716340793135 ], [ 150.584997054623329, -34.990725211445707 ], [ 150.584995116883391, -34.990734081197274 ], [ 150.584993179142941, -34.990742950948786 ], [ 150.584991241402037, -34.990751820700225 ], [ 150.584989302565873, -34.990760690429838 ], [ 150.58498736482403, -34.990769560181164 ], [ 150.584985427081705, -34.990778429932433 ], [ 150.584983489338867, -34.990787299683653 ], [ 150.584981551595575, -34.990796169434809 ], [ 150.584979613851857, -34.990805039185894 ], [ 150.584977675012851, -34.990813908915143 ], [ 150.58497573726811, -34.990822778666121 ], [ 150.584973799496481, -34.990831649317975 ], [ 150.58497186175083, -34.990840519068819 ], [ 150.584969924004696, -34.990849388819612 ], [ 150.584967986258107, -34.990858258570348 ], [ 150.584966047416259, -34.990867128299229 ], [ 150.584964109668704, -34.990875998049852 ], [ 150.584962171920694, -34.990884867800403 ], [ 150.584960234172172, -34.990893737550891 ], [ 150.584958296423196, -34.990902607301329 ], [ 150.584956358673764, -34.990911477051711 ], [ 150.584954419829074, -34.990920346780229 ], [ 150.584952482078677, -34.990929216530489 ], [ 150.584952299780582, -34.990930052169908 ], [ 150.584942792198319, -34.990973566160022 ], [ 150.584933102332599, -34.991017914887117 ], [ 150.584923413523313, -34.991062264535429 ], [ 150.584913723633889, -34.991106613259518 ], [ 150.584904033732585, -34.991150961982136 ], [ 150.584894343792939, -34.991195311604173 ], [ 150.584884653867931, -34.991239660323778 ], [ 150.584874963904554, -34.991284009942845 ], [ 150.584865275050589, -34.991328358681251 ], [ 150.584855585089997, -34.991372707396366 ], [ 150.584845895091064, -34.991417057010942 ], [ 150.58483620510674, -34.991461405723058 ], [ 150.584826515084075, -34.991505755334636 ], [ 150.584816825076047, -34.991550104043768 ], [ 150.584807136124454, -34.991594453674132 ], [ 150.584797446092693, -34.991638802380294 ], [ 150.584787756049082, -34.991683151084942 ], [ 150.584778065967129, -34.991727500689024 ], [ 150.584768375899785, -34.991771849390688 ], [ 150.5847586857941, -34.991816198991778 ], [ 150.584748996797828, -34.991860547712228 ], [ 150.584739306694928, -34.991904896409395 ], [ 150.584729616553687, -34.991949246006016 ], [ 150.584719926427027, -34.991993594700176 ], [ 150.584710236262055, -34.992037944293799 ], [ 150.584700546111691, -34.992082292984989 ], [ 150.584690857044279, -34.992126641696451 ], [ 150.584681166843723, -34.99217099128559 ], [ 150.584671476657803, -34.992215339972276 ], [ 150.584661786433514, -34.992259689558423 ], [ 150.584652096223863, -34.992304038242111 ], [ 150.584642406002331, -34.992348386924313 ], [ 150.584632716837262, -34.992392736527748 ], [ 150.584623026592027, -34.992437085206952 ], [ 150.58461333630845, -34.99248143478561 ], [ 150.584603646039511, -34.992525783461829 ], [ 150.584593955758692, -34.992570132136557 ], [ 150.584584265439531, -34.992614481710717 ], [ 150.584574576229812, -34.992658830404238 ], [ 150.58456488588692, -34.992703179975408 ], [ 150.584556449972723, -34.992741785116884 ], [ 150.584555195558664, -34.992747528644159 ], [ 150.584553257710525, -34.99275639838207 ], [ 150.584551319861959, -34.992765268119939 ], [ 150.584549380918077, -34.992774137835951 ], [ 150.584547443068544, -34.992783007573706 ], [ 150.584545505218557, -34.992791877311383 ], [ 150.584543567341569, -34.99280074794995 ], [ 150.584541629490616, -34.992809617687506 ], [ 150.584539691639151, -34.992818487425026 ], [ 150.584537752692455, -34.992827357140676 ], [ 150.584535814840081, -34.992836226878076 ], [ 150.584533876987223, -34.99284509661539 ], [ 150.584531939133882, -34.992853966352662 ], [ 150.584530001280086, -34.992862836089877 ], [ 150.584528063425807, -34.992871705827021 ], [ 150.584526124476241, -34.992880575542308 ], [ 150.584524186620996, -34.992889445279332 ], [ 150.584522248765296, -34.992898315016319 ], [ 150.584520310882624, -34.992907185654168 ], [ 150.584518373025986, -34.992916055391007 ], [ 150.584516435168865, -34.992924925127802 ], [ 150.584514496216457, -34.992933794842735 ], [ 150.584512558358369, -34.992942664579402 ], [ 150.584510620499827, -34.992951534316006 ], [ 150.584508682640774, -34.99296040405256 ], [ 150.584506744781294, -34.992969273789051 ], [ 150.584504806921331, -34.992978143525477 ], [ 150.584502867966052, -34.992987013240047 ], [ 150.58450093010515, -34.992995882976366 ], [ 150.584498992243738, -34.993004752712615 ], [ 150.58449705438187, -34.993013622448814 ], [ 150.584495116493031, -34.993022493085881 ], [ 150.584493178630197, -34.993031362821952 ], [ 150.584491239672104, -34.993040232536153 ], [ 150.584489301808333, -34.993049102272117 ], [ 150.584487363944106, -34.993057972008003 ], [ 150.584485426079397, -34.993066841743833 ], [ 150.584483488214204, -34.993075711479598 ], [ 150.584481550348528, -34.993084581215328 ], [ 150.584479611387593, -34.993093450929187 ], [ 150.584477673520979, -34.993102320664761 ], [ 150.584475735653854, -34.993111190400306 ], [ 150.58447379778633, -34.993120060135766 ], [ 150.584471859891778, -34.99312893077213 ], [ 150.58446992202326, -34.993137800507476 ], [ 150.584467983059483, -34.99314667022098 ], [ 150.584466045189998, -34.993155539956213 ], [ 150.584464107320059, -34.993164409691389 ], [ 150.584462169449665, -34.993173279426493 ], [ 150.584460231578788, -34.993182149161555 ], [ 150.584458293707428, -34.993191018896546 ], [ 150.584456354740752, -34.993199888609688 ], [ 150.584454416868454, -34.993208758344565 ], [ 150.584452478995672, -34.993217628079371 ], [ 150.584450541122408, -34.993226497814128 ], [ 150.584448603222199, -34.993235368449774 ], [ 150.584446665347997, -34.993244238184388 ], [ 150.584444726378507, -34.993253107897175 ], [ 150.584442788503338, -34.993261977631683 ], [ 150.584440850627715, -34.993270847366148 ], [ 150.584438912751637, -34.993279717100535 ], [ 150.584436974875018, -34.993288586834879 ], [ 150.584435036997974, -34.993297456569145 ], [ 150.58443309802567, -34.993306326281569 ], [ 150.584431160147631, -34.993315196015729 ], [ 150.584429222269165, -34.993324065749825 ], [ 150.584427284390216, -34.993332935483849 ], [ 150.584425346510784, -34.993341805217824 ], [ 150.58442340860438, -34.993350675852696 ], [ 150.584421469629234, -34.993359545564751 ], [ 150.584419531748381, -34.993368415298541 ], [ 150.584417593867045, -34.993377285032288 ], [ 150.584415655985254, -34.993386154765965 ], [ 150.584413718102979, -34.993395024499577 ], [ 150.584411779125418, -34.993403894211333 ], [ 150.584409841242206, -34.993412763944825 ], [ 150.58440790335851, -34.993421633678274 ], [ 150.584405965474332, -34.993430503411652 ], [ 150.584404027589699, -34.993439373144966 ], [ 150.584402089704554, -34.993448242878223 ], [ 150.584400150697661, -34.993457113490571 ], [ 150.584398212811607, -34.993465983223714 ], [ 150.584396274925069, -34.993474852956794 ], [ 150.584394337038049, -34.993483722689803 ], [ 150.584392399150573, -34.993492592422761 ], [ 150.584390461262586, -34.993501462155663 ], [ 150.584388522279369, -34.993510331866709 ], [ 150.584386584390444, -34.993519201599476 ], [ 150.584384646501036, -34.9935280713322 ], [ 150.584382708611201, -34.993536941064853 ], [ 150.58438202513608, -34.993540068174646 ], [ 150.584380770720855, -34.993545810797464 ], [ 150.584371080140755, -34.993590160338691 ], [ 150.584361389575264, -34.9936345089775 ], [ 150.584351698971432, -34.993678858515757 ], [ 150.584342008382265, -34.993723207151575 ], [ 150.584332318875994, -34.993767555807686 ], [ 150.584322628236606, -34.99381190534146 ], [ 150.584312937611827, -34.993856253972766 ], [ 150.584303246948679, -34.993900603503555 ], [ 150.584293556300196, -34.993944952131869 ], [ 150.584283865639833, -34.993989300758706 ], [ 150.584274176035905, -34.99403365030679 ], [ 150.58426448535181, -34.994077998930635 ], [ 150.584254794629402, -34.994122348453914 ], [ 150.584245103921546, -34.99416669707476 ], [ 150.584235413201895, -34.994211045694115 ], [ 150.584225722443875, -34.99425539521291 ], [ 150.584216032795297, -34.994299743851066 ], [ 150.584206342013545, -34.994344093366863 ], [ 150.58419665124643, -34.994388441980234 ], [ 150.584186960467463, -34.994432790592107 ], [ 150.584177269650098, -34.994477140103427 ], [ 150.584167578847399, -34.994521488712294 ], [ 150.584157889101164, -34.994565838242416 ], [ 150.584148198274733, -34.994610186848305 ], [ 150.584138507409932, -34.994654536353629 ], [ 150.584128816559797, -34.994698884956513 ], [ 150.584119125697782, -34.994743233557912 ], [ 150.584109434797398, -34.994787583058752 ], [ 150.584099745006483, -34.994831931678945 ], [ 150.584090054082395, -34.994876281176793 ], [ 150.584080363172944, -34.994920629772203 ], [ 150.584070672251613, -34.994964978366106 ], [ 150.584060981291913, -34.995009327859478 ], [ 150.584051290346906, -34.995053676450382 ], [ 150.584041600458278, -34.995098025962548 ], [ 150.584031909489511, -34.995142374550468 ], [ 150.584022218508892, -34.995186723136896 ], [ 150.584012527489875, -34.995231072622765 ], [ 150.584002836485524, -34.995275421206209 ], [ 150.583993145442804, -34.995319770689086 ], [ 150.583983455509554, -34.995364119291331 ], [ 150.58397376446959, -34.995408467870277 ], [ 150.583964073391286, -34.995452817348664 ], [ 150.583954382327619, -34.995497165924618 ], [ 150.583944691225582, -34.995541515400006 ], [ 150.583935000138183, -34.995585863972963 ], [ 150.583925310133736, -34.995630212566226 ], [ 150.583915618996116, -34.995674562037138 ], [ 150.583905927873133, -34.995718910605596 ], [ 150.583896236711809, -34.995763260073524 ], [ 150.583886545565065, -34.995807608638984 ], [ 150.583876854406469, -34.995851957202966 ], [ 150.583867163209561, -34.995896306666396 ], [ 150.583857473122066, -34.995940655249186 ], [ 150.583847781901426, -34.99598500470961 ], [ 150.583838090695394, -34.996029353267609 ], [ 150.583833236258243, -34.996051567034804 ], [ 150.583833236231754, -34.996051567935751 ], [ 150.583828399477483, -34.996073701824095 ], [ 150.58381870822123, -34.996118051280021 ], [ 150.583809016979615, -34.996162399833544 ], [ 150.583799326794491, -34.996206749308271 ], [ 150.583789635529143, -34.996251097858796 ], [ 150.583780388502134, -34.996293415232216 ], [ 150.583779553690619, -34.996299861233098 ], [ 150.583779536487185, -34.996302383198589 ], [ 150.58377974976122, -34.996305486693601 ], [ 150.583779891013108, -34.996306606425684 ], [ 150.583780795625813, -34.996311047945163 ], [ 150.583790878543226, -34.996328813849118 ], [ 150.583790877421876, -34.996328814728251 ], [ 150.583790877421876, -34.996328814728251 ], [ 150.583790157281186, -34.996329610807024 ], [ 150.583788863056895, -34.996331041805959 ], [ 150.583787908520094, -34.99633209734705 ], [ 150.58378298521373, -34.996337542430247 ], [ 150.583780512254151, -34.996340276916442 ], [ 150.583759937043908, -34.996363029494354 ], [ 150.583759176110391, -34.996363871636902 ], [ 150.583758438963486, -34.996364687209095 ], [ 150.583742015918688, -34.996359604903631 ], [ 150.583739835098783, -34.996360973172216 ], [ 150.583737614370449, -34.996362282952042 ], [ 150.583737613249127, -34.996362283831175 ], [ 150.583733355543814, -34.996364578014173 ], [ 150.583726532396582, -34.996367722574647 ], [ 150.583719904649399, -34.996370220166064 ], [ 150.58371941120825, -34.996370385224012 ], [ 150.583715017794077, -34.996371743684122 ], [ 150.583712044045996, -34.996372546265391 ], [ 150.583704482818121, -34.996374191407533 ] ] ] ] } },
{ "type": "Feature", "properties": { "Discipline": "CV", "SubDiscipl": "PV", "FSource": "PHUP-MRBJV-JBR2HR-PV-M2D-000001-PAVEMENT-HATCH.dwg", "Comments": "Converted from \"PHUP-MRBJV-JBR2HR-PV-M2D-000001-PAVEMENT-HATCH.dwg\" using FME workbench.", "ECMLink": null, "SourceDate": "20250922", "PlanAccur": null, "Supplier": "BENG", "LineWt": null, "HatchName": null, "Layer": "Pavement-Broadwalk", "Text": null, "LineType": null, "Thickness": "0", "Color": "42", "SHAPE_Leng": 35.9669948676, "SHAPE_Area": 44.948261466399998 }, "geometry": { "type": "MultiPolygon", "coordinates": [ [ [ [ 150.588057843334582, -34.985898087920134 ], [ 150.588058289088991, -34.985897156546507 ], [ 150.588058722933795, -34.985896220428771 ], [ 150.588059143721381, -34.985895281347126 ], [ 150.58806014089663, -34.985892915876647 ], [ 150.588061056550316, -34.985890528953448 ], [ 150.588061892845388, -34.98588812152196 ], [ 150.588062646418479, -34.985885696219796 ], [ 150.588063318311328, -34.985883254870572 ], [ 150.588063907402898, -34.985880798353492 ], [ 150.588063948921757, -34.985880615278759 ], [ 150.588063988277668, -34.985880431259567 ], [ 150.588064028728269, -34.985880247262138 ], [ 150.588068671490248, -34.985858612302387 ], [ 150.588076001525707, -34.985824459749743 ], [ 150.588076099037465, -34.985824010952676 ], [ 150.588076198712173, -34.985823563100077 ], [ 150.588076300576319, -34.985823115290998 ], [ 150.588077022277901, -34.985820171009678 ], [ 150.588077836606601, -34.985817242992965 ], [ 150.58807874241478, -34.985814333020997 ], [ 150.588079737460191, -34.985811442852125 ], [ 150.588080822758201, -34.985808575210982 ], [ 150.588081997187601, -34.985805730976701 ], [ 150.588083259574432, -34.985802912830401 ], [ 150.588084608797516, -34.985800121651245 ], [ 150.588086044777526, -34.985797360142051 ], [ 150.588087566366852, -34.985794630082971 ], [ 150.588089173512628, -34.98579193327587 ], [ 150.588090862904323, -34.985789270556431 ], [ 150.588092635557274, -34.985786644649238 ], [ 150.588094488134516, -34.985784057290907 ], [ 150.58809642170425, -34.985781509404106 ], [ 150.5880984339978, -34.985779003648183 ], [ 150.588100523894013, -34.985776540902329 ], [ 150.588102689150588, -34.98577412292488 ], [ 150.588104929714632, -34.985771751517738 ], [ 150.588107242249151, -34.985769428417527 ], [ 150.588109627822405, -34.985767154546913 ], [ 150.588134216900528, -34.985785083128114 ], [ 150.588132382369849, -34.985786831576739 ], [ 150.588130603653468, -34.985788618996445 ], [ 150.588128879736018, -34.985790442662676 ], [ 150.588127213901686, -34.985792302640668 ], [ 150.58812560729794, -34.985794197150319 ], [ 150.588124058856579, -34.985796125268926 ], [ 150.588122571941057, -34.985798084358905 ], [ 150.588121146524884, -34.985800075321244 ], [ 150.588119782713846, -34.985802094552142 ], [ 150.588118483765641, -34.985804143017816 ], [ 150.588117247596557, -34.985806217070987 ], [ 150.588116077464377, -34.985808317677858 ], [ 150.588114972380055, -34.985810441212926 ], [ 150.588113934506652, -34.985812588620618 ], [ 150.588112962855121, -34.985814756275424 ], [ 150.588112059641418, -34.985816943319904 ], [ 150.588111224865457, -34.985819149754057 ], [ 150.58811045970134, -34.985821372896822 ], [ 150.588109763107241, -34.985823610924541 ], [ 150.588109137298943, -34.98582586297978 ], [ 150.588108581208246, -34.98582812813985 ], [ 150.588108503184088, -34.98582847275371 ], [ 150.588108426254678, -34.985828817389319 ], [ 150.588108351514677, -34.985829162068448 ], [ 150.588101021492008, -34.985863314623558 ], [ 150.588096378711697, -34.985884950485811 ], [ 150.588096326796034, -34.985885189245067 ], [ 150.5880962748804, -34.985885428004337 ], [ 150.588096221870046, -34.985885666741837 ], [ 150.588095455624909, -34.985888859845218 ], [ 150.588094582600547, -34.985892033698278 ], [ 150.588093601755133, -34.985895186477379 ], [ 150.588092515357403, -34.985898315523166 ], [ 150.58809132455491, -34.985901419055551 ], [ 150.588090028332232, -34.98590449434991 ], [ 150.588089480988259, -34.985905714879408 ], [ 150.588088918424091, -34.985906931500502 ], [ 150.588088338503184, -34.985908142367791 ], [ 150.588057843334582, -34.985898087920134 ] ] ] ] } },
{ "type": "Feature", "properties": { "Discipline": "CV", "SubDiscipl": "PV", "FSource": "PHUP-MRBJV-JBR2HR-PV-M2D-000001-PAVEMENT-HATCH.dwg", "Comments": "Converted from \"PHUP-MRBJV-JBR2HR-PV-M2D-000001-PAVEMENT-HATCH.dwg\" using FME workbench.", "ECMLink": null, "SourceDate": "20250922", "PlanAccur": null, "Supplier": "BENG", "LineWt": null, "HatchName": null, "Layer": "Pavement-Broadwalk", "Text": null, "LineType": null, "Thickness": "0", "Color": "42", "SHAPE_Leng": 31.448262448800001, "SHAPE_Area": 38.1728646543 }, "geometry": { "type": "MultiPolygon", "coordinates": [ [ [ [ 150.586910487142802, -34.987235619759758 ], [ 150.586919310090224, -34.98722111477602 ], [ 150.586943821081661, -34.987180822405122 ], [ 150.586968333169324, -34.987140529148867 ], [ 150.586972864290374, -34.987133081161275 ], [ 150.587002239306599, -34.987145184289091 ], [ 150.586997708160965, -34.987152633178766 ], [ 150.586973197204543, -34.987192925562148 ], [ 150.586948686196735, -34.987233218840302 ], [ 150.586939862184664, -34.987247722903597 ], [ 150.586910487142802, -34.987235619759758 ] ] ] ] } },
{ "type": "Feature", "properties": { "Discipline": "CV", "SubDiscipl": "PV", "FSource": "PHUP-MRBJV-JBR2HR-PV-M2D-000001-PAVEMENT-HATCH.dwg", "Comments": "Converted from \"PHUP-MRBJV-JBR2HR-PV-M2D-000001-PAVEMENT-HATCH.dwg\" using FME workbench.", "ECMLink": null, "SourceDate": "20250922", "PlanAccur": null, "Supplier": "BENG", "LineWt": null, "HatchName": null, "Layer": "Pavement-Broadwalk", "Text": null, "LineType": null, "Thickness": "0", "Color": "42", "SHAPE_Leng": 122.324554589, "SHAPE_Area": 174.48258578100001 }, "geometry": { "type": "MultiPolygon", "coordinates": [ [ [ [ 150.586900153331442, -34.987312998375174 ], [ 150.586899663064457, -34.987313803554414 ], [ 150.586877885388702, -34.987349604157586 ], [ 150.586877118419494, -34.987350879810215 ], [ 150.586876365522954, -34.987352161151492 ], [ 150.586875626672736, -34.98735344908242 ], [ 150.586874025359293, -34.987356355128405 ], [ 150.586872496625375, -34.987359288760359 ], [ 150.586871043834435, -34.987362247340769 ], [ 150.586869664797092, -34.987365230826128 ], [ 150.586868362876857, -34.98736823657886 ], [ 150.586867135884347, -34.987371264555456 ], [ 150.586865987156614, -34.987374313019345 ], [ 150.586864915651802, -34.987377380146867 ], [ 150.586863921396457, -34.987380465037077 ], [ 150.586863005538135, -34.987383565909866 ], [ 150.586862169198099, -34.987386681886072 ], [ 150.586861411308035, -34.987389812042963 ], [ 150.586861285566471, -34.98739036394641 ], [ 150.586861163109063, -34.987390915915192 ], [ 150.586861042814689, -34.987391468828449 ], [ 150.586861035214639, -34.987391503834644 ], [ 150.586861035188207, -34.987391504735584 ], [ 150.58685191394909, -34.987433888052571 ], [ 150.586844720667472, -34.987467313940478 ], [ 150.586844719546292, -34.987467314819654 ], [ 150.586842365233821, -34.987478257820328 ], [ 150.586832816506842, -34.987522627586621 ], [ 150.586823267768153, -34.98756699735145 ], [ 150.586813719017755, -34.987611367114816 ], [ 150.586804169160899, -34.987655736854919 ], [ 150.586795619910504, -34.987695462287682 ], [ 150.586795165481078, -34.987697471641511 ], [ 150.586794668515779, -34.987699474740587 ], [ 150.586794129094017, -34.987701468882058 ], [ 150.586793184088066, -34.987704629572875 ], [ 150.586792131338484, -34.987707766485663 ], [ 150.586790974155861, -34.987710878784746 ], [ 150.586789711551319, -34.987713962844644 ], [ 150.586788345767218, -34.987717016906963 ], [ 150.586786877951198, -34.987720039191586 ], [ 150.586785308209016, -34.987723026094734 ], [ 150.586783637688342, -34.987725975836312 ], [ 150.586781869726281, -34.987728886679719 ], [ 150.586780003307439, -34.987731755900342 ], [ 150.586778040674176, -34.987734581739844 ], [ 150.586775983000621, -34.987737361517155 ], [ 150.586773833650312, -34.987740092594777 ], [ 150.586771591554935, -34.987742774049956 ], [ 150.586769260104546, -34.987745402344217 ], [ 150.586766841488554, -34.987747977521153 ], [ 150.586764336907549, -34.987750495998704 ], [ 150.5867617475092, -34.987752955996783 ], [ 150.586759076630528, -34.987755355778773 ], [ 150.586756326513978, -34.98775769358636 ], [ 150.586753497185981, -34.987759968518588 ], [ 150.586750593131285, -34.987762177058755 ], [ 150.58674761547104, -34.987764318327692 ], [ 150.58674456644772, -34.987766390567039 ], [ 150.586741448277195, -34.987768392919392 ], [ 150.586738264323031, -34.987770322747238 ], [ 150.586735016774668, -34.987772180094112 ], [ 150.586731706832694, -34.987773961378004 ], [ 150.586728338876071, -34.987775666686005 ], [ 150.586724914052439, -34.987777294237993 ], [ 150.586721436767135, -34.987778843220106 ], [ 150.586717907073137, -34.987780311830448 ], [ 150.586714330497017, -34.98778169837599 ], [ 150.586710707012315, -34.987783003757684 ], [ 150.586707042172065, -34.987784225381539 ], [ 150.586703337071043, -34.987785363269325 ], [ 150.586699595046355, -34.987786415684489 ], [ 150.586695818313927, -34.9877873817696 ], [ 150.586692011252666, -34.987788261611769 ], [ 150.586688176078582, -34.98778905435357 ], [ 150.586684316128753, -34.987789758258465 ], [ 150.586680432471468, -34.987790374249137 ], [ 150.586680432471468, -34.987790374249137 ], [ 150.586680432471468, -34.987790374249137 ], [ 150.586680432471468, -34.987790374249137 ], [ 150.586674663713382, -34.987763758104542 ], [ 150.586674663713382, -34.987763758104542 ], [ 150.586674663713382, -34.987763758104542 ], [ 150.5866746648081, -34.987763758126313 ], [ 150.586677651547916, -34.987763284759176 ], [ 150.586680620593143, -34.987762742528318 ], [ 150.586683570796083, -34.987762133213884 ], [ 150.586686499993817, -34.987761455871372 ], [ 150.586689404822749, -34.987760713138293 ], [ 150.58669228314622, -34.987759903169234 ], [ 150.586695133790244, -34.9877590286452 ], [ 150.586697953497008, -34.987758088600017 ], [ 150.586700740024128, -34.98775708479198 ], [ 150.586703491182192, -34.987756017177531 ], [ 150.586706205823475, -34.987754887536845 ], [ 150.586708881758568, -34.987753695826314 ], [ 150.586711515650336, -34.987752443782547 ], [ 150.586714107472289, -34.987751132306492 ], [ 150.586716652819064, -34.987749762212005 ], [ 150.586719151690687, -34.987748333499077 ], [ 150.586721600723564, -34.98774684880523 ], [ 150.586723998796487, -34.987745309009647 ], [ 150.586726344788275, -34.987743714991488 ], [ 150.586728635388312, -34.987742067586417 ], [ 150.5867308694489, -34.987740368574499 ], [ 150.586733044754112, -34.987738618813189 ], [ 150.586735161251113, -34.987736820104352 ], [ 150.586737215602739, -34.987734974184548 ], [ 150.586739207782557, -34.987733081954751 ], [ 150.586741134479894, -34.987731144250596 ], [ 150.586742994520648, -34.987729163753109 ], [ 150.586744787878416, -34.987727141363287 ], [ 150.586746512310754, -34.987725078839432 ], [ 150.586748166670077, -34.987722977961688 ], [ 150.586749748740488, -34.987720839587446 ], [ 150.586751258442547, -34.987718666419546 ], [ 150.586752694655104, -34.98771645933715 ], [ 150.586754055135827, -34.987714220098653 ], [ 150.586755339831768, -34.987711950505876 ], [ 150.586756546500567, -34.987709652317228 ], [ 150.586757676157617, -34.987707328257251 ], [ 150.586758726613425, -34.987704978282466 ], [ 150.586759697762204, -34.987702605996617 ], [ 150.586760588482775, -34.987700212278888 ], [ 150.586761397627498, -34.987697798909387 ], [ 150.586762125143451, -34.987695367690016 ], [ 150.586762540426776, -34.987693833533946 ], [ 150.58676292193212, -34.987692293297286 ], [ 150.586763271822491, -34.987690747924525 ], [ 150.58677182111424, -34.987651021593678 ], [ 150.586781369892947, -34.987606651835002 ], [ 150.586790919754719, -34.987562282096619 ], [ 150.586800468510006, -34.987517912334994 ], [ 150.586810017253612, -34.987473542571919 ], [ 150.586812371570176, -34.987462599572019 ], [ 150.586812372691355, -34.987462598692844 ], [ 150.586819565985508, -34.98742917280736 ], [ 150.586828687240484, -34.987386789493442 ], [ 150.586828687266944, -34.987386788592488 ], [ 150.586828694866995, -34.987386753586307 ], [ 150.586828836628968, -34.987386103741244 ], [ 150.586828980580378, -34.98738545393973 ], [ 150.586829127789485, -34.987384805104469 ], [ 150.586830019112, -34.987381122295865 ], [ 150.586831004157773, -34.987377455774656 ], [ 150.586832081779136, -34.987373807320935 ], [ 150.586833250854852, -34.987370177813894 ], [ 150.586834511305625, -34.987366569956336 ], [ 150.586835864226089, -34.987362983770076 ], [ 150.586837306252761, -34.987359421892592 ], [ 150.5868388384539, -34.987355885246615 ], [ 150.586840460776557, -34.987352375634011 ], [ 150.586842171004804, -34.987348893912191 ], [ 150.586843967938165, -34.987345443663145 ], [ 150.586845852697707, -34.98734202400771 ], [ 150.586846721971654, -34.987340509697319 ], [ 150.586847607507735, -34.98733900111916 ], [ 150.586848509253059, -34.9873375000751 ], [ 150.586870288006025, -34.987301700400231 ], [ 150.586870778299669, -34.987300894320178 ], [ 150.586900153331442, -34.987312998375174 ] ] ] ] } },
{ "type": "Feature", "properties": { "Discipline": "CV", "SubDiscipl": "PV", "FSource": "PHUP-MRBJV-JBR2HR-PV-M2D-000001-PAVEMENT-HATCH.dwg", "Comments": "Converted from \"PHUP-MRBJV-JBR2HR-PV-M2D-000001-PAVEMENT-HATCH.dwg\" using FME workbench.", "ECMLink": null, "SourceDate": "20250922", "PlanAccur": null, "Supplier": "BENG", "LineWt": null, "HatchName": "_SOLID", "Layer": "Pavement-Broadwalk", "Text": null, "LineType": null, "Thickness": "0", "Color": "42", "SHAPE_Leng": 35.9669948676, "SHAPE_Area": 44.948261466399998 }, "geometry": { "type": "MultiPolygon", "coordinates": [ [ [ [ 150.588057843334582, -34.985898087920134 ], [ 150.588058289088991, -34.985897156546507 ], [ 150.588058722933795, -34.985896220428771 ], [ 150.588059143721381, -34.985895281347126 ], [ 150.58806014089663, -34.985892915876647 ], [ 150.588061056550316, -34.985890528953448 ], [ 150.588061892845388, -34.98588812152196 ], [ 150.588062646418479, -34.985885696219796 ], [ 150.588063318311328, -34.985883254870572 ], [ 150.588063907402898, -34.985880798353492 ], [ 150.588063948921757, -34.985880615278759 ], [ 150.588063988277668, -34.985880431259567 ], [ 150.588064028728269, -34.985880247262138 ], [ 150.588068671490248, -34.985858612302387 ], [ 150.588076001525707, -34.985824459749743 ], [ 150.588076099037465, -34.985824010952676 ], [ 150.588076198712173, -34.985823563100077 ], [ 150.588076300576319, -34.985823115290998 ], [ 150.588077022277901, -34.985820171009678 ], [ 150.588077836606601, -34.985817242992965 ], [ 150.58807874241478, -34.985814333020997 ], [ 150.588079737460191, -34.985811442852125 ], [ 150.588080822758201, -34.985808575210982 ], [ 150.588081997187601, -34.985805730976701 ], [ 150.588083259574432, -34.985802912830401 ], [ 150.588084608797516, -34.985800121651245 ], [ 150.588086044777526, -34.985797360142051 ], [ 150.588087566366852, -34.985794630082971 ], [ 150.588089173512628, -34.98579193327587 ], [ 150.588090862904323, -34.985789270556431 ], [ 150.588092635557274, -34.985786644649238 ], [ 150.588094488134516, -34.985784057290907 ], [ 150.58809642170425, -34.985781509404106 ], [ 150.5880984339978, -34.985779003648183 ], [ 150.588100523894013, -34.985776540902329 ], [ 150.588102689150588, -34.98577412292488 ], [ 150.588104929714632, -34.985771751517738 ], [ 150.588107242249151, -34.985769428417527 ], [ 150.588109627822405, -34.985767154546913 ], [ 150.588134216900528, -34.985785083128114 ], [ 150.588132382369849, -34.985786831576739 ], [ 150.588130603653468, -34.985788618996445 ], [ 150.588128879736018, -34.985790442662676 ], [ 150.588127213901686, -34.985792302640668 ], [ 150.58812560729794, -34.985794197150319 ], [ 150.588124058856579, -34.985796125268926 ], [ 150.588122571941057, -34.985798084358905 ], [ 150.588121146524884, -34.985800075321244 ], [ 150.588119782713846, -34.985802094552142 ], [ 150.588118483765641, -34.985804143017816 ], [ 150.588117247596557, -34.985806217070987 ], [ 150.588116077464377, -34.985808317677858 ], [ 150.588114972380055, -34.985810441212926 ], [ 150.588113934506652, -34.985812588620618 ], [ 150.588112962855121, -34.985814756275424 ], [ 150.588112059641418, -34.985816943319904 ], [ 150.588111224865457, -34.985819149754057 ], [ 150.58811045970134, -34.985821372896822 ], [ 150.588109763107241, -34.985823610924541 ], [ 150.588109137298943, -34.98582586297978 ], [ 150.588108581208246, -34.98582812813985 ], [ 150.588108503184088, -34.98582847275371 ], [ 150.588108426254678, -34.985828817389319 ], [ 150.588108351514677, -34.985829162068448 ], [ 150.588101021492008, -34.985863314623558 ], [ 150.588096378711697, -34.985884950485811 ], [ 150.588096326796034, -34.985885189245067 ], [ 150.5880962748804, -34.985885428004337 ], [ 150.588096221870046, -34.985885666741837 ], [ 150.588095455624909, -34.985888859845218 ], [ 150.588094582600547, -34.985892033698278 ], [ 150.588093601755133, -34.985895186477379 ], [ 150.588092515357403, -34.985898315523166 ], [ 150.58809132455491, -34.985901419055551 ], [ 150.588090028332232, -34.98590449434991 ], [ 150.588089480988259, -34.985905714879408 ], [ 150.588088918424091, -34.985906931500502 ], [ 150.588088338503184, -34.985908142367791 ], [ 150.588057843334582, -34.985898087920134 ] ] ] ] } },
{ "type": "Feature", "properties": { "Discipline": "CV", "SubDiscipl": "PV", "FSource": "PHUP-MRBJV-JBR2HR-PV-M2D-000001-PAVEMENT-HATCH.dwg", "Comments": "Converted from \"PHUP-MRBJV-JBR2HR-PV-M2D-000001-PAVEMENT-HATCH.dwg\" using FME workbench.", "ECMLink": null, "SourceDate": "20250922", "PlanAccur": null, "Supplier": "BENG", "LineWt": null, "HatchName": "_SOLID", "Layer": "Pavement-Broadwalk", "Text": null, "LineType": null, "Thickness": "0", "Color": "42", "SHAPE_Leng": 31.448262448800001, "SHAPE_Area": 38.1728646543 }, "geometry": { "type": "MultiPolygon", "coordinates": [ [ [ [ 150.586910487142802, -34.987235619759758 ], [ 150.586919310090224, -34.98722111477602 ], [ 150.586943821081661, -34.987180822405122 ], [ 150.586968333169324, -34.987140529148867 ], [ 150.586972864290374, -34.987133081161275 ], [ 150.587002239306599, -34.987145184289091 ], [ 150.586997708160965, -34.987152633178766 ], [ 150.586973197204543, -34.987192925562148 ], [ 150.586948686196735, -34.987233218840302 ], [ 150.586939862184664, -34.987247722903597 ], [ 150.586910487142802, -34.987235619759758 ] ] ] ] } },
{ "type": "Feature", "properties": { "Discipline": "CV", "SubDiscipl": "PV", "FSource": "PHUP-MRBJV-JBR2HR-PV-M2D-000001-PAVEMENT-HATCH.dwg", "Comments": "Converted from \"PHUP-MRBJV-JBR2HR-PV-M2D-000001-PAVEMENT-HATCH.dwg\" using FME workbench.", "ECMLink": null, "SourceDate": "20250922", "PlanAccur": null, "Supplier": "BENG", "LineWt": null, "HatchName": "_SOLID", "Layer": "Pavement-Broadwalk", "Text": null, "LineType": null, "Thickness": "0", "Color": "42", "SHAPE_Leng": 122.324554589, "SHAPE_Area": 174.48258578100001 }, "geometry": { "type": "MultiPolygon", "coordinates": [ [ [ [ 150.586900153331442, -34.987312998375174 ], [ 150.586899663064457, -34.987313803554414 ], [ 150.586877885388702, -34.987349604157586 ], [ 150.586877118419494, -34.987350879810215 ], [ 150.586876365522954, -34.987352161151492 ], [ 150.586875626672736, -34.98735344908242 ], [ 150.586874025359293, -34.987356355128405 ], [ 150.586872496625375, -34.987359288760359 ], [ 150.586871043834435, -34.987362247340769 ], [ 150.586869664797092, -34.987365230826128 ], [ 150.586868362876857, -34.98736823657886 ], [ 150.586867135884347, -34.987371264555456 ], [ 150.586865987156614, -34.987374313019345 ], [ 150.586864915651802, -34.987377380146867 ], [ 150.586863921396457, -34.987380465037077 ], [ 150.586863005538135, -34.987383565909866 ], [ 150.586862169198099, -34.987386681886072 ], [ 150.586861411308035, -34.987389812042963 ], [ 150.586861285566471, -34.98739036394641 ], [ 150.586861163109063, -34.987390915915192 ], [ 150.586861042814689, -34.987391468828449 ], [ 150.586861035214639, -34.987391503834644 ], [ 150.586861035188207, -34.987391504735584 ], [ 150.58685191394909, -34.987433888052571 ], [ 150.586844720667472, -34.987467313940478 ], [ 150.586844719546292, -34.987467314819654 ], [ 150.586842365233821, -34.987478257820328 ], [ 150.586832816506842, -34.987522627586621 ], [ 150.586823267768153, -34.98756699735145 ], [ 150.586813719017755, -34.987611367114816 ], [ 150.586804169160899, -34.987655736854919 ], [ 150.586795619910504, -34.987695462287682 ], [ 150.586795165481078, -34.987697471641511 ], [ 150.586794668515779, -34.987699474740587 ], [ 150.586794129094017, -34.987701468882058 ], [ 150.586793184088066, -34.987704629572875 ], [ 150.586792131338484, -34.987707766485663 ], [ 150.586790974155861, -34.987710878784746 ], [ 150.586789711551319, -34.987713962844644 ], [ 150.586788345767218, -34.987717016906963 ], [ 150.586786877951198, -34.987720039191586 ], [ 150.586785308209016, -34.987723026094734 ], [ 150.586783637688342, -34.987725975836312 ], [ 150.586781869726281, -34.987728886679719 ], [ 150.586780003307439, -34.987731755900342 ], [ 150.586778040674176, -34.987734581739844 ], [ 150.586775983000621, -34.987737361517155 ], [ 150.586773833650312, -34.987740092594777 ], [ 150.586771591554935, -34.987742774049956 ], [ 150.586769260104546, -34.987745402344217 ], [ 150.586766841488554, -34.987747977521153 ], [ 150.586764336907549, -34.987750495998704 ], [ 150.5867617475092, -34.987752955996783 ], [ 150.586759076630528, -34.987755355778773 ], [ 150.586756326513978, -34.98775769358636 ], [ 150.586753497185981, -34.987759968518588 ], [ 150.586750593131285, -34.987762177058755 ], [ 150.58674761547104, -34.987764318327692 ], [ 150.58674456644772, -34.987766390567039 ], [ 150.586741448277195, -34.987768392919392 ], [ 150.586738264323031, -34.987770322747238 ], [ 150.586735016774668, -34.987772180094112 ], [ 150.586731706832694, -34.987773961378004 ], [ 150.586728338876071, -34.987775666686005 ], [ 150.586724914052439, -34.987777294237993 ], [ 150.586721436767135, -34.987778843220106 ], [ 150.586717907073137, -34.987780311830448 ], [ 150.586714330497017, -34.98778169837599 ], [ 150.586710707012315, -34.987783003757684 ], [ 150.586707042172065, -34.987784225381539 ], [ 150.586703337071043, -34.987785363269325 ], [ 150.586699595046355, -34.987786415684489 ], [ 150.586695818313927, -34.9877873817696 ], [ 150.586692011252666, -34.987788261611769 ], [ 150.586688176078582, -34.98778905435357 ], [ 150.586684316128753, -34.987789758258465 ], [ 150.586680432471468, -34.987790374249137 ], [ 150.586680432471468, -34.987790374249137 ], [ 150.586680432471468, -34.987790374249137 ], [ 150.586680432471468, -34.987790374249137 ], [ 150.586674663713382, -34.987763758104542 ], [ 150.586674663713382, -34.987763758104542 ], [ 150.586674663713382, -34.987763758104542 ], [ 150.5866746648081, -34.987763758126313 ], [ 150.586677651547916, -34.987763284759176 ], [ 150.586680620593143, -34.987762742528318 ], [ 150.586683570796083, -34.987762133213884 ], [ 150.586686499993817, -34.987761455871372 ], [ 150.586689404822749, -34.987760713138293 ], [ 150.58669228314622, -34.987759903169234 ], [ 150.586695133790244, -34.9877590286452 ], [ 150.586697953497008, -34.987758088600017 ], [ 150.586700740024128, -34.98775708479198 ], [ 150.586703491182192, -34.987756017177531 ], [ 150.586706205823475, -34.987754887536845 ], [ 150.586708881758568, -34.987753695826314 ], [ 150.586711515650336, -34.987752443782547 ], [ 150.586714107472289, -34.987751132306492 ], [ 150.586716652819064, -34.987749762212005 ], [ 150.586719151690687, -34.987748333499077 ], [ 150.586721600723564, -34.98774684880523 ], [ 150.586723998796487, -34.987745309009647 ], [ 150.586726344788275, -34.987743714991488 ], [ 150.586728635388312, -34.987742067586417 ], [ 150.5867308694489, -34.987740368574499 ], [ 150.586733044754112, -34.987738618813189 ], [ 150.586735161251113, -34.987736820104352 ], [ 150.586737215602739, -34.987734974184548 ], [ 150.586739207782557, -34.987733081954751 ], [ 150.586741134479894, -34.987731144250596 ], [ 150.586742994520648, -34.987729163753109 ], [ 150.586744787878416, -34.987727141363287 ], [ 150.586746512310754, -34.987725078839432 ], [ 150.586748166670077, -34.987722977961688 ], [ 150.586749748740488, -34.987720839587446 ], [ 150.586751258442547, -34.987718666419546 ], [ 150.586752694655104, -34.98771645933715 ], [ 150.586754055135827, -34.987714220098653 ], [ 150.586755339831768, -34.987711950505876 ], [ 150.586756546500567, -34.987709652317228 ], [ 150.586757676157617, -34.987707328257251 ], [ 150.586758726613425, -34.987704978282466 ], [ 150.586759697762204, -34.987702605996617 ], [ 150.586760588482775, -34.987700212278888 ], [ 150.586761397627498, -34.987697798909387 ], [ 150.586762125143451, -34.987695367690016 ], [ 150.586762540426776, -34.987693833533946 ], [ 150.58676292193212, -34.987692293297286 ], [ 150.586763271822491, -34.987690747924525 ], [ 150.58677182111424, -34.987651021593678 ], [ 150.586781369892947, -34.987606651835002 ], [ 150.586790919754719, -34.987562282096619 ], [ 150.586800468510006, -34.987517912334994 ], [ 150.586810017253612, -34.987473542571919 ], [ 150.586812371570176, -34.987462599572019 ], [ 150.586812372691355, -34.987462598692844 ], [ 150.586819565985508, -34.98742917280736 ], [ 150.586828687240484, -34.987386789493442 ], [ 150.586828687266944, -34.987386788592488 ], [ 150.586828694866995, -34.987386753586307 ], [ 150.586828836628968, -34.987386103741244 ], [ 150.586828980580378, -34.98738545393973 ], [ 150.586829127789485, -34.987384805104469 ], [ 150.586830019112, -34.987381122295865 ], [ 150.586831004157773, -34.987377455774656 ], [ 150.586832081779136, -34.987373807320935 ], [ 150.586833250854852, -34.987370177813894 ], [ 150.586834511305625, -34.987366569956336 ], [ 150.586835864226089, -34.987362983770076 ], [ 150.586837306252761, -34.987359421892592 ], [ 150.5868388384539, -34.987355885246615 ], [ 150.586840460776557, -34.987352375634011 ], [ 150.586842171004804, -34.987348893912191 ], [ 150.586843967938165, -34.987345443663145 ], [ 150.586845852697707, -34.98734202400771 ], [ 150.586846721971654, -34.987340509697319 ], [ 150.586847607507735, -34.98733900111916 ], [ 150.586848509253059, -34.9873375000751 ], [ 150.586870288006025, -34.987301700400231 ], [ 150.586870778299669, -34.987300894320178 ], [ 150.586900153331442, -34.987312998375174 ] ] ] ] } }
]
}
