{
"type": "FeatureCollection",
"name": "OpCntrs_Night_2040_70dBA",
"crs": { "type": "name", "properties": { "name": "urn:ogc:def:crs:OGC:1.3:CRS84" } },
"features": [
{ "type": "Feature", "properties": { "OBJECTID": 1, "Comments": "Operational noise contour - OpContoursBuild2040Night", "FSource": "MOTTM - noise specialists model run for Rev B", "SourceDate": 20251027.0, "Supplier": "MOTTM", "path_windows": "C:\\Users\\bri86955\\Mott MacDonald\\MGO - Moata Geospatial - JBR2HR\\01Incoming\\20251024_Noise\\Noise shp files Rev B\\Noise Rev B figures\\Metadata\\OpContours\\OpContoursBuild2040Night.shp", "path_rootname": "OpContoursBuild2040Night", "IsoValue": 70, "shapefile_type": "shapefile_polygon", "SHAPE_Length": 973.64436353054293, "SHAPE_Area": 5588.1864275718253 }, "geometry": { "type": "MultiPolygon", "coordinates": [ [ [ [ 150.582536953851985, -35.033603816878312 ], [ 150.582523083285849, -35.033593841536053 ], [ 150.582513647657947, -35.033587565861886 ], [ 150.582504197734437, -35.033581552227879 ], [ 150.582494756390361, -35.033575693815877 ], [ 150.582485347490092, -35.03356988743333 ], [ 150.582475993882099, -35.033564027163038 ], [ 150.582466718388616, -35.033558007988731 ], [ 150.582457543805162, -35.033551725795149 ], [ 150.582448495171121, -35.033545074708748 ], [ 150.582439595255664, -35.033537951515186 ], [ 150.582430865838717, -35.033530249374557 ], [ 150.582424370772287, -35.033523972816965 ], [ 150.58241871008596, -35.033518131171441 ], [ 150.582413108288051, -35.033512039191329 ], [ 150.582407553655372, -35.033505722785378 ], [ 150.582402033342817, -35.033499208741425 ], [ 150.582396532367653, -35.033492522001758 ], [ 150.58239104004889, -35.033485690298825 ], [ 150.582385542499139, -35.033478738596735 ], [ 150.582380025751405, -35.033471694562429 ], [ 150.582374478109017, -35.03346458320371 ], [ 150.582368885657985, -35.033457430385617 ], [ 150.582363236595455, -35.033450264719676 ], [ 150.582357515965242, -35.033443110247234 ], [ 150.582351712017584, -35.03343599377795 ], [ 150.582345811907288, -35.033428942099619 ], [ 150.582339802842284, -35.033421980198185 ], [ 150.582333670855633, -35.033415135740576 ], [ 150.582329477159732, -35.033410614232089 ], [ 150.582322513260323, -35.033403362855509 ], [ 150.582315429652681, -35.033396268651053 ], [ 150.582308256202879, -35.033389322298056 ], [ 150.582301018395754, -35.033382514388443 ], [ 150.582293743933235, -35.033375834656894 ], [ 150.5822864604377, -35.033369275540949 ], [ 150.582279196733026, -35.033362825896191 ], [ 150.58227197939928, -35.033356476336436 ], [ 150.582264836058727, -35.03335021929923 ], [ 150.582257793344638, -35.033344043596514 ], [ 150.582250880027686, -35.03333793988579 ], [ 150.582244123756766, -35.033331899703668 ], [ 150.582237551138462, -35.033325912763061 ], [ 150.582231189848187, -35.033319969699647 ], [ 150.582225067534779, -35.033314062050039 ], [ 150.582214470957695, -35.033303261300162 ], [ 150.582206958715034, -35.033295129974427 ], [ 150.582199705517098, -35.033286910962033 ], [ 150.582192603502762, -35.033278545320442 ], [ 150.582185549165899, -35.033269975095351 ], [ 150.582178433497234, -35.0332611431242 ], [ 150.582171153070419, -35.033251988749839 ], [ 150.582163599945005, -35.033242455732442 ], [ 150.582155668451065, -35.033232485172988 ], [ 150.582147251823301, -35.033222018150639 ], [ 150.582138245460726, -35.033210996689093 ], [ 150.582132995876492, -35.033204669225192 ], [ 150.582128151050995, -35.033198888004478 ], [ 150.582123142622521, -35.033192968302274 ], [ 150.582117973797551, -35.033186912886862 ], [ 150.582112645565189, -35.033180725383822 ], [ 150.582107160009997, -35.033174409440512 ], [ 150.58210152025876, -35.033167970528048 ], [ 150.582095727380278, -35.033161409569182 ], [ 150.582089783406019, -35.03315473201318 ], [ 150.58208369148926, -35.033147942430197 ], [ 150.582077451603539, -35.033141041721166 ], [ 150.582071067944412, -35.033134036279932 ], [ 150.582064540432214, -35.033126928809295 ], [ 150.582057873342194, -35.033119723000318 ], [ 150.582051066568198, -35.033112422456718 ], [ 150.582044123290103, -35.033105030847729 ], [ 150.582037045592386, -35.033097551820731 ], [ 150.582029835533064, -35.033089989924058 ], [ 150.582022495196611, -35.033082348805102 ], [ 150.582015025598793, -35.033074631188498 ], [ 150.582007428824113, -35.033066840721602 ], [ 150.581999709094646, -35.033058982897373 ], [ 150.58199186526204, -35.033051059495847 ], [ 150.581987879916511, -35.033047055964353 ], [ 150.581981631723124, -35.03304080954733 ], [ 150.581975314385289, -35.033034529298675 ], [ 150.58196892894523, -35.033028217042109 ], [ 150.581962477567117, -35.033021873722198 ], [ 150.581955962361945, -35.033015502085433 ], [ 150.58194938546734, -35.033009103977328 ], [ 150.581942747925524, -35.033002681221632 ], [ 150.581936054091273, -35.032996234806582 ], [ 150.581929303885005, -35.032989767434977 ], [ 150.581922500539577, -35.032983280974229 ], [ 150.581915645123814, -35.032976776347056 ], [ 150.581908739722167, -35.032970257200894 ], [ 150.581901787620666, -35.032963723601249 ], [ 150.581894789861536, -35.032957177371827 ], [ 150.581887749624542, -35.032950622181872 ], [ 150.581880666909797, -35.032944058031369 ], [ 150.581873544923553, -35.032937487688635 ], [ 150.581866385803409, -35.032930912999234 ], [ 150.581859191713505, -35.03292433490774 ], [ 150.581851963669493, -35.032917756138815 ], [ 150.5818447059996, -35.032911178581678 ], [ 150.581837417555391, -35.032904604016323 ], [ 150.58183010269164, -35.03289803343111 ], [ 150.581822763492852, -35.032891470473373 ], [ 150.58181539995897, -35.03288491514315 ], [ 150.581808016391676, -35.032878370230598 ], [ 150.581800613859798, -35.032871836658479 ], [ 150.58179319444767, -35.032865318074208 ], [ 150.581785760346065, -35.032858814521461 ], [ 150.58177742567247, -35.032851556515233 ], [ 150.581769835166966, -35.03284496780968 ], [ 150.581762249608232, -35.032838397231565 ], [ 150.581754677812029, -35.032831843153772 ], [ 150.581747127445652, -35.032825305729183 ], [ 150.581739608393605, -35.032818784253443 ], [ 150.581732128349699, -35.032812277978501 ], [ 150.581724696076606, -35.03280578707912 ], [ 150.581717321485343, -35.032799309949986 ], [ 150.581710011121345, -35.032792847623114 ], [ 150.581702774895632, -35.032786398493215 ], [ 150.581695621597362, -35.032779961834102 ], [ 150.581688558867285, -35.032773538699622 ], [ 150.581681595521047, -35.032767127462641 ], [ 150.581674740347893, -35.032760727396997 ], [ 150.581668003179146, -35.032754339600203 ], [ 150.581661390666397, -35.03274796150054 ], [ 150.581654912614454, -35.032741595096461 ], [ 150.581648577892167, -35.032735236958992 ], [ 150.581642394113658, -35.032728889042936 ], [ 150.58163637116337, -35.032722550643932 ], [ 150.58163051676172, -35.032716220113031 ], [ 150.581624838602494, -35.032709896702265 ], [ 150.581619347585757, -35.0327035824319 ], [ 150.581614050389732, -35.032697273829278 ], [ 150.581608956819167, -35.032690972892915 ], [ 150.581604075716285, -35.032684677094736 ], [ 150.581599413626464, -35.03267838746676 ], [ 150.581594981529463, -35.032672103326526 ], [ 150.581587922723912, -35.032661346029258 ], [ 150.581582476223502, -35.032652331861044 ], [ 150.581577429525026, -35.032643362625372 ], [ 150.581572741570142, -35.032634455532744 ], [ 150.581568369216143, -35.032625624146284 ], [ 150.58156427028274, -35.032616886555573 ], [ 150.581560401574194, -35.032608258125613 ], [ 150.581556720989994, -35.032599754243179 ], [ 150.581553186376539, -35.032591392096926 ], [ 150.581549755633375, -35.03258318707362 ], [ 150.581546384442902, -35.032575155417312 ], [ 150.581543031773464, -35.032567313437561 ], [ 150.581539654429292, -35.032559676499282 ], [ 150.581536210283446, -35.032552260890171 ], [ 150.581532656113723, -35.032545082876091 ], [ 150.581528950888469, -35.032538158766585 ], [ 150.581525050316657, -35.032531503904707 ], [ 150.581520913366774, -35.0325251346 ], [ 150.581516496816533, -35.032519067118272 ], [ 150.581511758565654, -35.032513316846241 ], [ 150.581508096635417, -35.032509348596172 ], [ 150.581501559266655, -35.032503062133102 ], [ 150.581494563646771, -35.032497189317333 ], [ 150.581487158441547, -35.032491677932981 ], [ 150.581479394427731, -35.032486478510648 ], [ 150.581471321366479, -35.032481538856274 ], [ 150.581462990034538, -35.032476809500508 ], [ 150.581454450193036, -35.032472238249312 ], [ 150.581445752618691, -35.032467775633336 ], [ 150.58143694814143, -35.0324633703814 ], [ 150.581428085373943, -35.03245897207951 ], [ 150.58141921517273, -35.03245452855559 ], [ 150.581410388287992, -35.032449991241229 ], [ 150.581401654507488, -35.03244530704162 ], [ 150.581393063486132, -35.032440427366559 ], [ 150.581384666080424, -35.032435300043986 ], [ 150.581376513093772, -35.032429874703752 ], [ 150.581370866328257, -35.032425796551223 ], [ 150.581363687000731, -35.032420207631191 ], [ 150.581356729149974, -35.032414355393179 ], [ 150.581349975629024, -35.032408263834789 ], [ 150.581343406031635, -35.032401955987091 ], [ 150.581337002142106, -35.032395454924909 ], [ 150.581330743500985, -35.03238878548116 ], [ 150.581324610797282, -35.032381970708819 ], [ 150.581318585841842, -35.032375032781694 ], [ 150.581312649244012, -35.032367997455516 ], [ 150.58130678065055, -35.032360885959491 ], [ 150.581300961792692, -35.032353723170274 ], [ 150.581295173359393, -35.032346532140735 ], [ 150.581289394944378, -35.032339335901973 ], [ 150.581283609374083, -35.032332159352428 ], [ 150.581277796268807, -35.032325024622239 ], [ 150.58127193629096, -35.032317955665221 ], [ 150.581266010103008, -35.032310976435205 ], [ 150.581259490652741, -35.03230352562646 ], [ 150.581252728221699, -35.032296026701069 ], [ 150.581245904824726, -35.032288662680315 ], [ 150.581239044638608, -35.032281431342021 ], [ 150.581232169622808, -35.032274331321226 ], [ 150.581225302885315, -35.032267359472932 ], [ 150.581218467480966, -35.032260514454052 ], [ 150.581211685395829, -35.032253793998706 ], [ 150.581204979737805, -35.032247194961933 ], [ 150.581198374630503, -35.032240716923411 ], [ 150.581191892086508, -35.032234356716337 ], [ 150.581185554091888, -35.032228112074876 ], [ 150.581179383727971, -35.032221980754969 ], [ 150.581173405171455, -35.032215960534522 ], [ 150.581167640381778, -35.032210050048562 ], [ 150.581162111344923, -35.032204247031245 ], [ 150.581154001703027, -35.032195419517429 ], [ 150.581146128739164, -35.032186482237861 ], [ 150.581138579520001, -35.032177604601308 ], [ 150.58113118179557, -35.032168681306914 ], [ 150.581123760083074, -35.032159605186337 ], [ 150.581116142132686, -35.032150270938651 ], [ 150.581108153583813, -35.032140570516376 ], [ 150.58109962106505, -35.032130399497547 ], [ 150.581090371284716, -35.032119650757387 ], [ 150.581080229856184, -35.032108217149187 ], [ 150.581077006374272, -35.032104656980032 ], [ 150.581072099913229, -35.032099298177449 ], [ 150.581067023924959, -35.032093816098701 ], [ 150.581061798662887, -35.032088230078472 ], [ 150.581056446650621, -35.032082556792325 ], [ 150.58105098819459, -35.032076813773116 ], [ 150.581045445738766, -35.032071020399151 ], [ 150.58103983958955, -35.032065194203341 ], [ 150.581034191148717, -35.032059352740283 ], [ 150.581028522913243, -35.032053513586568 ], [ 150.581022855189531, -35.032047694274979 ], [ 150.581017209326149, -35.032041914162093 ], [ 150.581011606724786, -35.032036190802579 ], [ 150.581006068813736, -35.032030540850236 ], [ 150.581000616941452, -35.032024983661579 ], [ 150.580995271414338, -35.032019536769489 ], [ 150.580990055851203, -35.03201421687141 ], [ 150.580984989409899, -35.03200904328024 ], [ 150.580980095682719, -35.032004033594355 ], [ 150.580975393854089, -35.031999206225706 ], [ 150.580970905352189, -35.031994577828101 ], [ 150.58096665264739, -35.031990166879005 ], [ 150.580962657141242, -35.031985990933158 ], [ 150.580935840198663, -35.031956842677559 ], [ 150.5809179774526, -35.031937278893388 ], [ 150.580892491397861, -35.031911278041527 ], [ 150.580887333087389, -35.031906209888042 ], [ 150.580882992877179, -35.031901979286211 ], [ 150.580878426038538, -35.031897554856336 ], [ 150.580873637862169, -35.031892943014157 ], [ 150.580868635776312, -35.031888152020983 ], [ 150.580863428277922, -35.031883191060942 ], [ 150.580858021779591, -35.031878065670661 ], [ 150.580852422587697, -35.031872784990561 ], [ 150.580846640320971, -35.031867357325687 ], [ 150.580840679201458, -35.031861788168968 ], [ 150.580834548794883, -35.031856087627304 ], [ 150.580828255513751, -35.031850261237373 ], [ 150.580821806733184, -35.031844319062344 ], [ 150.580815209934514, -35.031838267561703 ], [ 150.580808471477155, -35.031832114073964 ], [ 150.580801598789321, -35.031825866860451 ], [ 150.580794600421086, -35.03181953330342 ], [ 150.5807874815834, -35.03181312252142 ], [ 150.580780250879485, -35.031806640094835 ], [ 150.580772914615636, -35.031800095164058 ], [ 150.580765481315325, -35.031793496012291 ], [ 150.580757957391086, -35.031786848176203 ], [ 150.580750350217983, -35.031780161719013 ], [ 150.580742666182005, -35.031773443078308 ], [ 150.580734913806538, -35.031766700537283 ], [ 150.580727099451025, -35.031759941434487 ], [ 150.580719231665512, -35.031753173152197 ], [ 150.580715310694302, -35.031749815411054 ], [ 150.580707986565073, -35.031743565497059 ], [ 150.580700636149459, -35.03173731505823 ], [ 150.58069326604587, -35.031731063324777 ], [ 150.580685886059001, -35.031724812295195 ], [ 150.580678501692034, -35.031718561177804 ], [ 150.580671124993358, -35.031712310212953 ], [ 150.580663761439581, -35.031706059509887 ], [ 150.5806564197932, -35.031699809243442 ], [ 150.580649109912002, -35.03169355961024 ], [ 150.580641838367853, -35.031687310741418 ], [ 150.580634613923309, -35.031681062811785 ], [ 150.580627445340809, -35.031674815996155 ], [ 150.580620340314113, -35.031668569546547 ], [ 150.580613307552596, -35.031662325439655 ], [ 150.580606355845276, -35.031656082949368 ], [ 150.580599492859335, -35.031649842228653 ], [ 150.580592726261926, -35.031643603430496 ], [ 150.580586065910865, -35.031637366751532 ], [ 150.580579518377959, -35.031631132322929 ], [ 150.580573093521053, -35.031624900341342 ], [ 150.580566799007244, -35.031618670959759 ], [ 150.580560642503684, -35.031612444331152 ], [ 150.580554633868218, -35.031606220652208 ], [ 150.5805487796992, -35.03159999915313 ], [ 150.580543088705895, -35.031593781810585 ], [ 150.580537570772748, -35.031587567920369 ], [ 150.580532232471541, -35.031581357613589 ], [ 150.580527082564714, -35.031575151065077 ], [ 150.580522128719423, -35.031568948427825 ], [ 150.580517272014362, -35.031562610705961 ], [ 150.580510839100441, -35.031553790459746 ], [ 150.580504770209217, -35.031545001815068 ], [ 150.580499038681126, -35.031536256860633 ], [ 150.580493614517565, -35.031527569421399 ], [ 150.580488466651303, -35.031518952399544 ], [ 150.580483566179055, -35.031510419641869 ], [ 150.580478883128848, -35.031501984072413 ], [ 150.580474388623998, -35.031493658637032 ], [ 150.580470052666016, -35.031485457160663 ], [ 150.580465846404849, -35.03147739168822 ], [ 150.580461738720061, -35.031469476923732 ], [ 150.580457700761656, -35.031461724912113 ], [ 150.580453702531145, -35.031454149478279 ], [ 150.580449715151957, -35.031446763568077 ], [ 150.580445709747465, -35.031439580127362 ], [ 150.58044165410206, -35.031432613838241 ], [ 150.580437520487578, -35.03142587586656 ], [ 150.580433278879042, -35.031419380938161 ], [ 150.580428899304621, -35.031413141976977 ], [ 150.580424352914264, -35.031407171027908 ], [ 150.580415337586629, -35.0313967280049 ], [ 150.580407938479226, -35.031389231657045 ], [ 150.580400221513912, -35.0313821824031 ], [ 150.580392229103325, -35.031375517085309 ], [ 150.580384001469582, -35.031369172502167 ], [ 150.580375582173758, -35.031363083715974 ], [ 150.580367012533287, -35.031357187547144 ], [ 150.580358332770231, -35.03135142079423 ], [ 150.58034958751449, -35.031345719442307 ], [ 150.580340816988212, -35.031340020289967 ], [ 150.580332062535348, -35.031334259256752 ], [ 150.580323366568678, -35.031328373184991 ], [ 150.580314771500952, -35.031322298917026 ], [ 150.580306318702839, -35.031315971471471 ], [ 150.580301843864731, -35.031312443107858 ], [ 150.580294797415576, -35.03130662780665 ], [ 150.58028786981518, -35.031300610244216 ], [ 150.580281049552553, -35.031294409121593 ], [ 150.580274327280705, -35.031288044084526 ], [ 150.580267692583959, -35.031281533855925 ], [ 150.58026113499352, -35.031274898960582 ], [ 150.580254643024887, -35.031268157198632 ], [ 150.580248206235808, -35.031261328193928 ], [ 150.580241814184006, -35.031254431570318 ], [ 150.580235456453806, -35.031247486050702 ], [ 150.580229123724735, -35.031240510379867 ], [ 150.580222802242048, -35.031233525017029 ], [ 150.580216484902564, -35.031226547849698 ], [ 150.580210159046743, -35.031219599358955 ], [ 150.580203814285454, -35.031212697366755 ], [ 150.580197441245218, -35.031205862419739 ], [ 150.58018924025842, -35.031197240358232 ], [ 150.580182185523256, -35.031189960007843 ], [ 150.580175130057285, -35.031182778803419 ], [ 150.580168096861883, -35.031175697203921 ], [ 150.580161106854149, -35.031168712020829 ], [ 150.580154180871403, -35.031161822768503 ], [ 150.580147341968171, -35.03115502810401 ], [ 150.580140611008375, -35.031148326640746 ], [ 150.580134009977712, -35.031141716113019 ], [ 150.58012756190422, -35.031135196078893 ], [ 150.580121286556363, -35.0311287651299 ], [ 150.58011520808401, -35.031122421945014 ], [ 150.580109345187026, -35.031116164192994 ], [ 150.580103723083823, -35.031109991475617 ], [ 150.580098360447749, -35.031103902362574 ], [ 150.580090216312868, -35.031094170826506 ], [ 150.580083132207676, -35.031085211360228 ], [ 150.580076313932295, -35.031076194095434 ], [ 150.580069579754763, -35.031067000920125 ], [ 150.580062752297721, -35.031057514710575 ], [ 150.580055648707571, -35.031047618233792 ], [ 150.580048090511923, -35.031037194344101 ], [ 150.580039897074585, -35.031026124951225 ], [ 150.580030887732931, -35.031014292865706 ], [ 150.580020882946371, -35.031001580018973 ], [ 150.580014836822272, -35.030994103434161 ], [ 150.580010300253292, -35.030988581594933 ], [ 150.580005589215858, -35.03098291835029 ], [ 150.580000704672528, -35.03097711822673 ], [ 150.579995653009149, -35.030971187661905 ], [ 150.579990436203843, -35.030965133906967 ], [ 150.579985059600318, -35.030958961575848 ], [ 150.579979525176668, -35.030952677919707 ], [ 150.579973839345342, -35.030946288475235 ], [ 150.579968003042239, -35.030939798669898 ], [ 150.579962022600142, -35.030933216743193 ], [ 150.579955900103357, -35.030926546342556 ], [ 150.579949640789323, -35.030919795685627 ], [ 150.579943246715885, -35.030912969320802 ], [ 150.579936723173546, -35.030906073663822 ], [ 150.579930074357577, -35.030899115108674 ], [ 150.579923303367934, -35.030892100027401 ], [ 150.579916413304574, -35.030885034792099 ], [ 150.579909409484571, -35.030877924917654 ], [ 150.579902295034486, -35.030870775875172 ], [ 150.579895073027643, -35.030863594937692 ], [ 150.579887748781175, -35.030856387620084 ], [ 150.579880325395038, -35.03084916029443 ], [ 150.579872805969103, -35.030841919332808 ], [ 150.579865195820503, -35.03083467025008 ], [ 150.579859336630506, -35.030829142745624 ], [ 150.579852520684625, -35.030822760492015 ], [ 150.57984565871061, -35.03081637822099 ], [ 150.579838763905173, -35.030809994392946 ], [ 150.579831847168208, -35.030803611028333 ], [ 150.579824920601197, -35.030797226565724 ], [ 150.579817997294612, -35.030790843069255 ], [ 150.579811087159243, -35.03078445893378 ], [ 150.579804204380906, -35.030778076245319 ], [ 150.57979735996571, -35.030771693420597 ], [ 150.579790564813521, -35.030765312480092 ], [ 150.579783833216339, -35.030758931906043 ], [ 150.579777174978744, -35.030752553697084 ], [ 150.579770603297391, -35.030746176313642 ], [ 150.579764130167518, -35.030739801798035 ], [ 150.579757767690467, -35.030733428588867 ], [ 150.579751525670758, -35.030727058684725 ], [ 150.579745419495765, -35.030720690589781 ], [ 150.579739458969954, -35.030714326302657 ], [ 150.579733656194719, -35.030707964261943 ], [ 150.579728023165188, -35.03070160650995 ], [ 150.579722571982785, -35.030695251485298 ], [ 150.579717315737867, -35.030688901252184 ], [ 150.579712265436513, -35.030682554227326 ], [ 150.579707431978534, -35.03067621243121 ], [ 150.579702829655957, -35.03066987434616 ], [ 150.579698468273165, -35.030663541970803 ], [ 150.579694361026924, -35.030657213765572 ], [ 150.579690519912276, -35.030650891772815 ], [ 150.579685442306953, -35.030641755075202 ], [ 150.579680899400017, -35.030632659698057 ], [ 150.579676823787764, -35.030623587168492 ], [ 150.579673158275341, -35.030614544458253 ], [ 150.579669846789812, -35.030605537660044 ], [ 150.579666833258301, -35.03059657286655 ], [ 150.579664061634446, -35.0305876552695 ], [ 150.579661475818881, -35.030578791862531 ], [ 150.579659019765273, -35.030569987837332 ], [ 150.579656638496175, -35.030561249308455 ], [ 150.579654273721587, -35.030552583225756 ], [ 150.579651871585952, -35.03054399482469 ], [ 150.579649374921161, -35.030535490176035 ], [ 150.579646727654591, -35.030527075372426 ], [ 150.579643872618249, -35.030518756484675 ], [ 150.579640757025231, -35.030510539670985 ], [ 150.57963732151714, -35.030502430958414 ], [ 150.579633511116555, -35.030494436461424 ], [ 150.579629269777485, -35.030486561371724 ], [ 150.579624542495992, -35.030478812704672 ], [ 150.579621531297903, -35.030474339045817 ], [ 150.579616879618726, -35.030467965717087 ], [ 150.579611890845456, -35.03046168842743 ], [ 150.579606595646396, -35.030455507788865 ], [ 150.579601023514869, -35.030449427094396 ], [ 150.579595204050435, -35.030443446033253 ], [ 150.579589166799622, -35.030437566096495 ], [ 150.579582942404073, -35.030431788797145 ], [ 150.579576559315001, -35.030426115604406 ], [ 150.57957004929591, -35.030420547152247 ], [ 150.579563440797926, -35.030415084909869 ], [ 150.579556762298751, -35.030409729445644 ], [ 150.579550046577481, -35.030404484118158 ], [ 150.579543321069622, -35.030399347672031 ], [ 150.579536616363669, -35.030394323422115 ], [ 150.579529963154442, -35.030389411079589 ], [ 150.579523389866438, -35.030384613014668 ], [ 150.579516926072557, -35.030379929817599 ], [ 150.579510602414445, -35.030375363001426 ], [ 150.579504448464974, -35.030370913156347 ], [ 150.579498494839243, -35.030366582696416 ], [ 150.579492768919494, -35.030362372168085 ], [ 150.579487303537974, -35.030358283128201 ], [ 150.579482126076982, -35.030354316123244 ], [ 150.579467410407034, -35.030342221366702 ], [ 150.579455303710404, -35.030330736685833 ], [ 150.579446220163902, -35.030320199381897 ], [ 150.579439816421171, -35.030310360109176 ], [ 150.57943574691916, -35.030300970378924 ], [ 150.579433667296627, -35.030291778120336 ], [ 150.579433235276923, -35.030282534909965 ], [ 150.579433509592889, -35.030278065522296 ], [ 150.579434602649997, -35.030270435719878 ], [ 150.579436402039704, -35.030263010223727 ], [ 150.579438813659294, -35.030256044072623 ], [ 150.579441745676405, -35.030249789646227 ], [ 150.579445102866714, -35.030244502862402 ], [ 150.579448791233972, -35.030240435156202 ], [ 150.579452719988353, -35.03023784073104 ], [ 150.579456793932223, -35.030236974603909 ], [ 150.579460265580821, -35.030237727202355 ], [ 150.579464509097704, -35.030240289117678 ], [ 150.579469164179386, -35.030244614395734 ], [ 150.579474428478164, -35.030250652893528 ], [ 150.579480496440482, -35.030258351699707 ], [ 150.579487564650265, -35.030267659748361 ], [ 150.57949582752758, -35.030278525028969 ], [ 150.579505480588068, -35.030290895552717 ], [ 150.579516721511595, -35.030304720275375 ], [ 150.579521070824285, -35.03030990034619 ], [ 150.579525498865792, -35.030315086495428 ], [ 150.579530119888346, -35.030320418025767 ], [ 150.579534929750054, -35.030325886741345 ], [ 150.579539922118357, -35.030331484402566 ], [ 150.579545091756017, -35.030337202791735 ], [ 150.579550431261879, -35.030343032746472 ], [ 150.579555935371985, -35.030348966950015 ], [ 150.579561598875785, -35.030354996283698 ], [ 150.579567414318859, -35.030361113387038 ], [ 150.579573376517118, -35.030367308240436 ], [ 150.579579480180115, -35.030373574428076 ], [ 150.579585717906639, -35.030379902787566 ], [ 150.579592085581311, -35.030386284222146 ], [ 150.579598575749657, -35.030392711371306 ], [ 150.579605182079177, -35.030399175995484 ], [ 150.579611900454466, -35.030405668997886 ], [ 150.57961872344768, -35.030412182117075 ], [ 150.579625645821523, -35.030418707135375 ], [ 150.579632661243409, -35.030425235813219 ], [ 150.579639763354209, -35.030431760811943 ], [ 150.579646948065118, -35.030438272133885 ], [ 150.579654206852865, -35.030444761495716 ], [ 150.579661535522376, -35.03045122250348 ], [ 150.579668926725475, -35.030457644192964 ], [ 150.579676376267003, -35.030464020170186 ], [ 150.579686362501349, -35.030472416468243 ], [ 150.579694132840274, -35.030478840313819 ], [ 150.579701928201246, -35.030485196147076 ], [ 150.579709735573601, -35.030491479201054 ], [ 150.579717541893501, -35.030497686510628 ], [ 150.579725335298633, -35.03050381152886 ], [ 150.579733100534582, -35.030509851246897 ], [ 150.579740826781176, -35.030515800941536 ], [ 150.579748501027751, -35.03052165584581 ], [ 150.579756109141641, -35.030527412071827 ], [ 150.579763639207442, -35.030533064874504 ], [ 150.579771078187832, -35.030538610387829 ], [ 150.579778413045489, -35.03054404474581 ], [ 150.579785629727496, -35.030549361357757 ], [ 150.579792717333987, -35.030554558203242 ], [ 150.579799661812075, -35.030559628691627 ], [ 150.579806451166519, -35.030564570780641 ], [ 150.579813070249145, -35.030569377857745 ], [ 150.579819508186603, -35.030574047001615 ], [ 150.579825751968144, -35.030578573445311 ], [ 150.579831788556447, -35.030582953322842 ], [ 150.579837603871965, -35.030587180944494 ], [ 150.579843185972635, -35.030591252466131 ], [ 150.579848521821162, -35.030595164021783 ], [ 150.57985359950203, -35.030598910866381 ], [ 150.579864369659731, -35.030607000070063 ], [ 150.579881691879393, -35.030621054290535 ], [ 150.579894348100055, -35.030633790309537 ], [ 150.579903053649701, -35.030646705309842 ], [ 150.579908522815373, -35.030661294649789 ], [ 150.579911468815936, -35.030679052764569 ], [ 150.579911945863955, -35.030684838859862 ], [ 150.579912304058467, -35.030690790255548 ], [ 150.579912593588205, -35.030697026044841 ], [ 150.579912844020356, -35.030703509857773 ], [ 150.579913089223709, -35.030710208114584 ], [ 150.579913360876333, -35.030717087191803 ], [ 150.57991369396882, -35.030724112630608 ], [ 150.579914118015324, -35.030731249862917 ], [ 150.579914668006467, -35.030738464429859 ], [ 150.579915374525143, -35.03074572268617 ], [ 150.579916272561974, -35.030752990172978 ], [ 150.579917392726458, -35.030760232344065 ], [ 150.579918767818668, -35.030767414696854 ], [ 150.579920431707421, -35.030774503651628 ], [ 150.579922416070929, -35.030781465584887 ], [ 150.579924752667125, -35.030788264170369 ], [ 150.579927476407022, -35.030794867652027 ], [ 150.579930616857979, -35.030801239659858 ], [ 150.579934210079415, -35.030807346657809 ], [ 150.579938285558967, -35.030813154978652 ], [ 150.579943941713822, -35.030819807059686 ], [ 150.579949677987258, -35.030825452001984 ], [ 150.57995594123463, -35.030830768509489 ], [ 150.579962683135705, -35.03083579708521 ], [ 150.579969854407778, -35.03084057370566 ], [ 150.579977404540074, -35.030845138830124 ], [ 150.579985284223284, -35.030849529336066 ], [ 150.579993445190382, -35.030853783924641 ], [ 150.580001836983598, -35.030857941253316 ], [ 150.580010411335849, -35.030862040023301 ], [ 150.580019116747337, -35.030866117068364 ], [ 150.580027906019666, -35.03087021201253 ], [ 150.580036727599861, -35.030874363491463 ], [ 150.580045533274017, -35.030878608404535 ], [ 150.58005427474842, -35.03088298635398 ], [ 150.580062899401469, -35.030887535052678 ], [ 150.580071361183172, -35.030892292344738 ], [ 150.580079608514069, -35.03089729776682 ], [ 150.580089081159031, -35.030903602306694 ], [ 150.580096745534746, -35.030909162214428 ], [ 150.580104181725574, -35.030914952850502 ], [ 150.580111405809788, -35.030920949294789 ], [ 150.58011843274366, -35.03092712750626 ], [ 150.580125277430369, -35.030933465245738 ], [ 150.580131953810678, -35.030939935747512 ], [ 150.580138478951767, -35.030946517717055 ], [ 150.580144867863112, -35.030953185311418 ], [ 150.580151133283806, -35.030959915346799 ], [ 150.580157293482642, -35.030966682946747 ], [ 150.580163360103455, -35.030973464905578 ], [ 150.580169351388435, -35.030980237247761 ], [ 150.580175281198649, -35.03098697591038 ], [ 150.580181163394968, -35.030993656830532 ], [ 150.580187015124409, -35.03100025601082 ], [ 150.580192849179156, -35.031006748465529 ], [ 150.580198683748335, -35.031013112021 ], [ 150.580206176002974, -35.031021052857881 ], [ 150.580213847425284, -35.031028938674069 ], [ 150.58022161404287, -35.031036718213606 ], [ 150.580229511959658, -35.031044467919735 ], [ 150.580237577199739, -35.031052266938502 ], [ 150.580245845867125, -35.031060191713138 ], [ 150.580254352943911, -35.031068319565939 ], [ 150.58026313667159, -35.031076728785706 ], [ 150.580272232032399, -35.031085496694715 ], [ 150.580281674008603, -35.03109470061522 ], [ 150.580291500841867, -35.031104418836009 ], [ 150.580301747541199, -35.031114727778366 ], [ 150.580312450184323, -35.03112570478639 ], [ 150.580323644795925, -35.031137429006023 ], [ 150.580327560723902, -35.031141588059306 ], [ 150.580332412769792, -35.031146781738606 ], [ 150.580337350832195, -35.031152106043109 ], [ 150.580342371784582, -35.031157555501672 ], [ 150.580347472500478, -35.031163124643122 ], [ 150.58035265204407, -35.031168808039986 ], [ 150.580357905098253, -35.031174600177401 ], [ 150.580363231822474, -35.031180495649764 ], [ 150.580368628021489, -35.031186488063106 ], [ 150.58037409054225, -35.031192572847225 ], [ 150.580379618448916, -35.031198744574645 ], [ 150.580385207546215, -35.031204996851407 ], [ 150.580390856871787, -35.031211325150984 ], [ 150.580396561135046, -35.031217723057601 ], [ 150.580402320495409, -35.031224185165627 ], [ 150.580408131826402, -35.031230706003896 ], [ 150.580413990906266, -35.031237280079409 ], [ 150.580419895703727, -35.031243901942858 ], [ 150.580425845283003, -35.031250566166754 ], [ 150.580431834300299, -35.03125726813721 ], [ 150.580437862994813, -35.031263999745782 ], [ 150.580443925969718, -35.031270758180433 ], [ 150.580450022342234, -35.03127753621181 ], [ 150.580456148985832, -35.031284328368791 ], [ 150.580462302747463, -35.031291130081129 ], [ 150.580468482691231, -35.031297935921373 ], [ 150.580474684621862, -35.031304739495553 ], [ 150.58048090543943, -35.031311534431623 ], [ 150.58048714415483, -35.03131831710396 ], [ 150.580493397668164, -35.031325081140501 ], [ 150.580499662826355, -35.031331821971008 ], [ 150.580505936582512, -35.031338531421511 ], [ 150.58051221792104, -35.031345206767405 ], [ 150.580518502646669, -35.031351841614686 ], [ 150.58052787435966, -35.031361646292531 ], [ 150.580535135579566, -35.03136917323652 ], [ 150.580542398501024, -35.031376642520421 ], [ 150.580549663070855, -35.031384055946049 ], [ 150.580556929235939, -35.031391415315312 ], [ 150.580564196943101, -35.031398722430062 ], [ 150.580571466165736, -35.031405978191202 ], [ 150.580578736850839, -35.031413184400641 ], [ 150.580586008918544, -35.031420343761155 ], [ 150.580593282315817, -35.031427458074617 ], [ 150.580600557015998, -35.031434528241952 ], [ 150.580607832965995, -35.031441556065047 ], [ 150.58061511011266, -35.031448543345746 ], [ 150.580622388376298, -35.03145549278684 ], [ 150.580629667756881, -35.031462404388357 ], [ 150.58063694814814, -35.031469281754006 ], [ 150.580644229550131, -35.03147612488381 ], [ 150.580651511883019, -35.031482936480543 ], [ 150.580658796189084, -35.031489718367936 ], [ 150.580666080251092, -35.031496471403237 ], [ 150.580673365084692, -35.03150319831105 ], [ 150.580680650636708, -35.031509900893276 ], [ 150.580687936880565, -35.031516580050862 ], [ 150.580695223763172, -35.031523237585617 ], [ 150.580702511231351, -35.031529875299455 ], [ 150.580709799205437, -35.031536495895182 ], [ 150.580717087658826, -35.031543100273701 ], [ 150.580724376565001, -35.031549689335947 ], [ 150.580731665817638, -35.031556266685676 ], [ 150.580735700258373, -35.031559901636001 ], [ 150.580743178893727, -35.031566635110245 ], [ 150.580750650208415, -35.031573356718972 ], [ 150.580758108619676, -35.031580069956696 ], [ 150.580765548704051, -35.031586772912291 ], [ 150.580772964905265, -35.031593468179324 ], [ 150.580780352842083, -35.031600155670382 ], [ 150.580787707037928, -35.031606835276257 ], [ 150.580795021936552, -35.031613509590478 ], [ 150.58080229318324, -35.031620177624724 ], [ 150.580809515248262, -35.031626841071642 ], [ 150.58081668155981, -35.03163349980013 ], [ 150.580823788805276, -35.031640154645594 ], [ 150.580830830386276, -35.031646806377879 ], [ 150.580837801894944, -35.031653455810513 ], [ 150.580844696706265, -35.031660104614318 ], [ 150.580851511587383, -35.031666750921872 ], [ 150.580858240955507, -35.031673398227682 ], [ 150.58086487826526, -35.031680045499748 ], [ 150.58087141910886, -35.031686693551585 ], [ 150.580877859051782, -35.031693344097725 ], [ 150.580884191548819, -35.031699996106134 ], [ 150.580890411043612, -35.031706652170399 ], [ 150.580896514276759, -35.031713311324047 ], [ 150.580902494623274, -35.031719975237863 ], [ 150.580908346606492, -35.031726643802649 ], [ 150.580914065792058, -35.031733318732876 ], [ 150.580919646703308, -35.031739999919331 ], [ 150.580925084905886, -35.031746689076492 ], [ 150.580932508734747, -35.03175613755505 ], [ 150.58093876759358, -35.031764395400849 ], [ 150.580944826196998, -35.031772642941647 ], [ 150.580950695843399, -35.031780868683818 ], [ 150.580956388846829, -35.031789063858376 ], [ 150.580961916479055, -35.031797217872636 ], [ 150.580967291133845, -35.031805319254801 ], [ 150.580972525125162, -35.031813359235876 ], [ 150.580977629778033, -35.031821325421291 ], [ 150.580982616311132, -35.031829209020202 ], [ 150.580987498213517, -35.031836998582662 ], [ 150.580992285635148, -35.031844684395026 ], [ 150.580996992038479, -35.031852255908298 ], [ 150.58100162869539, -35.031859702529751 ], [ 150.58100620687776, -35.031867013666655 ], [ 150.581010740021469, -35.03187417967095 ], [ 150.581015238329627, -35.031881189027089 ], [ 150.581019714116309, -35.031888032966066 ], [ 150.58102417980183, -35.031894699115156 ], [ 150.581028647700236, -35.031901178705347 ], [ 150.58103312801461, -35.031907460221113 ], [ 150.581037634180944, -35.031913534014357 ], [ 150.581042177497636, -35.031919388591405 ], [ 150.581053675991427, -35.031933005570487 ], [ 150.581061750044341, -35.031941700767085 ], [ 150.581069884199593, -35.031949881524987 ], [ 150.581078041361764, -35.031957616516941 ], [ 150.581086186732307, -35.031964970855704 ], [ 150.581094285406493, -35.031972013257722 ], [ 150.581102301437255, -35.031978810615783 ], [ 150.58111019997304, -35.031985429844497 ], [ 150.581117945066893, -35.031991937836686 ], [ 150.581125501867206, -35.031998401506961 ], [ 150.581132834400535, -35.032004888649091 ], [ 150.58113990781527, -35.032011466177714 ], [ 150.581146687233286, -35.032018201908443 ], [ 150.581150404043768, -35.032022128894724 ], [ 150.581156650625729, -35.032029131648109 ], [ 150.581162670834829, -35.032036340828597 ], [ 150.581168525232243, -35.032043746826524 ], [ 150.581174274352605, -35.032051340933165 ], [ 150.581179980921348, -35.03205911448353 ], [ 150.581185704430851, -35.032067056945131 ], [ 150.581191508648743, -35.032075161476669 ], [ 150.581197451998804, -35.032083416622861 ], [ 150.581203598275152, -35.032091814641433 ], [ 150.58121000691736, -35.032100346801762 ], [ 150.581216740677377, -35.032109003537798 ], [ 150.581223860116637, -35.03211777523979 ], [ 150.581231426838769, -35.032126654121733 ], [ 150.581237275491901, -35.032133214429386 ], [ 150.581242917936464, -35.032139334315858 ], [ 150.581248783063359, -35.032145521745761 ], [ 150.581254869458547, -35.032151787508411 ], [ 150.581261172395585, -35.03215814322855 ], [ 150.581267687147943, -35.032164600530905 ], [ 150.581274410164212, -35.032171168359241 ], [ 150.581281337786663, -35.032177859261033 ], [ 150.58128846528885, -35.032184684861051 ], [ 150.581295790188051, -35.032191655025791 ], [ 150.581303306662534, -35.032198781358183 ], [ 150.581311013298347, -35.032206074647533 ], [ 150.581318904300275, -35.032213545595766 ], [ 150.581326974915356, -35.032221206728558 ], [ 150.58133522378273, -35.032229067033398 ], [ 150.58134364502763, -35.032237139914983 ], [ 150.581352235071989, -35.032245435218037 ], [ 150.581360991433229, -35.032253962809136 ], [ 150.581369908236411, -35.032262736092989 ], [ 150.581378981903612, -35.032271764914313 ], [ 150.581383825180779, -35.032276628443 ], [ 150.581389499850218, -35.032282362237872 ], [ 150.581395240577848, -35.032288197412328 ], [ 150.581401051744962, -35.032294134053714 ], [ 150.58140693770639, -35.032300173150368 ], [ 150.581412902843397, -35.032306314789629 ], [ 150.5814189526061, -35.032312559981648 ], [ 150.581425091349303, -35.032318909714732 ], [ 150.581431322358981, -35.032325364054401 ], [ 150.581437652180568, -35.032331924032633 ], [ 150.581444084073524, -35.032338590615858 ], [ 150.581450623514456, -35.032345363913308 ], [ 150.581457273762936, -35.032352244891428 ], [ 150.581464041364285, -35.032359234582188 ], [ 150.581470928535879, -35.032366332128326 ], [ 150.581477941769947, -35.0323735403637 ], [ 150.581485085474412, -35.03238085847471 ], [ 150.581492362882244, -35.032388288328733 ], [ 150.581499779496653, -35.032395829134053 ], [ 150.581507339645867, -35.03240348277987 ], [ 150.581515048806608, -35.032411249375372 ], [ 150.581522910238363, -35.032419129887003 ], [ 150.581530929417795, -35.032427124423954 ], [ 150.581539110699737, -35.03243523397451 ], [ 150.581547458439047, -35.032443459526903 ], [ 150.581555977017075, -35.032451801168534 ], [ 150.581564672952737, -35.032460260832273 ], [ 150.581573547368038, -35.032468837638966 ], [ 150.581582607903727, -35.032477532642424 ], [ 150.58159185779283, -35.032486347710027 ], [ 150.581601301443271, -35.032495282028144 ], [ 150.581610944305197, -35.032504336606891 ], [ 150.581620790733581, -35.032513512434527 ], [ 150.581628427286489, -35.032520582547029 ], [ 150.581634249845877, -35.032525947877183 ], [ 150.581640133830462, -35.03253134868757 ], [ 150.58164607485898, -35.032536784890802 ], [ 150.581652070847014, -35.032542252839463 ], [ 150.581658118508614, -35.03254775246802 ], [ 150.581664214637442, -35.032553281008127 ], [ 150.581670355974154, -35.032558837493355 ], [ 150.581676539312411, -35.032564419155328 ], [ 150.581682761366267, -35.032570025928528 ], [ 150.581689020024754, -35.032575655066459 ], [ 150.581695310959674, -35.032581304679908 ], [ 150.581701630911596, -35.032586973802395 ], [ 150.581707977769611, -35.03259265968741 ], [ 150.581714347152342, -35.032598362247619 ], [ 150.581720736948853, -35.032604078736526 ], [ 150.581727143926258, -35.032609807286704 ], [ 150.581733564851731, -35.032615546030797 ], [ 150.581739995343924, -35.032621294881416 ], [ 150.581746434413759, -35.032627050213009 ], [ 150.581752877706492, -35.03263281103726 ], [ 150.581759321962664, -35.032638576387697 ], [ 150.581765763975994, -35.032644343496017 ], [ 150.581772200486995, -35.032650111395753 ], [ 150.581778629358212, -35.032655878241357 ], [ 150.581785046261388, -35.032661642143587 ], [ 150.581791449058926, -35.03266740125693 ], [ 150.581797834518028, -35.032673153713979 ], [ 150.581804198257373, -35.032678899427367 ], [ 150.581810539287801, -35.032684634771513 ], [ 150.581816852159221, -35.032690358736311 ], [ 150.581823134734094, -35.032696069476188 ], [ 150.581829383779535, -35.03270176512379 ], [ 150.58183559600954, -35.032707445613568 ], [ 150.581841769339633, -35.03271310729815 ], [ 150.581847899415123, -35.032718749189193 ], [ 150.581853983003015, -35.032724369419348 ], [ 150.581860017965795, -35.032729966143073 ], [ 150.58186599994869, -35.032735538372087 ], [ 150.581871926814131, -35.03274108426082 ], [ 150.58187779535578, -35.032746601040976 ], [ 150.581883601192288, -35.03275208862523 ], [ 150.58188934330795, -35.032757544288891 ], [ 150.581895016252673, -35.032762967021881 ], [ 150.58190061901081, -35.032768354099531 ], [ 150.581906146132155, -35.032773704511762 ], [ 150.581911596574543, -35.03277901643483 ], [ 150.581916966009715, -35.032784287979545 ], [ 150.581922252273529, -35.032789518201298 ], [ 150.581927451064303, -35.032794704309921 ], [ 150.58193255909606, -35.032799846239946 ], [ 150.581937574284268, -35.032804940343929 ], [ 150.581942493369468, -35.032809985655454 ], [ 150.581947313092229, -35.032814981208041 ], [ 150.581952030246214, -35.032819924233436 ], [ 150.581956640450045, -35.032824814644243 ], [ 150.581961142714562, -35.032829648814932 ], [ 150.581974640045757, -35.032844546879772 ], [ 150.581985375677817, -35.032856873895014 ], [ 150.581995385705767, -35.03286879430545 ], [ 150.58200471490494, -35.032880313511285 ], [ 150.58201340911944, -35.032891437835517 ], [ 150.582021512029399, -35.032902172656499 ], [ 150.582029068410293, -35.032912523374378 ], [ 150.582036124132884, -35.032922495411157 ], [ 150.582042723946188, -35.032932095067906 ], [ 150.582048912625766, -35.03294132774473 ], [ 150.582054733851891, -35.032950198819925 ], [ 150.582060234590898, -35.032958713737237 ], [ 150.582065458496515, -35.032966878775873 ], [ 150.582070450344474, -35.032974699335888 ], [ 150.582075254910507, -35.032982180817378 ], [ 150.582079918039057, -35.032989329543163 ], [ 150.5820844834372, -35.032996149990517 ], [ 150.582088996922892, -35.033002649383221 ], [ 150.582093503325041, -35.033008831319428 ], [ 150.582098047339827, -35.033014703901991 ], [ 150.582102673796186, -35.033020270729082 ], [ 150.582108905649505, -35.033027109075668 ], [ 150.582117076047069, -35.033035108393385 ], [ 150.582125538970558, -35.033042478912549 ], [ 150.582134259442768, -35.033049329012847 ], [ 150.582143208016106, -35.033055765381235 ], [ 150.58215235083523, -35.033061895518294 ], [ 150.582161656288605, -35.033067825166405 ], [ 150.582171091563083, -35.033073663649887 ], [ 150.582180626169077, -35.033079515832029 ], [ 150.582190227346729, -35.033085489235305 ], [ 150.582199862309551, -35.033091692283108 ], [ 150.582209499446208, -35.033098230717876 ], [ 150.58221910597041, -35.033105212963029 ], [ 150.582223402328509, -35.033108518644788 ], [ 150.582229936456145, -35.033113765618644 ], [ 150.582236438728103, -35.033119238224351 ], [ 150.582242905373789, -35.033124915653126 ], [ 150.582249337003873, -35.03313077718348 ], [ 150.582255729821071, -35.033136802907521 ], [ 150.582262082218875, -35.033142972961024 ], [ 150.582268392643726, -35.033149265677899 ], [ 150.58227465946257, -35.033155662094892 ], [ 150.582280881121903, -35.033162140545898 ], [ 150.582287053771324, -35.033168682924909 ], [ 150.582293178074565, -35.033175266708554 ], [ 150.582299250234371, -35.033181871988958 ], [ 150.582305268617517, -35.03318847980286 ], [ 150.582311231670531, -35.033195068484133 ], [ 150.582317137786788, -35.03320161816859 ], [ 150.58232298535961, -35.033208108992007 ], [ 150.58232877061829, -35.03321452014557 ], [ 150.582334494146835, -35.033220831808734 ], [ 150.582339946050922, -35.033226802712264 ], [ 150.582347595571207, -35.033235110749111 ], [ 150.582355234232125, -35.033243341043153 ], [ 150.582362926433262, -35.033251576911404 ], [ 150.582370737616458, -35.033259903494553 ], [ 150.58237873215495, -35.033268405010503 ], [ 150.582386973300061, -35.03327716655626 ], [ 150.582395526546946, -35.033286271470587 ], [ 150.582404455147042, -35.033295804850425 ], [ 150.582413823473871, -35.033305850913649 ], [ 150.582423696996244, -35.033316493899896 ], [ 150.582434140061196, -35.033327818927894 ], [ 150.582445215973706, -35.033339909292614 ], [ 150.58245699014978, -35.033352851035531 ], [ 150.582462167790453, -35.03335857126843 ], [ 150.582466808957918, -35.033363714687717 ], [ 150.582471536651866, -35.033368971613157 ], [ 150.582476343390709, -35.033374335585357 ], [ 150.582481220597685, -35.033379800123107 ], [ 150.582486159722436, -35.033385357844239 ], [ 150.582491154352283, -35.033391003212117 ], [ 150.582496194815036, -35.033396729723691 ], [ 150.582501273655708, -35.033402530018634 ], [ 150.582506383366223, -35.033408398538491 ], [ 150.58251151430099, -35.033414327879292 ], [ 150.582516661142535, -35.033420312526253 ], [ 150.58252181317647, -35.033426344152581 ], [ 150.582526963936942, -35.033432419023583 ], [ 150.582532104926713, -35.033438527955205 ], [ 150.582537227515786, -35.033444666268103 ], [ 150.582542325371065, -35.03345082572288 ], [ 150.582547388767296, -35.033457001618359 ], [ 150.582552410249349, -35.033463186594219 ], [ 150.582557382335722, -35.033469374191071 ], [ 150.582562295380768, -35.033475557004984 ], [ 150.582567142945123, -35.033481730400226 ], [ 150.582571917600319, -35.033487886115616 ], [ 150.582576608552188, -35.033494018527172 ], [ 150.582581210509886, -35.033500121219213 ], [ 150.582585713827683, -35.033506186787768 ], [ 150.582590110997415, -35.033512209674385 ], [ 150.582594394564097, -35.033518182518769 ], [ 150.582598555924221, -35.03352409974066 ], [ 150.582602586527429, -35.033529953957938 ], [ 150.5826064788655, -35.033535739612148 ], [ 150.582610225483478, -35.033541449342977 ], [ 150.582613816709028, -35.033547076647444 ], [ 150.582617246155905, -35.033552615087984 ], [ 150.582620505220632, -35.033558059084314 ], [ 150.582623586474654, -35.033563400375236 ], [ 150.582626480192602, -35.033568634259574 ], [ 150.582632784376159, -35.033581018022154 ], [ 150.582638765620914, -35.033594653790132 ], [ 150.582643292976059, -35.033607268967415 ], [ 150.582646459484664, -35.033618830251726 ], [ 150.582648357067995, -35.03362930521984 ], [ 150.58264907767412, -35.033638660547538 ], [ 150.582648715468395, -35.033646862053338 ], [ 150.582647361277139, -35.03365387729206 ], [ 150.582645107022245, -35.033659673840368 ], [ 150.58264204692253, -35.033664215714843 ], [ 150.582638270656304, -35.033667472250293 ], [ 150.582633873458207, -35.033669410187954 ], [ 150.58262894623482, -35.033669994379821 ], [ 150.582625127141796, -35.033669571189087 ], [ 150.582620571208338, -35.03366830396417 ], [ 150.582615758393842, -35.033666269881984 ], [ 150.582610704020624, -35.033663544069412 ], [ 150.582605425681379, -35.033660198994177 ], [ 150.582599936481159, -35.033656310640396 ], [ 150.582594252917289, -35.033651951453983 ], [ 150.582588391380881, -35.033647197484548 ], [ 150.582582367273744, -35.033642121156163 ], [ 150.582576195891704, -35.033636798496644 ], [ 150.582569893731886, -35.033631301951871 ], [ 150.582563475047778, -35.033625705725939 ], [ 150.582556955134947, -35.033620085846707 ], [ 150.582550352681267, -35.033614514803702 ], [ 150.582543679749335, -35.0336090667574 ], [ 150.582536953851985, -35.033603816878312 ] ] ] ] } },
{ "type": "Feature", "properties": { "OBJECTID": 2, "Comments": "Operational noise contour - OpContoursBuild2040Night", "FSource": "MOTTM - noise specialists model run for Rev B", "SourceDate": 20251027.0, "Supplier": "MOTTM", "path_windows": "C:\\Users\\bri86955\\Mott MacDonald\\MGO - Moata Geospatial - JBR2HR\\01Incoming\\20251024_Noise\\Noise shp files Rev B\\Noise Rev B figures\\Metadata\\OpContours\\OpContoursBuild2040Night.shp", "path_rootname": "OpContoursBuild2040Night", "IsoValue": 70, "shapefile_type": "shapefile_polygon", "SHAPE_Length": 684.18343371906712, "SHAPE_Area": 3066.642108872687 }, "geometry": { "type": "MultiPolygon", "coordinates": [ [ [ [ 150.578981642308975, -35.029718701851479 ], [ 150.578979106245328, -35.029715955850875 ], [ 150.578974681254181, -35.02971126284379 ], [ 150.578970024525148, -35.029706438104164 ], [ 150.578965158687197, -35.02970149470422 ], [ 150.578960105194142, -35.029696448397054 ], [ 150.578954883309279, -35.029691314892069 ], [ 150.578949515608372, -35.029686109063356 ], [ 150.578944022476605, -35.029680845741211 ], [ 150.578938426463026, -35.029675540700623 ], [ 150.578932747979394, -35.02967020787105 ], [ 150.578927007384237, -35.029664862983729 ], [ 150.578921227253261, -35.029659520912745 ], [ 150.578915427944963, -35.029654197389377 ], [ 150.578909630939734, -35.029648907265866 ], [ 150.578903857717961, -35.029643665394424 ], [ 150.578898129759949, -35.029638486627263 ], [ 150.578892466328938, -35.029633386673829 ], [ 150.578886891095834, -35.029628380430083 ], [ 150.578881424445711, -35.029623482726407 ], [ 150.578876086736955, -35.029618709294098 ], [ 150.578870899449953, -35.029614074985396 ], [ 150.578865885160269, -35.029609594674426 ], [ 150.578861063157632, -35.029605283169701 ], [ 150.57885645599103, -35.029601156246258 ], [ 150.578852085140795, -35.029597228756373 ], [ 150.5788479698966, -35.029593515508559 ], [ 150.578815086340029, -35.029558088701947 ], [ 150.578806770963411, -35.02952423412053 ], [ 150.578806187913159, -35.029518811899521 ], [ 150.578805613369838, -35.029513287081542 ], [ 150.578804992398773, -35.029507404357325 ], [ 150.578804303445253, -35.029501188537523 ], [ 150.578803526049938, -35.029494664454631 ], [ 150.578802637615979, -35.029487855095589 ], [ 150.57880161661538, -35.029480784370087 ], [ 150.578800440398169, -35.029473477066929 ], [ 150.578799088531582, -35.029465957117701 ], [ 150.578797538392308, -35.029458248410222 ], [ 150.578795769521008, -35.029450375777017 ], [ 150.578793758252203, -35.029442361282179 ], [ 150.578791484073491, -35.029434231560131 ], [ 150.578788925509997, -35.029426008718637 ], [ 150.578786059911835, -35.029417717546515 ], [ 150.578782865751066, -35.029409381953435 ], [ 150.578779321499667, -35.029401025849133 ], [ 150.578775405603068, -35.029392674044189 ], [ 150.578771095464646, -35.029384349525486 ], [ 150.578766369503228, -35.029376078004567 ], [ 150.578762786519036, -35.029370297507882 ], [ 150.578758239001189, -35.029363443944661 ], [ 150.578753428733847, -35.029356655449781 ], [ 150.578748379653661, -35.029349937909892 ], [ 150.57874311783479, -35.029343299057224 ], [ 150.57873766724046, -35.029336743877458 ], [ 150.578732053971379, -35.029330279201908 ], [ 150.57872630305954, -35.029323910939091 ], [ 150.578720438414962, -35.029317645876546 ], [ 150.578714487260214, -35.02931148996656 ], [ 150.578708472436631, -35.029305449073902 ], [ 150.578702420044806, -35.029299530029895 ], [ 150.578696355116676, -35.029293738743064 ], [ 150.578690302657577, -35.029288082022887 ], [ 150.578684287699389, -35.029282565777862 ], [ 150.578678335273992, -35.029277195916578 ], [ 150.578672471481923, -35.029271979270341 ], [ 150.578666720233258, -35.029266922626803 ], [ 150.578661106612998, -35.029262030092625 ], [ 150.578655656668474, -35.029257310301034 ], [ 150.578650394362938, -35.029252768237797 ], [ 150.578645344701584, -35.029248410712405 ], [ 150.578640534906782, -35.029244243677184 ], [ 150.578635987819894, -35.029240272996951 ], [ 150.5786104136875, -35.029215637448466 ], [ 150.57859972440076, -35.029200249705156 ], [ 150.578593991842666, -35.02918349244149 ], [ 150.578591700264923, -35.029162248786008 ], [ 150.578591506665248, -35.029156627904605 ], [ 150.578591395519993, -35.029150738230541 ], [ 150.57859135426537, -35.029144522720784 ], [ 150.578591369252877, -35.029137998230652 ], [ 150.578591430093354, -35.02913118258197 ], [ 150.578591526370985, -35.029124094497526 ], [ 150.578591644410722, -35.029116751733511 ], [ 150.578591773849951, -35.029109171210848 ], [ 150.578591903150993, -35.029101372531372 ], [ 150.578592021951266, -35.029093372615968 ], [ 150.578592117644462, -35.029085190143689 ], [ 150.578592177650791, -35.029076842892628 ], [ 150.57859219267641, -35.02906834870646 ], [ 150.578592151236791, -35.029059725385181 ], [ 150.578592039630394, -35.029050991585969 ], [ 150.578591848563349, -35.029042165152482 ], [ 150.578591566551182, -35.029033263884735 ], [ 150.578591179892356, -35.029024306439865 ], [ 150.578590680441437, -35.029015308881576 ], [ 150.578590053348393, -35.029006291647043 ], [ 150.578588928460334, -35.02899349455533 ], [ 150.578587980722858, -35.028984684565671 ], [ 150.578586884219447, -35.02897590225556 ], [ 150.578585631979763, -35.028967161007749 ], [ 150.578584219223927, -35.028958474248789 ], [ 150.578582636844288, -35.028949853515805 ], [ 150.578580880060912, -35.028941312235332 ], [ 150.578578939739543, -35.028932862845465 ], [ 150.578576811126879, -35.028924517871801 ], [ 150.578574487279184, -35.028916289796143 ], [ 150.578571960130773, -35.028908191979426 ], [ 150.578569223833199, -35.028900236925296 ], [ 150.578566271442611, -35.028892437115644 ], [ 150.578563096015273, -35.028884805032291 ], [ 150.578559690580761, -35.028877354057968 ], [ 150.578556049317172, -35.028870095795469 ], [ 150.578552164158822, -35.028863043605654 ], [ 150.578548029257234, -35.028856209992242 ], [ 150.578543637642014, -35.028849608337957 ], [ 150.578538982395941, -35.028843250223701 ], [ 150.578530805249784, -35.028833388118471 ], [ 150.578524118301146, -35.028826245731736 ], [ 150.578517129105649, -35.028819429949849 ], [ 150.578509887934246, -35.028812908422317 ], [ 150.578502450560876, -35.028806648007112 ], [ 150.578494868378272, -35.028800615474694 ], [ 150.57848719499637, -35.028794776738401 ], [ 150.578479482876674, -35.028789099491526 ], [ 150.578471785602432, -35.02878355054834 ], [ 150.578464155661749, -35.028778096701252 ], [ 150.578456646664534, -35.028772703863638 ], [ 150.57844931109878, -35.02876733882789 ], [ 150.578442202521217, -35.028761969309315 ], [ 150.578435372324662, -35.028756562078435 ], [ 150.5784288752142, -35.028751083070574 ], [ 150.578422763651332, -35.028745499979131 ], [ 150.578417445740882, -35.028740169818924 ], [ 150.578410733911738, -35.028732645610575 ], [ 150.578404658639528, -35.02872486727891 ], [ 150.578399174374653, -35.0287168185897 ], [ 150.578394233403571, -35.028708482363967 ], [ 150.578389789054881, -35.028699843246478 ], [ 150.578385793588552, -35.02869088495919 ], [ 150.578382199291013, -35.028681590323067 ], [ 150.578378959517607, -35.02867194308196 ], [ 150.578376026501559, -35.028661927858707 ], [ 150.578373353624841, -35.02865152749613 ], [ 150.578370893147365, -35.028640725716166 ], [ 150.578368598397873, -35.028629507163494 ], [ 150.578367044526431, -35.028621295359912 ], [ 150.578365686461837, -35.02861380142474 ], [ 150.578364337005894, -35.028606164328821 ], [ 150.578362977086954, -35.028598399016225 ], [ 150.578361587633566, -35.028590520431017 ], [ 150.578360151817776, -35.028582541759114 ], [ 150.578358650514957, -35.028574479746439 ], [ 150.578357064733268, -35.0285663466343 ], [ 150.578355376443255, -35.028558159190446 ], [ 150.57835356665322, -35.028549929656165 ], [ 150.57835161842894, -35.028541674821106 ], [ 150.578349511656853, -35.028533407805604 ], [ 150.578347228360713, -35.028525143575578 ], [ 150.578344749495585, -35.028516896174153 ], [ 150.578342058153964, -35.028508681490052 ], [ 150.578339135317464, -35.028500512665467 ], [ 150.578335961914661, -35.028492404644432 ], [ 150.578332519969337, -35.028484372392846 ], [ 150.578328790436586, -35.028476429953862 ], [ 150.578324756435507, -35.028468592315235 ], [ 150.578320021470631, -35.02846022053572 ], [ 150.578315347041411, -35.028452619814239 ], [ 150.578310413480636, -35.028445147334857 ], [ 150.578305254661899, -35.028437806478323 ], [ 150.578299902215093, -35.02843060238348 ], [ 150.578294388918465, -35.028423538409236 ], [ 150.578288745333225, -35.028416618771629 ], [ 150.578283004211045, -35.028409847730487 ], [ 150.578277199425401, -35.028403228666598 ], [ 150.578271360415613, -35.02839676667508 ], [ 150.578265522176991, -35.028390464257647 ], [ 150.578259715217484, -35.028384327432271 ], [ 150.57825397122005, -35.028378359535985 ], [ 150.578248324058109, -35.028372563949581 ], [ 150.578242805388044, -35.028366944911049 ], [ 150.578237446839552, -35.028361507559303 ], [ 150.578232281190822, -35.0283562552533 ], [ 150.578227341220014, -35.028351191351952 ], [ 150.578222657461595, -35.028346320972318 ], [ 150.578218262693724, -35.028341647473376 ], [ 150.578205935514006, -35.028327511576045 ], [ 150.578196337715781, -35.028314396547849 ], [ 150.578189085670601, -35.028301598799359 ], [ 150.578183532287426, -35.028288132730829 ], [ 150.578179033708466, -35.028273014609766 ], [ 150.578174945034363, -35.028255258879831 ], [ 150.578173426061198, -35.028247907766506 ], [ 150.578172183966785, -35.028241646642115 ], [ 150.578170927114513, -35.028235105769461 ], [ 150.578169658417863, -35.028228297827226 ], [ 150.578168382821474, -35.028221240943409 ], [ 150.578167103185706, -35.028213949598516 ], [ 150.578165820127225, -35.028206440031198 ], [ 150.57816453869691, -35.028198726765737 ], [ 150.578163261675428, -35.028190826985451 ], [ 150.578161991923167, -35.02818275517086 ], [ 150.578160732247284, -35.028174527604357 ], [ 150.578159485481564, -35.028166159667407 ], [ 150.578158254459822, -35.028157666741471 ], [ 150.57815704415313, -35.028149066053594 ], [ 150.578155854162702, -35.028140371117779 ], [ 150.578154690554896, -35.02813159918297 ], [ 150.578153555068297, -35.028122765608728 ], [ 150.578152450563152, -35.028113884875587 ], [ 150.578151380915386, -35.028104974188764 ], [ 150.57815034786347, -35.028096048907827 ], [ 150.578149283866111, -35.028086464039461 ], [ 150.578148329875972, -35.028077459205591 ], [ 150.578147421887024, -35.028068455290317 ], [ 150.578146564280303, -35.028059452381108 ], [ 150.578145760341556, -35.028050450543581 ], [ 150.578145011166043, -35.028041449799595 ], [ 150.578144321134829, -35.028032450236651 ], [ 150.578143692438402, -35.028023451898484 ], [ 150.578143128362541, -35.028014454850727 ], [ 150.578142632166362, -35.028005460059902 ], [ 150.578142206093588, -35.027996465767878 ], [ 150.578141853403395, -35.027987472941227 ], [ 150.578141576286271, -35.02797848162367 ], [ 150.578141379123252, -35.027969491902724 ], [ 150.578141264104829, -35.027960503822101 ], [ 150.578141233421491, -35.027951517425549 ], [ 150.578141291454216, -35.027942532800552 ], [ 150.578141439298349, -35.027933549968985 ], [ 150.578141681334756, -35.027924569018332 ], [ 150.578142020849299, -35.027915590014203 ], [ 150.578142502699308, -35.027905687148298 ], [ 150.57814301139399, -35.027896731354659 ], [ 150.578143559438132, -35.027887779051177 ], [ 150.578144118354913, -35.02787882966917 ], [ 150.57814466068308, -35.02786988536468 ], [ 150.578145155781954, -35.027860944624372 ], [ 150.578145577285511, -35.027852009626123 ], [ 150.578145895595213, -35.02784308068037 ], [ 150.578146083302983, -35.027834158141253 ], [ 150.578146110836883, -35.027825241418277 ], [ 150.57814595073566, -35.027816332667442 ], [ 150.578145573400832, -35.027807432199147 ], [ 150.578144952546211, -35.027798539488515 ], [ 150.578144057451482, -35.027789655725037 ], [ 150.57814286068205, -35.027780782163731 ], [ 150.578141333787897, -35.027771917335066 ], [ 150.578139448186022, -35.027763064274119 ], [ 150.578137176521665, -35.027754221533122 ], [ 150.578134488074568, -35.027745390301547 ], [ 150.578131356505423, -35.027736571856352 ], [ 150.578127071228749, -35.027726184363452 ], [ 150.578123726438747, -35.02771894643238 ], [ 150.578120114087284, -35.027711713975805 ], [ 150.578116255064089, -35.027704484706476 ], [ 150.578112171300916, -35.027697258160877 ], [ 150.578107884756236, -35.027690032974554 ], [ 150.578103416319749, -35.027682806860255 ], [ 150.578098786827979, -35.027675579332552 ], [ 150.578094017170599, -35.027668348104235 ], [ 150.578089131496512, -35.027661111854563 ], [ 150.578084148451751, -35.027653870054429 ], [ 150.57807909002122, -35.02764662043846 ], [ 150.578073978163246, -35.02763936164218 ], [ 150.578068834836188, -35.027632092301204 ], [ 150.578063680876511, -35.027624811930124 ], [ 150.57805853717386, -35.027617518241733 ], [ 150.578053424591332, -35.027610209849705 ], [ 150.578048367277717, -35.027602885433382 ], [ 150.578043383905538, -35.027595543562718 ], [ 150.578038496433095, -35.027588182873302 ], [ 150.57803372681866, -35.027580802000713 ], [ 150.578029097020504, -35.027573399580554 ], [ 150.578024626806382, -35.027565974204663 ], [ 150.578020339229823, -35.027558524530498 ], [ 150.578013782761332, -35.027546334726892 ], [ 150.578009508496649, -35.027537765701055 ], [ 150.578005489262779, -35.027529170216809 ], [ 150.578001720651997, -35.027520549087654 ], [ 150.577998201436031, -35.027511906796377 ], [ 150.577994924963491, -35.027503245914559 ], [ 150.577991889017227, -35.027494567299406 ], [ 150.577989089083161, -35.0274858753681 ], [ 150.577986521822282, -35.027477171856908 ], [ 150.577984182747144, -35.027468460282087 ], [ 150.577982069613967, -35.027459742401739 ], [ 150.577980176866674, -35.027451020809345 ], [ 150.577978502234885, -35.027442298163955 ], [ 150.577977041231179, -35.027433577981775 ], [ 150.577975789394657, -35.027424862878163 ], [ 150.577974744481565, -35.027416154611217 ], [ 150.577973902031118, -35.027407455796265 ], [ 150.577973257555783, -35.027398769949514 ], [ 150.57797280769006, -35.027390099708192 ], [ 150.577972549094881, -35.027381446808505 ], [ 150.57797247730943, -35.027372813865767 ], [ 150.577972669192889, -35.027361114002311 ], [ 150.577973029838631, -35.027352050682758 ], [ 150.577973555282455, -35.027343010486433 ], [ 150.577974230243967, -35.027333991305255 ], [ 150.577975036130397, -35.027324991866436 ], [ 150.57797595653949, -35.027316010940986 ], [ 150.577976975095595, -35.027307046398924 ], [ 150.57797807317948, -35.027298097868425 ], [ 150.577979235510639, -35.02728916324142 ], [ 150.577980444591674, -35.027280241267007 ], [ 150.577981682925127, -35.02727133069429 ], [ 150.577982933013516, -35.027262430272394 ], [ 150.577984179576532, -35.02725353789323 ], [ 150.577985403994859, -35.027244653184972 ], [ 150.577986588824274, -35.027235773094858 ], [ 150.577987718704662, -35.027226898217656 ], [ 150.57798877619183, -35.027218025500567 ], [ 150.577989743761719, -35.027209154593656 ], [ 150.577990603943562, -35.02720028334511 ], [ 150.577991340335188, -35.027191410525909 ], [ 150.577991993418948, -35.027181647200415 ], [ 150.577992458284172, -35.027172691432966 ], [ 150.577992806680385, -35.027163745960102 ], [ 150.577993052580013, -35.027154820075495 ], [ 150.577993210061834, -35.027145919469064 ], [ 150.577993289838986, -35.027137052467928 ], [ 150.577993308207397, -35.027128223904832 ], [ 150.577993276975491, -35.02711944212875 ], [ 150.577993210168842, -35.027110714631483 ], [ 150.577993119675625, -35.027102047059223 ], [ 150.577993019521415, -35.027093446903734 ], [ 150.577992923758302, -35.027084920755939 ], [ 150.577992845290026, -35.027076476986629 ], [ 150.577992797099995, -35.027068121263888 ], [ 150.577992793213753, -35.027059861079536 ], [ 150.577992845492844, -35.027051702980643 ], [ 150.577992969058101, -35.027043654480906 ], [ 150.577993175771127, -35.027035722127437 ], [ 150.577993479657323, -35.027027913412034 ], [ 150.577993893673579, -35.027020234903674 ], [ 150.577994908149634, -35.02700710101243 ], [ 150.577995967192408, -35.026996950051284 ], [ 150.577997217533749, -35.026987223893578 ], [ 150.577998633057376, -35.026977990529026 ], [ 150.57800019200144, -35.026969318935663 ], [ 150.578001869424668, -35.026961274422256 ], [ 150.578003639131111, -35.026953927681241 ], [ 150.578005478370045, -35.026947344065107 ], [ 150.578007363162641, -35.026941593409127 ], [ 150.578009267445822, -35.026936741901096 ], [ 150.578011168389253, -35.026932857596321 ], [ 150.578013039850163, -35.026930009385381 ], [ 150.578014859024734, -35.026928264422629 ], [ 150.578016600918659, -35.026927689818685 ], [ 150.578018358994058, -35.026928423560925 ], [ 150.578019911995824, -35.026930350350945 ], [ 150.578021355067307, -35.026933402676093 ], [ 150.578022686996803, -35.026937510198032 ], [ 150.578023905530472, -35.02694260075473 ], [ 150.578025007292609, -35.026948603063175 ], [ 150.578025991044825, -35.026955447685971 ], [ 150.578026854533306, -35.026963062461071 ], [ 150.578027593286976, -35.026971376083566 ], [ 150.578028208311139, -35.026980317357975 ], [ 150.578028693986425, -35.026989816759404 ], [ 150.578029050275944, -35.026999801268609 ], [ 150.578029273777361, -35.027010200503504 ], [ 150.578029363305404, -35.027020943224827 ], [ 150.578029345176304, -35.027028761252737 ], [ 150.57802927033859, -35.027036606994997 ], [ 150.578029150291798, -35.027044573531974 ], [ 150.578028996147964, -35.027052655676783 ], [ 150.578028819098876, -35.027060845539715 ], [ 150.578028630283114, -35.027069137033031 ], [ 150.578028439770662, -35.027077523146069 ], [ 150.57802825979536, -35.027085997812925 ], [ 150.57802810042719, -35.027094554022966 ], [ 150.578027973900049, -35.02710318571026 ], [ 150.57802789025726, -35.027111886765127 ], [ 150.578027861785955, -35.027120649319762 ], [ 150.578027898529484, -35.027129467264508 ], [ 150.578028011626515, -35.027138334511541 ], [ 150.578028213310972, -35.027147244994921 ], [ 150.578028513679357, -35.027156190803126 ], [ 150.578028923870448, -35.027165165848338 ], [ 150.578029455049432, -35.027174163141815 ], [ 150.5780301183284, -35.027183177496681 ], [ 150.578030924899252, -35.027192201023283 ], [ 150.578031461008777, -35.027197429397837 ], [ 150.578032464556458, -35.02720620264536 ], [ 150.578033583079105, -35.02721497909036 ], [ 150.578034795793542, -35.027223757416316 ], [ 150.578036083011909, -35.027232536328611 ], [ 150.578037426061741, -35.027241317257278 ], [ 150.578038804186434, -35.027250097984904 ], [ 150.578040197618293, -35.027258879919636 ], [ 150.578041586669428, -35.027267661766871 ], [ 150.578042952747069, -35.027276442253871 ], [ 150.578044274988258, -35.027285222766899 ], [ 150.57804553370508, -35.027294002011352 ], [ 150.578046709209445, -35.027302778692608 ], [ 150.578047782828975, -35.027311554240733 ], [ 150.578048733806895, -35.027320326438272 ], [ 150.578049542375538, -35.027329096693393 ], [ 150.578050188846817, -35.027337863711509 ], [ 150.578050654628015, -35.027346626219831 ], [ 150.578050917760805, -35.027355385582823 ], [ 150.578050960774277, -35.027364139648661 ], [ 150.578050762805304, -35.027372889803623 ], [ 150.578050496087286, -35.027378622290122 ], [ 150.57804990248718, -35.027387335697661 ], [ 150.57804912285323, -35.027396039981426 ], [ 150.578048197789627, -35.027404733247792 ], [ 150.578047171239405, -35.027413411867023 ], [ 150.578046087065843, -35.027422074912117 ], [ 150.578044988090227, -35.027430719632306 ], [ 150.578043917160414, -35.027439342375999 ], [ 150.578042918139801, -35.027447942216128 ], [ 150.578042032754411, -35.027456516380141 ], [ 150.578041304920845, -35.027465062139179 ], [ 150.578040777433841, -35.027473577643462 ], [ 150.578040494210029, -35.027482060164147 ], [ 150.578040498044203, -35.027490507851418 ], [ 150.578040831784392, -35.027498917053641 ], [ 150.578041538198761, -35.027507286821965 ], [ 150.578042661204023, -35.027515614427507 ], [ 150.578044243648264, -35.027523896218646 ], [ 150.578046328299706, -35.027532131246453 ], [ 150.578048959048544, -35.027540317683027 ], [ 150.57805217876944, -35.027548450975736 ], [ 150.578054153064357, -35.027552775957133 ], [ 150.578057452675296, -35.027559279196886 ], [ 150.578061124647235, -35.02756579077387 ], [ 150.578065144140083, -35.027572335433 ], [ 150.578069489519862, -35.027578940687576 ], [ 150.578074138136941, -35.027585631326239 ], [ 150.578079066193453, -35.027592433917604 ], [ 150.578084251013223, -35.027599374151244 ], [ 150.578089669920132, -35.027606477716724 ], [ 150.578095301306689, -35.027613771226449 ], [ 150.578101120306343, -35.02762128032623 ], [ 150.578107104242889, -35.027629030705661 ], [ 150.578113231508922, -35.027637048977127 ], [ 150.578119479454898, -35.027645359929259 ], [ 150.578125823161002, -35.027653991009821 ], [ 150.578132242168238, -35.027662967051171 ], [ 150.578138711609967, -35.027672313699213 ], [ 150.578145208756865, -35.027682058445393 ], [ 150.57815171317651, -35.027692225221195 ], [ 150.578158198827253, -35.02770284235342 ], [ 150.578164644181328, -35.027713933751706 ], [ 150.578171027631385, -35.027725526028483 ], [ 150.578177324310644, -35.027737644829607 ], [ 150.578183512611673, -35.027750316767545 ], [ 150.578189568763008, -35.027763567510057 ], [ 150.5781954700619, -35.027777423647713 ], [ 150.578197625385627, -35.027782744752642 ], [ 150.578199920251876, -35.027788573463319 ], [ 150.578202188204415, -35.027794497191621 ], [ 150.57820442825431, -35.027800512311948 ], [ 150.5782066415766, -35.027806616143366 ], [ 150.5782088293995, -35.027812804203123 ], [ 150.578210990707447, -35.027819073766494 ], [ 150.578213127823972, -35.027825420372608 ], [ 150.578215240802223, -35.027831842219584 ], [ 150.578217329775157, -35.027838334802766 ], [ 150.578219394822497, -35.027844895419342 ], [ 150.578221437145885, -35.027851520487474 ], [ 150.578223455782961, -35.027858205480641 ], [ 150.578225454099339, -35.027864947761621 ], [ 150.57822743001077, -35.027871743682987 ], [ 150.57822938578758, -35.027878590585658 ], [ 150.578231321536094, -35.027885484865919 ], [ 150.578233236294011, -35.027892421997223 ], [ 150.578235132331571, -35.027899399320532 ], [ 150.578237009755185, -35.027906413232088 ], [ 150.578238867549317, -35.027913461007287 ], [ 150.578240709132672, -35.027920538207013 ], [ 150.578242532394484, -35.027927642084776 ], [ 150.578244339631652, -35.027934769080552 ], [ 150.578246129881876, -35.027941914667842 ], [ 150.578247905388793, -35.027949077088508 ], [ 150.578249665163497, -35.027956252716947 ], [ 150.578251410434206, -35.027963437070376 ], [ 150.578253141307243, -35.027970626545063 ], [ 150.578254857835816, -35.027977819339149 ], [ 150.578256562343341, -35.027985010991713 ], [ 150.578258253840943, -35.02799219787714 ], [ 150.578259932408344, -35.027999377292659 ], [ 150.578261600369018, -35.028006544777341 ], [ 150.578263256707487, -35.028013697606511 ], [ 150.578264902598733, -35.028020833099248 ], [ 150.578266539297573, -35.028027945871841 ], [ 150.578268165735267, -35.02803503500148 ], [ 150.578269783193235, -35.028042094203492 ], [ 150.578271391698081, -35.028049122576974 ], [ 150.578272992504566, -35.028056114738177 ], [ 150.578274585665866, -35.028063068885267 ], [ 150.578276172410142, -35.028069980535427 ], [ 150.578277752843775, -35.028076846084936 ], [ 150.578279327046516, -35.028083662831001 ], [ 150.578280895098146, -35.028090428070826 ], [ 150.578282459348685, -35.028097136442568 ], [ 150.578284018782597, -35.028103785221518 ], [ 150.578285573479747, -35.02811037170494 ], [ 150.578287125736892, -35.028116892332804 ], [ 150.57828867568702, -35.028123342600466 ], [ 150.578290222314621, -35.028129719783244 ], [ 150.578291767889965, -35.02813602122211 ], [ 150.578293311450778, -35.028142242390494 ], [ 150.578294855293848, -35.028148379728457 ], [ 150.578296397308463, -35.028154430489408 ], [ 150.578297940886728, -35.028160391135259 ], [ 150.578299485013162, -35.02816625894134 ], [ 150.578301029847296, -35.02817202850207 ], [ 150.578302577632769, -35.028177698059288 ], [ 150.578304126285445, -35.028183263965573 ], [ 150.578305679224087, -35.028188721781831 ], [ 150.578307234337842, -35.028194068761557 ], [ 150.578308793897037, -35.028199302245675 ], [ 150.578316722755119, -35.028223962332312 ], [ 150.578323893917371, -35.028243734881229 ], [ 150.578331079567135, -35.028261456890554 ], [ 150.578338246122343, -35.028277300770611 ], [ 150.578345356741806, -35.028291437965251 ], [ 150.578352376801348, -35.028304039061119 ], [ 150.578359271570577, -35.028315278248591 ], [ 150.578366004261568, -35.028325325169646 ], [ 150.578372541292339, -35.028334352234687 ], [ 150.578378845795299, -35.028342531788539 ], [ 150.578384883119952, -35.028350035318759 ], [ 150.578390617520597, -35.028357034291147 ], [ 150.578396014320248, -35.028363701094243 ], [ 150.57840103777329, -35.028370207193824 ], [ 150.57840464027035, -35.028375212831918 ], [ 150.578410341498625, -35.028383930231165 ], [ 150.578415434902155, -35.028392782432313 ], [ 150.578419993927355, -35.028401843018976 ], [ 150.578424094290938, -35.028411182915697 ], [ 150.578427812725153, -35.028420875771637 ], [ 150.578431222676528, -35.028430995170368 ], [ 150.578434400930547, -35.028441612959185 ], [ 150.578437420933881, -35.028452802721617 ], [ 150.578440359472012, -35.028464636304946 ], [ 150.578443290018214, -35.02847718639179 ], [ 150.57844536548609, -35.028486365962941 ], [ 150.578446957593997, -35.028493467926737 ], [ 150.578448599977804, -35.028500760201574 ], [ 150.578450305031083, -35.028508231315932 ], [ 150.578452085094312, -35.028515871600078 ], [ 150.578453954698432, -35.028523671428061 ], [ 150.578455926237098, -35.028531619328284 ], [ 150.578458013119388, -35.028539706553886 ], [ 150.578460228807614, -35.028547922556072 ], [ 150.578462586790721, -35.028556255885157 ], [ 150.578465099382555, -35.028564697772353 ], [ 150.578467781140688, -35.028573237690772 ], [ 150.578470643363545, -35.028581864146965 ], [ 150.578473701624205, -35.028590569338682 ], [ 150.578476967247667, -35.028599340871565 ], [ 150.57848045366967, -35.028608169097751 ], [ 150.578484175447869, -35.028617043490328 ], [ 150.578488143800882, -35.028625955258647 ], [ 150.57849237331294, -35.028634892974857 ], [ 150.578496877446412, -35.028643846090169 ], [ 150.578499695315372, -35.028649184925797 ], [ 150.57850373977368, -35.028656557612798 ], [ 150.578507948523395, -35.028663933579928 ], [ 150.578512300754312, -35.028671312411682 ], [ 150.578516781132748, -35.028678693801886 ], [ 150.578521368821953, -35.028686078235935 ], [ 150.578526047446076, -35.028693463583998 ], [ 150.578530799454228, -35.028700850397051 ], [ 150.57853560513152, -35.028708238281489 ], [ 150.578540446953639, -35.028715626887404 ], [ 150.578545306300924, -35.028723015843028 ], [ 150.578550165622488, -35.028730405699434 ], [ 150.578555007447108, -35.028737794304853 ], [ 150.578559812033347, -35.028745182166595 ], [ 150.57856456185678, -35.028752568934763 ], [ 150.578569239393062, -35.028759954259534 ], [ 150.578573827091247, -35.028767338691914 ], [ 150.578578304194252, -35.028774720014553 ], [ 150.578582655341677, -35.028782098822276 ], [ 150.578586860818547, -35.028789474721492 ], [ 150.578590902005232, -35.028796847340423 ], [ 150.578594762472562, -35.028804216351084 ], [ 150.578598423574221, -35.028811582282671 ], [ 150.578601865648437, -35.028818942939743 ], [ 150.578605073334785, -35.028826298917082 ], [ 150.57860870698687, -35.028835412237221 ], [ 150.578611986701503, -35.028844486939597 ], [ 150.578614966497923, -35.028853549343701 ], [ 150.578617692510392, -35.028862595863302 ], [ 150.578620208603013, -35.028871625571277 ], [ 150.578622559814818, -35.028880634859519 ], [ 150.578624790036542, -35.028889621899921 ], [ 150.578626943211987, -35.028898583062556 ], [ 150.578629066491089, -35.02890751748582 ], [ 150.578631202695902, -35.028916422418838 ], [ 150.578633395770368, -35.028925294231634 ], [ 150.578635691769193, -35.028934132040767 ], [ 150.578638133540977, -35.028942932194376 ], [ 150.578640768289063, -35.02895169202904 ], [ 150.578643637687037, -35.028960410573838 ], [ 150.578646788964761, -35.028969084264375 ], [ 150.578650264944429, -35.028977710349729 ], [ 150.578654110585546, -35.028986287924567 ], [ 150.5786583698588, -35.028994812457931 ], [ 150.578663088819042, -35.029003283066359 ], [ 150.578668329636656, -35.029011746965644 ], [ 150.578672778038339, -35.029018356059616 ], [ 150.578677488791243, -35.029024913599045 ], [ 150.578682436863517, -35.029031413675376 ], [ 150.578687598345255, -35.029037849500995 ], [ 150.578692949299921, -35.029044215189188 ], [ 150.578698466939386, -35.029050503073286 ], [ 150.578704126231855, -35.029056707244727 ], [ 150.578709904389143, -35.029062820036856 ], [ 150.578715776379482, -35.029068835541096 ], [ 150.578721719388113, -35.029074746991746 ], [ 150.578727709505017, -35.029080547601183 ], [ 150.578733723915406, -35.02908623060366 ], [ 150.57873973651877, -35.029091789167886 ], [ 150.578745724473777, -35.029097217429062 ], [ 150.578751663870264, -35.029102508599578 ], [ 150.578757531920161, -35.029107655012837 ], [ 150.578763303591501, -35.029112650760304 ], [ 150.57876895497418, -35.0291174890544 ], [ 150.578774463226864, -35.029122164030362 ], [ 150.578779803397339, -35.029126667076909 ], [ 150.578784952617639, -35.029130993230204 ], [ 150.578789886977631, -35.029135135702688 ], [ 150.578794582593872, -35.02913908680587 ], [ 150.578799015529626, -35.029142840653144 ], [ 150.578830121131659, -35.029172962916526 ], [ 150.578840329991891, -35.029192080318225 ], [ 150.578845432580891, -35.029217264492189 ], [ 150.578846151214009, -35.029222920194499 ], [ 150.578846839913325, -35.029228661839667 ], [ 150.578847558207258, -35.029234737616974 ], [ 150.578848327570739, -35.029241125418558 ], [ 150.578849169478644, -35.029247803136556 ], [ 150.578850106554285, -35.029254746883097 ], [ 150.578851160272563, -35.02926193455032 ], [ 150.578852353230218, -35.029269343151292 ], [ 150.578853706902208, -35.029276950578122 ], [ 150.578855242816587, -35.029284732921099 ], [ 150.578856983543602, -35.029292668094236 ], [ 150.5788589505581, -35.029300733989615 ], [ 150.578861166457017, -35.029308907620319 ], [ 150.578863652768462, -35.029317165076598 ], [ 150.578866432062568, -35.029325484272455 ], [ 150.578869524719124, -35.029333843078135 ], [ 150.578872954430267, -35.029342218528527 ], [ 150.578876741602244, -35.029350587592965 ], [ 150.578880908831906, -35.029358927284484 ], [ 150.578885478689585, -35.02936721551702 ], [ 150.578891927434199, -35.029377716488213 ], [ 150.578896570503701, -35.029384637760977 ], [ 150.578901457837475, -35.029391489088376 ], [ 150.578906564483191, -35.029398261859114 ], [ 150.578911864313682, -35.029404950142826 ], [ 150.578917333392354, -35.029411548052835 ], [ 150.578922943454472, -35.029418047813174 ], [ 150.578928671658645, -35.02942444355908 ], [ 150.578934490835508, -35.029430727536436 ], [ 150.578940375953096, -35.029436893836774 ], [ 150.578946300884098, -35.029442936529726 ], [ 150.578952240676244, -35.029448847003977 ], [ 150.57895816917565, -35.029454620230133 ], [ 150.57896406140344, -35.029460248497848 ], [ 150.578969891258879, -35.02946572497585 ], [ 150.578975633683314, -35.029471044656617 ], [ 150.578981262629213, -35.029476198906984 ], [ 150.578986751969182, -35.02948118179664 ], [ 150.578992077766458, -35.029485987438996 ], [ 150.578997213973366, -35.029490607200934 ], [ 150.579002133340794, -35.029495036031214 ], [ 150.579006811958408, -35.029499267142306 ], [ 150.579011223752019, -35.029503292802026 ], [ 150.579033397713005, -35.029525281309255 ], [ 150.579045233919061, -35.029541470774944 ], [ 150.579052488102121, -35.029558810088709 ], [ 150.5790573911992, -35.029580989301508 ], [ 150.579058409490727, -35.029587112533456 ], [ 150.579059313568621, -35.029592983780233 ], [ 150.579060196880107, -35.029599150292327 ], [ 150.579061051619874, -35.029605579461297 ], [ 150.579061871104329, -35.02961223779959 ], [ 150.579062646406328, -35.029619093577786 ], [ 150.579063371937508, -35.029626113330195 ], [ 150.579064037648806, -35.029633266206503 ], [ 150.579064639047232, -35.029640518762847 ], [ 150.579065167232159, -35.029647838368923 ], [ 150.579065614398132, -35.029655192416215 ], [ 150.579065972739727, -35.02966254829628 ], [ 150.579066236615546, -35.029669874345274 ], [ 150.579066396056191, -35.029677137010069 ], [ 150.579066446515526, -35.029684304648697 ], [ 150.57906637799752, -35.029691344608963 ], [ 150.579066183792122, -35.029698224304234 ], [ 150.579065857215681, -35.029704910246977 ], [ 150.579065390409681, -35.029711371630562 ], [ 150.579064775621873, -35.029717574044653 ], [ 150.579062253040178, -35.02973350122069 ], [ 150.579059219291992, -35.029745543704585 ], [ 150.579055589146066, -35.029755773159977 ], [ 150.57905152972387, -35.029764171287773 ], [ 150.57904720269724, -35.029770718778629 ], [ 150.5790427730239, -35.029775396388857 ], [ 150.579038406756865, -35.029778184896607 ], [ 150.579034266636853, -35.029779065915434 ], [ 150.579028486700366, -35.029776762685138 ], [ 150.579024100512754, -35.029772388670807 ], [ 150.579019009999826, -35.029765810942756 ], [ 150.579012716871034, -35.02975709167093 ], [ 150.579004722836203, -35.029746293025198 ], [ 150.578994530754073, -35.029733475395261 ], [ 150.578981642308975, -35.029718701851479 ] ] ] ] } },
{ "type": "Feature", "properties": { "OBJECTID": 3, "Comments": "Operational noise contour - OpContoursBuild2040Night", "FSource": "MOTTM - noise specialists model run for Rev B", "SourceDate": 20251027.0, "Supplier": "MOTTM", "path_windows": "C:\\Users\\bri86955\\Mott MacDonald\\MGO - Moata Geospatial - JBR2HR\\01Incoming\\20251024_Noise\\Noise shp files Rev B\\Noise Rev B figures\\Metadata\\OpContours\\OpContoursBuild2040Night.shp", "path_rootname": "OpContoursBuild2040Night", "IsoValue": 70, "shapefile_type": "shapefile_polygon", "SHAPE_Length": 116.88911424284851, "SHAPE_Area": 428.80265003291061 }, "geometry": { "type": "MultiPolygon", "coordinates": [ [ [ [ 150.577939646084303, -35.026653477548479 ], [ 150.577930720396409, -35.026643849261056 ], [ 150.577924276134354, -35.026637217411263 ], [ 150.577917700268131, -35.026630663163161 ], [ 150.577911030009346, -35.026624188161342 ], [ 150.577904305855498, -35.026617794115992 ], [ 150.577897562827786, -35.026611482627999 ], [ 150.577890839259595, -35.026605254462858 ], [ 150.577884174526616, -35.02659911220988 ], [ 150.577877603676484, -35.02659305656902 ], [ 150.577871167206581, -35.026587089250484 ], [ 150.577864900138053, -35.026581211855202 ], [ 150.577858841872967, -35.026575426071538 ], [ 150.577853030718188, -35.026569733565999 ], [ 150.57784750281661, -35.02656413506044 ], [ 150.577842295379867, -35.026558632199531 ], [ 150.5778374489052, -35.026553226693537 ], [ 150.577832998387095, -35.026547921044312 ], [ 150.577828861981345, -35.026542554959853 ], [ 150.577821909729323, -35.026531970861264 ], [ 150.577816526553448, -35.026521171999313 ], [ 150.577812544209337, -35.026509732227929 ], [ 150.577809789992074, -35.026497228016247 ], [ 150.577808094535698, -35.026483234097093 ], [ 150.577807284066637, -35.026467326016707 ], [ 150.577807189219016, -35.026449078507866 ], [ 150.577807639504982, -35.026428067182373 ], [ 150.577807835025226, -35.026421814031259 ], [ 150.577808038980152, -35.026415906308991 ], [ 150.577808267196389, -35.026409844921055 ], [ 150.577808520131015, -35.026403651511664 ], [ 150.577808800458143, -35.026397346867931 ], [ 150.577809106444334, -35.026390952590283 ], [ 150.577809440737099, -35.026384490366745 ], [ 150.577809801603053, -35.026377981797829 ], [ 150.577810192838115, -35.026371446791515 ], [ 150.577810612682271, -35.026364907849242 ], [ 150.577811062687829, -35.026358386637121 ], [ 150.577811543364987, -35.026351902997519 ], [ 150.57781205514425, -35.026345479475658 ], [ 150.577812599577896, -35.026339137737587 ], [ 150.57781317605432, -35.026332898504805 ], [ 150.577813787247663, -35.026326782564333 ], [ 150.577814431397911, -35.02632081241763 ], [ 150.577815111179177, -35.026315008851746 ], [ 150.577815825979883, -35.026309392588082 ], [ 150.577816577325763, -35.026303986193739 ], [ 150.577817365700412, -35.026298810412008 ], [ 150.577818191560965, -35.026293886887146 ], [ 150.577819055391018, -35.026289236362437 ], [ 150.577819957621074, -35.026284881383084 ], [ 150.577820899856619, -35.026280841813339 ], [ 150.577821882554758, -35.026277139297434 ], [ 150.577822906172514, -35.026273795479618 ], [ 150.57782397114039, -35.02627083290507 ], [ 150.577825077995215, -35.026268270515246 ], [ 150.577826229331407, -35.026266131799979 ], [ 150.577827422373474, -35.02626443653606 ], [ 150.577828660837639, -35.026263207334267 ], [ 150.577829945207583, -35.026262464937901 ], [ 150.577831273749894, -35.026262230947488 ], [ 150.577832473704433, -35.026262455036701 ], [ 150.577833856522801, -35.026263166863643 ], [ 150.577835284630396, -35.026264349257382 ], [ 150.577836756395214, -35.026265983254568 ], [ 150.577838273470917, -35.026268049957523 ], [ 150.577839835347248, -35.02627052952387 ], [ 150.577841442529461, -35.026273404835855 ], [ 150.577843094507358, -35.026276656051145 ], [ 150.577844792907996, -35.02628026517295 ], [ 150.577846536099315, -35.02628421323795 ], [ 150.577848325735005, -35.026288481348431 ], [ 150.577850160182948, -35.026293050541071 ], [ 150.577852042165517, -35.026297902841009 ], [ 150.577853968955367, -35.02630301926299 ], [ 150.577855942232816, -35.026308380008402 ], [ 150.577857962503032, -35.026313967959538 ], [ 150.577860029229242, -35.026319764174964 ], [ 150.577862143023026, -35.026325747933193 ], [ 150.577864303267802, -35.026331902995601 ], [ 150.577866510548546, -35.026338209541684 ], [ 150.577868765423716, -35.026344648651836 ], [ 150.577871067356426, -35.026351201384642 ], [ 150.577873416852015, -35.026357850622361 ], [ 150.577875813426715, -35.026364575621699 ], [ 150.577878258707642, -35.026371358385866 ], [ 150.577880751036162, -35.026378180852483 ], [ 150.57788329209248, -35.026385023222886 ], [ 150.577885881286562, -35.026391868357535 ], [ 150.577888519230015, -35.026398695534937 ], [ 150.577891205359435, -35.026405486714623 ], [ 150.577893940206593, -35.026412223877898 ], [ 150.577896724356464, -35.026418887204279 ], [ 150.577899557219069, -35.026425459554169 ], [ 150.577902438310701, -35.026431920184272 ], [ 150.577905369231843, -35.026438251998719 ], [ 150.577909377304167, -35.026446518229243 ], [ 150.577915075097167, -35.026457573977126 ], [ 150.577920896880585, -35.026468141804934 ], [ 150.577926815810201, -35.026478240107259 ], [ 150.57793280295769, -35.026487883631269 ], [ 150.57793883260058, -35.026497089892523 ], [ 150.577944875783942, -35.026505874539119 ], [ 150.577950904621389, -35.026514254141972 ], [ 150.577956892348453, -35.026522244392929 ], [ 150.57796281214749, -35.026529862785686 ], [ 150.577968635090002, -35.026537124067445 ], [ 150.577974333236511, -35.026544046611008 ], [ 150.577979879849067, -35.02655064520728 ], [ 150.577985248136542, -35.026556936449083 ], [ 150.577990408022117, -35.026562936863598 ], [ 150.577995334905154, -35.026568663087396 ], [ 150.577999998708833, -35.026574131647664 ], [ 150.578004373790407, -35.026579357357242 ], [ 150.57800843114174, -35.026584357666131 ], [ 150.578020375735235, -35.026600901862047 ], [ 150.578027337891996, -35.026613342260326 ], [ 150.57803199329004, -35.026625222759328 ], [ 150.578034723824629, -35.026637156768871 ], [ 150.578035909227452, -35.026649756753905 ], [ 150.578035930378746, -35.026663633399323 ], [ 150.578035574712572, -35.026671897221689 ], [ 150.578035111677849, -35.026678749011523 ], [ 150.578034482367258, -35.026685702050621 ], [ 150.578033676988099, -35.026692642559055 ], [ 150.578032686869363, -35.026699455877861 ], [ 150.578031504382153, -35.026706029171784 ], [ 150.578030120855544, -35.026712247781838 ], [ 150.578028528660667, -35.026717998872762 ], [ 150.578026718031367, -35.02672316776372 ], [ 150.578024681365378, -35.026727640718505 ], [ 150.578022409965229, -35.026731303979062 ], [ 150.578019895160082, -35.026734042886403 ], [ 150.578017129294579, -35.026735745506208 ], [ 150.578014103751087, -35.026736295377624 ], [ 150.578011749731274, -35.026735925644722 ], [ 150.578008614297119, -35.026734591967852 ], [ 150.578005254508156, -35.026732356854716 ], [ 150.578001666100022, -35.026729290534263 ], [ 150.577997848067554, -35.026725464202023 ], [ 150.577993795024611, -35.026720948965973 ], [ 150.577989504897346, -35.026715815098825 ], [ 150.577984973394905, -35.026710133730433 ], [ 150.57798019732158, -35.026703976012584 ], [ 150.577975174603552, -35.026697412217935 ], [ 150.577969899828048, -35.026690514355408 ], [ 150.577964370947825, -35.026683351796798 ], [ 150.577958584767117, -35.026675995693807 ], [ 150.57795253699507, -35.026668517176319 ], [ 150.57794622553115, -35.02666098741792 ], [ 150.577939646084303, -35.026653477548479 ] ] ] ] } },
{ "type": "Feature", "properties": { "OBJECTID": 4, "Comments": "Operational noise contour - OpContoursBuild2040Night", "FSource": "MOTTM - noise specialists model run for Rev B", "SourceDate": 20251027.0, "Supplier": "MOTTM", "path_windows": "C:\\Users\\bri86955\\Mott MacDonald\\MGO - Moata Geospatial - JBR2HR\\01Incoming\\20251024_Noise\\Noise shp files Rev B\\Noise Rev B figures\\Metadata\\OpContours\\OpContoursBuild2040Night.shp", "path_rootname": "OpContoursBuild2040Night", "IsoValue": 70, "shapefile_type": "shapefile_polygon", "SHAPE_Length": 82.133833402039855, "SHAPE_Area": 118.85638305999935 }, "geometry": { "type": "MultiPolygon", "coordinates": [ [ [ [ 150.57805078274427, -35.024661915167037 ], [ 150.578051016972495, -35.024651118509269 ], [ 150.578051431841999, -35.02464307582369 ], [ 150.578052035317654, -35.024634954871146 ], [ 150.578052812922238, -35.024626763475759 ], [ 150.57805375025842, -35.024618506758792 ], [ 150.578054830711807, -35.024610190698702 ], [ 150.578056040980186, -35.024601820438633 ], [ 150.578057364396017, -35.024593403758949 ], [ 150.57805878771029, -35.024584944000893 ], [ 150.578060295350724, -35.024576448966712 ], [ 150.578061870729499, -35.024567923733912 ], [ 150.578063500517885, -35.024559374346595 ], [ 150.578065170318524, -35.024550805926033 ], [ 150.578066863490562, -35.024542225351645 ], [ 150.578068565609954, -35.024533638645643 ], [ 150.57807026118428, -35.024525050907421 ], [ 150.578071936884783, -35.024516468181098 ], [ 150.578073576097125, -35.024507896445137 ], [ 150.578075164424092, -35.024499340820839 ], [ 150.578076686293315, -35.024490809110404 ], [ 150.578077688419995, -35.02448496149573 ], [ 150.578079204262025, -35.024475742749715 ], [ 150.578080632055247, -35.024466685410346 ], [ 150.578081974989431, -35.024457867067163 ], [ 150.578083239539893, -35.024449365375361 ], [ 150.578084428869772, -35.024441258825419 ], [ 150.578085548332638, -35.024433625951559 ], [ 150.578086603361811, -35.024426542585211 ], [ 150.578087599257742, -35.024420089062495 ], [ 150.578088539236717, -35.024414342072014 ], [ 150.578089428678851, -35.024409379247068 ], [ 150.578090272911169, -35.02440528002284 ], [ 150.578091076245215, -35.024402121109794 ], [ 150.578091844034503, -35.024399981042173 ], [ 150.578092580590607, -35.024398936530474 ], [ 150.578093290145262, -35.024399066987975 ], [ 150.578093979147297, -35.024400450970781 ], [ 150.578094650839517, -35.02440316426658 ], [ 150.578095311644148, -35.024407286332426 ], [ 150.57809552020268, -35.024408908623961 ], [ 150.578095834164003, -35.024411638214495 ], [ 150.578096145125727, -35.024414692271961 ], [ 150.578096453460091, -35.024418058183343 ], [ 150.578096757348789, -35.024421723291816 ], [ 150.578097057137512, -35.024425675885261 ], [ 150.578097352156391, -35.024429901526922 ], [ 150.578097641629256, -35.024434389383707 ], [ 150.578097924859662, -35.024439125919734 ], [ 150.578098201098044, -35.024444099401052 ], [ 150.578098470716526, -35.024449297214588 ], [ 150.578098731923518, -35.024454705802597 ], [ 150.578098983942851, -35.024460314332039 ], [ 150.578099228295059, -35.024466108409854 ], [ 150.578099462013569, -35.024472077159253 ], [ 150.578099685497136, -35.024478207066224 ], [ 150.578099899091399, -35.024484486418658 ], [ 150.578100099909449, -35.024490901636959 ], [ 150.578100289418757, -35.02449744012992 ], [ 150.578100466843097, -35.024504091064493 ], [ 150.578100630417453, -35.024510839982021 ], [ 150.578100780460801, -35.024517676071305 ], [ 150.578100915181523, -35.024524585774621 ], [ 150.578101036073605, -35.02453155559985 ], [ 150.578101141239046, -35.024538575592985 ], [ 150.578101230034576, -35.024545630416313 ], [ 150.578101302752685, -35.024552710159568 ], [ 150.578101356533068, -35.024559800342217 ], [ 150.578101393911766, -35.024566889295883 ], [ 150.578101411975325, -35.024573964341904 ], [ 150.57810141219116, -35.024581012889087 ], [ 150.578101391645845, -35.024588022258754 ], [ 150.57810135068496, -35.024594980738804 ], [ 150.57810128970732, -35.024601874815232 ], [ 150.578101206894615, -35.024608691831254 ], [ 150.578101102592569, -35.024615420074731 ], [ 150.578100974982874, -35.024622046888879 ], [ 150.57810082443774, -35.024628559660641 ], [ 150.578100650234205, -35.024634945755082 ], [ 150.578100272144354, -35.024646161425309 ], [ 150.578099635880307, -35.024660629829114 ], [ 150.578098858824887, -35.024674224607786 ], [ 150.57809794586413, -35.024686928731093 ], [ 150.578096902016995, -35.024698720664134 ], [ 150.578095728883739, -35.024709583311079 ], [ 150.578094432498858, -35.02471949786166 ], [ 150.578093016759482, -35.024728443660038 ], [ 150.578091485483014, -35.02473640275322 ], [ 150.578089841418233, -35.024743356265311 ], [ 150.578088090599607, -35.0247492853861 ], [ 150.578086236871172, -35.02475417126162 ], [ 150.578084283034855, -35.024757993214138 ], [ 150.578082233976801, -35.024760734213437 ], [ 150.578080093567621, -35.024762374504604 ], [ 150.578077866746611, -35.02476289525552 ], [ 150.578075013423245, -35.024761993607143 ], [ 150.578072723710562, -35.024760152169364 ], [ 150.578070415595505, -35.024757374645006 ], [ 150.578068115878892, -35.024753718361474 ], [ 150.578065851388146, -35.024749239745184 ], [ 150.578063647855316, -35.02474399520073 ], [ 150.578061532054704, -35.024738042956407 ], [ 150.578059530866739, -35.024731437636817 ], [ 150.578057668901806, -35.024724236525593 ], [ 150.578055975150932, -35.024716496993854 ], [ 150.578054473182391, -35.024708274501499 ], [ 150.578053190865518, -35.024699627298716 ], [ 150.578052153958879, -35.024690610889159 ], [ 150.5780513903849, -35.024681281721136 ], [ 150.578050923631963, -35.024671697957338 ], [ 150.57805078274427, -35.024661915167037 ] ] ] ] } },
{ "type": "Feature", "properties": { "OBJECTID": 5, "Comments": "Operational noise contour - OpContoursBuild2040Night", "FSource": "MOTTM - noise specialists model run for Rev B", "SourceDate": 20251027.0, "Supplier": "MOTTM", "path_windows": "C:\\Users\\bri86955\\Mott MacDonald\\MGO - Moata Geospatial - JBR2HR\\01Incoming\\20251024_Noise\\Noise shp files Rev B\\Noise Rev B figures\\Metadata\\OpContours\\OpContoursBuild2040Night.shp", "path_rootname": "OpContoursBuild2040Night", "IsoValue": 70, "shapefile_type": "shapefile_polygon", "SHAPE_Length": 916.47373646027893, "SHAPE_Area": 4100.9595151923204 }, "geometry": { "type": "MultiPolygon", "coordinates": [ [ [ [ 150.578540525923302, -35.023218041299202 ], [ 150.578538585210708, -35.023209311542004 ], [ 150.578537134935345, -35.023202604544629 ], [ 150.578535679337733, -35.023195669370665 ], [ 150.57853423343164, -35.023188517137399 ], [ 150.57853281102939, -35.02318116254402 ], [ 150.578531426023034, -35.023173617586892 ], [ 150.578530092277987, -35.023165895163338 ], [ 150.578528823633121, -35.023158009071587 ], [ 150.578527633953854, -35.023149972208984 ], [ 150.578526538227493, -35.023141796593727 ], [ 150.578525549170962, -35.023133496903171 ], [ 150.578524681798143, -35.023125084254595 ], [ 150.578523949947794, -35.023116572446263 ], [ 150.578523367458814, -35.023107975276403 ], [ 150.57852294822311, -35.023099304741393 ], [ 150.578522706106043, -35.023090573738564 ], [ 150.578522654946511, -35.02308179606613 ], [ 150.578522809705049, -35.023072984643271 ], [ 150.578523184273593, -35.023064151466365 ], [ 150.578523791395725, -35.023055310311811 ], [ 150.578524400108762, -35.023048755301069 ], [ 150.578525410821413, -35.023040088974767 ], [ 150.578526652620212, -35.023031427261969 ], [ 150.578528122192807, -35.023022770998004 ], [ 150.578529815211596, -35.023014118293545 ], [ 150.578531728364283, -35.023005469983886 ], [ 150.578533858365233, -35.022996826003457 ], [ 150.578536199711834, -35.022988187143831 ], [ 150.578538749171543, -35.022979551537524 ], [ 150.578541504527379, -35.022970920041757 ], [ 150.578544460303306, -35.022962292547163 ], [ 150.578547613187055, -35.022953669889048 ], [ 150.578550958850968, -35.022945050178095 ], [ 150.578554495078009, -35.022936434271493 ], [ 150.578558215296994, -35.022927822038014 ], [ 150.578562118386003, -35.022919214356712 ], [ 150.578566200017463, -35.022910609338261 ], [ 150.578570454688702, -35.022902007774235 ], [ 150.57857488130449, -35.022893409642734 ], [ 150.578579473267041, -35.022884815713518 ], [ 150.57858422843907, -35.022876224140944 ], [ 150.578589611248645, -35.02286682476624 ], [ 150.578594132183554, -35.022859152517299 ], [ 150.57859875171161, -35.022851481334996 ], [ 150.578603456637296, -35.022843812758822 ], [ 150.578608234966595, -35.022836144746393 ], [ 150.578613072408842, -35.022828478815342 ], [ 150.578617958065223, -35.02282081294512 ], [ 150.578622877671677, -35.022813147752451 ], [ 150.578627818059232, -35.022805483875899 ], [ 150.578632768329186, -35.022797819294937 ], [ 150.578637714190819, -35.02279015552719 ], [ 150.57864264365017, -35.022782490530311 ], [ 150.578647543511806, -35.02277482584379 ], [ 150.578652400686536, -35.022767159403415 ], [ 150.57865720200553, -35.022759491847737 ], [ 150.578661935395104, -35.022751823837197 ], [ 150.578666588861267, -35.022744153329462 ], [ 150.578671148113443, -35.02273648184218 ], [ 150.578675600062496, -35.022728807311097 ], [ 150.578679933703341, -35.022721131319479 ], [ 150.578684134851727, -35.02271345178125 ], [ 150.578688190312192, -35.02270577023593 ], [ 150.578692089186063, -35.022698084663041 ], [ 150.578697529059127, -35.022686750077668 ], [ 150.578701508139829, -35.02267794288165 ], [ 150.578705278038115, -35.022669131509545 ], [ 150.578708846420369, -35.022660316114468 ], [ 150.578712220979526, -35.022651495948509 ], [ 150.578715404948127, -35.022642672879158 ], [ 150.578718408209511, -35.022633846202282 ], [ 150.578721237334832, -35.022625016049041 ], [ 150.578723896704957, -35.022616182506937 ], [ 150.578726394012847, -35.02260734482806 ], [ 150.57872873687171, -35.022598504967355 ], [ 150.578730930784161, -35.022589662133193 ], [ 150.578732982321327, -35.022580816456774 ], [ 150.578734899176226, -35.022571967190217 ], [ 150.578736686771663, -35.022563116244733 ], [ 150.578738352800571, -35.022554262872383 ], [ 150.578739903834162, -35.022545407204369 ], [ 150.578741345374993, -35.022536548449104 ], [ 150.578742685036246, -35.022527688561489 ], [ 150.578743929415708, -35.022518826771766 ], [ 150.578745102053801, -35.022509833739072 ], [ 150.57874619479594, -35.022500837308485 ], [ 150.57874721878008, -35.022491831392124 ], [ 150.578748186133026, -35.022482813527652 ], [ 150.57874910898164, -35.022473781252785 ], [ 150.578749997342044, -35.022464729358688 ], [ 150.578750863314497, -35.022455656283967 ], [ 150.578751719105554, -35.022446556863528 ], [ 150.578752575720216, -35.022437429514127 ], [ 150.578753445365038, -35.022428269070666 ], [ 150.578754337949846, -35.022419073928035 ], [ 150.578755266776369, -35.022409838942977 ], [ 150.578756242849579, -35.022400562532241 ], [ 150.578757276185684, -35.022391239487021 ], [ 150.578758381075147, -35.022381868289642 ], [ 150.578759567507603, -35.022372444632197 ], [ 150.578760846541144, -35.022362965129567 ], [ 150.578762230355693, -35.022353425517586 ], [ 150.578763729956222, -35.022343824212996 ], [ 150.578765358617858, -35.022334156973493 ], [ 150.578766453042164, -35.022328038048755 ], [ 150.578768005230046, -35.022319811624826 ], [ 150.578769656085115, -35.022311546604612 ], [ 150.57877140755852, -35.022303251140222 ], [ 150.57877325949076, -35.022294930637258 ], [ 150.578775212790987, -35.022286591424148 ], [ 150.57877726836827, -35.022278239829234 ], [ 150.578779424914842, -35.022269883038128 ], [ 150.578781684434944, -35.022261527401078 ], [ 150.578784046742584, -35.02225317922462 ], [ 150.578786512746831, -35.022244844837147 ], [ 150.578789082261636, -35.022236530545179 ], [ 150.578791757264725, -35.022228243599898 ], [ 150.578794536501476, -35.022219989385036 ], [ 150.578797420854386, -35.022211775129918 ], [ 150.578800411232606, -35.022203607162908 ], [ 150.578803507450061, -35.022195491790569 ], [ 150.578806711484532, -35.022187436264062 ], [ 150.578810022081313, -35.022179445967112 ], [ 150.578813441244733, -35.022171527249967 ], [ 150.578816967666995, -35.022163687298239 ], [ 150.578820603352369, -35.022155932462169 ], [ 150.578824348088318, -35.022148269949206 ], [ 150.578828202837087, -35.022140704285867 ], [ 150.578833061979822, -35.022131594631986 ], [ 150.57883791552095, -35.022122897736523 ], [ 150.578842893609874, -35.022114325024653 ], [ 150.578847980111135, -35.022105866258165 ], [ 150.578853160037653, -35.022097509418842 ], [ 150.578858419470862, -35.022089243411294 ], [ 150.578863742301991, -35.022081057096358 ], [ 150.57886911239558, -35.02207294023583 ], [ 150.578874516928352, -35.022064881756187 ], [ 150.578879938722793, -35.022056869595517 ], [ 150.578885363833905, -35.022048893559329 ], [ 150.578890777247977, -35.022040942530367 ], [ 150.578896162882813, -35.022033004468582 ], [ 150.578901505698099, -35.022025069157657 ], [ 150.578906791775438, -35.022017125502202 ], [ 150.578912003910773, -35.022009162341242 ], [ 150.578917129254279, -35.022001169502182 ], [ 150.578922150655103, -35.02199313402221 ], [ 150.578927054168133, -35.021985045706849 ], [ 150.578931823658053, -35.021976894317966 ], [ 150.578935028329226, -35.02197123128547 ], [ 150.578939402160415, -35.021963230656205 ], [ 150.578943633207217, -35.021955166778532 ], [ 150.578947720347799, -35.021947040531593 ], [ 150.578951660163852, -35.021938856354495 ], [ 150.578955451453879, -35.021930617829099 ], [ 150.578959091947866, -35.021922327614497 ], [ 150.578962579375741, -35.021913988369811 ], [ 150.578965912509517, -35.02190560457786 ], [ 150.578969088010552, -35.021897177974921 ], [ 150.578972105745976, -35.021888713065678 ], [ 150.578974961281972, -35.021880211564593 ], [ 150.578977653364007, -35.021871678855391 ], [ 150.578980179748555, -35.021863116696267 ], [ 150.578982539260835, -35.021854527768149 ], [ 150.578984729577599, -35.021845916531994 ], [ 150.578986748428861, -35.021837285646896 ], [ 150.578988593544523, -35.021828637771961 ], [ 150.578990262601508, -35.021819977368132 ], [ 150.57899175335632, -35.02181130619357 ], [ 150.578993064580942, -35.021802628731081 ], [ 150.578994312004482, -35.021792993541752 ], [ 150.578995289690397, -35.021784032672208 ], [ 150.578996112955679, -35.021775068720345 ], [ 150.578996800445054, -35.021766101156878 ], [ 150.578997370723442, -35.02175713215528 ], [ 150.578997842435541, -35.021748161186238 ], [ 150.578998234225935, -35.021739187720463 ], [ 150.578998564659599, -35.021730213931448 ], [ 150.578998852381147, -35.021721239289839 ], [ 150.578999117130422, -35.021712263288251 ], [ 150.578999377472257, -35.02170328810012 ], [ 150.578999650956149, -35.021694313174322 ], [ 150.578999957321827, -35.021685338003358 ], [ 150.579000315134209, -35.021676364760751 ], [ 150.579000743037824, -35.021667392917152 ], [ 150.579001259677284, -35.021658421943272 ], [ 150.57900188361748, -35.021649454012596 ], [ 150.579002634598083, -35.021640488617663 ], [ 150.579003530168478, -35.021631525207297 ], [ 150.579004588893554, -35.021622565954971 ], [ 150.579005302582971, -35.021617242631827 ], [ 150.579006601961794, -35.02160852076068 ], [ 150.579008045903691, -35.021599801775032 ], [ 150.57900961688577, -35.021591085325085 ], [ 150.579011298480367, -35.021582371082957 ], [ 150.579013073164589, -35.021573658698863 ], [ 150.579014922320368, -35.021564947801181 ], [ 150.5790168295201, -35.021556238062033 ], [ 150.579018777240918, -35.021547529131631 ], [ 150.579020746864757, -35.021538820638362 ], [ 150.579022721964037, -35.021530112254339 ], [ 150.579024686111069, -35.021521403651661 ], [ 150.579026619592696, -35.021512694436851 ], [ 150.57902850595471, -35.021503985182946 ], [ 150.57903032772748, -35.02149527373831 ], [ 150.579032067361652, -35.021486560654161 ], [ 150.579033708429534, -35.021477845602583 ], [ 150.579035231218086, -35.02146912819012 ], [ 150.579036620394817, -35.021460408110734 ], [ 150.579037857341859, -35.021451684992819 ], [ 150.579038924536405, -35.021442958486645 ], [ 150.57903993211454, -35.021432872284144 ], [ 150.579040634852447, -35.021423944688614 ], [ 150.579041176977142, -35.021415038226785 ], [ 150.579041572407107, -35.021406163994016 ], [ 150.579041839414913, -35.021397334074095 ], [ 150.579041992987584, -35.021388560485157 ], [ 150.579042049233948, -35.021379854366323 ], [ 150.579042024236145, -35.021371227757633 ], [ 150.579041934129549, -35.021362690897242 ], [ 150.579041796038382, -35.021354257648909 ], [ 150.57904162609799, -35.021345938250782 ], [ 150.579041438200193, -35.021337744699203 ], [ 150.579041250617479, -35.021329689077902 ], [ 150.579041079458591, -35.021321782525995 ], [ 150.57904093971058, -35.021314037061622 ], [ 150.579040847482105, -35.021306463823926 ], [ 150.579040821045652, -35.021299074896611 ], [ 150.579040873197869, -35.021291882254161 ], [ 150.579041023332991, -35.021284897101246 ], [ 150.579041285369414, -35.021278130533233 ], [ 150.579042336244527, -35.021263901164218 ], [ 150.579043885569746, -35.021252017437604 ], [ 150.579046071245017, -35.021240850455825 ], [ 150.579048954024643, -35.021230309482142 ], [ 150.579052592552301, -35.021220301033289 ], [ 150.579057046566817, -35.021210731647841 ], [ 150.579062377944183, -35.021201509709933 ], [ 150.579068644232905, -35.021192541714328 ], [ 150.579075907335437, -35.021183735144199 ], [ 150.579084225842195, -35.02117499831796 ], [ 150.579087992712914, -35.021171375696852 ], [ 150.57909381609926, -35.021166055198179 ], [ 150.579099959561461, -35.021160694211581 ], [ 150.579106372184413, -35.021155272790011 ], [ 150.579113000782939, -35.021149773645568 ], [ 150.579119792251589, -35.021144176787494 ], [ 150.579126694526934, -35.021138464048825 ], [ 150.579133654503522, -35.021132615438852 ], [ 150.579140619049355, -35.021126611867821 ], [ 150.579147534979256, -35.021120436047859 ], [ 150.579154350283034, -35.021114068010149 ], [ 150.579161012923805, -35.021107488686852 ], [ 150.579167468674484, -35.021100678966384 ], [ 150.579173665498246, -35.021093619780913 ], [ 150.579179550210057, -35.021086293842615 ], [ 150.57918507082627, -35.021078680281825 ], [ 150.579190173093281, -35.02107076088793 ], [ 150.579194163533913, -35.021063755924608 ], [ 150.579197747978782, -35.021056695080468 ], [ 150.579201033784614, -35.021049430855179 ], [ 150.579204038102205, -35.021041976211556 ], [ 150.579206774903128, -35.02103434044313 ], [ 150.579209258079175, -35.021026535546191 ], [ 150.579211503712628, -35.021018573560774 ], [ 150.579213523558025, -35.021010464637598 ], [ 150.579215334819366, -35.021002219937614 ], [ 150.579216951388446, -35.020993851457128 ], [ 150.579218387183687, -35.020985370291505 ], [ 150.579219656150087, -35.02097678663516 ], [ 150.579220775464961, -35.020968112549959 ], [ 150.57922175682981, -35.020959359988517 ], [ 150.579222616379923, -35.020950539188938 ], [ 150.579223368033723, -35.02094166124661 ], [ 150.579224027899897, -35.020932737300612 ], [ 150.57922460767989, -35.02092377930348 ], [ 150.579225124577619, -35.020914798416193 ], [ 150.579225591416304, -35.020905805712225 ], [ 150.579226024165933, -35.020896779875173 ], [ 150.579226428925125, -35.020887774213136 ], [ 150.579226817256654, -35.020878768223227 ], [ 150.579227194636331, -35.020869762014712 ], [ 150.579227571989321, -35.02086075670713 ], [ 150.579227957034902, -35.020851750651595 ], [ 150.579228358507862, -35.020842744923904 ], [ 150.579228784074331, -35.020833739677059 ], [ 150.579229243590873, -35.020824735107787 ], [ 150.579229744723534, -35.020815731369098 ], [ 150.579230295112012, -35.020806729514888 ], [ 150.579230905761079, -35.020797727961892 ], [ 150.579231583215062, -35.0207887277422 ], [ 150.57923233623535, -35.020779729030636 ], [ 150.579233173583248, -35.020770732002077 ], [ 150.579234104020003, -35.020761736831389 ], [ 150.579235136280403, -35.02075274459434 ], [ 150.579236278083698, -35.020743753642073 ], [ 150.579237538164591, -35.020734765050385 ], [ 150.579238925284386, -35.020725778994105 ], [ 150.579239697095772, -35.02072112210903 ], [ 150.579241238349425, -35.020712371706679 ], [ 150.579242888024083, -35.020703623468172 ], [ 150.579244632977691, -35.020694877131191 ], [ 150.57924646004173, -35.020686133334415 ], [ 150.579248356127295, -35.020677390013645 ], [ 150.579250308065809, -35.020668647807526 ], [ 150.579252302715304, -35.020659906453801 ], [ 150.579254326933778, -35.020651165690154 ], [ 150.579256367579205, -35.020642425254294 ], [ 150.579258411509642, -35.020633684883947 ], [ 150.579260445556542, -35.020624945217754 ], [ 150.579262457726259, -35.020616204213425 ], [ 150.579264432659897, -35.02060746246589 ], [ 150.579266358310662, -35.020598719734728 ], [ 150.579268222631782, -35.020589975779508 ], [ 150.579270010290998, -35.020581230294241 ], [ 150.579271710310081, -35.020572483961281 ], [ 150.57927330740992, -35.020563734672791 ], [ 150.579274790612374, -35.020554983111118 ], [ 150.579276145680296, -35.020546228992146 ], [ 150.579277410779923, -35.020537107083086 ], [ 150.579278519241029, -35.020528131690938 ], [ 150.579279501279842, -35.020519170001997 ], [ 150.579280369799221, -35.020510230386996 ], [ 150.579281135485161, -35.020501322073827 ], [ 150.579281810145375, -35.02049245341135 ], [ 150.579282405614123, -35.020483631847426 ], [ 150.579282931482169, -35.020474866588138 ], [ 150.579283401747574, -35.020466166026033 ], [ 150.579283826027677, -35.020457538466218 ], [ 150.579284216130191, -35.020448992257528 ], [ 150.57928458383617, -35.020440536649744 ], [ 150.57928493988473, -35.020432179068884 ], [ 150.579285297178671, -35.020423927885659 ], [ 150.579285666430536, -35.02041579142702 ], [ 150.579286058326261, -35.020407778920891 ], [ 150.579286484673418, -35.020399898716107 ], [ 150.579286957279749, -35.020392159161496 ], [ 150.579287487952854, -35.02038456860587 ], [ 150.579288086336618, -35.02037713445344 ], [ 150.579289074227404, -35.020366859447556 ], [ 150.579290341694787, -35.020356022098845 ], [ 150.579291814844737, -35.020345567469981 ], [ 150.579293497148655, -35.02033548932004 ], [ 150.579295397660076, -35.020325777913563 ], [ 150.579297519876945, -35.020316426108614 ], [ 150.57929987165133, -35.020307427751703 ], [ 150.579302457682729, -35.02029877211897 ], [ 150.579305284701348, -35.020290453935957 ], [ 150.579308358448742, -35.02028246430261 ], [ 150.579311684613202, -35.020274796120702 ], [ 150.579315270031316, -35.020267440512022 ], [ 150.579319120364886, -35.020260391279265 ], [ 150.57932361842154, -35.020253041263587 ], [ 150.57932948745011, -35.020244498025875 ], [ 150.579335845883605, -35.020236154763928 ], [ 150.579342704245619, -35.02022784040949 ], [ 150.579350075303154, -35.020219382136112 ], [ 150.579357969606349, -35.020210607974576 ], [ 150.579366400937431, -35.020201347823075 ], [ 150.579375377682538, -35.020191428767674 ], [ 150.579384913676989, -35.020180678904701 ], [ 150.579395020538897, -35.020168927187648 ], [ 150.579399625135295, -35.020163426395335 ], [ 150.57940420108568, -35.020157856519887 ], [ 150.5794088463729, -35.020152090607276 ], [ 150.579413540991709, -35.020146138174383 ], [ 150.579418268222526, -35.020140008803629 ], [ 150.579423008113309, -35.020133710210047 ], [ 150.579427741754102, -35.020127251932323 ], [ 150.579432452425323, -35.020120643552943 ], [ 150.579437120174958, -35.020113892786902 ], [ 150.579441727161679, -35.020107010095735 ], [ 150.579446254502159, -35.020100004117239 ], [ 150.579450684434704, -35.020092882610165 ], [ 150.579454996901205, -35.020085656893265 ], [ 150.579459175261718, -35.020078333846207 ], [ 150.579463199511224, -35.020070922985873 ], [ 150.579467051834968, -35.020063433872906 ], [ 150.579470714418306, -35.020055876067886 ], [ 150.579474167309286, -35.020048257285858 ], [ 150.579477393788437, -35.020040587109314 ], [ 150.579480373877288, -35.020032874154225 ], [ 150.579483088665995, -35.020025127959343 ], [ 150.579485521461663, -35.020017357206214 ], [ 150.579487652259303, -35.020009571411755 ], [ 150.579490401687906, -35.019997157224061 ], [ 150.579491897345861, -35.01998835362199 ], [ 150.579493046907572, -35.019979544014731 ], [ 150.579493874493068, -35.019970727982155 ], [ 150.579494405317718, -35.019961905125989 ], [ 150.579494665612145, -35.019953077772634 ], [ 150.579494679496435, -35.019944245501968 ], [ 150.579494472159269, -35.01993540881665 ], [ 150.579494069910993, -35.019926567340235 ], [ 150.579493495696795, -35.019917723333577 ], [ 150.579492776922194, -35.019908876442095 ], [ 150.579491936612072, -35.019900026223794 ], [ 150.579491002092169, -35.019891175026913 ], [ 150.579489996387338, -35.019882322409472 ], [ 150.579488945807896, -35.019873467995041 ], [ 150.579487874394118, -35.019864614066286 ], [ 150.57948680955144, -35.019855760268669 ], [ 150.579485774278112, -35.019846907061094 ], [ 150.57948479378922, -35.019838054045316 ], [ 150.579483894315331, -35.019829203547715 ], [ 150.579483080180694, -35.019820171755846 ], [ 150.579482372249572, -35.019811142984814 ], [ 150.579481768358136, -35.019802116289966 ], [ 150.579481265220892, -35.019793091605727 ], [ 150.579480858457202, -35.019784068844714 ], [ 150.579480545876748, -35.019775047963201 ], [ 150.579480325289182, -35.019766028917459 ], [ 150.579480191218664, -35.019757011598237 ], [ 150.579480142570077, -35.019747995983664 ], [ 150.579480174962754, -35.019738981986336 ], [ 150.579480285084628, -35.019729970441603 ], [ 150.579480469703384, -35.019720959482058 ], [ 150.579480727697216, -35.019711949986736 ], [ 150.579481053590428, -35.019702941846404 ], [ 150.579481444097468, -35.01969393499548 ], [ 150.579481898123191, -35.019684929412101 ], [ 150.579482410191815, -35.01967592498702 ], [ 150.579482979208166, -35.019666921698338 ], [ 150.579483600791605, -35.01965791945868 ], [ 150.579484271656696, -35.019648918202442 ], [ 150.579485036960676, -35.01963935271116 ], [ 150.579485803268852, -35.019630384910784 ], [ 150.579486618752355, -35.019621421697579 ], [ 150.579487485574873, -35.019612464016184 ], [ 150.579488404805005, -35.019603512789388 ], [ 150.579489378526773, -35.019594571664634 ], [ 150.579490407861869, -35.019585639762838 ], [ 150.579491493799168, -35.019576720709587 ], [ 150.579492638528961, -35.019567814548601 ], [ 150.579493844188363, -35.019558923125459 ], [ 150.579495110697707, -35.019550049142921 ], [ 150.5794964413424, -35.019541192666601 ], [ 150.579497837137865, -35.019532356421095 ], [ 150.579499299179247, -35.019523540428324 ], [ 150.579500829550597, -35.019514748335688 ], [ 150.579502429373548, -35.019505979264096 ], [ 150.579504100732123, -35.019497236861007 ], [ 150.57950584469495, -35.019488522049215 ], [ 150.579507663425687, -35.019479835773332 ], [ 150.579509557939758, -35.019471180758039 ], [ 150.579511990312938, -35.019460599228921 ], [ 150.579514143478463, -35.019451682541558 ], [ 150.579516364991662, -35.0194429006348 ], [ 150.579518643667882, -35.019434298358625 ], [ 150.579520973718587, -35.019425923375167 ], [ 150.579523346175989, -35.019417819677216 ], [ 150.579525753087893, -35.019410033982226 ], [ 150.57952818546002, -35.019402611183949 ], [ 150.579530635340063, -35.019395597999832 ], [ 150.579533094828975, -35.019389039345484 ], [ 150.579535556001105, -35.019382981037403 ], [ 150.579538009809028, -35.019377469771207 ], [ 150.579540449448871, -35.019372550484384 ], [ 150.579542864804665, -35.019368268949705 ], [ 150.57954524795079, -35.019364670983734 ], [ 150.579547592056741, -35.019361802424847 ], [ 150.579549888101752, -35.019359709067736 ], [ 150.579552128160202, -35.019358436728929 ], [ 150.579554303211381, -35.019358031203105 ], [ 150.579556168733092, -35.019358423606811 ], [ 150.579558238288087, -35.019359737772795 ], [ 150.579560226441288, -35.019361954483223 ], [ 150.579562132761708, -35.019365051192842 ], [ 150.579563953506408, -35.019369006191845 ], [ 150.57956568597433, -35.019373799594106 ], [ 150.579567328612825, -35.019379409733517 ], [ 150.579568877705384, -35.019385813999307 ], [ 150.579570330551036, -35.019392992505331 ], [ 150.579571684528418, -35.019400922662683 ], [ 150.579572938058249, -35.019409583706199 ], [ 150.579574086275755, -35.019418954805083 ], [ 150.57957512984504, -35.019429013435989 ], [ 150.579576062832729, -35.019439737845367 ], [ 150.579576884701424, -35.019451109091747 ], [ 150.579577591787881, -35.019463102762501 ], [ 150.579578181364326, -35.019475699872388 ], [ 150.579578651904569, -35.019488877854414 ], [ 150.5795789996655, -35.019502614998686 ], [ 150.579579121111152, -35.019509310795499 ], [ 150.579579214791607, -35.019516093480298 ], [ 150.579579281190945, -35.019522983796435 ], [ 150.579579322632298, -35.019529977282943 ], [ 150.579579337137915, -35.019537066688635 ], [ 150.579579327057445, -35.019544246651613 ], [ 150.579579292550278, -35.019551511766259 ], [ 150.579579233775775, -35.019558856627 ], [ 150.579579152041646, -35.019566274048159 ], [ 150.579579047507195, -35.01957375862419 ], [ 150.579578920331869, -35.019581304949448 ], [ 150.579578771770201, -35.019588907640198 ], [ 150.579578602034672, -35.019596559488946 ], [ 150.579578411258098, -35.019604255991034 ], [ 150.579578199599865, -35.019611991740867 ], [ 150.57957796948935, -35.01961975867372 ], [ 150.57957772103282, -35.01962755318587 ], [ 150.579577453347639, -35.019635368047972 ], [ 150.579577167661768, -35.019643198777239 ], [ 150.579576864187715, -35.019651038166167 ], [ 150.579576544153468, -35.019658881731935 ], [ 150.579576208866683, -35.019666722288946 ], [ 150.579575857365029, -35.019674555310658 ], [ 150.579575489860986, -35.019682373589603 ], [ 150.579575108677744, -35.019690172664816 ], [ 150.579574714001183, -35.019697946229755 ], [ 150.579574304922176, -35.019705687956034 ], [ 150.579573882668655, -35.019713393360817 ], [ 150.579573448574848, -35.019721054357575 ], [ 150.579573002747082, -35.019728667342541 ], [ 150.579572546466352, -35.019736226031043 ], [ 150.579572077728386, -35.019743724072832 ], [ 150.57957159997801, -35.019751156127882 ], [ 150.579571112332587, -35.019758514966831 ], [ 150.579570615993532, -35.019765797007821 ], [ 150.579570111173354, -35.019772995043368 ], [ 150.579569598031469, -35.019780103667863 ], [ 150.579569077848987, -35.019787116596639 ], [ 150.579568549690123, -35.01979402840221 ], [ 150.579568016999758, -35.019800833744554 ], [ 150.579566840144821, -35.01981521475971 ], [ 150.579565743987814, -35.019827973847789 ], [ 150.579564635531938, -35.019840332440211 ], [ 150.579563522900827, -35.019852312334251 ], [ 150.579562411974734, -35.019863937085312 ], [ 150.579561306496799, -35.019875228403222 ], [ 150.57956021240031, -35.019886208041548 ], [ 150.579559137755922, -35.019896899599431 ], [ 150.579558086333236, -35.019907323885732 ], [ 150.579557063985959, -35.019917505356851 ], [ 150.579556076700612, -35.019927463964443 ], [ 150.579555131426048, -35.01993722418672 ], [ 150.579554231931894, -35.019946806832586 ], [ 150.579553385193577, -35.01995623547932 ], [ 150.579552596049325, -35.019965531858603 ], [ 150.57955187043251, -35.019974717724004 ], [ 150.579551215345163, -35.01998381575185 ], [ 150.57955063557236, -35.019992849475699 ], [ 150.579550135978906, -35.020001839726334 ], [ 150.579549723540197, -35.020010810080997 ], [ 150.579549385443102, -35.020020306571418 ], [ 150.579549150578913, -35.020029275060836 ], [ 150.579548990955686, -35.020038218909242 ], [ 150.579548895940661, -35.020047127086869 ], [ 150.579548856075917, -35.020055985883012 ], [ 150.57954886404076, -35.020064783432559 ], [ 150.579548910377241, -35.020073506024829 ], [ 150.579548984479175, -35.020082141729105 ], [ 150.579549077957211, -35.020090677757501 ], [ 150.579549183490599, -35.020099102244856 ], [ 150.5795492894311, -35.020107401436796 ], [ 150.579549387362817, -35.020115563446325 ], [ 150.579549469965002, -35.020123576408309 ], [ 150.579549525589414, -35.020131426568369 ], [ 150.579549548036937, -35.020139101182274 ], [ 150.579549525579694, -35.020146589198433 ], [ 150.579549449881426, -35.020153876027045 ], [ 150.579549312473063, -35.020160951583016 ], [ 150.579549103949773, -35.020167800353768 ], [ 150.579548815842571, -35.020174412254192 ], [ 150.5795476924269, -35.020189804876154 ], [ 150.579546130694354, -35.020202298656635 ], [ 150.579543935151946, -35.020213915284799 ], [ 150.579541012442576, -35.020224810653922 ], [ 150.579537267045311, -35.020235139712554 ], [ 150.579532602290925, -35.020245059189243 ], [ 150.579526924901927, -35.020254722274366 ], [ 150.579520139277491, -35.02026428661916 ], [ 150.579512150991633, -35.020273907193889 ], [ 150.579505819468608, -35.020280743754043 ], [ 150.579500321265755, -35.020286336696316 ], [ 150.579494503425963, -35.020292029632465 ], [ 150.579488407140218, -35.020297837807902 ], [ 150.579482072530851, -35.020303775545209 ], [ 150.57947554185742, -35.020309859012571 ], [ 150.579468854147137, -35.020316102510762 ], [ 150.579462051712682, -35.020322520406104 ], [ 150.579455173554663, -35.020329127900304 ], [ 150.579448260837523, -35.020335941139749 ], [ 150.579441353736769, -35.02034297264521 ], [ 150.579434494485412, -35.020350239485857 ], [ 150.579427723205896, -35.020357755984371 ], [ 150.579421078925378, -35.02036553644156 ], [ 150.579414603930132, -35.020373596124784 ], [ 150.579408339411117, -35.020381950279493 ], [ 150.579404665104988, -35.020387155026157 ], [ 150.57940005585462, -35.020394039473018 ], [ 150.579395605882979, -35.020401096573643 ], [ 150.579391318688153, -35.02040831918616 ], [ 150.579387195684063, -35.020415696521212 ], [ 150.579383241490518, -35.020423220557817 ], [ 150.579379459658696, -35.020430882352272 ], [ 150.579375852644603, -35.020438672938923 ], [ 150.579372423999445, -35.020446583374017 ], [ 150.579369177247884, -35.020454605614759 ], [ 150.579366114899074, -35.020462728893641 ], [ 150.579363241546275, -35.020470946090661 ], [ 150.579360558576894, -35.020479247317382 ], [ 150.579358070610795, -35.02048762455285 ], [ 150.579355781225729, -35.020496067952379 ], [ 150.579353692851214, -35.020504569451283 ], [ 150.579351809065002, -35.020513119204864 ], [ 150.579350133365239, -35.020521710071243 ], [ 150.579348668287679, -35.020530330382002 ], [ 150.579347418399038, -35.020538973918015 ], [ 150.579346385086751, -35.020547630790908 ], [ 150.579345385509129, -35.02055863665138 ], [ 150.579344810898419, -35.020567568610545 ], [ 150.579344422152388, -35.020576552056632 ], [ 150.579344201084325, -35.020585609163305 ], [ 150.57934412622194, -35.020594762038634 ], [ 150.579344176146094, -35.020604030988828 ], [ 150.579344331574816, -35.020613438165682 ], [ 150.57934457108891, -35.020623003875414 ], [ 150.579344875406463, -35.020632750269812 ], [ 150.579345223081646, -35.02064269855601 ], [ 150.579345594859092, -35.020652869984879 ], [ 150.579345968197828, -35.020663285741719 ], [ 150.579346323815855, -35.02067396797829 ], [ 150.579346641415611, -35.020684936121732 ], [ 150.57934690056689, -35.020696214103843 ], [ 150.579347080972042, -35.02070782135177 ], [ 150.579347160063577, -35.020719779951719 ], [ 150.579347120776276, -35.020732111198249 ], [ 150.57934694056911, -35.020744836276663 ], [ 150.579346597996221, -35.020757976394066 ], [ 150.579346324567069, -35.020765650510889 ], [ 150.579346035390216, -35.020772558068821 ], [ 150.579345702822707, -35.020779562118939 ], [ 150.57934532811916, -35.020786657277462 ], [ 150.579344912534026, -35.020793838160671 ], [ 150.579344458523423, -35.020801095802931 ], [ 150.579343967288736, -35.020808426622331 ], [ 150.579343439069049, -35.020815822510507 ], [ 150.579342876240702, -35.02082327720462 ], [ 150.579342280084774, -35.020830784419971 ], [ 150.579341651882487, -35.020838337871908 ], [ 150.579340992914894, -35.020845931275709 ], [ 150.579340305558333, -35.020853558368579 ], [ 150.579339590025398, -35.020861211943036 ], [ 150.579338847570568, -35.020868886615325 ], [ 150.57933808057021, -35.020876576122639 ], [ 150.579337289236832, -35.020884273257479 ], [ 150.579336475973349, -35.020891970856113 ], [ 150.579335642007749, -35.02089966443571 ], [ 150.579334788647742, -35.02090734681066 ], [ 150.57933391826964, -35.020915011718131 ], [ 150.579333029990863, -35.020922651928821 ], [ 150.579332126161063, -35.020930262080789 ], [ 150.579331209183209, -35.020937835010322 ], [ 150.579330280338411, -35.02094536443272 ], [ 150.579329339786113, -35.020952844942386 ], [ 150.579328388860546, -35.020960268452754 ], [ 150.579327430980129, -35.020967630524744 ], [ 150.579326465288801, -35.020974923028106 ], [ 150.57932549413627, -35.020982140600893 ], [ 150.579324519898876, -35.020989276980352 ], [ 150.579323541694038, -35.020996324937101 ], [ 150.579322562993241, -35.021003278230197 ], [ 150.579321585077651, -35.021010130574957 ], [ 150.579320608133202, -35.021016875664849 ], [ 150.579319633414542, -35.021023508116144 ], [ 150.579318663351074, -35.021030019864092 ], [ 150.579317699224049, -35.02103640462407 ], [ 150.579316742288029, -35.021042657012288 ], [ 150.579315793824122, -35.021048770744116 ], [ 150.579312726367164, -35.021067879160945 ], [ 150.579310085350443, -35.021083228869529 ], [ 150.579307371453808, -35.021097668447631 ], [ 150.579304517597166, -35.02111131735267 ], [ 150.579301450155839, -35.021124294009994 ], [ 150.5792981019965, -35.021136719678886 ], [ 150.579294402779823, -35.021148712850263 ], [ 150.579290281018274, -35.021160393794993 ], [ 150.579285667467673, -35.021171881025843 ], [ 150.579280492804003, -35.021183295758313 ], [ 150.579274685566105, -35.021194757362245 ], [ 150.579268176482941, -35.021206385251318 ], [ 150.579260896310132, -35.021218297938098 ], [ 150.579252773533, -35.021230616594309 ], [ 150.579248451639728, -35.021236858615744 ], [ 150.579244406631233, -35.021242555368524 ], [ 150.579240210957408, -35.021248344669353 ], [ 150.579235881205193, -35.021254221440458 ], [ 150.579231428459138, -35.021260181395739 ], [ 150.579226867115892, -35.021266219413732 ], [ 150.579222209355152, -35.021272331230186 ], [ 150.579217470668738, -35.021278511745486 ], [ 150.579212662141231, -35.021284756673552 ], [ 150.579207798169222, -35.021291060892906 ], [ 150.579202892054269, -35.021297419260264 ], [ 150.579197957044641, -35.021303828434149 ], [ 150.579193007510469, -35.021310284194044 ], [ 150.579188054616026, -35.021316779551086 ], [ 150.579183113800042, -35.021323311207539 ], [ 150.579178198337445, -35.021329874921015 ], [ 150.57917331933939, -35.02133646550454 ], [ 150.579168493392928, -35.021343077880346 ], [ 150.579163730487494, -35.021349707740526 ], [ 150.579159047183538, -35.021356350908299 ], [ 150.579154454592299, -35.021363002196637 ], [ 150.57914996708385, -35.021369657385051 ], [ 150.579145596864635, -35.021376311308408 ], [ 150.579141359426472, -35.021382958867108 ], [ 150.579137265827512, -35.021389596676073 ], [ 150.579133330491004, -35.021396218712894 ], [ 150.579129567787135, -35.02140282075711 ], [ 150.579125989869169, -35.021409399445432 ], [ 150.579122610091787, -35.021415947832743 ], [ 150.579119441676909, -35.021422463478551 ], [ 150.579116497952668, -35.021428940338623 ], [ 150.579113793315798, -35.021435373291595 ], [ 150.579111625985377, -35.0214409768042 ], [ 150.579108221000865, -35.021450869119654 ], [ 150.579105368205887, -35.021460653463073 ], [ 150.579103026919711, -35.021470334431335 ], [ 150.579101155286708, -35.021479919302216 ], [ 150.579099712652692, -35.021489411771654 ], [ 150.579098660474045, -35.021498818282062 ], [ 150.579097958043462, -35.021508144331207 ], [ 150.579097563584838, -35.021517394494062 ], [ 150.579097437459438, -35.021526575191153 ], [ 150.579097538959729, -35.021535691920256 ], [ 150.579097828500096, -35.021544749300034 ], [ 150.579098265372977, -35.021553752828233 ], [ 150.57909880884435, -35.021562708903559 ], [ 150.579099418233255, -35.021571622122806 ], [ 150.579100053927363, -35.021580498005598 ], [ 150.579100675192478, -35.021589342950598 ], [ 150.579101241347644, -35.021598161554643 ], [ 150.579101712780442, -35.021606959337291 ], [ 150.579102048783312, -35.02161574179636 ], [ 150.579102207553376, -35.021624514407691 ], [ 150.579102099233381, -35.021636212347701 ], [ 150.579101784021049, -35.021645079166966 ], [ 150.579101286982478, -35.021653943258507 ], [ 150.579100626788744, -35.0216628031921 ], [ 150.579099818745732, -35.021671660174668 ], [ 150.579098881471424, -35.021680514577838 ], [ 150.579097831393483, -35.021689366729476 ], [ 150.579096687103316, -35.02169821790212 ], [ 150.579095465081707, -35.021707066621808 ], [ 150.579094182824917, -35.0217159141392 ], [ 150.579092857855869, -35.021724760804034 ], [ 150.57909150660214, -35.021733606944217 ], [ 150.579090147655251, -35.02174245383226 ], [ 150.579088796400839, -35.021751299972372 ], [ 150.579087472525572, -35.021760146658913 ], [ 150.57908619245714, -35.021768994219798 ], [ 150.579084972623264, -35.0217778429829 ], [ 150.579083831615435, -35.021786694220779 ], [ 150.579082785914522, -35.021795546459472 ], [ 150.579081853016902, -35.021804400949648 ], [ 150.579081002470332, -35.021813770016529 ], [ 150.579080309540103, -35.021822736570549 ], [ 150.57907972468135, -35.021831680040627 ], [ 150.579079232933651, -35.021840587507668 ], [ 150.579078821473701, -35.021849447898155 ], [ 150.579078477531397, -35.02185824833672 ], [ 150.579078188336553, -35.021866975947937 ], [ 150.579077938902202, -35.021875618713693 ], [ 150.579077718648449, -35.021884163802284 ], [ 150.579077512588242, -35.021892599195546 ], [ 150.579077307978082, -35.021900911117172 ], [ 150.579077090872801, -35.02190908937272 ], [ 150.579076849650647, -35.021917119306778 ], [ 150.579076570366482, -35.021924990724941 ], [ 150.579076240303323, -35.021932688949917 ], [ 150.57907584447409, -35.021940201963552 ], [ 150.57907537224574, -35.021947518736027 ], [ 150.579074808684339, -35.02195462544735 ], [ 150.579074142061785, -35.021961511045795 ], [ 150.579073357470605, -35.021968160810459 ], [ 150.579071709398079, -35.021978970724419 ], [ 150.579069170332559, -35.021991009579025 ], [ 150.579065913211537, -35.022002240812945 ], [ 150.579061843627045, -35.022012781535011 ], [ 150.57905686490102, -35.022022751513092 ], [ 150.579050881556782, -35.022032266933145 ], [ 150.579043798037958, -35.022041446683879 ], [ 150.579035517746036, -35.022050407830235 ], [ 150.579025945097868, -35.022059270161755 ], [ 150.579014984590003, -35.02206815076508 ], [ 150.579008968971635, -35.022072629960817 ], [ 150.579002735059959, -35.022077079558045 ], [ 150.578996232248613, -35.022081580579815 ], [ 150.578989507364753, -35.02208614297539 ], [ 150.578982604029648, -35.022090773925733 ], [ 150.578975567948675, -35.022095484259182 ], [ 150.578968443811732, -35.022100282079492 ], [ 150.578961277377346, -35.022105176413177 ], [ 150.578954112160545, -35.022110178044933 ], [ 150.578946995068151, -35.022115294221315 ], [ 150.578939969641823, -35.022120534826087 ], [ 150.578933081613485, -35.022125909786752 ], [ 150.578926375699695, -35.022131426306188 ], [ 150.578919896510683, -35.022137095190992 ], [ 150.578913690900237, -35.022142925489611 ], [ 150.578907801367961, -35.022148925262186 ], [ 150.578902273645838, -35.022155104436216 ], [ 150.578897153492591, -35.022161472038349 ], [ 150.5788924855716, -35.022168037073357 ], [ 150.578888315614989, -35.022174809468801 ], [ 150.578883847214342, -35.022183563634734 ], [ 150.578880868309909, -35.022190711375849 ], [ 150.578878340835303, -35.022198046617923 ], [ 150.578876233349149, -35.022205557915804 ], [ 150.578874511071291, -35.022213235560599 ], [ 150.57887314039661, -35.022221067162498 ], [ 150.578872088708806, -35.022229043957267 ], [ 150.578871321280928, -35.022237154434151 ], [ 150.578870805549769, -35.022245388027038 ], [ 150.578870505640054, -35.022253735005165 ], [ 150.578870391205527, -35.022262183945209 ], [ 150.578870425302256, -35.022270724193625 ], [ 150.578870576409003, -35.022279347008009 ], [ 150.578870810920563, -35.022288039998529 ], [ 150.578871094083325, -35.022296792555352 ], [ 150.57887139221225, -35.022305594991408 ], [ 150.578871672744043, -35.022314436740622 ], [ 150.578871900925094, -35.022323307193133 ], [ 150.578872044192082, -35.022332195782823 ], [ 150.57887206888654, -35.022341091921724 ], [ 150.578871915278256, -35.022351388982202 ], [ 150.578871627424547, -35.022360330265577 ], [ 150.578871208148257, -35.022369268925551 ], [ 150.578870667305978, -35.022378205158866 ], [ 150.57887001584956, -35.022387139184126 ], [ 150.578869263635681, -35.022396071198116 ], [ 150.57886842164271, -35.022405000518468 ], [ 150.578867499674232, -35.022413929143838 ], [ 150.578866508708643, -35.022422856391891 ], [ 150.578865458602593, -35.0224317824594 ], [ 150.578864360307989, -35.022440707564947 ], [ 150.578863224776654, -35.022449631927159 ], [ 150.578862061865323, -35.022458555742801 ], [ 150.578860881430643, -35.022467479208608 ], [ 150.578859694424523, -35.022476402543234 ], [ 150.578858511798842, -35.02248532596527 ], [ 150.578857343410306, -35.022494249671468 ], [ 150.578856200210794, -35.022503173880438 ], [ 150.578855093152242, -35.02251209881085 ], [ 150.578854030996155, -35.022521024637541 ], [ 150.578853012020744, -35.02253004688135 ], [ 150.578852046916325, -35.022539026028767 ], [ 150.578851124199559, -35.022547979879825 ], [ 150.578850238713386, -35.02255689751405 ], [ 150.578849382148121, -35.022565763440625 ], [ 150.578848548251557, -35.022574566717253 ], [ 150.578847729729347, -35.022583294577757 ], [ 150.578846920409092, -35.022591933377036 ], [ 150.578846111901299, -35.022600470327092 ], [ 150.578845299102056, -35.022608892705541 ], [ 150.578844473621928, -35.022617187724421 ], [ 150.578843628140078, -35.022625343518605 ], [ 150.578842757632316, -35.022633344662864 ], [ 150.578841853629484, -35.022641181072068 ], [ 150.578840909985615, -35.022648838200084 ], [ 150.578839919379845, -35.022656304181766 ], [ 150.578838875613116, -35.022663566272854 ], [ 150.578837770349139, -35.022670609883534 ], [ 150.578836597335567, -35.022677424071439 ], [ 150.578835350399999, -35.022683995191379 ], [ 150.578830954632821, -35.022702582168854 ], [ 150.578827212321244, -35.022714285090359 ], [ 150.578822717600843, -35.02272519322586 ], [ 150.578817311611118, -35.022735453948584 ], [ 150.578810836666435, -35.022745211950713 ], [ 150.578803134012446, -35.022754611001602 ], [ 150.578794045936803, -35.02276379669425 ], [ 150.578783413631697, -35.022772914599699 ], [ 150.578771078315953, -35.022782109387933 ], [ 150.578766066283123, -35.022785552989667 ], [ 150.57875991355715, -35.022789625578426 ], [ 150.578753487521794, -35.022793750404567 ], [ 150.578746827417859, -35.022797934561638 ], [ 150.578739973608066, -35.022802184264165 ], [ 150.578732966481567, -35.022806504825667 ], [ 150.578725846427574, -35.022810901559758 ], [ 150.578718651565254, -35.022815382439092 ], [ 150.578711423378991, -35.022819952799104 ], [ 150.578704201136219, -35.022824618832487 ], [ 150.578697025199688, -35.022829386753784 ], [ 150.578689934863405, -35.02283426185474 ], [ 150.578682970463461, -35.022839251250886 ], [ 150.578676172389152, -35.022844360255817 ], [ 150.578669579881364, -35.022849595963237 ], [ 150.57866323223422, -35.022854963664912 ], [ 150.578657170905672, -35.022860469597319 ], [ 150.578651435163152, -35.022866119953164 ], [ 150.578646064274267, -35.022871920925255 ], [ 150.578641099696938, -35.022877878750009 ], [ 150.578636579630199, -35.022883998697438 ], [ 150.57863254547874, -35.022890288805847 ], [ 150.578627218174717, -35.02290055559731 ], [ 150.578624286503413, -35.022907734923123 ], [ 150.578621853783716, -35.022915088276207 ], [ 150.578619876420618, -35.022922607574536 ], [ 150.578618315332761, -35.02293028031891 ], [ 150.578617129115429, -35.022938098471037 ], [ 150.578616278634087, -35.022946051333562 ], [ 150.578615720346789, -35.022954129022601 ], [ 150.578615416187631, -35.022962321763551 ], [ 150.578615324804986, -35.022970619716261 ], [ 150.578615403778713, -35.022979012117766 ], [ 150.578615615042764, -35.022987489193483 ], [ 150.578615916123795, -35.022996041982324 ], [ 150.578616266791926, -35.023004659765007 ], [ 150.578616626790762, -35.023013332723252 ], [ 150.578616953699964, -35.023022050094099 ], [ 150.578617209426966, -35.02303080300387 ], [ 150.578617351524741, -35.023039581590545 ], [ 150.578617339763497, -35.023048375134856 ], [ 150.578617132791408, -35.023057173796666 ], [ 150.578616935483467, -35.023061781746307 ], [ 150.578616387554092, -35.023070548360309 ], [ 150.578615631026736, -35.023079290977662 ], [ 150.578614680457775, -35.023087999071429 ], [ 150.578613553769003, -35.023096659477432 ], [ 150.578612265570058, -35.023105259866796 ], [ 150.57861083370301, -35.023113789778193 ], [ 150.578609273899218, -35.023122236003701 ], [ 150.578607602958726, -35.02313058625824 ], [ 150.578605835491203, -35.023138828212936 ], [ 150.578603988243515, -35.023146951384575 ], [ 150.578602079164085, -35.023154941708079 ], [ 150.578600122809434, -35.023162788656443 ], [ 150.578598136006235, -35.023170479043657 ], [ 150.578596135554534, -35.023178000584622 ], [ 150.578594137106052, -35.023185342774234 ], [ 150.578592156392347, -35.02319249240464 ], [ 150.578590210213434, -35.023199437190698 ], [ 150.5785883164381, -35.023206165770141 ], [ 150.578586488580839, -35.023212665792286 ], [ 150.578584744563585, -35.023218924092966 ], [ 150.57858019674174, -35.023235715912669 ], [ 150.578576847604154, -35.023248390338466 ], [ 150.578573933854216, -35.023259307488829 ], [ 150.578571366690568, -35.023268394375322 ], [ 150.578569055068215, -35.023275579767621 ], [ 150.578566910212231, -35.023280789776351 ], [ 150.578564841104054, -35.023283952270205 ], [ 150.578562757846953, -35.023284994238843 ], [ 150.578559852218348, -35.023283044057578 ], [ 150.578557570071354, -35.023279238490794 ], [ 150.578555153278046, -35.02327349659614 ], [ 150.578552586755876, -35.02326588387934 ], [ 150.57854985539575, -35.02325646674705 ], [ 150.578546945210405, -35.023245310726871 ], [ 150.578543840048638, -35.023232480401731 ], [ 150.578540525923302, -35.023218041299202 ] ] ] ] } },
{ "type": "Feature", "properties": { "OBJECTID": 6, "Comments": "Operational noise contour - OpContoursBuild2040Night", "FSource": "MOTTM - noise specialists model run for Rev B", "SourceDate": 20251027.0, "Supplier": "MOTTM", "path_windows": "C:\\Users\\bri86955\\Mott MacDonald\\MGO - Moata Geospatial - JBR2HR\\01Incoming\\20251024_Noise\\Noise shp files Rev B\\Noise Rev B figures\\Metadata\\OpContours\\OpContoursBuild2040Night.shp", "path_rootname": "OpContoursBuild2040Night", "IsoValue": 70, "shapefile_type": "shapefile_polygon", "SHAPE_Length": 433.11305343194971, "SHAPE_Area": 1958.9342269160127 }, "geometry": { "type": "MultiPolygon", "coordinates": [ [ [ [ 150.5795446316354, -35.019117291430639 ], [ 150.57954507586561, -35.019107428357941 ], [ 150.579545880119667, -35.019097173120791 ], [ 150.579547023033484, -35.01908721311024 ], [ 150.579548502443231, -35.019077547381634 ], [ 150.579550316158532, -35.01906817589127 ], [ 150.579552461962436, -35.019059099496339 ], [ 150.579554938812834, -35.019050316373118 ], [ 150.579557744492831, -35.019041827378786 ], [ 150.579560876838627, -35.019033631568675 ], [ 150.579564333633328, -35.01902572980002 ], [ 150.579568113834824, -35.019018120249036 ], [ 150.579572214131105, -35.019010803751087 ], [ 150.579576633426996, -35.01900378028428 ], [ 150.579580098970638, -35.018998777799467 ], [ 150.579586189556608, -35.018990780746719 ], [ 150.579592714252556, -35.018983000594496 ], [ 150.579599651907785, -35.018975299898031 ], [ 150.57960697803307, -35.018967542948921 ], [ 150.579614671424622, -35.018959594104309 ], [ 150.579622708714822, -35.018951316776707 ], [ 150.579631066535967, -35.018942574378563 ], [ 150.579639722588979, -35.018933231245221 ], [ 150.579648654601158, -35.018923150810984 ], [ 150.579657840299831, -35.018912196510236 ], [ 150.579663338129762, -35.018905311751531 ], [ 150.579667846285474, -35.018899473677045 ], [ 150.579672376977157, -35.018893428715216 ], [ 150.57967691786601, -35.018887186535935 ], [ 150.579681453327851, -35.01888075674357 ], [ 150.579685970970758, -35.018874150809857 ], [ 150.579690458455929, -35.018867378404742 ], [ 150.579694901254385, -35.018860449154381 ], [ 150.579699287027267, -35.018853372728699 ], [ 150.579703600097389, -35.018846160533933 ], [ 150.579707830316181, -35.018838822283698 ], [ 150.579711960964403, -35.01883136756048 ], [ 150.579715981893543, -35.018823806077904 ], [ 150.579719877426413, -35.018816149242234 ], [ 150.579723635224269, -35.018808406723373 ], [ 150.579727241826674, -35.018800589070288 ], [ 150.579730682731224, -35.018792705008323 ], [ 150.57973394666783, -35.01878476513015 ], [ 150.579737017959218, -35.018776780842025 ], [ 150.579739885388477, -35.018768760934798 ], [ 150.579742533304881, -35.018760715913743 ], [ 150.579744950464942, -35.018752655470671 ], [ 150.579747451816672, -35.018743300401404 ], [ 150.57974954790032, -35.018734348313437 ], [ 150.579751369103406, -35.018725390740627 ], [ 150.579752926377438, -35.018716427901502 ], [ 150.579754233985881, -35.018707459179232 ], [ 150.579755302827039, -35.018698486594182 ], [ 150.579756146069258, -35.018689509507674 ], [ 150.579756775759137, -35.018680528160054 ], [ 150.579757205038419, -35.018671542813586 ], [ 150.579757447075394, -35.018662552829532 ], [ 150.579757512768339, -35.018653560228294 ], [ 150.579757415285627, -35.018644564371144 ], [ 150.579757167768861, -35.01863556552032 ], [ 150.57975678229127, -35.018626563015239 ], [ 150.579756270846246, -35.018617558898164 ], [ 150.579755646602052, -35.01860855253036 ], [ 150.579754922700403, -35.018599544174059 ], [ 150.579754110119239, -35.018590533146806 ], [ 150.579753223042275, -35.018581521534585 ], [ 150.579752272447479, -35.018572508654955 ], [ 150.579751023243716, -35.018561321794778 ], [ 150.579749982328934, -35.018552399062308 ], [ 150.579748910723964, -35.01854347661893 ], [ 150.579747817242975, -35.018534552837565 ], [ 150.57974670840369, -35.018525629651222 ], [ 150.579745594115451, -35.018516705454658 ], [ 150.579744483112819, -35.018507781323642 ], [ 150.579743380844917, -35.018498858268359 ], [ 150.579742298316177, -35.01848993470545 ], [ 150.57974124316604, -35.018481011688827 ], [ 150.579740223033895, -35.01847209027239 ], [ 150.579739246733908, -35.018463168829072 ], [ 150.579738321905438, -35.018454248412773 ], [ 150.579737457283017, -35.018445330099233 ], [ 150.579736660585723, -35.018436412239545 ], [ 150.579735940521488, -35.018427496810411 ], [ 150.579735304809333, -35.018418582162909 ], [ 150.579734763278879, -35.018409669394636 ], [ 150.579734321379249, -35.018400759515799 ], [ 150.579733990114875, -35.018391850943033 ], [ 150.579733767786138, -35.018382518151142 ], [ 150.579733674817902, -35.018373517876455 ], [ 150.579733701219283, -35.018364519983599 ], [ 150.579733848058851, -35.018355525395357 ], [ 150.579734112104319, -35.01834653224428 ], [ 150.579734495519261, -35.018337541475027 ], [ 150.579734996086898, -35.018328553944812 ], [ 150.57973561495541, -35.018319567873611 ], [ 150.579736349907932, -35.018310584118673 ], [ 150.579737203108124, -35.018301603624629 ], [ 150.579738171323726, -35.018292624524015 ], [ 150.579739256718312, -35.018283647761507 ], [ 150.579740457075047, -35.018274674194309 ], [ 150.579741772447079, -35.018265702020564 ], [ 150.579743202807776, -35.018256732141182 ], [ 150.57974474813048, -35.018247765457097 ], [ 150.579746407373193, -35.018238800144587 ], [ 150.579748179414196, -35.018229837082743 ], [ 150.579750065322031, -35.018220877194324 ], [ 150.579752064054588, -35.018211918655588 ], [ 150.57975348116355, -35.018205851227684 ], [ 150.579755587479667, -35.018197183304181 ], [ 150.579757775930204, -35.018188517019468 ], [ 150.579760033373589, -35.018179852111331 ], [ 150.579762347736732, -35.018171189240306 ], [ 150.579764704836066, -35.018162526320495 ], [ 150.57976709259853, -35.018153864012419 ], [ 150.57976949569229, -35.018145202010196 ], [ 150.579771902070888, -35.018136540073435 ], [ 150.579774298592753, -35.018127877939953 ], [ 150.579776671021136, -35.018119215325648 ], [ 150.579779007309668, -35.018110551990191 ], [ 150.5797812932216, -35.018101887649493 ], [ 150.579783516710506, -35.018093222063222 ], [ 150.579785662444579, -35.018084554925444 ], [ 150.579787718350872, -35.018075886896753 ], [ 150.57978967243605, -35.018067215934934 ], [ 150.57979150934176, -35.018058542634982 ], [ 150.579793215926514, -35.018049866734714 ], [ 150.579794780143914, -35.018041187993774 ], [ 150.579796187757267, -35.018032506128115 ], [ 150.579797518547565, -35.018023159251591 ], [ 150.579798624658167, -35.01801418560575 ], [ 150.5797995763551, -35.018005208878897 ], [ 150.579800387875167, -35.017996229355106 ], [ 150.579801071264797, -35.017987247274753 ], [ 150.579801639665646, -35.01797826290003 ], [ 150.57980210731435, -35.017969276515004 ], [ 150.579802486283995, -35.017960287459111 ], [ 150.579802789663006, -35.017951297796429 ], [ 150.57980303061953, -35.017942306888237 ], [ 150.579803223390257, -35.017933315018588 ], [ 150.579803380021673, -35.017924322427845 ], [ 150.579803513655236, -35.017915329378233 ], [ 150.579803638527693, -35.017906336153807 ], [ 150.579803766685473, -35.017897342994907 ], [ 150.579803911270034, -35.017888350163766 ], [ 150.579804085423007, -35.017879357922574 ], [ 150.579804302285879, -35.01787036653355 ], [ 150.579804576095341, -35.017861376280749 ], [ 150.579804918897707, -35.017852387404531 ], [ 150.579805377274511, -35.017842749075356 ], [ 150.579805901442825, -35.017833778241275 ], [ 150.57980652855295, -35.017824809461146 ], [ 150.579807268461025, -35.017815842931633 ], [ 150.579808133213419, -35.017806878893069 ], [ 150.579809131571068, -35.017797917520241 ], [ 150.579810275580343, -35.017788959053547 ], [ 150.579811572907118, -35.017780003645896 ], [ 150.579813036692798, -35.017771051559514 ], [ 150.579814674603313, -35.017762102947351 ], [ 150.579816498711466, -35.017753157148775 ], [ 150.579818518820275, -35.017744216162356 ], [ 150.579820744812338, -35.017735279283748 ], [ 150.579823187638908, -35.017726346731493 ], [ 150.579825856060864, -35.017717418680341 ], [ 150.579828763219638, -35.017708495392498 ], [ 150.579831915685986, -35.01769957699905 ], [ 150.579835326601255, -35.017690663762167 ], [ 150.579839005821583, -35.017681755878478 ], [ 150.57984296210779, -35.017672853522768 ], [ 150.579848435658278, -35.017661473564949 ], [ 150.579852331474939, -35.017653878929131 ], [ 150.579856406891366, -35.017646287876566 ], [ 150.579860647670927, -35.0176387001232 ], [ 150.579865041714072, -35.017631117230529 ], [ 150.579869577027495, -35.017623537156311 ], [ 150.57987423934793, -35.017615960517411 ], [ 150.579879017724181, -35.017608387095315 ], [ 150.579883897892984, -35.017600817506903 ], [ 150.579888867834512, -35.017593250610872 ], [ 150.579893914407251, -35.017585686145019 ], [ 150.579899025511679, -35.017578125670845 ], [ 150.579904188059459, -35.017570567124274 ], [ 150.57990938888247, -35.017563011144048 ], [ 150.579914615934314, -35.017555457489799 ], [ 150.57991985714213, -35.017547906822145 ], [ 150.57992509829586, -35.017540357956079 ], [ 150.579930327322529, -35.017532811552201 ], [ 150.579935532175824, -35.017525267370161 ], [ 150.57994069861914, -35.017517725125913 ], [ 150.579945815727797, -35.017510183700082 ], [ 150.57995086921207, -35.017502644610452 ], [ 150.579955847025616, -35.017495107616718 ], [ 150.579962907588396, -35.01748419832925 ], [ 150.579968150593317, -35.017475954468686 ], [ 150.579973281455551, -35.017467797615488 ], [ 150.579978298017693, -35.01745976378524 ], [ 150.579983199190963, -35.017451889916266 ], [ 150.579987981696235, -35.017444212903229 ], [ 150.579992643376187, -35.017436768761684 ], [ 150.579997184237101, -35.017429594451862 ], [ 150.58000159990479, -35.017422726846519 ], [ 150.580005889317107, -35.017416201983096 ], [ 150.580010051385159, -35.017410056799932 ], [ 150.580014081734873, -35.017404328169846 ], [ 150.580017981467677, -35.017399053074882 ], [ 150.580021745140868, -35.017394267465058 ], [ 150.580025373855932, -35.017390008322401 ], [ 150.580028864360401, -35.017386311640657 ], [ 150.580032213348716, -35.017383215215411 ], [ 150.580035420880364, -35.017380754204972 ], [ 150.580038483623213, -35.017378967305895 ], [ 150.580041400568092, -35.017377888753671 ], [ 150.580044168382926, -35.017377557244856 ], [ 150.580046887294145, -35.017378029768395 ], [ 150.580049509978778, -35.017379350453403 ], [ 150.58005196540708, -35.017381475513943 ], [ 150.580054252743309, -35.01738435895868 ], [ 150.580056374383901, -35.01738795666364 ], [ 150.580058331630198, -35.017392224483018 ], [ 150.580060126931784, -35.017397116490983 ], [ 150.580061760468283, -35.017402589420826 ], [ 150.580063233594132, -35.017408597324874 ], [ 150.580064548679161, -35.017415096980095 ], [ 150.580065705956088, -35.017422043317886 ], [ 150.580066708943036, -35.017429391335199 ], [ 150.580067556751004, -35.017437096842542 ], [ 150.580068250707853, -35.017445114793148 ], [ 150.580068794331595, -35.017453400183996 ], [ 150.580069187801854, -35.017461909748306 ], [ 150.580069432446436, -35.017470598439381 ], [ 150.580069530714809, -35.017479420331362 ], [ 150.580069481691481, -35.01748833213567 ], [ 150.580069289963063, -35.017497289772038 ], [ 150.580068912067276, -35.017507210064529 ], [ 150.580068435753248, -35.017516082694371 ], [ 150.580067840250223, -35.01752490967602 ], [ 150.58006713498304, -35.017533668660874 ], [ 150.580066331593429, -35.017542336443107 ], [ 150.580065440521764, -35.017550893398791 ], [ 150.580064470150887, -35.017559315355612 ], [ 150.580063430947774, -35.017567581788704 ], [ 150.580062335649245, -35.017575669514045 ], [ 150.580061191436897, -35.017583557941286 ], [ 150.580060009952433, -35.017591223864585 ], [ 150.580058801689376, -35.017598645858115 ], [ 150.580057576072704, -35.017605801573296 ], [ 150.580056344690973, -35.017612669606166 ], [ 150.580055115874131, -35.017619227586309 ], [ 150.580053901210761, -35.017625454109783 ], [ 150.580052711247532, -35.017631325948877 ], [ 150.580051555382823, -35.017636821655969 ], [ 150.580050444083668, -35.017641920706211 ], [ 150.580049386828136, -35.017646598949128 ], [ 150.58003875775259, -35.017676526464726 ], [ 150.580013115967887, -35.017706215762068 ], [ 150.580009050776994, -35.017710709591213 ], [ 150.580005317565309, -35.017714870191341 ], [ 150.580001372373488, -35.017719307819114 ], [ 150.579997229889671, -35.017724007442659 ], [ 150.579992909023048, -35.01772895952309 ], [ 150.579988424435129, -35.017734149929488 ], [ 150.579983796209945, -35.017739566442003 ], [ 150.579979040051001, -35.017745196753431 ], [ 150.579974172730431, -35.017751029479335 ], [ 150.579969212195095, -35.01775705055433 ], [ 150.579964175217185, -35.017763248593972 ], [ 150.579959078595294, -35.017769611312929 ], [ 150.579953939128131, -35.017776126425815 ], [ 150.579948775831184, -35.01778278079005 ], [ 150.579943604408072, -35.01778956209845 ], [ 150.579938441657504, -35.017796458065639 ], [ 150.57993330544673, -35.017803457329094 ], [ 150.579928212627607, -35.017810545801566 ], [ 150.579923181067414, -35.017817712120532 ], [ 150.579918227564974, -35.017824944000644 ], [ 150.579913367850423, -35.017832228233779 ], [ 150.579908620886187, -35.017839553479263 ], [ 150.579904002402543, -35.017846906528973 ], [ 150.579899530293375, -35.017854275119426 ], [ 150.579896577075601, -35.017859296852116 ], [ 150.579891661388871, -35.017867959208509 ], [ 150.579886970202381, -35.017876626043901 ], [ 150.57988250351616, -35.017885297358319 ], [ 150.579878260235233, -35.017893973129958 ], [ 150.579874240333027, -35.017902654259757 ], [ 150.579870443862745, -35.017911338945879 ], [ 150.57986686970284, -35.017920028067429 ], [ 150.579863516758138, -35.017928721602587 ], [ 150.579860385002235, -35.01793742045232 ], [ 150.579857475583395, -35.017946122836605 ], [ 150.579854786284898, -35.017954829612719 ], [ 150.57985231601171, -35.017963540758785 ], [ 150.579850066954094, -35.017972256318579 ], [ 150.579848035800239, -35.017980977127451 ], [ 150.579846223698382, -35.017989701405433 ], [ 150.579844630622091, -35.017998430053439 ], [ 150.57984325438116, -35.018007163027804 ], [ 150.579842096044246, -35.018015901251303 ], [ 150.579841154569351, -35.018024642900251 ], [ 150.579840429930044, -35.01803338887558 ], [ 150.579839796308789, -35.018044957349851 ], [ 150.579839544518336, -35.018053832654431 ], [ 150.579839476736311, -35.018062710728955 ], [ 150.579839578699534, -35.018071592190296 ], [ 150.579839831790792, -35.018080476667002 ], [ 150.579840221773424, -35.018089363875035 ], [ 150.579840732220532, -35.018098253486606 ], [ 150.579841346705166, -35.018107145173971 ], [ 150.579842048800401, -35.018116038609371 ], [ 150.579842822052768, -35.018124934365979 ], [ 150.579843651183467, -35.018133830336041 ], [ 150.579844519739055, -35.018142727092687 ], [ 150.579845412387698, -35.018151624330045 ], [ 150.57984631160727, -35.018160521698491 ], [ 150.579847200970761, -35.018169418870279 ], [ 150.579848066241482, -35.018178315561336 ], [ 150.579848889870732, -35.018187212323006 ], [ 150.579849656579796, -35.018196107047501 ], [ 150.579850349915063, -35.018205000307994 ], [ 150.579850953449522, -35.018213891776739 ], [ 150.579851462833403, -35.018222966167194 ], [ 150.579851863149401, -35.018231986096524 ], [ 150.579852160522904, -35.018241003971895 ], [ 150.579852356049003, -35.018250019815163 ], [ 150.57985245410822, -35.018259033713711 ], [ 150.579852456890762, -35.018268045711245 ], [ 150.579852366560345, -35.018277056752417 ], [ 150.579852187550557, -35.018286065122737 ], [ 150.579851919834852, -35.018295071723152 ], [ 150.579851568888841, -35.018304076662908 ], [ 150.57985113471247, -35.018313079942011 ], [ 150.579850622781436, -35.018322081669702 ], [ 150.57985003419077, -35.018331081867828 ], [ 150.579849372225937, -35.018340080601938 ], [ 150.579848639077142, -35.018349077915744 ], [ 150.579847838003246, -35.018358074775719 ], [ 150.579846971247548, -35.018367069423704 ], [ 150.579846042068908, -35.018376062826157 ], [ 150.579845052657589, -35.018385055026798 ], [ 150.579844005203825, -35.018394046069339 ], [ 150.579842742090392, -35.018404330917946 ], [ 150.579841593605664, -35.01841325503915 ], [ 150.579840401341698, -35.018422177385354 ], [ 150.579839170747732, -35.018431098966744 ], [ 150.57983790617763, -35.018440020771678 ], [ 150.579836612065094, -35.018448941085644 ], [ 150.579835292764074, -35.018457860897023 ], [ 150.579833954818866, -35.018466781237834 ], [ 150.579832601567972, -35.018475700371752 ], [ 150.579831238460457, -35.018484619308978 ], [ 150.579829869850357, -35.018493539037827 ], [ 150.579828501266462, -35.018502457865736 ], [ 150.579827135967633, -35.018511376759122 ], [ 150.579825779402995, -35.018520296728234 ], [ 150.579824437101308, -35.018529216080438 ], [ 150.579823113390063, -35.018538136704997 ], [ 150.579821811607786, -35.018547056865579 ], [ 150.579820539393893, -35.018555977616138 ], [ 150.579819298912071, -35.01856489990125 ], [ 150.579818095691138, -35.018573822028358 ], [ 150.579816902767476, -35.018582989559235 ], [ 150.579815778859654, -35.018591971863962 ], [ 150.579814696540183, -35.018600955899956 ], [ 150.5798136591211, -35.018609940831794 ], [ 150.579812665533808, -35.018618925736732 ], [ 150.579811716820359, -35.018627912438447 ], [ 150.579810813007327, -35.01863690003605 ], [ 150.579809954121259, -35.018645887628587 ], [ 150.579809140109091, -35.018654877017916 ], [ 150.579808373187632, -35.018663867346831 ], [ 150.579807651166647, -35.018672858571612 ], [ 150.579806976262972, -35.018681849835041 ], [ 150.579806348423546, -35.018690842938987 ], [ 150.579805767674912, -35.018699836982506 ], [ 150.579805234043619, -35.018708831064671 ], [ 150.579804748571746, -35.018717827009219 ], [ 150.579804311285841, -35.018726823915202 ], [ 150.579803922185903, -35.018735821782606 ], [ 150.579803582393708, -35.018744819732376 ], [ 150.579803291856138, -35.018753819566356 ], [ 150.579803045234286, -35.018763002372431 ], [ 150.579802849276916, -35.018771990571572 ], [ 150.57980269017628, -35.018780955166569 ], [ 150.579802566060778, -35.018789885302489 ], [ 150.57980246963632, -35.018798768213294 ], [ 150.579802395719412, -35.018807593879451 ], [ 150.579802339206225, -35.018816349578621 ], [ 150.579802294966299, -35.01882502348937 ], [ 150.579802256774144, -35.018833603768485 ], [ 150.57980222059453, -35.01884207861638 ], [ 150.579802181270395, -35.018850437112611 ], [ 150.579802131534279, -35.018858665590173 ], [ 150.579802067297749, -35.018866754051402 ], [ 150.579801983430372, -35.018874690674885 ], [ 150.579801873759806, -35.018882461815487 ], [ 150.579801734170985, -35.018890058376471 ], [ 150.579801558518085, -35.018897465811769 ], [ 150.57980134161761, -35.01890467410184 ], [ 150.579801077243928, -35.018911671403409 ], [ 150.579800761361838, -35.018918445916981 ], [ 150.57980018943573, -35.018927995438347 ], [ 150.57979912442616, -35.01894059198748 ], [ 150.579797683408742, -35.018952376026242 ], [ 150.579795785361114, -35.018963456818113 ], [ 150.57979335369464, -35.018973941912115 ], [ 150.579790309577191, -35.018983940615414 ], [ 150.5797865752983, -35.018993561356041 ], [ 150.579782072078899, -35.019002911639262 ], [ 150.579776722208493, -35.019012099893096 ], [ 150.579770447949898, -35.019021235446438 ], [ 150.579763295697319, -35.019030305702898 ], [ 150.579757925676233, -35.019036534947141 ], [ 150.579752181903672, -35.019042841471162 ], [ 150.579746092295494, -35.019049244762677 ], [ 150.579739691258709, -35.019055767143335 ], [ 150.579733006709176, -35.019062428100867 ], [ 150.579726071958703, -35.019069249935043 ], [ 150.579718917086922, -35.019076253078239 ], [ 150.579711573241866, -35.019083458885632 ], [ 150.579704071598314, -35.019090887811444 ], [ 150.579696443330931, -35.019098560309928 ], [ 150.579688719587864, -35.019106497736281 ], [ 150.579680931517231, -35.019114721445675 ], [ 150.579673109198609, -35.019123251870525 ], [ 150.579669983970291, -35.019126746688279 ], [ 150.579664480413669, -35.019133007519073 ], [ 150.579658992790684, -35.01913935971546 ], [ 150.579653528973921, -35.019145759262756 ], [ 150.579648102364644, -35.019152160453707 ], [ 150.579642719793384, -35.01915851744991 ], [ 150.579637394581738, -35.019164787246908 ], [ 150.579632134682015, -35.019170923127248 ], [ 150.57962695234724, -35.019176881163659 ], [ 150.579621856598351, -35.019182615561512 ], [ 150.579616858619886, -35.019188081470737 ], [ 150.579611967406095, -35.019193233997626 ], [ 150.57960719414163, -35.019198028292159 ], [ 150.579602548915915, -35.019202419482447 ], [ 150.579598041845003, -35.019206361795682 ], [ 150.579593682991771, -35.019209811260943 ], [ 150.579589483567446, -35.019212722127264 ], [ 150.579585453661537, -35.019215049522785 ], [ 150.57958160226832, -35.019216748553774 ], [ 150.579577941667651, -35.019217774392054 ], [ 150.579574480880382, -35.019218081243011 ], [ 150.57957008909807, -35.019217295871705 ], [ 150.579566748405767, -35.019215648039584 ], [ 150.579563663627312, -35.019213162444871 ], [ 150.579560829644322, -35.019209901186485 ], [ 150.57955824355534, -35.019205925506157 ], [ 150.579555896983067, -35.019201296536281 ], [ 150.579553786999469, -35.019196076419504 ], [ 150.57955190736439, -35.019190328133831 ], [ 150.579550253039116, -35.019184111075383 ], [ 150.579548817783461, -35.019177488222141 ], [ 150.57954759869591, -35.019170520815806 ], [ 150.579546588441133, -35.019163271812502 ], [ 150.579545781980357, -35.019155800608345 ], [ 150.579545175237143, -35.019148171125977 ], [ 150.579544762077632, -35.019140442739641 ], [ 150.579544537330179, -35.019132679350122 ], [ 150.579544495929497, -35.019124941254475 ], [ 150.5795446316354, -35.019117291430639 ] ] ] ] } },
{ "type": "Feature", "properties": { "OBJECTID": 7, "Comments": "Operational noise contour - OpContoursBuild2040Night", "FSource": "MOTTM - noise specialists model run for Rev B", "SourceDate": 20251027.0, "Supplier": "MOTTM", "path_windows": "C:\\Users\\bri86955\\Mott MacDonald\\MGO - Moata Geospatial - JBR2HR\\01Incoming\\20251024_Noise\\Noise shp files Rev B\\Noise Rev B figures\\Metadata\\OpContours\\OpContoursBuild2040Night.shp", "path_rootname": "OpContoursBuild2040Night", "IsoValue": 70, "shapefile_type": "shapefile_polygon", "SHAPE_Length": 1174.6763597490924, "SHAPE_Area": 5064.23838307392 }, "geometry": { "type": "MultiPolygon", "coordinates": [ [ [ [ 150.579998873543673, -35.017134943820949 ], [ 150.579997566154674, -35.017125730007962 ], [ 150.579996503300663, -35.017116695957839 ], [ 150.579995648858329, -35.0171076173866 ], [ 150.579995000126445, -35.01709847440813 ], [ 150.579994553441537, -35.017089242609806 ], [ 150.579994305060524, -35.017079900281786 ], [ 150.579994251240208, -35.017070425714238 ], [ 150.579994388290515, -35.017060795395423 ], [ 150.579994712468334, -35.017050987615562 ], [ 150.579995220057071, -35.017040979763848 ], [ 150.579995907340106, -35.017030749229498 ], [ 150.579996771695903, -35.017020273423611 ], [ 150.579997807191148, -35.017009530592617 ], [ 150.579999012299425, -35.016998498169457 ], [ 150.580000382235596, -35.016987152620565 ], [ 150.580001914324981, -35.01697547315888 ], [ 150.58000360380899, -35.016963435349901 ], [ 150.580005446891334, -35.016951019285649 ], [ 150.580007441003602, -35.016938200575325 ], [ 150.580009581307479, -35.016924957487241 ], [ 150.580011153379644, -35.016915490116226 ], [ 150.580012312526577, -35.016908618838947 ], [ 150.58001349970263, -35.016901651664128 ], [ 150.580014714748359, -35.016894593997336 ], [ 150.580015952081965, -35.016887449333097 ], [ 150.580017212612688, -35.016880223999792 ], [ 150.580018490679009, -35.016872924194729 ], [ 150.580019786148142, -35.01686555442258 ], [ 150.580021095548858, -35.016858120924347 ], [ 150.580022415462963, -35.016850628139153 ], [ 150.580023744609491, -35.016843082351699 ], [ 150.580025080665365, -35.016835488022956 ], [ 150.58002642013281, -35.016827852294867 ], [ 150.580027760741928, -35.016820177826546 ], [ 150.580029100063484, -35.016812472682702 ], [ 150.580030435774432, -35.016804741324314 ], [ 150.58003176555178, -35.016796988212363 ], [ 150.580033085897696, -35.016789220488782 ], [ 150.580034394489218, -35.016781442614544 ], [ 150.580035690098413, -35.016773659072491 ], [ 150.580036969200961, -35.016765877905506 ], [ 150.580038228431818, -35.016758101750803 ], [ 150.58003946757853, -35.016750337815921 ], [ 150.58004068212793, -35.016742590518113 ], [ 150.580041869730394, -35.016734865219291 ], [ 150.58004302800984, -35.016727168182321 ], [ 150.580044155711789, -35.016719504790956 ], [ 150.580045249391617, -35.016711880385259 ], [ 150.580046305631186, -35.016704299404367 ], [ 150.5800473231495, -35.016696768132988 ], [ 150.580048298501879, -35.016689291911192 ], [ 150.580049230433957, -35.016681876122732 ], [ 150.580050115527513, -35.016674525206753 ], [ 150.580050950284857, -35.016667246305175 ], [ 150.580051734573203, -35.016660043922691 ], [ 150.580052463852752, -35.016652923377514 ], [ 150.580053136842565, -35.016645890954351 ], [ 150.580053749029361, -35.01663895107049 ], [ 150.58005430134898, -35.016632109153363 ], [ 150.580054788166535, -35.016625370499376 ], [ 150.580055777682844, -35.01660774857266 ], [ 150.580056229198419, -35.016595256065415 ], [ 150.580056471722941, -35.016583162343522 ], [ 150.580056527636742, -35.016571451627115 ], [ 150.580056420309006, -35.016560111761883 ], [ 150.580056173162063, -35.016549128791716 ], [ 150.580055808523127, -35.016538488738583 ], [ 150.580055350856412, -35.01652817947005 ], [ 150.580054821447078, -35.01651818518441 ], [ 150.580054243690881, -35.016508492826411 ], [ 150.580053642051951, -35.016499090263643 ], [ 150.580053037788929, -35.016489962595315 ], [ 150.580052455419121, -35.016481095887087 ], [ 150.58005191721648, -35.016472477962864 ], [ 150.580051446629767, -35.016464093965538 ], [ 150.580051065986055, -35.016455929917086 ], [ 150.580050798654412, -35.016447973663247 ], [ 150.580050669152172, -35.016440211269689 ], [ 150.580050697616031, -35.016432628714739 ], [ 150.580050909658496, -35.016425212085885 ], [ 150.580051426597436, -35.016416559321165 ], [ 150.580052454815586, -35.016406174224912 ], [ 150.580053898481509, -35.016396118338442 ], [ 150.580055739084429, -35.016386387686573 ], [ 150.580057960224224, -35.016376981040644 ], [ 150.580060544432115, -35.016367896249186 ], [ 150.580063473117747, -35.016359132039845 ], [ 150.58006672774394, -35.016350685338367 ], [ 150.580070293005605, -35.016342554937928 ], [ 150.580074150339016, -35.016334738665229 ], [ 150.580078281206937, -35.016327233446027 ], [ 150.580082669182787, -35.01632003895255 ], [ 150.580087296824473, -35.016313152132476 ], [ 150.580092144473127, -35.01630657079059 ], [ 150.580101764079103, -35.016295009400807 ], [ 150.580109027582949, -35.016287210597341 ], [ 150.580116657838857, -35.016279571457559 ], [ 150.580124660562547, -35.016271935240553 ], [ 150.58013303703612, -35.016264146919838 ], [ 150.580141792975184, -35.016256049754439 ], [ 150.580150930783333, -35.016247487838804 ], [ 150.580160452837589, -35.016238306168276 ], [ 150.580170365921816, -35.016228348924656 ], [ 150.580180671397358, -35.01621745837862 ], [ 150.580185695230739, -35.016211925345267 ], [ 150.58019054008949, -35.016206441927757 ], [ 150.580195428209123, -35.016200754740495 ], [ 150.580200339532439, -35.016194875102393 ], [ 150.5802052573938, -35.016188810794183 ], [ 150.580210161762693, -35.016182572233852 ], [ 150.58021503378319, -35.016176167158434 ], [ 150.580219855588467, -35.016169606930561 ], [ 150.580224608296049, -35.016162900188171 ], [ 150.580229274145381, -35.016156054690207 ], [ 150.580233831984117, -35.016149081733715 ], [ 150.580238266215332, -35.016141990022248 ], [ 150.580242556834975, -35.016134789072865 ], [ 150.580246684960798, -35.016127487523555 ], [ 150.580250632752467, -35.016120095836044 ], [ 150.580254380259106, -35.01611262172554 ], [ 150.580257910735583, -35.016105075675576 ], [ 150.580261204177958, -35.016097467203274 ], [ 150.580264241730475, -35.016089804045656 ], [ 150.580267006621455, -35.016082097587265 ], [ 150.580269477778472, -35.016074356422372 ], [ 150.580271638509458, -35.0160665892327 ], [ 150.580273468810532, -35.016058805535302 ], [ 150.580274699920466, -35.016052502711048 ], [ 150.580276039194899, -35.016043831191489 ], [ 150.580276998467866, -35.016035152091511 ], [ 150.580277605117089, -35.016026465957239 ], [ 150.580277887615381, -35.016017773356715 ], [ 150.580277876625757, -35.016009074901561 ], [ 150.580277599525857, -35.016000371137949 ], [ 150.580277085883608, -35.015991662655701 ], [ 150.580276364171738, -35.01598295002281 ], [ 150.580275463958174, -35.015974233829091 ], [ 150.58027441262044, -35.015965514620682 ], [ 150.580273239753041, -35.015956792086477 ], [ 150.580271974870612, -35.015948068618179 ], [ 150.58027064537734, -35.015939343860978 ], [ 150.580269281936097, -35.015930618426545 ], [ 150.580267910829377, -35.015921892839188 ], [ 150.580266563815115, -35.015913167732407 ], [ 150.580265268270921, -35.01590444365236 ], [ 150.580264052669435, -35.015895721167013 ], [ 150.580262946578358, -35.015887000866215 ], [ 150.580261979565421, -35.015878283339802 ], [ 150.580261124847368, -35.015868990214393 ], [ 150.580260469004799, -35.01585997600305 ], [ 150.580259978522719, -35.015850965090394 ], [ 150.580259645735282, -35.015841957323467 ], [ 150.580259462950181, -35.015832953450328 ], [ 150.580259422554832, -35.015823951516154 ], [ 150.580259519047047, -35.015814952312653 ], [ 150.580259744734576, -35.015805956587862 ], [ 150.580260092004721, -35.015796962386965 ], [ 150.580260554260349, -35.015787970479835 ], [ 150.580261124930757, -35.015778980735391 ], [ 150.580261796323697, -35.01576999390165 ], [ 150.580262560826526, -35.015761008023809 ], [ 150.580263412937171, -35.01575202389359 ], [ 150.580264343868208, -35.015743042237162 ], [ 150.580265348197258, -35.015734061143405 ], [ 150.580266417136897, -35.015725081338516 ], [ 150.580267545211655, -35.015716102713235 ], [ 150.580268723634163, -35.015707125993742 ], [ 150.580269946981986, -35.015698149268957 ], [ 150.580271395078427, -35.01568786719875 ], [ 150.580272689746153, -35.015678924349352 ], [ 150.580274018249014, -35.015669948820658 ], [ 150.580275379969834, -35.015660924373996 ], [ 150.580276773143254, -35.01565183655071 ], [ 150.580278196083555, -35.015642668189329 ], [ 150.580279649215612, -35.015633404874883 ], [ 150.580281128636926, -35.015624030303158 ], [ 150.58028263589398, -35.015614529180091 ], [ 150.580284168152929, -35.015604886124265 ], [ 150.580285723701451, -35.015595084875123 ], [ 150.580287301895822, -35.015585110094911 ], [ 150.580288902092406, -35.015574946445923 ], [ 150.580290522578821, -35.015564577667568 ], [ 150.580292161616342, -35.015553988400299 ], [ 150.580293818534614, -35.015543164207287 ], [ 150.580295491674576, -35.015532087026138 ], [ 150.580297180339272, -35.015520743320948 ], [ 150.58029888281655, -35.015509116831211 ], [ 150.580300597394086, -35.015497191296397 ], [ 150.580301872037694, -35.015488184042859 ], [ 150.580302894228396, -35.015480901664851 ], [ 150.58030392334831, -35.015473532884421 ], [ 150.580304962443734, -35.015466085875488 ], [ 150.580306012291203, -35.015458571471129 ], [ 150.580307075910412, -35.015450998746232 ], [ 150.580308153035844, -35.015443376710166 ], [ 150.580309245565587, -35.015435715316897 ], [ 150.580310356519419, -35.015428023641306 ], [ 150.580311486673793, -35.015420312516483 ], [ 150.580312637979915, -35.015412590094506 ], [ 150.580313812309328, -35.01540486723033 ], [ 150.580315010491631, -35.01539715295511 ], [ 150.580316235546547, -35.015389456343769 ], [ 150.580317488277075, -35.015381787328423 ], [ 150.580318769512843, -35.015374154940254 ], [ 150.580320082220425, -35.015366570056059 ], [ 150.580321428351056, -35.01535904082791 ], [ 150.580322808681245, -35.015351578088897 ], [ 150.580324225162173, -35.015344189991126 ], [ 150.580325678570262, -35.015336887367646 ], [ 150.580327171925319, -35.015329679293373 ], [ 150.580328707151949, -35.015322574821333 ], [ 150.580330283931602, -35.015315584762746 ], [ 150.580331906405632, -35.015308717313417 ], [ 150.58033357428198, -35.015301982383633 ], [ 150.580335290553819, -35.015295389949223 ], [ 150.580337056024234, -35.01528894994231 ], [ 150.580338872644376, -35.015282670514992 ], [ 150.580340741190724, -35.015276562500361 ], [ 150.580342665778176, -35.015270634995105 ], [ 150.580344646114639, -35.015264897909582 ], [ 150.580346683029688, -35.015259360274918 ], [ 150.580348780638161, -35.015254031187887 ], [ 150.580358256932101, -35.015233867838184 ], [ 150.580365593758017, -35.015221457681243 ], [ 150.580373343266444, -35.015210399840235 ], [ 150.580381448494052, -35.015200433556849 ], [ 150.580389850207553, -35.015191300731914 ], [ 150.580398492565081, -35.01518273972809 ], [ 150.580407317401807, -35.015174493368995 ], [ 150.580416265563883, -35.015166300852684 ], [ 150.580425278965976, -35.015157902300032 ], [ 150.580434301659551, -35.015149039677425 ], [ 150.580443273422077, -35.015139451260211 ], [ 150.580446118530176, -35.015136196929276 ], [ 150.580450791169426, -35.015130605493688 ], [ 150.580455415419095, -35.015124759780974 ], [ 150.580459982146721, -35.015118672229512 ], [ 150.580464480003087, -35.015112356134885 ], [ 150.580468897692072, -35.015105822990826 ], [ 150.58047322717627, -35.015099085257567 ], [ 150.580477454916377, -35.015092156186995 ], [ 150.580481570711385, -35.015085047294711 ], [ 150.580485565402313, -35.015077771920026 ], [ 150.58048942659795, -35.015070341534823 ], [ 150.580493144070857, -35.015062768555637 ], [ 150.580496708661997, -35.015055066321771 ], [ 150.580500106858636, -35.015047247184206 ], [ 150.580503329528398, -35.015039323581341 ], [ 150.580506365375186, -35.015031307006907 ], [ 150.580509205240133, -35.015023210800202 ], [ 150.580511836732086, -35.015015046433156 ], [ 150.580514249570541, -35.015006828124157 ], [ 150.580516432485979, -35.014998566466005 ], [ 150.580518376293014, -35.014990275698977 ], [ 150.580520068627067, -35.014981966394018 ], [ 150.580521890240817, -35.014971129254839 ], [ 150.580523078223422, -35.014962235656654 ], [ 150.580524009928126, -35.014953337848176 ], [ 150.580524706214817, -35.014944434442555 ], [ 150.580525185646991, -35.014935527612998 ], [ 150.580525467989446, -35.014926615950827 ], [ 150.580525571805651, -35.014917701629201 ], [ 150.580525517955465, -35.014908783261298 ], [ 150.580525326097415, -35.014899863042139 ], [ 150.580525013779578, -35.014890940420287 ], [ 150.580524601835208, -35.014882014909801 ], [ 150.580524108827717, -35.014873088683878 ], [ 150.580523554521875, -35.014864160333822 ], [ 150.580522958576182, -35.014855232054693 ], [ 150.580522339660234, -35.014846302415904 ], [ 150.580521718527649, -35.01483737363435 ], [ 150.580521113848022, -35.014828444279502 ], [ 150.580520544184736, -35.01481951652454 ], [ 150.580520030397537, -35.014810588982613 ], [ 150.580519591049836, -35.014801663826908 ], [ 150.580519237464529, -35.014792579921007 ], [ 150.58051898052554, -35.014783562848301 ], [ 150.580518817737527, -35.014774548554982 ], [ 150.580518746963349, -35.014765535195494 ], [ 150.580518767054826, -35.014756524549881 ], [ 150.580518875848327, -35.014747515673513 ], [ 150.580519072275251, -35.014738507643585 ], [ 150.58051935628248, -35.014729502262007 ], [ 150.580519724611264, -35.014720498562284 ], [ 150.580520177288122, -35.014711495643482 ], [ 150.580520713164873, -35.014702495285647 ], [ 150.580521328982769, -35.014693496522298 ], [ 150.58052202586336, -35.014684498474345 ], [ 150.580522800468344, -35.01467550287812 ], [ 150.580523652824184, -35.014666508832704 ], [ 150.580524580767303, -35.014657515393445 ], [ 150.580525582054349, -35.014648524318545 ], [ 150.580526657806928, -35.014639534728921 ], [ 150.580527804766319, -35.014630545658079 ], [ 150.580529022879432, -35.014621558907905 ], [ 150.580530599374754, -35.01461059878681 ], [ 150.580531942638544, -35.014601715496902 ], [ 150.580533337397554, -35.014592832332632 ], [ 150.580534775933046, -35.014583950942956 ], [ 150.580536250632548, -35.014575069373088 ], [ 150.580537753803867, -35.014566188371077 ], [ 150.580539277754866, -35.014557308684971 ], [ 150.580540815968106, -35.014548428381829 ], [ 150.580542360724905, -35.014539549110644 ], [ 150.580543904412821, -35.014530668916628 ], [ 150.58054543933963, -35.014521788547825 ], [ 150.580546958908343, -35.01451290877413 ], [ 150.58054845550646, -35.014504027640768 ], [ 150.580549920320209, -35.014495146774863 ], [ 150.580551347927297, -35.014486264265344 ], [ 150.580552729540472, -35.014477380838422 ], [ 150.580554058562797, -35.014468497263969 ], [ 150.580555327381688, -35.014459611587213 ], [ 150.580556528278549, -35.014450725457181 ], [ 150.580557653640938, -35.014441836919033 ], [ 150.580558710849175, -35.014432844254451 ], [ 150.580559688919152, -35.014423859927511 ], [ 150.580560595304036, -35.014414891298586 ], [ 150.580561434145238, -35.014405946563471 ], [ 150.580562212789772, -35.01439703668629 ], [ 150.580562936500712, -35.014388168983729 ], [ 150.580563610488014, -35.014379352574366 ], [ 150.580564243220238, -35.014370597543255 ], [ 150.580564837796857, -35.014361910262451 ], [ 150.580565401538365, -35.014353302597009 ], [ 150.580565939734271, -35.014344780962716 ], [ 150.580566459758131, -35.014336355422728 ], [ 150.580566966846447, -35.014328034194698 ], [ 150.580567466209175, -35.014319826397177 ], [ 150.580567964151243, -35.014311741170616 ], [ 150.580568466977724, -35.014303787655365 ], [ 150.580568979925062, -35.0142959740691 ], [ 150.580569510419878, -35.014288308673123 ], [ 150.580570062523947, -35.014280802366031 ], [ 150.580570643716953, -35.014273461607267 ], [ 150.5805720177392, -35.014258291209366 ], [ 150.580573209527017, -35.014247334231335 ], [ 150.580574570593456, -35.014236805219753 ], [ 150.580576133173537, -35.014226688591201 ], [ 150.580577931692687, -35.01421696880589 ], [ 150.580579999454585, -35.014207631203178 ], [ 150.580582370884429, -35.014198660243324 ], [ 150.580585078190893, -35.014190041243765 ], [ 150.580588155799234, -35.014181758664741 ], [ 150.580591638108103, -35.014173797867421 ], [ 150.58059555628418, -35.014166142345545 ], [ 150.580599945768114, -35.014158779283946 ], [ 150.580602645262047, -35.014154738670406 ], [ 150.580608178014103, -35.014147286629452 ], [ 150.580614242867313, -35.014139997548646 ], [ 150.580620813095038, -35.014132774438096 ], [ 150.580627859860158, -35.014125517561325 ], [ 150.580635354298977, -35.014118128082863 ], [ 150.580643269737891, -35.014110507210894 ], [ 150.580651576244634, -35.014102555187165 ], [ 150.580660246023882, -35.014094174098958 ], [ 150.580669251333404, -35.014085264231689 ], [ 150.580678563309306, -35.014075726749887 ], [ 150.580688155251266, -35.014065463762677 ], [ 150.580692849538337, -35.014060250461064 ], [ 150.580697805309399, -35.014054604262235 ], [ 150.580702789730907, -35.014048766622452 ], [ 150.580707787179733, -35.01404274714627 ], [ 150.580712780964177, -35.014036554515435 ], [ 150.580717753324052, -35.014030196488918 ], [ 150.580722687514623, -35.014023683550342 ], [ 150.580727565802221, -35.014017022557752 ], [ 150.580732372537227, -35.01401022401663 ], [ 150.580737089959399, -35.01400329568596 ], [ 150.580741700255572, -35.013996247126585 ], [ 150.580746187855709, -35.013989086141187 ], [ 150.580750534946588, -35.013981822290653 ], [ 150.580754723741535, -35.013974464234906 ], [ 150.580758738670539, -35.013967019776601 ], [ 150.58076256298898, -35.013959499399434 ], [ 150.58076617674655, -35.01395191081869 ], [ 150.580769566536986, -35.013944262781692 ], [ 150.580772713451921, -35.013936564827468 ], [ 150.580775599731396, -35.013928824715016 ], [ 150.580778210847399, -35.013921052070756 ], [ 150.580780526823219, -35.013913255510943 ], [ 150.580782533183992, -35.013905442860093 ], [ 150.580783517047053, -35.013901057922013 ], [ 150.58078518539233, -35.013892296498511 ], [ 150.580786483601543, -35.013883527693118 ], [ 150.580787436834981, -35.013874752909118 ], [ 150.580788071427747, -35.013865970868807 ], [ 150.58078841582531, -35.013857183040933 ], [ 150.58078849518796, -35.013848390828784 ], [ 150.580788335850627, -35.013839592954625 ], [ 150.580787965163779, -35.013830790865384 ], [ 150.580787409409311, -35.013821985085244 ], [ 150.580786694842431, -35.013813177039239 ], [ 150.580785847798182, -35.013804365449715 ], [ 150.58078489672198, -35.0137955517854 ], [ 150.580783865678882, -35.013786737427701 ], [ 150.580782783194024, -35.013777921142598 ], [ 150.580781674427556, -35.013769104333335 ], [ 150.5807805667298, -35.013760288446825 ], [ 150.58077948753072, -35.013751472227206 ], [ 150.580778460895345, -35.013742657055872 ], [ 150.580777516364122, -35.013733844423449 ], [ 150.580776678081747, -35.013725033008548 ], [ 150.580775946233558, -35.013715919020996 ], [ 150.580775359592337, -35.013706897174472 ], [ 150.580774906550175, -35.013697877992385 ], [ 150.580774584916838, -35.013688861431056 ], [ 150.580774390311944, -35.013679847403125 ], [ 150.580774320545402, -35.013670835864907 ], [ 150.580774371236828, -35.01366182672907 ], [ 150.580774540196046, -35.013652819951886 ], [ 150.580774823069277, -35.013643814545105 ], [ 150.580775217613223, -35.013634812266893 ], [ 150.580775719474133, -35.013625812128957 ], [ 150.580776327556862, -35.013616814109433 ], [ 150.580777036386053, -35.013607818099153 ], [ 150.580777843771529, -35.013598824054419 ], [ 150.580778746428024, -35.013589831909712 ], [ 150.580779739975213, -35.013580841577664 ], [ 150.58078082331798, -35.013571853036439 ], [ 150.580781992076083, -35.013562866198676 ], [ 150.580783242964202, -35.013553880998835 ], [ 150.580784572697127, -35.013544897371425 ], [ 150.580786368169157, -35.013533494484577 ], [ 150.580787834433664, -35.013524637080764 ], [ 150.580789353287713, -35.013515779824274 ], [ 150.580790915917675, -35.013506924342252 ], [ 150.580792512520986, -35.013498068636281 ], [ 150.580794134283991, -35.013489214333497 ], [ 150.580795771404098, -35.013480359435491 ], [ 150.580797416162739, -35.013471505591234 ], [ 150.580799057662347, -35.013462650780482 ], [ 150.580800688184269, -35.013453796652236 ], [ 150.58080229683091, -35.013444941186208 ], [ 150.580803875883731, -35.013436086031405 ], [ 150.580805415540169, -35.013427229189396 ], [ 150.580806905891563, -35.013418372265527 ], [ 150.5808083393255, -35.013409513305021 ], [ 150.580809704838202, -35.013400653891388 ], [ 150.580810994817341, -35.013391792069861 ], [ 150.580812199354199, -35.013382929445775 ], [ 150.58081330864627, -35.013374064020702 ], [ 150.580814314974987, -35.013365197443655 ], [ 150.580815237573233, -35.013356048840961 ], [ 150.58081603584472, -35.013347066332813 ], [ 150.580816735161676, -35.013338095373172 ], [ 150.58081734628891, -35.013329142486953 ], [ 150.580817875611103, -35.013320214111758 ], [ 150.580818333840057, -35.013311318574416 ], [ 150.580818729577032, -35.01330246145524 ], [ 150.580819070275197, -35.013293650114626 ], [ 150.580819366672898, -35.013284891978437 ], [ 150.580819626276337, -35.01327619260514 ], [ 150.580819858728773, -35.01326755939882 ], [ 150.580820072604979, -35.013258998840719 ], [ 150.580820275331462, -35.01325051919212 ], [ 150.580820478821323, -35.013242125197976 ], [ 150.580820689406011, -35.013233825097721 ], [ 150.58082091566024, -35.013225625372613 ], [ 150.580821169417447, -35.013217533470382 ], [ 150.580821455993629, -35.013209554905863 ], [ 150.580821786127132, -35.013201697104897 ], [ 150.580822168366097, -35.013193967449702 ], [ 150.580822923931578, -35.013181636948211 ], [ 150.580823721811015, -35.013171254456033 ], [ 150.580824664717426, -35.013161156113348 ], [ 150.580825762267551, -35.013151350225137 ], [ 150.580827025226142, -35.013141843316326 ], [ 150.580828463209855, -35.01313264369189 ], [ 150.580830088105131, -35.013123756997665 ], [ 150.580831910597169, -35.013115192461399 ], [ 150.580833940408723, -35.013106954784313 ], [ 150.580836187103444, -35.013099054073244 ], [ 150.58083866259426, -35.013091495073084 ], [ 150.580841377566344, -35.013084287011559 ], [ 150.580844341715988, -35.013077435490857 ], [ 150.580847564659905, -35.013070948815873 ], [ 150.580852768535635, -35.013062085718659 ], [ 150.580859051347318, -35.013053122440361 ], [ 150.580865996420755, -35.01304455278742 ], [ 150.580873593421529, -35.013036095296421 ], [ 150.580881832094718, -35.013027465801102 ], [ 150.580890703200765, -35.013018382859798 ], [ 150.580900197473397, -35.013008565931798 ], [ 150.580910304657351, -35.012997730850778 ], [ 150.580921014390896, -35.012985597054168 ], [ 150.580923872839833, -35.012982221277319 ], [ 150.580928303991527, -35.01297686208806 ], [ 150.58093280285641, -35.012971250035712 ], [ 150.580937353167712, -35.01296537938704 ], [ 150.580941940822242, -35.012959245353478 ], [ 150.580946549500197, -35.012952844003721 ], [ 150.580951165151475, -35.012946168747298 ], [ 150.580955772551306, -35.012939215674727 ], [ 150.580960356501492, -35.012931979975626 ], [ 150.580964901803782, -35.012924456839556 ], [ 150.580969394381611, -35.012916640577046 ], [ 150.580973816820091, -35.012908527234934 ], [ 150.580978156137661, -35.012900111145555 ], [ 150.580982397109636, -35.01289138839946 ], [ 150.580986523469306, -35.012882353263464 ], [ 150.580990521113506, -35.012873000949014 ], [ 150.580994373749036, -35.012863326623894 ], [ 150.580998068394365, -35.012853324620437 ], [ 150.581001587608199, -35.012842991886473 ], [ 150.581004918435553, -35.012832321853381 ], [ 150.581008044556711, -35.012821310589885 ], [ 150.58101095077356, -35.012809953285625 ], [ 150.581013621914536, -35.012798244229245 ], [ 150.581015065939766, -35.012791256017145 ], [ 150.581016389979652, -35.012784360967693 ], [ 150.581017637052554, -35.012777363419225 ], [ 150.581018812474525, -35.012770268886563 ], [ 150.581019916059773, -35.012763083676276 ], [ 150.581020952055866, -35.012755812380384 ], [ 150.581021921398644, -35.012748460426323 ], [ 150.581022828255954, -35.012741035108959 ], [ 150.581023672495149, -35.012733540932985 ], [ 150.581024457215619, -35.012725984270432 ], [ 150.581025185569871, -35.01271836969152 ], [ 150.581025859535657, -35.0127107044474 ], [ 150.581026481197, -35.012702992185517 ], [ 150.581027052531653, -35.012695240157015 ], [ 150.581027576665548, -35.012687453833024 ], [ 150.581028054561074, -35.012679637740071 ], [ 150.58102849038616, -35.012671799172992 ], [ 150.581028885103109, -35.012663942658307 ], [ 150.581029240716305, -35.012656074546243 ], [ 150.581029561473287, -35.012648199428838 ], [ 150.581029847161687, -35.012640324513576 ], [ 150.581030102029104, -35.012632454392467 ], [ 150.58103032810638, -35.012624594514847 ], [ 150.581030526276237, -35.012616752110006 ], [ 150.581030699717701, -35.012608930847229 ], [ 150.581030851503641, -35.012601137999496 ], [ 150.581030983691448, -35.012593378115163 ], [ 150.581031097190362, -35.012585657522621 ], [ 150.581031196247977, -35.012577980813937 ], [ 150.58103128172047, -35.012570356119326 ], [ 150.581031355718295, -35.012562786185299 ], [ 150.581031422409382, -35.012555278306671 ], [ 150.581031481634511, -35.01254783788908 ], [ 150.581031537588075, -35.012540471326432 ], [ 150.581031592327491, -35.012533183167065 ], [ 150.581031647883634, -35.012525978860275 ], [ 150.581031706260859, -35.012518864756309 ], [ 150.581031769489954, -35.012511846304442 ], [ 150.581031840670391, -35.012504929876727 ], [ 150.581031921859505, -35.012498120021547 ], [ 150.581032123395062, -35.012484658848479 ], [ 150.581032372718141, -35.012471807117628 ], [ 150.581032673557417, -35.012459363876509 ], [ 150.581033027671509, -35.012447306623557 ], [ 150.581033436712801, -35.012435616460913 ], [ 150.581033900276338, -35.012424269942443 ], [ 150.581034421136167, -35.012413247291207 ], [ 150.581034999929244, -35.012402526884706 ], [ 150.581035638361072, -35.012392088023283 ], [ 150.581036338190302, -35.01238190820532 ], [ 150.581037100027316, -35.012371966709317 ], [ 150.581037924482615, -35.012362242813737 ], [ 150.581038814356702, -35.01235271584067 ], [ 150.581039770339686, -35.012343362365826 ], [ 150.581040793015461, -35.012334162568571 ], [ 150.581041885184561, -35.012325095771054 ], [ 150.581043046388942, -35.012316140328949 ], [ 150.581044280577288, -35.012307273784366 ], [ 150.581045586143375, -35.01229847627301 ], [ 150.581046965914283, -35.01228972621611 ], [ 150.581048833693643, -35.01227861864178 ], [ 150.581050444585316, -35.012269647827168 ], [ 150.581052128308386, -35.012260808275919 ], [ 150.581053882361147, -35.012252147715792 ], [ 150.581055703199866, -35.012243712050868 ], [ 150.581057587280839, -35.012235547185256 ], [ 150.581059531007242, -35.012227700824887 ], [ 150.58106153083537, -35.012220218873843 ], [ 150.58106358212649, -35.012213147214389 ], [ 150.581065682405438, -35.012206532673375 ], [ 150.581067829170507, -35.012200422978566 ], [ 150.581070016714449, -35.012194863089491 ], [ 150.581072242562129, -35.012189899832947 ], [ 150.581074504238387, -35.012185580035833 ], [ 150.581076796009512, -35.012181949558553 ], [ 150.58107911537374, -35.0121790561289 ], [ 150.581081459882569, -35.012176945672806 ], [ 150.58108382380226, -35.012175664050666 ], [ 150.58108620575274, -35.012175258111192 ], [ 150.581087436321383, -35.01217540344598 ], [ 150.581089798436835, -35.012176340294751 ], [ 150.5810921636172, -35.012178102947168 ], [ 150.581094524376113, -35.01218064798357 ], [ 150.581096875470365, -35.012183930226115 ], [ 150.581099208344966, -35.012187905332411 ], [ 150.581101517756764, -35.012192528124622 ], [ 150.581103796219281, -35.012197755183109 ], [ 150.581106037420767, -35.012203540407263 ], [ 150.581108234969861, -35.012209840399301 ], [ 150.581110381433177, -35.012216609937681 ], [ 150.581112469377331, -35.01222380380095 ], [ 150.581114494600996, -35.012231378634915 ], [ 150.581116447480667, -35.012239289174467 ], [ 150.581118323841622, -35.012247491164494 ], [ 150.581120115128812, -35.012255940262598 ], [ 150.5811218150304, -35.012264590368204 ], [ 150.581123417128396, -35.012273398984398 ], [ 150.581124915137565, -35.012282319109708 ], [ 150.581126302639802, -35.012291308247192 ], [ 150.581127561131268, -35.012300250640351 ], [ 150.581128684406224, -35.012309096584772 ], [ 150.581129690736503, -35.012318006905723 ], [ 150.581130579458659, -35.012327004126618 ], [ 150.581131346676983, -35.012336108903469 ], [ 150.581131990659458, -35.012345342836923 ], [ 150.581132509700439, -35.01235472662669 ], [ 150.581132900999478, -35.012364280950635 ], [ 150.581133162797897, -35.012374028310319 ], [ 150.581133293390081, -35.012383989405464 ], [ 150.581133289975583, -35.012394184913902 ], [ 150.581133149727123, -35.012404636414466 ], [ 150.581132872007743, -35.012415365529613 ], [ 150.581132454016796, -35.012426392937193 ], [ 150.581131894022207, -35.01243774023785 ], [ 150.581131188101722, -35.012449428988525 ], [ 150.581130336766421, -35.012461479031693 ], [ 150.581129336094136, -35.012473911924268 ], [ 150.581128183231044, -35.012486750145996 ], [ 150.581126877593192, -35.012500013517467 ], [ 150.581125995424458, -35.012508423728882 ], [ 150.581125243497496, -35.012515313961899 ], [ 150.581124456867684, -35.012522303565589 ], [ 150.581123639059001, -35.012529384497036 ], [ 150.581122790151085, -35.012536554053433 ], [ 150.581121912572883, -35.012543804170029 ], [ 150.581121008620698, -35.012551131286742 ], [ 150.581120080670416, -35.012558529140676 ], [ 150.581119128881255, -35.012565992326238 ], [ 150.581118157792673, -35.012573515525119 ], [ 150.581117166495432, -35.012581092408972 ], [ 150.581116158407411, -35.012588718538574 ], [ 150.58111513480938, -35.012596387629237 ], [ 150.581114098050762, -35.012604094319009 ], [ 150.581113050454348, -35.012611834146881 ], [ 150.581111992232479, -35.012619599905349 ], [ 150.581110927898067, -35.012627387177083 ], [ 150.581109856515326, -35.012635190534617 ], [ 150.581108782650233, -35.012643003758768 ], [ 150.581107706435574, -35.012650822344838 ], [ 150.581106630247149, -35.01265864002994 ], [ 150.581105556434409, -35.012666451452134 ], [ 150.581104485130055, -35.012674252106727 ], [ 150.58110342092661, -35.012682034873592 ], [ 150.581102363983376, -35.012689794347096 ], [ 150.581101316596602, -35.012697526967187 ], [ 150.581100281195319, -35.012705224669084 ], [ 150.581099257885683, -35.012712883849069 ], [ 150.581098251233726, -35.012720498287912 ], [ 150.58109726027709, -35.012728063459086 ], [ 150.581096289608382, -35.012735572242498 ], [ 150.581095339386877, -35.012743019232467 ], [ 150.581094413003882, -35.012750400890802 ], [ 150.581093510671735, -35.012757710009993 ], [ 150.581092634739889, -35.012764941228106 ], [ 150.581091787557625, -35.012772089183187 ], [ 150.581090971447878, -35.012779149414236 ], [ 150.581090186622959, -35.012786114713762 ], [ 150.581089437595807, -35.012792980664429 ], [ 150.581088723430639, -35.012799741838776 ], [ 150.58108738394543, -35.012813186630147 ], [ 150.581086206491875, -35.012826003626579 ], [ 150.581085161166158, -35.012838389652771 ], [ 150.581084236805339, -35.01285035169785 ], [ 150.581083422193529, -35.012861898552821 ], [ 150.581082706167791, -35.012873037206838 ], [ 150.581082076443636, -35.012883775528095 ], [ 150.581081524021755, -35.012894121450344 ], [ 150.581081037712664, -35.012904082863663 ], [ 150.581080605231847, -35.012913667636269 ], [ 150.58108021538979, -35.012922883658248 ], [ 150.581079858092124, -35.012931738841466 ], [ 150.581079522175884, -35.012940240175055 ], [ 150.581079196425009, -35.012948396450042 ], [ 150.581078869703134, -35.012956213754599 ], [ 150.581078530741053, -35.012963702681596 ], [ 150.581078168428945, -35.012970868418279 ], [ 150.581077771550753, -35.012977719755661 ], [ 150.581077329985419, -35.012984265506567 ], [ 150.581076832596608, -35.012990511759192 ], [ 150.581074221414639, -35.013011864088021 ], [ 150.581071463366726, -35.013025035392481 ], [ 150.581067714317754, -35.013037070019401 ], [ 150.581062767242713, -35.013048374908692 ], [ 150.581056413968327, -35.013059358780183 ], [ 150.58104844859082, -35.013070427694501 ], [ 150.581038664058099, -35.013081989492186 ], [ 150.581035705613203, -35.013085226254915 ], [ 150.581030794742929, -35.013090429844375 ], [ 150.581025578807527, -35.013095797727168 ], [ 150.581020089510702, -35.013101332338408 ], [ 150.581014356366069, -35.013107036069542 ], [ 150.581008413214448, -35.013112913201212 ], [ 150.581002291759489, -35.01311896616857 ], [ 150.58099602370504, -35.013125197406708 ], [ 150.580989639659748, -35.013131609328951 ], [ 150.580983172369343, -35.013138206194149 ], [ 150.58097665463265, -35.013144990459253 ], [ 150.580970115936793, -35.013151965416725 ], [ 150.580963590202202, -35.013159132644432 ], [ 150.580957107984545, -35.013166496357584 ], [ 150.580950702082703, -35.013174059013203 ], [ 150.58094440417392, -35.013181823947413 ], [ 150.580938244866985, -35.013189793573559 ], [ 150.58093225696075, -35.013197970348656 ], [ 150.580927770496402, -35.013204425518111 ], [ 150.580923011495031, -35.013211614454065 ], [ 150.580918405132422, -35.013218940752161 ], [ 150.580913957149306, -35.013226395512206 ], [ 150.580909672085198, -35.013233973415979 ], [ 150.580905554532819, -35.013241667343351 ], [ 150.580901607989716, -35.013249470152395 ], [ 150.580897838143557, -35.013257374744775 ], [ 150.580894249587089, -35.013265374000419 ], [ 150.580890846912951, -35.013273460799205 ], [ 150.580887634660712, -35.013281629822878 ], [ 150.580884617476073, -35.013289872149436 ], [ 150.580881798830205, -35.013298181537891 ], [ 150.580879185479262, -35.013306551812704 ], [ 150.580876780920988, -35.013314975831932 ], [ 150.58087459086957, -35.013323445596363 ], [ 150.58087261770109, -35.013331954843125 ], [ 150.58087086819836, -35.013340496495772 ], [ 150.580869345832411, -35.013349064313296 ], [ 150.580868055222595, -35.013357650274621 ], [ 150.580867002030061, -35.013366248182415 ], [ 150.580865957048843, -35.013377840020759 ], [ 150.58086542841454, -35.013386708011723 ], [ 150.580865112250081, -35.013395579338464 ], [ 150.580864993197991, -35.013404454596156 ], [ 150.580865050425501, -35.013413334270815 ], [ 150.580865266464627, -35.013422216211147 ], [ 150.58086562267269, -35.013431100946846 ], [ 150.580866101502096, -35.013439989029408 ], [ 150.580866683294659, -35.013448878263873 ], [ 150.580867350502757, -35.013457769201757 ], [ 150.580868085605346, -35.013466661493631 ], [ 150.58086886886457, -35.013475555647332 ], [ 150.580869682812391, -35.013484449511587 ], [ 150.580870509901246, -35.013493343637897 ], [ 150.580871329298134, -35.013502238512245 ], [ 150.580872124630133, -35.01351113200522 ], [ 150.580872877254507, -35.013520024646446 ], [ 150.580873568554949, -35.013528916064701 ], [ 150.580874179888752, -35.013537806789657 ], [ 150.58087469378782, -35.013546694670012 ], [ 150.58087510597889, -35.013555873498291 ], [ 150.580875390523914, -35.013564884812759 ], [ 150.580875558964834, -35.013573894713247 ], [ 150.580875610232994, -35.013582902276966 ], [ 150.580875546518598, -35.013591907547621 ], [ 150.580875370011654, -35.013600910568854 ], [ 150.580875079617101, -35.013609911318838 ], [ 150.58087467862012, -35.013618909863091 ], [ 150.580874165925593, -35.013627906179764 ], [ 150.580873544818701, -35.013636900334376 ], [ 150.580872815299415, -35.013645892326913 ], [ 150.580871978462739, -35.013654882179239 ], [ 150.580871035403788, -35.013663869913159 ], [ 150.580869988339117, -35.013672854671412 ], [ 150.580868837215661, -35.013681838255877 ], [ 150.580867584250115, -35.01369081980932 ], [ 150.580866229442364, -35.013699799331675 ], [ 150.580864773887498, -35.013708776844801 ], [ 150.580863219775637, -35.013717752392402 ], [ 150.580861568201783, -35.013726725996293 ], [ 150.580859016964638, -35.013739681460272 ], [ 150.580857196123958, -35.013748449760108 ], [ 150.580855311768573, -35.013757216793223 ], [ 150.580853375944201, -35.013765982799839 ], [ 150.580851400696702, -35.013774748020197 ], [ 150.580849399166908, -35.013783512716358 ], [ 150.58084738230562, -35.013792277106695 ], [ 150.580845362158584, -35.013801041431464 ], [ 150.580843350798261, -35.013809805029929 ], [ 150.580841359122218, -35.0138185699224 ], [ 150.580839400297947, -35.013827335469969 ], [ 150.580837486371308, -35.013836101912901 ], [ 150.580835628293045, -35.013844869469558 ], [ 150.580833839204104, -35.013853638402054 ], [ 150.5808321300552, -35.013862408928752 ], [ 150.580830512892277, -35.013871181289915 ], [ 150.580828999761138, -35.01387995572577 ], [ 150.5808276027077, -35.013888732476552 ], [ 150.580826333777793, -35.013897511782496 ], [ 150.580825203922245, -35.013906293862021 ], [ 150.580824157193859, -35.013915713132455 ], [ 150.580823311526956, -35.013924667650677 ], [ 150.580822599372794, -35.013933590575895 ], [ 150.580822011406667, -35.013942463692793 ], [ 150.580821536007477, -35.013951272346233 ], [ 150.580821161686856, -35.013959997376269 ], [ 150.580820875781825, -35.013968622303999 ], [ 150.580820668914441, -35.013977130716036 ], [ 150.580820528448214, -35.013985505232505 ], [ 150.580820443910227, -35.013993729418189 ], [ 150.580820402690478, -35.014001784992267 ], [ 150.580820394315992, -35.014009655519509 ], [ 150.580820406123706, -35.014017324521014 ], [ 150.580820428788883, -35.014024773781479 ], [ 150.580820449621797, -35.014031987722944 ], [ 150.580820457107507, -35.014038948086423 ], [ 150.580820440773124, -35.014045638436713 ], [ 150.580820387955498, -35.014052042294864 ], [ 150.580820288234747, -35.014058141423781 ], [ 150.580820131137926, -35.014063919388207 ], [ 150.580818252262873, -35.014086780039086 ], [ 150.580814522405149, -35.014102213561848 ], [ 150.58080794360589, -35.014116124483969 ], [ 150.580797697755997, -35.014130098392954 ], [ 150.580782962338361, -35.014145721689182 ], [ 150.580779361536031, -35.014149225988923 ], [ 150.580774638756026, -35.014153732878214 ], [ 150.5807696374074, -35.014158434336906 ], [ 150.580764388311593, -35.014163325570841 ], [ 150.580758921194928, -35.014168401764096 ], [ 150.58075326575721, -35.0141736590016 ], [ 150.580747452819907, -35.014179092489258 ], [ 150.580741510987764, -35.014184698290222 ], [ 150.580735471082221, -35.014190471610362 ], [ 150.580729361707995, -35.014196408512852 ], [ 150.580723214808245, -35.014202503324483 ], [ 150.580717060082748, -35.01420875213028 ], [ 150.580710926136362, -35.014215150993387 ], [ 150.580704843817131, -35.014221694218847 ], [ 150.580698842798313, -35.014228378792581 ], [ 150.58069295280643, -35.014235199898692 ], [ 150.580687204663008, -35.014242152743122 ], [ 150.580681626999393, -35.014249232488162 ], [ 150.580676250610622, -35.014256435240668 ], [ 150.580671105223217, -35.014263756184782 ], [ 150.580666221632185, -35.014271191427405 ], [ 150.580660611934547, -35.014280473713676 ], [ 150.58065623488605, -35.01428838151039 ], [ 150.58065215058835, -35.014296394306967 ], [ 150.580648351588337, -35.014304504743059 ], [ 150.580644831448296, -35.01431270818297 ], [ 150.580641581566994, -35.014320999046376 ], [ 150.580638594464688, -35.014329370873867 ], [ 150.580635863703748, -35.014337819029748 ], [ 150.580633381777943, -35.014346337955502 ], [ 150.58063114011253, -35.014354921169897 ], [ 150.58062913226982, -35.014363564037211 ], [ 150.580627351865218, -35.014372260119856 ], [ 150.580625789175826, -35.014381004716597 ], [ 150.580624437816994, -35.014389791389846 ], [ 150.580623291377606, -35.014398614602946 ], [ 150.580622341229827, -35.014407469676492 ], [ 150.580621581015578, -35.014416349271954 ], [ 150.580621003175537, -35.014425249632716 ], [ 150.580620599134932, -35.014434164277496 ], [ 150.580620362482648, -35.014443087669626 ], [ 150.580620287654966, -35.014454216569035 ], [ 150.58062038793642, -35.014463121440279 ], [ 150.580620614125877, -35.014472029724253 ], [ 150.580620950945359, -35.014480939313252 ], [ 150.580621386295832, -35.014489851768936 ], [ 150.580621902709112, -35.014498764939944 ], [ 150.580622486991103, -35.014507680366066 ], [ 150.580623124958834, -35.01451659596146 ], [ 150.580623801228057, -35.014525513222253 ], [ 150.580624501615773, -35.014534430062604 ], [ 150.580625210737708, -35.014543347978616 ], [ 150.580625915505948, -35.014552264906307 ], [ 150.580626599441104, -35.014561182319945 ], [ 150.580627250550378, -35.014570098177394 ], [ 150.580627851259266, -35.014579013931055 ], [ 150.58062838957494, -35.014587927538784 ], [ 150.580628849017955, -35.01459684047488 ], [ 150.58062921540531, -35.014605750653459 ], [ 150.580629475542878, -35.014614659614367 ], [ 150.580629613057397, -35.014623565228057 ], [ 150.580629610990741, -35.014633377636244 ], [ 150.580629469404215, -35.014642347096057 ], [ 150.580629199665992, -35.014651314901307 ], [ 150.580628807304549, -35.014660279359369 ], [ 150.580628296647149, -35.014669242359446 ], [ 150.580627673222182, -35.014678202208906 ], [ 150.580626941383514, -35.014687159895985 ], [ 150.580626107674988, -35.014696116452733 ], [ 150.580625176530077, -35.014705070164609 ], [ 150.580624152275959, -35.014714022920849 ], [ 150.580623040441168, -35.014722973028782 ], [ 150.580621845352908, -35.014731922377663 ], [ 150.580620573634803, -35.014740869296659 ], [ 150.580619229640575, -35.014749814774042 ], [ 150.580617817724004, -35.014758759798148 ], [ 150.580616344508769, -35.014767702698137 ], [ 150.58061481322693, -35.014776645341421 ], [ 150.580613230502138, -35.014785586057144 ], [ 150.580611599566538, -35.014794526712713 ], [ 150.580609927043696, -35.014803465637307 ], [ 150.580607768636696, -35.014814726059861 ], [ 150.580606034801349, -35.014823588939848 ], [ 150.5806042767409, -35.014832455843951 ], [ 150.580602498782525, -35.01484132866139 ], [ 150.580600706322144, -35.01485021020418 ], [ 150.580598904781965, -35.014859102383426 ], [ 150.580597097394218, -35.014868007066489 ], [ 150.580595291744885, -35.0148769271091 ], [ 150.580593491092657, -35.014885863477701 ], [ 150.580591701928427, -35.014894819006166 ], [ 150.580589927484397, -35.014903795561878 ], [ 150.580588175373038, -35.014912795099619 ], [ 150.580586448800034, -35.014921820387713 ], [ 150.580584752092591, -35.0149308733154 ], [ 150.580583092863321, -35.01493995583747 ], [ 150.58058147434437, -35.014949069821292 ], [ 150.580579903026603, -35.014958218100745 ], [ 150.580578382142249, -35.014967402543235 ], [ 150.580576918208806, -35.014976625081665 ], [ 150.580575516648508, -35.014985887627134 ], [ 150.580574411621569, -35.014993528040954 ], [ 150.58057320362073, -35.015002171534569 ], [ 150.580572017846578, -35.015010841613986 ], [ 150.580570835841854, -35.015019532502244 ], [ 150.580569638001094, -35.015028240202476 ], [ 150.580568408057218, -35.015036958981391 ], [ 150.580567124267731, -35.015045682996551 ], [ 150.580565771434095, -35.015054407437475 ], [ 150.580564328882247, -35.015063127384479 ], [ 150.580562778128353, -35.015071837961564 ], [ 150.580561100715158, -35.015080533391767 ], [ 150.58055927925389, -35.01508920882096 ], [ 150.580557293123633, -35.015097857527557 ], [ 150.580555125977497, -35.015106476481101 ], [ 150.580552758263195, -35.015115059882817 ], [ 150.580550170428268, -35.01512360193388 ], [ 150.580547345083914, -35.015132097780139 ], [ 150.580544263772765, -35.015140541644634 ], [ 150.580540906889354, -35.01514892953044 ], [ 150.580537256002856, -35.015157254759629 ], [ 150.580533293697869, -35.015165513378967 ], [ 150.58052900151705, -35.015173699611495 ], [ 150.580523715120933, -35.015182902698065 ], [ 150.580519225976587, -35.015190150182136 ], [ 150.580514508322125, -35.015197343527547 ], [ 150.580509586143336, -35.015204486818519 ], [ 150.580504483399494, -35.015211585040291 ], [ 150.580499226319688, -35.015218640518917 ], [ 150.580493837768103, -35.015225658217766 ], [ 150.580488342825674, -35.015232642242957 ], [ 150.58048276657334, -35.015239596700617 ], [ 150.580477132996918, -35.015246525675003 ], [ 150.580471467203949, -35.015253432371338 ], [ 150.580465792058618, -35.015260321753004 ], [ 150.580460133736977, -35.015267197947963 ], [ 150.580454516251478, -35.015274064139597 ], [ 150.580448964656512, -35.015280925335006 ], [ 150.580443501869468, -35.015287784695673 ], [ 150.5804381540664, -35.015294646349659 ], [ 150.580432945206638, -35.015301515282189 ], [ 150.580427900397751, -35.015308394698494 ], [ 150.580423042530583, -35.015315288661064 ], [ 150.580418397781244, -35.015322201297934 ], [ 150.580413990135639, -35.015329136693403 ], [ 150.580409843579702, -35.015336098931826 ], [ 150.580405983194481, -35.015343092119387 ], [ 150.580401673168893, -35.015351697172072 ], [ 150.580397840756774, -35.015360269382739 ], [ 150.58039442224316, -35.015368888612379 ], [ 150.580391396901092, -35.015377551743185 ], [ 150.580388744003528, -35.01538625565734 ], [ 150.580386441675188, -35.015394999017069 ], [ 150.580384468120457, -35.015403777781763 ], [ 150.580382804775979, -35.015412589778222 ], [ 150.580381427576214, -35.01542143362493 ], [ 150.580380318010867, -35.01543030534684 ], [ 150.580379453109515, -35.015439203584279 ], [ 150.580378812171688, -35.015448124318489 ], [ 150.580378374390534, -35.015457067134406 ], [ 150.580378120187191, -35.015466027134188 ], [ 150.580378025469599, -35.015475003837253 ], [ 150.58037807060569, -35.015483994147601 ], [ 150.580378234868306, -35.015492994947387 ], [ 150.580378497503801, -35.015502004019687 ], [ 150.580378835594814, -35.015511018203 ], [ 150.580379230551216, -35.015520036224991 ], [ 150.580379698689882, -35.015529805725727 ], [ 150.580380158197499, -35.015538789878192 ], [ 150.580380639580653, -35.015547775368468 ], [ 150.580381135226617, -35.015556760241779 ], [ 150.580381640701944, -35.015565746212587 ], [ 150.580382150584313, -35.01557473136986 ], [ 150.580382656059754, -35.015583717340668 ], [ 150.580383152801033, -35.015592702235786 ], [ 150.58038363527956, -35.015601687747846 ], [ 150.580384096977781, -35.015610671943918 ], [ 150.5803845301769, -35.015619656472971 ], [ 150.580384930549684, -35.015628639445737 ], [ 150.580385292567456, -35.015637622554891 ], [ 150.580385608617661, -35.015646603845624 ], [ 150.58038587317165, -35.015655585010606 ], [ 150.580386079711928, -35.015664564116896 ], [ 150.580386222709876, -35.015673542857137 ], [ 150.580386296743086, -35.015682519320244 ], [ 150.580386294092705, -35.015691495155146 ], [ 150.580386210431442, -35.015700468472659 ], [ 150.580386028421458, -35.015709878841832 ], [ 150.580385764606064, -35.015718867496481 ], [ 150.580385412113941, -35.015727853480762 ], [ 150.580384971987144, -35.015736838618416 ], [ 150.580384442061955, -35.015745821964828 ], [ 150.580383823459982, -35.01575480264087 ], [ 150.580383116128161, -35.015763782448452 ], [ 150.580382318997863, -35.015772760464763 ], [ 150.580381434285783, -35.015781735832576 ], [ 150.580380459748625, -35.015790710310021 ], [ 150.580379395412905, -35.015799682996203 ], [ 150.580378242400258, -35.015808653012023 ], [ 150.580376999562475, -35.015817622137497 ], [ 150.580375666926017, -35.015826589471693 ], [ 150.580374244490855, -35.015835555014583 ], [ 150.580372733378681, -35.015844517887096 ], [ 150.580371131346112, -35.015853479847408 ], [ 150.580369439514755, -35.015862440016399 ], [ 150.580367657911182, -35.015871397493164 ], [ 150.580365785387102, -35.0158803540577 ], [ 150.580364761893776, -35.015885078052051 ], [ 150.580362810323635, -35.015893816688113 ], [ 150.580360793073424, -35.015902553112525 ], [ 150.580358727611667, -35.015911289476627 ], [ 150.580356624915936, -35.015920025097934 ], [ 150.58035450031764, -35.015928760282293 ], [ 150.580352369148216, -35.015937495335514 ], [ 150.580350244548924, -35.015946230519731 ], [ 150.580348139660941, -35.015954966097098 ], [ 150.580346070937452, -35.015963701494329 ], [ 150.580344050371451, -35.015972438753622 ], [ 150.580342093320951, -35.015981177279848 ], [ 150.580340212927268, -35.015989917335148 ], [ 150.580338424521813, -35.015998659225374 ], [ 150.58033674234099, -35.016007403234511 ], [ 150.580335179526116, -35.016016149624697 ], [ 150.580333751408602, -35.016024898701772 ], [ 150.580332470061251, -35.016033649805102 ], [ 150.580331351857581, -35.016042405064233 ], [ 150.580330409965399, -35.016051163840388 ], [ 150.580329658621139, -35.016059926417562 ], [ 150.58032898998664, -35.016071087640071 ], [ 150.580328668984293, -35.01607997148475 ], [ 150.580328514889146, -35.016088843333968 ], [ 150.580328510338916, -35.016097697432578 ], [ 150.580328634765635, -35.016106525257143 ], [ 150.580328869738423, -35.016115320129707 ], [ 150.580329195704707, -35.016124076251479 ], [ 150.580329594286781, -35.016132785142659 ], [ 150.580330045958533, -35.016141440103496 ], [ 150.580330531194022, -35.016150034434219 ], [ 150.580331032684001, -35.01615856057785 ], [ 150.580331528685633, -35.016167012691852 ], [ 150.580332001916219, -35.016175382318295 ], [ 150.580332433944818, -35.016183662779255 ], [ 150.580332803028597, -35.016191848232239 ], [ 150.580333092979913, -35.016199930241143 ], [ 150.580333283151077, -35.016207902985293 ], [ 150.580333355164242, -35.016215757984902 ], [ 150.580333288371605, -35.016223489419318 ], [ 150.580333066558978, -35.016231089753369 ], [ 150.580332195093092, -35.016244894532264 ], [ 150.58033115314305, -35.016255040469737 ], [ 150.580329804086375, -35.016264899023966 ], [ 150.580328164455892, -35.016274466918865 ], [ 150.580326256365993, -35.01628373738383 ], [ 150.580324097418071, -35.016292708065585 ], [ 150.580321705319676, -35.016301373007074 ], [ 150.58031909994196, -35.016309727195896 ], [ 150.580316301103124, -35.016317767421498 ], [ 150.580313326510719, -35.01632548772686 ], [ 150.580310194914347, -35.016332883978656 ], [ 150.580306926185273, -35.016339951164483 ], [ 150.5803035390731, -35.016346685151035 ], [ 150.580300051258945, -35.016353080882212 ], [ 150.58029329456852, -35.016364169336974 ], [ 150.580286424092321, -35.016374025021769 ], [ 150.580278978040553, -35.016383556415988 ], [ 150.580270801933921, -35.016393134545829 ], [ 150.580261740224358, -35.016403129514686 ], [ 150.58025163621528, -35.016413913205881 ], [ 150.580240335453169, -35.01642585574448 ], [ 150.580227681240729, -35.016439329013593 ], [ 150.580221757792884, -35.016445716720035 ], [ 150.580217061765751, -35.016450834408246 ], [ 150.580212247285544, -35.01645614174528 ], [ 150.580207334303225, -35.016461631015922 ], [ 150.580202343944421, -35.016467291824029 ], [ 150.580197295038431, -35.016473117333497 ], [ 150.580192209752965, -35.016479098971899 ], [ 150.580187106943839, -35.0164852290022 ], [ 150.580182008805309, -35.016491497951037 ], [ 150.58017693309813, -35.016497898059541 ], [ 150.580171901990042, -35.016504420755311 ], [ 150.580166935432004, -35.016511058323147 ], [ 150.580162054496697, -35.016517802168806 ], [ 150.58015727806648, -35.01652464365435 ], [ 150.58015262721409, -35.016531574185542 ], [ 150.580148121863971, -35.016538586948137 ], [ 150.580143783115318, -35.016545672446973 ], [ 150.580139629824089, -35.016552822945037 ], [ 150.580135684158051, -35.016560029869957 ], [ 150.580131966094825, -35.016567284605635 ], [ 150.580128494490424, -35.016574579415092 ], [ 150.580125291539133, -35.016581904825024 ], [ 150.580122376070449, -35.016589253999335 ], [ 150.580119770252196, -35.016596618365675 ], [ 150.580116175194149, -35.01660877050913 ], [ 150.580114091239352, -35.016617575009704 ], [ 150.580112413597135, -35.016626386714641 ], [ 150.580111114836683, -35.016635206879634 ], [ 150.580110170918772, -35.016644033222185 ], [ 150.580109553317499, -35.016652866976173 ], [ 150.580109237967037, -35.016661706759997 ], [ 150.580109198611353, -35.016670551148422 ], [ 150.580109407819634, -35.016679401397106 ], [ 150.580109841525967, -35.016688256124503 ], [ 150.580110471284087, -35.016697113861632 ], [ 150.580111274043588, -35.01670597595156 ], [ 150.580112221358121, -35.016714840925346 ], [ 150.580113288066684, -35.016723707379533 ], [ 150.58011444892864, -35.016732576613535 ], [ 150.580115676619272, -35.016741446279255 ], [ 150.580116945897828, -35.016750317676113 ], [ 150.580118230508219, -35.016759189378803 ], [ 150.580119504194244, -35.016768059962075 ], [ 150.58012074062006, -35.016776930703472 ], [ 150.58012200742462, -35.016786480853938 ], [ 150.580123135645692, -35.016795490966622 ], [ 150.580124200350355, -35.016804499812146 ], [ 150.58012519932177, -35.016813508247751 ], [ 150.580126134803237, -35.016822514515262 ], [ 150.580127006768237, -35.016831519515627 ], [ 150.580127814121596, -35.016840523227003 ], [ 150.580128556863258, -35.016849525649356 ], [ 150.580129236061822, -35.016858527705502 ], [ 150.58012985177038, -35.01686752759354 ], [ 150.580130405057446, -35.016876526236302 ], [ 150.580130893732729, -35.016885523590041 ], [ 150.580131318891375, -35.016894519676647 ], [ 150.580131681601898, -35.016903515418889 ], [ 150.58013198082233, -35.016912508993023 ], [ 150.580132217621156, -35.01692150132186 ], [ 150.580132391998347, -35.016930492405393 ], [ 150.580132502832214, -35.016939483122698 ], [ 150.580132551270992, -35.016948471693766 ], [ 150.58013253728808, -35.016957459019537 ], [ 150.580132458798204, -35.016966590194222 ], [ 150.580132314980631, -35.016975595663475 ], [ 150.580132100006921, -35.016984598811703 ], [ 150.580131812728865, -35.016993601418932 ], [ 150.580131447723943, -35.017002601574049 ], [ 150.580131002801892, -35.017011599233378 ], [ 150.580130472460525, -35.017020595188569 ], [ 150.580129854562756, -35.017029587594074 ], [ 150.580129144674885, -35.017038578164396 ], [ 150.580128339538163, -35.017047565933034 ], [ 150.580127434772038, -35.017056550812597 ], [ 150.580126428212822, -35.017065531858449 ], [ 150.580125315453472, -35.017074509884132 ], [ 150.580124092139982, -35.017083483901331 ], [ 150.580122756055573, -35.017092454767258 ], [ 150.580121302846294, -35.017101421493606 ], [ 150.580119728131592, -35.017110383992957 ], [ 150.580118029694688, -35.017119343122566 ], [ 150.580116202113004, -35.017128296971315 ], [ 150.580114244291423, -35.017137245517311 ], [ 150.580112833192004, -35.017143333804867 ], [ 150.580110727498436, -35.017151945858771 ], [ 150.58010850560288, -35.017160485280129 ], [ 150.580106170917247, -35.017168910669604 ], [ 150.580103732249199, -35.017177183439955 ], [ 150.580101194105794, -35.017185262213658 ], [ 150.580098560967315, -35.017193106514227 ], [ 150.580095840573051, -35.017200676831578 ], [ 150.580093037403429, -35.017207932689168 ], [ 150.580090157007419, -35.017214834533242 ], [ 150.580087204987137, -35.017221341008188 ], [ 150.580084189108391, -35.017227411703018 ], [ 150.580081112703454, -35.017233007921206 ], [ 150.580077982469533, -35.017238088329002 ], [ 150.580074802860622, -35.017242613350781 ], [ 150.580071581669074, -35.017246541674652 ], [ 150.580068323348854, -35.017249833724996 ], [ 150.580065034544162, -35.017252449969931 ], [ 150.580061719762028, -35.017254349031973 ], [ 150.580058384551592, -35.017255491357382 ], [ 150.580055035583626, -35.017255836513336 ], [ 150.580051422594238, -35.017255287557546 ], [ 150.580048130987137, -35.017253984177096 ], [ 150.580044850902766, -35.01725195534727 ], [ 150.580041593325205, -35.017249237345794 ], [ 150.580038366915545, -35.017245870911403 ], [ 150.580035181536175, -35.017241893200897 ], [ 150.580032045927879, -35.017237342250191 ], [ 150.580028972090076, -35.0172322570617 ], [ 150.580025967668433, -35.017226675649447 ], [ 150.580023042472135, -35.017220636972134 ], [ 150.580020206363656, -35.017214178186592 ], [ 150.580017469178642, -35.017207337350577 ], [ 150.580014840699903, -35.017200154323724 ], [ 150.580012330763083, -35.017192667163812 ], [ 150.580009948135427, -35.017184913005764 ], [ 150.580007702599573, -35.017176931709258 ], [ 150.580005604044402, -35.017168759530165 ], [ 150.58000366222592, -35.017160437229052 ], [ 150.580001887033006, -35.017152001061824 ], [ 150.580000287153155, -35.017143490866218 ], [ 150.579998873543673, -35.017134943820949 ] ] ] ] } },
{ "type": "Feature", "properties": { "OBJECTID": 8, "Comments": "Operational noise contour - OpContoursBuild2040Night", "FSource": "MOTTM - noise specialists model run for Rev B", "SourceDate": 20251027.0, "Supplier": "MOTTM", "path_windows": "C:\\Users\\bri86955\\Mott MacDonald\\MGO - Moata Geospatial - JBR2HR\\01Incoming\\20251024_Noise\\Noise shp files Rev B\\Noise Rev B figures\\Metadata\\OpContours\\OpContoursBuild2040Night.shp", "path_rootname": "OpContoursBuild2040Night", "IsoValue": 70, "shapefile_type": "shapefile_polygon", "SHAPE_Length": 394.76605291328332, "SHAPE_Area": 1957.1383953419288 }, "geometry": { "type": "MultiPolygon", "coordinates": [ [ [ [ 150.581075761389286, -35.011937411770489 ], [ 150.581076314981914, -35.01192538914394 ], [ 150.58107721493036, -35.011914664322823 ], [ 150.581078570499756, -35.011904094624533 ], [ 150.581080459577095, -35.011893565313066 ], [ 150.581082957752983, -35.011882965212514 ], [ 150.581086141792667, -35.011872180465986 ], [ 150.581090088381814, -35.011861099919351 ], [ 150.581094875407075, -35.011849608836556 ], [ 150.581100578432256, -35.011837596942513 ], [ 150.581107274195745, -35.011824951281135 ], [ 150.581115040557364, -35.011811558017172 ], [ 150.581123954228701, -35.011797305095378 ], [ 150.581128756632296, -35.011789978187807 ], [ 150.581132483710775, -35.011784414739935 ], [ 150.581136346739754, -35.011778736812296 ], [ 150.581140333514384, -35.011772949570236 ], [ 150.581144432871866, -35.011767060002931 ], [ 150.581148634824075, -35.011761072418537 ], [ 150.581152929329647, -35.011754992927038 ], [ 150.581157303062298, -35.011748827572994 ], [ 150.581161747102328, -35.01174258158732 ], [ 150.581166249218427, -35.011736261036361 ], [ 150.581170798274286, -35.011729872008338 ], [ 150.581175385376838, -35.01172341883322 ], [ 150.581179997173194, -35.011716908456492 ], [ 150.581184624770202, -35.011710345208165 ], [ 150.581189255910061, -35.011703736055523 ], [ 150.581193879456492, -35.01169708708678 ], [ 150.581198486543002, -35.011690401730988 ], [ 150.581203062695096, -35.011683687812763 ], [ 150.581207600114709, -35.01167694968391 ], [ 150.581212087639159, -35.011670194333597 ], [ 150.581216511995109, -35.01166342600451 ], [ 150.581220864209939, -35.011656651729432 ], [ 150.581225133200519, -35.011649875794753 ], [ 150.581229307830597, -35.011643104288666 ], [ 150.581233375842373, -35.011636344178505 ], [ 150.581237328369383, -35.011629598893343 ], [ 150.58124115312728, -35.011622876301459 ], [ 150.581244840127994, -35.01161618071103 ], [ 150.581248378235358, -35.011609518210285 ], [ 150.581251755218091, -35.011602894865625 ], [ 150.581254962183237, -35.011596315007054 ], [ 150.581257986846396, -35.01158978650286 ], [ 150.581260818151122, -35.011583312738459 ], [ 150.581265686373257, -35.011571072345632 ], [ 150.581269327635596, -35.011560647379845 ], [ 150.581272483759818, -35.011550325423975 ], [ 150.581275187431174, -35.011540075578473 ], [ 150.581277473472085, -35.011529868789324 ], [ 150.581279375662803, -35.011519674178793 ], [ 150.581280925593632, -35.011509460825472 ], [ 150.581282158060276, -35.011499200576253 ], [ 150.58128310689608, -35.011488860751527 ], [ 150.581283805828235, -35.011478412275402 ], [ 150.581284287515444, -35.011467825149232 ], [ 150.581284586832879, -35.011457068517096 ], [ 150.581284736412726, -35.011446113281245 ], [ 150.581284771156703, -35.011434927684846 ], [ 150.581284722601879, -35.011423482608322 ], [ 150.581284625623425, -35.011411747195744 ], [ 150.581284514001453, -35.011399690569348 ], [ 150.581284420341518, -35.01138728453234 ], [ 150.581284379545167, -35.01137449732785 ], [ 150.58128442536605, -35.011361298979033 ], [ 150.581284492018057, -35.011354312145009 ], [ 150.581284587367406, -35.011347392591659 ], [ 150.581284711969914, -35.011340372657372 ], [ 150.581284865666476, -35.011333257747829 ], [ 150.581285047202698, -35.011326053246762 ], [ 150.58128525532436, -35.011318764537997 ], [ 150.581285490940729, -35.011311397949918 ], [ 150.581285753892502, -35.011303958888121 ], [ 150.581286041803878, -35.011296453615515 ], [ 150.581286354542186, -35.011288886636777 ], [ 150.581286693043154, -35.01128126337936 ], [ 150.581287054904465, -35.011273591007082 ], [ 150.581287439993361, -35.011265874024645 ], [ 150.581287849245683, -35.011258117859484 ], [ 150.581288280312094, -35.011250327873555 ], [ 150.581288732980312, -35.011242511274354 ], [ 150.581289207117607, -35.011234672566559 ], [ 150.58128970256476, -35.011226817155809 ], [ 150.581290218040976, -35.011218951326789 ], [ 150.581290752318495, -35.011211079562393 ], [ 150.581291306280036, -35.01120320909191 ], [ 150.581291878697897, -35.01119534439821 ], [ 150.581292469412858, -35.011187490886904 ], [ 150.581293078212582, -35.011179655765488 ], [ 150.581293702800849, -35.011171842594045 ], [ 150.581294344060382, -35.011164058601906 ], [ 150.581295000763447, -35.0111563082719 ], [ 150.581295672724281, -35.011148597910598 ], [ 150.581296359783664, -35.011140932923631 ], [ 150.581297059592288, -35.011133318672933 ], [ 150.581297774180996, -35.011125760607797 ], [ 150.581298501147415, -35.011118265892051 ], [ 150.581299241480423, -35.011110838151275 ], [ 150.58129999280419, -35.011103483648363 ], [ 150.581300754932954, -35.011096208689871 ], [ 150.581301528829044, -35.011089017802291 ], [ 150.581302312090116, -35.011081918149486 ], [ 150.581303104610043, -35.011074913335186 ], [ 150.581303907271462, -35.01106801058873 ], [ 150.581304717751721, -35.011061214371125 ], [ 150.581306726807867, -35.011045084835843 ], [ 150.581308377761019, -35.011032482808027 ], [ 150.58131003581201, -35.011020272157864 ], [ 150.581311695000977, -35.011008432032824 ], [ 150.581313342850905, -35.010996939647463 ], [ 150.581314970143438, -35.010985773182803 ], [ 150.58131656766011, -35.010974910819876 ], [ 150.581318126182538, -35.010964330739718 ], [ 150.581319634328793, -35.010954010178693 ], [ 150.58132108394895, -35.010943928240664 ], [ 150.581322463634564, -35.010934063062933 ], [ 150.58132376531529, -35.010924391046522 ], [ 150.581324978624679, -35.010914892152471 ], [ 150.581326093275806, -35.010905543639012 ], [ 150.581327098955228, -35.010896323665371 ], [ 150.581327987566112, -35.010887209533465 ], [ 150.581328748768556, -35.010878180303415 ], [ 150.581329372249115, -35.010869214134395 ], [ 150.581329848842387, -35.010860287405563 ], [ 150.581330168181978, -35.010851380077995 ], [ 150.581330339834693, -35.010840270229018 ], [ 150.581330312505884, -35.010831377624598 ], [ 150.581330154390088, -35.010822498638902 ], [ 150.581329883837668, -35.010813642652423 ], [ 150.581329515966814, -35.010804817178332 ], [ 150.581329068085807, -35.010796029773473 ], [ 150.581328555286348, -35.01078728885193 ], [ 150.58132799490329, -35.010778601069589 ], [ 150.581327404191796, -35.010769975785152 ], [ 150.581326797201541, -35.010761419589016 ], [ 150.58132619228283, -35.010752941861682 ], [ 150.581325604580314, -35.010744549215424 ], [ 150.581325050280697, -35.010736250086133 ], [ 150.581324547787261, -35.010728052052464 ], [ 150.58132411109662, -35.010719963506702 ], [ 150.581323758585427, -35.010711992928442 ], [ 150.581323505398473, -35.010704146929896 ], [ 150.581323367722348, -35.010696433946983 ], [ 150.581323362865248, -35.010688861536551 ], [ 150.581323505918846, -35.010681438112677 ], [ 150.581324352950617, -35.010666184168635 ], [ 150.581325407139701, -35.010655763507813 ], [ 150.581326835627607, -35.010645691965415 ], [ 150.581328637398826, -35.010635966816814 ], [ 150.581330813707467, -35.010626582678178 ], [ 150.58133336132147, -35.010617537682094 ], [ 150.581336280373421, -35.010608827323928 ], [ 150.581339569847756, -35.010600448878918 ], [ 150.581343228782146, -35.010592397820581 ], [ 150.581347257256112, -35.01058467144604 ], [ 150.581351654280695, -35.010577266129673 ], [ 150.581356418867017, -35.010570178245864 ], [ 150.581361550026116, -35.010563404169012 ], [ 150.581365674538716, -35.010558480563219 ], [ 150.581372323883272, -35.010551274303367 ], [ 150.581379406476941, -35.010544312865257 ], [ 150.581386891319198, -35.010537495568009 ], [ 150.58139474952003, -35.010530724477235 ], [ 150.581402950105371, -35.010523898011101 ], [ 150.581411460926461, -35.010516917268802 ], [ 150.581420253172809, -35.010509681613129 ], [ 150.58142929691212, -35.010502091285986 ], [ 150.581438560022235, -35.01049404648564 ], [ 150.581448012544229, -35.01048544835492 ], [ 150.581457624598926, -35.010476195333887 ], [ 150.581464307182983, -35.010469422434973 ], [ 150.581469667786592, -35.010463823030399 ], [ 150.581475040864575, -35.010458097669051 ], [ 150.581480416329953, -35.010452291223096 ], [ 150.581485780757532, -35.010446450301131 ], [ 150.581491124113427, -35.010440617973444 ], [ 150.581496434067503, -35.010434840870474 ], [ 150.581501700559357, -35.010429162963469 ], [ 150.581506910190399, -35.010423629960087 ], [ 150.581512052873677, -35.010418286732538 ], [ 150.581517117427353, -35.010413178131188 ], [ 150.581522090479297, -35.010408348962748 ], [ 150.581526963011186, -35.010403845022211 ], [ 150.581531721677578, -35.010399710215381 ], [ 150.581536355296578, -35.010395989392627 ], [ 150.581540852633168, -35.01039272920621 ], [ 150.581545203627144, -35.010389973627397 ], [ 150.581549393811429, -35.010387767441138 ], [ 150.581553415262761, -35.010386156464193 ], [ 150.581557253540723, -35.010385184580571 ], [ 150.581560898505359, -35.010384898464359 ], [ 150.581563449642204, -35.010385144942724 ], [ 150.581567187796452, -35.010386270577001 ], [ 150.581570666380685, -35.010388248330479 ], [ 150.581573889336283, -35.010391018784986 ], [ 150.581576860551536, -35.010394524324255 ], [ 150.581579585036252, -35.010398706452882 ], [ 150.581582064515146, -35.010403506609997 ], [ 150.58158430618812, -35.010408866343852 ], [ 150.581586310711316, -35.010414726170758 ], [ 150.581588085258034, -35.010421028539938 ], [ 150.581589631579476, -35.010427713989557 ], [ 150.581590954658822, -35.010434724925126 ], [ 150.581592058410848, -35.010442002829429 ], [ 150.581592947871741, -35.010449488306094 ], [ 150.581593624739611, -35.010457123695183 ], [ 150.581594095119272, -35.010464850523071 ], [ 150.581594361856872, -35.01047260934979 ], [ 150.581594429962138, -35.01048034167988 ], [ 150.581594302228211, -35.010487989875237 ], [ 150.581593498501434, -35.010502333303826 ], [ 150.581592398819311, -35.010512514172518 ], [ 150.581590807048173, -35.010522587872522 ], [ 150.581588672883726, -35.010532625518202 ], [ 150.581585945968584, -35.010542700025823 ], [ 150.581582575971879, -35.010552883410661 ], [ 150.581578510425686, -35.010563245842469 ], [ 150.581573701135994, -35.010573861182031 ], [ 150.581568095634822, -35.010584799599044 ], [ 150.581561644686104, -35.010596133130555 ], [ 150.581554295742052, -35.010607934649009 ], [ 150.581545999593033, -35.010620275290414 ], [ 150.581536705934155, -35.010633226168956 ], [ 150.581534602100959, -35.010636058099166 ], [ 150.581530522503243, -35.010641465791991 ], [ 150.581526295282515, -35.010646975111612 ], [ 150.581521930426788, -35.010652581749795 ], [ 150.581517441262093, -35.010658279661946 ], [ 150.581512841061539, -35.010664064605344 ], [ 150.581508138717936, -35.010669932249947 ], [ 150.58150334974755, -35.010675876594796 ], [ 150.581498484111734, -35.010681894232661 ], [ 150.581493554015083, -35.010687979998018 ], [ 150.581488571662135, -35.010694128725412 ], [ 150.581483550325942, -35.010700336172128 ], [ 150.581478500021007, -35.010706597129008 ], [ 150.581473434046927, -35.010712906452433 ], [ 150.581468364555235, -35.010719260778778 ], [ 150.581463302681982, -35.010725654019808 ], [ 150.581458261700277, -35.010732081932836 ], [ 150.581453252719655, -35.010738539330568 ], [ 150.581448289013224, -35.010745021970287 ], [ 150.581443380568942, -35.010751525543824 ], [ 150.581438541808097, -35.010758044028414 ], [ 150.581433782718619, -35.010764573115914 ], [ 150.581429116573645, -35.01077110856361 ], [ 150.581424554509312, -35.010777644283294 ], [ 150.581420109745665, -35.010784177834132 ], [ 150.581415793445387, -35.010790702226991 ], [ 150.581411618881532, -35.010797213219185 ], [ 150.581407596015737, -35.010803707403475 ], [ 150.581403739295666, -35.010810177856193 ], [ 150.581400058682902, -35.010816621170136 ], [ 150.581396567477071, -35.010823032201657 ], [ 150.581393277856336, -35.010829406686256 ], [ 150.581390200930315, -35.010835739436672 ], [ 150.581387348903689, -35.010842025287438 ], [ 150.581381480697758, -35.010856822139587 ], [ 150.581378176115436, -35.01086682923296 ], [ 150.58137542401974, -35.010876715727655 ], [ 150.581373188115435, -35.01088648630887 ], [ 150.581371434191283, -35.010896149309161 ], [ 150.581370126993932, -35.010905711237434 ], [ 150.581369232391694, -35.010915177723426 ], [ 150.581368714009642, -35.010924556155125 ], [ 150.581368537689485, -35.010933853063179 ], [ 150.581368669246359, -35.010943075879226 ], [ 150.581369072358342, -35.010952230189346 ], [ 150.581369712867087, -35.010961322524203 ], [ 150.581370555492725, -35.010970360293577 ], [ 150.581371564981708, -35.010979350006316 ], [ 150.581372708244203, -35.010988299115866 ], [ 150.581373946794685, -35.010997212263675 ], [ 150.581375249733242, -35.011006096946872 ], [ 150.581376578468308, -35.011014961410645 ], [ 150.581377900015951, -35.011023809504721 ], [ 150.581379180138185, -35.011032650462589 ], [ 150.58138046402982, -35.011042070236691 ], [ 150.581381612968755, -35.011051087069227 ], [ 150.581382681943523, -35.011060103208891 ], [ 150.581383672075674, -35.011069117776579 ], [ 150.58138458555527, -35.011078130815953 ], [ 150.581385421287251, -35.011087142305186 ], [ 150.581386181461625, -35.011096152287955 ], [ 150.581386864983358, -35.011105160742403 ], [ 150.581387475137518, -35.011114167734043 ], [ 150.581388009760587, -35.011123172318271 ], [ 150.581388472084569, -35.011132176362473 ], [ 150.581388862135952, -35.01114117896568 ], [ 150.581389179914709, -35.01115018012792 ], [ 150.581389426515898, -35.011159179871008 ], [ 150.581389601939463, -35.011168178194957 ], [ 150.581389708375468, -35.01117717514343 ], [ 150.58138974585043, -35.011186169815481 ], [ 150.581389715406289, -35.011195164034824 ], [ 150.581389618164621, -35.011204156922346 ], [ 150.581389453030312, -35.011213148456207 ], [ 150.581389214152864, -35.011222411663937 ], [ 150.581388914142565, -35.011231406818908 ], [ 150.581388548429686, -35.011240400663873 ], [ 150.581388114824108, -35.011249393155168 ], [ 150.581387613325802, -35.011258384292823 ], [ 150.581387045003282, -35.011267374999605 ], [ 150.581386407719464, -35.011276363429936 ], [ 150.581385702542889, -35.011285350506604 ], [ 150.581384927283409, -35.011294336185941 ], [ 150.581384083009539, -35.01130332139072 ], [ 150.581383169774256, -35.011312304319063 ], [ 150.581382186456068, -35.011321285850066 ], [ 150.58138113195983, -35.011330265961881 ], [ 150.581380007354056, -35.011339245577297 ], [ 150.581378811596778, -35.011348222872599 ], [ 150.581377544661365, -35.011357198748719 ], [ 150.581376205452813, -35.011366173183802 ], [ 150.581374793944519, -35.011375147078816 ], [ 150.581373310189576, -35.011384118631881 ], [ 150.581371753066378, -35.011393088722066 ], [ 150.581369573856563, -35.011405025753511 ], [ 150.581367897185345, -35.011413851028443 ], [ 150.581366179997133, -35.011422675495496 ], [ 150.581364435458937, -35.011431498515741 ], [ 150.581362676658159, -35.011440322153028 ], [ 150.58136091676198, -35.011449145768417 ], [ 150.581359167815748, -35.011457969602112 ], [ 150.581357442960069, -35.011466793916064 ], [ 150.581355755335466, -35.011475618972284 ], [ 150.581354119177519, -35.011484445054663 ], [ 150.581352545463261, -35.011493271480532 ], [ 150.581351048375183, -35.01150210033564 ], [ 150.581349641080408, -35.011510930981018 ], [ 150.581348335624398, -35.011519763656892 ], [ 150.581347145147788, -35.011528598625219 ], [ 150.581346083886189, -35.011537436169867 ], [ 150.581345162816632, -35.011546275608225 ], [ 150.581344396121636, -35.011555119026006 ], [ 150.581343796968383, -35.011563965784291 ], [ 150.581343377402419, -35.011572816123234 ], [ 150.581343109716869, -35.011584433384577 ], [ 150.581343101675515, -35.011593299140372 ], [ 150.581343241889869, -35.011602153428697 ], [ 150.581343510861501, -35.011610988649039 ], [ 150.581343887970291, -35.011619798080027 ], [ 150.581344355881356, -35.011628575065757 ], [ 150.581344891811, -35.011637311940234 ], [ 150.581345478397793, -35.011646002948503 ], [ 150.581346093953044, -35.011654640446395 ], [ 150.581346721141813, -35.011663217778022 ], [ 150.581347338248946, -35.011671728200156 ], [ 150.581347926870876, -35.011680164134141 ], [ 150.581348465265961, -35.011688519737682 ], [ 150.581348936125693, -35.01169678745395 ], [ 150.581349318856439, -35.011704959660619 ], [ 150.581349593880049, -35.011713031460005 ], [ 150.581349740629406, -35.011720994328833 ], [ 150.58134973955282, -35.011728842468479 ], [ 150.581349572246779, -35.011736568300279 ], [ 150.581349217022563, -35.011744164180087 ], [ 150.58134872904273, -35.011750836114899 ], [ 150.581347653521107, -35.011760975992949 ], [ 150.581346202454711, -35.01177084605667 ], [ 150.581344389143339, -35.011780441162408 ], [ 150.581342228008197, -35.011789755287417 ], [ 150.581339730132413, -35.011798784145348 ], [ 150.581336911005792, -35.011807522636211 ], [ 150.581333782886105, -35.011815963792678 ], [ 150.581330358993512, -35.011824105173901 ], [ 150.581326653802478, -35.011831938955275 ], [ 150.581322679464591, -35.011839461773178 ], [ 150.581318450401312, -35.011846667604893 ], [ 150.581313978843895, -35.011853550383996 ], [ 150.581309278039072, -35.011860106768729 ], [ 150.581304362408304, -35.011866330736339 ], [ 150.581293697281154, -35.011878073324716 ], [ 150.58128590752645, -35.011885566040732 ], [ 150.581277740141758, -35.011892785294215 ], [ 150.581269200338141, -35.011899888945543 ], [ 150.581260297680416, -35.011907035843279 ], [ 150.581251037406162, -35.011914382946834 ], [ 150.581241427958389, -35.011922089983912 ], [ 150.581231475696143, -35.011930313034775 ], [ 150.581221187967145, -35.011939211805291 ], [ 150.581210572172324, -35.011948944199403 ], [ 150.581202865779431, -35.011956396203018 ], [ 150.581197491653256, -35.011961743813664 ], [ 150.581192078663122, -35.011967220460157 ], [ 150.58118664020796, -35.011972780434945 ], [ 150.581181192892416, -35.011978380798752 ], [ 150.581175751184077, -35.011983976766778 ], [ 150.581170329470922, -35.011989526257018 ], [ 150.581164942247142, -35.01199498358374 ], [ 150.581159606117325, -35.012000305807717 ], [ 150.581154335496137, -35.012005449946002 ], [ 150.581149143809199, -35.012010369390119 ], [ 150.581144048703209, -35.01201502302451 ], [ 150.581139062455776, -35.012019366020745 ], [ 150.581134202819754, -35.012023353659536 ], [ 150.581129482019691, -35.012026942914311 ], [ 150.581124916686804, -35.012030089944915 ], [ 150.581120521262363, -35.012032750867505 ], [ 150.581116310187582, -35.01203488179825 ], [ 150.581112299025165, -35.012036437974196 ], [ 150.581108503284895, -35.0120373764343 ], [ 150.581104937407957, -35.01203765329474 ], [ 150.581100124837349, -35.012036807310132 ], [ 150.581096649776867, -35.012035117180183 ], [ 150.581093486355996, -35.012032593098404 ], [ 150.581090623929924, -35.012029298856618 ], [ 150.581088051907045, -35.012025296444762 ], [ 150.581085757478974, -35.012020648710042 ], [ 150.581083730000927, -35.012015419444303 ], [ 150.581081957812614, -35.012009669714658 ], [ 150.58108043024265, -35.012003464213905 ], [ 150.58107913344071, -35.011996863965493 ], [ 150.581078058952016, -35.01198993280493 ], [ 150.581077193994673, -35.011982732678447 ], [ 150.581076525733778, -35.011975327334191 ], [ 150.581076045767588, -35.011967778805733 ], [ 150.581075740166142, -35.011960150819398 ], [ 150.58107559836418, -35.011952504464162 ], [ 150.581075609690345, -35.011944904432745 ], [ 150.581075761389286, -35.011937411770489 ] ] ] ] } },
{ "type": "Feature", "properties": { "OBJECTID": 9, "Comments": "Operational noise contour - OpContoursBuild2040Night", "FSource": "MOTTM - noise specialists model run for Rev B", "SourceDate": 20251027.0, "Supplier": "MOTTM", "path_windows": "C:\\Users\\bri86955\\Mott MacDonald\\MGO - Moata Geospatial - JBR2HR\\01Incoming\\20251024_Noise\\Noise shp files Rev B\\Noise Rev B figures\\Metadata\\OpContours\\OpContoursBuild2040Night.shp", "path_rootname": "OpContoursBuild2040Night", "IsoValue": 70, "shapefile_type": "shapefile_polygon", "SHAPE_Length": 259.73864934012914, "SHAPE_Area": 928.11455923516542 }, "geometry": { "type": "MultiPolygon", "coordinates": [ [ [ [ 150.581547143204062, -35.010132822240706 ], [ 150.581546569243471, -35.010123925047417 ], [ 150.581546131213116, -35.01011509997695 ], [ 150.581545817815794, -35.010106209781249 ], [ 150.581545625334684, -35.010097231849585 ], [ 150.581545553284997, -35.010088145438544 ], [ 150.581545597896849, -35.010078929739251 ], [ 150.581545756521962, -35.010069563063745 ], [ 150.581546028702036, -35.010060023767672 ], [ 150.581546408450691, -35.010050291899475 ], [ 150.581546896431149, -35.010040344935682 ], [ 150.581547488873582, -35.010030162067423 ], [ 150.581548184224687, -35.010019721628545 ], [ 150.581548978714608, -35.010009002810186 ], [ 150.581549869668436, -35.009997984825254 ], [ 150.58155085555947, -35.0099866451067 ], [ 150.581551934781373, -35.009974963790221 ], [ 150.581553102495661, -35.009962919144165 ], [ 150.581554357175662, -35.009950488601454 ], [ 150.581555698283438, -35.009937653220533 ], [ 150.581557119912162, -35.009924390347038 ], [ 150.581557952867229, -35.009916755309177 ], [ 150.581558713746603, -35.009909856233612 ], [ 150.5815594907113, -35.009902857415987 ], [ 150.58156028360213, -35.009895764261898 ], [ 150.58156109006984, -35.009888582133364 ], [ 150.581561909928666, -35.00988131733687 ], [ 150.581562741950961, -35.009873974355322 ], [ 150.581563584829382, -35.009866560374377 ], [ 150.58156443626774, -35.009859078954108 ], [ 150.581565294958779, -35.009851537280177 ], [ 150.581566159674736, -35.009843939835442 ], [ 150.581567030229962, -35.009836292926487 ], [ 150.581567904275147, -35.009828601915238 ], [ 150.581568780556069, -35.009820872185493 ], [ 150.581569658913537, -35.009813109142925 ], [ 150.581570535903325, -35.009805318127583 ], [ 150.58157141133961, -35.009797505446087 ], [ 150.581572283968256, -35.009789676482207 ], [ 150.581573152534986, -35.009781836619744 ], [ 150.581574014690574, -35.009773991220655 ], [ 150.581574871344287, -35.009766146613302 ], [ 150.581575717983441, -35.009758307215087 ], [ 150.581576556638822, -35.009750478475304 ], [ 150.581577383813112, -35.009742667535924 ], [ 150.581578198278663, -35.009734878879819 ], [ 150.581578998781197, -35.009727117890776 ], [ 150.581579785135034, -35.009719390875354 ], [ 150.58158055499095, -35.009711703195521 ], [ 150.58158130712124, -35.00970405933414 ], [ 150.581582041313652, -35.009696466498703 ], [ 150.581582754150446, -35.009688929128401 ], [ 150.581583445472489, -35.009681452628868 ], [ 150.581584113998957, -35.009674043284811 ], [ 150.581584758475714, -35.009666706480054 ], [ 150.581585377648508, -35.009659447598359 ], [ 150.581585969141571, -35.009652272902649 ], [ 150.581586532848831, -35.009645185996682 ], [ 150.581587066341427, -35.009638194945197 ], [ 150.581587569513232, -35.009631303351973 ], [ 150.581588039988503, -35.009624517479914 ], [ 150.581588916289519, -35.009610722686233 ], [ 150.581589630667793, -35.009597924390363 ], [ 150.581590230552763, -35.009585553811249 ], [ 150.581590726011882, -35.009573603937909 ], [ 150.581591127218871, -35.009562064155546 ], [ 150.581591443146095, -35.009550927431299 ], [ 150.581591685009215, -35.009540184974142 ], [ 150.581591862955236, -35.009529827070224 ], [ 150.581591984888149, -35.009519845763911 ], [ 150.581592063118507, -35.009510232285976 ], [ 150.581592106671792, -35.009500977801686 ], [ 150.581592124546972, -35.009492074377256 ], [ 150.581592127986113, -35.009483512320685 ], [ 150.581592125988152, -35.009475283698166 ], [ 150.581592129768609, -35.009467379718643 ], [ 150.581592148352911, -35.009459791547364 ], [ 150.581592190766571, -35.009452510349632 ], [ 150.581592269320112, -35.009445527356185 ], [ 150.581592391917439, -35.009438834611402 ], [ 150.581592568679014, -35.009432423302385 ], [ 150.581593350748363, -35.009417103151932 ], [ 150.581594687401662, -35.009403711475954 ], [ 150.58159676108329, -35.009391447803822 ], [ 150.581599738875184, -35.009380033307536 ], [ 150.5816037835055, -35.009369188170723 ], [ 150.581609062056003, -35.009358633565277 ], [ 150.581615737281254, -35.009348088773798 ], [ 150.581623977331105, -35.009337275890786 ], [ 150.581626921642453, -35.00933376928861 ], [ 150.581631741512808, -35.00932829792022 ], [ 150.581636912402729, -35.009322701033824 ], [ 150.581642403545544, -35.009316981621915 ], [ 150.581648184201157, -35.009311141775989 ], [ 150.581654223682506, -35.009305181785741 ], [ 150.581660490127888, -35.009299104621817 ], [ 150.581666952823809, -35.009292911474823 ], [ 150.581673582151666, -35.009286603557229 ], [ 150.581680345154808, -35.009280183817879 ], [ 150.581687213309721, -35.009273653491036 ], [ 150.581694153686328, -35.009267014624669 ], [ 150.581701136692658, -35.009260267530259 ], [ 150.581708130440546, -35.009253416079488 ], [ 150.581715105338048, -35.009246460583874 ], [ 150.58172202845509, -35.009239403091421 ], [ 150.581728871241722, -35.009232245737344 ], [ 150.581737273561174, -35.009223176811872 ], [ 150.581743610106003, -35.009216169826168 ], [ 150.581749824924657, -35.009209203683909 ], [ 150.581755907559113, -35.009202335870519 ], [ 150.581761849741412, -35.009195623915019 ], [ 150.581767645420086, -35.009189124489168 ], [ 150.581773284137199, -35.009182895078339 ], [ 150.581778758719821, -35.009176993233467 ], [ 150.58178406090002, -35.009171476483523 ], [ 150.581789182409892, -35.009166402357607 ], [ 150.58179411500808, -35.009161827483801 ], [ 150.581798849331705, -35.009157809369341 ], [ 150.581803379276323, -35.00915440648788 ], [ 150.581807694410571, -35.009151675423865 ], [ 150.581811787561634, -35.009149673728174 ], [ 150.581815650488124, -35.009148458028925 ], [ 150.581819273800647, -35.009148086734299 ], [ 150.581824003312761, -35.009149068955949 ], [ 150.581827426996142, -35.009151049212889 ], [ 150.581830545924902, -35.009154002387135 ], [ 150.581833363714424, -35.009157842911449 ], [ 150.581835888227488, -35.009162489810684 ], [ 150.581838123052904, -35.009167858418536 ], [ 150.581840074984939, -35.009173866837031 ], [ 150.581841748680858, -35.009180431322676 ], [ 150.58184314879793, -35.009187468131955 ], [ 150.581844283251911, -35.009194894487756 ], [ 150.581845155604952, -35.009202626624763 ], [ 150.581845771556317, -35.00921058262314 ], [ 150.581846136858189, -35.009218678761201 ], [ 150.581846256167807, -35.009226831295422 ], [ 150.58184613630587, -35.009234957426862 ], [ 150.581845906846866, -35.009240703305814 ], [ 150.581845240253955, -35.009250317677179 ], [ 150.581844224905467, -35.009259757423813 ], [ 150.581842855591532, -35.009269013427215 ], [ 150.581841129292286, -35.009278076612489 ], [ 150.581839041919409, -35.009286936982008 ], [ 150.58183658930497, -35.009295587240935 ], [ 150.581833769550684, -35.009304017435269 ], [ 150.581830576325132, -35.009312219325601 ], [ 150.581827008825087, -35.009320182979742 ], [ 150.581823060692557, -35.009327901059194 ], [ 150.581818730055886, -35.009335362709017 ], [ 150.581814012747088, -35.009342560634359 ], [ 150.58180655536961, -35.009352468735656 ], [ 150.581800236638514, -35.009359912389158 ], [ 150.581793472591443, -35.009367260624558 ], [ 150.581786278686451, -35.009374621024371 ], [ 150.58177867371964, -35.009382099434788 ], [ 150.581770674244069, -35.009389803460152 ], [ 150.581762297934205, -35.009397839825709 ], [ 150.581753561369538, -35.009406315234919 ], [ 150.581744481129363, -35.009415336391164 ], [ 150.581735075983175, -35.009425010041554 ], [ 150.581725361362089, -35.009435444669549 ], [ 150.581720441526073, -35.009440924866375 ], [ 150.581715516243207, -35.00944655279487 ], [ 150.581710551389449, -35.009452371045114 ], [ 150.581705565818851, -35.009458371879767 ], [ 150.581700571868396, -35.009464545628653 ], [ 150.581695588418654, -35.009470883653478 ], [ 150.581690628875151, -35.009477377206821 ], [ 150.581685710996936, -35.00948401852952 ], [ 150.581680850432576, -35.009490797115944 ], [ 150.581676061656168, -35.009497705141456 ], [ 150.581671360289732, -35.009504733001322 ], [ 150.581666764092404, -35.009511872936429 ], [ 150.581662288659714, -35.009519116243041 ], [ 150.581657948545342, -35.009526452393672 ], [ 150.581653759291783, -35.009533874486472 ], [ 150.581649738711292, -35.00954137296042 ], [ 150.581645901330916, -35.009548938189013 ], [ 150.581642262693265, -35.009556563270387 ], [ 150.581638839568541, -35.009564236819827 ], [ 150.581635647472865, -35.009571952836389 ], [ 150.581632702054918, -35.009579700814484 ], [ 150.581630018910346, -35.009587472050384 ], [ 150.581627613634822, -35.009595257840338 ], [ 150.581624789261525, -35.009605927178534 ], [ 150.581622832594064, -35.009614812685619 ], [ 150.581621212097247, -35.009623704894423 ], [ 150.581619905870696, -35.009632603368374 ], [ 150.58161889310918, -35.009641507692692 ], [ 150.581618153007355, -35.009650417452676 ], [ 150.581617663664986, -35.009659332211676 ], [ 150.58161740537173, -35.009668251576798 ], [ 150.581617357295784, -35.009677176034174 ], [ 150.5816174964948, -35.009686103323531 ], [ 150.58161780323195, -35.009695033952887 ], [ 150.581618256701915, -35.009703967507427 ], [ 150.581618836099324, -35.009712903572414 ], [ 150.581619519523798, -35.00972184171124 ], [ 150.581620287264997, -35.009730781530976 ], [ 150.581621116327483, -35.00973972257318 ], [ 150.581621986974369, -35.009748665345839 ], [ 150.581622878453373, -35.009757607632309 ], [ 150.581623769932492, -35.00976654991878 ], [ 150.581624639511318, -35.00977549176865 ], [ 150.581625509547905, -35.009784864528406 ], [ 150.581626301447812, -35.009793876946958 ], [ 150.58162705173703, -35.009802888535958 ], [ 150.581627758198948, -35.009811900152677 ], [ 150.58162842417164, -35.009820910060753 ], [ 150.581629047438554, -35.009829919117443 ], [ 150.581629629094692, -35.009838927344575 ], [ 150.581630169139999, -35.00984793474219 ], [ 150.581630668669533, -35.009856941332046 ], [ 150.581631126588263, -35.009865947092372 ], [ 150.581631543991165, -35.009874952044981 ], [ 150.581631921973241, -35.009883956211716 ], [ 150.581632259439516, -35.009892959570713 ], [ 150.581632556389906, -35.009901962121994 ], [ 150.581632813892952, -35.009910964788332 ], [ 150.581633033096665, -35.00991996578967 ], [ 150.581633212879524, -35.00992896600512 ], [ 150.5816333532415, -35.009937965434659 ], [ 150.581633455277625, -35.009946964100173 ], [ 150.581633518987815, -35.009955962001605 ], [ 150.581633543735364, -35.009964980761481 ], [ 150.581633527031101, -35.009973993286174 ], [ 150.581633464415347, -35.009983002191163 ], [ 150.581633352629552, -35.009992006510068 ], [ 150.581633187320136, -35.010001005254587 ], [ 150.581632964186525, -35.010009995634626 ], [ 150.581632681065258, -35.010018976705545 ], [ 150.581632332481149, -35.010027948358221 ], [ 150.581631916323715, -35.010036907846164 ], [ 150.581631427117856, -35.010045855060241 ], [ 150.58163086275303, -35.010054787253978 ], [ 150.58163021884917, -35.010063704340027 ], [ 150.58162949001067, -35.010072603506444 ], [ 150.581628675142525, -35.010081484731387 ], [ 150.581627768822614, -35.010090346103858 ], [ 150.581626766697354, -35.010099186635557 ], [ 150.581625666629719, -35.010108004480962 ], [ 150.581624464266071, -35.010116798651801 ], [ 150.581623155279431, -35.010125567258889 ], [ 150.581621736411137, -35.010134309335804 ], [ 150.58161957267464, -35.010146430582786 ], [ 150.581617837265242, -35.010155317795423 ], [ 150.581615999564718, -35.010164069551763 ], [ 150.581614067522935, -35.010172639134097 ], [ 150.581612050131696, -35.010180981648332 ], [ 150.581609954192857, -35.010189052156818 ], [ 150.581607788751313, -35.010196803963609 ], [ 150.58160556167735, -35.01020419305376 ], [ 150.581603280894342, -35.010211173610465 ], [ 150.581600955394237, -35.010217700739702 ], [ 150.581598593126927, -35.010223727723705 ], [ 150.581596201989328, -35.01022920964661 ], [ 150.581593789851752, -35.010234102493506 ], [ 150.581591365759209, -35.010238359568461 ], [ 150.58158893651364, -35.01024193593377 ], [ 150.581586512228455, -35.010244785816305 ], [ 150.581584099705566, -35.010246864278386 ], [ 150.581581706841945, -35.010248126404122 ], [ 150.581579342682573, -35.010248525497616 ], [ 150.581576369246562, -35.01024773693274 ], [ 150.581574086854943, -35.010246140909054 ], [ 150.581571854597883, -35.010243735466851 ], [ 150.581569676597411, -35.010240566663107 ], [ 150.581567558096992, -35.010236679675657 ], [ 150.581565504234078, -35.010232123286087 ], [ 150.581563520305195, -35.010226940870346 ], [ 150.581561612569288, -35.010221180330959 ], [ 150.581559786243332, -35.010214887746642 ], [ 150.581558045475759, -35.010208108273446 ], [ 150.581556396551974, -35.010200888912912 ], [ 150.581554844715527, -35.010193274842869 ], [ 150.581553395156703, -35.01018531304301 ], [ 150.58155205309248, -35.010177049592151 ], [ 150.581550823739803, -35.01016853056904 ], [ 150.58154971341051, -35.010159802074291 ], [ 150.581548726199998, -35.010150911065793 ], [ 150.581547867378248, -35.01014190182044 ], [ 150.581547143204062, -35.010132822240706 ] ] ] ] } },
{ "type": "Feature", "properties": { "OBJECTID": 10, "Comments": "Operational noise contour - OpContoursBuild2040Night", "FSource": "MOTTM - noise specialists model run for Rev B", "SourceDate": 20251027.0, "Supplier": "MOTTM", "path_windows": "C:\\Users\\bri86955\\Mott MacDonald\\MGO - Moata Geospatial - JBR2HR\\01Incoming\\20251024_Noise\\Noise shp files Rev B\\Noise Rev B figures\\Metadata\\OpContours\\OpContoursBuild2040Night.shp", "path_rootname": "OpContoursBuild2040Night", "IsoValue": 70, "shapefile_type": "shapefile_polygon", "SHAPE_Length": 463.06755425913457, "SHAPE_Area": 1818.069579182915 }, "geometry": { "type": "MultiPolygon", "coordinates": [ [ [ [ 150.581797403902698, -35.008873106539276 ], [ 150.581796587793491, -35.008864655251394 ], [ 150.581795912349719, -35.008856189639658 ], [ 150.581795366773122, -35.008847667119923 ], [ 150.581794948740992, -35.008839092153217 ], [ 150.581794652725165, -35.008830466432265 ], [ 150.581794475307987, -35.008821794396255 ], [ 150.581794409839716, -35.008813078617067 ], [ 150.581794455092648, -35.008804323577536 ], [ 150.581794604470247, -35.008795530047614 ], [ 150.581794853433166, -35.008786703345649 ], [ 150.58179519971182, -35.008777846130762 ], [ 150.58179563668304, -35.008768960073901 ], [ 150.581796160902627, -35.00876005051515 ], [ 150.581796767910902, -35.008751120070052 ], [ 150.58179745327476, -35.008742170453147 ], [ 150.581798213549945, -35.00873320700456 ], [ 150.581799043208349, -35.008724231417069 ], [ 150.581799937763833, -35.008715247207064 ], [ 150.581800893825175, -35.00870625791282 ], [ 150.581801905837779, -35.008697266128024 ], [ 150.581803115116031, -35.008687082029773 ], [ 150.581804227019717, -35.008678121083058 ], [ 150.581805381886397, -35.008669115017959 ], [ 150.581806577147347, -35.008660039443683 ], [ 150.581807810127657, -35.008650873573181 ], [ 150.581809074947046, -35.008641593851102 ], [ 150.581810368904172, -35.008632180391359 ], [ 150.581811688308704, -35.008622609682227 ], [ 150.581813030512336, -35.008612860035754 ], [ 150.581814390729789, -35.008602907918423 ], [ 150.581815765164663, -35.00859273342229 ], [ 150.581817151221628, -35.008582313057509 ], [ 150.581818545183978, -35.008571624213332 ], [ 150.58181994218674, -35.008560646059017 ], [ 150.581821339608155, -35.008549356005702 ], [ 150.581822733731371, -35.008537731442608 ], [ 150.58182412081311, -35.008525750659906 ], [ 150.581825497136521, -35.008513391046876 ], [ 150.581826860053212, -35.008500630915542 ], [ 150.581828203629954, -35.008487448512398 ], [ 150.581828882367375, -35.008480546894198 ], [ 150.581829545907254, -35.008473640465709 ], [ 150.581830203525556, -35.00846663746227 ], [ 150.581830854983536, -35.008459545992345 ], [ 150.58183150113743, -35.008452374186163 ], [ 150.581832140680007, -35.008445129229401 ], [ 150.581832775535958, -35.008437820175118 ], [ 150.581833403303051, -35.008430454187128 ], [ 150.581834024837548, -35.008423039395701 ], [ 150.58183464099568, -35.008415583931125 ], [ 150.581835249322125, -35.008408096759084 ], [ 150.581835852916214, -35.00840058425166 ], [ 150.581836449349197, -35.008393054473601 ], [ 150.58183703832924, -35.008385517335235 ], [ 150.581837621887161, -35.008377978285843 ], [ 150.581838197514628, -35.008370448093032 ], [ 150.581838767242459, -35.008362932206062 ], [ 150.581839329710391, -35.00835543961248 ], [ 150.581839884679624, -35.008347978420744 ], [ 150.581840433006448, -35.008340556761098 ], [ 150.581840974452092, -35.008333182742 ], [ 150.581841507709299, -35.008325863549089 ], [ 150.581842034702845, -35.008318608235435 ], [ 150.581842553030413, -35.008311423964862 ], [ 150.581843064643351, -35.008304318889465 ], [ 150.581843568181284, -35.008297301996798 ], [ 150.58184406345859, -35.008290379593419 ], [ 150.581844551304982, -35.008283560710524 ], [ 150.581845031508152, -35.008276852555625 ], [ 150.581845503802896, -35.008270264138112 ], [ 150.581845967950443, -35.008263803566379 ], [ 150.581846423765086, -35.008257477147033 ], [ 150.581846870955019, -35.008251294790362 ], [ 150.581847309308046, -35.00824526370387 ], [ 150.581847740775373, -35.008239392039663 ], [ 150.581848161833278, -35.008233687840693 ], [ 150.581848575554488, -35.008228158379936 ], [ 150.581848980578798, -35.008222812644931 ], [ 150.581849376693924, -35.008217657843211 ], [ 150.581849763661182, -35.008212702083178 ], [ 150.581855816134777, -35.008158818585812 ], [ 150.581864625267173, -35.008132952621239 ], [ 150.581881448052997, -35.008108979912862 ], [ 150.581883759237002, -35.008106135880801 ], [ 150.581887556752235, -35.008101521247539 ], [ 150.581891619603425, -35.008096639660245 ], [ 150.581895927762162, -35.008091501537251 ], [ 150.581900461173518, -35.008086118197895 ], [ 150.581905198714054, -35.008080500038631 ], [ 150.58191012259843, -35.008074655719611 ], [ 150.581915210528706, -35.008068598318346 ], [ 150.581920443651001, -35.008062335572198 ], [ 150.581925801883926, -35.008055879701388 ], [ 150.581931265225563, -35.008049240223357 ], [ 150.581936812526038, -35.008042428435559 ], [ 150.58194242600004, -35.008035452998143 ], [ 150.581948083376204, -35.008028326087718 ], [ 150.581953766816071, -35.008021058166278 ], [ 150.581959454154457, -35.008013657806707 ], [ 150.581965126404953, -35.008006137251058 ], [ 150.581970764660724, -35.007998506038632 ], [ 150.581976346730016, -35.007990773643229 ], [ 150.581981854694959, -35.007982953229686 ], [ 150.581987266416832, -35.007975052469945 ], [ 150.581994004172572, -35.007964871288152 ], [ 150.581998979063115, -35.007957070898271 ], [ 150.582003820939121, -35.007949211064528 ], [ 150.582008518691538, -35.007941296974302 ], [ 150.582013062438847, -35.007933329332133 ], [ 150.582017438934997, -35.007925311479873 ], [ 150.582021640435471, -35.007917245967569 ], [ 150.582025653720791, -35.007909135236162 ], [ 150.582029467734912, -35.00790098267116 ], [ 150.582033073611797, -35.00789279170175 ], [ 150.582036460375008, -35.007884563010613 ], [ 150.582039614752034, -35.007876300840593 ], [ 150.582042527929872, -35.007868006818946 ], [ 150.582045188826015, -35.007859685232141 ], [ 150.58204758643754, -35.007851337663851 ], [ 150.582049709734946, -35.007842966598616 ], [ 150.582051547662275, -35.007834575421974 ], [ 150.582053090285029, -35.007826166640328 ], [ 150.582054325478822, -35.007817742716419 ], [ 150.582055243282582, -35.007809307057599 ], [ 150.582055832693527, -35.007800861247496 ], [ 150.582056096897929, -35.007791515602285 ], [ 150.582056003467358, -35.007782966936873 ], [ 150.582055615482972, -35.007774412400529 ], [ 150.582054958156277, -35.007765851594286 ], [ 150.582054057714203, -35.00775728684382 ], [ 150.582052938273222, -35.007748717728354 ], [ 150.582051623949866, -35.007740143827071 ], [ 150.582050142065953, -35.007731567487497 ], [ 150.582048514574552, -35.007722987344223 ], [ 150.582046769892429, -35.007714405766592 ], [ 150.582044931041139, -35.007705822311998 ], [ 150.582043023232046, -35.007697236581464 ], [ 150.58204107159699, -35.007688650878833 ], [ 150.582039101347391, -35.007680064805143 ], [ 150.582037136599666, -35.007671477939624 ], [ 150.582035204675606, -35.007662892629774 ], [ 150.582033328623083, -35.007654307532036 ], [ 150.582031534668886, -35.007645724972093 ], [ 150.582029845834427, -35.007637144507349 ], [ 150.58202828952102, -35.007628565782476 ], [ 150.582026889765388, -35.007619991079544 ], [ 150.582025593172915, -35.007610852311885 ], [ 150.58202450924378, -35.007601821451601 ], [ 150.582023621318598, -35.007592794498031 ], [ 150.582022922853838, -35.007583770419259 ], [ 150.582022412701434, -35.007574750995346 ], [ 150.582022086507834, -35.007565735238067 ], [ 150.582021939893025, -35.007556723060105 ], [ 150.582021969598486, -35.007547713495036 ], [ 150.582022172286116, -35.007538708279284 ], [ 150.58202254469748, -35.007529706446412 ], [ 150.582023082478997, -35.007520707008183 ], [ 150.582023782292652, -35.007511711700985 ], [ 150.582024640879865, -35.007502719558424 ], [ 150.582025653860683, -35.007493730493159 ], [ 150.582026819071586, -35.007484743560639 ], [ 150.582028130984497, -35.007475760453566 ], [ 150.582029587435898, -35.007466780227368 ], [ 150.582031182950857, -35.007457802772898 ], [ 150.582032916460776, -35.007448827167423 ], [ 150.582034783532634, -35.007439855125462 ], [ 150.58203615707427, -35.007433616409038 ], [ 150.58203816070727, -35.00742495539042 ], [ 150.582040261820509, -35.007416295413222 ], [ 150.582042449410949, -35.007407638061061 ], [ 150.58204470929681, -35.00739898124835 ], [ 150.582047029380078, -35.00739032653685 ], [ 150.582049396547404, -35.007381672763771 ], [ 150.582051797685352, -35.007373018766209 ], [ 150.582054219601048, -35.007364366084204 ], [ 150.582056650302633, -35.007355712675768 ], [ 150.582059075502173, -35.007347060059075 ], [ 150.582061483207838, -35.00733840619214 ], [ 150.582063861321672, -35.007329752636835 ], [ 150.582066194566949, -35.00732109728569 ], [ 150.58206847303569, -35.007312441744169 ], [ 150.582070680356111, -35.007303783883032 ], [ 150.582072806620289, -35.007295125307763 ], [ 150.582074837646445, -35.007286463932729 ], [ 150.582076760241705, -35.00727780129796 ], [ 150.582078562414296, -35.00726913536149 ], [ 150.582080230971286, -35.007260467663308 ], [ 150.582081812047363, -35.007251459270087 ], [ 150.582083241218896, -35.007242474893182 ], [ 150.582084534584965, -35.007233488710931 ], [ 150.582085702027058, -35.007224500018843 ], [ 150.582086754442088, -35.007215510837035 ], [ 150.582087702806376, -35.007206520482804 ], [ 150.582088555853431, -35.007197530031718 ], [ 150.582089326723121, -35.007188539745641 ], [ 150.58209002414884, -35.007179550700123 ], [ 150.582090659107024, -35.007170562212472 ], [ 150.582091242494499, -35.007161576302806 ], [ 150.582091784192698, -35.007152592266607 ], [ 150.582092296219969, -35.007143611244892 ], [ 150.582092788431197, -35.007134633434063 ], [ 150.582093270681298, -35.007125659030557 ], [ 150.58209375389356, -35.007116689153534 ], [ 150.582094249017899, -35.007107724021253 ], [ 150.582094765909176, -35.007098763830129 ], [ 150.582095316612254, -35.007089808820226 ], [ 150.582095910928899, -35.007080860989838 ], [ 150.582096440663037, -35.007073474113731 ], [ 150.582097138862935, -35.00706449590102 ], [ 150.58209789356593, -35.007055608059638 ], [ 150.582098705635673, -35.007046855680159 ], [ 150.582099575962445, -35.007038282952124 ], [ 150.582100504288491, -35.007029935845239 ], [ 150.582101492519428, -35.007021861273721 ], [ 150.582102541572056, -35.007014102526227 ], [ 150.582103651162072, -35.007006706473362 ], [ 150.582104822153241, -35.006999718205698 ], [ 150.582106056477727, -35.006993183736469 ], [ 150.582107355025812, -35.006987147255337 ], [ 150.582108716418247, -35.00698165561105 ], [ 150.582110143708746, -35.006976753937806 ], [ 150.582111636692673, -35.006972486403377 ], [ 150.582113196180671, -35.006968899900166 ], [ 150.582114823036534, -35.006966039518744 ], [ 150.582116518097536, -35.006963951250569 ], [ 150.582118281159012, -35.006962679263438 ], [ 150.58212011522167, -35.006962270493418 ], [ 150.58212272438999, -35.006963147338219 ], [ 150.582124640954049, -35.006964736960825 ], [ 150.582126592229912, -35.006967082704207 ], [ 150.58212856410799, -35.006970142819689 ], [ 150.58213054472165, -35.006973873800355 ], [ 150.582132519908242, -35.006978235699393 ], [ 150.582134476679641, -35.006983185889027 ], [ 150.58213640095272, -35.006988681719641 ], [ 150.582138279686319, -35.006994682365317 ], [ 150.582140099892314, -35.007001145198288 ], [ 150.582141848555949, -35.007008028491668 ], [ 150.5821435126891, -35.007015289617705 ], [ 150.582145077034056, -35.00702288860775 ], [ 150.58214653084562, -35.007030781075791 ], [ 150.582147858866108, -35.007038927053223 ], [ 150.582149049202201, -35.007047283934057 ], [ 150.582150087744282, -35.007055809969643 ], [ 150.582150961504055, -35.007064462532185 ], [ 150.582151656345303, -35.007073200773945 ], [ 150.582152160374733, -35.007081982088948 ], [ 150.582152500201602, -35.00709243325317 ], [ 150.582152586851493, -35.007101324341654 ], [ 150.582152506904237, -35.007110217518516 ], [ 150.58215228121756, -35.007119111396577 ], [ 150.58215193054312, -35.007128008192332 ], [ 150.582151474643666, -35.00713690649674 ], [ 150.582150932134027, -35.007145806680803 ], [ 150.582150324913812, -35.007154709180988 ], [ 150.582149671597875, -35.007163614368302 ], [ 150.582148994112401, -35.007172521778287 ], [ 150.582148309950753, -35.007181432661071 ], [ 150.582147642160606, -35.007190345673074 ], [ 150.58214700826187, -35.007199261163443 ], [ 150.582146430154268, -35.007208179568693 ], [ 150.582145926426108, -35.007217102160773 ], [ 150.582145517935231, -35.007226027552427 ], [ 150.582145225486414, -35.007234956158356 ], [ 150.582145067694569, -35.007243888349535 ], [ 150.582145065391018, -35.007252823639703 ], [ 150.582145238259073, -35.007261763322617 ], [ 150.582145401518119, -35.007266377577693 ], [ 150.582145849331027, -35.007275170392603 ], [ 150.582146460297366, -35.007283966459276 ], [ 150.58214721908729, -35.007292765472158 ], [ 150.582148108154513, -35.007301567983006 ], [ 150.582149111127308, -35.007310371862609 ], [ 150.582150212649282, -35.007319177706336 ], [ 150.582151395200697, -35.00732798516502 ], [ 150.582152642330186, -35.007336794812232 ], [ 150.582153938760939, -35.007345604540589 ], [ 150.582155265851611, -35.007354414879984 ], [ 150.582156608245867, -35.007363226425838 ], [ 150.582157949571894, -35.007372037048924 ], [ 150.582159274473298, -35.007380847344635 ], [ 150.582160563240251, -35.007389656920154 ], [ 150.58216180270631, -35.007398466414493 ], [ 150.582162974309682, -35.007407273654849 ], [ 150.582164062693977, -35.007416079236542 ], [ 150.582165050339256, -35.00742488281044 ], [ 150.582165921889128, -35.00743368497195 ], [ 150.582166659876748, -35.007442483569989 ], [ 150.582167282085891, -35.007451790992 ], [ 150.5821677257251, -35.007460800075457 ], [ 150.582168014997052, -35.007469805180811 ], [ 150.582168153133637, -35.007478808175392 ], [ 150.582168141256346, -35.007487808180102 ], [ 150.582167980486616, -35.007496804315821 ], [ 150.582167672961333, -35.00750579842807 ], [ 150.582167220896963, -35.00751478965956 ], [ 150.58216662541497, -35.007523777131162 ], [ 150.582165887557295, -35.007532762666571 ], [ 150.582165009566864, -35.007541744507577 ], [ 150.582163994675568, -35.007550724521501 ], [ 150.582162841814949, -35.007559701785581 ], [ 150.58216155429642, -35.007568675464348 ], [ 150.582160134256867, -35.007577647403323 ], [ 150.582158582817783, -35.00758661672338 ], [ 150.58215690110066, -35.007595582545392 ], [ 150.582155091242356, -35.007604546714887 ], [ 150.582153155485884, -35.007613507473629 ], [ 150.582151094873154, -35.007622466645309 ], [ 150.582149460620144, -35.007629224820285 ], [ 150.582147280372737, -35.00763785617805 ], [ 150.582145013620277, -35.007646485811648 ], [ 150.582142672381195, -35.007655114862061 ], [ 150.582140273133376, -35.007663741854785 ], [ 150.582137828990284, -35.00767236795263 ], [ 150.582135355255218, -35.007680994362083 ], [ 150.582132867311202, -35.007689619586806 ], [ 150.582130379340072, -35.007698245712376 ], [ 150.582127904534843, -35.007706871198806 ], [ 150.582125460388909, -35.007715497296239 ], [ 150.582123058920672, -35.007724125145693 ], [ 150.582120715513099, -35.007732753250814 ], [ 150.582118445469689, -35.007741382818089 ], [ 150.582116262998852, -35.007750015032187 ], [ 150.582114183483554, -35.007758648396774 ], [ 150.582112220010771, -35.007767284975635 ], [ 150.582110389058499, -35.007775923294268 ], [ 150.582108703740232, -35.007784564515489 ], [ 150.582107179359383, -35.007793209845829 ], [ 150.582105830204029, -35.007801857767106 ], [ 150.582104536146829, -35.007811574122776 ], [ 150.582103538570664, -35.007820523830915 ], [ 150.582102713200442, -35.007829467055167 ], [ 150.582102043770362, -35.007838398062546 ], [ 150.582101515056678, -35.007847312943774 ], [ 150.582101110846679, -35.00785620416395 ], [ 150.582100818080022, -35.007865068758413 ], [ 150.582100619422476, -35.007873900071353 ], [ 150.582100499676727, -35.007882693292608 ], [ 150.58210044474049, -35.007891443633703 ], [ 150.582100437226444, -35.007900146240793 ], [ 150.582100463085339, -35.007908794523594 ], [ 150.582100507119804, -35.00791738367186 ], [ 150.58210055301106, -35.007925909754462 ], [ 150.582100586709771, -35.007934366181125 ], [ 150.582100591923592, -35.007942748119795 ], [ 150.582100552360203, -35.007951050738441 ], [ 150.582100455038756, -35.007959268369476 ], [ 150.582100282571872, -35.007967396159067 ], [ 150.582100020857212, -35.007975429318769 ], [ 150.582099674173804, -35.007982999234144 ], [ 150.582099053156014, -35.007992965188166 ], [ 150.582098242772133, -35.008002738961395 ], [ 150.582097232470005, -35.008012306821499 ], [ 150.582096009640139, -35.008021650487812 ], [ 150.582094565920329, -35.008030756271665 ], [ 150.582092889769541, -35.00803960681516 ], [ 150.582090969593651, -35.008048186562277 ], [ 150.582088795988568, -35.008056480000633 ], [ 150.582086358481746, -35.008064470695082 ], [ 150.582083645479031, -35.008072143089599 ], [ 150.582080646507904, -35.008079480749039 ], [ 150.58207734997427, -35.008086468117355 ], [ 150.58207374759553, -35.008093088803051 ], [ 150.582069826682698, -35.008099327228273 ], [ 150.582065577831628, -35.008105167880593 ], [ 150.582058891039679, -35.008112873753745 ], [ 150.582051622289129, -35.008119878405282 ], [ 150.582043827549057, -35.008126402006994 ], [ 150.582035590182699, -35.008132627415122 ], [ 150.582026994648174, -35.008138737507714 ], [ 150.582018123187055, -35.008144916020143 ], [ 150.582009061379011, -35.008151344951386 ], [ 150.581999892560447, -35.008158208058703 ], [ 150.581990700094252, -35.008165688198396 ], [ 150.58198156843838, -35.008173968248634 ], [ 150.581972582050611, -35.008183231087592 ], [ 150.581966875605019, -35.008189828761488 ], [ 150.581962390389521, -35.008195435726108 ], [ 150.581957980169932, -35.008201323639959 ], [ 150.581953650898782, -35.008207476395313 ], [ 150.581949409570427, -35.008213879708137 ], [ 150.581945259867808, -35.008220520129839 ], [ 150.581941211001862, -35.008227382519124 ], [ 150.581937265613561, -35.008234451603705 ], [ 150.581933432887354, -35.008241713143178 ], [ 150.581929717601213, -35.008249153710814 ], [ 150.581926125681036, -35.008256758099826 ], [ 150.581922663052893, -35.00826451110342 ], [ 150.581919335616192, -35.008272398415706 ], [ 150.581916150338969, -35.008280406653611 ], [ 150.58191311317367, -35.008288519709424 ], [ 150.581910229993298, -35.008296724178209 ], [ 150.581907506723923, -35.008305004853149 ], [ 150.581904949264981, -35.008313347428427 ], [ 150.581902563515996, -35.00832173759818 ], [ 150.581900356498039, -35.008330160177429 ], [ 150.581898332989084, -35.008338601739439 ], [ 150.581896369856196, -35.008347671925428 ], [ 150.581894636333061, -35.008356646625437 ], [ 150.581893100978562, -35.008365626176975 ], [ 150.58189175727577, -35.008374608647223 ], [ 150.581890595316679, -35.008383595641611 ], [ 150.581889607489359, -35.008392585205513 ], [ 150.58188878717084, -35.008401579009799 ], [ 150.581888125654103, -35.008410575078038 ], [ 150.581887614126202, -35.008419575037472 ], [ 150.58188724607021, -35.008428576955261 ], [ 150.581887011578033, -35.008437582436855 ], [ 150.581886905227776, -35.008446589571243 ], [ 150.581886917111405, -35.008455599963867 ], [ 150.58188703961693, -35.008464611660052 ], [ 150.581887265026353, -35.008473626308884 ], [ 150.581887585727713, -35.008482641955716 ], [ 150.581887992907923, -35.00849166022779 ], [ 150.581888478955079, -35.008500679170467 ], [ 150.581889036151068, -35.008509700432811 ], [ 150.581889656883959, -35.00851872206016 ], [ 150.581890450848931, -35.008529265209823 ], [ 150.581891173402823, -35.008538214946519 ], [ 150.58189193537703, -35.008547165468997 ], [ 150.581892728038042, -35.008556115701666 ], [ 150.581893542572772, -35.008565067271803 ], [ 150.581894373532663, -35.008574019169338 ], [ 150.581895213279296, -35.008582970340527 ], [ 150.581896052999497, -35.008591922412656 ], [ 150.581896887244824, -35.008600874375631 ], [ 150.58189770618668, -35.008609825132098 ], [ 150.581898505392047, -35.008618776396581 ], [ 150.581899275032328, -35.008627727071747 ], [ 150.58190000856402, -35.008636676125683 ], [ 150.581900698268981, -35.008645625207464 ], [ 150.581901337603739, -35.008654573285213 ], [ 150.581901918929731, -35.008663519305166 ], [ 150.581902433433811, -35.008672464894616 ], [ 150.581902875667424, -35.008681409043497 ], [ 150.581903236897091, -35.008690350676233 ], [ 150.581903509404611, -35.008699291441921 ], [ 150.581903692703406, -35.008708471120897 ], [ 150.581903772716402, -35.008717474758058 ], [ 150.581903754364362, -35.008726470124223 ], [ 150.581903635563322, -35.008735453572001 ], [ 150.581903416392805, -35.008744422398564 ], [ 150.58190309479545, -35.008753372055573 ], [ 150.581902670850837, -35.0087622998402 ], [ 150.581902143516857, -35.00877120392876 ], [ 150.581901511857779, -35.0087800788938 ], [ 150.581900773763095, -35.008788921988845 ], [ 150.581899929312357, -35.00879773051107 ], [ 150.58189897642157, -35.008806500813073 ], [ 150.581897916265405, -35.008815230213862 ], [ 150.581896745664835, -35.008823915044218 ], [ 150.581895464725932, -35.008832551700365 ], [ 150.581894072459846, -35.008841136556754 ], [ 150.581892567824553, -35.00884966778964 ], [ 150.581890949884183, -35.008858139971572 ], [ 150.581889217570222, -35.008866552179811 ], [ 150.581887369920281, -35.008874899887793 ], [ 150.581885459610078, -35.008882956976052 ], [ 150.581883135817435, -35.008892107413956 ], [ 150.581880685769619, -35.008901080450649 ], [ 150.581878120754283, -35.008909827631975 ], [ 150.581875453180544, -35.008918299624611 ], [ 150.581872692172681, -35.008926447029779 ], [ 150.581869850113321, -35.00893422141516 ], [ 150.58186693617975, -35.008941571580081 ], [ 150.581863962728164, -35.008948449993134 ], [ 150.58186094107279, -35.008954807299197 ], [ 150.581857881432938, -35.008960594121348 ], [ 150.581854794054351, -35.008965760181709 ], [ 150.581851691293281, -35.008970257948874 ], [ 150.581848583369037, -35.008974038045899 ], [ 150.581845481649026, -35.008977049315824 ], [ 150.581842396272862, -35.008979245084504 ], [ 150.581839338608034, -35.008980574194993 ], [ 150.581836319942255, -35.008980988193095 ], [ 150.581834220117656, -35.008980709250196 ], [ 150.581831262106618, -35.008979509931216 ], [ 150.581828366654605, -35.008977413998856 ], [ 150.581825541009579, -35.008974472981144 ], [ 150.58182279354105, -35.008970737527051 ], [ 150.581820130428497, -35.008966258241877 ], [ 150.581817558893391, -35.008961087554596 ], [ 150.581815087331648, -35.008955275213232 ], [ 150.581812720801196, -35.008948872702206 ], [ 150.58181046876652, -35.008941930692252 ], [ 150.581808336285405, -35.00893450066782 ], [ 150.581806332822396, -35.008926633299666 ], [ 150.581804464530279, -35.008918380094016 ], [ 150.58180273868345, -35.008909791677986 ], [ 150.581801162556275, -35.008900918678734 ], [ 150.581799742301627, -35.008891812602464 ], [ 150.581798487357304, -35.00888252502088 ], [ 150.581797403902698, -35.008873106539276 ] ] ] ] } },
{ "type": "Feature", "properties": { "OBJECTID": 11, "Comments": "Operational noise contour - OpContoursBuild2040Night", "FSource": "MOTTM - noise specialists model run for Rev B", "SourceDate": 20251027.0, "Supplier": "MOTTM", "path_windows": "C:\\Users\\bri86955\\Mott MacDonald\\MGO - Moata Geospatial - JBR2HR\\01Incoming\\20251024_Noise\\Noise shp files Rev B\\Noise Rev B figures\\Metadata\\OpContours\\OpContoursBuild2040Night.shp", "path_rootname": "OpContoursBuild2040Night", "IsoValue": 70, "shapefile_type": "shapefile_polygon", "SHAPE_Length": 244.66745934125279, "SHAPE_Area": 922.85524017591615 }, "geometry": { "type": "MultiPolygon", "coordinates": [ [ [ [ 150.582284071868941, -35.006710371747836 ], [ 150.582283468420997, -35.006700798766595 ], [ 150.582283328838741, -35.006693556306431 ], [ 150.582283417618839, -35.006686148921673 ], [ 150.58228370931144, -35.006678585119779 ], [ 150.582284177371719, -35.006670873386383 ], [ 150.58228479629679, -35.006663024030843 ], [ 150.582285539594892, -35.00665504373692 ], [ 150.582286382831654, -35.006646943736691 ], [ 150.582287299488712, -35.006638731614878 ], [ 150.582288262994865, -35.00663041675805 ], [ 150.582289247900263, -35.006622007673677 ], [ 150.582290229823599, -35.006613513791997 ], [ 150.582291181125129, -35.006604943576832 ], [ 150.582292077423602, -35.006596306458384 ], [ 150.582292891079277, -35.006587610900532 ], [ 150.582293597710873, -35.006578866333449 ], [ 150.582294171895228, -35.006570080363709 ], [ 150.582294585913075, -35.006561264157959 ], [ 150.582294815462745, -35.006552424443591 ], [ 150.582294835041523, -35.006543571529974 ], [ 150.582294725931121, -35.006537899130372 ], [ 150.582294382776212, -35.006529160685709 ], [ 150.582293841403555, -35.00652041919215 ], [ 150.582293123765908, -35.006511673284301 ], [ 150.582292248424892, -35.006502925134974 ], [ 150.582291235143202, -35.006494173335092 ], [ 150.58229010576747, -35.006485420123006 ], [ 150.582288877870354, -35.006476664045962 ], [ 150.582287573298487, -35.006467907342298 ], [ 150.582286210719474, -35.006459148581087 ], [ 150.582284810884971, -35.006450389978845 ], [ 150.582283393557589, -35.006441630126517 ], [ 150.582281978393837, -35.006432871218742 ], [ 150.58228058515644, -35.006424111846457 ], [ 150.582279233501936, -35.006415354204343 ], [ 150.582277944287853, -35.00640659690513 ], [ 150.582276737170787, -35.006397842143535 ], [ 150.582275633008294, -35.006389088532266 ], [ 150.582274649266935, -35.006380338222371 ], [ 150.58227380789927, -35.006371589848435 ], [ 150.582273127466777, -35.00636284558329 ], [ 150.582272576260948, -35.006353023936505 ], [ 150.582272266495352, -35.006344044563981 ], [ 150.582272139564282, -35.006335069736721 ], [ 150.582272191140873, -35.006326097565534 ], [ 150.582272414602159, -35.006317129721367 ], [ 150.582272807811108, -35.006308164358693 ], [ 150.582273364144839, -35.006299203148465 ], [ 150.582274080371405, -35.006290244223308 ], [ 150.582274952057759, -35.006281289297831 ], [ 150.58227597378206, -35.006272336461024 ], [ 150.582277141111319, -35.006263387427495 ], [ 150.582278449718558, -35.006254440308027 ], [ 150.582279894075924, -35.006245496795422 ], [ 150.58228147204639, -35.006236555044126 ], [ 150.582283177007042, -35.006227616725099 ], [ 150.582285004630961, -35.006218679949136 ], [ 150.582286951580187, -35.006209746452683 ], [ 150.582289011337821, -35.006200814302879 ], [ 150.582291180565903, -35.006191885236184 ], [ 150.582293454937513, -35.006182957363357 ], [ 150.58229523013685, -35.006176247967993 ], [ 150.582297587786229, -35.006167617435814 ], [ 150.582300016608343, -35.00615898832195 ], [ 150.58230250236852, -35.006150360342758 ], [ 150.58230503411707, -35.006141733280003 ], [ 150.582307598714237, -35.0061331068718 ], [ 150.582310181925351, -35.006124480834508 ], [ 150.582312772800691, -35.006115854949861 ], [ 150.582315357079096, -35.006107229835145 ], [ 150.582317922768851, -35.006098603448422 ], [ 150.582320456703826, -35.00608997642879 ], [ 150.582322945744295, -35.006081348514385 ], [ 150.582325377845592, -35.006072719465159 ], [ 150.582327739868077, -35.006064089019276 ], [ 150.582330018672081, -35.006055456914872 ], [ 150.58233220221291, -35.006046822911919 ], [ 150.58233427622946, -35.006038187627688 ], [ 150.582336228730099, -35.006029549020255 ], [ 150.582338047643645, -35.006020907750553 ], [ 150.582339718735483, -35.006012263534885 ], [ 150.582341229961031, -35.006003616133228 ], [ 150.582342664621024, -35.005994331671673 ], [ 150.582343875383742, -35.00598535826142 ], [ 150.582344928390626, -35.00597638441166 ], [ 150.582345835606901, -35.005967413065257 ], [ 150.582346610198755, -35.005958443583133 ], [ 150.582347267416282, -35.005949478973598 ], [ 150.582347819277658, -35.005940520377628 ], [ 150.582348278869546, -35.005931569858973 ], [ 150.5823486604001, -35.005922628602242 ], [ 150.582348976982416, -35.005913697770232 ], [ 150.582349242745153, -35.005904781250372 ], [ 150.582349468664461, -35.005895878359937 ], [ 150.582349671111899, -35.005886991228131 ], [ 150.582349862079127, -35.005878121896863 ], [ 150.582350054652721, -35.005869272429862 ], [ 150.582350261945834, -35.005860443989931 ], [ 150.58235049926148, -35.005851637783508 ], [ 150.582350777496373, -35.005842855830643 ], [ 150.5823511119535, -35.005834099337818 ], [ 150.582351514597946, -35.00582537124788 ], [ 150.582351955718536, -35.0058173831274 ], [ 150.582352551895269, -35.005808221682884 ], [ 150.582353241970338, -35.005799182906181 ], [ 150.582354025553457, -35.005790317271597 ], [ 150.582354903402461, -35.005781673473493 ], [ 150.582355876301648, -35.005773299305183 ], [ 150.582356943860816, -35.005765245241058 ], [ 150.582358106917354, -35.005757557272624 ], [ 150.58235936614949, -35.00575028679696 ], [ 150.582360722341605, -35.00574348160746 ], [ 150.582362174061558, -35.005737190354772 ], [ 150.582363723135614, -35.005731462655966 ], [ 150.582365370374703, -35.005726345403467 ], [ 150.582367115388678, -35.005721889071651 ], [ 150.582368957840401, -35.005718142332974 ], [ 150.582370900704177, -35.005715153024468 ], [ 150.582372941426513, -35.005712970675916 ], [ 150.582375081886738, -35.00571164310248 ], [ 150.582377322789739, -35.005711220800364 ], [ 150.582378919299202, -35.005711474377073 ], [ 150.582381207140259, -35.005712546740689 ], [ 150.582383551443542, -35.005714418027566 ], [ 150.582385933799117, -35.005717043698901 ], [ 150.582388333527717, -35.005720381875143 ], [ 150.582390728907967, -35.005724388853039 ], [ 150.582393102571956, -35.005729021917496 ], [ 150.582395432771847, -35.005734238266214 ], [ 150.582397698907755, -35.005739993316787 ], [ 150.582399882490193, -35.005746245233297 ], [ 150.582401961797814, -35.005752950312463 ], [ 150.5824039172727, -35.005760065795592 ], [ 150.582405730451768, -35.005767548945848 ], [ 150.582407378518724, -35.005775356038129 ], [ 150.582408843010512, -35.005783444335549 ], [ 150.582410103300646, -35.005791770156684 ], [ 150.582411139831095, -35.005800290742826 ], [ 150.582411930853908, -35.005808963291649 ], [ 150.582412459027466, -35.005817744187183 ], [ 150.582412701508815, -35.005826590605253 ], [ 150.582412709833676, -35.005831332486245 ], [ 150.582412519176131, -35.005839856562233 ], [ 150.582412089098995, -35.005848400206588 ], [ 150.582411447002926, -35.005856963063962 ], [ 150.582410617056809, -35.005865542911508 ], [ 150.582409626608268, -35.005874141195719 ], [ 150.582408502042654, -35.005882754836541 ], [ 150.582407268544245, -35.005891384335825 ], [ 150.582405953513813, -35.005900029338179 ], [ 150.582404583310165, -35.005908687664444 ], [ 150.582403183117663, -35.005917359816522 ], [ 150.582401779268594, -35.005926044516251 ], [ 150.582400398068813, -35.005934741386369 ], [ 150.582399066945641, -35.005943449170523 ], [ 150.582397811109928, -35.005952167469673 ], [ 150.582396656867587, -35.005960895906583 ], [ 150.582395630577508, -35.005969632302126 ], [ 150.582394758492541, -35.005978378080989 ], [ 150.582394065903173, -35.00598713014125 ], [ 150.582393581278723, -35.005995889050297 ], [ 150.582393328735179, -35.006004654387276 ], [ 150.582393300869001, -35.006010551227234 ], [ 150.582393461520041, -35.006019274316344 ], [ 150.582393845545425, -35.006028001856912 ], [ 150.582394435425698, -35.006036733499833 ], [ 150.582395210356424, -35.006045468830493 ], [ 150.582396151749634, -35.006054206576984 ], [ 150.582397240937837, -35.006062948170246 ], [ 150.58239845823806, -35.006071692316553 ], [ 150.582399783940843, -35.006080438623115 ], [ 150.582401199431644, -35.006089186718974 ], [ 150.582402686095975, -35.006097936233203 ], [ 150.582404223129345, -35.00610668675116 ], [ 150.582405793012185, -35.006115437923732 ], [ 150.582407376035007, -35.00612418935814 ], [ 150.58240895358324, -35.006132940683429 ], [ 150.582410504878908, -35.006141690584052 ], [ 150.582412012349351, -35.006150440512769 ], [ 150.582413456311542, -35.006159189175847 ], [ 150.582414817055962, -35.006167936180518 ], [ 150.582416077062959, -35.006176681177664 ], [ 150.582417214433008, -35.006185423730855 ], [ 150.582418248618467, -35.00619447072642 ], [ 150.58241913206885, -35.006203502097563 ], [ 150.58241986769778, -35.006212530522873 ], [ 150.582420457668547, -35.006221556946961 ], [ 150.582420900939297, -35.006230579546077 ], [ 150.582421199673291, -35.006239599264838 ], [ 150.582421356033962, -35.006248617047824 ], [ 150.582421370074343, -35.006257631093114 ], [ 150.582421241767804, -35.006266642301703 ], [ 150.582420974372724, -35.006275651639967 ], [ 150.582420567942137, -35.006284657306011 ], [ 150.582420023544387, -35.006293660222617 ], [ 150.582419342247931, -35.006302661312517 ], [ 150.582418525200723, -35.006311658795667 ], [ 150.582417573471218, -35.006320653594813 ], [ 150.582416488127762, -35.006329646632715 ], [ 150.582415270318336, -35.006338636129293 ], [ 150.582413922206371, -35.00634762302915 ], [ 150.582412442670318, -35.006356608211377 ], [ 150.582410833953134, -35.006365589917749 ], [ 150.582409847651036, -35.006370771725173 ], [ 150.582408098749227, -35.006379491015437 ], [ 150.582406250177542, -35.006388209220866 ], [ 150.582404312938792, -35.006396924757787 ], [ 150.582402300119554, -35.00640563968993 ], [ 150.58240022600765, -35.006414352499093 ], [ 150.582398100404788, -35.006423065183533 ], [ 150.582395938693622, -35.006431776246878 ], [ 150.582393751770951, -35.006440487709177 ], [ 150.582391553924538, -35.00644919805228 ], [ 150.582389356051067, -35.006457909296245 ], [ 150.582387172438303, -35.006466619922875 ], [ 150.582385013983014, -35.006475331952259 ], [ 150.582382896067912, -35.006484043888037 ], [ 150.58238082849482, -35.006492757728466 ], [ 150.58237882555153, -35.006501471955353 ], [ 150.582376899229729, -35.006510188610612 ], [ 150.582375062722264, -35.006518906154241 ], [ 150.58237332911591, -35.006527626649941 ], [ 150.582371709413451, -35.006536348514132 ], [ 150.582370218891668, -35.006545073854113 ], [ 150.582368816487133, -35.006554118266408 ], [ 150.582367564052703, -35.00656309264857 ], [ 150.582366438097608, -35.006572050620463 ], [ 150.58236543020675, -35.00658098029534 ], [ 150.582364528600607, -35.006589872423781 ], [ 150.58236372262121, -35.006598716877264 ], [ 150.582363003826941, -35.006607502669951 ], [ 150.582362359343335, -35.006616220530603 ], [ 150.582361780702314, -35.006624860374345 ], [ 150.582361256177336, -35.00663341114987 ], [ 150.582360775083828, -35.006641863629582 ], [ 150.58236032895374, -35.006650207728605 ], [ 150.582359904965557, -35.006658432373804 ], [ 150.582359492461194, -35.006666527436671 ], [ 150.58235908404103, -35.006674483755035 ], [ 150.582358665788576, -35.006682290234004 ], [ 150.582358229209206, -35.006689937689586 ], [ 150.582357763671325, -35.006697415092319 ], [ 150.582357257421933, -35.006704712291857 ], [ 150.582356701992865, -35.006711819203289 ], [ 150.582355162819084, -35.006727630903832 ], [ 150.582353755756628, -35.006738731468154 ], [ 150.582352118686572, -35.006749010719886 ], [ 150.582350236529209, -35.006758385423559 ], [ 150.582348092041315, -35.00676677139915 ], [ 150.582345666858259, -35.006774085345704 ], [ 150.582342944858482, -35.006780242204087 ], [ 150.582339908772354, -35.00678515869518 ], [ 150.582336541383341, -35.006788749737979 ], [ 150.582332826516904, -35.006790932075205 ], [ 150.582328745835099, -35.006791621504988 ], [ 150.582324410567907, -35.006790798608769 ], [ 150.582320369226011, -35.006788886288156 ], [ 150.582316202253196, -35.006785919452177 ], [ 150.582311985855085, -35.006781951904564 ], [ 150.582307793941226, -35.006777041009222 ], [ 150.582303699432231, -35.006771240504484 ], [ 150.582299779575635, -35.006764606017846 ], [ 150.582296107238875, -35.006757193089506 ], [ 150.582292756437539, -35.006749055479645 ], [ 150.582289803297328, -35.0067402496949 ], [ 150.582287321807144, -35.00673083039635 ], [ 150.582285387050774, -35.006720852266945 ], [ 150.582284071868941, -35.006710371747836 ] ] ] ] } },
{ "type": "Feature", "properties": { "OBJECTID": 12, "Comments": "Operational noise contour - OpContoursBuild2040Night", "FSource": "MOTTM - noise specialists model run for Rev B", "SourceDate": 20251027.0, "Supplier": "MOTTM", "path_windows": "C:\\Users\\bri86955\\Mott MacDonald\\MGO - Moata Geospatial - JBR2HR\\01Incoming\\20251024_Noise\\Noise shp files Rev B\\Noise Rev B figures\\Metadata\\OpContours\\OpContoursBuild2040Night.shp", "path_rootname": "OpContoursBuild2040Night", "IsoValue": 70, "shapefile_type": "shapefile_polygon", "SHAPE_Length": 185.09281030899848, "SHAPE_Area": 437.26642526382494 }, "geometry": { "type": "MultiPolygon", "coordinates": [ [ [ [ 150.582569630556407, -35.005447958335608 ], [ 150.582569221609276, -35.005441602958655 ], [ 150.582568924309953, -35.005435065005777 ], [ 150.58256872446151, -35.005428268470865 ], [ 150.58256861068989, -35.005421227550727 ], [ 150.582568575974562, -35.005413957430427 ], [ 150.582568610062992, -35.005406471427634 ], [ 150.582568703771216, -35.005398783782823 ], [ 150.582568850105076, -35.0053909087801 ], [ 150.582569037637597, -35.005382862418152 ], [ 150.582569259454289, -35.005374656278271 ], [ 150.58256950522312, -35.005366306380971 ], [ 150.582569766855045, -35.005357826988536 ], [ 150.582570034097586, -35.005349231418656 ], [ 150.582570298835236, -35.005340534834588 ], [ 150.582570551883947, -35.005331751476753 ], [ 150.5825707840863, -35.005322894684689 ], [ 150.582570987300187, -35.005313980522573 ], [ 150.582571152394678, -35.00530502142896 ], [ 150.582571269064346, -35.005296032523447 ], [ 150.582571329220144, -35.005287028068331 ], [ 150.582571324331184, -35.005277441772407 ], [ 150.582571263158144, -35.005268427687852 ], [ 150.582571155159116, -35.005259366695377 ], [ 150.582571009783294, -35.005250235545155 ], [ 150.582570836400265, -35.005241013690132 ], [ 150.582570644432735, -35.005231678781421 ], [ 150.582570443329814, -35.005222207569169 ], [ 150.582570242461145, -35.005212579506342 ], [ 150.582570049085945, -35.005202771299437 ], [ 150.582569874816755, -35.005192760643197 ], [ 150.582569726859788, -35.005182526046035 ], [ 150.582569615706092, -35.005172046081746 ], [ 150.582569549736348, -35.005161296577754 ], [ 150.582569538320143, -35.005150256987015 ], [ 150.582569590880098, -35.005138904960639 ], [ 150.58256971681223, -35.005127219050621 ], [ 150.582569925592196, -35.005115175106198 ], [ 150.582570224399632, -35.005102752536672 ], [ 150.582570624847023, -35.005089929036778 ], [ 150.582571134166983, -35.005076682213947 ], [ 150.582571453447684, -35.005069445289784 ], [ 150.58257178393319, -35.005062534919915 ], [ 150.582572141451124, -35.005055525025853 ], [ 150.582572525736367, -35.005048424617037 ], [ 150.582572936656305, -35.005041238198103 ], [ 150.58257337178236, -35.005033973833903 ], [ 150.582573832050372, -35.005026636951868 ], [ 150.582574315031763, -35.0050192356168 ], [ 150.582574819498944, -35.005011774311591 ], [ 150.582575346308232, -35.005004261166484 ], [ 150.582575893110629, -35.004996701543483 ], [ 150.582576458572447, -35.004989103529205 ], [ 150.582577043629584, -35.004981472551115 ], [ 150.582577644811494, -35.004973814850324 ], [ 150.582578262974522, -35.004966138557073 ], [ 150.582578896891079, -35.004958448154262 ], [ 150.582579545227532, -35.004950751728508 ], [ 150.582580207798316, -35.004943055586381 ], [ 150.582580882227802, -35.004935365990804 ], [ 150.582581568330454, -35.004927689248369 ], [ 150.582582265894075, -35.004920032566567 ], [ 150.582582973638068, -35.00491240223014 ], [ 150.582583689213493, -35.004904803601093 ], [ 150.582584413450036, -35.00489724571063 ], [ 150.582585144025245, -35.004889733019795 ], [ 150.582585880726981, -35.004882272736126 ], [ 150.582586623369622, -35.004874871166159 ], [ 150.582587369551106, -35.004867535473792 ], [ 150.582588119085813, -35.004860271965562 ], [ 150.582588870666683, -35.004853087827179 ], [ 150.582589624161102, -35.004845987563336 ], [ 150.582590377113974, -35.004838980139795 ], [ 150.582591129392739, -35.004832070061219 ], [ 150.582591880758741, -35.004825265436075 ], [ 150.582592629931412, -35.004818572549105 ], [ 150.582593374561725, -35.004811996762307 ], [ 150.582594115506026, -35.004805546205958 ], [ 150.582594851510208, -35.004799226263856 ], [ 150.582595581267213, -35.004793044121691 ], [ 150.582596302401527, -35.004787006042399 ], [ 150.582598957862331, -35.004765574294993 ], [ 150.582601016375321, -35.004749944212648 ], [ 150.582603025689281, -35.004735687886928 ], [ 150.58260499790191, -35.004722803755982 ], [ 150.582606942974024, -35.004711288412402 ], [ 150.582608874098298, -35.004701140316172 ], [ 150.582610801155909, -35.004692358762725 ], [ 150.582612736324108, -35.004684939487369 ], [ 150.582614691647507, -35.00467888273014 ], [ 150.582616677113379, -35.004674184182697 ], [ 150.582618704766361, -35.004670844085041 ], [ 150.582620786783622, -35.004668858172487 ], [ 150.582622934141341, -35.004668225762281 ], [ 150.582624253024818, -35.004668493635648 ], [ 150.58262644368773, -35.004669963407721 ], [ 150.58262866786913, -35.004672713930709 ], [ 150.582630902442446, -35.004676749251111 ], [ 150.582633124413746, -35.004682068910753 ], [ 150.582635309588085, -35.004688676033389 ], [ 150.582637434944871, -35.004696571061793 ], [ 150.582639475220731, -35.004705756196962 ], [ 150.582641408463502, -35.004716232804391 ], [ 150.582643209409753, -35.00472800308512 ], [ 150.582644856133783, -35.004741067503694 ], [ 150.582646323345585, -35.004755429162074 ], [ 150.582647586929482, -35.004771088481171 ], [ 150.582648624880193, -35.004788048628399 ], [ 150.58264892286229, -35.004794116931066 ], [ 150.58264919251269, -35.004800328903919 ], [ 150.582649432895579, -35.004806679119476 ], [ 150.582649646439449, -35.004813159512928 ], [ 150.582649831113542, -35.004819764635045 ], [ 150.582649990388319, -35.004826488244667 ], [ 150.582650122312486, -35.004833322189732 ], [ 150.582650227045121, -35.004840261064594 ], [ 150.582650306961852, -35.00484729860635 ], [ 150.58265036120622, -35.004854426684702 ], [ 150.582650389937385, -35.004861639894045 ], [ 150.582650394435916, -35.004868931949595 ], [ 150.582650373845524, -35.0048762947211 ], [ 150.58265033051515, -35.004883722846586 ], [ 150.582650262440524, -35.00489120997581 ], [ 150.582650170955247, -35.004898748022164 ], [ 150.582650057286855, -35.004906332502784 ], [ 150.582649921700494, -35.004913954408259 ], [ 150.582649763233775, -35.004921609212069 ], [ 150.582649582098838, -35.004929289706759 ], [ 150.582649380697745, -35.004936988728396 ], [ 150.582649159216089, -35.004944699970466 ], [ 150.582648915649571, -35.004952417082698 ], [ 150.582648652400223, -35.004960132901267 ], [ 150.582648369627123, -35.004967842020534 ], [ 150.582648067568954, -35.004975536332033 ], [ 150.582647746384822, -35.004983210430147 ], [ 150.582647406260264, -35.004990858008327 ], [ 150.582647047434023, -35.004998470958078 ], [ 150.582646672281555, -35.005006043016515 ], [ 150.5826462776771, -35.005013568712528 ], [ 150.582645867117691, -35.005021040904033 ], [ 150.582645439720494, -35.005028452361763 ], [ 150.582644995671103, -35.005035796779111 ], [ 150.582644536223597, -35.005043068772267 ], [ 150.582644060521659, -35.005050260210979 ], [ 150.582643570940832, -35.005057364832304 ], [ 150.582643065476759, -35.00506437628605 ], [ 150.582642545410096, -35.005071288287454 ], [ 150.582642010926435, -35.005078094529921 ], [ 150.582640737050042, -35.005093271484228 ], [ 150.582639580908477, -35.005105974454914 ], [ 150.582638380087133, -35.005118297017702 ], [ 150.582637139159175, -35.005130269913614 ], [ 150.582635862777465, -35.005141921180808 ], [ 150.582634554367161, -35.00515328334037 ], [ 150.582633218581122, -35.005164384430458 ], [ 150.582631860019063, -35.005175254291146 ], [ 150.582630483227661, -35.005185924564373 ], [ 150.582629092859747, -35.005196423288339 ], [ 150.582627691272108, -35.005206782061322 ], [ 150.582626285280924, -35.005217029866103 ], [ 150.582624877269495, -35.005227197400032 ], [ 150.582623471864082, -35.005237313602237 ], [ 150.582622074732882, -35.005247409235551 ], [ 150.58262068938069, -35.005257514118213 ], [ 150.582619320380701, -35.005267658991201 ], [ 150.582617971290773, -35.005277871870916 ], [ 150.582616647779076, -35.005288183520165 ], [ 150.582615352202367, -35.005298625537243 ], [ 150.582614266598029, -35.005307703311573 ], [ 150.582613345342395, -35.005315626877319 ], [ 150.582612440227052, -35.005323597640931 ], [ 150.582611549618946, -35.005331596639081 ], [ 150.582610671858504, -35.00533960580934 ], [ 150.582609805312615, -35.005347606188387 ], [ 150.582608949443255, -35.005355578834681 ], [ 150.582608101469333, -35.005363506564947 ], [ 150.582607262000778, -35.005371368657606 ], [ 150.582606428256526, -35.005379147929361 ], [ 150.582605599698496, -35.005386825438677 ], [ 150.582604774693607, -35.005394382222228 ], [ 150.58260395160886, -35.005401799316651 ], [ 150.582603128784626, -35.005409058659566 ], [ 150.582602306777858, -35.005416141331253 ], [ 150.582601481765522, -35.005423028324728 ], [ 150.582600654277996, -35.005429701621225 ], [ 150.582599822655681, -35.005436143158335 ], [ 150.58259898531864, -35.005442332170844 ], [ 150.582598139485754, -35.00544825147545 ], [ 150.582597286782374, -35.005453883075234 ], [ 150.582596423438588, -35.005459206161312 ], [ 150.582595548836736, -35.005464204494999 ], [ 150.5825946624918, -35.005468857332872 ], [ 150.582593761622689, -35.005473147491628 ], [ 150.582592846812844, -35.005477055150664 ], [ 150.58259191421277, -35.005480562203914 ], [ 150.582589292624363, -35.005488037212608 ], [ 150.58258584009937, -35.005493369103228 ], [ 150.582582393576502, -35.005494328097747 ], [ 150.582579077861311, -35.005491326850567 ], [ 150.582576018854155, -35.005484778037875 ], [ 150.582573341439826, -35.005475091611252 ], [ 150.58257117039679, -35.005462681126012 ], [ 150.582569630556407, -35.005447958335608 ] ] ] ] } },
{ "type": "Feature", "properties": { "OBJECTID": 13, "Comments": "Operational noise contour - OpContoursBuild2040Night", "FSource": "MOTTM - noise specialists model run for Rev B", "SourceDate": 20251027.0, "Supplier": "MOTTM", "path_windows": "C:\\Users\\bri86955\\Mott MacDonald\\MGO - Moata Geospatial - JBR2HR\\01Incoming\\20251024_Noise\\Noise shp files Rev B\\Noise Rev B figures\\Metadata\\OpContours\\OpContoursBuild2040Night.shp", "path_rootname": "OpContoursBuild2040Night", "IsoValue": 70, "shapefile_type": "shapefile_polygon", "SHAPE_Length": 71.65237863845131, "SHAPE_Area": 389.99120336124452 }, "geometry": { "type": "MultiPolygon", "coordinates": [ [ [ [ 150.582610850303467, -35.004393490995142 ], [ 150.582611290550773, -35.004384339961696 ], [ 150.582612281245304, -35.004374093796557 ], [ 150.582613893903897, -35.004364268389253 ], [ 150.582616241711747, -35.004354889433266 ], [ 150.582619434569125, -35.004345982556544 ], [ 150.582623583391864, -35.004337576111681 ], [ 150.582628801391593, -35.004329694891105 ], [ 150.582635198442176, -35.004322365423633 ], [ 150.58264288553886, -35.004315613358891 ], [ 150.582651974745403, -35.004309465269181 ], [ 150.582662577004214, -35.004303948605887 ], [ 150.582669934971108, -35.004300859853309 ], [ 150.582676788430888, -35.004298384862835 ], [ 150.58268400721829, -35.004296116375521 ], [ 150.582691542943337, -35.00429406063882 ], [ 150.58269934606821, -35.004292225680324 ], [ 150.582707367108128, -35.004290617725694 ], [ 150.582715555456815, -35.00428924387974 ], [ 150.582723863766404, -35.004288112213708 ], [ 150.582732241430534, -35.004287229832414 ], [ 150.582740638991027, -35.004286602060674 ], [ 150.582749006883574, -35.00428623782706 ], [ 150.582757296691796, -35.00428614428008 ], [ 150.582765458957454, -35.004286326744577 ], [ 150.582773441926378, -35.004286794105504 ], [ 150.582781199398568, -35.004287552654148 ], [ 150.582788680767862, -35.004288609495411 ], [ 150.582795835427959, -35.004289971734273 ], [ 150.582802614962532, -35.004291646519285 ], [ 150.582808969860253, -35.004293640977259 ], [ 150.582814851704768, -35.004295962256776 ], [ 150.582823628440508, -35.004300617419212 ], [ 150.582830420827719, -35.004305578306102 ], [ 150.582836154047925, -35.004311125678271 ], [ 150.582840916397117, -35.004317163035218 ], [ 150.582844794007883, -35.004323592931762 ], [ 150.582847871891374, -35.00433031880187 ], [ 150.582850236153604, -35.004337244101286 ], [ 150.582851974075226, -35.004344269604736 ], [ 150.582853171682729, -35.004351301470727 ], [ 150.582853914066845, -35.004358240430349 ], [ 150.582854289523624, -35.004364989982903 ], [ 150.582854381969355, -35.004371453540458 ], [ 150.582854278605168, -35.004377534580513 ], [ 150.58285242045369, -35.00439544216102 ], [ 150.582846437734077, -35.004409168592183 ], [ 150.582833465487369, -35.004422398780633 ], [ 150.582810693194972, -35.004437265487766 ], [ 150.582805300184219, -35.004440297844098 ], [ 150.582799662070812, -35.004443356867945 ], [ 150.582793694339244, -35.004446485047239 ], [ 150.582787431701831, -35.00444965693098 ], [ 150.582780908817938, -35.00445284887013 ], [ 150.582774157115182, -35.004456035348255 ], [ 150.582767212347818, -35.004459192738132 ], [ 150.582760107011893, -35.004462296446135 ], [ 150.582752874751435, -35.004465320098561 ], [ 150.582745551294295, -35.004468240969153 ], [ 150.582738166973115, -35.004471033519728 ], [ 150.582730758637297, -35.004473674144862 ], [ 150.582723358809432, -35.004476137350082 ], [ 150.582715999985567, -35.004478398541771 ], [ 150.58270871794673, -35.004480433191858 ], [ 150.582701545188996, -35.00448221670672 ], [ 150.582694515276955, -35.004483725415618 ], [ 150.582687661854692, -35.004484932944898 ], [ 150.582681019555253, -35.004485816546556 ], [ 150.582674621996233, -35.004486350747953 ], [ 150.582668501700283, -35.004486510054605 ], [ 150.582662693300449, -35.004486271718498 ], [ 150.582657230440816, -35.004485609366085 ], [ 150.58265311846688, -35.004484760283276 ], [ 150.58264614108657, -35.004482473958674 ], [ 150.58263993313858, -35.004479320429169 ], [ 150.582634455140806, -35.004475375532891 ], [ 150.582629665500662, -35.004470712361396 ], [ 150.5826255236409, -35.004465406730972 ], [ 150.582621989010789, -35.004459533556862 ], [ 150.582619022154518, -35.004453167776127 ], [ 150.582616582547814, -35.004446383403099 ], [ 150.58261462849191, -35.004439257133072 ], [ 150.582613120583972, -35.004431862101185 ], [ 150.582612018220146, -35.00442427502454 ], [ 150.582611279807765, -35.004416568994671 ], [ 150.582610866959385, -35.004408819871358 ], [ 150.582610736934413, -35.004401102526153 ], [ 150.582610850303467, -35.004393490995142 ] ] ] ] } },
{ "type": "Feature", "properties": { "OBJECTID": 14, "Comments": "Operational noise contour - OpContoursBuild2040Night", "FSource": "MOTTM - noise specialists model run for Rev B", "SourceDate": 20251027.0, "Supplier": "MOTTM", "path_windows": "C:\\Users\\bri86955\\Mott MacDonald\\MGO - Moata Geospatial - JBR2HR\\01Incoming\\20251024_Noise\\Noise shp files Rev B\\Noise Rev B figures\\Metadata\\OpContours\\OpContoursBuild2040Night.shp", "path_rootname": "OpContoursBuild2040Night", "IsoValue": 70, "shapefile_type": "shapefile_polygon", "SHAPE_Length": 254.61010563230957, "SHAPE_Area": 945.70423954114688 }, "geometry": { "type": "MultiPolygon", "coordinates": [ [ [ [ 150.582827556679433, -35.004020235766568 ], [ 150.582826923299109, -35.004012608454623 ], [ 150.582826383382013, -35.004004820740803 ], [ 150.582825938500207, -35.003996856429993 ], [ 150.582825585793131, -35.003988701041742 ], [ 150.582825325711468, -35.003980339260082 ], [ 150.582825157610984, -35.003971755747237 ], [ 150.582825079725978, -35.003962936044552 ], [ 150.582825092533625, -35.003953863935145 ], [ 150.582825195363228, -35.003944524982138 ], [ 150.582825386502066, -35.003934902925039 ], [ 150.582825665252869, -35.003924984227922 ], [ 150.582826032092896, -35.003914752673886 ], [ 150.58282648635128, -35.003904193826102 ], [ 150.582827026315414, -35.003893291424035 ], [ 150.582827651314489, -35.00388203103082 ], [ 150.582828361799159, -35.003870397330516 ], [ 150.582829156030272, -35.003858374963521 ], [ 150.582830034431964, -35.003845949514826 ], [ 150.58283099419657, -35.003833104702046 ], [ 150.582832036816711, -35.003819827032906 ], [ 150.582832631487719, -35.003812500939119 ], [ 150.582833202933358, -35.003805591761854 ], [ 150.582833792810163, -35.00379857748014 ], [ 150.582834400985575, -35.003791462598677 ], [ 150.582835026311557, -35.003784248897553 ], [ 150.582835667534169, -35.003776941760549 ], [ 150.582836323505319, -35.00376954296776 ], [ 150.58283699411902, -35.003762056122909 ], [ 150.582837679242687, -35.003754485730695 ], [ 150.582838376606844, -35.003746834450318 ], [ 150.582839086132026, -35.003739104984589 ], [ 150.582839806590641, -35.003731301816373 ], [ 150.582840537876649, -35.003723428549442 ], [ 150.582841278815607, -35.003715487864781 ], [ 150.58284202823296, -35.003707482443389 ], [ 150.58284278596966, -35.003699417690925 ], [ 150.582843550877698, -35.003691295387426 ], [ 150.582844322824599, -35.003683120037586 ], [ 150.582845099540805, -35.003674894300602 ], [ 150.582845880893842, -35.003666622681159 ], [ 150.582846666830619, -35.003658306981144 ], [ 150.582847455055258, -35.003649950760661 ], [ 150.582848246530062, -35.003641558546228 ], [ 150.582849038959125, -35.003633133897992 ], [ 150.582849832262951, -35.003624679518744 ], [ 150.582850625266985, -35.003616198089482 ], [ 150.582851417838697, -35.003607694114919 ], [ 150.58285220768218, -35.003599171155173 ], [ 150.582852995812772, -35.00359063193487 ], [ 150.582853781029513, -35.003582080035955 ], [ 150.582854561036442, -35.003573519018545 ], [ 150.582855335727572, -35.003564952486414 ], [ 150.582856106118271, -35.003556383164174 ], [ 150.582856868791112, -35.003547815491075 ], [ 150.582857624761573, -35.00353925219175 ], [ 150.582858371733664, -35.003530696826338 ], [ 150.582859109627861, -35.003522152097652 ], [ 150.582859838311663, -35.003513622510383 ], [ 150.582860555489077, -35.003505111624648 ], [ 150.582861262202016, -35.003496621264155 ], [ 150.58286166699358, -35.003491689289262 ], [ 150.582862441583075, -35.003482158185093 ], [ 150.582863200771556, -35.003472666438597 ], [ 150.582863945494921, -35.003463219477247 ], [ 150.582864675567549, -35.003453823607614 ], [ 150.582865391925282, -35.003444484257116 ], [ 150.582866095557051, -35.003435205051368 ], [ 150.582866785155829, -35.003425993176023 ], [ 150.582867462778921, -35.003416853179452 ], [ 150.582868127172333, -35.003407790445436 ], [ 150.582868780366823, -35.003398810423263 ], [ 150.582869422203373, -35.003389918518572 ], [ 150.582870052522907, -35.003381120136964 ], [ 150.582870672287811, -35.003372419804982 ], [ 150.582871281312492, -35.00336382382919 ], [ 150.58287188055931, -35.003355336736092 ], [ 150.582872470937673, -35.003346964854089 ], [ 150.582873051193502, -35.003338713566976 ], [ 150.58287362338416, -35.003330587423115 ], [ 150.582874187350598, -35.003322591828109 ], [ 150.582874742933711, -35.003314732187619 ], [ 150.582875291069428, -35.00330701392906 ], [ 150.582875832693531, -35.003299442479914 ], [ 150.582876366552057, -35.003292023223977 ], [ 150.582876894675792, -35.003284761610537 ], [ 150.582877416905717, -35.003277663045203 ], [ 150.582877933109216, -35.003270732032682 ], [ 150.582878445290646, -35.003263974923186 ], [ 150.582878951127498, -35.00325739617778 ], [ 150.582879453719045, -35.003251002168469 ], [ 150.582879951837839, -35.003244797378137 ], [ 150.582880447488094, -35.003238788156978 ], [ 150.582880938347444, -35.003232978966096 ], [ 150.582881427568054, -35.003227374375605 ], [ 150.582881913842982, -35.003221981571187 ], [ 150.582882398134615, -35.003216805079369 ], [ 150.582885031137721, -35.003192966855174 ], [ 150.582890002894544, -35.003166942292893 ], [ 150.582898068253058, -35.003147145401122 ], [ 150.582911105003092, -35.003129779651232 ], [ 150.582930989915951, -35.003111045788479 ], [ 150.582933677337621, -35.003108738387873 ], [ 150.582938376961494, -35.003104768205041 ], [ 150.582943335734257, -35.003100666162041 ], [ 150.582948531067956, -35.003096455246975 ], [ 150.582953941336825, -35.003092162974447 ], [ 150.582959543926449, -35.003087813233478 ], [ 150.582965318332526, -35.003083432659565 ], [ 150.582971240819148, -35.003079046020893 ], [ 150.582977290908644, -35.003074679051991 ], [ 150.582983445933536, -35.003070357443782 ], [ 150.582989683279351, -35.00306610508536 ], [ 150.582995982415412, -35.003061949513153 ], [ 150.583002321795675, -35.00305791553896 ], [ 150.583008677684319, -35.003054027931007 ], [ 150.583015028482322, -35.003050313303 ], [ 150.583021353765048, -35.003046795587629 ], [ 150.583027629743697, -35.003043501355016 ], [ 150.583033835967257, -35.003040455438807 ], [ 150.58303994974176, -35.0030376844309 ], [ 150.583045949547767, -35.003035212242231 ], [ 150.583051812691394, -35.003033065464713 ], [ 150.583057518748149, -35.003031268031101 ], [ 150.583063043902712, -35.003029847412442 ], [ 150.583068367704101, -35.003028828442417 ], [ 150.583073466442983, -35.003028234988328 ], [ 150.583078320683796, -35.003028094608517 ], [ 150.583084146372613, -35.003028598298393 ], [ 150.583090157279287, -35.003030030583282 ], [ 150.583095655491462, -35.00303231806263 ], [ 150.583100656083587, -35.003035395229702 ], [ 150.583105177335483, -35.003039199346027 ], [ 150.583109237632897, -35.003043664069359 ], [ 150.583112854213653, -35.003048724837505 ], [ 150.583116045383861, -35.003054318011024 ], [ 150.58311882728637, -35.003060379005909 ], [ 150.583121219401818, -35.003066841501642 ], [ 150.583123237819876, -35.003073642716124 ], [ 150.583124902021183, -35.00308071632886 ], [ 150.583126228121955, -35.003087998656746 ], [ 150.583127234454849, -35.003095425159373 ], [ 150.583127939352408, -35.003102931296304 ], [ 150.583128360105462, -35.003110450703453 ], [ 150.583128512777108, -35.003117921499566 ], [ 150.583128417969505, -35.003125276485001 ], [ 150.583127940201706, -35.003134588138401 ], [ 150.583126870561813, -35.003145025652415 ], [ 150.58312521700239, -35.003155090045418 ], [ 150.583122948334875, -35.003164798725408 ], [ 150.583120033344159, -35.003174170001316 ], [ 150.583116440841764, -35.003183221281084 ], [ 150.583112141749382, -35.003191972719137 ], [ 150.583107102688672, -35.003200441679773 ], [ 150.583101294607872, -35.003208647416393 ], [ 150.583094685250046, -35.003216606414178 ], [ 150.583087244441941, -35.003224338805602 ], [ 150.583078939873644, -35.003231862877662 ], [ 150.583070665053981, -35.003238524837634 ], [ 150.583063996984066, -35.003243489792801 ], [ 150.583057026331886, -35.003248424379834 ], [ 150.583049801653715, -35.003253353905691 ], [ 150.583042372627261, -35.003258302798152 ], [ 150.583034789945714, -35.003263298209639 ], [ 150.58302710328681, -35.003268364568022 ], [ 150.583019361206851, -35.003273527180205 ], [ 150.58301161557344, -35.003278810517699 ], [ 150.583003913794869, -35.003284241667501 ], [ 150.582996307738853, -35.00328984510115 ], [ 150.582988844866719, -35.003295646103837 ], [ 150.582981578114556, -35.00330167006981 ], [ 150.582974553848715, -35.003307942262502 ], [ 150.582967825005369, -35.003314488076199 ], [ 150.582961439045903, -35.003321332796126 ], [ 150.582955445595076, -35.003328502652103 ], [ 150.582949874383246, -35.003336029787853 ], [ 150.582945440123467, -35.003342746619303 ], [ 150.582941310223646, -35.0033496939797 ], [ 150.582937474079102, -35.003356859938755 ], [ 150.58293392223311, -35.003364230786048 ], [ 150.582930643012588, -35.003371793668499 ], [ 150.582927626907804, -35.003379536677606 ], [ 150.582924863340565, -35.003387446982096 ], [ 150.582922342827686, -35.003395511772503 ], [ 150.582920052601111, -35.003403718173935 ], [ 150.582917985341027, -35.003412054321466 ], [ 150.58291612721095, -35.00342050641747 ], [ 150.582914470891012, -35.003429062597014 ], [ 150.582913004734678, -35.00343770910608 ], [ 150.582911717015747, -35.003446434893426 ], [ 150.582910600467443, -35.00345522629231 ], [ 150.58290964122682, -35.003464070405954 ], [ 150.582908831973953, -35.003472955369475 ], [ 150.582908159967303, -35.003481867407011 ], [ 150.582907615697195, -35.003490794610016 ], [ 150.582907158994999, -35.003500469071007 ], [ 150.58290684782196, -35.003509442385592 ], [ 150.582906636288271, -35.003518417685321 ], [ 150.582906513444584, -35.003527394752069 ], [ 150.582906471626359, -35.003536373433093 ], [ 150.582906499884217, -35.003545353510276 ], [ 150.582906590553563, -35.003554334830916 ], [ 150.582906733780021, -35.003563317198655 ], [ 150.582906918614185, -35.003572300395341 ], [ 150.582907138486405, -35.003581284290114 ], [ 150.582907381352356, -35.003590268642995 ], [ 150.582907639547471, -35.003599253301267 ], [ 150.582907903243836, -35.003608237167676 ], [ 150.582908163628815, -35.003617221869575 ], [ 150.582908409779577, -35.003626206287848 ], [ 150.582908634031526, -35.003635190269804 ], [ 150.582908826530172, -35.003644173619136 ], [ 150.582908977420999, -35.003653156139471 ], [ 150.582909077944549, -35.003662137656306 ], [ 150.582909118246249, -35.003671117973298 ], [ 150.582909090136468, -35.003680263698698 ], [ 150.58290899109673, -35.003689288115794 ], [ 150.582908821105718, -35.003698340867679 ], [ 150.582908580781151, -35.003707438193096 ], [ 150.582908267508884, -35.003716594463413 ], [ 150.582907883028042, -35.003725825038231 ], [ 150.582907424698021, -35.003735145189879 ], [ 150.582906893163056, -35.003744570256124 ], [ 150.582906286903892, -35.003754114630169 ], [ 150.582905606564765, -35.00376379364981 ], [ 150.582904850573442, -35.003773623510106 ], [ 150.582904019627193, -35.00378361774694 ], [ 150.582903112153787, -35.003793792555427 ], [ 150.582902127755489, -35.003804161449629 ], [ 150.582901065928525, -35.00381474154738 ], [ 150.582899926248615, -35.003825547263695 ], [ 150.582898707170074, -35.003836593892714 ], [ 150.582897410458543, -35.003847895893095 ], [ 150.582896033499878, -35.003859467636218 ], [ 150.582894576885195, -35.003871326261724 ], [ 150.582894018485234, -35.003875781905805 ], [ 150.582893096043534, -35.003883040169768 ], [ 150.582892147073636, -35.00389038084014 ], [ 150.582891171946756, -35.003897791303778 ], [ 150.582890173276951, -35.003905257189295 ], [ 150.582889151514962, -35.003912763180736 ], [ 150.582888108153384, -35.003920295785825 ], [ 150.582887043642955, -35.003927839688586 ], [ 150.582885960544758, -35.003935382319533 ], [ 150.582884858214527, -35.003942908340875 ], [ 150.582883740361297, -35.003950403403039 ], [ 150.582882605219453, -35.003957853047368 ], [ 150.582881456497944, -35.003965242924281 ], [ 150.582880293473124, -35.003972560398836 ], [ 150.582879118812031, -35.003979789297766 ], [ 150.582877934007371, -35.003986916128774 ], [ 150.582876738414882, -35.003993925554127 ], [ 150.582875534595644, -35.00400080500426 ], [ 150.582874323000425, -35.004007539163261 ], [ 150.582873106243341, -35.004014113659728 ], [ 150.582871883627092, -35.004020514957737 ], [ 150.582870657792398, -35.004026727785011 ], [ 150.582869429136906, -35.004032738627416 ], [ 150.582868199179785, -35.00403853309178 ], [ 150.582866968371775, -35.004044095862128 ], [ 150.582865740368987, -35.004049414390764 ], [ 150.582864513432185, -35.004054473318114 ], [ 150.582863290175567, -35.004059258272775 ], [ 150.582862072118218, -35.004063754861562 ], [ 150.582860859657956, -35.004067949570356 ], [ 150.58285965434041, -35.004071827105044 ], [ 150.582858456536826, -35.004075374852491 ], [ 150.582857268914324, -35.004078576639415 ], [ 150.582856092965585, -35.004081418973534 ], [ 150.582853707741322, -35.004086114068393 ], [ 150.582850967631288, -35.004089726642214 ], [ 150.582848316650058, -35.00409139021707 ], [ 150.58284576062232, -35.004091241931995 ], [ 150.582843311995362, -35.004089417255074 ], [ 150.582840977635669, -35.004086055149052 ], [ 150.58283876777412, -35.004081291939293 ], [ 150.582836691546476, -35.00407526392938 ], [ 150.582834758009113, -35.004068110125658 ], [ 150.582832976324283, -35.00405996593075 ], [ 150.582831356669715, -35.004050969471905 ], [ 150.582829907059676, -35.004041257931789 ], [ 150.582828636629898, -35.004030967613971 ], [ 150.582827556679433, -35.004020235766568 ] ] ] ] } },
{ "type": "Feature", "properties": { "OBJECTID": 15, "Comments": "Operational noise contour - OpContoursBuild2040Night", "FSource": "MOTTM - noise specialists model run for Rev B", "SourceDate": 20251027.0, "Supplier": "MOTTM", "path_windows": "C:\\Users\\bri86955\\Mott MacDonald\\MGO - Moata Geospatial - JBR2HR\\01Incoming\\20251024_Noise\\Noise shp files Rev B\\Noise Rev B figures\\Metadata\\OpContours\\OpContoursBuild2040Night.shp", "path_rootname": "OpContoursBuild2040Night", "IsoValue": 70, "shapefile_type": "shapefile_polygon", "SHAPE_Length": 130.85308331735652, "SHAPE_Area": 472.33248109109201 }, "geometry": { "type": "MultiPolygon", "coordinates": [ [ [ [ 150.58307046421973, -35.002768324536845 ], [ 150.583069534648899, -35.002759927781135 ], [ 150.583068740223638, -35.002751480531217 ], [ 150.583068075707899, -35.002742974569557 ], [ 150.58306753442605, -35.002734413369055 ], [ 150.583067111892206, -35.002725800446193 ], [ 150.583066803647171, -35.002717138416536 ], [ 150.583066603015254, -35.002708430752975 ], [ 150.583066506605633, -35.002699680993828 ], [ 150.583066507769104, -35.002690891711012 ], [ 150.583066600898519, -35.002682067300192 ], [ 150.58306678260297, -35.002673211299644 ], [ 150.583067046259856, -35.002664325380373 ], [ 150.583067388451838, -35.00265541398165 ], [ 150.583067801408333, -35.002646480554532 ], [ 150.58306828176498, -35.002637527736397 ], [ 150.58306882394109, -35.002628559021936 ], [ 150.583069422356033, -35.002619577905833 ], [ 150.58307007255047, -35.002610587003645 ], [ 150.583070768890707, -35.002601591611963 ], [ 150.58307150587558, -35.002592592522632 ], [ 150.583072325856278, -35.002583081250357 ], [ 150.58307313537901, -35.002574111551581 ], [ 150.58307398090156, -35.002565147077284 ], [ 150.583074862423871, -35.002556187827487 ], [ 150.58307577983993, -35.002547237405956 ], [ 150.583076734244685, -35.002538295834484 ], [ 150.583077724463578, -35.002529365794082 ], [ 150.583078750443661, -35.002520449086639 ], [ 150.583079814321735, -35.002511547557617 ], [ 150.5830809138549, -35.002502662965327 ], [ 150.583082051206475, -35.002493796254278 ], [ 150.5830832251755, -35.002484951006458 ], [ 150.583084435788521, -35.002476126320872 ], [ 150.583085684007841, -35.00246732672408 ], [ 150.583086968738542, -35.002458552194241 ], [ 150.58308829211748, -35.002449804576869 ], [ 150.583089651875213, -35.002441086531149 ], [ 150.583091050175113, -35.002432399001641 ], [ 150.583092485842684, -35.002423744669358 ], [ 150.583093959946353, -35.002415124457031 ], [ 150.583095024890667, -35.002409053556349 ], [ 150.583096680471499, -35.002399887965687 ], [ 150.583098379528423, -35.002390845840665 ], [ 150.583100123941165, -35.002381974996474 ], [ 150.583101913346667, -35.002373325006616 ], [ 150.583103746313498, -35.002364944521759 ], [ 150.583105623573402, -35.002356883137239 ], [ 150.583107546979761, -35.002349189569159 ], [ 150.583109514006111, -35.002341912446482 ], [ 150.583111526505803, -35.002335100485311 ], [ 150.583113585210697, -35.00232880328096 ], [ 150.583115687594415, -35.002323069462328 ], [ 150.583117836605254, -35.002317947767388 ], [ 150.58312003078521, -35.002313487747777 ], [ 150.583122270919233, -35.002309737196931 ], [ 150.583124557739239, -35.002306745710122 ], [ 150.583126889787309, -35.002304562839015 ], [ 150.583129267848392, -35.002303236376996 ], [ 150.583131692654405, -35.002302815919371 ], [ 150.583134529014302, -35.002303488125605 ], [ 150.583136969648109, -35.002304987207154 ], [ 150.583139432596454, -35.00230729174352 ], [ 150.58314190716726, -35.002310355546896 ], [ 150.58314438371022, -35.002314134253119 ], [ 150.583146852628147, -35.002318581696166 ], [ 150.583149304270762, -35.002323653511873 ], [ 150.583151727945875, -35.002329303512425 ], [ 150.583154114003236, -35.002335487333688 ], [ 150.583156451724136, -35.002342159688752 ], [ 150.583158732606194, -35.002349274433406 ], [ 150.583160944809265, -35.002356787159897 ], [ 150.583163079804478, -35.002364652624948 ], [ 150.583165127994505, -35.002372824662558 ], [ 150.583167077512627, -35.002381259765855 ], [ 150.583168918788118, -35.002389910867912 ], [ 150.583170643265447, -35.002398733626421 ], [ 150.583172240225849, -35.002407682754445 ], [ 150.583173698950588, -35.002416712965115 ], [ 150.58317496792381, -35.002425452729106 ], [ 150.58317609695888, -35.002434182493644 ], [ 150.583177098028528, -35.002442942161778 ], [ 150.583177973375513, -35.00245172997527 ], [ 150.583178727459057, -35.002460543318556 ], [ 150.583179363616949, -35.002469380455189 ], [ 150.583179884038913, -35.002478241428783 ], [ 150.583180294305635, -35.002487122744654 ], [ 150.583180596633468, -35.00249602354549 ], [ 150.583180794386607, -35.002504941193877 ], [ 150.583180890876378, -35.002513874854358 ], [ 150.583180890508885, -35.0025228237132 ], [ 150.583180795580034, -35.002531784210305 ], [ 150.58318061161745, -35.00254075465282 ], [ 150.583180339716023, -35.002549735062573 ], [ 150.583179985429865, -35.002558722845798 ], [ 150.583179549933362, -35.00256771532149 ], [ 150.583179039822681, -35.00257671171957 ], [ 150.583178455124227, -35.002585711139133 ], [ 150.5831778014186, -35.002594710085425 ], [ 150.583177012657671, -35.002604538395609 ], [ 150.583176225627483, -35.002613488711084 ], [ 150.583175374181906, -35.002622431433032 ], [ 150.583174461711707, -35.002631363023156 ], [ 150.583173486159552, -35.002640278933121 ], [ 150.583172450889776, -35.00264917652553 ], [ 150.583171354913418, -35.002658052174851 ], [ 150.583170199404975, -35.00266690320003 ], [ 150.58316898666024, -35.002675726040955 ], [ 150.583167715690365, -35.002684517072069 ], [ 150.583166388791199, -35.002693272733197 ], [ 150.583165006042293, -35.002701990321555 ], [ 150.583163567549576, -35.002710666233384 ], [ 150.583162076703957, -35.00271929693033 ], [ 150.583160531395038, -35.002727879665983 ], [ 150.583158935013643, -35.002736410901989 ], [ 150.583157286597384, -35.002744886111856 ], [ 150.583155588389076, -35.002753303537325 ], [ 150.583153840494816, -35.002761659574638 ], [ 150.583152043047107, -35.002769949719095 ], [ 150.583149035959394, -35.002783196372683 ], [ 150.583146818699134, -35.002792461654614 ], [ 150.583144544321073, -35.002801508545005 ], [ 150.583142218742466, -35.002810284876624 ], [ 150.583139843553909, -35.002818736593127 ], [ 150.583137422456304, -35.002826812384605 ], [ 150.583134959230051, -35.002834458238326 ], [ 150.58313245760263, -35.002841621943446 ], [ 150.583129920233006, -35.002848250366362 ], [ 150.583127350875259, -35.002854290395277 ], [ 150.583124752188354, -35.002859688896642 ], [ 150.583122128968171, -35.002864394582332 ], [ 150.583119482831904, -35.002868352495042 ], [ 150.583116818575434, -35.002871511346719 ], [ 150.583114137762948, -35.002873817981936 ], [ 150.583111446338279, -35.00287521933253 ], [ 150.583108745865616, -35.002875662243113 ], [ 150.583107042510363, -35.002875429986631 ], [ 150.583104376517923, -35.002874291508967 ], [ 150.583101721653208, -35.002872253588592 ], [ 150.583099090718889, -35.002869365159803 ], [ 150.583096492005353, -35.002865679574313 ], [ 150.583093936125351, -35.002861245722791 ], [ 150.58309143468054, -35.002856116121471 ], [ 150.583088998257153, -35.002850340561963 ], [ 150.583086635172066, -35.002843971495039 ], [ 150.583084358201319, -35.002837058755937 ], [ 150.583082176783222, -35.002829653916308 ], [ 150.583080101477407, -35.002821807668703 ], [ 150.583078142817072, -35.002813571606602 ], [ 150.58307631136185, -35.00280499642254 ], [ 150.583074616576454, -35.002796132787253 ], [ 150.583073070088972, -35.002787032316022 ], [ 150.583071682432546, -35.002777746602334 ], [ 150.58307046421973, -35.002768324536845 ] ] ] ] } },
{ "type": "Feature", "properties": { "OBJECTID": 16, "Comments": "Operational noise contour - OpContoursBuild2040Night", "FSource": "MOTTM - noise specialists model run for Rev B", "SourceDate": 20251027.0, "Supplier": "MOTTM", "path_windows": "C:\\Users\\bri86955\\Mott MacDonald\\MGO - Moata Geospatial - JBR2HR\\01Incoming\\20251024_Noise\\Noise shp files Rev B\\Noise Rev B figures\\Metadata\\OpContours\\OpContoursBuild2040Night.shp", "path_rootname": "OpContoursBuild2040Night", "IsoValue": 70, "shapefile_type": "shapefile_polygon", "SHAPE_Length": 335.61038270269603, "SHAPE_Area": 1447.5551546472418 }, "geometry": { "type": "MultiPolygon", "coordinates": [ [ [ [ 150.58311807691868, -35.002061316518059 ], [ 150.583118906131574, -35.002045347316233 ], [ 150.583119862607617, -35.002035068908739 ], [ 150.58312115788371, -35.002025116370028 ], [ 150.58312280304159, -35.002015485413501 ], [ 150.583124813595475, -35.002006170037959 ], [ 150.583127200627132, -35.00199716595678 ], [ 150.583129978555888, -35.001988467146958 ], [ 150.583133160679751, -35.001980068464519 ], [ 150.583136758106946, -35.001971964721974 ], [ 150.583140786325231, -35.001964150818971 ], [ 150.583145257564212, -35.001956620688851 ], [ 150.583150184000516, -35.001949370066768 ], [ 150.583155182862214, -35.00194286009053 ], [ 150.583161278553405, -35.001935711188395 ], [ 150.583167806442503, -35.001928692593808 ], [ 150.583174719961903, -35.001921711429368 ], [ 150.583181973532874, -35.001914678443228 ], [ 150.583189521682726, -35.001907500779801 ], [ 150.583197318885738, -35.00190008738538 ], [ 150.583205318547698, -35.001892346283512 ], [ 150.583213474047881, -35.001884186398712 ], [ 150.583221740981912, -35.001875515798183 ], [ 150.583230072702548, -35.001866244307394 ], [ 150.583238422641955, -35.001856279048965 ], [ 150.583241585397502, -35.001852298970697 ], [ 150.583246143468671, -35.001846359853197 ], [ 150.583250680554414, -35.001840203063843 ], [ 150.583255190862047, -35.001833839304823 ], [ 150.583259667503938, -35.00182727925656 ], [ 150.583264103566023, -35.001820534500389 ], [ 150.583268492187102, -35.001813614815795 ], [ 150.583272826479657, -35.001806530883179 ], [ 150.583277098434621, -35.001799294262121 ], [ 150.583281302285855, -35.001791914753852 ], [ 150.583285431119293, -35.001784403939752 ], [ 150.583289478047277, -35.001776772500243 ], [ 150.583293435113859, -35.001769030192989 ], [ 150.58329729652641, -35.001761187720206 ], [ 150.583301054275921, -35.001753256641472 ], [ 150.583304701474844, -35.001745247637174 ], [ 150.583308232330523, -35.001737171409573 ], [ 150.58331163995544, -35.001729038639077 ], [ 150.5833149152987, -35.001720859061543 ], [ 150.583318053609617, -35.001712645202915 ], [ 150.58332104695873, -35.001704405919888 ], [ 150.583323889526923, -35.001696152815676 ], [ 150.583326959029137, -35.001686665615509 ], [ 150.583329656143349, -35.001677733513134 ], [ 150.58333216714783, -35.001668796801994 ], [ 150.58333449092126, -35.001659856361222 ], [ 150.583336626368748, -35.001650912169048 ], [ 150.583338573490352, -35.001641964225456 ], [ 150.583340331191295, -35.00163301250867 ], [ 150.58334189947152, -35.001624057018667 ], [ 150.583343277236253, -35.001615097733684 ], [ 150.583344464459032, -35.001606135554638 ], [ 150.583345460098002, -35.001597168657881 ], [ 150.583346263031814, -35.00158819792253 ], [ 150.583346873260552, -35.001579223348585 ], [ 150.583347290784218, -35.001570244936076 ], [ 150.583347513413116, -35.001561262641367 ], [ 150.583347542242223, -35.001552276486272 ], [ 150.583347375055212, -35.001543287328111 ], [ 150.583347013000093, -35.001534293386847 ], [ 150.583346453860628, -35.001525295519755 ], [ 150.583345697636844, -35.001516293726873 ], [ 150.583344989604996, -35.00150941494838 ], [ 150.583343942146996, -35.001500704838541 ], [ 150.583342743556528, -35.001491955659503 ], [ 150.583341409745543, -35.001483147895989 ], [ 150.583339957720852, -35.001474262054408 ], [ 150.583338407774136, -35.001465278706704 ], [ 150.583336774775319, -35.001456176513848 ], [ 150.583335077894645, -35.001446936926897 ], [ 150.583333334138899, -35.001437540452308 ], [ 150.583331560541467, -35.001427966695637 ], [ 150.583329776298939, -35.001418196206977 ], [ 150.583327998391638, -35.001408210393755 ], [ 150.58332624390593, -35.001397987059605 ], [ 150.583324530863962, -35.001387509435688 ], [ 150.583322877446989, -35.001376755347437 ], [ 150.58332129954033, -35.001365706180493 ], [ 150.583319816340634, -35.001354342484937 ], [ 150.583318445976033, -35.001342643888123 ], [ 150.583317204358394, -35.00133059087473 ], [ 150.583316109589362, -35.001318163973067 ], [ 150.583315179770551, -35.001305343711429 ], [ 150.583314760922633, -35.001298429225585 ], [ 150.583314398471856, -35.001291496932311 ], [ 150.583314082945151, -35.001284459200576 ], [ 150.583313815304905, -35.001277320556888 ], [ 150.58331359549814, -35.001270082803131 ], [ 150.58331342336578, -35.001262751344917 ], [ 150.5833132966915, -35.00125532703958 ], [ 150.58331321641117, -35.001247815314585 ], [ 150.583313181376809, -35.00124021794997 ], [ 150.583313191455886, -35.001232539450434 ], [ 150.583313245447499, -35.001224783397944 ], [ 150.583313344393503, -35.001216951616179 ], [ 150.58331348706642, -35.001209048588031 ], [ 150.583313673386783, -35.001201077016297 ], [ 150.583313902153577, -35.001193040482939 ], [ 150.583314172165899, -35.001184942569921 ], [ 150.583314485534004, -35.001176786023649 ], [ 150.583314838867182, -35.001168574382476 ], [ 150.583315234222624, -35.001160312194692 ], [ 150.583315669357575, -35.001152001218571 ], [ 150.583316145260881, -35.001143645079694 ], [ 150.583316659636665, -35.001135247338169 ], [ 150.583317214568694, -35.001126811641399 ], [ 150.583317806692776, -35.001118340626746 ], [ 150.583318438092647, -35.00110983794162 ], [ 150.58331910647243, -35.001101307146122 ], [ 150.583319811726142, -35.001092751844034 ], [ 150.583320553774257, -35.00108417473816 ], [ 150.583321332510707, -35.001075579432268 ], [ 150.583322147855938, -35.001066968629168 ], [ 150.58332299748767, -35.001058346789932 ], [ 150.583323882421269, -35.001049716639187 ], [ 150.583324801482235, -35.001041080857959 ], [ 150.583325755606467, -35.00103244487368 ], [ 150.583326742577668, -35.001023809543675 ], [ 150.583327762263252, -35.001015179372622 ], [ 150.583328814557234, -35.00100655796431 ], [ 150.583329899380061, -35.000997948021528 ], [ 150.583331015530774, -35.000989353126243 ], [ 150.583332162929878, -35.000980775981255 ], [ 150.583333039945984, -35.000974388523886 ], [ 150.583334351231116, -35.000965081750238 ], [ 150.583335695265248, -35.000955816194924 ], [ 150.583337072878209, -35.000946600889165 ], [ 150.58333848057319, -35.000937442975044 ], [ 150.583339918032181, -35.000928353263831 ], [ 150.583341382826831, -35.000919339820364 ], [ 150.583342873623621, -35.000910410731287 ], [ 150.583344390104543, -35.00090157680787 ], [ 150.583345928772786, -35.000892845192226 ], [ 150.583347488268487, -35.000884224871896 ], [ 150.58334906939487, -35.000875725779075 ], [ 150.583350667533892, -35.000867355934943 ], [ 150.583352282420435, -35.000859124348899 ], [ 150.583353912694577, -35.000851040008556 ], [ 150.583355556996366, -35.000843111901489 ], [ 150.583357212870965, -35.000835348993448 ], [ 150.583358880079828, -35.000827759392919 ], [ 150.58336055504671, -35.000820352944814 ], [ 150.583362238601467, -35.000813138680314 ], [ 150.583363927247376, -35.000806123741526 ], [ 150.58336562066637, -35.000799318939727 ], [ 150.583367316430127, -35.000792732339768 ], [ 150.583369013205242, -35.000786372028273 ], [ 150.583370709605219, -35.000780247893765 ], [ 150.583372404270165, -35.000774368923864 ], [ 150.583374094745267, -35.000768744084318 ], [ 150.583375780791982, -35.000763381483594 ], [ 150.583377459955443, -35.000758290087504 ], [ 150.583379130875784, -35.000753478883581 ], [ 150.583380792193026, -35.000748956859454 ], [ 150.583382441452386, -35.000744732980891 ], [ 150.583384078388775, -35.000740816257277 ], [ 150.583385700573928, -35.000737214753471 ], [ 150.583387306621404, -35.00073393835801 ], [ 150.583388896266172, -35.000730996080264 ], [ 150.583390464916619, -35.000728395040525 ], [ 150.583393225459076, -35.00072460436644 ], [ 150.583396495747849, -35.000721435942268 ], [ 150.583399667055517, -35.00071977009587 ], [ 150.583402739895917, -35.000719514887749 ], [ 150.583405713714427, -35.000720577455752 ], [ 150.583408589051317, -35.000722864959478 ], [ 150.583411365325389, -35.000726285437629 ], [ 150.583414043023879, -35.000730747851712 ], [ 150.583416621645142, -35.000736157537652 ], [ 150.583419101649753, -35.000742424357853 ], [ 150.583421483604411, -35.000749454570993 ], [ 150.583423765832976, -35.000757156193991 ], [ 150.583425948849083, -35.000765437287377 ], [ 150.583428033192803, -35.000774205010757 ], [ 150.583430018309343, -35.000783366501906 ], [ 150.583431904685796, -35.000792830722332 ], [ 150.583433691767397, -35.000802504809819 ], [ 150.583435233532128, -35.000811431201633 ], [ 150.583436577138457, -35.000819719914688 ], [ 150.583437850661142, -35.000828082053587 ], [ 150.583439053137766, -35.000836513091819 ], [ 150.583440184647799, -35.00084501032655 ], [ 150.583441242065561, -35.000853568286743 ], [ 150.583442227686874, -35.000862183412231 ], [ 150.583443140575753, -35.000870850275589 ], [ 150.583443978595454, -35.000879567031305 ], [ 150.583444743026348, -35.00088832739462 ], [ 150.583445431784639, -35.000897127718162 ], [ 150.583446044949795, -35.000905965299097 ], [ 150.583446581612407, -35.000914833809055 ], [ 150.583447042973404, -35.00092372966607 ], [ 150.583447425854047, -35.000932649200969 ], [ 150.583447731455237, -35.000941588831793 ], [ 150.58344795884102, -35.000950543131104 ], [ 150.583448107049065, -35.000959507572396 ], [ 150.583448176158811, -35.000968479452837 ], [ 150.583448164112923, -35.00097745422412 ], [ 150.583448070014953, -35.000986723042388 ], [ 150.583447901723616, -35.000995720844067 ], [ 150.583447664453104, -35.001004717271748 ], [ 150.583447363677891, -35.001013712434514 ], [ 150.583447007062318, -35.001022706485024 ], [ 150.583446598986001, -35.001031699510484 ], [ 150.583446144923442, -35.001040691619977 ], [ 150.583445652538956, -35.001049682966126 ], [ 150.58344512621224, -35.001058673636187 ], [ 150.583444572512605, -35.00106766376102 ], [ 150.583443996914696, -35.001076653449644 ], [ 150.58344340598785, -35.001085642832933 ], [ 150.583442806301576, -35.001094632041728 ], [ 150.583442202208971, -35.001103622064193 ], [ 150.583441600332492, -35.001112611229331 ], [ 150.5834410072151, -35.001121600568915 ], [ 150.583440428331329, -35.001130590191998 ], [ 150.583439869155683, -35.001139580207621 ], [ 150.583439335162751, -35.001148570724823 ], [ 150.583438834016931, -35.001157561896271 ], [ 150.583438366953857, -35.001166586199432 ], [ 150.583437930062729, -35.00117559036979 ], [ 150.583437511758405, -35.001184595811822 ], [ 150.583437105497921, -35.001193601493739 ], [ 150.583436701427104, -35.001202607219263 ], [ 150.583436289691775, -35.001211612792098 ], [ 150.583435862627596, -35.001220618059598 ], [ 150.583435410380332, -35.001229622825456 ], [ 150.583434924190698, -35.001238626915232 ], [ 150.583434395299435, -35.001247630154445 ], [ 150.583433813852338, -35.001256632346795 ], [ 150.583433172184982, -35.001265633339621 ], [ 150.58343246044322, -35.001274632936642 ], [ 150.583431669894196, -35.00128363006246 ], [ 150.583430791725618, -35.001292626344458 ], [ 150.583429817204717, -35.001301620707238 ], [ 150.583428736477202, -35.001310612954498 ], [ 150.583427540783759, -35.001319602911764 ], [ 150.583426221365102, -35.001328590404569 ], [ 150.583424768366967, -35.001337575236619 ], [ 150.583423876812617, -35.001342706660559 ], [ 150.583422262353878, -35.001351444880221 ], [ 150.583420535233103, -35.001360214210074 ], [ 150.583418712412282, -35.00136903391877 ], [ 150.583416805272776, -35.001377926769699 ], [ 150.583414829655112, -35.001386912910689 ], [ 150.583412798088574, -35.001396013325 ], [ 150.5834107263872, -35.001405249061442 ], [ 150.583408628175221, -35.001414641125102 ], [ 150.583406515981892, -35.00142421049933 ], [ 150.583404405621337, -35.001433978232832 ], [ 150.583402311839137, -35.001443964451639 ], [ 150.583400246043226, -35.001454191018205 ], [ 150.583398225169049, -35.001464678102167 ], [ 150.583396260624539, -35.00147544756593 ], [ 150.583394369345143, -35.001486519579146 ], [ 150.583392562765368, -35.001497915103343 ], [ 150.583390856672708, -35.001509656088196 ], [ 150.583389264744483, -35.001521761736981 ], [ 150.58338780055189, -35.001534254856715 ], [ 150.583386479962172, -35.001547154694258 ], [ 150.583385839237508, -35.001554186900094 ], [ 150.583385260253891, -35.001561094130295 ], [ 150.583384718892887, -35.001568100369852 ], [ 150.583384215393039, -35.001575197510306 ], [ 150.583383745560212, -35.001582379157838 ], [ 150.583383309633007, -35.001589637203999 ], [ 150.583382906702013, -35.001596965320395 ], [ 150.583382532652649, -35.001604354410418 ], [ 150.583382188712363, -35.001611799991139 ], [ 150.58338187188798, -35.001619292086829 ], [ 150.583381580148711, -35.001626825248223 ], [ 150.583381312611664, -35.001634392245975 ], [ 150.583381068447011, -35.001641984048895 ], [ 150.583380844529046, -35.001649595185938 ], [ 150.583380640001423, -35.001657217526805 ], [ 150.583380453954732, -35.001664844743125 ], [ 150.583380284464198, -35.00167246778188 ], [ 150.583380129499062, -35.001680081193832 ], [ 150.583379987108032, -35.001687676826883 ], [ 150.583379857476672, -35.001695248374475 ], [ 150.58337973758529, -35.001702786761754 ], [ 150.583379626497958, -35.001710286561305 ], [ 150.583379522263442, -35.001717739621043 ], [ 150.583379422903931, -35.001725138689828 ], [ 150.583379328631509, -35.00173247656015 ], [ 150.583379235278528, -35.001739745937243 ], [ 150.583379144151962, -35.001746939635417 ], [ 150.583379051084194, -35.001754050359892 ], [ 150.583378956287248, -35.001761070903186 ], [ 150.583378857756855, -35.001767994915085 ], [ 150.58337875356824, -35.001774813342578 ], [ 150.583378642811994, -35.001781519857282 ], [ 150.583378522415472, -35.001788107186243 ], [ 150.583378392564157, -35.001794569022884 ], [ 150.583378251333272, -35.001800896314194 ], [ 150.583378096718576, -35.001807082709995 ], [ 150.58337792674223, -35.00181312095912 ], [ 150.583377740521399, -35.001819003832267 ], [ 150.583377537199652, -35.00182472319915 ], [ 150.58337731365134, -35.001830273588723 ], [ 150.583376273034133, -35.001849706528176 ], [ 150.583374566716969, -35.001870019561593 ], [ 150.583372286013258, -35.001887513082451 ], [ 150.583369354217837, -35.001902634493625 ], [ 150.583365693530538, -35.001915831176142 ], [ 150.583361226204204, -35.001927548709112 ], [ 150.583355873317174, -35.001938235352661 ], [ 150.583349560380327, -35.001948337652195 ], [ 150.58334220737683, -35.001958303845896 ], [ 150.583336224569535, -35.001965638003888 ], [ 150.583331030904105, -35.001971657315025 ], [ 150.583325517978238, -35.001977803683566 ], [ 150.583319709614926, -35.001984086598625 ], [ 150.583313629610785, -35.001990516450377 ], [ 150.583307305073646, -35.001997102793418 ], [ 150.583300757610203, -35.002003855974252 ], [ 150.583294014301771, -35.00201078644843 ], [ 150.583287097876536, -35.002017903683345 ], [ 150.583280033252493, -35.00202521719001 ], [ 150.583272846416037, -35.002032737402196 ], [ 150.583265560042264, -35.002040475589148 ], [ 150.583258200197207, -35.002048439481847 ], [ 150.583250791719308, -35.002056641294153 ], [ 150.583243357363216, -35.002065089592527 ], [ 150.583239996481666, -35.002068989099101 ], [ 150.583234500330633, -35.002075458522604 ], [ 150.583229022914651, -35.0020819986335 ], [ 150.583223572102071, -35.002088565416642 ], [ 150.583218160167462, -35.002095114043179 ], [ 150.583212798237554, -35.002101601464304 ], [ 150.583207495275644, -35.002107983686713 ], [ 150.58320226243498, -35.002114216760674 ], [ 150.583197111963671, -35.002120256758296 ], [ 150.583192052798694, -35.002126060587173 ], [ 150.583187097214591, -35.002131583418482 ], [ 150.583182254148369, -35.002136782159837 ], [ 150.583177535848193, -35.002141612883364 ], [ 150.583172951251015, -35.00214603249664 ], [ 150.583168513752952, -35.002149995291731 ], [ 150.583164231169519, -35.002153459055393 ], [ 150.583160115748996, -35.002156379859713 ], [ 150.583156178644629, -35.002158713755023 ], [ 150.583152428846461, -35.002160415847072 ], [ 150.58314887854965, -35.002161444009815 ], [ 150.583145538934048, -35.002161753392663 ], [ 150.583141335138237, -35.002160975518137 ], [ 150.583138146141096, -35.002159330815644 ], [ 150.583135222865479, -35.002156846731644 ], [ 150.583132556912716, -35.002153585300121 ], [ 150.583130143142512, -35.002149609521396 ], [ 150.583127970966444, -35.002144981385776 ], [ 150.583126034149188, -35.002139763871789 ], [ 150.583124325386962, -35.002134019035225 ], [ 150.583122836281234, -35.002127808909975 ], [ 150.58312155947516, -35.002121197353702 ], [ 150.583120487691531, -35.002114245521199 ], [ 150.583119612505186, -35.00210701634736 ], [ 150.583118927680744, -35.002099572810693 ], [ 150.583118424846049, -35.002091976044177 ], [ 150.583118095549395, -35.002084289883626 ], [ 150.583117932487056, -35.002076576384809 ], [ 150.583117929450196, -35.002068897625264 ], [ 150.58311807691868, -35.002061316518059 ] ] ] ] } },
{ "type": "Feature", "properties": { "OBJECTID": 17, "Comments": "Operational noise contour - OpContoursBuild2040Night", "FSource": "MOTTM - noise specialists model run for Rev B", "SourceDate": 20251027.0, "Supplier": "MOTTM", "path_windows": "C:\\Users\\bri86955\\Mott MacDonald\\MGO - Moata Geospatial - JBR2HR\\01Incoming\\20251024_Noise\\Noise shp files Rev B\\Noise Rev B figures\\Metadata\\OpContours\\OpContoursBuild2040Night.shp", "path_rootname": "OpContoursBuild2040Night", "IsoValue": 70, "shapefile_type": "shapefile_polygon", "SHAPE_Length": 243.62877374656409, "SHAPE_Area": 1256.6581328008208 }, "geometry": { "type": "MultiPolygon", "coordinates": [ [ [ [ 150.583389310101552, -35.000423366781128 ], [ 150.583388716202506, -35.000415513084469 ], [ 150.583388156142178, -35.000408035973841 ], [ 150.583387595961199, -35.000400376764318 ], [ 150.583387043350427, -35.000392534707665 ], [ 150.583386504905747, -35.000384509033765 ], [ 150.583385987276074, -35.000376297170668 ], [ 150.583385499247072, -35.000367898391907 ], [ 150.583385046293188, -35.000359312806516 ], [ 150.583384637253147, -35.000350537886156 ], [ 150.583384277654432, -35.000341571937973 ], [ 150.58338397513478, -35.000332416015596 ], [ 150.583383737464459, -35.00032306666791 ], [ 150.583383572307753, -35.000313524047577 ], [ 150.583383485192115, -35.000303786461771 ], [ 150.58338348383478, -35.000293852261279 ], [ 150.583383576994919, -35.000283721620555 ], [ 150.583383769131586, -35.000273391924019 ], [ 150.583384070098788, -35.000262863367929 ], [ 150.583384485450466, -35.000252133358558 ], [ 150.583385022877394, -35.000241201147574 ], [ 150.583385624307169, -35.00023107251765 ], [ 150.583386145814387, -35.000223362736392 ], [ 150.583386728592671, -35.000215581156695 ], [ 150.583387371282043, -35.000207736766122 ], [ 150.583388073564436, -35.000199840375956 ], [ 150.583388836296194, -35.000191900116484 ], [ 150.583389659106274, -35.000183928600819 ], [ 150.58339054178262, -35.000175933036502 ], [ 150.58339148288573, -35.000167925113928 ], [ 150.583392485461758, -35.000159913007003 ], [ 150.583393545881449, -35.00015190836249 ], [ 150.583394666069552, -35.000143920233398 ], [ 150.583395846829376, -35.000135958551887 ], [ 150.58339708570611, -35.00012803228374 ], [ 150.58339838345006, -35.000120153162968 ], [ 150.583399740917599, -35.00011232931984 ], [ 150.583401156695771, -35.000104571543801 ], [ 150.583402631614348, -35.000096888866082 ], [ 150.583404164260514, -35.00008929207614 ], [ 150.583405756558903, -35.000081790227 ], [ 150.583407407096615, -35.000074394108097 ], [ 150.583409115582072, -35.000067113629797 ], [ 150.583410882871675, -35.000059956922343 ], [ 150.583412707525952, -35.000052935676152 ], [ 150.583414590374758, -35.000046058922436 ], [ 150.583416532221435, -35.000039336593332 ], [ 150.58341853058468, -35.000032778555529 ], [ 150.583420587362724, -35.000026394763019 ], [ 150.583422702264073, -35.000020195126119 ], [ 150.583429010291582, -35.000003587728223 ], [ 150.583434168253746, -34.999991627025267 ], [ 150.583439501686684, -34.999980367553114 ], [ 150.583444965569043, -34.99996970114033 ], [ 150.583450515921413, -34.999959521439187 ], [ 150.583456105532662, -34.999949720234696 ], [ 150.583461690396803, -34.999940192080047 ], [ 150.583467223276216, -34.999930829661217 ], [ 150.583472660244468, -34.999921524828608 ], [ 150.583477955079189, -34.999912172992786 ], [ 150.583483063880465, -34.999902665103285 ], [ 150.583487938289153, -34.999892894725185 ], [ 150.583492535420646, -34.999882755532603 ], [ 150.583495766428598, -34.99987488787248 ], [ 150.583498484786759, -34.999867725766805 ], [ 150.583501089154794, -34.999860379294148 ], [ 150.583503589148137, -34.999852856759247 ], [ 150.583505998629391, -34.99984517105878 ], [ 150.583508329403827, -34.999837330541091 ], [ 150.583510593197218, -34.999829346257307 ], [ 150.583512802830228, -34.999821229280442 ], [ 150.583514968986805, -34.999812988837974 ], [ 150.583517104487498, -34.999804636002857 ], [ 150.583519222153058, -34.999796181848062 ], [ 150.583521332667345, -34.999787635601066 ], [ 150.583523448850968, -34.999779008334833 ], [ 150.583525583551108, -34.9997703102214 ], [ 150.583527747425137, -34.999761551389163 ], [ 150.583529954388581, -34.999752742932905 ], [ 150.583532214003867, -34.999743894959238 ], [ 150.583534540213066, -34.999735017661955 ], [ 150.583536945836784, -34.999726122114076 ], [ 150.583539440463994, -34.999717217521194 ], [ 150.583541700238726, -34.999709444099999 ], [ 150.583544275987975, -34.999700872862846 ], [ 150.583546932652382, -34.999692306843102 ], [ 150.583549664704549, -34.999683747733606 ], [ 150.583552462290356, -34.999675195338085 ], [ 150.583555319829429, -34.999666653151245 ], [ 150.583558228562623, -34.999658120998639 ], [ 150.583561182962399, -34.999649600573093 ], [ 150.583564175285147, -34.999641094424781 ], [ 150.583567197813522, -34.999632604202937 ], [ 150.583570242883383, -34.999624129754913 ], [ 150.583573304940757, -34.999615673674477 ], [ 150.583576375173493, -34.999607237589061 ], [ 150.583579446959305, -34.999598823169705 ], [ 150.583582512633967, -34.999590430263773 ], [ 150.583585565522185, -34.999582062344153 ], [ 150.583588597933215, -34.999573720159169 ], [ 150.583591602149852, -34.999565405358034 ], [ 150.583594572671188, -34.999557118732682 ], [ 150.583597500685158, -34.999548861910519 ], [ 150.583600378448011, -34.99954063744174 ], [ 150.583602714760673, -34.999533874285838 ], [ 150.583605809444322, -34.999524830195675 ], [ 150.583608834440724, -34.999515957799289 ], [ 150.583611790782072, -34.99950733374201 ], [ 150.583614679579966, -34.99949903196633 ], [ 150.583617500771709, -34.99949112909578 ], [ 150.583620254321119, -34.999483700852927 ], [ 150.583622943529519, -34.999476821223908 ], [ 150.583625566171065, -34.999470565887691 ], [ 150.583628124399297, -34.999465010610464 ], [ 150.583630619272867, -34.999460231136617 ], [ 150.583633049687279, -34.999456302265983 ], [ 150.583635417822592, -34.999453298863827 ], [ 150.583637723616107, -34.999451297553662 ], [ 150.583639968179568, -34.999450372277984 ], [ 150.583642152571684, -34.999450598781202 ], [ 150.583644275634924, -34.999452053665038 ], [ 150.583646339575836, -34.999454810893774 ], [ 150.583648344358267, -34.999458946190011 ], [ 150.583649757419835, -34.999462825403533 ], [ 150.583650691770771, -34.999465846801648 ], [ 150.583651610277315, -34.999469183397942 ], [ 150.583652513283994, -34.999472823480176 ], [ 150.583653401135336, -34.999476755336133 ], [ 150.583654273107442, -34.99948096633085 ], [ 150.583655127328569, -34.999485445609437 ], [ 150.583655965291058, -34.99949017967959 ], [ 150.583656785096707, -34.999495158587358 ], [ 150.583657587116505, -34.999500369719598 ], [ 150.58365836953169, -34.999505800419506 ], [ 150.583659133781595, -34.999511438996691 ], [ 150.583659879089367, -34.999517274618078 ], [ 150.583660603609786, -34.999523295527801 ], [ 150.5836613077403, -34.999529488211792 ], [ 150.58366199179892, -34.999535841858744 ], [ 150.583662653940394, -34.999542344712843 ], [ 150.583663294535683, -34.999548984160917 ], [ 150.583663912807907, -34.999555749369875 ], [ 150.583664508033223, -34.999562627704783 ], [ 150.583665080556074, -34.999569607453395 ], [ 150.583665630720986, -34.999576676903473 ], [ 150.583666155587792, -34.999583824277416 ], [ 150.583666655527509, -34.999591036962045 ], [ 150.58366713195295, -34.999598304167876 ], [ 150.58366758195055, -34.99960561321636 ], [ 150.583668006959613, -34.999612952417046 ], [ 150.583668405134915, -34.999620310014123 ], [ 150.5836687768209, -34.999627674295382 ], [ 150.583669121267235, -34.999635033526786 ], [ 150.583669438844908, -34.999642375095149 ], [ 150.583669726613664, -34.99964968722287 ], [ 150.583669987081379, -34.999656959142264 ], [ 150.583670218455751, -34.999664177295628 ], [ 150.583670421028245, -34.999671331772603 ], [ 150.583670593006588, -34.999678409015502 ], [ 150.583670734735279, -34.999685397312092 ], [ 150.583670845437467, -34.99969228582929 ], [ 150.583670974583697, -34.999705735596351 ], [ 150.583670985855406, -34.999718239179003 ], [ 150.583670891209977, -34.999730358429815 ], [ 150.583670696766205, -34.99974210879563 ], [ 150.583670407574488, -34.999753504800488 ], [ 150.583670026522014, -34.999764560023927 ], [ 150.583669559701036, -34.999775290813687 ], [ 150.583669012188523, -34.999785710792928 ], [ 150.58366838903487, -34.999795834485667 ], [ 150.583667693074204, -34.999805677273343 ], [ 150.583666931546787, -34.999815253723625 ], [ 150.58366610843467, -34.999824577437828 ], [ 150.583665228735242, -34.999833664741942 ], [ 150.583664296430612, -34.999842529237242 ], [ 150.583663317666037, -34.999851185469623 ], [ 150.583662296370619, -34.999859648842296 ], [ 150.583661237594811, -34.999867933879315 ], [ 150.583660146415525, -34.999876054203824 ], [ 150.583659027856754, -34.999884025240831 ], [ 150.583657886942376, -34.999891862415346 ], [ 150.583656601149073, -34.999900379115452 ], [ 150.583654984923726, -34.999910594811517 ], [ 150.583653305620999, -34.999920571263765 ], [ 150.58365154393033, -34.999930294565601 ], [ 150.583649683693352, -34.999939755380488 ], [ 150.583647708831194, -34.999948941669174 ], [ 150.583645599953769, -34.999957842227779 ], [ 150.583643343198446, -34.999966444159718 ], [ 150.583640918053817, -34.999974737140299 ], [ 150.583638309509297, -34.999982710052926 ], [ 150.583635499296264, -34.999990350814677 ], [ 150.583632470214411, -34.999997648265342 ], [ 150.583629206158321, -35.000004591266531 ], [ 150.583625688859314, -35.000011167735273 ], [ 150.583621902238491, -35.000017365632281 ], [ 150.583617748451388, -35.000023308312755 ], [ 150.583611040209547, -35.000031623261776 ], [ 150.583603884708936, -35.000039426283394 ], [ 150.583596419373237, -35.000046961707966 ], [ 150.583588779515622, -35.000054471119384 ], [ 150.583581103707587, -35.000062197067976 ], [ 150.583573527262274, -35.000070381137746 ], [ 150.583566186534711, -35.000079266736357 ], [ 150.583559219027819, -35.000089095491511 ], [ 150.58355276109657, -35.000100110810948 ], [ 150.583549537652686, -35.000106603884682 ], [ 150.583546801512284, -35.000112731653573 ], [ 150.583544184913961, -35.000119152977412 ], [ 150.583541675142925, -35.00012585317949 ], [ 150.583539256279408, -35.000132814814847 ], [ 150.583536914566707, -35.000140021383046 ], [ 150.583534637316689, -35.000147457306483 ], [ 150.583532409730822, -35.000155104260983 ], [ 150.583530219094399, -35.000162947569891 ], [ 150.583528049514058, -35.000170968887232 ], [ 150.583525887180144, -35.000179153514516 ], [ 150.583523720552364, -35.000187484093978 ], [ 150.583521533684291, -35.000195944081604 ], [ 150.583519312819334, -35.000204516976957 ], [ 150.583517044200846, -35.000213186279623 ], [ 150.583514714072209, -35.000221935489179 ], [ 150.583512308676802, -35.000230748105196 ], [ 150.583509813163062, -35.000239607605465 ], [ 150.583507214842768, -35.000248498412283 ], [ 150.583504498917421, -35.000257402201555 ], [ 150.583501235806494, -35.000267589599588 ], [ 150.583498413169565, -35.000276024302963 ], [ 150.583495496874406, -35.000284440012898 ], [ 150.583492495892216, -35.000292829696306 ], [ 150.583489423573752, -35.000301186407398 ], [ 150.583486288916731, -35.000309502212168 ], [ 150.583483101987213, -35.000317770099343 ], [ 150.583479876135982, -35.000325983123112 ], [ 150.583476620387273, -35.000334132448543 ], [ 150.583473344780629, -35.000342211965318 ], [ 150.583470062666919, -35.000350214727604 ], [ 150.583466783070349, -35.000358131900519 ], [ 150.583463517125381, -35.000365957395523 ], [ 150.583460274924704, -35.000373683300445 ], [ 150.583457068724186, -35.000381302647682 ], [ 150.583453908643037, -35.000388806624095 ], [ 150.583450804694365, -35.000396190020325 ], [ 150.583447769187075, -35.000403444066876 ], [ 150.583444812160877, -35.000410562653478 ], [ 150.583441943734897, -35.000417536966985 ], [ 150.583439176165086, -35.000424360039787 ], [ 150.583433411036424, -35.000438934623162 ], [ 150.58342929562744, -35.000449604455383 ], [ 150.583425478684831, -35.000459624865421 ], [ 150.583421947186082, -35.000468917166245 ], [ 150.583418688055616, -35.000477404472726 ], [ 150.583415687176, -35.000485008075984 ], [ 150.583412931498145, -35.000491650189915 ], [ 150.583410407972934, -35.000497253028414 ], [ 150.58340810133501, -35.000501739662674 ], [ 150.583405999656691, -35.000505031427437 ], [ 150.583404088793884, -35.000507050514805 ], [ 150.583402354629101, -35.000507718215879 ], [ 150.583400702385063, -35.000506904634442 ], [ 150.583399257938709, -35.000504688001058 ], [ 150.583397947709813, -35.0005011488837 ], [ 150.583396755026257, -35.000496369885283 ], [ 150.583395662147694, -35.000490432686007 ], [ 150.583394651307032, -35.000483419867003 ], [ 150.583393703615968, -35.000475414888513 ], [ 150.583392802481967, -35.000466497650663 ], [ 150.583391931179904, -35.000456752558264 ], [ 150.583391069805998, -35.000446260346934 ], [ 150.583390202756647, -35.000435104542369 ], [ 150.583389310101552, -35.000423366781128 ] ] ] ] } },
{ "type": "Feature", "properties": { "OBJECTID": 18, "Comments": "Operational noise contour - OpContoursBuild2040Night", "FSource": "MOTTM - noise specialists model run for Rev B", "SourceDate": 20251027.0, "Supplier": "MOTTM", "path_windows": "C:\\Users\\bri86955\\Mott MacDonald\\MGO - Moata Geospatial - JBR2HR\\01Incoming\\20251024_Noise\\Noise shp files Rev B\\Noise Rev B figures\\Metadata\\OpContours\\OpContoursBuild2040Night.shp", "path_rootname": "OpContoursBuild2040Night", "IsoValue": 70, "shapefile_type": "shapefile_polygon", "SHAPE_Length": 366.42750150716142, "SHAPE_Area": 1168.8558267431192 }, "geometry": { "type": "MultiPolygon", "coordinates": [ [ [ [ 150.583620035460115, -34.999176610579973 ], [ 150.583618716007862, -34.999167090943267 ], [ 150.583617552497714, -34.999158228878002 ], [ 150.583616447803081, -34.999149303979934 ], [ 150.583615404723332, -34.999140295571017 ], [ 150.583614423920892, -34.999131181127758 ], [ 150.583613508195015, -34.99912193997217 ], [ 150.583612660371472, -34.999112550525261 ], [ 150.583611882128139, -34.999102992988192 ], [ 150.583611175248876, -34.999093243958328 ], [ 150.583610542479903, -34.999083284559525 ], [ 150.583609986699997, -34.999073091410942 ], [ 150.583609508492145, -34.999062644691932 ], [ 150.583609110682062, -34.999051922823519 ], [ 150.583608797190351, -34.999040904248588 ], [ 150.583608567558144, -34.999029567322708 ], [ 150.583608425653011, -34.999017892290674 ], [ 150.583608373232323, -34.999005856650761 ], [ 150.583608412026905, -34.998993438802223 ], [ 150.583608544809493, -34.998980618967984 ], [ 150.583608774405775, -34.998967375569073 ], [ 150.583608930010058, -34.998960409420143 ], [ 150.583609106133878, -34.998953490556204 ], [ 150.583609303812096, -34.99894647205862 ], [ 150.583609524033562, -34.998939357552956 ], [ 150.583609764396584, -34.998932154203096 ], [ 150.583610024768632, -34.998924866513789 ], [ 150.583610302774389, -34.998917500747943 ], [ 150.583610599349754, -34.998910062333046 ], [ 150.583610911051096, -34.998902556609302 ], [ 150.583611238814228, -34.998894989004157 ], [ 150.583611580263977, -34.998887365780604 ], [ 150.583611935241294, -34.998879692344246 ], [ 150.58361230249227, -34.998871974078938 ], [ 150.583612679641703, -34.998864217247636 ], [ 150.583613068746757, -34.99885642639866 ], [ 150.583613465242451, -34.998848607751363 ], [ 150.583613870038221, -34.998840767634128 ], [ 150.583614281933137, -34.998832909628931 ], [ 150.583614700715174, -34.998825040943267 ], [ 150.583615122940728, -34.99881716691737 ], [ 150.583615549545641, -34.99880929297867 ], [ 150.583615978154711, -34.998801425390162 ], [ 150.583616409730269, -34.998793568678323 ], [ 150.583616840828711, -34.998785728183428 ], [ 150.583617271238012, -34.998777911112931 ], [ 150.58361770082567, -34.99877012197156 ], [ 150.583618128311372, -34.998762367044122 ], [ 150.58361855137278, -34.998754650791646 ], [ 150.583618970919332, -34.998746979542567 ], [ 150.583619383480851, -34.998739359538014 ], [ 150.583619790019782, -34.998731795304529 ], [ 150.583620188187325, -34.998724292204109 ], [ 150.583620578866402, -34.9987168574661 ], [ 150.583620958639841, -34.998709495529781 ], [ 150.583621327348709, -34.99870221180079 ], [ 150.58362168480744, -34.998695012585706 ], [ 150.583622028693839, -34.998687902345637 ], [ 150.583622358795878, -34.998680888288071 ], [ 150.583622673886225, -34.998673974895937 ], [ 150.583622972684509, -34.998667168453998 ], [ 150.5836235267397, -34.998653732292063 ], [ 150.583624017258558, -34.99864085467626 ], [ 150.583624462141216, -34.998628336738705 ], [ 150.583624872619595, -34.998616131826715 ], [ 150.58362525981957, -34.998604196891478 ], [ 150.583625634946515, -34.998592486181266 ], [ 150.583626011369006, -34.998580954888965 ], [ 150.583626398049745, -34.998569559021121 ], [ 150.583626807262391, -34.998558253748818 ], [ 150.583627251307178, -34.998546993342131 ], [ 150.583627741336471, -34.998535733851256 ], [ 150.583628287460698, -34.998524429502702 ], [ 150.583628901900511, -34.998513037269419 ], [ 150.583629596982632, -34.998501510520519 ], [ 150.583630382764483, -34.998489805284414 ], [ 150.583631271493232, -34.998477877633093 ], [ 150.583632274374139, -34.998465681814842 ], [ 150.583633402585974, -34.998453172978898 ], [ 150.583634667280961, -34.998440307175443 ], [ 150.583636080759277, -34.998427038674564 ], [ 150.583637056144966, -34.99841842203773 ], [ 150.583637863447137, -34.998411534674666 ], [ 150.583638706483754, -34.998404549763265 ], [ 150.583639582932562, -34.998397471764633 ], [ 150.583640491486619, -34.998390307864483 ], [ 150.583641427660496, -34.998383061579325 ], [ 150.583642392363515, -34.998375739237581 ], [ 150.583643383220476, -34.9983683471022 ], [ 150.583644396814208, -34.998360889612471 ], [ 150.583645432985719, -34.99835337217403 ], [ 150.58364648826489, -34.998345801028037 ], [ 150.583647562492729, -34.998338181580145 ], [ 150.583648652252123, -34.998330518269626 ], [ 150.583649756236184, -34.99832281828219 ], [ 150.583650873217522, -34.998315086100753 ], [ 150.583651999779079, -34.998307326164579 ], [ 150.583653135682312, -34.998299546582132 ], [ 150.583654277563141, -34.998291749990841 ], [ 150.583655424114653, -34.998283943576382 ], [ 150.583656574082994, -34.998276132722616 ], [ 150.58365772511948, -34.99826832279156 ], [ 150.58365887378045, -34.998260519123441 ], [ 150.583660021001805, -34.998252727145719 ], [ 150.58366116333994, -34.998244952198611 ], [ 150.583662298446114, -34.998237199644151 ], [ 150.583663425039987, -34.998229475767118 ], [ 150.583664540799305, -34.998221785028576 ], [ 150.583665645538616, -34.998214133735139 ], [ 150.583666734719429, -34.99820652720522 ], [ 150.583667808182724, -34.998198970844449 ], [ 150.583668863579817, -34.998191470014874 ], [ 150.583669898562022, -34.998184030078512 ], [ 150.583670911848913, -34.998176657320165 ], [ 150.583671902213183, -34.998169356222689 ], [ 150.583672866211231, -34.99816213212636 ], [ 150.583673802562686, -34.998154991315907 ], [ 150.583674710013753, -34.998147939175205 ], [ 150.583675585120773, -34.998140981044457 ], [ 150.583676427724782, -34.998134122329333 ], [ 150.583677234382264, -34.998127368370028 ], [ 150.583678752944166, -34.998114065000465 ], [ 150.583680123189907, -34.998101222933045 ], [ 150.583681354506012, -34.998088783759265 ], [ 150.583682454150818, -34.998076724185552 ], [ 150.583683428208133, -34.998065023599317 ], [ 150.583684282867921, -34.998053657784169 ], [ 150.583685023145591, -34.998042605204795 ], [ 150.583685657367795, -34.998031843490338 ], [ 150.583686188386793, -34.998021350160862 ], [ 150.583686625623983, -34.998011102867373 ], [ 150.583686973053005, -34.998001078250802 ], [ 150.583687237852558, -34.997991255720351 ], [ 150.583687425117603, -34.997981611037858 ], [ 150.583687542026837, -34.997972123612556 ], [ 150.583687594770083, -34.997962769228046 ], [ 150.583687588362778, -34.997953526349029 ], [ 150.58368753003657, -34.997944372582772 ], [ 150.583687424806982, -34.997935286393982 ], [ 150.583687279958639, -34.997926243588076 ], [ 150.583687100506978, -34.997917222629702 ], [ 150.583686883101137, -34.997907815988619 ], [ 150.583686653559056, -34.997898821978154 ], [ 150.583686407328969, -34.997889836650003 ], [ 150.583686149779282, -34.997880863716958 ], [ 150.583685888468011, -34.997871906935409 ], [ 150.583685626520776, -34.997862971776428 ], [ 150.583685371522165, -34.99785406109546 ], [ 150.583685128787437, -34.997845180407161 ], [ 150.583684902590107, -34.997836333402518 ], [ 150.58368469936687, -34.997827524717081 ], [ 150.583684525607396, -34.997818757184469 ], [ 150.583684386600453, -34.997810037220304 ], [ 150.583684286646076, -34.997801367614649 ], [ 150.583684233275761, -34.997792753024804 ], [ 150.58368423073648, -34.997784198042702 ], [ 150.583684285491387, -34.997775706402926 ], [ 150.583684401787451, -34.997767282697417 ], [ 150.58368458718266, -34.997758930682558 ], [ 150.583684847018873, -34.997750654972052 ], [ 150.583685185543004, -34.997742460157866 ], [ 150.583685962601919, -34.997728666946202 ], [ 150.583686678153441, -34.997719050813878 ], [ 150.583687533694217, -34.997709703402556 ], [ 150.583688534071001, -34.997700683404204 ], [ 150.583689684077598, -34.997692051312661 ], [ 150.58369098858725, -34.997683864918905 ], [ 150.583692453515084, -34.997676183837612 ], [ 150.583694083707911, -34.997669066760771 ], [ 150.583695885107346, -34.997662572402099 ], [ 150.583697861385929, -34.997656762134561 ], [ 150.583700017443391, -34.99765169284823 ], [ 150.583702360289863, -34.997647424179583 ], [ 150.583704894745637, -34.997644015721512 ], [ 150.583707624562777, -34.997641526144143 ], [ 150.583710555656495, -34.997640015062181 ], [ 150.583713693968548, -34.997639541189344 ], [ 150.583716979687608, -34.997640126772644 ], [ 150.583720149651782, -34.997641556529054 ], [ 150.583723419646475, -34.997643794189962 ], [ 150.583726753718366, -34.997646795768851 ], [ 150.583730115940597, -34.997650516378329 ], [ 150.583733471454764, -34.99765491205369 ], [ 150.583736784386957, -34.99765993610562 ], [ 150.58374001987869, -34.997665544569472 ], [ 150.583743140881722, -34.997671693436949 ], [ 150.583746112563972, -34.997678337842451 ], [ 150.58374889899855, -34.99768543289855 ], [ 150.583751465379834, -34.997692932838703 ], [ 150.583753775727814, -34.997700794577398 ], [ 150.583755794115547, -34.997708973227205 ], [ 150.583757485737323, -34.997717423021598 ], [ 150.583758813544733, -34.997726099952274 ], [ 150.583759743826903, -34.997734958274528 ], [ 150.583760239508905, -34.997743954880981 ], [ 150.583760308221287, -34.997751079649873 ], [ 150.583760067512117, -34.997759003267582 ], [ 150.583759519295569, -34.997766990174327 ], [ 150.583758684480046, -34.997775037180588 ], [ 150.583757586163529, -34.997783141140502 ], [ 150.583756246349253, -34.997791298886376 ], [ 150.583754689230062, -34.997799507294125 ], [ 150.583752934646014, -34.997807762251526 ], [ 150.583751005642142, -34.997816062414557 ], [ 150.583748926464409, -34.997824402857297 ], [ 150.583746718021189, -34.997832780390226 ], [ 150.583744403357542, -34.997841193669359 ], [ 150.583742004556257, -34.997849636824185 ], [ 150.583739544635904, -34.997858109411673 ], [ 150.583737045679356, -34.997866605561306 ], [ 150.583734529636786, -34.997875123907292 ], [ 150.583732019632833, -34.997883660402827 ], [ 150.583729538739249, -34.997892212802981 ], [ 150.58372710791744, -34.997900776116417 ], [ 150.583724751307415, -34.997909349020944 ], [ 150.583722489844149, -34.997917927426158 ], [ 150.583720152614518, -34.997927294008385 ], [ 150.583718051058497, -34.997936246101432 ], [ 150.583716077601281, -34.997945200745576 ], [ 150.583714232269386, -34.997954157039871 ], [ 150.583712515009893, -34.997963116786202 ], [ 150.583710925849289, -34.997972079083645 ], [ 150.583709463692799, -34.997981043910379 ], [ 150.583708129661801, -34.997990010387319 ], [ 150.583706923703318, -34.997998980316318 ], [ 150.583705843654201, -34.998007952752829 ], [ 150.58370489173069, -34.998016926839547 ], [ 150.583704065690142, -34.998025904334725 ], [ 150.583703367748797, -34.998034884381056 ], [ 150.58370279462207, -34.998043866913122 ], [ 150.583702349621149, -34.998052851095395 ], [ 150.583702029408443, -34.998061838664356 ], [ 150.583701836200277, -34.998070828762664 ], [ 150.583701768901733, -34.998079821368528 ], [ 150.583701827539443, -34.998088815580992 ], [ 150.5837020120604, -34.998097813201959 ], [ 150.583702413685671, -34.998109039068197 ], [ 150.583702860499187, -34.998117946357233 ], [ 150.583703409135524, -34.99812685567413 ], [ 150.583704051904078, -34.998135767767167 ], [ 150.58370477900408, -34.998144680638255 ], [ 150.583705582718522, -34.9981535959366 ], [ 150.58370645215166, -34.998162511642292 ], [ 150.583707380707892, -34.998171428525431 ], [ 150.583708357411979, -34.998180347268928 ], [ 150.583709374652898, -34.998189265918263 ], [ 150.583710422523808, -34.998198186079044 ], [ 150.58371149231877, -34.998207105774981 ], [ 150.583712575252349, -34.998216025732553 ], [ 150.583713663633915, -34.998224946700105 ], [ 150.583714746567864, -34.99823386665765 ], [ 150.583715815268647, -34.998242786331737 ], [ 150.583716862045748, -34.998251706470647 ], [ 150.583717877098252, -34.99826062507627 ], [ 150.583718851614236, -34.998269543776047 ], [ 150.583719776887705, -34.998278460593632 ], [ 150.583720678423504, -34.998287737525665 ], [ 150.583721496142175, -34.998296809958134 ], [ 150.583722255319771, -34.998305973174446 ], [ 150.583722956874027, -34.998315270463337 ], [ 150.583723600574899, -34.99832474689363 ], [ 150.583724187260628, -34.998334448456902 ], [ 150.583724718917495, -34.998344419364614 ], [ 150.583725195288878, -34.998354705586543 ], [ 150.583725616224172, -34.998365349488672 ], [ 150.583725982508668, -34.998376398864437 ], [ 150.583726296181624, -34.998387896123461 ], [ 150.583726555864985, -34.998399888114598 ], [ 150.583726763544973, -34.998412419049366 ], [ 150.583726920112838, -34.998425533117413 ], [ 150.583727025312015, -34.998439276288515 ], [ 150.583727078938892, -34.998453692730529 ], [ 150.583727084047979, -34.998468827577703 ], [ 150.583727039314368, -34.998484725876999 ], [ 150.583726945602706, -34.998501432719067 ], [ 150.583726803804325, -34.998518992293562 ], [ 150.583726746010967, -34.998525054415964 ], [ 150.583726682177087, -34.998531210170725 ], [ 150.583726613371113, -34.998537460480591 ], [ 150.583726538551076, -34.998543803521862 ], [ 150.583726458891419, -34.998550236613561 ], [ 150.583726372281831, -34.998556757009219 ], [ 150.583726278775373, -34.998563362906971 ], [ 150.583726179599296, -34.998570049823925 ], [ 150.583726073685369, -34.998576816837335 ], [ 150.583725962207865, -34.99858366126616 ], [ 150.583725843056527, -34.998590580364002 ], [ 150.583725716310852, -34.998597571428029 ], [ 150.583725583145252, -34.998604631777219 ], [ 150.583725442517817, -34.998611759587888 ], [ 150.58372529453456, -34.99861895125629 ], [ 150.583725139248429, -34.998626204980511 ], [ 150.583724976738921, -34.998633518057765 ], [ 150.58372480486932, -34.99864088864252 ], [ 150.58372462596185, -34.998648312273751 ], [ 150.583724438948138, -34.99865578802865 ], [ 150.583724242812792, -34.998663313182618 ], [ 150.583724038730168, -34.998670885054636 ], [ 150.58372382677976, -34.998678500941892 ], [ 150.583723604824854, -34.998686158998879 ], [ 150.583723374092756, -34.998693854742697 ], [ 150.583723134583465, -34.998701588173361 ], [ 150.583722886429541, -34.998709354786172 ], [ 150.583722627494183, -34.998717152735637 ], [ 150.583722360046636, -34.998724979362535 ], [ 150.583722083044989, -34.998732832843167 ], [ 150.583721795500423, -34.99874070955201 ], [ 150.58372149856072, -34.998748607708947 ], [ 150.5837211912106, -34.998756524589382 ], [ 150.583720873529472, -34.998764457490473 ], [ 150.58372054559689, -34.998772403709417 ], [ 150.583720206370913, -34.998780361422511 ], [ 150.583719857052472, -34.998788327047805 ], [ 150.58371949657311, -34.99879629966258 ], [ 150.583719125065386, -34.998804274762065 ], [ 150.583718741487388, -34.998812250522654 ], [ 150.583718348081874, -34.998820225186037 ], [ 150.583717941670187, -34.998828195083043 ], [ 150.583717524495114, -34.998836158455397 ], [ 150.583717095541232, -34.998844112578489 ], [ 150.583716654888036, -34.99885205474947 ], [ 150.58371620152019, -34.998859982243744 ], [ 150.583715735517131, -34.998867892358476 ], [ 150.583715258000268, -34.998875784214533 ], [ 150.583714766912323, -34.998883653263597 ], [ 150.583714263401163, -34.998891497725602 ], [ 150.583713747546312, -34.998899314897741 ], [ 150.58371321830586, -34.998907102956281 ], [ 150.583712675785819, -34.99891485829751 ], [ 150.583712120039138, -34.998922579119537 ], [ 150.583711551171859, -34.998930261818579 ], [ 150.583710968115582, -34.998937905471905 ], [ 150.58371037097632, -34.998945506475756 ], [ 150.583709760901939, -34.99895306305006 ], [ 150.583709135808675, -34.998960571547443 ], [ 150.583708496844366, -34.998968030187832 ], [ 150.58370705934172, -34.998984052194537 ], [ 150.583706014091291, -34.998995118531049 ], [ 150.583704938874121, -34.999006049050529 ], [ 150.583703834917571, -34.999016839270084 ], [ 150.583702702380634, -34.99902748378409 ], [ 150.583701544706912, -34.999037977252307 ], [ 150.58370036101357, -34.999048312445403 ], [ 150.583699154664743, -34.999058486726 ], [ 150.583697925898889, -34.999068491985597 ], [ 150.58369667591694, -34.999078324642291 ], [ 150.583695405999237, -34.999087978411254 ], [ 150.583694118494577, -34.999097447930495 ], [ 150.583692813588414, -34.999106726893402 ], [ 150.583691492481734, -34.999115811718063 ], [ 150.583690157549682, -34.99912469614145 ], [ 150.583688808977854, -34.999133373857035 ], [ 150.583687449114962, -34.999141839502762 ], [ 150.583686079188425, -34.999150088595762 ], [ 150.583684699357264, -34.999158115730367 ], [ 150.583683312023226, -34.999165913742694 ], [ 150.583681918387242, -34.999173479050761 ], [ 150.583680518634793, -34.999180805348004 ], [ 150.583679116209566, -34.999187887294205 ], [ 150.583677710175664, -34.999194719461904 ], [ 150.583676302881855, -34.999201296489098 ], [ 150.583674896676968, -34.999207613013731 ], [ 150.58367349065162, -34.999213662707433 ], [ 150.583672088249443, -34.999219440229979 ], [ 150.583670689576479, -34.999224941977616 ], [ 150.583669295966132, -34.999230159863686 ], [ 150.583667908619304, -34.999235090306229 ], [ 150.583666529911255, -34.999239727042294 ], [ 150.583665160001061, -34.999244064666236 ], [ 150.583663801237464, -34.999248097816022 ], [ 150.583662453779453, -34.999251821086006 ], [ 150.583661120002375, -34.999255228213244 ], [ 150.583659800012242, -34.999258315593941 ], [ 150.583658496210774, -34.999261076064244 ], [ 150.583657209851964, -34.999263504240282 ], [ 150.583653468464007, -34.999268798868286 ], [ 150.583651029603942, -34.999270780400842 ], [ 150.583648664627958, -34.999271553634998 ], [ 150.583646372590437, -34.999271187964972 ], [ 150.583644151424551, -34.999269753664109 ], [ 150.583642001279543, -34.999267320148377 ], [ 150.58363992008853, -34.999263957691113 ], [ 150.583637907974264, -34.999259736609275 ], [ 150.583635962869806, -34.999254727176172 ], [ 150.583634084950887, -34.999248997906882 ], [ 150.583632273245399, -34.999242619096499 ], [ 150.583630525686374, -34.999235661018382 ], [ 150.583628842396536, -34.999228193989481 ], [ 150.583627222430238, -34.999220287403951 ], [ 150.583625664815372, -34.999212011556942 ], [ 150.583624167511346, -34.999203435820824 ], [ 150.583622731735801, -34.999194630534362 ], [ 150.583621354326823, -34.999185665949057 ], [ 150.583620035460115, -34.999176610579973 ] ] ] ] } },
{ "type": "Feature", "properties": { "OBJECTID": 19, "Comments": "Operational noise contour - OpContoursBuild2040Night", "FSource": "MOTTM - noise specialists model run for Rev B", "SourceDate": 20251027.0, "Supplier": "MOTTM", "path_windows": "C:\\Users\\bri86955\\Mott MacDonald\\MGO - Moata Geospatial - JBR2HR\\01Incoming\\20251024_Noise\\Noise shp files Rev B\\Noise Rev B figures\\Metadata\\OpContours\\OpContoursBuild2040Night.shp", "path_rootname": "OpContoursBuild2040Night", "IsoValue": 70, "shapefile_type": "shapefile_polygon", "SHAPE_Length": 258.02522994514317, "SHAPE_Area": 838.32805426436244 }, "geometry": { "type": "MultiPolygon", "coordinates": [ [ [ [ 150.583844945035707, -34.997379018297138 ], [ 150.583843436676091, -34.997366273953119 ], [ 150.583842834675636, -34.997357502399112 ], [ 150.583842568955646, -34.997348732133048 ], [ 150.583842623093119, -34.997339962827894 ], [ 150.58384298176, -34.997331194178379 ], [ 150.583843627411909, -34.997322426736567 ], [ 150.583844542531097, -34.997313660153658 ], [ 150.583845711815911, -34.997304893223401 ], [ 150.583847119858802, -34.997296128343393 ], [ 150.583848747005277, -34.997287363319259 ], [ 150.583850580063967, -34.997278599691256 ], [ 150.583852600422233, -34.997269837088702 ], [ 150.583854791683677, -34.997261074283614 ], [ 150.583857138467238, -34.997252312772609 ], [ 150.583859623255165, -34.997243552206832 ], [ 150.583862230692972, -34.997234793181967 ], [ 150.583864942220998, -34.997226033525472 ], [ 150.583867743526611, -34.997217275656709 ], [ 150.583870616023717, -34.99720851830412 ], [ 150.58387354547915, -34.997199761184206 ], [ 150.58387592806605, -34.997192724894227 ], [ 150.583878863911622, -34.997184122953925 ], [ 150.583881809610205, -34.997175521209755 ], [ 150.58388475202355, -34.997166919400058 ], [ 150.583887674728828, -34.997158317197794 ], [ 150.583890563492929, -34.997149714319555 ], [ 150.583893402987883, -34.997141110460099 ], [ 150.583896177912209, -34.997132504413223 ], [ 150.583898873979876, -34.997123897697413 ], [ 150.583901475889405, -34.997115289106489 ], [ 150.583903969407686, -34.997106678357 ], [ 150.583906338111944, -34.997098065121968 ], [ 150.58390856886399, -34.997089449139722 ], [ 150.583910645241019, -34.997080830083263 ], [ 150.583912553010009, -34.997072207669163 ], [ 150.583914276842989, -34.99706358159218 ], [ 150.583915802533454, -34.99705495066798 ], [ 150.583917113605679, -34.997046316371396 ], [ 150.583918196947963, -34.997037677539886 ], [ 150.58391903613753, -34.99702903384641 ], [ 150.583919616941387, -34.997020385007545 ], [ 150.583919844869968, -34.997014906816993 ], [ 150.583919996632829, -34.997006170105188 ], [ 150.583919903174944, -34.996997427608726 ], [ 150.583919587461793, -34.99698868068635 ], [ 150.583919070295678, -34.996979929752356 ], [ 150.583918372478848, -34.996971175220949 ], [ 150.5839175170033, -34.996962417550009 ], [ 150.583916522481559, -34.996953657110126 ], [ 150.583915411905565, -34.996944894359203 ], [ 150.583914206077623, -34.996936129711465 ], [ 150.583912925799893, -34.996927363581129 ], [ 150.583911594064347, -34.996918596426092 ], [ 150.58391022948345, -34.99690982861695 ], [ 150.583908855049117, -34.996901060611592 ], [ 150.58390749263188, -34.99689229374696 ], [ 150.583906161992076, -34.996883526613658 ], [ 150.583904883905433, -34.99687476052685 ], [ 150.583903681363722, -34.996865995944418 ], [ 150.583902575169162, -34.996857233280558 ], [ 150.583901586123886, -34.996848472949559 ], [ 150.583900736124889, -34.996839715387459 ], [ 150.58390000010067, -34.996830397578861 ], [ 150.583899450057658, -34.99682138636711 ], [ 150.583899048887986, -34.996812379021428 ], [ 150.583898785669533, -34.996803374422832 ], [ 150.583898650548605, -34.99679437237512 ], [ 150.583898632576677, -34.996785372660256 ], [ 150.583898720805166, -34.996776375060215 ], [ 150.58389890647527, -34.996767379400588 ], [ 150.583899178664922, -34.996758384562398 ], [ 150.583899526372647, -34.996749392129487 ], [ 150.583899940866047, -34.9967404010265 ], [ 150.583900410101819, -34.996731411013627 ], [ 150.58390092422627, -34.996722421894624 ], [ 150.583901472290847, -34.996713433451497 ], [ 150.583902045536803, -34.996704445509792 ], [ 150.58390263301564, -34.996695457851501 ], [ 150.583903223805322, -34.996686469357662 ], [ 150.583903809094039, -34.996677481655716 ], [ 150.583904375770146, -34.996668493583108 ], [ 150.583904916169729, -34.996659504987235 ], [ 150.58390542337068, -34.996650490489131 ], [ 150.58390589959771, -34.996641486191827 ], [ 150.583906353901142, -34.996632482359416 ], [ 150.583906793944919, -34.996623479144489 ], [ 150.583907227339921, -34.996614478501535 ], [ 150.583907662897985, -34.996605478803126 ], [ 150.583908108203531, -34.996596482904685 ], [ 150.583908570973534, -34.996587489156937 ], [ 150.583909057724014, -34.996578499492593 ], [ 150.583909579377035, -34.996569515030593 ], [ 150.58391014036485, -34.996560534056279 ], [ 150.583910750461683, -34.996551559468678 ], [ 150.583911418426254, -34.996542591442221 ], [ 150.5839121497593, -34.996533629184995 ], [ 150.583912954261422, -34.996524674695053 ], [ 150.583913838501672, -34.996515728103233 ], [ 150.583914811238799, -34.996506789583933 ], [ 150.583915880110226, -34.996497860190729 ], [ 150.58391705277981, -34.996488940076233 ], [ 150.583918336885006, -34.996480030293959 ], [ 150.583919836033999, -34.996470550558634 ], [ 150.583921351441717, -34.996461747248226 ], [ 150.583922972324444, -34.996453045199651 ], [ 150.583924688704627, -34.996444485681756 ], [ 150.583926495973031, -34.996436113676154 ], [ 150.583928385246935, -34.996427970473505 ], [ 150.58393034972741, -34.996420101011822 ], [ 150.583932383789886, -34.996412547548125 ], [ 150.583934478498691, -34.996405353174943 ], [ 150.583936627081414, -34.99639856192934 ], [ 150.583938822818595, -34.99639221604653 ], [ 150.583941058911392, -34.996386360464534 ], [ 150.583943327571973, -34.996381036495826 ], [ 150.583945620933179, -34.996376288155666 ], [ 150.583947933343893, -34.996372158602021 ], [ 150.583950256936959, -34.996368691850158 ], [ 150.583952584992971, -34.996365930135305 ], [ 150.583954909671178, -34.996363916571788 ], [ 150.583957224199224, -34.996362695196709 ], [ 150.583959521857793, -34.99636230824526 ], [ 150.583961977017992, -34.996362861055623 ], [ 150.583964216232488, -34.996364238015154 ], [ 150.583966416990137, -34.996366401190649 ], [ 150.583968575061931, -34.99636930812887 ], [ 150.583970684082232, -34.996372914531143 ], [ 150.583972736511015, -34.996377178779788 ], [ 150.583974726009131, -34.996382055675156 ], [ 150.583976648374005, -34.996387501863076 ], [ 150.583978496065669, -34.996393475725874 ], [ 150.583980262771348, -34.996399931162976 ], [ 150.583981943140742, -34.996406826600307 ], [ 150.583983529686691, -34.99641411861829 ], [ 150.58398501823325, -34.996421762961823 ], [ 150.583986400198427, -34.996429716189553 ], [ 150.583987670258324, -34.996437935826471 ], [ 150.583988823142079, -34.996446377595653 ], [ 150.583989851362531, -34.996454998077553 ], [ 150.583990749622274, -34.996463753896201 ], [ 150.583991511502575, -34.996472602554768 ], [ 150.583992129542764, -34.996481499732759 ], [ 150.58399261909517, -34.996490780180608 ], [ 150.583992949066925, -34.996499713089889 ], [ 150.583993149608347, -34.996508651535045 ], [ 150.583993233910462, -34.996517593975824 ], [ 150.583993209637242, -34.996526540564844 ], [ 150.583993089900275, -34.996535492464631 ], [ 150.583992884632636, -34.996544447168624 ], [ 150.58399260254015, -34.996553406653057 ], [ 150.583992256813872, -34.99656236937772 ], [ 150.583991856212634, -34.996571335516961 ], [ 150.583991411684849, -34.996580305288852 ], [ 150.583990933110613, -34.996589277988647 ], [ 150.583990432559801, -34.996598252955195 ], [ 150.583989919859533, -34.996607231285694 ], [ 150.583989403821533, -34.996616211352645 ], [ 150.583988897557504, -34.99662519431859 ], [ 150.583988410974115, -34.996634178577914 ], [ 150.583987953898486, -34.996643165227724 ], [ 150.58398753621077, -34.996652153563318 ], [ 150.583987169980787, -34.996661142923571 ], [ 150.583986855074698, -34.996670361377276 ], [ 150.583986599212295, -34.996679360146977 ], [ 150.583986384980506, -34.996688358844196 ], [ 150.583986202472772, -34.996697359074574 ], [ 150.583986042956752, -34.996706359762776 ], [ 150.583985894389144, -34.996715360668979 ], [ 150.583985749132523, -34.996724360739627 ], [ 150.58398559728019, -34.996733361580404 ], [ 150.583985426815303, -34.99674236205054 ], [ 150.583985231168782, -34.996751362019204 ], [ 150.583984998323729, -34.996760360345682 ], [ 150.583984718373529, -34.996769358635596 ], [ 150.583984383680644, -34.996778355835417 ], [ 150.583983982201744, -34.996787351705322 ], [ 150.583983505204486, -34.996796345169962 ], [ 150.583982943877061, -34.996805337856792 ], [ 150.583982286202598, -34.996814328625042 ], [ 150.583981523422182, -34.996823317300318 ], [ 150.583980646803525, -34.996832302807249 ], [ 150.583979645345039, -34.996841286729691 ], [ 150.58397808041417, -34.996853487589327 ], [ 150.58397681533495, -34.996862346366967 ], [ 150.583975457872526, -34.996871254688628 ], [ 150.58397402165059, -34.996880233559381 ], [ 150.58397252357733, -34.996889304049681 ], [ 150.583970978344865, -34.996898488087304 ], [ 150.583969399550341, -34.996907807578282 ], [ 150.583967805196806, -34.996917283614842 ], [ 150.58396620776017, -34.996926938982156 ], [ 150.583964625270056, -34.996936793871505 ], [ 150.583963071323609, -34.996946870188921 ], [ 150.58396156170781, -34.996957189884014 ], [ 150.583960111114664, -34.996967774884567 ], [ 150.583958734289325, -34.996978645316503 ], [ 150.583957449155349, -34.996989824974911 ], [ 150.583956268268224, -34.99700133394213 ], [ 150.583955207441306, -34.99701319326681 ], [ 150.583954283503488, -34.997025426722253 ], [ 150.583953509036604, -34.997038053489824 ], [ 150.583952901990898, -34.997051096463693 ], [ 150.583952629874318, -34.99705889685788 ], [ 150.583952439851458, -34.997065805531861 ], [ 150.583952292871487, -34.997072815125925 ], [ 150.583952184713979, -34.997079920147215 ], [ 150.583952113401182, -34.997087113344598 ], [ 150.583952077944275, -34.997094391092531 ], [ 150.583952076365449, -34.997101746139876 ], [ 150.583952104417818, -34.997109173894714 ], [ 150.583952161191974, -34.997116668028667 ], [ 150.583952243562322, -34.997124223070699 ], [ 150.583952350592995, -34.997131833593336 ], [ 150.583952479158398, -34.997139494125534 ], [ 150.583952627254291, -34.997147198317123 ], [ 150.583952791728592, -34.997154941597969 ], [ 150.58395297169838, -34.997162716738778 ], [ 150.583953165106436, -34.997170519191208 ], [ 150.583953367732335, -34.997178343462437 ], [ 150.583953578693126, -34.997186182323119 ], [ 150.583953795905131, -34.997194032125883 ], [ 150.583954017364078, -34.997201886520571 ], [ 150.583954238876004, -34.997209739113352 ], [ 150.583954460573409, -34.99721758539954 ], [ 150.583954678288791, -34.997225418084405 ], [ 150.583954892128162, -34.997233233564202 ], [ 150.583955096829186, -34.997241024522353 ], [ 150.58395529252428, -34.997248786454186 ], [ 150.583955476114426, -34.997256512987711 ], [ 150.583955644500463, -34.997264197750916 ], [ 150.583955796693516, -34.997271837118269 ], [ 150.583955930715803, -34.997279423838613 ], [ 150.583956043441759, -34.997286952440909 ], [ 150.583956131719276, -34.997294418355047 ], [ 150.583956195760294, -34.997301814373493 ], [ 150.583956231317813, -34.997309135904352 ], [ 150.58395623638765, -34.997316376597425 ], [ 150.583956210033847, -34.99732353102528 ], [ 150.583956148009463, -34.997330594596008 ], [ 150.583956049458124, -34.9973375591793 ], [ 150.583955912269516, -34.997344422028767 ], [ 150.583955733397573, -34.997351174970547 ], [ 150.583955247972852, -34.997364291581682 ], [ 150.583954584238654, -34.997377026926905 ], [ 150.583953745824829, -34.997389257577382 ], [ 150.583952735530403, -34.997400962855053 ], [ 150.583951552922827, -34.997412120214619 ], [ 150.583950198611461, -34.997422708934423 ], [ 150.58394867542188, -34.997432707435507 ], [ 150.583946981800267, -34.997442094051706 ], [ 150.583945121667028, -34.997450847225807 ], [ 150.583943093468378, -34.997458945291669 ], [ 150.583940900003398, -34.997466367571228 ], [ 150.583938540839654, -34.997473091519183 ], [ 150.583936018776285, -34.997479096457489 ], [ 150.583933332285966, -34.99748435981904 ], [ 150.583930484141376, -34.997488861826703 ], [ 150.583927475004998, -34.997492579956997 ], [ 150.583924306607599, -34.997495492609126 ], [ 150.58392097849034, -34.997497578138713 ], [ 150.583917492357529, -34.99749881584593 ], [ 150.583913848845214, -34.997499184108179 ], [ 150.583909947164784, -34.997498645761119 ], [ 150.583906406016581, -34.997497433083588 ], [ 150.583902780092586, -34.997495564251913 ], [ 150.583899091431192, -34.997493072157795 ], [ 150.583895359907388, -34.997489988748406 ], [ 150.583891604248464, -34.997486347750986 ], [ 150.583887846519104, -34.997482181156322 ], [ 150.583884106541461, -34.997477522713467 ], [ 150.583880403069173, -34.997472405248743 ], [ 150.583876759261841, -34.997466860774715 ], [ 150.583873192778299, -34.997460922095925 ], [ 150.583869725630194, -34.997454623005005 ], [ 150.583866377666141, -34.997447996350111 ], [ 150.583863168760985, -34.997441074078431 ], [ 150.583860118736737, -34.997433889938996 ], [ 150.583857249658081, -34.99742647592263 ], [ 150.583854580252108, -34.9974188657566 ], [ 150.583852130367148, -34.99741109228902 ], [ 150.583849922067913, -34.997403187510677 ], [ 150.583847975176269, -34.997395185170653 ], [ 150.583846309567065, -34.997387117216142 ], [ 150.583844945035707, -34.997379018297138 ] ] ] ] } },
{ "type": "Feature", "properties": { "OBJECTID": 20, "Comments": "Operational noise contour - OpContoursBuild2040Night", "FSource": "MOTTM - noise specialists model run for Rev B", "SourceDate": 20251027.0, "Supplier": "MOTTM", "path_windows": "C:\\Users\\bri86955\\Mott MacDonald\\MGO - Moata Geospatial - JBR2HR\\01Incoming\\20251024_Noise\\Noise shp files Rev B\\Noise Rev B figures\\Metadata\\OpContours\\OpContoursBuild2040Night.shp", "path_rootname": "OpContoursBuild2040Night", "IsoValue": 70, "shapefile_type": "shapefile_polygon", "SHAPE_Length": 262.16466544353665, "SHAPE_Area": 664.53908988613887 }, "geometry": { "type": "MultiPolygon", "coordinates": [ [ [ [ 150.583954154694908, -34.996136718912744 ], [ 150.583954649012469, -34.996125981451179 ], [ 150.58395604737774, -34.996112403435916 ], [ 150.583958594824281, -34.99610002021101 ], [ 150.583962636820303, -34.996088520437318 ], [ 150.583968523239577, -34.996077591961921 ], [ 150.583976602834497, -34.996066923510867 ], [ 150.583987221152057, -34.996056201041746 ], [ 150.584000727985881, -34.996045115103797 ], [ 150.584005114369234, -34.996041871522557 ], [ 150.584010671176401, -34.996037904831503 ], [ 150.584016534644945, -34.9960338288586 ], [ 150.584022668080195, -34.996029624843771 ], [ 150.584029036976915, -34.99602527407054 ], [ 150.584035605655771, -34.996020760503441 ], [ 150.584042339611585, -34.996016065425984 ], [ 150.584049203217944, -34.996011171000859 ], [ 150.584056161943209, -34.996006059412544 ], [ 150.584063180187485, -34.996000711922775 ], [ 150.584070222271293, -34.995995112496153 ], [ 150.584077253689514, -34.995989242416222 ], [ 150.584084239937084, -34.995983082966546 ], [ 150.584091144239721, -34.995976618089955 ], [ 150.584097933213656, -34.995969828190859 ], [ 150.584104570111123, -34.99596269631116 ], [ 150.584111020400542, -34.995955204635393 ], [ 150.584117248455556, -34.995947335326306 ], [ 150.584123220839416, -34.995939070590268 ], [ 150.584128900857394, -34.995930391667308 ], [ 150.584134252856643, -34.995921281621094 ], [ 150.584139243400529, -34.99591172265805 ], [ 150.584143835767861, -34.995901696919113 ], [ 150.58414639844753, -34.995895425947957 ], [ 150.584148681906868, -34.995889336922517 ], [ 150.584150832670161, -34.99588310372431 ], [ 150.584152852688618, -34.995876734505458 ], [ 150.584154746209236, -34.995870233857843 ], [ 150.584156517346429, -34.995863610878075 ], [ 150.584158169252248, -34.995856870136286 ], [ 150.584159703878015, -34.995850019784548 ], [ 150.584161126512527, -34.995843066238415 ], [ 150.584162440254801, -34.995836015869912 ], [ 150.584163648177537, -34.995828875951965 ], [ 150.584164754474585, -34.995821652878334 ], [ 150.584165762218618, -34.995814353921979 ], [ 150.584166673440336, -34.995806984532138 ], [ 150.584167494470393, -34.995799552948078 ], [ 150.584168226218196, -34.995792065498186 ], [ 150.584168873999033, -34.995784527697126 ], [ 150.584169439764167, -34.995776947696925 ], [ 150.584169928802368, -34.995769331913202 ], [ 150.584170343117876, -34.995761686696135 ], [ 150.584170686878167, -34.995754019340445 ], [ 150.584170962087484, -34.995746336196341 ], [ 150.584171175129399, -34.995738643701173 ], [ 150.584171326860428, -34.995730949985237 ], [ 150.584171421527373, -34.995723259640428 ], [ 150.584171463244729, -34.995715581763342 ], [ 150.584171455164636, -34.995707920924097 ], [ 150.584171400333076, -34.995700285296557 ], [ 150.58417130297056, -34.99569268037358 ], [ 150.584171166123156, -34.995685114328985 ], [ 150.584170992889938, -34.995677593534815 ], [ 150.584170787464842, -34.995670124384816 ], [ 150.584170552946915, -34.995662713250987 ], [ 150.584170292408771, -34.99565536740625 ], [ 150.584170011139179, -34.995648093266205 ], [ 150.584169710021001, -34.995640898060159 ], [ 150.584169394343036, -34.995633788203683 ], [ 150.584169067177839, -34.995626770969757 ], [ 150.584168730556115, -34.995619851807568 ], [ 150.584168390835032, -34.995613038055467 ], [ 150.584167651143929, -34.995598702600397 ], [ 150.584166967116772, -34.995585901651395 ], [ 150.58416628665546, -34.995573501025341 ], [ 150.584165610422247, -34.995561478198709 ], [ 150.5841649445006, -34.995549812558856 ], [ 150.584164290674096, -34.995538480703118 ], [ 150.584163652863026, -34.995527461074332 ], [ 150.584163033919367, -34.995516731192566 ], [ 150.584162438858129, -34.995506269522409 ], [ 150.584161869489492, -34.995496051760284 ], [ 150.584161330775544, -34.995486058172695 ], [ 150.584160824499804, -34.995476265356942 ], [ 150.584160354582622, -34.995466651755862 ], [ 150.584159924997209, -34.995457194010399 ], [ 150.584159538542508, -34.995447871442494 ], [ 150.584159199191788, -34.995438660693104 ], [ 150.584158909770451, -34.99542954018321 ], [ 150.584158673130418, -34.995420487432902 ], [ 150.5841584943133, -34.995411480005863 ], [ 150.584158376144501, -34.995402496323102 ], [ 150.5841583209465, -34.99539342014144 ], [ 150.584158331694198, -34.995384411080011 ], [ 150.584158411283823, -34.995375407896624 ], [ 150.584158560810096, -34.995366410613087 ], [ 150.584158781261948, -34.995357422854958 ], [ 150.5841590758709, -34.99534844648953 ], [ 150.584159445705154, -34.995339482439519 ], [ 150.584159892848476, -34.995330534352306 ], [ 150.584160419490473, -34.995321602271481 ], [ 150.584161026646484, -34.995312688921643 ], [ 150.58416171645311, -34.995303796148313 ], [ 150.584162491020606, -34.995294926697866 ], [ 150.584163352512093, -34.995286081514877 ], [ 150.584164301942877, -34.995277263323942 ], [ 150.584165341476108, -34.995268473069601 ], [ 150.584166473221927, -34.995259713498278 ], [ 150.584167699317049, -34.995250986455432 ], [ 150.584169020829762, -34.995242292863821 ], [ 150.58417043984366, -34.995233636370799 ], [ 150.584171958521978, -34.995225017920895 ], [ 150.584173327522223, -34.995217727058154 ], [ 150.584175139350634, -34.995208676331409 ], [ 150.584177051399251, -34.995199756510083 ], [ 150.584179054626787, -34.995191014290512 ], [ 150.584181143276425, -34.995182496434424 ], [ 150.584183306064176, -34.995174251396449 ], [ 150.584185538354603, -34.995166325059152 ], [ 150.584187828863747, -34.9951587658772 ], [ 150.584190171861337, -34.995151619711351 ], [ 150.584192558253108, -34.995144935059827 ], [ 150.584194980092661, -34.995138758640792 ], [ 150.584197429407084, -34.995133138073321 ], [ 150.584199898276438, -34.995128119174588 ], [ 150.584202377606573, -34.995123750442858 ], [ 150.584204860545867, -34.995120078618037 ], [ 150.584207338000169, -34.995117152198389 ], [ 150.58420980207606, -34.995115016100151 ], [ 150.584212245869054, -34.995113718865163 ], [ 150.584214659216599, -34.995113308068923 ], [ 150.584216400426072, -34.995113588838322 ], [ 150.584218755399775, -34.995114753548073 ], [ 150.584221063258639, -34.995116775517708 ], [ 150.584223316674581, -34.995119605921985 ], [ 150.584225512645844, -34.995123197824817 ], [ 150.584227642722908, -34.995127503280109 ], [ 150.58422970286216, -34.995132473528081 ], [ 150.584231687898608, -34.995138060688063 ], [ 150.584233590477538, -34.99514421683579 ], [ 150.584235406528848, -34.995150894112378 ], [ 150.584237128697822, -34.995158044593595 ], [ 150.584238752914302, -34.995165620420593 ], [ 150.584240272971357, -34.995173571888976 ], [ 150.584241683650959, -34.995181852919984 ], [ 150.584242977624967, -34.99519041468843 ], [ 150.584244150823054, -34.995199209335432 ], [ 150.584245195890588, -34.995208188936729 ], [ 150.584246109878592, -34.99521730475432 ], [ 150.584246884311028, -34.995226509743077 ], [ 150.584247486105681, -34.995235252447088 ], [ 150.584247960087907, -34.995243945729953 ], [ 150.584248315890193, -34.99525267181707 ], [ 150.584248560187518, -34.995261427235462 ], [ 150.584248695195896, -34.995270211127803 ], [ 150.584248726442524, -34.995279021801174 ], [ 150.584248658386116, -34.995287856639976 ], [ 150.584248496527294, -34.99529671485223 ], [ 150.584248243108618, -34.995305594679678 ], [ 150.584247903710263, -34.995314492627521 ], [ 150.584247482711447, -34.995323408782973 ], [ 150.584246984570996, -34.995332340530382 ], [ 150.584246413747678, -34.995341285254128 ], [ 150.584245774620712, -34.995350243041408 ], [ 150.584245071675468, -34.995359210375632 ], [ 150.584244310412515, -34.995368186464866 ], [ 150.584243493100985, -34.995377168649888 ], [ 150.584242626362823, -34.995386155259581 ], [ 150.584241712414183, -34.995395145436625 ], [ 150.584240757903501, -34.995404136608961 ], [ 150.584239672611176, -34.99541396174007 ], [ 150.584238647227153, -34.995422941585105 ], [ 150.584237589810101, -34.995431967668665 ], [ 150.584236501913836, -34.99544106165694 ], [ 150.584235386160657, -34.995450246138866 ], [ 150.584234245172752, -34.99545954370334 ], [ 150.584233080503992, -34.995468976016575 ], [ 150.584231893681846, -34.995478565645655 ], [ 150.58423068735496, -34.995488334278576 ], [ 150.584229465240469, -34.995498304526059 ], [ 150.584228226649543, -34.995508499812551 ], [ 150.584226975378755, -34.995518940045955 ], [ 150.584225713997341, -34.995529649617083 ], [ 150.584224444085663, -34.995540649291165 ], [ 150.584223167144643, -34.995551962536247 ], [ 150.584221885822984, -34.995563611040339 ], [ 150.584220602769363, -34.995575616491386 ], [ 150.584219318389898, -34.995588002335673 ], [ 150.584218037549448, -34.995600789403831 ], [ 150.584216760654016, -34.995614001142094 ], [ 150.584216108678703, -34.995620936679309 ], [ 150.584215468446303, -34.995627845406268 ], [ 150.584214825220357, -34.995634855939542 ], [ 150.584214178091429, -34.995641961950746 ], [ 150.58421352283915, -34.995649157947021 ], [ 150.584212857459278, -34.995656437578219 ], [ 150.584212180989368, -34.9956637963178 ], [ 150.584211490356893, -34.99567122689286 ], [ 150.584210783478085, -34.995678725656013 ], [ 150.58421005837522, -34.995686285356165 ], [ 150.584209313017539, -34.995693900544033 ], [ 150.584208544252988, -34.995701566649551 ], [ 150.584207751198676, -34.995709276443364 ], [ 150.584206930702493, -34.995717025355383 ], [ 150.584206080760197, -34.995724807035437 ], [ 150.584205198219763, -34.995732616913386 ], [ 150.584204282198215, -34.995740447759935 ], [ 150.584203330611814, -34.995748295927697 ], [ 150.584202340414549, -34.995756153242823 ], [ 150.584201309522598, -34.99576401605794 ], [ 150.584200235958264, -34.995771877121911 ], [ 150.58419911763778, -34.995779732787398 ], [ 150.584197951488591, -34.995787575781442 ], [ 150.584196736574739, -34.995795400676641 ], [ 150.584195469770663, -34.995803202001902 ], [ 150.584194149072147, -34.995810973407075 ], [ 150.584192772421915, -34.995818710343819 ], [ 150.584191336694374, -34.995826407341127 ], [ 150.584189841006662, -34.995834057169645 ], [ 150.584188283274983, -34.995841656182002 ], [ 150.58418666045327, -34.995849196204354 ], [ 150.584184969336434, -34.995856674468456 ], [ 150.584183210162905, -34.99586408286585 ], [ 150.58418137868577, -34.995871416804626 ], [ 150.584179472900757, -34.995878669934577 ], [ 150.584177491845509, -34.995885837729233 ], [ 150.584175432420892, -34.995892913816583 ], [ 150.584173292596148, -34.995899892747367 ], [ 150.584171070367091, -34.995906768171409 ], [ 150.584168762581641, -34.995913535518625 ], [ 150.584166074301351, -34.995920985814415 ], [ 150.584162002874194, -34.995931513227021 ], [ 150.584157730437909, -34.995941760787787 ], [ 150.584153270907478, -34.995951739591384 ], [ 150.584148640414128, -34.995961459875119 ], [ 150.584143854983012, -34.995970935480109 ], [ 150.584138930718865, -34.99598017754461 ], [ 150.584133881536673, -34.995989197163304 ], [ 150.584128725730892, -34.995998005518047 ], [ 150.584123477163502, -34.996006615505422 ], [ 150.584118151965725, -34.996015037362746 ], [ 150.584112766189349, -34.996023284030201 ], [ 150.58410733593908, -34.996031366646065 ], [ 150.584101876198275, -34.996039297227767 ], [ 150.584096403071698, -34.996047086913592 ], [ 150.584090931542761, -34.996054747720983 ], [ 150.584085477716201, -34.996062290788231 ], [ 150.584080057670235, -34.996069728154595 ], [ 150.584074687483167, -34.99607707185929 ], [ 150.584069382191302, -34.996084332117896 ], [ 150.584064157819995, -34.996091522771536 ], [ 150.584059029405608, -34.996098654035798 ], [ 150.584054014147767, -34.996105737070785 ], [ 150.584049125908507, -34.996112784773075 ], [ 150.58404438188748, -34.996119808302822 ], [ 150.584040026977931, -34.996126451949074 ], [ 150.584034503877945, -34.996135158331427 ], [ 150.584029219108515, -34.996143769396234 ], [ 150.58402416849367, -34.996152240888428 ], [ 150.584019344467009, -34.996160532091316 ], [ 150.58401474287902, -34.996168597848872 ], [ 150.584010358405948, -34.996176395686113 ], [ 150.584006184655692, -34.996183882205315 ], [ 150.584002216304441, -34.996191014931462 ], [ 150.583998448055013, -34.996197750488626 ], [ 150.583994873541712, -34.996204044578114 ], [ 150.583991487414323, -34.996209855625899 ], [ 150.583988283280746, -34.996215140234213 ], [ 150.583985258059869, -34.996219854169773 ], [ 150.583982403116863, -34.996223955793127 ], [ 150.583979714275898, -34.996227400849172 ], [ 150.583977186239593, -34.996230145961988 ], [ 150.583974812562872, -34.996232149535679 ], [ 150.583972588001444, -34.99623336639241 ], [ 150.58397050717852, -34.996233755859066 ], [ 150.583968471488106, -34.996233243854661 ], [ 150.583966601769021, -34.996231856223631 ], [ 150.583964876433072, -34.996229656540336 ], [ 150.583963289193349, -34.996226709585322 ], [ 150.583961839263708, -34.996223079347182 ], [ 150.583960522546931, -34.996218830650029 ], [ 150.583959336040579, -34.996214028339836 ], [ 150.583958277863616, -34.996208736383352 ], [ 150.583957342797447, -34.996203020483868 ], [ 150.583956530055872, -34.996196944629986 ], [ 150.583955834473244, -34.99619057272308 ], [ 150.583955254115494, -34.996183970531817 ], [ 150.583954785980211, -34.996177202902132 ], [ 150.583954426023155, -34.996170332856273 ], [ 150.583954172336689, -34.996163425261983 ], [ 150.583954021891913, -34.9961565458661 ], [ 150.583953970618097, -34.996149758591855 ], [ 150.583954016607606, -34.99614312830694 ], [ 150.583954154694908, -34.996136718912744 ] ] ] ] } },
{ "type": "Feature", "properties": { "OBJECTID": 21, "Comments": "Operational noise contour - OpContoursBuild2040Night", "FSource": "MOTTM - noise specialists model run for Rev B", "SourceDate": 20251027.0, "Supplier": "MOTTM", "path_windows": "C:\\Users\\bri86955\\Mott MacDonald\\MGO - Moata Geospatial - JBR2HR\\01Incoming\\20251024_Noise\\Noise shp files Rev B\\Noise Rev B figures\\Metadata\\OpContours\\OpContoursBuild2040Night.shp", "path_rootname": "OpContoursBuild2040Night", "IsoValue": 70, "shapefile_type": "shapefile_polygon", "SHAPE_Length": 100.72621493939029, "SHAPE_Area": 469.26092423915082 }, "geometry": { "type": "MultiPolygon", "coordinates": [ [ [ [ 150.584200617256585, -34.99487766137397 ], [ 150.584201882162347, -34.994861131090097 ], [ 150.584204040222346, -34.994849208867009 ], [ 150.584207320828455, -34.994838116710199 ], [ 150.584211818533134, -34.994827619415922 ], [ 150.584217629972471, -34.994817485427774 ], [ 150.584224848603895, -34.994807479520126 ], [ 150.58423357108984, -34.994797369235471 ], [ 150.5842438908345, -34.994786921149888 ], [ 150.584250047023204, -34.994781157131683 ], [ 150.584255653272749, -34.994776101535635 ], [ 150.584261540035101, -34.994770931629034 ], [ 150.584267677749949, -34.994765646823303 ], [ 150.584274033440067, -34.994760250969151 ], [ 150.584280576423851, -34.994754744357166 ], [ 150.584287274924833, -34.994749127256085 ], [ 150.584294098155453, -34.994743403560278 ], [ 150.584301013270931, -34.994737572615769 ], [ 150.58430798953674, -34.994731636515048 ], [ 150.584314996244757, -34.994725596449626 ], [ 150.584322000470848, -34.994719454468431 ], [ 150.584328972601696, -34.994713211784777 ], [ 150.584335879766144, -34.994706868645714 ], [ 150.584342690108343, -34.994700428022895 ], [ 150.584349374041608, -34.994693890228739 ], [ 150.584355898641718, -34.994687257312165 ], [ 150.584362232105946, -34.99468053044302 ], [ 150.584367956776902, -34.994674166463795 ], [ 150.584374317106438, -34.994666786564103 ], [ 150.584380427311942, -34.994659418812205 ], [ 150.584386289839244, -34.994652129064015 ], [ 150.584391909376734, -34.99464498141721 ], [ 150.584397289544484, -34.994638039046698 ], [ 150.584402433883128, -34.994631367830195 ], [ 150.584407345986307, -34.994625031843569 ], [ 150.584412029447662, -34.994619095162641 ], [ 150.584416487834318, -34.994613622764213 ], [ 150.584420725861264, -34.994608677844965 ], [ 150.584424744879527, -34.994604326239042 ], [ 150.584428550672385, -34.994600632065875 ], [ 150.584432145738674, -34.994597659379508 ], [ 150.584435534766925, -34.994595472277574 ], [ 150.584438721324233, -34.99459413573684 ], [ 150.584441707883002, -34.994593714712288 ], [ 150.584443777078803, -34.994594017332929 ], [ 150.584446617648126, -34.994595357575832 ], [ 150.584449233991876, -34.994597692181884 ], [ 150.584451629641734, -34.994600938286268 ], [ 150.584453804871345, -34.994605012057882 ], [ 150.584455763159383, -34.994609832433824 ], [ 150.584457503711178, -34.994615314660209 ], [ 150.584459031073607, -34.994621378596896 ], [ 150.584460345546802, -34.994627939511801 ], [ 150.584461448446177, -34.994634915397477 ], [ 150.584462342181979, -34.994642224268283 ], [ 150.584463028122627, -34.994649782314866 ], [ 150.584463509746683, -34.99465750847434 ], [ 150.584463786259306, -34.994665317992776 ], [ 150.58446386113917, -34.99467312980731 ], [ 150.584463735728093, -34.994680861009542 ], [ 150.584462934146842, -34.994695271252994 ], [ 150.584461899027872, -34.994705254242199 ], [ 150.584460472297081, -34.994714957191469 ], [ 150.584458648135836, -34.994724391704054 ], [ 150.584456417414629, -34.994733570218735 ], [ 150.584453776478085, -34.994742505283277 ], [ 150.584450717317992, -34.994751208457295 ], [ 150.5844472341158, -34.994759691344029 ], [ 150.584443319878659, -34.99476796822772 ], [ 150.584438967719706, -34.994776049788832 ], [ 150.584434172888706, -34.994783948553298 ], [ 150.58443060775511, -34.994789293599183 ], [ 150.58442521026555, -34.994796750364571 ], [ 150.584419391497022, -34.994804153669108 ], [ 150.58441315611131, -34.994811568511253 ], [ 150.584406505538709, -34.994819058022244 ], [ 150.584399444493812, -34.994826685398635 ], [ 150.584391974380367, -34.994834514672576 ], [ 150.584384100981367, -34.994842609963392 ], [ 150.584375826848202, -34.994851033523133 ], [ 150.584367154452849, -34.994859850306653 ], [ 150.58435808738858, -34.99486912438968 ], [ 150.584348629301473, -34.994878918046005 ], [ 150.584345089375205, -34.99488262291824 ], [ 150.584339753730234, -34.994888236506149 ], [ 150.584334332847021, -34.994893954769999 ], [ 150.584328842123682, -34.994899738351791 ], [ 150.584323296931984, -34.994905548794385 ], [ 150.584317714886197, -34.994911345882386 ], [ 150.584312111384634, -34.994917090257765 ], [ 150.584306502867321, -34.994922744386145 ], [ 150.584300905880411, -34.99492826712941 ], [ 150.584295336864017, -34.994933620953212 ], [ 150.584289810174511, -34.994938764675837 ], [ 150.584284344441784, -34.994943660806499 ], [ 150.584278955090582, -34.994948269086294 ], [ 150.584273658587648, -34.994952551079912 ], [ 150.584268469262895, -34.994956466506594 ], [ 150.58426340574627, -34.994959977875602 ], [ 150.584258483489094, -34.994963044027038 ], [ 150.584253717863248, -34.99496562650387 ], [ 150.584249126430251, -34.994967686892593 ], [ 150.584244724615019, -34.994969184934249 ], [ 150.584240528884237, -34.99497008219361 ], [ 150.584236554662795, -34.994970338411704 ], [ 150.584231779965904, -34.994969689843956 ], [ 150.584227684434296, -34.994968147921192 ], [ 150.58422391354722, -34.99496577319497 ], [ 150.584220458643046, -34.994962636708848 ], [ 150.58421731335585, -34.994958805946254 ], [ 150.584214466807879, -34.994954352808108 ], [ 150.584211912633037, -34.994949344777822 ], [ 150.584209641048403, -34.994943853778096 ], [ 150.584207643471785, -34.994937948149683 ], [ 150.584205912362762, -34.994931698056995 ], [ 150.584204438017821, -34.994925172719924 ], [ 150.584203212870079, -34.994918443203808 ], [ 150.584202228337318, -34.994911577849415 ], [ 150.584201475784283, -34.994904646799299 ], [ 150.584200947697127, -34.994897719317002 ], [ 150.584200633224441, -34.994890866402415 ], [ 150.584200525947153, -34.994884157340856 ], [ 150.584200617256585, -34.99487766137397 ] ] ] ] } },
{ "type": "Feature", "properties": { "OBJECTID": 22, "Comments": "Operational noise contour - OpContoursBuild2040Night", "FSource": "MOTTM - noise specialists model run for Rev B", "SourceDate": 20251027.0, "Supplier": "MOTTM", "path_windows": "C:\\Users\\bri86955\\Mott MacDonald\\MGO - Moata Geospatial - JBR2HR\\01Incoming\\20251024_Noise\\Noise shp files Rev B\\Noise Rev B figures\\Metadata\\OpContours\\OpContoursBuild2040Night.shp", "path_rootname": "OpContoursBuild2040Night", "IsoValue": 70, "shapefile_type": "shapefile_polygon", "SHAPE_Length": 955.05339477182838, "SHAPE_Area": 2968.1101423315104 }, "geometry": { "type": "MultiPolygon", "coordinates": [ [ [ [ 150.584407464695772, -34.994321785580965 ], [ 150.584406292122878, -34.994313304657936 ], [ 150.584405270061069, -34.994304771741788 ], [ 150.584404399552199, -34.994296188656207 ], [ 150.584403677232331, -34.99428755803865 ], [ 150.584403102968935, -34.994278884393808 ], [ 150.584402674519396, -34.994270169479975 ], [ 150.584402391804161, -34.994261416 ], [ 150.58440225250115, -34.994252628414948 ], [ 150.584402255488982, -34.994243807603986 ], [ 150.584402399566898, -34.994234957149089 ], [ 150.584402683534023, -34.994226080632203 ], [ 150.584403106242576, -34.994217179833427 ], [ 150.584403665370388, -34.994208259213877 ], [ 150.584404360864482, -34.994199320575412 ], [ 150.584405190455726, -34.994190366577264 ], [ 150.584406152943274, -34.994181400801402 ], [ 150.584407247152825, -34.994172425928845 ], [ 150.584408472978396, -34.994163445563366 ], [ 150.584409826014166, -34.994154460518693 ], [ 150.584411308290839, -34.994145476244078 ], [ 150.584412127933376, -34.994140810334031 ], [ 150.584413748959861, -34.994132062302064 ], [ 150.584415471803823, -34.994123316297106 ], [ 150.584417281164235, -34.99411457111308 ], [ 150.584419166039993, -34.994105828333865 ], [ 150.584421113319763, -34.994097086797012 ], [ 150.584423109892214, -34.994088345339961 ], [ 150.584425142566602, -34.994079605503067 ], [ 150.584427199326427, -34.994070866145641 ], [ 150.584429267060386, -34.994062126105156 ], [ 150.584431333672569, -34.994053386943762 ], [ 150.584433386051671, -34.994044647498953 ], [ 150.584435411086389, -34.994035906608232 ], [ 150.58443739668084, -34.994027165833714 ], [ 150.584439329723722, -34.994018424012957 ], [ 150.584441197077297, -34.994009680884361 ], [ 150.584442986725122, -34.994000935307248 ], [ 150.584444685476484, -34.99399218882197 ], [ 150.584446280220106, -34.993983440266007 ], [ 150.584447758939604, -34.993974688498682 ], [ 150.584449108444289, -34.993965935060338 ], [ 150.584450369285832, -34.993956806648804 ], [ 150.584451468801262, -34.993947837289866 ], [ 150.584452440549967, -34.993938891529865 ], [ 150.584453295082824, -34.993929983100891 ], [ 150.584454041855935, -34.993921125713229 ], [ 150.584454691446638, -34.993912332198022 ], [ 150.584455254405782, -34.993903616287362 ], [ 150.584455741284245, -34.993894991713319 ], [ 150.584456161564589, -34.993886471285236 ], [ 150.584456526918927, -34.993878067856052 ], [ 150.58445684787165, -34.993869796058803 ], [ 150.584457133905289, -34.993861668702827 ], [ 150.584457395597155, -34.993853698619255 ], [ 150.58445764347158, -34.993845900441094 ], [ 150.584457888105931, -34.993838286999519 ], [ 150.584458140104005, -34.993830870224691 ], [ 150.584458408868812, -34.993823665628803 ], [ 150.584458706072553, -34.993816686064768 ], [ 150.584459041197647, -34.993809944341933 ], [ 150.584459424794943, -34.993803454192403 ], [ 150.58446128880135, -34.993783161379611 ], [ 150.584463349020155, -34.993770540365638 ], [ 150.584466298340914, -34.993758864663299 ], [ 150.584470365631347, -34.993747913461668 ], [ 150.584475778770155, -34.993737462324205 ], [ 150.58448276558309, -34.993727288616185 ], [ 150.584491554963904, -34.993717170625473 ], [ 150.584502375832784, -34.993706885738874 ], [ 150.584507776626054, -34.993702294802105 ], [ 150.584513362485922, -34.993697780568297 ], [ 150.584519268409082, -34.993693185263488 ], [ 150.584525457357387, -34.993688501840005 ], [ 150.584531887860351, -34.993683724964868 ], [ 150.58453852181151, -34.993678846667692 ], [ 150.584545319930015, -34.993673861659104 ], [ 150.584552241866845, -34.993668763727044 ], [ 150.584559249462473, -34.993663546702976 ], [ 150.584566303462623, -34.993658204396674 ], [ 150.584573363518189, -34.993652730596025 ], [ 150.584580391469785, -34.993647119132596 ], [ 150.584587346968306, -34.993641363794353 ], [ 150.584594190785936, -34.993635457490093 ], [ 150.584600884710397, -34.993629395853269 ], [ 150.584607388445477, -34.993623170870009 ], [ 150.584613663805385, -34.993616777272806 ], [ 150.584619669346267, -34.993610208827867 ], [ 150.584625368030004, -34.993603458487655 ], [ 150.584630720576001, -34.993596520962896 ], [ 150.584636103684204, -34.9935887673156 ], [ 150.584640661731271, -34.993581429948783 ], [ 150.584644862524755, -34.993573873624904 ], [ 150.584648720694503, -34.99356608511318 ], [ 150.5846522464646, -34.993558051996601 ], [ 150.58465545555967, -34.993549761066213 ], [ 150.584658359298629, -34.993541199926796 ], [ 150.58466097228478, -34.993532356248487 ], [ 150.584663306984822, -34.993523215855987 ], [ 150.584665375812506, -34.99351376637587 ], [ 150.584667193344615, -34.993503996379232 ], [ 150.584668770953044, -34.993493891668926 ], [ 150.584670123241125, -34.993483439915124 ], [ 150.584671261527689, -34.9934726287226 ], [ 150.5846722004691, -34.993461443959589 ], [ 150.584672953520879, -34.993449875076337 ], [ 150.584673532054836, -34.993437907875716 ], [ 150.584673949606014, -34.993425529105117 ], [ 150.584674219656392, -34.993412727313839 ], [ 150.584674355740958, -34.993399489249278 ], [ 150.584674378750378, -34.993391886719564 ], [ 150.584674367320673, -34.993384971324986 ], [ 150.584674329270769, -34.993377955337436 ], [ 150.584674265510159, -34.99337084508533 ], [ 150.584674177027694, -34.993363644194204 ], [ 150.584674064706292, -34.993356359893411 ], [ 150.58467393060323, -34.993348996731221 ], [ 150.584673776696178, -34.993341561958772 ], [ 150.584673603974068, -34.993334059201615 ], [ 150.58467341331982, -34.993326495689075 ], [ 150.584673206790626, -34.993318875969457 ], [ 150.584672985295953, -34.993311206371139 ], [ 150.584672750892935, -34.993303491442404 ], [ 150.584672503396234, -34.993295737489859 ], [ 150.584672246999673, -34.993287950907266 ], [ 150.58467198047606, -34.993280136177546 ], [ 150.584671706924439, -34.993272299672661 ], [ 150.584671427307143, -34.993264445919117 ], [ 150.584671142533665, -34.993256581245305 ], [ 150.584670853513359, -34.993248711979589 ], [ 150.584670563398276, -34.993240842692074 ], [ 150.584670273124289, -34.993232978810212 ], [ 150.584669983600861, -34.993225126662374 ], [ 150.584669695737404, -34.993217292576936 ], [ 150.58466941161754, -34.993209480201273 ], [ 150.584669132150736, -34.99320169586376 ], [ 150.58466886040955, -34.993193946837309 ], [ 150.584668595193222, -34.993186236703899 ], [ 150.584668340722033, -34.993178570956339 ], [ 150.584668095689381, -34.993170956780403 ], [ 150.584667864315549, -34.993163399668873 ], [ 150.584667645399776, -34.99315590320375 ], [ 150.584667441988159, -34.993148475558883 ], [ 150.584667253974715, -34.993141120338016 ], [ 150.584667084432027, -34.99313384481411 ], [ 150.584666934348945, -34.993126652612681 ], [ 150.584666804581929, -34.993119551864019 ], [ 150.584666697214601, -34.993112546215471 ], [ 150.584666613182918, -34.993105641094495 ], [ 150.584666553369829, -34.993098843730401 ], [ 150.58466651339819, -34.993085036038224 ], [ 150.584666580474362, -34.993072207669186 ], [ 150.584666748503565, -34.993059783364814 ], [ 150.584667015905296, -34.993047742359884 ], [ 150.584667380057169, -34.993036062065457 ], [ 150.584667838363316, -34.993024718991684 ], [ 150.584668389269694, -34.993013691472378 ], [ 150.584669031248779, -34.993002956940401 ], [ 150.584669760556892, -34.992992493685982 ], [ 150.584670576814261, -34.992982277361882 ], [ 150.584671477345609, -34.992972287181104 ], [ 150.58467245952852, -34.99296250055469 ], [ 150.58467352183547, -34.992952894915526 ], [ 150.584674661670618, -34.992943446773737 ], [ 150.584675877453407, -34.992934135364081 ], [ 150.584677166614483, -34.992924936295736 ], [ 150.584678527546856, -34.992915829704408 ], [ 150.584679957707579, -34.992906790298377 ], [ 150.584681454394911, -34.992897798191485 ], [ 150.584683017228997, -34.992888829036538 ], [ 150.584685141354385, -34.992877162140815 ], [ 150.58468680993343, -34.992868322197857 ], [ 150.584688520087923, -34.992859483983942 ], [ 150.584690260922883, -34.992850645479251 ], [ 150.584692023653361, -34.992841807410372 ], [ 150.584693801684097, -34.992832970547461 ], [ 150.58469558302528, -34.992824132848959 ], [ 150.584697361081624, -34.99281529508503 ], [ 150.584699125973486, -34.992806457960434 ], [ 150.584700868995412, -34.992797619499015 ], [ 150.584702580267759, -34.99278878040554 ], [ 150.584704252100494, -34.992779941428402 ], [ 150.584705875788188, -34.992771100591384 ], [ 150.584707441451201, -34.992762258599285 ], [ 150.584708939236378, -34.99275341525599 ], [ 150.584710362548464, -34.992744571331663 ], [ 150.584711700492477, -34.992735724806515 ], [ 150.584712946473218, -34.992726876450718 ], [ 150.584714088421379, -34.992718026925509 ], [ 150.584715119821254, -34.992709174298241 ], [ 150.58471606566593, -34.992699990030289 ], [ 150.58471687364667, -34.992691023877889 ], [ 150.584717574346115, -34.992682092550183 ], [ 150.584718177034915, -34.992673216063992 ], [ 150.584718688847005, -34.992664412590749 ], [ 150.584719118011179, -34.99265570032361 ], [ 150.584719473824492, -34.992647098378477 ], [ 150.584719764515711, -34.992638624948562 ], [ 150.584719997165791, -34.9926303000071 ], [ 150.584720181098362, -34.992622141769097 ], [ 150.584720324542047, -34.992614168427693 ], [ 150.584720436794044, -34.99260639909884 ], [ 150.584720523893395, -34.992598851932108 ], [ 150.584720595110696, -34.992591546944347 ], [ 150.584720659795977, -34.992584501449613 ], [ 150.584720726124999, -34.992577735442936 ], [ 150.58472080016341, -34.992571266172966 ], [ 150.58472089334478, -34.992565114601128 ], [ 150.584721011761303, -34.99255929707509 ], [ 150.584721164683515, -34.992553833611723 ], [ 150.584722098265843, -34.992537761876974 ], [ 150.584726150398268, -34.992517558585867 ], [ 150.584735490273971, -34.992499737661007 ], [ 150.584752582546116, -34.992478711276171 ], [ 150.5847563494317, -34.992474510590739 ], [ 150.584760530022834, -34.99246991247918 ], [ 150.584764970846152, -34.99246506984057 ], [ 150.584769651930458, -34.99245999129208 ], [ 150.584774549967221, -34.992454687187305 ], [ 150.584779644985332, -34.992449166143395 ], [ 150.584784914823956, -34.9924434367339 ], [ 150.58479033841715, -34.992437507554143 ], [ 150.584795892482902, -34.992431388056865 ], [ 150.584801557050042, -34.992425086859186 ], [ 150.584807309931364, -34.992418613435589 ], [ 150.584813128992607, -34.99241197545873 ], [ 150.584818992020132, -34.992405183304058 ], [ 150.58482487904277, -34.992398245588724 ], [ 150.584830767899831, -34.992391170886322 ], [ 150.584836636404162, -34.992383968671341 ], [ 150.584842463489878, -34.992376647539203 ], [ 150.58484822590151, -34.992369216041695 ], [ 150.584853904736264, -34.992361683718741 ], [ 150.584859475643924, -34.992354059100343 ], [ 150.584864918627034, -34.99234635170464 ], [ 150.584870803906426, -34.992337684033224 ], [ 150.584875887132654, -34.992329880230763 ], [ 150.584880809060991, -34.992322011016171 ], [ 150.584885563069719, -34.992314078060602 ], [ 150.584890143552627, -34.992306085759836 ], [ 150.584894542766676, -34.992298036664167 ], [ 150.584898754063744, -34.992289933345702 ], [ 150.584902771837534, -34.99228178020023 ], [ 150.5849065905347, -34.992273579821628 ], [ 150.584910202385828, -34.992265335661152 ], [ 150.584913600742794, -34.992257050290902 ], [ 150.584916779999332, -34.992248728106667 ], [ 150.584919733533724, -34.992240370779591 ], [ 150.584922454644953, -34.992231982683656 ], [ 150.584924937779675, -34.992223566412761 ], [ 150.584927175194991, -34.992215124517216 ], [ 150.584929161258145, -34.992206662293725 ], [ 150.584930889373993, -34.992198180512517 ], [ 150.584932353909778, -34.992189684470304 ], [ 150.584933547149092, -34.992181175816441 ], [ 150.584934462390919, -34.992172658924893 ], [ 150.58493486184102, -34.992167752066557 ], [ 150.584935353714656, -34.992158992366356 ], [ 150.584935577338143, -34.992150228228397 ], [ 150.584935555728691, -34.992141459209336 ], [ 150.584935307524233, -34.99213268477866 ], [ 150.584934854567706, -34.992123907174097 ], [ 150.584934217686623, -34.992115125908697 ], [ 150.584933416613723, -34.992106340473761 ], [ 150.584932473191913, -34.992097553106973 ], [ 150.584931407180363, -34.992088762398708 ], [ 150.584930240421954, -34.992079970586623 ], [ 150.584928991554591, -34.992071177140232 ], [ 150.584927683595311, -34.992062381616201 ], [ 150.584926336197412, -34.99205358620862 ], [ 150.584924970214814, -34.992044789529643 ], [ 150.584923605300787, -34.992035993773378 ], [ 150.584922263377564, -34.992027198474723 ], [ 150.584920965272516, -34.99201840314673 ], [ 150.584919730638944, -34.992009609983512 ], [ 150.584918581425455, -34.992000817619015 ], [ 150.584917537285293, -34.991992028247353 ], [ 150.584916592415709, -34.991982992046111 ], [ 150.584915778814832, -34.991973962063511 ], [ 150.584915098804572, -34.991964933838425 ], [ 150.584914549074085, -34.9919559082064 ], [ 150.584914129623286, -34.991946885167458 ], [ 150.584913840452145, -34.991937864721606 ], [ 150.58491368046586, -34.991928846847031 ], [ 150.584913649664344, -34.991919831543747 ], [ 150.584913745831585, -34.991910819669108 ], [ 150.584913969020391, -34.991901809421236 ], [ 150.584914319204302, -34.991892801701056 ], [ 150.584914794193708, -34.991883796465004 ], [ 150.5849153950833, -34.991874793734837 ], [ 150.584916120778331, -34.991865793488799 ], [ 150.584916969089136, -34.991856795683262 ], [ 150.58491794111049, -34.991847800340032 ], [ 150.584919035721015, -34.991838808338279 ], [ 150.584920250784165, -34.991829817832496 ], [ 150.584921588462947, -34.991820829767242 ], [ 150.584923045472948, -34.991811844077084 ], [ 150.584925375846495, -34.991798747943527 ], [ 150.584927057473749, -34.991789983978087 ], [ 150.584928819019893, -34.991781221603311 ], [ 150.584930648442253, -34.991772460579469 ], [ 150.584932532603375, -34.991763700645102 ], [ 150.584934457271089, -34.99175494151693 ], [ 150.584936411497495, -34.991746182977025 ], [ 150.584938379955645, -34.991737424720341 ], [ 150.584940350602864, -34.991728666507186 ], [ 150.584942310301784, -34.99171990807605 ], [ 150.584944244820207, -34.991711149143683 ], [ 150.584946141020708, -34.991702389448605 ], [ 150.584947986860726, -34.991693628751122 ], [ 150.584949769202836, -34.99168486678974 ], [ 150.584951473814925, -34.991676103281215 ], [ 150.584953087559569, -34.991667337964046 ], [ 150.584954597299372, -34.991658570576767 ], [ 150.584955990991858, -34.991649800879699 ], [ 150.584957254404827, -34.991641028589555 ], [ 150.584958374400884, -34.99163225344487 ], [ 150.584959414647443, -34.991622762749365 ], [ 150.584960241998857, -34.991613806894961 ], [ 150.58496093277617, -34.991604876267786 ], [ 150.584961498677814, -34.991595982819753 ], [ 150.5849619513493, -34.991587140304695 ], [ 150.58496230572041, -34.991578362541802 ], [ 150.584962572341851, -34.991569663263121 ], [ 150.584962764006804, -34.991561054442386 ], [ 150.584962894523784, -34.991552550777918 ], [ 150.584962975538247, -34.991544166023559 ], [ 150.5849630198434, -34.991535912153026 ], [ 150.584963040179474, -34.991527802941953 ], [ 150.584963049286614, -34.991519852165915 ], [ 150.584963058810331, -34.991512073578754 ], [ 150.584963082611978, -34.991504480076934 ], [ 150.584963133458331, -34.991497084535112 ], [ 150.584963221873522, -34.991489901586284 ], [ 150.584963361718962, -34.991482944126886 ], [ 150.584963566856175, -34.99147622505339 ], [ 150.584963847835695, -34.991469758097807 ], [ 150.584965650725735, -34.991449152142394 ], [ 150.584967894658632, -34.991436648354686 ], [ 150.584971249139073, -34.991425083464669 ], [ 150.584975961690787, -34.991414235228582 ], [ 150.584982277621293, -34.991403882259974 ], [ 150.584990444480525, -34.991393801413963 ], [ 150.585000709791728, -34.991383770446426 ], [ 150.585013318862025, -34.991373567970427 ], [ 150.585020496216572, -34.991368381336173 ], [ 150.585026378149365, -34.991364334518316 ], [ 150.585032551274452, -34.991360219575263 ], [ 150.585038980611756, -34.991356034007815 ], [ 150.58504562800286, -34.991351771647686 ], [ 150.585052459588923, -34.991347429116544 ], [ 150.585059438306359, -34.99134300026784 ], [ 150.585066529175123, -34.991338482602437 ], [ 150.585073696226289, -34.991333869995628 ], [ 150.585080902316804, -34.991329159003762 ], [ 150.585088112572578, -34.991324343523921 ], [ 150.585095290918815, -34.9913194210352 ], [ 150.58510240136016, -34.991314386313874 ], [ 150.585109407901342, -34.991309234136182 ], [ 150.585116274494027, -34.991303961080341 ], [ 150.585122965142943, -34.991298561922612 ], [ 150.58512944494754, -34.991293031461119 ], [ 150.58513567783308, -34.991287367174976 ], [ 150.585141625641171, -34.991281562895978 ], [ 150.585147255634467, -34.991275614366749 ], [ 150.585152529575197, -34.991269518121932 ], [ 150.585157413684072, -34.99126326808048 ], [ 150.58516241417999, -34.991256039556696 ], [ 150.585166851534211, -34.991248702466493 ], [ 150.58517080441996, -34.99124118896254 ], [ 150.585174295562894, -34.991233508511883 ], [ 150.585177348756957, -34.991225671504218 ], [ 150.585179985633062, -34.991217687384811 ], [ 150.585182230011725, -34.991209565642421 ], [ 150.585184105686835, -34.991201316666789 ], [ 150.585185633194527, -34.991192949881302 ], [ 150.585186837450038, -34.991184474796533 ], [ 150.585187740084223, -34.991175900857677 ], [ 150.585188364917514, -34.991167237553491 ], [ 150.585188734622591, -34.991158496152842 ], [ 150.585188871951573, -34.99114968522175 ], [ 150.585188800724836, -34.991140814248972 ], [ 150.585188542546831, -34.991131893580629 ], [ 150.585188121264338, -34.99112293180454 ], [ 150.585187559549979, -34.99111394018955 ], [ 150.585186880129413, -34.991104928202645 ], [ 150.585186105754673, -34.991095904409825 ], [ 150.585185034499858, -34.991084607513592 ], [ 150.585184123253327, -34.991075693680429 ], [ 150.585183162742055, -34.991066778866795 ], [ 150.585182165008575, -34.991057863312363 ], [ 150.585181136621543, -34.991048947147867 ], [ 150.585180089623492, -34.991040030612965 ], [ 150.585179031677882, -34.991031113860181 ], [ 150.585177973732414, -34.991022197107377 ], [ 150.585176925640155, -34.991013280550654 ], [ 150.585175895064395, -34.991004364342515 ], [ 150.585174891858173, -34.990995448679072 ], [ 150.585173928063995, -34.990986533799976 ], [ 150.585173010250514, -34.990977619835959 ], [ 150.585172149365405, -34.990968707004896 ], [ 150.585171355261622, -34.990959795502881 ], [ 150.585170635602594, -34.99095088548242 ], [ 150.585170002430829, -34.990941977183198 ], [ 150.585169464504389, -34.990933070779505 ], [ 150.585169029486735, -34.990924166423838 ], [ 150.585168709420344, -34.990915264355898 ], [ 150.585168502842123, -34.990905855216447 ], [ 150.585168424322092, -34.990896859695511 ], [ 150.585168456374134, -34.990887866375139 ], [ 150.585168590239959, -34.990878875081023 ], [ 150.585168817187849, -34.990869884737911 ], [ 150.585169129501452, -34.990860896995159 ], [ 150.585169519543769, -34.990851910799343 ], [ 150.585169978556593, -34.990842925976132 ], [ 150.58517049887655, -34.990833942373008 ], [ 150.585171071771839, -34.99082495891475 ], [ 150.585171689526163, -34.990815977250705 ], [ 150.585172344502496, -34.990806996327429 ], [ 150.585173027942716, -34.99079801597059 ], [ 150.585173732209853, -34.990789035126767 ], [ 150.585174448492808, -34.990780055423528 ], [ 150.585175170249386, -34.990771075829215 ], [ 150.58517588762669, -34.990762096147719 ], [ 150.58517659298775, -34.990753115325589 ], [ 150.585177278616243, -34.990744135012207 ], [ 150.585177936875255, -34.990735154154109 ], [ 150.58517856289987, -34.99072615192069 ], [ 150.585179158270705, -34.990717149077192 ], [ 150.585179730651134, -34.990708145776146 ], [ 150.585180285515094, -34.990699142126459 ], [ 150.585180829431124, -34.990690138258898 ], [ 150.585181368967937, -34.990681134304154 ], [ 150.585181909599328, -34.990672130371181 ], [ 150.585182458988669, -34.990663126612482 ], [ 150.585183022609897, -34.990654123137013 ], [ 150.585183607031524, -34.990645120075477 ], [ 150.585184217727459, -34.99063611753683 ], [ 150.585184862361046, -34.990627115673576 ], [ 150.585185546406166, -34.990618114594639 ], [ 150.58518627643133, -34.990609114430768 ], [ 150.58518705900525, -34.99060011531266 ], [ 150.585187899601692, -34.990591117349275 ], [ 150.585188805884002, -34.990582120693119 ], [ 150.585189782231311, -34.990573125431311 ], [ 150.585190837401655, -34.990564131738182 ], [ 150.585191975774137, -34.990555139700867 ], [ 150.585193530269692, -34.990543840971903 ], [ 150.585194838738431, -34.990534987540045 ], [ 150.585196215647755, -34.990526153499616 ], [ 150.585197651974738, -34.99051734768571 ], [ 150.585199138749431, -34.990508577131585 ], [ 150.585200669138459, -34.990499850715935 ], [ 150.585202234145385, -34.990491176372949 ], [ 150.585203823732002, -34.990482560213096 ], [ 150.585205431011957, -34.990474012917012 ], [ 150.585207045947044, -34.990465540595174 ], [ 150.585208661730434, -34.990457151225371 ], [ 150.585210268244452, -34.990448853620883 ], [ 150.585211858682243, -34.990440655759556 ], [ 150.585213421884333, -34.990432564630986 ], [ 150.585214952138642, -34.990424588234752 ], [ 150.585216438232806, -34.990416735362409 ], [ 150.585217874454713, -34.990409014013515 ], [ 150.58521924964495, -34.990401431177709 ], [ 150.585220556970143, -34.990393995733733 ], [ 150.585221786365679, -34.990386714693017 ], [ 150.585224433273254, -34.990369739516105 ], [ 150.585225947040868, -34.990359080920392 ], [ 150.585227280144863, -34.990349053363637 ], [ 150.585228448813751, -34.990339738301017 ], [ 150.585229471491914, -34.990331216330382 ], [ 150.585230364381374, -34.990323569807892 ], [ 150.585231147074296, -34.990316877551294 ], [ 150.5852318357461, -34.990311222817638 ], [ 150.585232447772938, -34.990306685282093 ], [ 150.585233001572732, -34.990303346443348 ], [ 150.585233514468626, -34.990301287778443 ], [ 150.585234002715453, -34.990300589841638 ], [ 150.58523425322511, -34.990300787741468 ], [ 150.585234735841766, -34.990302219864546 ], [ 150.585235232408081, -34.990304966607461 ], [ 150.585235755133198, -34.990308947982435 ], [ 150.585236316199712, -34.990314084902586 ], [ 150.58523693003275, -34.990320296522782 ], [ 150.585237608841368, -34.990327502855195 ], [ 150.585238365902967, -34.990335624834742 ], [ 150.585239213479582, -34.990344580671795 ], [ 150.585240165943446, -34.990354291323037 ], [ 150.585241233314122, -34.990364676757103 ], [ 150.585242431085078, -34.990375657051558 ], [ 150.585243771465372, -34.990387152218588 ], [ 150.585244915286864, -34.990396389800701 ], [ 150.585245880444006, -34.990403916444407 ], [ 150.585246886197922, -34.990411589934027 ], [ 150.585247922907541, -34.990419402865939 ], [ 150.585248982079491, -34.990427346056443 ], [ 150.585250054072617, -34.99043541210191 ], [ 150.585251132583153, -34.990443591862181 ], [ 150.585252206901572, -34.990451877010948 ], [ 150.585253269576384, -34.990460260188101 ], [ 150.58525431101944, -34.990468732188177 ], [ 150.585255322684276, -34.990477285629332 ], [ 150.585256297198811, -34.990485910448683 ], [ 150.585257223800653, -34.990494600121799 ], [ 150.58525809506466, -34.990503346387655 ], [ 150.585258902523918, -34.990512139161609 ], [ 150.585259637632021, -34.990520971061805 ], [ 150.585260290747811, -34.990529834684658 ], [ 150.585260854472665, -34.990538720868194 ], [ 150.585261319218347, -34.990547620406943 ], [ 150.585261675317241, -34.990556526798223 ], [ 150.58526192796586, -34.99056582236841 ], [ 150.585262058861588, -34.99057482524249 ], [ 150.585262087943761, -34.990583826090386 ], [ 150.585262021807438, -34.990592824141892 ], [ 150.585261869157762, -34.990601821373154 ], [ 150.585261637684596, -34.990610817035758 ], [ 150.585261335051342, -34.990619811282201 ], [ 150.585260970016066, -34.990628804286779 ], [ 150.585260549147364, -34.990637796180216 ], [ 150.585260081203472, -34.990646787136797 ], [ 150.585259573847651, -34.990655777309044 ], [ 150.585259034743302, -34.990664766849449 ], [ 150.585258472648633, -34.990673755932306 ], [ 150.585257894132241, -34.99068274468835 ], [ 150.585257309073484, -34.990691732412692 ], [ 150.585256722893291, -34.990700721016175 ], [ 150.585256145471106, -34.99070970979394 ], [ 150.585255584470275, -34.990718698898483 ], [ 150.585255047554256, -34.990727688482309 ], [ 150.585254541291619, -34.990736678676171 ], [ 150.585254071192082, -34.99074570564845 ], [ 150.585253636786888, -34.990754710794342 ], [ 150.585253229750862, -34.990763716484899 ], [ 150.585252845704872, -34.990772722632954 ], [ 150.585252475917258, -34.99078172816327 ], [ 150.585252118145519, -34.990790734834192 ], [ 150.585251763657936, -34.990799741570441 ], [ 150.585251407007178, -34.990808747362173 ], [ 150.585251042666414, -34.990817753902313 ], [ 150.585250665188198, -34.99082676018098 ], [ 150.585250268003961, -34.990835766067491 ], [ 150.585249844571507, -34.990844770530131 ], [ 150.585249390458785, -34.990853775283675 ], [ 150.585248898028851, -34.990862779274636 ], [ 150.585248362929121, -34.990871781514947 ], [ 150.585247777443129, -34.990880783653985 ], [ 150.585247137218317, -34.990889784703633 ], [ 150.585246436780778, -34.990898784554979 ], [ 150.585245667398766, -34.990907782132766 ], [ 150.585244825735003, -34.990916779173524 ], [ 150.585243757965856, -34.990927170794748 ], [ 150.585242764082921, -34.990936091787127 ], [ 150.585241706702789, -34.990945011515834 ], [ 150.58524059346243, -34.990953931034284 ], [ 150.585239429888645, -34.990962848649566 ], [ 150.585238222497111, -34.990971766294251 ], [ 150.585236979004151, -34.990980682319005 ], [ 150.585235704857212, -34.990989597733673 ], [ 150.585234407693207, -34.990998513591713 ], [ 150.585233093038909, -34.99100742820017 ], [ 150.585231768504826, -34.991016343513436 ], [ 150.585230440712564, -34.991025257860365 ], [ 150.58522911620426, -34.991034172272627 ], [ 150.585227801522137, -34.991043087781875 ], [ 150.585226504382547, -34.991052002738748 ], [ 150.585225229138103, -34.991060918131325 ], [ 150.585223984520582, -34.991069835034857 ], [ 150.58522277605681, -34.991078751756397 ], [ 150.585221611357241, -34.991087670250337 ], [ 150.585220495948789, -34.991096588823744 ], [ 150.585219419688627, -34.991105628973088 ], [ 150.58521838648582, -34.991114620398498 ], [ 150.585217369677878, -34.991123613051641 ], [ 150.58521635070656, -34.991132604760232 ], [ 150.585215307649918, -34.991141595989475 ], [ 150.585214222991453, -34.991150586390745 ], [ 150.585213073714385, -34.991159576407483 ], [ 150.58521184235525, -34.991168563889168 ], [ 150.585210505897152, -34.991177549279207 ], [ 150.585209047918511, -34.991186532250779 ], [ 150.585207444307599, -34.991195513225506 ], [ 150.585205678695729, -34.991204490074665 ], [ 150.585203728066034, -34.991213463241671 ], [ 150.58520157380724, -34.991222432356096 ], [ 150.585199195091974, -34.991231397904919 ], [ 150.585196573361998, -34.991240357715824 ], [ 150.585193686695135, -34.991249312254013 ], [ 150.585190515385307, -34.991258261127264 ], [ 150.585187039699946, -34.991267204844327 ], [ 150.585183238891091, -34.991276141189275 ], [ 150.585180180569211, -34.991282810692397 ], [ 150.585176536665074, -34.991290284370912 ], [ 150.585172680346744, -34.991297754723355 ], [ 150.585168628088752, -34.991305220274654 ], [ 150.585164394096751, -34.991312682208942 ], [ 150.585159995887096, -34.991320140874819 ], [ 150.58515544769196, -34.991327596555543 ], [ 150.585150765932866, -34.991335049577891 ], [ 150.585145965936789, -34.991342500246866 ], [ 150.585141063030534, -34.991349948867523 ], [ 150.585136073635852, -34.991357395766656 ], [ 150.585131013079518, -34.9913648412493 ], [ 150.58512589668851, -34.99137228562045 ], [ 150.585120739789716, -34.991379729185176 ], [ 150.585115558804802, -34.991387172270301 ], [ 150.585110370155434, -34.991394615202623 ], [ 150.585105186979035, -34.991402058243622 ], [ 150.585100027886796, -34.991409501763712 ], [ 150.585094906016138, -34.991416946024351 ], [ 150.585089838883562, -34.99142439137416 ], [ 150.585084840721123, -34.991431838096425 ], [ 150.585079927950687, -34.991439286517952 ], [ 150.585075115899059, -34.991446736943828 ], [ 150.585070419893299, -34.991454189679104 ], [ 150.585065562782574, -34.991462129606944 ], [ 150.585060527819309, -34.991470642033597 ], [ 150.585055673493798, -34.991479158055171 ], [ 150.585051005279979, -34.99148767778069 ], [ 150.585046526435804, -34.991496202176435 ], [ 150.585042241393381, -34.991504729527733 ], [ 150.58503815669502, -34.99151326086627 ], [ 150.585034275625105, -34.991521796257459 ], [ 150.585030602536335, -34.991530336689394 ], [ 150.585027141860849, -34.991538880447386 ], [ 150.585023899046178, -34.991547428541352 ], [ 150.585020878445022, -34.991555981959394 ], [ 150.585018083394743, -34.991564538965015 ], [ 150.585015519342818, -34.991573100568147 ], [ 150.585013191763295, -34.991581666877735 ], [ 150.58501110391407, -34.99159023886012 ], [ 150.585009260227309, -34.991598814800561 ], [ 150.585007666150545, -34.991607395709011 ], [ 150.58500632606291, -34.991615981672609 ], [ 150.585005244317216, -34.991624573679466 ], [ 150.585004424250826, -34.991633169993094 ], [ 150.585004105518465, -34.991637604285977 ], [ 150.585003674278056, -34.991646388632269 ], [ 150.585003489363714, -34.991655177881249 ], [ 150.585003532190683, -34.991663970761515 ], [ 150.585003780810382, -34.991672768639184 ], [ 150.58500421554325, -34.991681570221097 ], [ 150.585004814520232, -34.99169037417051 ], [ 150.585005556887438, -34.991699181875305 ], [ 150.585006422965336, -34.991707992042329 ], [ 150.585007391979502, -34.991716803356638 ], [ 150.585008443076191, -34.9917256172061 ], [ 150.585009555480923, -34.991734432275777 ], [ 150.585010708419361, -34.991743247250724 ], [ 150.585011881037644, -34.991752063518803 ], [ 150.585013052561322, -34.991760879765096 ], [ 150.585014202189484, -34.99176969557557 ], [ 150.585015310242539, -34.991778509657088 ], [ 150.585016355866486, -34.99178732339751 ], [ 150.585017317192239, -34.991796135460127 ], [ 150.585018174539982, -34.991804944551788 ], [ 150.585018905961078, -34.991813752038539 ], [ 150.585019524014797, -34.991823025131382 ], [ 150.585019973433731, -34.991832035244762 ], [ 150.585020276124993, -34.991841043339257 ], [ 150.585020437588867, -34.991850048622872 ], [ 150.585020458946644, -34.991859050216455 ], [ 150.585020344524366, -34.991868050009067 ], [ 150.585020097632963, -34.99187704716509 ], [ 150.585019722677856, -34.991886040870774 ], [ 150.585019220700957, -34.991895032949792 ], [ 150.585018597202605, -34.991904022610115 ], [ 150.585017855493561, -34.991913009016216 ], [ 150.585016997710426, -34.991921994013502 ], [ 150.585016027163988, -34.991930976766405 ], [ 150.585014948259868, -34.991939956461181 ], [ 150.585013764229387, -34.991948934965023 ], [ 150.585012478409908, -34.991957910541451 ], [ 150.585011092937947, -34.991966885035922 ], [ 150.585009612219125, -34.991975857634621 ], [ 150.585008040659005, -34.991984827523801 ], [ 150.585006379299472, -34.99199379652709 ], [ 150.585003905421246, -34.992006408421332 ], [ 150.585002101533433, -34.992015195195407 ], [ 150.585000246190134, -34.992023980945284 ], [ 150.584998352528828, -34.992032765932471 ], [ 150.584996433686939, -34.992041550418428 ], [ 150.584994502801891, -34.99205033466464 ], [ 150.584992570821584, -34.992059118888989 ], [ 150.584990650883498, -34.992067903352975 ], [ 150.5849887571934, -34.992076689240804 ], [ 150.584986900752142, -34.992085474968505 ], [ 150.584985094670714, -34.99209426169849 ], [ 150.584983352086624, -34.992103049692261 ], [ 150.584981685042521, -34.992111839189484 ], [ 150.584980106675971, -34.992120630451673 ], [ 150.584978630124454, -34.992129423740288 ], [ 150.584977267430702, -34.99213821929505 ], [ 150.584976030610875, -34.992147018256595 ], [ 150.584974933950349, -34.992155819106308 ], [ 150.584973989465283, -34.992164622984824 ], [ 150.584973209198495, -34.992173430131871 ], [ 150.584972509245176, -34.992183828167263 ], [ 150.584972087107758, -34.992192749717141 ], [ 150.584971812122205, -34.992201658870883 ], [ 150.58497166922632, -34.992210546314006 ], [ 150.58497164218366, -34.992219405413096 ], [ 150.584971715878993, -34.992228228655499 ], [ 150.584971871965706, -34.992237006661398 ], [ 150.584972097491686, -34.992245732862727 ], [ 150.584972375152148, -34.992254399703263 ], [ 150.584972688789975, -34.99226299784678 ], [ 150.584973022142236, -34.992271521560731 ], [ 150.584973361214907, -34.992279962453388 ], [ 150.584973687661346, -34.99228831114489 ], [ 150.584973987408176, -34.992296561946326 ], [ 150.584974244271763, -34.992304706422331 ], [ 150.584974440947292, -34.992312737016746 ], [ 150.584974563467199, -34.992320644436887 ], [ 150.584974594473692, -34.992328422928438 ], [ 150.584974517783166, -34.992336064056076 ], [ 150.584974319401596, -34.992343559428036 ], [ 150.584974080371381, -34.992349083379757 ], [ 150.584973365974207, -34.992359823685597 ], [ 150.584972317635533, -34.99237022289978 ], [ 150.58497092320664, -34.992380284386357 ], [ 150.584969165197208, -34.992390006895718 ], [ 150.584967029321831, -34.992399391946464 ], [ 150.584964501268701, -34.992408441958112 ], [ 150.584961564642327, -34.992417155702832 ], [ 150.584958204036042, -34.99242553557837 ], [ 150.584954405191013, -34.992433582202331 ], [ 150.584950152753521, -34.99244129617054 ], [ 150.58494543136996, -34.992448678078851 ], [ 150.584940226728463, -34.992455730346734 ], [ 150.584934522407139, -34.992462452647267 ], [ 150.584926094508944, -34.99247097505895 ], [ 150.584919182013948, -34.992477135134159 ], [ 150.584911862350367, -34.992483134756348 ], [ 150.584904190276148, -34.992489048935795 ], [ 150.584896216117073, -34.992494954397529 ], [ 150.584887993536199, -34.992500926130091 ], [ 150.584879575022427, -34.992507041803009 ], [ 150.584871013170442, -34.99251337548214 ], [ 150.584862359400773, -34.992520003914329 ], [ 150.584853668418248, -34.99252700391181 ], [ 150.584844991696315, -34.992534450419633 ], [ 150.584836381776654, -34.992542419305494 ], [ 150.58482789007968, -34.992550987316349 ], [ 150.584824403431753, -34.992554747354951 ], [ 150.584819316798757, -34.992560504752333 ], [ 150.584814314174508, -34.992566497302157 ], [ 150.584809404635109, -34.992572714367419 ], [ 150.584804600593998, -34.99257914357468 ], [ 150.584799912222138, -34.992585774308765 ], [ 150.584795349716842, -34.992592595053573 ], [ 150.584790925491689, -34.992599593435642 ], [ 150.584786649717557, -34.992606758839848 ], [ 150.584782532591902, -34.992614079750048 ], [ 150.584778586528216, -34.992621543792815 ], [ 150.584774820576172, -34.992629141232136 ], [ 150.584771246081004, -34.992636858771831 ], [ 150.584767875403259, -34.992644685840318 ], [ 150.58476471767213, -34.992652609998792 ], [ 150.584761784126869, -34.992660621554826 ], [ 150.584759086112769, -34.992668707212225 ], [ 150.584756633774333, -34.992676857256804 ], [ 150.584754439551574, -34.992685058414146 ], [ 150.584752512520765, -34.992693300047328 ], [ 150.584750863974222, -34.992701570662035 ], [ 150.584749505204201, -34.992709858763945 ], [ 150.584748897777359, -34.992714312549644 ], [ 150.584747945426642, -34.992723084717113 ], [ 150.584747294144904, -34.992731862877527 ], [ 150.584746923131121, -34.992740646616831 ], [ 150.584746809368113, -34.992749436378311 ], [ 150.584746929918253, -34.992758229902471 ], [ 150.584747263953858, -34.992767027676173 ], [ 150.584747788457861, -34.992775830142726 ], [ 150.584748481587269, -34.992784635064382 ], [ 150.584749320324931, -34.992793442884469 ], [ 150.584750282748416, -34.992802254068017 ], [ 150.584751345919983, -34.992811066355557 ], [ 150.584752489012033, -34.992819880233938 ], [ 150.584753687912496, -34.992828696124668 ], [ 150.584754920778408, -34.992837511790022 ], [ 150.58475616568731, -34.992846327695069 ], [ 150.58475740071674, -34.992855144304919 ], [ 150.5847586029289, -34.992863959360029 ], [ 150.584759750401304, -34.992872773325502 ], [ 150.584760821211461, -34.992881586666421 ], [ 150.58476179132677, -34.992890397101483 ], [ 150.584762663768032, -34.992899437269777 ], [ 150.584763408683045, -34.992908492928954 ], [ 150.584764026372085, -34.99291759112905 ], [ 150.584764518362704, -34.992926754437242 ], [ 150.584764883992818, -34.992936005377018 ], [ 150.584765123695092, -34.992945366493736 ], [ 150.584765240091883, -34.992954860376315 ], [ 150.584765231426275, -34.992964509526502 ], [ 150.584765100320624, -34.99297433653323 ], [ 150.584764845017958, -34.992984363898209 ], [ 150.58476446814069, -34.992994614210389 ], [ 150.584763970121429, -34.993005110015083 ], [ 150.584763350324579, -34.993015872934912 ], [ 150.584762610224715, -34.99302692733886 ], [ 150.584761749186129, -34.993038294849526 ], [ 150.584760769831178, -34.993049998055824 ], [ 150.58475967149775, -34.993062059481296 ], [ 150.584758455713285, -34.993074501693066 ], [ 150.584757121815642, -34.99308734721464 ], [ 150.58475567026403, -34.993100617690438 ], [ 150.584754755921011, -34.993108692877122 ], [ 150.584753958458776, -34.993115586761782 ], [ 150.584753133944758, -34.993122581072448 ], [ 150.584752285875169, -34.993129668666981 ], [ 150.584751414355935, -34.993136845941585 ], [ 150.584750521762032, -34.993144106633267 ], [ 150.584749607131073, -34.993151446215549 ], [ 150.584748675027612, -34.993158858468959 ], [ 150.584747723367968, -34.993166339746196 ], [ 150.584746756716726, -34.993173883827794 ], [ 150.584745774137957, -34.99318148528635 ], [ 150.584744777953688, -34.993189139660714 ], [ 150.58474376944406, -34.99319684066608 ], [ 150.584742748741519, -34.993204583797755 ], [ 150.584741719289354, -34.993212363715465 ], [ 150.584740681219955, -34.993220175914495 ], [ 150.584739635839952, -34.993228013209112 ], [ 150.584738585444967, -34.993235872039151 ], [ 150.58473753019382, -34.993243746998907 ], [ 150.584736471340221, -34.99325163270457 ], [ 150.584735411259146, -34.993259522893126 ], [ 150.584734351151354, -34.993267413982593 ], [ 150.584733291202213, -34.993275299666387 ], [ 150.584732233760207, -34.993283174582437 ], [ 150.584731180052586, -34.993291034247832 ], [ 150.584730131333004, -34.993298873278718 ], [ 150.58472908997652, -34.993306685412087 ], [ 150.584728054994201, -34.993314467022373 ], [ 150.584727028761051, -34.993322211846575 ], [ 150.584726013599152, -34.993329915423594 ], [ 150.584725010788588, -34.993337571468572 ], [ 150.584724019393548, -34.993345174554136 ], [ 150.584723043899146, -34.99335272116366 ], [ 150.584722083396002, -34.993360204968759 ], [ 150.584721139137741, -34.993367620585587 ], [ 150.584720214567795, -34.993374962673869 ], [ 150.584719308697203, -34.993382227608038 ], [ 150.584718425048806, -34.993389407345006 ], [ 150.584717563702014, -34.993396499181962 ], [ 150.584716724842224, -34.993403496812306 ], [ 150.584715098630426, -34.993417379513183 ], [ 150.584713708463511, -34.993429492822152 ], [ 150.584712362334045, -34.993441300508302 ], [ 150.584711044544008, -34.993452814879703 ], [ 150.584709735069112, -34.993464046355392 ], [ 150.584708418237796, -34.9934750063425 ], [ 150.5847070740258, -34.993485705260049 ], [ 150.584705686734992, -34.993496155416111 ], [ 150.584704236367571, -34.993506366328774 ], [ 150.584702706130656, -34.993516350284295 ], [ 150.584701078216, -34.99352611684435 ], [ 150.584699333614594, -34.993535679152579 ], [ 150.584697456707772, -34.993545046814205 ], [ 150.5846954274447, -34.993554231149176 ], [ 150.584693229058956, -34.993563243542852 ], [ 150.58469084371572, -34.993572094457797 ], [ 150.584688252459017, -34.993580795235751 ], [ 150.584685438548746, -34.993589356361099 ], [ 150.584682384097221, -34.993597790098313 ], [ 150.584679071269676, -34.993606106909994 ], [ 150.584675481136401, -34.993614317236869 ], [ 150.584671596904514, -34.993622433365218 ], [ 150.584666944225035, -34.993631313065336 ], [ 150.584662646080687, -34.993638901707804 ], [ 150.584658109946645, -34.993646425214138 ], [ 150.584653357613149, -34.993653887623942 ], [ 150.584648409722575, -34.993661294756926 ], [ 150.584643288065195, -34.993668650652715 ], [ 150.584638015473047, -34.993675961174631 ], [ 150.584632611520249, -34.99368323121962 ], [ 150.584627099065386, -34.99369046575007 ], [ 150.584621499845753, -34.993697670607489 ], [ 150.584615834583246, -34.993704848908784 ], [ 150.584610125015161, -34.993712006495485 ], [ 150.584604393973592, -34.99371914923092 ], [ 150.584598661059204, -34.993726281111158 ], [ 150.584592950198925, -34.993733408021299 ], [ 150.584587280993389, -34.99374053395745 ], [ 150.584581675179919, -34.993747664761138 ], [ 150.584576155617157, -34.993754805394765 ], [ 150.584570743000569, -34.993761959876224 ], [ 150.584565459067505, -34.993769134047078 ], [ 150.584560324460483, -34.99377633372707 ], [ 150.584555363185927, -34.993783562098557 ], [ 150.584550594765091, -34.993790825860465 ], [ 150.584543363798105, -34.993802597523242 ], [ 150.584538598415037, -34.993810950319265 ], [ 150.584534102257606, -34.993819349040827 ], [ 150.584529872120896, -34.993827790919717 ], [ 150.5845259047735, -34.993836274088714 ], [ 150.584522198131765, -34.99384479490049 ], [ 150.584518746748273, -34.993853352345148 ], [ 150.584515550676059, -34.993861944620839 ], [ 150.584512604547058, -34.993870568014835 ], [ 150.584509905129835, -34.993879220659892 ], [ 150.584507451382706, -34.993887900732375 ], [ 150.58450523791106, -34.993896605420439 ], [ 150.58450326257838, -34.993905332878683 ], [ 150.584501523248008, -34.993914081261629 ], [ 150.584500015646796, -34.993922846878334 ], [ 150.584498736543281, -34.993931627861564 ], [ 150.58449768377443, -34.993940423266771 ], [ 150.584496854161813, -34.993949229424835 ], [ 150.58449624337922, -34.993958044446678 ], [ 150.584495850411315, -34.993966865607696 ], [ 150.584495650234459, -34.993979227068387 ], [ 150.584495737624678, -34.993988066807027 ], [ 150.584495997995447, -34.993996909989342 ], [ 150.584496412708546, -34.994005757145779 ], [ 150.584496966489525, -34.99401460616928 ], [ 150.584497639578814, -34.994023458469428 ], [ 150.584498416702075, -34.994032311939215 ], [ 150.584499279220978, -34.994041167109046 ], [ 150.584500210686855, -34.994050024552919 ], [ 150.584501193635646, -34.994058882120228 ], [ 150.584502210523823, -34.994067740363192 ], [ 150.584503243807944, -34.99407659983401 ], [ 150.584504277118697, -34.994085458403887 ], [ 150.584505292886092, -34.994094317525949 ], [ 150.584506272551238, -34.994103175027824 ], [ 150.584507200760186, -34.994112031505288 ], [ 150.584508058874633, -34.994120887488769 ], [ 150.584508830525209, -34.994129740849459 ], [ 150.584509497047122, -34.994138593018732 ], [ 150.584510042071031, -34.994147441867739 ], [ 150.584510472290418, -34.994156804972746 ], [ 150.58451074233929, -34.994165803400151 ], [ 150.584510876789864, -34.99417479371926 ], [ 150.584510876842842, -34.994183772348109 ], [ 150.584510749173035, -34.99419273581367 ], [ 150.584510494901679, -34.994201683236817 ], [ 150.584510119635297, -34.994210610221835 ], [ 150.58450962564288, -34.994219514109474 ], [ 150.584509016288308, -34.994228392262272 ], [ 150.584508296030322, -34.994237242064607 ], [ 150.584507469354065, -34.994246059999888 ], [ 150.584506538502097, -34.994254844309836 ], [ 150.584505506864787, -34.994263591456033 ], [ 150.584504378900874, -34.99427229882285 ], [ 150.584503158000672, -34.994280962871926 ], [ 150.58450184859646, -34.99428958188853 ], [ 150.584500451888886, -34.994298152290703 ], [ 150.584498974552844, -34.99430667060544 ], [ 150.584497418804432, -34.994315135975405 ], [ 150.584495788060508, -34.994323543961244 ], [ 150.584494186557521, -34.994331404436259 ], [ 150.584492196546023, -34.994340667975173 ], [ 150.584490123874929, -34.99434976219527 ], [ 150.584487972243608, -34.994358635786483 ], [ 150.584485744230079, -34.994367238317885 ], [ 150.584483444628518, -34.994375518501208 ], [ 150.584481076043488, -34.994383425004607 ], [ 150.584478642174304, -34.994390906517971 ], [ 150.584476147788791, -34.994397912654023 ], [ 150.584473595491431, -34.994404392080874 ], [ 150.584470990076483, -34.994410293510263 ], [ 150.584468333053735, -34.994415565588533 ], [ 150.584465630259274, -34.994420158851085 ], [ 150.584462883255839, -34.994424020142425 ], [ 150.5844600978796, -34.994427099997914 ], [ 150.58445727676164, -34.994429346184774 ], [ 150.584454423574897, -34.994430708293905 ], [ 150.584451540924107, -34.994431134993413 ], [ 150.584447996153358, -34.994430347754879 ], [ 150.584445142142414, -34.994428719675994 ], [ 150.58444229078836, -34.99442625598855 ], [ 150.584439451582767, -34.99442300646227 ], [ 150.584436637380946, -34.994419018229451 ], [ 150.584433859917084, -34.994414339301571 ], [ 150.584431128735588, -34.994409017646447 ], [ 150.584428456665393, -34.994403101297344 ], [ 150.584425854345682, -34.994396638243927 ], [ 150.584423333510557, -34.994389676497597 ], [ 150.584420905920496, -34.994382263168923 ], [ 150.584418582161788, -34.99437444804942 ], [ 150.584416373994912, -34.994366278249593 ], [ 150.584414292085512, -34.994357800858126 ], [ 150.584412349235947, -34.994349064809263 ], [ 150.584410557153717, -34.994340119015355 ], [ 150.58440892434129, -34.994331009620602 ], [ 150.584407464695772, -34.994321785580965 ] ] ] ] } },
{ "type": "Feature", "properties": { "OBJECTID": 23, "Comments": "Operational noise contour - OpContoursBuild2040Night", "FSource": "MOTTM - noise specialists model run for Rev B", "SourceDate": 20251027.0, "Supplier": "MOTTM", "path_windows": "C:\\Users\\bri86955\\Mott MacDonald\\MGO - Moata Geospatial - JBR2HR\\01Incoming\\20251024_Noise\\Noise shp files Rev B\\Noise Rev B figures\\Metadata\\OpContours\\OpContoursBuild2040Night.shp", "path_rootname": "OpContoursBuild2040Night", "IsoValue": 70, "shapefile_type": "shapefile_polygon", "SHAPE_Length": 334.54742553084378, "SHAPE_Area": 1418.7315849966815 }, "geometry": { "type": "MultiPolygon", "coordinates": [ [ [ [ 150.585395518242791, -34.990005321239039 ], [ 150.585395186085918, -34.990001788081102 ], [ 150.585394771986614, -34.989994706010563 ], [ 150.585394656313071, -34.989987458599408 ], [ 150.585394815810417, -34.989980054399545 ], [ 150.585395228318703, -34.989972501984681 ], [ 150.585395870609574, -34.989964809005798 ], [ 150.585396718307095, -34.989956984894008 ], [ 150.585397751467212, -34.989949037365619 ], [ 150.58539894352441, -34.989940975808196 ], [ 150.585400273413512, -34.989932808817187 ], [ 150.585401718974481, -34.989924544966328 ], [ 150.58540325478964, -34.98991619186306 ], [ 150.585404858646001, -34.989907759882954 ], [ 150.585406509531339, -34.989899255819644 ], [ 150.585408181974998, -34.989890689082429 ], [ 150.585409852722307, -34.98988206822326 ], [ 150.58541150180281, -34.98987340185942 ], [ 150.585413102704052, -34.989864697576557 ], [ 150.585414634307966, -34.989855965772072 ], [ 150.585416073412858, -34.989847213196036 ], [ 150.585417396711165, -34.989838450202249 ], [ 150.585418632175276, -34.989829321266953 ], [ 150.585419715231126, -34.989820309194251 ], [ 150.58542067592893, -34.989811248711739 ], [ 150.585421528067712, -34.989802117557275 ], [ 150.585422284298602, -34.989792895248819 ], [ 150.585422955189216, -34.989783557656992 ], [ 150.585423553390768, -34.989774084299746 ], [ 150.585424091660315, -34.989764451091261 ], [ 150.58542458158081, -34.98975463662677 ], [ 150.5854250358299, -34.989744619523286 ], [ 150.585425467138151, -34.989734376595926 ], [ 150.585425886020204, -34.989723885517186 ], [ 150.585426306274911, -34.98971312402491 ], [ 150.585426738390368, -34.989702070692566 ], [ 150.585427196191972, -34.989690702357024 ], [ 150.58542769126251, -34.989678997613531 ], [ 150.585428235237771, -34.989666933255407 ], [ 150.585428840795402, -34.989654487899685 ], [ 150.585429520665912, -34.989641638361434 ], [ 150.585430286405625, -34.98962836413687 ], [ 150.585430732866968, -34.989621109881959 ], [ 150.58543117570531, -34.989614202620679 ], [ 150.58543164217636, -34.989607199372422 ], [ 150.58543212987874, -34.989600107301172 ], [ 150.585432639669023, -34.9895929345372 ], [ 150.585433169119455, -34.989585689145414 ], [ 150.585433718044698, -34.989578377432402 ], [ 150.585434286206521, -34.989571007506662 ], [ 150.585434872271918, -34.989563587454882 ], [ 150.585435474907854, -34.989556125363791 ], [ 150.585436095050341, -34.989548626660785 ], [ 150.585436730218589, -34.98954110121268 ], [ 150.585437379106111, -34.989533556205231 ], [ 150.58543804371709, -34.989525997988622 ], [ 150.585438720502566, -34.989518435506902 ], [ 150.585439409250796, -34.989510875967632 ], [ 150.585440110844729, -34.989503326600129 ], [ 150.585440821761892, -34.98949579544751 ], [ 150.585441543979954, -34.989488289760914 ], [ 150.585442273976469, -34.989480817583463 ], [ 150.585443012607925, -34.989473387045393 ], [ 150.585443759689042, -34.989466004453341 ], [ 150.585444512792094, -34.989458677872214 ], [ 150.585445271705282, -34.989451414509546 ], [ 150.585446036163916, -34.989444223374768 ], [ 150.585446804887937, -34.989437110752711 ], [ 150.585447576517879, -34.989430085630993 ], [ 150.585448350868461, -34.989423154316199 ], [ 150.585449127727969, -34.98941632401592 ], [ 150.585449904642104, -34.989409603695982 ], [ 150.585450682493899, -34.98940300058571 ], [ 150.585451459976838, -34.989396521870873 ], [ 150.585452235757941, -34.989390175638164 ], [ 150.585453009598979, -34.989383969996069 ], [ 150.585453780219922, -34.989377911229411 ], [ 150.585454547382511, -34.989372007446676 ], [ 150.585455309780201, -34.989366265833603 ], [ 150.585456067148385, -34.989360695399647 ], [ 150.585456818207007, -34.989355302429594 ], [ 150.585457561596542, -34.989350095911114 ], [ 150.585462095303143, -34.989321765499007 ], [ 150.585467208089483, -34.989297772761518 ], [ 150.585473079917335, -34.989279038975567 ], [ 150.58548029036416, -34.989263696110079 ], [ 150.585489421275355, -34.989249873474478 ], [ 150.585501054389511, -34.989235703981642 ], [ 150.585503394487432, -34.989233045236134 ], [ 150.585507879469475, -34.989228033966036 ], [ 150.585512631619196, -34.989222802644605 ], [ 150.585517620124648, -34.989217356067485 ], [ 150.585522814200431, -34.989211698129452 ], [ 150.585528184155777, -34.989205832747011 ], [ 150.585533699205257, -34.989199763814916 ], [ 150.585539329631672, -34.989193496150627 ], [ 150.585545043581362, -34.989187032726214 ], [ 150.585550812458365, -34.989180377479968 ], [ 150.585556604356043, -34.989173535185827 ], [ 150.585562389583743, -34.989166509760359 ], [ 150.585568137356063, -34.98915930509834 ], [ 150.585573817955918, -34.989151926017286 ], [ 150.585579399556138, -34.989144374588321 ], [ 150.585584853507868, -34.989136656551686 ], [ 150.585590147931072, -34.989128775780429 ], [ 150.585595254229872, -34.989120736212897 ], [ 150.585600139455977, -34.989112540799404 ], [ 150.585605750656612, -34.989102378400858 ], [ 150.585609727220429, -34.989094612937066 ], [ 150.585613509904789, -34.989086735439066 ], [ 150.58561710506649, -34.989078753245103 ], [ 150.585620516925729, -34.98907067184799 ], [ 150.585623754055291, -34.989062497728582 ], [ 150.585626820701862, -34.989054235478783 ], [ 150.585629723195723, -34.989045893337725 ], [ 150.585632467973142, -34.989037475940904 ], [ 150.585635061417264, -34.989028989725583 ], [ 150.585637508816689, -34.989020441107293 ], [ 150.585639815486331, -34.989011835600621 ], [ 150.585641989998976, -34.989003179686428 ], [ 150.585644035453583, -34.988994479736675 ], [ 150.585645960449398, -34.988985741331305 ], [ 150.585647769180184, -34.988976970864016 ], [ 150.585649468055607, -34.988968173871207 ], [ 150.585651063458954, -34.988959356790154 ], [ 150.585652561773429, -34.988950526058154 ], [ 150.585653968287545, -34.98894168809074 ], [ 150.585655316864262, -34.988932659661899 ], [ 150.58565657984812, -34.98892367370199 ], [ 150.585657774904377, -34.988914688193418 ], [ 150.585658909643371, -34.988905705090559 ], [ 150.585659995012577, -34.988896724611216 ], [ 150.585661039690564, -34.988887749632525 ], [ 150.585662054651294, -34.988878779471321 ], [ 150.585663047478619, -34.988869816982941 ], [ 150.585664029119954, -34.988860862385188 ], [ 150.585665009375163, -34.988851917676001 ], [ 150.585665996975706, -34.988842983930567 ], [ 150.585667001747851, -34.988834062245886 ], [ 150.585668033517777, -34.988825153718935 ], [ 150.585669102111808, -34.988816259446679 ], [ 150.585670217329607, -34.988807381427058 ], [ 150.585671386808031, -34.988798520713509 ], [ 150.585672622589186, -34.988789677545597 ], [ 150.585673933351615, -34.988780854800396 ], [ 150.585675328948014, -34.988772052673987 ], [ 150.585676818083414, -34.988763273142467 ], [ 150.585677652961834, -34.98875860571804 ], [ 150.585679338361757, -34.988749670531419 ], [ 150.585681125115343, -34.988740827508316 ], [ 150.585683006398853, -34.988732122487953 ], [ 150.585684978725965, -34.988723599572943 ], [ 150.585687035246593, -34.988715305503383 ], [ 150.585689170337844, -34.988707282536502 ], [ 150.585691379312635, -34.988699578356901 ], [ 150.585693657616389, -34.988692236144495 ], [ 150.585695998451996, -34.988685300837538 ], [ 150.585698397158922, -34.988678819219714 ], [ 150.5857008481143, -34.9886728335482 ], [ 150.585703345562905, -34.988667390584922 ], [ 150.585705884923641, -34.988662534410729 ], [ 150.585708460494232, -34.988658309985659 ], [ 150.58571106654594, -34.988654763170672 ], [ 150.585713698497727, -34.988651938046615 ], [ 150.585716350647289, -34.988649879573529 ], [ 150.585719016197658, -34.988648632689667 ], [ 150.585721691609649, -34.988648243299558 ], [ 150.585723744268307, -34.988648544665061 ], [ 150.585726383603145, -34.988649681646542 ], [ 150.585729008193397, -34.988651618839612 ], [ 150.585731606146084, -34.98865431363857 ], [ 150.585734168879043, -34.988657722602142 ], [ 150.585736684525813, -34.988661802223668 ], [ 150.585739142314623, -34.988666509018287 ], [ 150.585741531500247, -34.988671798600222 ], [ 150.585743843473949, -34.988677628429109 ], [ 150.585746065274463, -34.988683954976523 ], [ 150.585748187251255, -34.988690733878471 ], [ 150.585750199700783, -34.98869792257279 ], [ 150.58575208966181, -34.988705477531084 ], [ 150.58575384967321, -34.988713354432889 ], [ 150.585755466747258, -34.988721510650734 ], [ 150.58575693013853, -34.98872990179882 ], [ 150.585758231264748, -34.988738484435849 ], [ 150.585759358232792, -34.988747215956131 ], [ 150.585760300297324, -34.988756051973859 ], [ 150.585761047781261, -34.98876494902597 ], [ 150.585761629975281, -34.98877462526503 ], [ 150.585761963113896, -34.98878342032036 ], [ 150.585762124916386, -34.988792230897594 ], [ 150.585762127424942, -34.988801057236351 ], [ 150.585761983882293, -34.988809895994194 ], [ 150.585761707372427, -34.988818749234397 ], [ 150.585761311111668, -34.988827614515515 ], [ 150.585760807168612, -34.988836491176187 ], [ 150.585760208733149, -34.988845377675879 ], [ 150.585759528915702, -34.988854275176948 ], [ 150.58575878090619, -34.988863182138871 ], [ 150.585757977894417, -34.98887209702113 ], [ 150.585757131949151, -34.98888101916237 ], [ 150.58575625623368, -34.988889947923049 ], [ 150.585755363885028, -34.988898883564502 ], [ 150.585754468119575, -34.988907823645313 ], [ 150.585753582074233, -34.988916768426833 ], [ 150.585752716749454, -34.988925716325014 ], [ 150.585751887471702, -34.988934667644777 ], [ 150.585751106336119, -34.988943620823861 ], [ 150.585750378323212, -34.988952630049511 ], [ 150.585749705709134, -34.98896161784063 ], [ 150.585749077520035, -34.988970584880356 ], [ 150.585748488599677, -34.988979520248478 ], [ 150.585747928344773, -34.988988412014926 ], [ 150.585747391572653, -34.988997250160381 ], [ 150.585746868801181, -34.989006021875639 ], [ 150.585746352631787, -34.989014717998813 ], [ 150.585745835745257, -34.989023326665141 ], [ 150.585745308606505, -34.989031836867298 ], [ 150.585744766059378, -34.989040237685046 ], [ 150.585744197500475, -34.989048517188309 ], [ 150.585743595557688, -34.989056665314259 ], [ 150.585742953980116, -34.989064671120886 ], [ 150.585742263285539, -34.989072521798953 ], [ 150.585741516075359, -34.989080208186543 ], [ 150.585740705030446, -34.989087718418929 ], [ 150.585739821710376, -34.989095041510559 ], [ 150.585738858769474, -34.989102166497631 ], [ 150.585737807767373, -34.989109082394577 ], [ 150.585735893104783, -34.989119855623791 ], [ 150.5857333807771, -34.989131397634097 ], [ 150.585730453084096, -34.989142312971865 ], [ 150.585727064330086, -34.989152665633675 ], [ 150.585723163451405, -34.989162515903416 ], [ 150.585718702536298, -34.989171928635031 ], [ 150.58571363490006, -34.98918096419952 ], [ 150.585707911536161, -34.989189687429011 ], [ 150.585701482475571, -34.989198158629108 ], [ 150.585694302022432, -34.989206441796284 ], [ 150.585686319033584, -34.989214599917169 ], [ 150.585680488198932, -34.989220045968068 ], [ 150.585674243619508, -34.989225555903928 ], [ 150.5856677081361, -34.989231087095384 ], [ 150.585660934729731, -34.989236663133276 ], [ 150.585653973017827, -34.989242310245992 ], [ 150.585646875928461, -34.98924805382628 ], [ 150.585639695348021, -34.98925391744325 ], [ 150.585632483056884, -34.989259928269817 ], [ 150.585625289873121, -34.989266108952378 ], [ 150.585618168671914, -34.989272486685657 ], [ 150.585611170218442, -34.98927908591795 ], [ 150.585604346346031, -34.98928593202033 ], [ 150.585597750009413, -34.989293049484708 ], [ 150.585591431947194, -34.989300463660399 ], [ 150.585585442924526, -34.989308198995737 ], [ 150.585579836937967, -34.989316281806367 ], [ 150.585575142163663, -34.98932388513677 ], [ 150.585571288728488, -34.989330814682248 ], [ 150.585567683266703, -34.989337953795335 ], [ 150.585564316243193, -34.989345291468688 ], [ 150.585561177054643, -34.989352815772229 ], [ 150.585558251813296, -34.989360514710526 ], [ 150.585555530984152, -34.98936837727625 ], [ 150.585553002868977, -34.989376391517538 ], [ 150.585550656864456, -34.989384545504308 ], [ 150.585548480124714, -34.989392829064762 ], [ 150.585546463194021, -34.989401228488788 ], [ 150.585544593226615, -34.989409733604575 ], [ 150.585542859619011, -34.989418332482053 ], [ 150.585541250673145, -34.989427013169355 ], [ 150.58553975573264, -34.989435765538261 ], [ 150.585538363152267, -34.989444575835009 ], [ 150.585537062302166, -34.989453433030484 ], [ 150.585535840336462, -34.989462326952911 ], [ 150.585534686678216, -34.989471244771245 ], [ 150.585533590724026, -34.989480174555382 ], [ 150.585532524286464, -34.989489255472236 ], [ 150.585531512002035, -34.989498245516728 ], [ 150.58553053696545, -34.989507235400914 ], [ 150.585529595839517, -34.989516226861291 ], [ 150.58552868317696, -34.989525218888041 ], [ 150.585527796788284, -34.989534211437558 ], [ 150.585526931199695, -34.989543204400945 ], [ 150.585526083126979, -34.989552197712854 ], [ 150.585525247096285, -34.989561191264357 ], [ 150.5855244198234, -34.9895701849901 ], [ 150.585523596929335, -34.989579178802948 ], [ 150.585522772940266, -34.989588172594004 ], [ 150.58552194566667, -34.989597166319676 ], [ 150.585521109634783, -34.989606159871059 ], [ 150.585520261586794, -34.989615152281843 ], [ 150.585519395996016, -34.989624145244996 ], [ 150.585518509604583, -34.98963313779425 ], [ 150.585517598033533, -34.989642129842416 ], [ 150.585516656903764, -34.989651121302401 ], [ 150.585515681836256, -34.989660112087059 ], [ 150.585514569374141, -34.98966997636601 ], [ 150.585513527622282, -34.989678925257586 ], [ 150.585512459622436, -34.989687872725348 ], [ 150.585511370821905, -34.989696819779191 ], [ 150.585510266694456, -34.989705766528019 ], [ 150.585509152713911, -34.989714713080751 ], [ 150.585508034354007, -34.989723659546335 ], [ 150.585506917088566, -34.989732606033655 ], [ 150.585505805296663, -34.989741552629873 ], [ 150.585504705546754, -34.989750499465679 ], [ 150.58550362331269, -34.989759446650012 ], [ 150.585502562973488, -34.98976839426998 ], [ 150.585501531097748, -34.989777342456307 ], [ 150.585500533132745, -34.989786292218866 ], [ 150.585499573510504, -34.989795241842906 ], [ 150.585498657678357, -34.989804192338276 ], [ 150.585497792204848, -34.98981314383569 ], [ 150.585496981469078, -34.989822096422316 ], [ 150.58549623203956, -34.989831050228823 ], [ 150.585495548295398, -34.989840005342352 ], [ 150.585494925515377, -34.989849085170299 ], [ 150.585494372241925, -34.989858073529959 ], [ 150.585493874288659, -34.989867043158071 ], [ 150.585493425378218, -34.98987598401358 ], [ 150.585493014827676, -34.989884886869206 ], [ 150.585492636333214, -34.989893742584819 ], [ 150.585492281480896, -34.989902539273864 ], [ 150.585491940656112, -34.989911268631836 ], [ 150.585491607607992, -34.989919919716691 ], [ 150.585491273843104, -34.989928483344769 ], [ 150.585490930894593, -34.989936949431367 ], [ 150.585490570295519, -34.989945307891887 ], [ 150.585490185742032, -34.989953549586176 ], [ 150.585489766604184, -34.989961663485069 ], [ 150.585489305456861, -34.989969641327619 ], [ 150.585488796075595, -34.989977471270848 ], [ 150.585488227777518, -34.98998514408747 ], [ 150.585487594258751, -34.989992650637397 ], [ 150.585486887052355, -34.989999980835933 ], [ 150.585486097717848, -34.990007123697517 ], [ 150.585485004336249, -34.990015629840904 ], [ 150.585483254647329, -34.990026900351651 ], [ 150.585481225613961, -34.990037463059096 ], [ 150.58547890973918, -34.990047237583212 ], [ 150.585476298351864, -34.990056146225108 ], [ 150.585473381712603, -34.990064110363107 ], [ 150.585470150134995, -34.990071049573679 ], [ 150.585466597164015, -34.990076885300503 ], [ 150.585462710844325, -34.990081539779304 ], [ 150.585458483679162, -34.99008493263009 ], [ 150.585453907024061, -34.990086985253008 ], [ 150.585448971113379, -34.990087619927301 ], [ 150.585444879978127, -34.990087091388318 ], [ 150.58544027655708, -34.990085543910901 ], [ 150.585435547125712, -34.990083028452105 ], [ 150.585430765819865, -34.990079594265062 ], [ 150.585426000259673, -34.990075288670283 ], [ 150.585421322417773, -34.990070159976391 ], [ 150.585416802050872, -34.99006425734941 ], [ 150.585412510036832, -34.990057629076169 ], [ 150.585408518374635, -34.990050322564372 ], [ 150.585404895699668, -34.990042387859212 ], [ 150.58540171403726, -34.990033871467467 ], [ 150.585399044238642, -34.990024822576942 ], [ 150.585396954965432, -34.990015290331876 ], [ 150.585395518242791, -34.990005321239039 ] ] ] ] } },
{ "type": "Feature", "properties": { "OBJECTID": 24, "Comments": "Operational noise contour - OpContoursBuild2040Night", "FSource": "MOTTM - noise specialists model run for Rev B", "SourceDate": 20251027.0, "Supplier": "MOTTM", "path_windows": "C:\\Users\\bri86955\\Mott MacDonald\\MGO - Moata Geospatial - JBR2HR\\01Incoming\\20251024_Noise\\Noise shp files Rev B\\Noise Rev B figures\\Metadata\\OpContours\\OpContoursBuild2040Night.shp", "path_rootname": "OpContoursBuild2040Night", "IsoValue": 70, "shapefile_type": "shapefile_polygon", "SHAPE_Length": 153.31964832272726, "SHAPE_Area": 766.03922081670078 }, "geometry": { "type": "MultiPolygon", "coordinates": [ [ [ [ 150.585827927409923, -34.98838867476244 ], [ 150.585827428546708, -34.988384029480258 ], [ 150.585827257967367, -34.988377941166249 ], [ 150.585827579417042, -34.988371696771026 ], [ 150.585828355462723, -34.988365302761594 ], [ 150.58582955192918, -34.988358766571238 ], [ 150.58583113135694, -34.988352095567862 ], [ 150.585833058449566, -34.988345298063933 ], [ 150.585835298016576, -34.988338378768098 ], [ 150.585837813613807, -34.98833134777292 ], [ 150.585840570050721, -34.988324209787052 ], [ 150.585843529841497, -34.988316973079378 ], [ 150.585846658810965, -34.988309645083177 ], [ 150.585849919526197, -34.988302232265447 ], [ 150.585853276717302, -34.988294742037709 ], [ 150.585856695087926, -34.988287182712412 ], [ 150.585860138326439, -34.988279559877377 ], [ 150.585863571136542, -34.988271881845129 ], [ 150.58586695608534, -34.988264155082646 ], [ 150.585870257903053, -34.988256387001478 ], [ 150.585873442414623, -34.988248585034917 ], [ 150.585876471066086, -34.98824075652918 ], [ 150.585879309682326, -34.988232908917595 ], [ 150.585881921951852, -34.988225047788035 ], [ 150.585884725621895, -34.988215593062009 ], [ 150.585887053083439, -34.988206650812664 ], [ 150.58588909043894, -34.988197702791588 ], [ 150.585890862867387, -34.988188749499727 ], [ 150.585892392263645, -34.988179791372687 ], [ 150.585893703806761, -34.988170828911414 ], [ 150.585894820486288, -34.988161862573314 ], [ 150.585895765291752, -34.988152892815762 ], [ 150.585896563402173, -34.988143920139699 ], [ 150.585897237807103, -34.988134945002479 ], [ 150.585897812590787, -34.988125967883306 ], [ 150.585898310769124, -34.988116988338575 ], [ 150.585898756373524, -34.988108008649348 ], [ 150.585899172419857, -34.988099028372041 ], [ 150.585899584087088, -34.988090048007606 ], [ 150.585900014364711, -34.988081068013408 ], [ 150.58590048624211, -34.988072088846813 ], [ 150.585901023803558, -34.988063110986992 ], [ 150.585901652227903, -34.988054134934863 ], [ 150.58590239340981, -34.988045161126003 ], [ 150.585903542593371, -34.988033596497061 ], [ 150.585904565531081, -34.988024763514126 ], [ 150.585905702357167, -34.988015968855748 ], [ 150.585906942795532, -34.98800722674099 ], [ 150.585908280896092, -34.98799855327794 ], [ 150.585909706356404, -34.987989963586607 ], [ 150.58591121215801, -34.987981472852354 ], [ 150.585912786877316, -34.987973097074352 ], [ 150.585914423548843, -34.987964849636064 ], [ 150.585916114006665, -34.98795674750297 ], [ 150.585917849069432, -34.987948804915902 ], [ 150.585919619502988, -34.987941037917651 ], [ 150.585921417194243, -34.987933461671723 ], [ 150.585923234030219, -34.987926091341734 ], [ 150.585925059708387, -34.987918942047713 ], [ 150.585926887210519, -34.987912028975011 ], [ 150.585928707328833, -34.987905367265427 ], [ 150.585930511923863, -34.987898972983487 ], [ 150.585932290693165, -34.987892861249215 ], [ 150.585934036644943, -34.987887046347026 ], [ 150.585940141481331, -34.987868427145457 ], [ 150.585945613983483, -34.987854964391076 ], [ 150.585951365100556, -34.987844732638081 ], [ 150.585957748667454, -34.987837619030294 ], [ 150.585965121829702, -34.987833509875834 ], [ 150.58597383735389, -34.987832291395648 ], [ 150.585980238033443, -34.987832985756683 ], [ 150.585986762637702, -34.987834719272982 ], [ 150.585993564756819, -34.987837521142701 ], [ 150.586000476076549, -34.987841415962905 ], [ 150.586007330498575, -34.987846427473336 ], [ 150.586013957572021, -34.987852578425652 ], [ 150.586020190077306, -34.987859893438845 ], [ 150.586025859779369, -34.987868394407286 ], [ 150.586030797268933, -34.987878105906411 ], [ 150.586034836447169, -34.987889051676063 ], [ 150.586036530075631, -34.987895236096946 ], [ 150.586037901210489, -34.98790151055946 ], [ 150.58603902303588, -34.987908068532583 ], [ 150.586039902543632, -34.987914895731919 ], [ 150.586040551183828, -34.987921975257308 ], [ 150.586040978164107, -34.987929291966942 ], [ 150.586041191650366, -34.98793682889535 ], [ 150.586041201945022, -34.987944570922494 ], [ 150.586041018282231, -34.987952502005641 ], [ 150.586040648774912, -34.987960606981162 ], [ 150.586040104899695, -34.987968868048007 ], [ 150.586039393648235, -34.987977270921725 ], [ 150.586038525349466, -34.987985799581324 ], [ 150.58603751035875, -34.987994437104931 ], [ 150.586036355667829, -34.988003169208049 ], [ 150.586035072753361, -34.988011978089645 ], [ 150.58603366970172, -34.988020849487043 ], [ 150.586032156841895, -34.988029767379281 ], [ 150.586030541245037, -34.98803871477908 ], [ 150.586028835403113, -34.988047676609973 ], [ 150.586026283272588, -34.98806035278816 ], [ 150.586024437016448, -34.988069135137501 ], [ 150.586022539307265, -34.988077916463183 ], [ 150.586020601065883, -34.988086697883951 ], [ 150.586018635482105, -34.988095477859247 ], [ 150.586016652382057, -34.988104257486007 ], [ 150.586014663807845, -34.988113037003842 ], [ 150.586012680680398, -34.988121817531443 ], [ 150.586010716189435, -34.988130597528276 ], [ 150.586008780161166, -34.988139378091283 ], [ 150.586006884611265, -34.988148160361 ], [ 150.586005041634735, -34.988156942775092 ], [ 150.586003261057812, -34.988165726430516 ], [ 150.586001556017351, -34.988174511588639 ], [ 150.585999937434281, -34.988183299368188 ], [ 150.585998416308939, -34.988192088185045 ], [ 150.585997004657003, -34.988200879179772 ], [ 150.585995714520635, -34.9882096725919 ], [ 150.585994555726074, -34.988218469518408 ], [ 150.585993541463097, -34.988227268418754 ], [ 150.585992605431443, -34.988236872084926 ], [ 150.585991881286105, -34.988245825499391 ], [ 150.585991284818249, -34.988254758015685 ], [ 150.585990799977395, -34.988263656693881 ], [ 150.58599041066006, -34.988272510396015 ], [ 150.585990099720902, -34.988281306160403 ], [ 150.585989852124726, -34.988290033771769 ], [ 150.585989650726219, -34.98829868026845 ], [ 150.585989480543049, -34.988307233633272 ], [ 150.585989324376982, -34.988315682706457 ], [ 150.585989166150966, -34.988324015449052 ], [ 150.585988990909158, -34.988332218942979 ], [ 150.585988780332002, -34.988340282907558 ], [ 150.585988520558459, -34.988348194446509 ], [ 150.585988194416643, -34.988355941499087 ], [ 150.58598778580307, -34.988363512927265 ], [ 150.585987277545854, -34.988370896670354 ], [ 150.585986654689123, -34.988378079810225 ], [ 150.585985901102845, -34.988385052109798 ], [ 150.585985000762832, -34.988391799728269 ], [ 150.585983671287551, -34.9883997693155 ], [ 150.58598112995756, -34.988411256668094 ], [ 150.585977947156778, -34.988421797336358 ], [ 150.585974085432753, -34.988431323866372 ], [ 150.585969508348427, -34.988439771528853 ], [ 150.58596417631486, -34.988447071024389 ], [ 150.585958052921654, -34.988453156722748 ], [ 150.585951101784815, -34.988457962092653 ], [ 150.58594328547872, -34.988461418779153 ], [ 150.585934565377215, -34.988463462009328 ], [ 150.585924906244287, -34.988464023471728 ], [ 150.585918967955081, -34.98846365832776 ], [ 150.585912526161025, -34.988462758510941 ], [ 150.585905877087242, -34.988461345239614 ], [ 150.585899087169082, -34.988459431554546 ], [ 150.585892227141386, -34.988457033286544 ], [ 150.585885364454811, -34.988454166201038 ], [ 150.585878568775939, -34.988450845206089 ], [ 150.585871909797788, -34.988447084308852 ], [ 150.585865453823232, -34.988442901054938 ], [ 150.585859272787673, -34.98843830769318 ], [ 150.585853432994071, -34.988433321769193 ], [ 150.585848005229906, -34.98842795731197 ], [ 150.585843056945805, -34.988422230087032 ], [ 150.585838656739753, -34.9884161540798 ], [ 150.585834875319989, -34.988409746022086 ], [ 150.585831781284469, -34.988403019899323 ], [ 150.585829442110054, -34.988395990576095 ], [ 150.585827927409923, -34.98838867476244 ] ] ] ] } },
{ "type": "Feature", "properties": { "OBJECTID": 25, "Comments": "Operational noise contour - OpContoursBuild2040Night", "FSource": "MOTTM - noise specialists model run for Rev B", "SourceDate": 20251027.0, "Supplier": "MOTTM", "path_windows": "C:\\Users\\bri86955\\Mott MacDonald\\MGO - Moata Geospatial - JBR2HR\\01Incoming\\20251024_Noise\\Noise shp files Rev B\\Noise Rev B figures\\Metadata\\OpContours\\OpContoursBuild2040Night.shp", "path_rootname": "OpContoursBuild2040Night", "IsoValue": 70, "shapefile_type": "shapefile_polygon", "SHAPE_Length": 207.28234819859793, "SHAPE_Area": 505.1309337393941 }, "geometry": { "type": "MultiPolygon", "coordinates": [ [ [ [ 150.586155424194828, -34.987508450288495 ], [ 150.586155831478635, -34.987499282328891 ], [ 150.586156470982246, -34.98749063643244 ], [ 150.586157364700853, -34.987481987479747 ], [ 150.586158515892066, -34.987473336437098 ], [ 150.586159931071279, -34.987464685237008 ], [ 150.586161614590822, -34.987456034867506 ], [ 150.586163569681929, -34.98744738719585 ], [ 150.586165803981118, -34.987438743275355 ], [ 150.586168319598357, -34.987430105852397 ], [ 150.586171123075474, -34.987421475958556 ], [ 150.586174218764882, -34.987412854581891 ], [ 150.586177612060681, -34.987404244534062 ], [ 150.586181306246971, -34.987395645880348 ], [ 150.586185307839116, -34.98738706055331 ], [ 150.586189621136583, -34.987378491342845 ], [ 150.586194251586392, -34.98736993925872 ], [ 150.586199202472699, -34.987361404366247 ], [ 150.586204479163143, -34.987352890378027 ], [ 150.586210088225982, -34.98734439742465 ], [ 150.586216031771272, -34.987335928252492 ], [ 150.586222317461932, -34.987327483013928 ], [ 150.586228504376891, -34.987319603736161 ], [ 150.586233827122641, -34.987313101841941 ], [ 150.586239311569528, -34.987306613981644 ], [ 150.586244940254829, -34.987300138004947 ], [ 150.586250691257419, -34.987293674377263 ], [ 150.586256546046428, -34.987287220025536 ], [ 150.586262483795508, -34.987280775436943 ], [ 150.586268485920812, -34.987274339340331 ], [ 150.58627453058071, -34.987267909498307 ], [ 150.586280600206635, -34.987261487364336 ], [ 150.586286671915246, -34.987255068877325 ], [ 150.586292728137948, -34.987248655490781 ], [ 150.586298748127945, -34.987242244989076 ], [ 150.586304712206612, -34.987235836079286 ], [ 150.586310600668924, -34.987229428369488 ], [ 150.586316392741537, -34.987223020545009 ], [ 150.58632206981423, -34.98721661223567 ], [ 150.586327610045345, -34.9872102012041 ], [ 150.586332995919378, -34.987203787101912 ], [ 150.586338204447145, -34.987197369471865 ], [ 150.586343219260698, -34.987190946185443 ], [ 150.586348017370852, -34.987184516785433 ], [ 150.586352581288565, -34.98717808002246 ], [ 150.586356889145833, -34.987171634560141 ], [ 150.586360922332403, -34.987165180028327 ], [ 150.586364660074992, -34.987158715112386 ], [ 150.586368082695174, -34.987152238519442 ], [ 150.586373404250054, -34.987140591905842 ], [ 150.58637672704981, -34.987131882188997 ], [ 150.58637954109318, -34.987123152436332 ], [ 150.586381884642861, -34.987114405211905 ], [ 150.586383794919499, -34.987105641256072 ], [ 150.586385312428007, -34.987096861374553 ], [ 150.586386473267993, -34.987088067186868 ], [ 150.586387319012545, -34.987079260421389 ], [ 150.586387885787644, -34.987070441796753 ], [ 150.586388211882223, -34.987061612975985 ], [ 150.586388337801139, -34.987052774764756 ], [ 150.586388300738548, -34.987043928804361 ], [ 150.586388138983352, -34.987035076757849 ], [ 150.586387890877319, -34.987026218486427 ], [ 150.586387595777609, -34.987017356575841 ], [ 150.586387291973011, -34.987008492689164 ], [ 150.58638701780535, -34.986999626687549 ], [ 150.58638681156333, -34.986990760234086 ], [ 150.586386711535823, -34.986981894991793 ], [ 150.586386757106254, -34.986973032645544 ], [ 150.586387063768285, -34.986961844291237 ], [ 150.586387501487025, -34.986952981631795 ], [ 150.586388096802551, -34.986944160870252 ], [ 150.586388838185542, -34.986935401609607 ], [ 150.58638971533361, -34.986926718969933 ], [ 150.586390713433332, -34.98691813248891 ], [ 150.58639182218235, -34.98690965728661 ], [ 150.586393030051369, -34.98690131296604 ], [ 150.586394325616936, -34.986893115526442 ], [ 150.586395695239617, -34.986885081824454 ], [ 150.586397127416689, -34.98687723056215 ], [ 150.586398611766441, -34.986869579562402 ], [ 150.586400134702444, -34.986862143879982 ], [ 150.586401685790122, -34.986854943139669 ], [ 150.586403252511388, -34.986847993318953 ], [ 150.586404822295123, -34.986841312197171 ], [ 150.586406384759755, -34.986834917597228 ], [ 150.586407926265906, -34.986828826375763 ], [ 150.586409436432035, -34.986823056355689 ], [ 150.586410901618819, -34.986817624393645 ], [ 150.586417922523765, -34.986794622405839 ], [ 150.586424233725609, -34.986780718359995 ], [ 150.586431256850943, -34.986773306437478 ], [ 150.586440015118427, -34.986771225162997 ], [ 150.586445951722482, -34.98677201664082 ], [ 150.586452756983846, -34.986774448041984 ], [ 150.586459843849298, -34.986778741170596 ], [ 150.586466874808821, -34.986785124597262 ], [ 150.586473513499925, -34.986793825112514 ], [ 150.586479425775906, -34.986805068649566 ], [ 150.586484274126292, -34.986819083779167 ], [ 150.586485651952188, -34.986824646209669 ], [ 150.586486860884406, -34.986830551445351 ], [ 150.586487902493815, -34.986836783291032 ], [ 150.586488777336058, -34.9868433228269 ], [ 150.586489484845458, -34.986850152012309 ], [ 150.586490027740638, -34.986857252871921 ], [ 150.586490405482323, -34.986864606464145 ], [ 150.586490617531382, -34.986872193847404 ], [ 150.58649066764815, -34.986879998869981 ], [ 150.586490554225264, -34.986888001667616 ], [ 150.586490277818115, -34.986896183320468 ], [ 150.586489841092458, -34.986904527655085 ], [ 150.586489243535482, -34.986913014828922 ], [ 150.586488485676313, -34.986921626823133 ], [ 150.586487568043992, -34.986930345618774 ], [ 150.586486492262367, -34.986939153218813 ], [ 150.586485257792248, -34.986948030681596 ], [ 150.586483867378604, -34.986956959130858 ], [ 150.586482319334635, -34.98696592140513 ], [ 150.586480616378878, -34.986974899529031 ], [ 150.586479252078306, -34.98698155859617 ], [ 150.586477345387152, -34.986990200926776 ], [ 150.586475276676651, -34.986998840034801 ], [ 150.586473034973039, -34.987007476603416 ], [ 150.58647060938199, -34.987016108612984 ], [ 150.58646799002446, -34.98702473676849 ], [ 150.586465167047891, -34.987033360873916 ], [ 150.58646212950498, -34.987041980711531 ], [ 150.586458865353734, -34.987050596041811 ], [ 150.586455365836258, -34.98705920669051 ], [ 150.586451621073564, -34.987067813362593 ], [ 150.586447617981776, -34.987076413994863 ], [ 150.586443348871285, -34.987085009335807 ], [ 150.586438801700098, -34.987093599145894 ], [ 150.586433965520825, -34.987102183207327 ], [ 150.58642883157566, -34.987110761345875 ], [ 150.586423387822521, -34.987119333321978 ], [ 150.586417624382307, -34.987127899840573 ], [ 150.586411530360664, -34.987136458881963 ], [ 150.586405096973152, -34.987145011172871 ], [ 150.586398311083087, -34.987153556451901 ], [ 150.586392105150281, -34.987161002655263 ], [ 150.586386670361719, -34.987167292285939 ], [ 150.586381081242621, -34.987173577945121 ], [ 150.586375357445036, -34.987179861826654 ], [ 150.586369517632193, -34.987186142498757 ], [ 150.586363582577405, -34.987192421276127 ], [ 150.586357569769746, -34.987198699408076 ], [ 150.586351500061937, -34.987204975506415 ], [ 150.586345393106086, -34.987211251765011 ], [ 150.586339267565421, -34.98721752675214 ], [ 150.58633314202379, -34.987223801738892 ], [ 150.586327037254563, -34.987230078039993 ], [ 150.586320971920912, -34.98723635422369 ], [ 150.586314965675115, -34.98724263248387 ], [ 150.586309037180285, -34.987248911388832 ], [ 150.58630320720988, -34.987255192253272 ], [ 150.586297494347775, -34.987261476348337 ], [ 150.586291917257228, -34.987267762242304 ], [ 150.586286495616861, -34.987274051228155 ], [ 150.586281250200102, -34.987280344620565 ], [ 150.586276198575433, -34.987286640966111 ], [ 150.586271360395159, -34.987292942458652 ], [ 150.586266756511947, -34.987299247710077 ], [ 150.586262404415066, -34.987305557969776 ], [ 150.586258324877889, -34.987311874552454 ], [ 150.586254536563729, -34.987318196026465 ], [ 150.586251059124862, -34.987324524585688 ], [ 150.586247911224547, -34.987330858798451 ], [ 150.58624508345352, -34.987337257974652 ], [ 150.586241804690815, -34.987345884726466 ], [ 150.586239092995925, -34.987354522758245 ], [ 150.586236902416886, -34.987363170254483 ], [ 150.586235188043645, -34.987371827223363 ], [ 150.586233904992525, -34.987380492772026 ], [ 150.586233007338024, -34.987389164184044 ], [ 150.586232450143484, -34.987397842368466 ], [ 150.586232189619977, -34.987406526454272 ], [ 150.586232178747196, -34.987415213703173 ], [ 150.586232372614887, -34.987423904123283 ], [ 150.586232727434037, -34.987432596843583 ], [ 150.586233197226107, -34.987441290949434 ], [ 150.58623373603902, -34.987449984625307 ], [ 150.586234300057214, -34.987458677901074 ], [ 150.586234843302094, -34.987467369862145 ], [ 150.586235320942706, -34.987476057813794 ], [ 150.586235686947475, -34.987484742643296 ], [ 150.586235897553735, -34.987493422578673 ], [ 150.586235907877494, -34.98750209672707 ], [ 150.586235670871872, -34.98751076325118 ], [ 150.586235294339559, -34.987517467204306 ], [ 150.586234562929633, -34.987526072509915 ], [ 150.586233569806581, -34.987534600491905 ], [ 150.586232332581972, -34.987543010934452 ], [ 150.586230866677937, -34.98755126357819 ], [ 150.586229188584895, -34.987559319086486 ], [ 150.586227314766802, -34.987567139023604 ], [ 150.586225260672308, -34.987574682229223 ], [ 150.586223044981324, -34.98758190941026 ], [ 150.586220681968399, -34.98758878208745 ], [ 150.586218189271619, -34.987595259144022 ], [ 150.586215583328652, -34.987601303045238 ], [ 150.586212879614578, -34.987606871729831 ], [ 150.586210094593554, -34.987611926762092 ], [ 150.586207245824284, -34.987616429728121 ], [ 150.586204349876795, -34.987620338588421 ], [ 150.586201420999231, -34.987623615764704 ], [ 150.586198477898023, -34.987626221062939 ], [ 150.586195535995586, -34.987628114223774 ], [ 150.586192611755962, -34.987629256811509 ], [ 150.586189721696229, -34.98762960858857 ], [ 150.586188265569319, -34.98762947234777 ], [ 150.586185417499308, -34.987628580931634 ], [ 150.586182636451326, -34.987626899358141 ], [ 150.586179932155488, -34.987624469288498 ], [ 150.586177315516153, -34.98762132970279 ], [ 150.586174795115767, -34.987617524042321 ], [ 150.586172381805653, -34.987613093089081 ], [ 150.586170085342388, -34.987608077603333 ], [ 150.586167915482577, -34.987602518345291 ], [ 150.586165883051024, -34.987596456997906 ], [ 150.586163997751356, -34.987589936123292 ], [ 150.586162269393071, -34.987582994679812 ], [ 150.586160707679738, -34.987575675229564 ], [ 150.586159323462596, -34.987568018554597 ], [ 150.586158125350494, -34.987560067195204 ], [ 150.586157124247563, -34.987551860131504 ], [ 150.586156330952178, -34.987543439947409 ], [ 150.586155754126025, -34.987534847381383 ], [ 150.586155403472645, -34.987526124995497 ], [ 150.586155289896141, -34.987517311769921 ], [ 150.586155424194828, -34.987508450288495 ] ] ] ] } },
{ "type": "Feature", "properties": { "OBJECTID": 26, "Comments": "Operational noise contour - OpContoursBuild2040Night", "FSource": "MOTTM - noise specialists model run for Rev B", "SourceDate": 20251027.0, "Supplier": "MOTTM", "path_windows": "C:\\Users\\bri86955\\Mott MacDonald\\MGO - Moata Geospatial - JBR2HR\\01Incoming\\20251024_Noise\\Noise shp files Rev B\\Noise Rev B figures\\Metadata\\OpContours\\OpContoursBuild2040Night.shp", "path_rootname": "OpContoursBuild2040Night", "IsoValue": 70, "shapefile_type": "shapefile_polygon", "SHAPE_Length": 250.96435476368822, "SHAPE_Area": 1365.1565947394906 }, "geometry": { "type": "MultiPolygon", "coordinates": [ [ [ [ 150.58661925626032, -34.98643456904982 ], [ 150.586619422007317, -34.986428849814196 ], [ 150.586619896126223, -34.986420425089626 ], [ 150.586620643622609, -34.986411978758035 ], [ 150.586621660143948, -34.986403509831376 ], [ 150.586622939042513, -34.986395020881822 ], [ 150.586624476981143, -34.98638651364594 ], [ 150.586626270675652, -34.986377988058408 ], [ 150.586628313451854, -34.986369447592338 ], [ 150.586630603120227, -34.986360892204182 ], [ 150.586633134154198, -34.986352323586942 ], [ 150.586635903243121, -34.986343742576231 ], [ 150.586638903739271, -34.986335151744242 ], [ 150.586642133426693, -34.986326551948338 ], [ 150.586645587873534, -34.986317944903291 ], [ 150.586649260458586, -34.986309332280349 ], [ 150.586653148992298, -34.986300714035956 ], [ 150.586657247921664, -34.986292092764025 ], [ 150.586661553936096, -34.986283469300211 ], [ 150.586666061482532, -34.986274846238409 ], [ 150.586670767276843, -34.986266223513312 ], [ 150.586675665792399, -34.986257602817915 ], [ 150.586678572912803, -34.98625263944632 ], [ 150.586683097734635, -34.986245106604727 ], [ 150.586687750742755, -34.986237572706436 ], [ 150.58669252112233, -34.986230033028981 ], [ 150.586697397952605, -34.98622248645367 ], [ 150.586702373676388, -34.986214929224353 ], [ 150.586707435236463, -34.986207358376909 ], [ 150.586712575022744, -34.986199771957018 ], [ 150.586717781125685, -34.986192165220494 ], [ 150.586723044787504, -34.986184537993154 ], [ 150.586728355219805, -34.986176884651599 ], [ 150.586733702596632, -34.986169204098942 ], [ 150.58673907607664, -34.986161492513695 ], [ 150.586744466955082, -34.986153747919801 ], [ 150.586749864364151, -34.986145967396709 ], [ 150.586755258557275, -34.986138147144693 ], [ 150.586760639761422, -34.986130284264995 ], [ 150.586765995987605, -34.986122376716246 ], [ 150.586771319652229, -34.986114421643236 ], [ 150.586776599887628, -34.986106416125409 ], [ 150.586781825852398, -34.986098356341287 ], [ 150.586786987747132, -34.986090240293066 ], [ 150.586792075798769, -34.986082065081995 ], [ 150.586797079139558, -34.986073827787514 ], [ 150.586802359062915, -34.986064900058231 ], [ 150.586806900244483, -34.986057033091285 ], [ 150.58681137805408, -34.986049123396242 ], [ 150.586815798848306, -34.986041178311297 ], [ 150.586820172320927, -34.986033203438019 ], [ 150.586824508112642, -34.986025206179946 ], [ 150.586828814796036, -34.986017193017823 ], [ 150.586833100917147, -34.986009171333357 ], [ 150.586837375022043, -34.986001148508286 ], [ 150.586841645709654, -34.985993130122438 ], [ 150.586845922620768, -34.98598512357929 ], [ 150.586850213206731, -34.98597713623878 ], [ 150.58685452716125, -34.985969173702507 ], [ 150.586858873003848, -34.985961244253126 ], [ 150.586863260401799, -34.985953354393175 ], [ 150.586867696859315, -34.985945509680683 ], [ 150.586872190896059, -34.985937718398318 ], [ 150.586876753273856, -34.985929987070385 ], [ 150.586881390349362, -34.985922323035027 ], [ 150.586886112937435, -34.985914731014688 ], [ 150.586890928410014, -34.985907221072075 ], [ 150.58689584651367, -34.985899797006937 ], [ 150.58690087464683, -34.98589246798106 ], [ 150.586906022529604, -34.985885238695076 ], [ 150.586911299749858, -34.985878118354343 ], [ 150.586914745163426, -34.985873622726153 ], [ 150.586920868153015, -34.985865899893888 ], [ 150.58692713327244, -34.985858297980251 ], [ 150.586933520039679, -34.985850805760272 ], [ 150.586940012404426, -34.985843410294201 ], [ 150.586946588816346, -34.985836099434337 ], [ 150.586953233278081, -34.985828858439049 ], [ 150.586959926402301, -34.985821676105132 ], [ 150.586966649949346, -34.985814539449315 ], [ 150.586973384584752, -34.985807435466526 ], [ 150.586980112068801, -34.985800351173445 ], [ 150.586986815230091, -34.985793274509547 ], [ 150.586993474760646, -34.985786191568806 ], [ 150.587000071273167, -34.985779091148054 ], [ 150.587006587649114, -34.985771959384877 ], [ 150.587013004554052, -34.985764783274227 ], [ 150.587019303695456, -34.985757551634734 ], [ 150.587025466886473, -34.985750249681217 ], [ 150.587031475861011, -34.98574286533136 ], [ 150.5870373112582, -34.985735386481124 ], [ 150.587042954838381, -34.985727800147231 ], [ 150.587048388361836, -34.98572009334643 ], [ 150.587053593588934, -34.985712253095471 ], [ 150.587060006967931, -34.985701838830764 ], [ 150.587064319730018, -34.985694326095953 ], [ 150.587068438522664, -34.985686741893673 ], [ 150.587072370321266, -34.985679109800877 ], [ 150.587076122127513, -34.98567145249357 ], [ 150.58707970209079, -34.985663790867626 ], [ 150.587083117159949, -34.985656149400924 ], [ 150.587086374363167, -34.98564854986855 ], [ 150.58708947963396, -34.985641014023763 ], [ 150.587092443205307, -34.985633566409753 ], [ 150.587095268874208, -34.985626226934379 ], [ 150.587097966873614, -34.985619020140838 ], [ 150.587100542068754, -34.9856119668597 ], [ 150.587103002503227, -34.985605091590593 ], [ 150.587105355231643, -34.98559841520764 ], [ 150.587107608350522, -34.985591960408577 ], [ 150.58710976883512, -34.985585750770369 ], [ 150.587111843713615, -34.985579808068046 ], [ 150.587113838919578, -34.985574154054881 ], [ 150.587115763591214, -34.985568813252264 ], [ 150.587117623714931, -34.985563805611619 ], [ 150.58711942730784, -34.985559156533526 ], [ 150.587121180356291, -34.98555488596935 ], [ 150.587122892025036, -34.985551017539564 ], [ 150.587130635284296, -34.985538135345685 ], [ 150.587137423805871, -34.985534343524662 ], [ 150.587142965728901, -34.985538950254444 ], [ 150.58714705927585, -34.985551068082195 ], [ 150.587149500452142, -34.985569810412343 ], [ 150.587149835397327, -34.985575526985329 ], [ 150.587150052467365, -34.985581453060007 ], [ 150.587150163513058, -34.985587670004342 ], [ 150.587150173838836, -34.98559414637235 ], [ 150.587150087707414, -34.985600848894379 ], [ 150.587149909328531, -34.985607746102687 ], [ 150.587149645154284, -34.985614804771153 ], [ 150.587149299394468, -34.985621993432034 ], [ 150.587148875164161, -34.985629280595802 ], [ 150.587148378941919, -34.985636632135389 ], [ 150.587147814937509, -34.985644016583073 ], [ 150.587147187360728, -34.985651402471078 ], [ 150.587146501568924, -34.985658756551516 ], [ 150.587145761771978, -34.985666047356673 ], [ 150.58714497332727, -34.985673241638636 ], [ 150.587144139349874, -34.985680307907892 ], [ 150.587143266265485, -34.985687213839299 ], [ 150.587142358310331, -34.98569392706414 ], [ 150.587141419747155, -34.985700414312781 ], [ 150.587140455854041, -34.985706645040175 ], [ 150.587136444529364, -34.985727993227329 ], [ 150.587132988949321, -34.985741156296932 ], [ 150.587128695820127, -34.985753186692207 ], [ 150.587123282688424, -34.985764489867087 ], [ 150.587116464964225, -34.985775469430102 ], [ 150.587107960193777, -34.985786530835036 ], [ 150.587097483707055, -34.98579808039289 ], [ 150.587090565792096, -34.985805010360522 ], [ 150.58708529357915, -34.985810095289267 ], [ 150.587079760575477, -34.985815332789343 ], [ 150.587074008326937, -34.985820725489759 ], [ 150.587068081690006, -34.985826275183932 ], [ 150.587062023278861, -34.985831985423623 ], [ 150.587055875734109, -34.985837858859625 ], [ 150.587049683859362, -34.985843899087278 ], [ 150.587043490321719, -34.985850107856443 ], [ 150.587037337708892, -34.985856489619877 ], [ 150.587031269782784, -34.985863046149255 ], [ 150.587025329157541, -34.985869780996396 ], [ 150.587019559568603, -34.985876696833927 ], [ 150.587014003656719, -34.985883796312748 ], [ 150.587008706225532, -34.985891083028235 ], [ 150.587003708847504, -34.985898558708541 ], [ 150.586999056326448, -34.985906226949091 ], [ 150.586994790181876, -34.985914091279923 ], [ 150.58699122351166, -34.985921523292134 ], [ 150.58698800651689, -34.98592909567526 ], [ 150.586985103823196, -34.985936819444987 ], [ 150.586982491585047, -34.985944686013944 ], [ 150.58698014269936, -34.985952685828501 ], [ 150.586978032199454, -34.985960811180405 ], [ 150.586976136213394, -34.985969054383219 ], [ 150.586974429853854, -34.985977405025892 ], [ 150.586972885964826, -34.985985855356667 ], [ 150.586971481795501, -34.985994396809865 ], [ 150.586970190189703, -34.986003021633749 ], [ 150.586968988423166, -34.986011720361738 ], [ 150.586967849366175, -34.98602048434109 ], [ 150.586966748052021, -34.986029305863582 ], [ 150.586965660661633, -34.986038175440846 ], [ 150.586964560038865, -34.986047085321111 ], [ 150.586963423432849, -34.986056026938748 ], [ 150.58696222483502, -34.986064990761811 ], [ 150.586960939252151, -34.986073969983032 ], [ 150.586959540702196, -34.986082954169568 ], [ 150.586958744568932, -34.986087723341754 ], [ 150.586957190127606, -34.986096458326855 ], [ 150.586955519239552, -34.986105167558065 ], [ 150.586953743327996, -34.986113835036079 ], [ 150.586951871573774, -34.986122446519936 ], [ 150.586949913237163, -34.986130985065834 ], [ 150.586947877499028, -34.986139436432822 ], [ 150.586945774661388, -34.986147785500776 ], [ 150.586943615052803, -34.986156016248614 ], [ 150.58694140678594, -34.986164113512672 ], [ 150.586939161231072, -34.986172063095523 ], [ 150.586936886553815, -34.986179848031597 ], [ 150.586934593029781, -34.986187454101753 ], [ 150.586932290961045, -34.986194866185826 ], [ 150.586929988486759, -34.986202068219235 ], [ 150.586927697003745, -34.986209045103607 ], [ 150.586925424624695, -34.986215781675284 ], [ 150.586923181651713, -34.986222262814131 ], [ 150.586920977292152, -34.986228473378283 ], [ 150.586918821848229, -34.986234398247596 ], [ 150.586916724580192, -34.986240020478306 ], [ 150.586911933038778, -34.986252273531711 ], [ 150.586904909290524, -34.986268141262244 ], [ 150.586897459396027, -34.986281846905619 ], [ 150.586888786528903, -34.986294601516725 ], [ 150.586878094956546, -34.986307616171892 ], [ 150.586864590066398, -34.986322101067948 ], [ 150.586861819927947, -34.986324936092807 ], [ 150.586857120427339, -34.986329688939414 ], [ 150.586852157293407, -34.986334653797357 ], [ 150.586846954794964, -34.986339824838922 ], [ 150.586841535117145, -34.986345192589106 ], [ 150.586835923570618, -34.986350753043872 ], [ 150.586830141219309, -34.986356497607382 ], [ 150.58682421235855, -34.986362419551021 ], [ 150.586818159067661, -34.986368513003555 ], [ 150.586812006789614, -34.986374769456212 ], [ 150.586805776482549, -34.986381183917011 ], [ 150.58679949249472, -34.986387747855417 ], [ 150.586793178000221, -34.986394455421987 ], [ 150.586786856199666, -34.98640129986638 ], [ 150.586780549225381, -34.986408273515487 ], [ 150.586774282467388, -34.986415369662481 ], [ 150.58676807693692, -34.986422581513501 ], [ 150.586761958023999, -34.986429902361699 ], [ 150.586755946739856, -34.98643732541322 ], [ 150.586750068474572, -34.986444843961245 ], [ 150.586745022091407, -34.986451524459369 ], [ 150.586739502679052, -34.986459057355283 ], [ 150.586734125763883, -34.986466586774561 ], [ 150.586728888289684, -34.986474067582904 ], [ 150.586723786158615, -34.986481452822453 ], [ 150.586718814177971, -34.986488695513465 ], [ 150.586713969344629, -34.98649574871979 ], [ 150.586709246439426, -34.986502566362695 ], [ 150.586704641391037, -34.986509100583291 ], [ 150.586700151143305, -34.98651530624732 ], [ 150.586695771624846, -34.986521135495892 ], [ 150.586691497616613, -34.986526542250267 ], [ 150.586687326141885, -34.986531478673356 ], [ 150.586683251955236, -34.986535899587317 ], [ 150.586679270958768, -34.986539758034233 ], [ 150.586675380149359, -34.986543007077955 ], [ 150.586671574360906, -34.986545598837814 ], [ 150.586667849442676, -34.986547488157782 ], [ 150.586664202391518, -34.986548628101701 ], [ 150.586660628014897, -34.986548971689857 ], [ 150.586655723569208, -34.986548057416961 ], [ 150.586652247305494, -34.98654640259408 ], [ 150.586648874024803, -34.986543963737333 ], [ 150.586645616662253, -34.986540785276063 ], [ 150.586642487058214, -34.986536911617783 ], [ 150.586639498147747, -34.986532387191779 ], [ 150.58663666283951, -34.986527257328348 ], [ 150.586633994121399, -34.986521564654851 ], [ 150.586631504875555, -34.986515355402496 ], [ 150.586629206995156, -34.986508672176917 ], [ 150.586627113362368, -34.986501561209337 ], [ 150.586625238059725, -34.986494065148918 ], [ 150.586623591779869, -34.986486230183282 ], [ 150.5866221885789, -34.98647809986258 ], [ 150.586621040323564, -34.986469717693389 ], [ 150.58662015989583, -34.986461129906907 ], [ 150.586619561378285, -34.986452379152283 ], [ 150.586619255489921, -34.986443510716228 ], [ 150.58661925626032, -34.98643456904982 ] ] ] ] } },
{ "type": "Feature", "properties": { "OBJECTID": 27, "Comments": "Operational noise contour - OpContoursBuild2040Night", "FSource": "MOTTM - noise specialists model run for Rev B", "SourceDate": 20251027.0, "Supplier": "MOTTM", "path_windows": "C:\\Users\\bri86955\\Mott MacDonald\\MGO - Moata Geospatial - JBR2HR\\01Incoming\\20251024_Noise\\Noise shp files Rev B\\Noise Rev B figures\\Metadata\\OpContours\\OpContoursBuild2040Night.shp", "path_rootname": "OpContoursBuild2040Night", "IsoValue": 70, "shapefile_type": "shapefile_polygon", "SHAPE_Length": 345.32150534255999, "SHAPE_Area": 1247.0048042055651 }, "geometry": { "type": "MultiPolygon", "coordinates": [ [ [ [ 150.587342277784643, -34.985199932585388 ], [ 150.587343099577254, -34.985183541261762 ], [ 150.587344156801123, -34.985172712184024 ], [ 150.587345729054704, -34.985162323347602 ], [ 150.587347917843459, -34.985152349726512 ], [ 150.587350825846897, -34.985142763613666 ], [ 150.587354555638626, -34.9851335409058 ], [ 150.587359208724052, -34.985124656576836 ], [ 150.58736488775611, -34.985116083820571 ], [ 150.587371694240119, -34.98510779761088 ], [ 150.587379729707834, -34.985099772020646 ], [ 150.58738909788039, -34.985091981166185 ], [ 150.587393545860749, -34.985088703509774 ], [ 150.587399604683583, -34.985084543788638 ], [ 150.587406019504527, -34.985080420893567 ], [ 150.58741274364823, -34.985076320374461 ], [ 150.58741973374984, -34.985072226945604 ], [ 150.587426945323443, -34.985068126200396 ], [ 150.587434332814809, -34.985064002809615 ], [ 150.587441852859115, -34.985059841487555 ], [ 150.587449459875756, -34.985055627805892 ], [ 150.587457109378761, -34.985051347358151 ], [ 150.587464756908616, -34.985046984836849 ], [ 150.587472358032329, -34.985042524033645 ], [ 150.587479868211005, -34.98503795234393 ], [ 150.587487241916932, -34.985033253537573 ], [ 150.587494435758884, -34.985028413229891 ], [ 150.587501404182689, -34.985023416091735 ], [ 150.58750810160771, -34.98501824769491 ], [ 150.587514485763904, -34.985012892775529 ], [ 150.587520511097154, -34.985007336004514 ], [ 150.587526133121514, -34.98500156297542 ], [ 150.587531306256466, -34.984995559260071 ], [ 150.587536248320845, -34.984988956881622 ], [ 150.587540599454826, -34.984982223760788 ], [ 150.587544481677639, -34.984975270373447 ], [ 150.587547922816867, -34.984968118908199 ], [ 150.587550952889416, -34.984960791597111 ], [ 150.587553604128033, -34.984953309814827 ], [ 150.58755590433384, -34.98494569665084 ], [ 150.587557885713181, -34.984937974380749 ], [ 150.587559576093554, -34.984930165193077 ], [ 150.587561006613015, -34.984922290440707 ], [ 150.587562208356701, -34.984914373278386 ], [ 150.587563210273288, -34.984906435015446 ], [ 150.587564042353222, -34.984898498784908 ], [ 150.587564735734503, -34.984890585939603 ], [ 150.58756531931283, -34.984882719590765 ], [ 150.58756582313157, -34.984874921069476 ], [ 150.587566279396924, -34.984867212651338 ], [ 150.587566714841671, -34.98485961650308 ], [ 150.587567162740243, -34.984852155822963 ], [ 150.587567650946511, -34.984844851898565 ], [ 150.58756889649996, -34.984830366591495 ], [ 150.587570202113881, -34.984819395508943 ], [ 150.587571872677728, -34.984808865288969 ], [ 150.587573985401747, -34.984798757634188 ], [ 150.587576619579693, -34.984789057894481 ], [ 150.587579851327092, -34.98477974775065 ], [ 150.587583758843039, -34.98477081253079 ], [ 150.587588418242916, -34.984762233915681 ], [ 150.587593908846884, -34.984753996354172 ], [ 150.58760030781221, -34.984746083350643 ], [ 150.587607692296018, -34.98473847840939 ], [ 150.587616139455577, -34.984731165034745 ], [ 150.587624567098999, -34.984724889765523 ], [ 150.587631031633293, -34.984720527153172 ], [ 150.587637830677551, -34.984716224377202 ], [ 150.587644914510435, -34.984711958813804 ], [ 150.587652234426059, -34.984707710563796 ], [ 150.587659738513764, -34.984703456959892 ], [ 150.587667376972917, -34.984699178081129 ], [ 150.587675101124006, -34.984694853127444 ], [ 150.58768285902994, -34.984690460332516 ], [ 150.587690603132415, -34.98468597801709 ], [ 150.587698281441391, -34.984681386216764 ], [ 150.587705844209182, -34.984676663208766 ], [ 150.587713242756308, -34.984671788193076 ], [ 150.587720425119215, -34.984666740304384 ], [ 150.587727343739573, -34.984661497863485 ], [ 150.587733945585654, -34.984656039082402 ], [ 150.587740183046265, -34.984650344083846 ], [ 150.587746005252541, -34.9846443920243 ], [ 150.587751361388598, -34.984638160258378 ], [ 150.58775608868936, -34.984631820435872 ], [ 150.587760348032162, -34.984625227913689 ], [ 150.587764179814826, -34.984618387100852 ], [ 150.587767609834174, -34.984611314736668 ], [ 150.587770667170957, -34.984604027625728 ], [ 150.587773379811324, -34.98459654255084 ], [ 150.587775775741392, -34.984588876294843 ], [ 150.587777884041941, -34.984581045662303 ], [ 150.587779731604371, -34.984573067414267 ], [ 150.587781346388397, -34.98456495923449 ], [ 150.587782758569432, -34.984556737949276 ], [ 150.587783992875956, -34.984548419375216 ], [ 150.587785080578129, -34.984540020360413 ], [ 150.58778604741974, -34.984531559445976 ], [ 150.58778692250803, -34.984523052535557 ], [ 150.587787733855407, -34.984514515510995 ], [ 150.587788509395097, -34.984505966956952 ], [ 150.587789277139535, -34.984497422755304 ], [ 150.587790066169418, -34.984488899710563 ], [ 150.587790903349628, -34.984480415484725 ], [ 150.587791720488241, -34.984472800779599 ], [ 150.587792822078967, -34.984463405915669 ], [ 150.587794016934993, -34.984454117476261 ], [ 150.587795301190511, -34.984444955216873 ], [ 150.587796673089855, -34.98443594163939 ], [ 150.58779813098306, -34.98442709564187 ], [ 150.587799672046174, -34.984418438803488 ], [ 150.587801293508136, -34.98440999090149 ], [ 150.58780299259783, -34.984401771713159 ], [ 150.58780476865428, -34.98439380376211 ], [ 150.587806617864629, -34.984386105001953 ], [ 150.587808538473183, -34.984378697934581 ], [ 150.587810527708882, -34.98437160233722 ], [ 150.587812582774291, -34.984364838888105 ], [ 150.587814703087673, -34.984358427408026 ], [ 150.587816884730444, -34.984352389454372 ], [ 150.587819126026318, -34.984346744826183 ], [ 150.587821424204236, -34.98434151330072 ], [ 150.58783093670354, -34.984324880949337 ], [ 150.587840852991292, -34.984312927142867 ], [ 150.587852601176337, -34.984301590296816 ], [ 150.58786673578274, -34.984288658406747 ], [ 150.587883810237685, -34.98427191944598 ], [ 150.587886033878704, -34.984269600892063 ], [ 150.587890260049875, -34.984265108131602 ], [ 150.587894626530101, -34.984260350423206 ], [ 150.587899117649926, -34.984255339174496 ], [ 150.587903718781831, -34.984250087616758 ], [ 150.587908413214564, -34.984244605333984 ], [ 150.587913187388835, -34.984238906480144 ], [ 150.587918024567017, -34.984233001540225 ], [ 150.587922910148023, -34.984226902844519 ], [ 150.587927827341332, -34.984220622679914 ], [ 150.587932761598722, -34.984214171574834 ], [ 150.587937697197987, -34.984207562738845 ], [ 150.587942619564444, -34.98420080760134 ], [ 150.587947511934118, -34.984193917548261 ], [ 150.587952358584772, -34.98418690578913 ], [ 150.587957146089394, -34.984179781973246 ], [ 150.587961856509935, -34.984172560167579 ], [ 150.587966476392978, -34.984165250922395 ], [ 150.587970988921569, -34.984157867425488 ], [ 150.587975379574118, -34.984150419304406 ], [ 150.587979632601957, -34.984142920669662 ], [ 150.587983732362318, -34.984135382027979 ], [ 150.587987663159453, -34.984127815688005 ], [ 150.5879914092977, -34.984120233958357 ], [ 150.587996073473676, -34.984110183318464 ], [ 150.587999909405738, -34.984101333201096 ], [ 150.588003496563402, -34.984092525015285 ], [ 150.588006844243694, -34.98408377787672 ], [ 150.58800996385375, -34.984075113647449 ], [ 150.58801286677425, -34.984066555090479 ], [ 150.588015562249382, -34.98405812312339 ], [ 150.58801806280735, -34.984049838729021 ], [ 150.588020378734171, -34.984041724648634 ], [ 150.5880225203951, -34.984033800920614 ], [ 150.588024499170814, -34.984026090307921 ], [ 150.588026325426597, -34.984018612848978 ], [ 150.588028010543127, -34.984011391306744 ], [ 150.588029564859198, -34.98400444662056 ], [ 150.588030998687231, -34.983997800630696 ], [ 150.588032324529024, -34.983991475220968 ], [ 150.588033551655087, -34.98398549040796 ], [ 150.588034692514327, -34.983979869877388 ], [ 150.588035756403741, -34.983974632744911 ], [ 150.588036754677546, -34.983969802674451 ], [ 150.588045797878721, -34.983941650096128 ], [ 150.58806166796731, -34.983936984906094 ], [ 150.588067056134463, -34.983937199276447 ], [ 150.588074246051889, -34.983937938055199 ], [ 150.58808178939276, -34.983939510506779 ], [ 150.588089199120532, -34.983942239593567 ], [ 150.588095984861695, -34.983946450014713 ], [ 150.58810165952687, -34.983952466534667 ], [ 150.588105734958049, -34.983960612995311 ], [ 150.58810772299708, -34.983971213238483 ], [ 150.588107840941859, -34.983975555262795 ], [ 150.588107641437659, -34.983980562573258 ], [ 150.588107124900404, -34.983985922367836 ], [ 150.588106318104678, -34.983991618050695 ], [ 150.588105243552121, -34.983997629335285 ], [ 150.588103924733332, -34.984003939560523 ], [ 150.588102385218178, -34.9840105293625 ], [ 150.588100649644758, -34.984017380300052 ], [ 150.58809874043547, -34.984024474789386 ], [ 150.588096682281332, -34.98403179258743 ], [ 150.588094497578282, -34.984039317011366 ], [ 150.588092212112002, -34.984047027839871 ], [ 150.588089847183738, -34.984054908368385 ], [ 150.588087428552825, -34.984062939276527 ], [ 150.588084978668121, -34.984071102079604 ], [ 150.588082522167781, -34.984079378336418 ], [ 150.588080082595411, -34.984087749584056 ], [ 150.588077682399813, -34.984096197337813 ], [ 150.588075346219284, -34.984104703156504 ], [ 150.588073097597345, -34.984113248577231 ], [ 150.58807096007763, -34.984121815137037 ], [ 150.588068833232114, -34.984130913776681 ], [ 150.588066880662353, -34.984139859024246 ], [ 150.588065060644055, -34.984148766340205 ], [ 150.588063368311879, -34.984157614894016 ], [ 150.588061796611129, -34.984166383811626 ], [ 150.588060337313095, -34.984175054900071 ], [ 150.588058984510667, -34.984183605505208 ], [ 150.58805773219089, -34.984192016576607 ], [ 150.588056571109689, -34.984200267196726 ], [ 150.58805549637529, -34.984208337435994 ], [ 150.588054500933026, -34.984216206420371 ], [ 150.588053577675225, -34.984223855077673 ], [ 150.588052719600086, -34.984231260731995 ], [ 150.588051919573559, -34.984238405212118 ], [ 150.588051170567383, -34.984245266743038 ], [ 150.588050466568603, -34.984251826274395 ], [ 150.588049800548902, -34.984258062031181 ], [ 150.588049165427208, -34.984263954040273 ], [ 150.58804855409582, -34.984269483229546 ], [ 150.588047959526449, -34.984274627824014 ], [ 150.588037553020115, -34.984312471156748 ], [ 150.588009003848441, -34.984343024270416 ], [ 150.588004291383157, -34.984347366739719 ], [ 150.587999886809058, -34.984351407025699 ], [ 150.587995235835422, -34.984355669584502 ], [ 150.587990358404483, -34.984360146699252 ], [ 150.587985277769036, -34.984364829817416 ], [ 150.587980014992439, -34.984369710342904 ], [ 150.587974592232825, -34.984374779701426 ], [ 150.587969031648242, -34.984380029318707 ], [ 150.587963354275644, -34.984385451499605 ], [ 150.587957582326055, -34.984391035867979 ], [ 150.587951736809941, -34.984396775629669 ], [ 150.587945839885521, -34.984402662210385 ], [ 150.587939913737301, -34.984408686134906 ], [ 150.58793398052336, -34.984414838828961 ], [ 150.587928061254388, -34.984421113498449 ], [ 150.587922177046607, -34.984427499745401 ], [ 150.587916351126495, -34.984433989918323 ], [ 150.587910604557493, -34.984440575421175 ], [ 150.58790495949782, -34.984447247679725 ], [ 150.587899437010947, -34.984453998097933 ], [ 150.587894060349754, -34.984460818123367 ], [ 150.587888849456647, -34.984467700039197 ], [ 150.587883826516247, -34.984474634370251 ], [ 150.587879014781521, -34.984481612564068 ], [ 150.587871815633491, -34.984492794636644 ], [ 150.587866784888234, -34.984501189194155 ], [ 150.587862009162563, -34.984509627583883 ], [ 150.587857457858036, -34.984518107394706 ], [ 150.587853101497473, -34.984526625336294 ], [ 150.587848907292994, -34.984535178953962 ], [ 150.587844846862083, -34.984543764979151 ], [ 150.587840888485147, -34.984552381879851 ], [ 150.587837001616634, -34.984561025443028 ], [ 150.587833155658046, -34.984569693257498 ], [ 150.587829319984564, -34.984578383813023 ], [ 150.587825464050468, -34.984587092896568 ], [ 150.587821557257399, -34.984595818096885 ], [ 150.587817569033206, -34.984604556101885 ], [ 150.587813468726523, -34.984613306302251 ], [ 150.587809225818177, -34.984622063583934 ], [ 150.587804809709581, -34.984630825535767 ], [ 150.587800190870468, -34.984639590669211 ], [ 150.587795336539273, -34.984648355628572 ], [ 150.58779021723862, -34.984657117123476 ], [ 150.587786149504581, -34.98466374951439 ], [ 150.587781590348925, -34.984670891383466 ], [ 150.587776862583382, -34.984678030802087 ], [ 150.587771981560024, -34.984685167173943 ], [ 150.587766960415081, -34.984692300760152 ], [ 150.58776181551616, -34.984699433688995 ], [ 150.58775656005227, -34.984706564419696 ], [ 150.5877512092963, -34.984713695058801 ], [ 150.58774577860035, -34.984720825009987 ], [ 150.587740282168966, -34.984727955457103 ], [ 150.587734733164865, -34.984735085760327 ], [ 150.58772914907675, -34.984742217168773 ], [ 150.587723541946161, -34.984749349921806 ], [ 150.58771792819357, -34.984756484345873 ], [ 150.587712320955234, -34.984763620702083 ], [ 150.587706736625137, -34.984770760217813 ], [ 150.587701188339651, -34.984777903154196 ], [ 150.587695691450904, -34.984785048914986 ], [ 150.587690260137009, -34.984792199584966 ], [ 150.587684909776641, -34.984799353666908 ], [ 150.58767965564266, -34.984806513267408 ], [ 150.587674509776662, -34.984813678625834 ], [ 150.58766948972027, -34.984820849189468 ], [ 150.587664608583424, -34.984828026120404 ], [ 150.58765988169182, -34.984835209723336 ], [ 150.587654776341566, -34.984843271046493 ], [ 150.587649566285478, -34.984851839618713 ], [ 150.587644548788802, -34.984860415624603 ], [ 150.587639699794721, -34.984868997684437 ], [ 150.587634997409396, -34.984877585363023 ], [ 150.587630417576008, -34.984886177280643 ], [ 150.587625936264203, -34.984894771156661 ], [ 150.587621530458932, -34.984903367435017 ], [ 150.587617176129839, -34.984911963835053 ], [ 150.587612849220079, -34.984920558977052 ], [ 150.587608526767468, -34.984929151503088 ], [ 150.587604184662268, -34.984937741835296 ], [ 150.58759980108988, -34.984946326835583 ], [ 150.587595349777587, -34.98495490598166 ], [ 150.587590808857925, -34.984963477937299 ], [ 150.587586154273936, -34.984972041322784 ], [ 150.587581361942284, -34.984980595659302 ], [ 150.587576409995449, -34.98498913961064 ], [ 150.58757127221358, -34.984997670852565 ], [ 150.587565927797357, -34.985006188971575 ], [ 150.58756035159513, -34.985014692566118 ], [ 150.587554906756225, -34.985022638958775 ], [ 150.58754988760677, -34.985029703161281 ], [ 150.587544722031424, -34.985036755437818 ], [ 150.587539425303106, -34.985043797894932 ], [ 150.587534012826779, -34.985050828134476 ], [ 150.587528497712412, -34.985057847318515 ], [ 150.587522895338594, -34.985064853949865 ], [ 150.587517220978242, -34.985071850135064 ], [ 150.587511487820535, -34.985078834333386 ], [ 150.587505713407097, -34.985085805992078 ], [ 150.58749990975312, -34.985092766251498 ], [ 150.587494092210846, -34.985099714515393 ], [ 150.587488276132547, -34.98510665018749 ], [ 150.587482476843888, -34.985113573572484 ], [ 150.587476707481301, -34.985120484931578 ], [ 150.587470983397026, -34.985127383668491 ], [ 150.587465319916845, -34.985134270087919 ], [ 150.58745973129831, -34.985141143571909 ], [ 150.587454231772483, -34.985148004403349 ], [ 150.58744883666526, -34.985154852886978 ], [ 150.587443561355229, -34.985161687525618 ], [ 150.587438418952388, -34.985168509481397 ], [ 150.587433424809063, -34.985175318158113 ], [ 150.587428594277469, -34.985182112959507 ], [ 150.587423941562321, -34.985188895069506 ], [ 150.587417772055062, -34.985198318079782 ], [ 150.58741226822076, -34.985207153945126 ], [ 150.587407076766311, -34.985215870716466 ], [ 150.587402182672975, -34.985224420317323 ], [ 150.587397576369028, -34.985232755680947 ], [ 150.587393244972219, -34.985240830576267 ], [ 150.587389177816107, -34.985248597914804 ], [ 150.587385362044927, -34.985256010564498 ], [ 150.587381786992239, -34.985263021436865 ], [ 150.58737843977579, -34.985269584300831 ], [ 150.58737530866091, -34.98527565114513 ], [ 150.587372382928265, -34.985281176683188 ], [ 150.587369650843215, -34.985286112903758 ], [ 150.587367099549937, -34.9852904126748 ], [ 150.587364718355502, -34.985294029808728 ], [ 150.58736249440409, -34.985296917173528 ], [ 150.587360417055748, -34.9852990267797 ], [ 150.587358473401679, -34.985300313297074 ], [ 150.587356652775441, -34.985300729637167 ], [ 150.587355583978365, -34.985300534403329 ], [ 150.587353905219885, -34.985299476054053 ], [ 150.587352341614974, -34.985297554582687 ], [ 150.587350892459938, -34.985294831275247 ], [ 150.587349557024822, -34.985291368318634 ], [ 150.587348333484812, -34.985287227878104 ], [ 150.587347222231017, -34.985282471261371 ], [ 150.587346220317556, -34.985277161512776 ], [ 150.587345329230175, -34.985271359961892 ], [ 150.587344547144056, -34.985265128773889 ], [ 150.587343873355621, -34.985258529234748 ], [ 150.587343307108313, -34.985251624432351 ], [ 150.587342847698437, -34.985244475652699 ], [ 150.587342493301236, -34.985237145060999 ], [ 150.587342244281331, -34.9852296948659 ], [ 150.587342098840338, -34.98522218633169 ], [ 150.58734205624819, -34.985214681645267 ], [ 150.587342116869422, -34.985207243015388 ], [ 150.587342277784643, -34.985199932585388 ] ] ] ] } },
{ "type": "Feature", "properties": { "OBJECTID": 28, "Comments": "Operational noise contour - OpContoursBuild2040Night", "FSource": "MOTTM - noise specialists model run for Rev B", "SourceDate": 20251027.0, "Supplier": "MOTTM", "path_windows": "C:\\Users\\bri86955\\Mott MacDonald\\MGO - Moata Geospatial - JBR2HR\\01Incoming\\20251024_Noise\\Noise shp files Rev B\\Noise Rev B figures\\Metadata\\OpContours\\OpContoursBuild2040Night.shp", "path_rootname": "OpContoursBuild2040Night", "IsoValue": 70, "shapefile_type": "shapefile_polygon", "SHAPE_Length": 420.26458706818323, "SHAPE_Area": 1622.3150709628208 }, "geometry": { "type": "MultiPolygon", "coordinates": [ [ [ [ 150.588493132187949, -34.983044098085429 ], [ 150.588493339636727, -34.98303807226889 ], [ 150.588493728086235, -34.983029647629202 ], [ 150.588494234828374, -34.983021185675526 ], [ 150.588494860799216, -34.983012691835278 ], [ 150.58849560359792, -34.983004173272512 ], [ 150.588496466376256, -34.982995634557227 ], [ 150.588497446707038, -34.982987083754409 ], [ 150.58849854662094, -34.982978526313246 ], [ 150.588499765959369, -34.982969967639391 ], [ 150.588501104510783, -34.982961414940419 ], [ 150.588502563211335, -34.982952873643747 ], [ 150.588504141875859, -34.98294435005598 ], [ 150.588505840319357, -34.982935850483763 ], [ 150.588507659451437, -34.982927381255436 ], [ 150.588509598018817, -34.982918947754918 ], [ 150.588511657999334, -34.982910557233275 ], [ 150.588513839234423, -34.982902215096175 ], [ 150.588516141539003, -34.982893927650224 ], [ 150.588518565849114, -34.982885700322861 ], [ 150.588521110832204, -34.982877541200793 ], [ 150.588523778545408, -34.98286945483229 ], [ 150.588526567709039, -34.982861447502188 ], [ 150.588529479232733, -34.982853525538879 ], [ 150.588534746475489, -34.982840162232826 ], [ 150.588538525406506, -34.982831197376377 ], [ 150.588542449262377, -34.98282233275858 ], [ 150.588546506239624, -34.982813560031595 ], [ 150.588550688966279, -34.982804869132742 ], [ 150.588554987828161, -34.982796251757748 ], [ 150.588559392195691, -34.982787696877693 ], [ 150.588563894670585, -34.982779195330828 ], [ 150.588568484570345, -34.982770737890192 ], [ 150.588573152333709, -34.982762314449559 ], [ 150.588577889441183, -34.982753916726409 ], [ 150.588582687452572, -34.982745533735375 ], [ 150.588587534590857, -34.982737156227685 ], [ 150.588592423431152, -34.982728775942554 ], [ 150.588597344438654, -34.98272038187288 ], [ 150.588602286930922, -34.982711964791648 ], [ 150.588607243536075, -34.982703514636206 ], [ 150.588612203518807, -34.982695023981449 ], [ 150.58861715737072, -34.982686480919313 ], [ 150.588619670979597, -34.982682116364103 ], [ 150.5886241208174, -34.982674325930773 ], [ 150.588628547919541, -34.982666489070446 ], [ 150.588632943475858, -34.982658607411011 ], [ 150.588637299717931, -34.982650684403986 ], [ 150.588641610024979, -34.982642721720758 ], [ 150.588645866681418, -34.982634721010932 ], [ 150.588650063066467, -34.982626683945924 ], [ 150.588654190317044, -34.982618613955502 ], [ 150.588658241812283, -34.982610512711055 ], [ 150.588662209810366, -34.982602382763169 ], [ 150.588666087716774, -34.982594224882263 ], [ 150.588669866668567, -34.982586042498163 ], [ 150.58867354004488, -34.9825778372822 ], [ 150.588677100130269, -34.98256961088407 ], [ 150.588680540251005, -34.982561366777034 ], [ 150.588683851596983, -34.982553106588966 ], [ 150.58868702866846, -34.982544831112115 ], [ 150.588690061481401, -34.982536544655403 ], [ 150.588692944536007, -34.982528248011064 ], [ 150.588695670090488, -34.982519943729685 ], [ 150.588698229334625, -34.982511633439138 ], [ 150.588700830772723, -34.982502556835087 ], [ 150.58870320887911, -34.982493588477134 ], [ 150.588705412235129, -34.982484603124703 ], [ 150.588707453040655, -34.982475595611369 ], [ 150.588709344590313, -34.982466560792517 ], [ 150.588711100257939, -34.982457490820636 ], [ 150.588712731122371, -34.982448381408517 ], [ 150.588714251625674, -34.982439225631367 ], [ 150.588715672899525, -34.982430017400077 ], [ 150.58871700823849, -34.982420751570011 ], [ 150.588718270989972, -34.982411421194598 ], [ 150.588719474474942, -34.98240202022825 ], [ 150.588720628703925, -34.982392543461053 ], [ 150.588721749187243, -34.982382984890869 ], [ 150.588722848204014, -34.982373336648521 ], [ 150.588723936806616, -34.982363595347664 ], [ 150.588725029463461, -34.982353753162585 ], [ 150.588726138374426, -34.98234380492687 ], [ 150.588727275765763, -34.98233374457314 ], [ 150.588728454984818, -34.982323565154857 ], [ 150.588729122846644, -34.982317936117944 ], [ 150.588730101794482, -34.982309879290455 ], [ 150.588731119757682, -34.982301761938146 ], [ 150.588732176471893, -34.98229359307048 ], [ 150.588733277119758, -34.982285382706621 ], [ 150.588734423679171, -34.982277138097636 ], [ 150.58873561911696, -34.982268870120109 ], [ 150.588736866532059, -34.982260585145958 ], [ 150.588738167770231, -34.982252294930916 ], [ 150.58873952590406, -34.982244006747841 ], [ 150.588740943979587, -34.982235728770505 ], [ 150.588742423869064, -34.982227471853726 ], [ 150.588743969713221, -34.982219244193033 ], [ 150.588745583437117, -34.982211054841414 ], [ 150.58874726808682, -34.982202911972585 ], [ 150.588749025587418, -34.982194824639535 ], [ 150.588750860026778, -34.982186802839642 ], [ 150.588752773356362, -34.98217885472495 ], [ 150.588754769690581, -34.982170989391889 ], [ 150.588756848765058, -34.982163215849944 ], [ 150.588759016909961, -34.982155542338091 ], [ 150.588761273834507, -34.982147978766761 ], [ 150.588763624774202, -34.982140533353196 ], [ 150.588766070559387, -34.982133215128634 ], [ 150.588768615278013, -34.982126034090427 ], [ 150.58877126090789, -34.982118997489678 ], [ 150.58877573044748, -34.982107994597712 ], [ 150.588780138034508, -34.982098020856021 ], [ 150.588784744212859, -34.982088334122004 ], [ 150.588789530203542, -34.982078902471009 ], [ 150.588794477174844, -34.982069695780289 ], [ 150.58879956632137, -34.982060683026162 ], [ 150.588804781000732, -34.982051834129393 ], [ 150.588810101312845, -34.982043118044523 ], [ 150.588815509547061, -34.982034503769647 ], [ 150.588820987966272, -34.982025961203775 ], [ 150.588826516670451, -34.982017459301446 ], [ 150.588832079043584, -34.982008967082542 ], [ 150.588837655132807, -34.982000455303506 ], [ 150.588843228374913, -34.98199189118229 ], [ 150.588848778817066, -34.981983245475362 ], [ 150.588854288748593, -34.981974487180821 ], [ 150.588859740458702, -34.981965585296749 ], [ 150.588864810323457, -34.981957042724304 ], [ 150.588869088345916, -34.98194961846928 ], [ 150.588873309121112, -34.981942092111886 ], [ 150.588877468111917, -34.981934468970792 ], [ 150.588881561875752, -34.981926754386443 ], [ 150.588885588064812, -34.981918953721014 ], [ 150.588889541047195, -34.981911072271437 ], [ 150.588893419569729, -34.981903115421666 ], [ 150.588897218000625, -34.981895088468619 ], [ 150.588900934018397, -34.981886995873531 ], [ 150.588904563085919, -34.981878842955126 ], [ 150.588908102828924, -34.981870635976506 ], [ 150.588911549857698, -34.981862378476215 ], [ 150.588914898487644, -34.981854077553095 ], [ 150.588918147518399, -34.98184573678919 ], [ 150.58892129235997, -34.981837363305075 ], [ 150.588924328528066, -34.981828960617541 ], [ 150.588927253674825, -34.981820534088797 ], [ 150.588930064331379, -34.981812089960222 ], [ 150.588932757081665, -34.981803632671308 ], [ 150.588935327388526, -34.981795167540746 ], [ 150.588938104330992, -34.981785520179528 ], [ 150.588940534940974, -34.981776589818544 ], [ 150.58894283747577, -34.981767656912865 ], [ 150.588945018503352, -34.981758721593003 ], [ 150.588947081307737, -34.981749783924194 ], [ 150.588949033525097, -34.981740844959624 ], [ 150.588950879586918, -34.981731902984443 ], [ 150.588952626034768, -34.981722959030044 ], [ 150.588954277247296, -34.981714013183463 ], [ 150.588955839792419, -34.981705065575213 ], [ 150.588957319143503, -34.981696116313984 ], [ 150.588958719652652, -34.981687166387772 ], [ 150.588960047940787, -34.981678214125154 ], [ 150.588961308360041, -34.981669260514074 ], [ 150.588962508573047, -34.981660305706797 ], [ 150.588963652958398, -34.981651349790305 ], [ 150.588964746989433, -34.981642392873333 ], [ 150.588965796112944, -34.981633435965605 ], [ 150.588966805855108, -34.981624477373934 ], [ 150.588967781662745, -34.981615518108043 ], [ 150.588968745674634, -34.981606400850296 ], [ 150.588969669255505, -34.981597429729057 ], [ 150.588970568923571, -34.981588489684206 ], [ 150.588971444203196, -34.981579596932725 ], [ 150.588972300118428, -34.981570766899495 ], [ 150.588973135098939, -34.981562015779794 ], [ 150.588973954195325, -34.981553358097479 ], [ 150.588974756878969, -34.981544811871494 ], [ 150.588975544942912, -34.981536390659521 ], [ 150.588976321169042, -34.981528111644799 ], [ 150.588977088392085, -34.981519990208646 ], [ 150.588977846162862, -34.981512041667159 ], [ 150.588978596195034, -34.981504282280873 ], [ 150.588979342417986, -34.981496727452843 ], [ 150.588980085450743, -34.98148939342186 ], [ 150.58898082700702, -34.981482296448476 ], [ 150.588981568853342, -34.981475450991319 ], [ 150.588982313771538, -34.981468874233578 ], [ 150.588983061338894, -34.98146258059046 ], [ 150.588983815431959, -34.981456587266869 ], [ 150.588986834479073, -34.981436929368392 ], [ 150.588990155199667, -34.981423342561833 ], [ 150.588994661536816, -34.981412949784982 ], [ 150.589000870274958, -34.981405682877032 ], [ 150.589009292725564, -34.981401473568255 ], [ 150.589020445673526, -34.981400253697451 ], [ 150.589027468478633, -34.981400782658397 ], [ 150.589033821066835, -34.981401831073008 ], [ 150.589040519865961, -34.98140343626303 ], [ 150.589047446495442, -34.98140560128536 ], [ 150.589054481427212, -34.981408330977011 ], [ 150.589061506254268, -34.981411629295884 ], [ 150.589068401501322, -34.981415499277176 ], [ 150.58907504870848, -34.981419946680688 ], [ 150.589081328426801, -34.981424973640735 ], [ 150.589087123290966, -34.981430585938931 ], [ 150.589092313852007, -34.981436785709604 ], [ 150.589096780555138, -34.981443578690914 ], [ 150.589100405045969, -34.981450967038924 ], [ 150.589103068864091, -34.981458956513556 ], [ 150.589104355646526, -34.981465199525118 ], [ 150.589105055099935, -34.981471227135792 ], [ 150.589105318946423, -34.981477542676402 ], [ 150.589105173298947, -34.981484152074515 ], [ 150.589104643202262, -34.981491060335067 ], [ 150.589103755811209, -34.981498275209297 ], [ 150.589102537238688, -34.981505802624802 ], [ 150.589101012503107, -34.981513648487443 ], [ 150.589099208785626, -34.981521819647497 ], [ 150.589097151104625, -34.981530322010805 ], [ 150.589094865573117, -34.981539161504983 ], [ 150.589092378277627, -34.981548344958568 ], [ 150.58908971642586, -34.981557878320885 ], [ 150.589086903915074, -34.981567768377026 ], [ 150.589083967952917, -34.981578021076295 ], [ 150.589080934652458, -34.981588642346331 ], [ 150.589077829005646, -34.98159963899392 ], [ 150.589074678220157, -34.981611016968436 ], [ 150.589071507287997, -34.981622783076666 ], [ 150.589068343443273, -34.98163494236703 ], [ 150.589065211651615, -34.981647502547304 ], [ 150.589063293471611, -34.98165550556179 ], [ 150.589061689831539, -34.981662381675925 ], [ 150.589060101999394, -34.981669353660038 ], [ 150.589058530160116, -34.981676415207509 ], [ 150.589056974551511, -34.981683558209802 ], [ 150.589055435332114, -34.981690777261257 ], [ 150.589053911671527, -34.981698063330676 ], [ 150.589052403754692, -34.981705410111402 ], [ 150.589050911793038, -34.981712810395891 ], [ 150.589049435997907, -34.981720256976566 ], [ 150.589047975486068, -34.981727742624123 ], [ 150.589046531563582, -34.981735260152718 ], [ 150.5890451033207, -34.981742803233992 ], [ 150.589043689927081, -34.981750362836728 ], [ 150.589042292609463, -34.981757934477947 ], [ 150.589040911658515, -34.981765508247243 ], [ 150.58903954613811, -34.981773078717218 ], [ 150.589038196259708, -34.981780638680249 ], [ 150.589036862261082, -34.981788180027849 ], [ 150.589035543232541, -34.981795696431647 ], [ 150.589034240480174, -34.981803180705832 ], [ 150.589032953120721, -34.981810625621051 ], [ 150.589031681365526, -34.981818023969787 ], [ 150.589030425452506, -34.981825367643488 ], [ 150.589029184445451, -34.981832651214752 ], [ 150.589027959676912, -34.981839866596779 ], [ 150.589026749168994, -34.98184700653853 ], [ 150.589025555322365, -34.981854063875936 ], [ 150.589024377227361, -34.981861032280612 ], [ 150.58902321293246, -34.981867903600552 ], [ 150.589022065933108, -34.98187467069345 ], [ 150.589020933130257, -34.981881327187402 ], [ 150.58901981583, -34.981887865896603 ], [ 150.589018714270139, -34.981894278712552 ], [ 150.58901762754104, -34.981900559306879 ], [ 150.589016555854073, -34.981906700471988 ], [ 150.589015500515302, -34.981912695022096 ], [ 150.589014459546831, -34.9819185357061 ], [ 150.589013434254696, -34.981924215338211 ], [ 150.58901242375569, -34.981929726689081 ], [ 150.589008606132921, -34.98194957425617 ], [ 150.5890042380382, -34.981969704766001 ], [ 150.588999711862982, -34.981987046588934 ], [ 150.588994775892047, -34.982002040952167 ], [ 150.588989175152534, -34.982015128116657 ], [ 150.588982657902307, -34.982026750210409 ], [ 150.588974971383777, -34.982037346636766 ], [ 150.588965861691605, -34.982047358579123 ], [ 150.58895507601477, -34.982057227242436 ], [ 150.58895091992278, -34.982060681139593 ], [ 150.58894521725594, -34.982065218527175 ], [ 150.588939201406419, -34.982069828120039 ], [ 150.588932912638626, -34.982074518831375 ], [ 150.588926394606801, -34.982079296035813 ], [ 150.588919687575356, -34.982084168646594 ], [ 150.588912832956339, -34.982089143796735 ], [ 150.588905873282897, -34.982094227740134 ], [ 150.588898848819468, -34.982099429390011 ], [ 150.588891803193832, -34.982104755022021 ], [ 150.588884775602281, -34.982110212626687 ], [ 150.588877808551501, -34.982115809358874 ], [ 150.588870944521801, -34.982121553274418 ], [ 150.588864223857001, -34.982127450583739 ], [ 150.588857689063786, -34.98213350844172 ], [ 150.588851381501399, -34.982139735783392 ], [ 150.588845341487314, -34.982146139720186 ], [ 150.58883961267577, -34.982152725626875 ], [ 150.588834235304972, -34.982159503317682 ], [ 150.588829251908066, -34.982166479046604 ], [ 150.58882472761394, -34.982173598216562 ], [ 150.58882062123314, -34.982180883447427 ], [ 150.58881689181402, -34.982188349250592 ], [ 150.588813517754147, -34.982195985280661 ], [ 150.588810475208987, -34.982203782950641 ], [ 150.588807739344873, -34.982211730048014 ], [ 150.588805288532996, -34.982219817128374 ], [ 150.588803097834074, -34.982228035582899 ], [ 150.588801143509102, -34.982236373220836 ], [ 150.58879940390284, -34.982244821498689 ], [ 150.588797854155274, -34.982253369104832 ], [ 150.588796471542793, -34.98226200657308 ], [ 150.588795232247207, -34.982270724415436 ], [ 150.588794112503109, -34.982279511342071 ], [ 150.588793089560454, -34.982288358787692 ], [ 150.58879213965389, -34.982297255462484 ], [ 150.588791238991547, -34.982306190977489 ], [ 150.588790364823467, -34.982315156767449 ], [ 150.588789492289436, -34.982324141520749 ], [ 150.588788599786966, -34.982333134891974 ], [ 150.588787577381481, -34.982342972163394 ], [ 150.588786607252018, -34.982351923425952 ], [ 150.588785602093111, -34.982360873992448 ], [ 150.588784567378013, -34.982369823971652 ], [ 150.588783507485374, -34.982378773450591 ], [ 150.588782426820302, -34.982387721615268 ], [ 150.588781329708553, -34.982396670354603 ], [ 150.58878022274456, -34.982405618898149 ], [ 150.588779108117592, -34.982414567289403 ], [ 150.588777991327447, -34.982423514736183 ], [ 150.588776876699882, -34.982432463127381 ], [ 150.588775769734667, -34.982441411670806 ], [ 150.588774673715818, -34.982450360431706 ], [ 150.588773594143049, -34.982459308617884 ], [ 150.588772535342144, -34.982468258118239 ], [ 150.588771501718242, -34.982477208118837 ], [ 150.588770497649989, -34.982486158706671 ], [ 150.58876952863713, -34.982495109089562 ], [ 150.588768597910843, -34.982504061134648 ], [ 150.588767712065504, -34.982513014071479 ], [ 150.588766867405496, -34.982522019210485 ], [ 150.58876606834005, -34.982531000915735 ], [ 150.588765311690878, -34.982539955518156 ], [ 150.588764593502191, -34.982548868515622 ], [ 150.588763909791737, -34.982557726306943 ], [ 150.588763256603755, -34.98256651438998 ], [ 150.588762631077088, -34.982575218284381 ], [ 150.588762029255946, -34.982583823487928 ], [ 150.588761448226279, -34.982592317322208 ], [ 150.588760884058786, -34.982600684384089 ], [ 150.588760333865849, -34.982608911094161 ], [ 150.588759792570556, -34.982616983829459 ], [ 150.588759258432901, -34.982624887230415 ], [ 150.588758727470577, -34.982632607695834 ], [ 150.588758194633186, -34.982640130701832 ], [ 150.588757658101343, -34.982647443591645 ], [ 150.588757113972093, -34.982654530061254 ], [ 150.588756558236781, -34.982661377410423 ], [ 150.588755988007819, -34.982667972059701 ], [ 150.588755399382251, -34.982674297705067 ], [ 150.588754372512369, -34.982684062769181 ], [ 150.588752353210936, -34.982698348823199 ], [ 150.588749511190855, -34.982711258209875 ], [ 150.588745432054168, -34.982723139677596 ], [ 150.588739703697797, -34.982734338414275 ], [ 150.58873190956038, -34.98274520222359 ], [ 150.588721638580097, -34.982756078116786 ], [ 150.588708475289621, -34.982767313918721 ], [ 150.588705799168622, -34.98276937739697 ], [ 150.588700440075996, -34.982773364489184 ], [ 150.588694757549376, -34.98277743710436 ], [ 150.588688788754638, -34.982781597783934 ], [ 150.588682568694594, -34.982785848124855 ], [ 150.588676134482256, -34.982790192470418 ], [ 150.588669522215127, -34.982794632439372 ], [ 150.588662767964365, -34.98279917055136 ], [ 150.588655908842952, -34.982803811149701 ], [ 150.588648979880219, -34.982808554930479 ], [ 150.58864201818912, -34.982813406236993 ], [ 150.588635060961934, -34.982818366709807 ], [ 150.588628143148753, -34.982823439747769 ], [ 150.588621301941799, -34.98282862699147 ], [ 150.58861457226476, -34.982833932740753 ], [ 150.588607992404661, -34.982839358657905 ], [ 150.588601597311538, -34.982844908141878 ], [ 150.588595424177726, -34.982850582833265 ], [ 150.588589507953344, -34.982856386130969 ], [ 150.588583885777894, -34.982862321477477 ], [ 150.588578594870143, -34.982868389612449 ], [ 150.588573670127403, -34.982874595736718 ], [ 150.588569148768471, -34.982880940589936 ], [ 150.588564240597009, -34.982888821976132 ], [ 150.588560238334964, -34.982896289559442 ], [ 150.588556717744382, -34.98290391545693 ], [ 150.58855364510211, -34.982911691786761 ], [ 150.588550986737772, -34.982919608865139 ], [ 150.588548707886332, -34.982927656986568 ], [ 150.588546773782809, -34.982935826445484 ], [ 150.588545151825002, -34.982944108480851 ], [ 150.588543807247873, -34.982952493387089 ], [ 150.588542705286358, -34.982960971458681 ], [ 150.588541813364742, -34.982969533033554 ], [ 150.588541096665068, -34.982978170208071 ], [ 150.588540520475078, -34.982986871474786 ], [ 150.588540052166138, -34.982995628973541 ], [ 150.588539655878463, -34.983004432977019 ], [ 150.588539299036256, -34.983013273823182 ], [ 150.588538946874365, -34.983022141806472 ], [ 150.588538564601151, -34.983031028122262 ], [ 150.588538119640816, -34.983039923108514 ], [ 150.588537577228124, -34.98304881705964 ], [ 150.588536977242569, -34.983056873301656 ], [ 150.588536190056971, -34.983065784925437 ], [ 150.588535285126767, -34.983074603160823 ], [ 150.588534270394348, -34.983083281289147 ], [ 150.588533154791065, -34.983091776217286 ], [ 150.588531947301135, -34.983100043050243 ], [ 150.588530655814111, -34.983108036871236 ], [ 150.588529288166711, -34.983115714565386 ], [ 150.588527854464274, -34.983123030358492 ], [ 150.588526362543547, -34.983129941135672 ], [ 150.588524820320572, -34.983136401079236 ], [ 150.588523235658442, -34.983142366173354 ], [ 150.588521619704437, -34.983147792467449 ], [ 150.588519978158786, -34.983152635001289 ], [ 150.588518321074048, -34.98315684980254 ], [ 150.588516657434525, -34.983160391976206 ], [ 150.588514994008733, -34.983163217484716 ], [ 150.588513339781002, -34.983165281433052 ], [ 150.588511703709173, -34.98316653982716 ], [ 150.588510094751172, -34.983166948672995 ], [ 150.588508746819031, -34.983166599160072 ], [ 150.588507202793238, -34.983165392057394 ], [ 150.588505705860797, -34.983163363749071 ], [ 150.588504261321134, -34.983160557611001 ], [ 150.588502874552887, -34.983157014316291 ], [ 150.58850155197652, -34.983152776361663 ], [ 150.58850030001247, -34.983147886243827 ], [ 150.588499124013026, -34.983142385536794 ], [ 150.588498029303906, -34.983136316715566 ], [ 150.588497024494899, -34.983129722320371 ], [ 150.588496112775289, -34.983122642980753 ], [ 150.588495300539051, -34.983115122094389 ], [ 150.588494595327745, -34.98310720127882 ], [ 150.588494002467058, -34.983098923009017 ], [ 150.588493527309168, -34.983090328858985 ], [ 150.588493176274511, -34.98308146132544 ], [ 150.588492955783408, -34.983072362905119 ], [ 150.588492870119865, -34.983063074249337 ], [ 150.588492927867094, -34.983053638799269 ], [ 150.588493132187949, -34.983044098085429 ] ] ] ] } },
{ "type": "Feature", "properties": { "OBJECTID": 29, "Comments": "Operational noise contour - OpContoursBuild2040Night", "FSource": "MOTTM - noise specialists model run for Rev B", "SourceDate": 20251027.0, "Supplier": "MOTTM", "path_windows": "C:\\Users\\bri86955\\Mott MacDonald\\MGO - Moata Geospatial - JBR2HR\\01Incoming\\20251024_Noise\\Noise shp files Rev B\\Noise Rev B figures\\Metadata\\OpContours\\OpContoursBuild2040Night.shp", "path_rootname": "OpContoursBuild2040Night", "IsoValue": 70, "shapefile_type": "shapefile_polygon", "SHAPE_Length": 515.52286839870442, "SHAPE_Area": 2038.319551610087 }, "geometry": { "type": "MultiPolygon", "coordinates": [ [ [ [ 150.58920472214254, -34.981078657511524 ], [ 150.589204797216354, -34.981068926718457 ], [ 150.589204995585902, -34.981060070999021 ], [ 150.589205309168733, -34.981051245513967 ], [ 150.589205730789217, -34.981042470854639 ], [ 150.589206251161698, -34.981033764865963 ], [ 150.589206859879539, -34.98102514627211 ], [ 150.589207550914637, -34.981016633884202 ], [ 150.589208314954931, -34.981008246448184 ], [ 150.58920914378308, -34.981000002731676 ], [ 150.589210027045254, -34.980991919656944 ], [ 150.589210958660544, -34.980984017837059 ], [ 150.589211928222284, -34.980976315996138 ], [ 150.589212928660572, -34.980968831121722 ], [ 150.58921395063706, -34.980961582860644 ], [ 150.589214985934348, -34.980954589980563 ], [ 150.589216025240489, -34.980947871227393 ], [ 150.589217061459152, -34.980941444489588 ], [ 150.589218084183756, -34.98093532849132 ], [ 150.589219086291649, -34.980929542021968 ], [ 150.589220059539002, -34.980924104750166 ], [ 150.589223460869732, -34.980907281451294 ], [ 150.589230479567021, -34.980887407316835 ], [ 150.589243576986689, -34.980869776904065 ], [ 150.589267117848209, -34.980849048257063 ], [ 150.589271457023386, -34.980845623225122 ], [ 150.589276313797285, -34.980841840674927 ], [ 150.589281432990134, -34.980837886649141 ], [ 150.589286784888031, -34.980833765966281 ], [ 150.589292340898027, -34.980829482565682 ], [ 150.589298072348043, -34.980825043089503 ], [ 150.589303950645245, -34.980820451477079 ], [ 150.589309944981011, -34.980815712525214 ], [ 150.589316028925339, -34.980810831117687 ], [ 150.589322172764412, -34.980805812073037 ], [ 150.589328347852501, -34.980800661132506 ], [ 150.589334524502107, -34.980795382213735 ], [ 150.589340674094018, -34.980789980157013 ], [ 150.58934676798259, -34.980784460703624 ], [ 150.589352778643246, -34.980778828715643 ], [ 150.589358675293909, -34.980773088088952 ], [ 150.589364429262474, -34.980767245465792 ], [ 150.589370012009056, -34.980761302983673 ], [ 150.589375395929892, -34.980755268207517 ], [ 150.589380550242907, -34.980749145033236 ], [ 150.589385447423581, -34.98074293832294 ], [ 150.589390057758123, -34.98073665289526 ], [ 150.589394353722014, -34.980730293612289 ], [ 150.589398304506915, -34.98072386527091 ], [ 150.589401882588305, -34.980717372733238 ], [ 150.589407215007867, -34.980705847873004 ], [ 150.589410259334414, -34.980697723886834 ], [ 150.58941279991771, -34.980689522283811 ], [ 150.589414878222129, -34.980681248394987 ], [ 150.589416531359944, -34.980672906563449 ], [ 150.58941779863261, -34.980664501175816 ], [ 150.589418720436271, -34.980656036640411 ], [ 150.589419336046006, -34.980647518244751 ], [ 150.589419684816079, -34.980638948573528 ], [ 150.589419805968731, -34.980630334716139 ], [ 150.589419737763507, -34.980621679235554 ], [ 150.58941952057009, -34.980612987440999 ], [ 150.589419193689906, -34.980604263719066 ], [ 150.589418796450758, -34.980595511555379 ], [ 150.589418366980055, -34.980586738017571 ], [ 150.589417946847675, -34.980577944832881 ], [ 150.589417573112911, -34.980569138146286 ], [ 150.589417287266315, -34.980560322387838 ], [ 150.589417126446278, -34.98055150099966 ], [ 150.589417131022401, -34.98054267929102 ], [ 150.589417442047477, -34.980530951916919 ], [ 150.589417898222109, -34.980522118444952 ], [ 150.589418531686619, -34.980513327257945 ], [ 150.589419329924482, -34.980504594333723 ], [ 150.589420278176874, -34.98049593740857 ], [ 150.589421363953704, -34.98048737155937 ], [ 150.589422575780134, -34.980478914587614 ], [ 150.589423898976776, -34.980470581526738 ], [ 150.589425322068792, -34.980462390178225 ], [ 150.589426830350391, -34.980454356476429 ], [ 150.589428412373223, -34.980446497321921 ], [ 150.589430054552537, -34.980438827769831 ], [ 150.589431743224281, -34.980431365578212 ], [ 150.589433466966568, -34.980424126746641 ], [ 150.589435211047174, -34.980417128110425 ], [ 150.589436964044268, -34.980410385669181 ], [ 150.589438712320231, -34.98040391627999 ], [ 150.589440443358541, -34.980397735920675 ], [ 150.589442142427004, -34.980391861426611 ], [ 150.589443799171988, -34.980386309720053 ], [ 150.589449173319508, -34.980369812267639 ], [ 150.589456535432049, -34.980353014448418 ], [ 150.589466492798209, -34.980338438922942 ], [ 150.589481048911239, -34.980323948433224 ], [ 150.589502207182079, -34.980307408422604 ], [ 150.589507753490352, -34.980303416894891 ], [ 150.589513026167026, -34.980299680457001 ], [ 150.58951855066897, -34.980295797573667 ], [ 150.589524299498152, -34.980291772206073 ], [ 150.589530241925416, -34.980287606448179 ], [ 150.589536351547451, -34.980283304282885 ], [ 150.58954259539297, -34.980278869562596 ], [ 150.589548948206073, -34.980274304490081 ], [ 150.589555377015586, -34.980269612917752 ], [ 150.589561856539206, -34.980264797949324 ], [ 150.589568354900393, -34.980259863458983 ], [ 150.589574843585751, -34.98025481068332 ], [ 150.5895812928552, -34.9802496453419 ], [ 150.589587675289977, -34.980244368693114 ], [ 150.589593961176462, -34.980238985555573 ], [ 150.589600120906681, -34.980233497144162 ], [ 150.589606124740556, -34.980227909178488 ], [ 150.589611944164801, -34.980222222895186 ], [ 150.589617550560376, -34.980216443134665 ], [ 150.58962291429296, -34.980210572012773 ], [ 150.589628006796431, -34.980204612568031 ], [ 150.589632797262567, -34.980198569597405 ], [ 150.589637258272717, -34.980192444359254 ], [ 150.589641360113291, -34.980186241672307 ], [ 150.589645073150052, -34.98017996365239 ], [ 150.589650813537503, -34.980168306252665 ], [ 150.58965395094549, -34.980160368007837 ], [ 150.589656567416057, -34.98015234098807 ], [ 150.589658703292258, -34.980144231403486 ], [ 150.589660402121837, -34.980136048232332 ], [ 150.589661705342536, -34.98012779770648 ], [ 150.589662656528418, -34.980119487903146 ], [ 150.589663297090794, -34.980111125955219 ], [ 150.589663669535526, -34.980102719017189 ], [ 150.589663815273809, -34.980094274221884 ], [ 150.589663777879736, -34.98008579964656 ], [ 150.589663599859136, -34.980077302445721 ], [ 150.589663321528548, -34.980068789730474 ], [ 150.589662987583011, -34.980060268698843 ], [ 150.58966263831266, -34.980051747362793 ], [ 150.589662316223212, -34.980043232876923 ], [ 150.589662064888671, -34.980034733318426 ], [ 150.589661925746469, -34.980026254919174 ], [ 150.589661941302381, -34.980017804833707 ], [ 150.589662152914627, -34.980009391996731 ], [ 150.589662522407679, -34.980002131671789 ], [ 150.589663226315906, -34.979993066031085 ], [ 150.589664178490693, -34.979984087355326 ], [ 150.589665356458283, -34.979975215030464 ], [ 150.589666742149745, -34.979966467628564 ], [ 150.589668313091266, -34.979957864535564 ], [ 150.58967005006653, -34.97994942610368 ], [ 150.58967193279102, -34.97994117176237 ], [ 150.589673939938393, -34.979933119117497 ], [ 150.589676051171324, -34.97992528940042 ], [ 150.589678247326361, -34.979917701161433 ], [ 150.589680505929806, -34.979910373786531 ], [ 150.589682807791746, -34.979903326726955 ], [ 150.58968513155952, -34.979896578489509 ], [ 150.589687457990522, -34.979890150327293 ], [ 150.589689765758465, -34.979884059846185 ], [ 150.589692035673579, -34.979878326497428 ], [ 150.589694245235762, -34.979872970567989 ], [ 150.589696376349821, -34.979868011530854 ], [ 150.589705167740931, -34.979849904297176 ], [ 150.589719345363903, -34.979828482054472 ], [ 150.589740620026646, -34.979800606500717 ], [ 150.589742876819571, -34.979797561980014 ], [ 150.589746279927795, -34.97979292569071 ], [ 150.589749859204147, -34.97978799631602 ], [ 150.589753603332497, -34.979782786251789 ], [ 150.589757499901992, -34.979777307872119 ], [ 150.589761538717539, -34.979771572693622 ], [ 150.589765706220874, -34.97976559487055 ], [ 150.589769991148756, -34.979759384996861 ], [ 150.5897743832532, -34.979752956391081 ], [ 150.589778867907739, -34.979746322284761 ], [ 150.589783436038374, -34.979739493315336 ], [ 150.589788074086869, -34.979732483637065 ], [ 150.589792771884561, -34.979725303865656 ], [ 150.589797515873244, -34.979717968155377 ], [ 150.589802294763189, -34.979710488001082 ], [ 150.589807098332955, -34.979702875820401 ], [ 150.589811911982565, -34.979695143943985 ], [ 150.589816726585184, -34.979687304811137 ], [ 150.589821528609036, -34.979679371675225 ], [ 150.589826307859084, -34.979671356052862 ], [ 150.589831050830043, -34.979663270296449 ], [ 150.589835747274037, -34.979655127724527 ], [ 150.58984038480682, -34.979646939810301 ], [ 150.589844843248045, -34.979638920520152 ], [ 150.589849298765529, -34.979630776768659 ], [ 150.589853710089187, -34.979622608701007 ], [ 150.589858085817497, -34.979614421896812 ], [ 150.589862440074967, -34.979606220242466 ], [ 150.589866783702178, -34.979598007559169 ], [ 150.589871129702658, -34.979589788612508 ], [ 150.589875487822354, -34.97958156720194 ], [ 150.58987986999648, -34.979573347170387 ], [ 150.589884290296737, -34.979565134206126 ], [ 150.589888758521909, -34.979556930306693 ], [ 150.589893286554371, -34.979548741116915 ], [ 150.589897886329368, -34.979540570479699 ], [ 150.589902569782112, -34.979532422237945 ], [ 150.589907348821413, -34.979524301135513 ], [ 150.589912234261419, -34.979516211894506 ], [ 150.58991723915841, -34.979508157478627 ], [ 150.589922374326505, -34.979500142609979 ], [ 150.589927651700947, -34.979492171131461 ], [ 150.589933083190459, -34.979484247786935 ], [ 150.589938680703909, -34.979476377320196 ], [ 150.58994445622929, -34.979468561772272 ], [ 150.589950420527884, -34.979460807667131 ], [ 150.589956182469564, -34.979453604849589 ], [ 150.589961990443214, -34.979446587747589 ], [ 150.58996793170769, -34.979439619267396 ], [ 150.589973991070281, -34.979432694599907 ], [ 150.58998014890696, -34.97942581065098 ], [ 150.589986389972239, -34.979418964413405 ], [ 150.589992693573805, -34.979412151870385 ], [ 150.589999045560887, -34.979405370036453 ], [ 150.590005426309403, -34.979398615817473 ], [ 150.590011818411028, -34.979391885261862 ], [ 150.59001820555207, -34.979385174439756 ], [ 150.590024569176734, -34.979378481179694 ], [ 150.590030892971328, -34.979371801551871 ], [ 150.590037157338259, -34.979365131561188 ], [ 150.590043347005718, -34.979358469101456 ], [ 150.590049443497037, -34.9793518092984 ], [ 150.590055429377628, -34.979345149101405 ], [ 150.590061286118043, -34.979338485438092 ], [ 150.59006699849931, -34.979331814400368 ], [ 150.590072546871056, -34.979325133795115 ], [ 150.59007791385136, -34.979318438769781 ], [ 150.590083084194816, -34.979311726317263 ], [ 150.590088038277457, -34.979304993343476 ], [ 150.590092758664582, -34.979298236797803 ], [ 150.590097229068988, -34.979291451849463 ], [ 150.590102818212785, -34.979282296610883 ], [ 150.590107592576146, -34.979273773350293 ], [ 150.590111990309168, -34.979265245314799 ], [ 150.590116031681589, -34.979256730936392 ], [ 150.590119734721071, -34.979248250405455 ], [ 150.590123119618113, -34.979239824856847 ], [ 150.590126205495039, -34.979231474502683 ], [ 150.590129011474119, -34.979223219555088 ], [ 150.590131556677619, -34.979215080226204 ], [ 150.590133860254213, -34.979207075827205 ], [ 150.590135942394397, -34.979199227492892 ], [ 150.590137822220413, -34.979191555435378 ], [ 150.590139517786326, -34.979184078944101 ], [ 150.590141050350752, -34.979176820076553 ], [ 150.590142437967756, -34.979169798122108 ], [ 150.590143699785955, -34.979163032391995 ], [ 150.590144854901155, -34.979156543999231 ], [ 150.590145924598403, -34.979150354100334 ], [ 150.590146925863479, -34.979144481062093 ], [ 150.590147878886825, -34.979138946019233 ], [ 150.590152580917447, -34.979115029590815 ], [ 150.590156524549741, -34.979101143202307 ], [ 150.590160527996005, -34.979093623293679 ], [ 150.590164947495595, -34.979091414103763 ], [ 150.590167811957258, -34.979092223713671 ], [ 150.590172259532693, -34.979096641800126 ], [ 150.590176317446975, -34.979105535168024 ], [ 150.590179394144172, -34.979119617755416 ], [ 150.590180892647425, -34.97913960158985 ], [ 150.590180954091323, -34.979145464179531 ], [ 150.590180899464428, -34.979151363227651 ], [ 150.590180742275663, -34.97915754780864 ], [ 150.59018048790702, -34.979163983773461 ], [ 150.590180144997987, -34.979170637939227 ], [ 150.590179720104345, -34.97917747347573 ], [ 150.590179219676344, -34.979184457156649 ], [ 150.590178650217013, -34.97919155395369 ], [ 150.590178020392216, -34.979198729783 ], [ 150.590177334515715, -34.979205949572851 ], [ 150.59017660237447, -34.979213178360169 ], [ 150.590175829350471, -34.979220381995923 ], [ 150.59017502301495, -34.979227526374501 ], [ 150.590174188802848, -34.979234575544972 ], [ 150.590173335379916, -34.979241495423501 ], [ 150.590172469222949, -34.979248251882758 ], [ 150.590171597929555, -34.979254809916199 ], [ 150.59017072688178, -34.979261135374777 ], [ 150.590169863703778, -34.979267192351045 ], [ 150.590169015940404, -34.979272947640339 ], [ 150.590165413082758, -34.979293778522468 ], [ 150.590160843038063, -34.979309866486368 ], [ 150.5901536923935, -34.979324203931192 ], [ 150.590142542597249, -34.979338516049829 ], [ 150.590125970796578, -34.979354525244439 ], [ 150.590123606872567, -34.979356592253183 ], [ 150.590118836533293, -34.979360681254626 ], [ 150.59011376995295, -34.979364937455699 ], [ 150.590108440075852, -34.979369357904666 ], [ 150.590102878804487, -34.97937393782621 ], [ 150.590097119056651, -34.979378675169556 ], [ 150.590091193776686, -34.97938356698301 ], [ 150.590085133772448, -34.979388608469485 ], [ 150.590078973082854, -34.979393796699036 ], [ 150.590072743584074, -34.979399127797308 ], [ 150.590066477099271, -34.979404599691804 ], [ 150.590060206625679, -34.979410207628995 ], [ 150.590053963986549, -34.979415949536389 ], [ 150.590047782179141, -34.979421820660463 ], [ 150.590041694147686, -34.979427818049544 ], [ 150.590035730647372, -34.979433938708524 ], [ 150.590029924649002, -34.97944017878482 ], [ 150.590024310191609, -34.979446535348551 ], [ 150.59001891698847, -34.979453003580957 ], [ 150.590013779025838, -34.979459582354067 ], [ 150.590008929327382, -34.979466266013439 ], [ 150.590004398595482, -34.979473053365844 ], [ 150.590000219853863, -34.97947993875686 ], [ 150.589995831554717, -34.979488069425898 ], [ 150.589992056831733, -34.979496042803071 ], [ 150.589988710485102, -34.979504123849154 ], [ 150.589985767444233, -34.979512308460386 ], [ 150.589983197271039, -34.979520588820556 ], [ 150.589980973826613, -34.979528959903249 ], [ 150.589979068835703, -34.97953741483667 ], [ 150.589977455091145, -34.979545947671674 ], [ 150.58997610429131, -34.979554552437392 ], [ 150.589974988134372, -34.979563223162963 ], [ 150.589974080534347, -34.97957195302007 ], [ 150.589973352068341, -34.979580736917015 ], [ 150.58997277555568, -34.979589568003732 ], [ 150.58997232488386, -34.979598440352817 ], [ 150.589971969561788, -34.979607347949887 ], [ 150.589971683476932, -34.979616284867582 ], [ 150.589971438327524, -34.97962524513499 ], [ 150.589971206932717, -34.979634221902039 ], [ 150.58997096099074, -34.979643209197839 ], [ 150.58997067217328, -34.979652201952462 ], [ 150.589970301018099, -34.979661612256223 ], [ 150.589969877206102, -34.979670577088712 ], [ 150.58996938759887, -34.979679507260094 ], [ 150.589968832645383, -34.979688387454281 ], [ 150.58996821506318, -34.979697199695771 ], [ 150.589967536369414, -34.979705929591155 ], [ 150.589966798186936, -34.979714559143254 ], [ 150.589966002032924, -34.979723073958617 ], [ 150.589965150598459, -34.97973145696276 ], [ 150.589964244358981, -34.97973969193859 ], [ 150.589963284858072, -34.979747763591767 ], [ 150.589962274813217, -34.979755653946839 ], [ 150.589961215741653, -34.979763348610362 ], [ 150.589960109239826, -34.979770830486075 ], [ 150.589958956877751, -34.979778083378704 ], [ 150.589957760225531, -34.979785091092928 ], [ 150.58995652085315, -34.979791837433403 ], [ 150.589955240304278, -34.979798307105774 ], [ 150.589953921296427, -34.979804482134618 ], [ 150.589952564252201, -34.979810348104742 ], [ 150.589946483483288, -34.979831264988057 ], [ 150.589940720360573, -34.979844933135425 ], [ 150.589933573004629, -34.979857212569975 ], [ 150.589924596064662, -34.97986894814062 ], [ 150.589913339784459, -34.97988098551 ], [ 150.58989935985386, -34.979894171350075 ], [ 150.589892694153377, -34.979900145538757 ], [ 150.589887397096561, -34.979904827153838 ], [ 150.589881858105002, -34.979909691469921 ], [ 150.589876102487267, -34.979914734482271 ], [ 150.589870156593548, -34.979919954009759 ], [ 150.58986404680067, -34.97992534697029 ], [ 150.589857798443461, -34.979930908458201 ], [ 150.58985143784588, -34.979936637193298 ], [ 150.589844990316465, -34.979942529170849 ], [ 150.589838482258301, -34.979948580407857 ], [ 150.589831938927176, -34.979954788701477 ], [ 150.589825386699829, -34.979961150969686 ], [ 150.589818850911172, -34.979967662306812 ], [ 150.589812357885194, -34.979974321432721 ], [ 150.589805934025122, -34.979981124364443 ], [ 150.589799604639467, -34.979988067097288 ], [ 150.589793396078704, -34.979995147450182 ], [ 150.58978733362494, -34.980002362319397 ], [ 150.58978144368146, -34.980009707721962 ], [ 150.589775752651548, -34.980017179674967 ], [ 150.589771528299622, -34.980023004020161 ], [ 150.589766324311569, -34.980030525310532 ], [ 150.589761304440628, -34.980038154828122 ], [ 150.589756450210103, -34.980045887698616 ], [ 150.589751744317255, -34.980053716366619 ], [ 150.589747170448248, -34.980061636902242 ], [ 150.58974270911105, -34.980069641706606 ], [ 150.589738344018201, -34.980077725948853 ], [ 150.589734057814184, -34.980085883875475 ], [ 150.589729832075022, -34.98009410881027 ], [ 150.589725650513401, -34.980102395922387 ], [ 150.589721494705429, -34.980110738535579 ], [ 150.589717348390081, -34.980119130918077 ], [ 150.589713193117063, -34.980127567294623 ], [ 150.589709011557147, -34.980136041010695 ], [ 150.589704786301837, -34.980144548114644 ], [ 150.589700500048281, -34.980153081051064 ], [ 150.589696135440846, -34.98016163406637 ], [ 150.589691674002751, -34.980170202286232 ], [ 150.589687099472997, -34.98017877997885 ], [ 150.589682394548646, -34.980187359588754 ], [ 150.589677685809136, -34.980195695725357 ], [ 150.589673210806154, -34.980203418996169 ], [ 150.589668644974068, -34.980211139561284 ], [ 150.589664000300985, -34.980218859461736 ], [ 150.589659289948884, -34.980226578057469 ], [ 150.589654530337327, -34.980234295674613 ], [ 150.589649732412596, -34.980242012530567 ], [ 150.589644911499619, -34.980249728929699 ], [ 150.589640080733943, -34.980257445132921 ], [ 150.589635253251259, -34.980265161401135 ], [ 150.589630443308209, -34.980272877116029 ], [ 150.589625665082281, -34.980280594362156 ], [ 150.589620930640791, -34.980288312477725 ], [ 150.589616255308727, -34.980296031767125 ], [ 150.58961165222172, -34.980303752491281 ], [ 150.589607135610038, -34.980311474932833 ], [ 150.589602717514708, -34.980319199330971 ], [ 150.589598413260688, -34.980326925990099 ], [ 150.589594234915353, -34.980334654248423 ], [ 150.58959019775088, -34.980342386212278 ], [ 150.589586314929363, -34.980350121241599 ], [ 150.589582599586407, -34.980357859597341 ], [ 150.589579067047055, -34.980365601583919 ], [ 150.589574871909747, -34.980375396582076 ], [ 150.589571310870099, -34.980384297294627 ], [ 150.589567968598487, -34.980393207761196 ], [ 150.589564824296872, -34.980402127568716 ], [ 150.589561859250892, -34.980411059951365 ], [ 150.589559055919892, -34.980420005462207 ], [ 150.589556393400244, -34.980428967291957 ], [ 150.589553854177723, -34.980437945092724 ], [ 150.589551417348559, -34.980446942055195 ], [ 150.589549066466901, -34.980455958754199 ], [ 150.589546780628922, -34.980464998380405 ], [ 150.589544542294021, -34.980474061486895 ], [ 150.589542330611238, -34.980483149462437 ], [ 150.589540127987163, -34.98049226466199 ], [ 150.589537915760076, -34.980501408517817 ], [ 150.589535674147243, -34.980510583341413 ], [ 150.589533384513345, -34.980519789664058 ], [ 150.589531027075651, -34.980529029797239 ], [ 150.589528584267072, -34.980538305194962 ], [ 150.58952603633125, -34.98054761726771 ], [ 150.589524147949362, -34.980554270479779 ], [ 150.589521721775867, -34.980562530249372 ], [ 150.589519190897875, -34.980570812278863 ], [ 150.589516555421, -34.980579112964456 ], [ 150.589513808935806, -34.980587426770001 ], [ 150.58951094826412, -34.980595750026481 ], [ 150.589507971322234, -34.980604079086611 ], [ 150.58950487279543, -34.980612408435981 ], [ 150.589501650573624, -34.980620735328252 ], [ 150.58949830043673, -34.980629054270764 ], [ 150.589494817043629, -34.980637360650036 ], [ 150.58949120047356, -34.980645651763261 ], [ 150.589487443222424, -34.980653922052497 ], [ 150.58948354432772, -34.980662166991266 ], [ 150.589479499490068, -34.980670383789743 ], [ 150.589475304489355, -34.980678566955255 ], [ 150.589470957241929, -34.980686712840523 ], [ 150.589466452433101, -34.980694815931102 ], [ 150.589461786858152, -34.980702873458945 ], [ 150.589456957365201, -34.980710880854026 ], [ 150.589451960802393, -34.980718833546376 ], [ 150.589446792923184, -34.980726726944283 ], [ 150.589441449481114, -34.980734556455978 ], [ 150.589438143352254, -34.980739245143752 ], [ 150.58943272642631, -34.980746704493548 ], [ 150.589427177511766, -34.980754108034418 ], [ 150.589421517301133, -34.980761459783309 ], [ 150.589415767581556, -34.980768763778833 ], [ 150.589409947950912, -34.980776024016208 ], [ 150.589404080196346, -34.980783244534031 ], [ 150.589398183889301, -34.980790430228474 ], [ 150.589392283006248, -34.980797585181648 ], [ 150.589386396050429, -34.98080471336705 ], [ 150.589380544809018, -34.980811818823319 ], [ 150.589374749948178, -34.980818906468336 ], [ 150.589369033281457, -34.980825979439857 ], [ 150.589363414353926, -34.980833043534957 ], [ 150.58935791610034, -34.980840101012205 ], [ 150.589352556971107, -34.980847157646934 ], [ 150.5893473609691, -34.980854216620415 ], [ 150.589342346597675, -34.980861281906066 ], [ 150.589337536685861, -34.980868359366305 ], [ 150.589332949763332, -34.98087545207359 ], [ 150.589328609806614, -34.980882564110168 ], [ 150.589324535319065, -34.980889699449513 ], [ 150.589320749156144, -34.980896863053012 ], [ 150.589317270915814, -34.980904058915904 ], [ 150.589313334598046, -34.980913205477755 ], [ 150.589310105368583, -34.980921770213172 ], [ 150.589307262611953, -34.980930377783146 ], [ 150.589304771326084, -34.980939026590946 ], [ 150.589302597682746, -34.98094771235867 ], [ 150.589300708921996, -34.980956431731173 ], [ 150.589299068973531, -34.980965182188967 ], [ 150.589297645103755, -34.980973959475932 ], [ 150.589296403431575, -34.980982761116096 ], [ 150.589295310075926, -34.980991584633443 ], [ 150.589294330140319, -34.981000424827414 ], [ 150.589293429717173, -34.981009280122954 ], [ 150.58929257607295, -34.981018146263935 ], [ 150.58929173423175, -34.98102702075262 ], [ 150.589290870365346, -34.981035899311095 ], [ 150.589289949471436, -34.981044780342565 ], [ 150.589288939937404, -34.981053658711687 ], [ 150.589287805666345, -34.981062532799925 ], [ 150.58928651392452, -34.981071398351112 ], [ 150.589285030830695, -34.981080252889235 ], [ 150.589284014406957, -34.98108566856996 ], [ 150.589282235244156, -34.981094235967504 ], [ 150.589280268900069, -34.981102724824446 ], [ 150.589278130767553, -34.98111109578187 ], [ 150.589275837307696, -34.981119310403471 ], [ 150.58927340391341, -34.981127329330299 ], [ 150.58927084819328, -34.981135112345932 ], [ 150.58926818554022, -34.981142620091425 ], [ 150.589265431294336, -34.981149815009701 ], [ 150.589262603117106, -34.981156655082444 ], [ 150.589259715227598, -34.981163103631815 ], [ 150.589256785260886, -34.981169119540453 ], [ 150.589253828609969, -34.981174663449387 ], [ 150.589250861736048, -34.981179696922403 ], [ 150.589247900032149, -34.981184180600522 ], [ 150.589244961106942, -34.981188074267351 ], [ 150.589242059232447, -34.981191339443164 ], [ 150.589239212017333, -34.981193935911534 ], [ 150.589236434828251, -34.981195825214499 ], [ 150.589233744179268, -34.981196967113895 ], [ 150.589231155437034, -34.981197323151761 ], [ 150.589229175166793, -34.981197024188532 ], [ 150.589226696332616, -34.981195873346707 ], [ 150.589224346707397, -34.981193902028359 ], [ 150.589222128253937, -34.981191155346046 ], [ 150.589220039624905, -34.981187679248045 ], [ 150.589218082783106, -34.981183518846933 ], [ 150.589216257502216, -34.981178719211762 ], [ 150.589214564676865, -34.981173324532442 ], [ 150.589213005122446, -34.981167381701653 ], [ 150.589211577570694, -34.981160933964844 ], [ 150.589210283958067, -34.981154027335513 ], [ 150.589209124058129, -34.981146706882747 ], [ 150.589208098765454, -34.981139016796384 ], [ 150.589207207800797, -34.981131003947404 ], [ 150.589206453153366, -34.981122712547446 ], [ 150.58920583347566, -34.981114188544744 ], [ 150.589205349688683, -34.98110547522824 ], [ 150.589205003728836, -34.98109661861141 ], [ 150.589204794248587, -34.981087664642565 ], [ 150.58920472214254, -34.981078657511524 ] ] ] ] } },
{ "type": "Feature", "properties": { "OBJECTID": 30, "Comments": "Operational noise contour - OpContoursBuild2040Night", "FSource": "MOTTM - noise specialists model run for Rev B", "SourceDate": 20251027.0, "Supplier": "MOTTM", "path_windows": "C:\\Users\\bri86955\\Mott MacDonald\\MGO - Moata Geospatial - JBR2HR\\01Incoming\\20251024_Noise\\Noise shp files Rev B\\Noise Rev B figures\\Metadata\\OpContours\\OpContoursBuild2040Night.shp", "path_rootname": "OpContoursBuild2040Night", "IsoValue": 70, "shapefile_type": "shapefile_polygon", "SHAPE_Length": 44.570130651117246, "SHAPE_Area": 110.71992259695156 }, "geometry": { "type": "MultiPolygon", "coordinates": [ [ [ [ 150.590353791294632, -34.978762254869849 ], [ 150.590354126988274, -34.978754725230452 ], [ 150.590354842515893, -34.978745558848239 ], [ 150.590355872365848, -34.978736505080832 ], [ 150.590357197348595, -34.978727583379559 ], [ 150.590357657923704, -34.978725060290131 ], [ 150.590452681556513, -34.978750861269496 ], [ 150.590467102341051, -34.978755658559002 ], [ 150.590467911862277, -34.978755878364602 ], [ 150.590473633546452, -34.978757781389646 ], [ 150.590468677638569, -34.978764691033305 ], [ 150.59046075312034, -34.978776362806862 ], [ 150.590455593431216, -34.978784358283363 ], [ 150.590450638844771, -34.978792306448064 ], [ 150.590445877519613, -34.97880016289372 ], [ 150.590441303034567, -34.978807885123707 ], [ 150.590436904695565, -34.978815426950618 ], [ 150.590432673918627, -34.978822744933431 ], [ 150.590428599983369, -34.978829793785692 ], [ 150.590424676494962, -34.978836530109795 ], [ 150.590420891638502, -34.978842908597578 ], [ 150.590417237950959, -34.978848884928759 ], [ 150.590413704685517, -34.978854414717837 ], [ 150.590410283284655, -34.978859453622796 ], [ 150.590406965190766, -34.97886395730162 ], [ 150.590403740751697, -34.978867881390535 ], [ 150.59040060140984, -34.978871181547518 ], [ 150.590397536444812, -34.97887381248615 ], [ 150.590394537272658, -34.978875730765317 ], [ 150.590391595362206, -34.978876891142058 ], [ 150.590388699940235, -34.978877250131816 ], [ 150.590384906746181, -34.978876439214645 ], [ 150.590382103296093, -34.978874893417391 ], [ 150.590379365680207, -34.978872596198265 ], [ 150.590376704671769, -34.978869591041793 ], [ 150.590374130991364, -34.97886592323448 ], [ 150.590371657495922, -34.978861639908118 ], [ 150.590369293864114, -34.978856784525547 ], [ 150.590367053005707, -34.978851402416716 ], [ 150.590364944520076, -34.978845539747276 ], [ 150.590362981316957, -34.978839241847183 ], [ 150.590361173048592, -34.978832553080203 ], [ 150.590359532624632, -34.978825518776262 ], [ 150.590358070739114, -34.97881818512279 ], [ 150.590356799207058, -34.978810597427959 ], [ 150.590355728801683, -34.97880279917635 ], [ 150.590354870190566, -34.978794837456306 ], [ 150.590354236309764, -34.978786756696806 ], [ 150.590353837853201, -34.978778603085281 ], [ 150.590353685594124, -34.978770420106265 ], [ 150.590353791294632, -34.978762254869849 ] ] ] ] } },
{ "type": "Feature", "properties": { "OBJECTID": 47, "Comments": "Operational noise contour - OpContoursBuild2040Night", "FSource": "MOTTM - noise specialists model run for Rev B", "SourceDate": 20251027.0, "Supplier": "MOTTM", "path_windows": "C:\\Users\\bri86955\\Mott MacDonald\\MGO - Moata Geospatial - JBR2HR\\01Incoming\\20251024_Noise\\Noise shp files Rev B\\Noise Rev B figures\\Metadata\\OpContours\\OpContoursBuild2040Night.shp", "path_rootname": "OpContoursBuild2040Night", "IsoValue": 70, "shapefile_type": "shapefile_polygon", "SHAPE_Length": 1599.4615159485827, "SHAPE_Area": 10932.038004063015 }, "geometry": { "type": "MultiPolygon", "coordinates": [ [ [ [ 150.577691263523121, -35.044485373042491 ], [ 150.577690930910535, -35.044477299223992 ], [ 150.577690728301121, -35.044469351502663 ], [ 150.577690637421824, -35.044461332093547 ], [ 150.577690655416433, -35.044453263476122 ], [ 150.577690776089042, -35.044445169866009 ], [ 150.577690995487927, -35.044437073720836 ], [ 150.57769130632164, -35.04442899923437 ], [ 150.577691705734026, -35.044420968886058 ], [ 150.577692187582358, -35.044413005089744 ], [ 150.57769274783513, -35.044405133005775 ], [ 150.577693380376246, -35.044397374147046 ], [ 150.577694080105346, -35.044389752751094 ], [ 150.577694843070674, -35.044382291275518 ], [ 150.577695663102986, -35.044375013035051 ], [ 150.577696536224011, -35.044367941388217 ], [ 150.577697456237843, -35.044361100550653 ], [ 150.577698418123902, -35.044354512057168 ], [ 150.577699417877369, -35.044348200167178 ], [ 150.577700449355547, -35.044342187294504 ], [ 150.577701508553531, -35.044336497698581 ], [ 150.577706764677629, -35.044314891912578 ], [ 150.577712937895967, -35.044299644421628 ], [ 150.577721677710343, -35.044285973473919 ], [ 150.577734024320876, -35.044272172649109 ], [ 150.577751020170268, -35.044256533768014 ], [ 150.577755772485858, -35.044252430597609 ], [ 150.577760805487003, -35.044248139219924 ], [ 150.577766093844588, -35.044243663636266 ], [ 150.577771606752094, -35.044239007738462 ], [ 150.577777317758319, -35.044234176406903 ], [ 150.577783198247687, -35.044229173577186 ], [ 150.57778921845599, -35.044224004964995 ], [ 150.577795350836567, -35.044218675428795 ], [ 150.577801567895932, -35.044213188025203 ], [ 150.577807838774419, -35.044207548447957 ], [ 150.577814138142969, -35.044201760698407 ], [ 150.577820435141831, -35.044195830470343 ], [ 150.577826702277662, -35.044189760820394 ], [ 150.577832910855136, -35.044183558387054 ], [ 150.577839032311971, -35.044177225304175 ], [ 150.577845039048384, -35.044170768232121 ], [ 150.577850901353429, -35.044164191084725 ], [ 150.577856592802561, -35.044157497841496 ], [ 150.577862082536257, -35.044150694196247 ], [ 150.577867344130027, -35.044143784128472 ], [ 150.577872347846352, -35.044136772452944 ], [ 150.577877066165371, -35.044129663127293 ], [ 150.577882233189456, -35.04412116730272 ], [ 150.577886667482261, -35.044113171575752 ], [ 150.577890764251805, -35.044105098792592 ], [ 150.577894543833253, -35.044096965585744 ], [ 150.577898025492942, -35.044088787664968 ], [ 150.577901228444034, -35.044080582541781 ], [ 150.577904174170357, -35.044072365068757 ], [ 150.577906879694098, -35.04406415271368 ], [ 150.577909365350479, -35.044055962109063 ], [ 150.577911651501182, -35.044047808986484 ], [ 150.577913756290542, -35.04403970993468 ], [ 150.577915701175755, -35.044031680707114 ], [ 150.57791750427441, -35.044023738793427 ], [ 150.577919184852846, -35.044015899903329 ], [ 150.577920763246112, -35.04400818066933 ], [ 150.577922258694002, -35.044000597701981 ], [ 150.57792369046274, -35.043993166711026 ], [ 150.577925078887375, -35.04398590432892 ], [ 150.577926443181042, -35.043978828067232 ], [ 150.577927802663169, -35.043971951833754 ], [ 150.577929307872495, -35.043964669247792 ], [ 150.57793201700116, -35.043952623050004 ], [ 150.577934942849481, -35.043941255473925 ], [ 150.577938188276448, -35.043930498260117 ], [ 150.577941856167598, -35.043920282248237 ], [ 150.577946050424089, -35.043910541002568 ], [ 150.577950875026744, -35.043901205384628 ], [ 150.577956432781207, -35.043892208936768 ], [ 150.5779628254773, -35.043883482476645 ], [ 150.577970159233502, -35.043874958711299 ], [ 150.577978535813003, -35.04386656935921 ], [ 150.577985687586278, -35.043860199154224 ], [ 150.577991839592471, -35.043855094462792 ], [ 150.577998308961241, -35.043849969967695 ], [ 150.578005046954985, -35.043844805764699 ], [ 150.578012001576269, -35.043839580983018 ], [ 150.578019122965372, -35.043834276597529 ], [ 150.578026360193746, -35.043828872660235 ], [ 150.578033663454875, -35.043823348344176 ], [ 150.578040982915695, -35.043817683723269 ], [ 150.578048266525599, -35.043811859728692 ], [ 150.578055464478041, -35.043805855533442 ], [ 150.5780625280089, -35.043799652134339 ], [ 150.578069404051888, -35.043793227737872 ], [ 150.578076044938285, -35.043786563362758 ], [ 150.578082397522053, -35.043779639918277 ], [ 150.578088413118849, -35.0437724356985 ], [ 150.578094040773578, -35.043764931656504 ], [ 150.578099000868377, -35.043757502624061 ], [ 150.578103152462859, -35.043750578487561 ], [ 150.578107019343548, -35.043743459357415 ], [ 150.578110619601404, -35.043736163624217 ], [ 150.578113971300724, -35.043728710579465 ], [ 150.578117092532608, -35.043721118613732 ], [ 150.578120001334696, -35.043713407919476 ], [ 150.578122714729176, -35.043705595964433 ], [ 150.578125250753772, -35.043697702941024 ], [ 150.578127628568296, -35.043689748162642 ], [ 150.578129864099424, -35.043681749075176 ], [ 150.578131977602396, -35.043673725013832 ], [ 150.578133986019509, -35.043665696149205 ], [ 150.578135906346233, -35.043657680849911 ], [ 150.578137757768985, -35.043649697528437 ], [ 150.57813955835212, -35.043641765476252 ], [ 150.578141323969021, -35.043633903941078 ], [ 150.57814307487493, -35.043626132258161 ], [ 150.578144829187352, -35.043618467917106 ], [ 150.57814660272652, -35.043610931967514 ], [ 150.57814911886851, -35.043600742524731 ], [ 150.578151840247642, -35.043590432779389 ], [ 150.578154690663041, -35.043580430305049 ], [ 150.578157693066402, -35.043570737363005 ], [ 150.578160874817769, -35.043561355401195 ], [ 150.578164259990871, -35.043552285801859 ], [ 150.578167873728319, -35.043543530870089 ], [ 150.578171740077181, -35.04353509288903 ], [ 150.578175885328648, -35.043526972383816 ], [ 150.578180333476666, -35.043519173439442 ], [ 150.578185110839058, -35.043511695680074 ], [ 150.578190240314143, -35.043504543168822 ], [ 150.578195748219855, -35.043497715529838 ], [ 150.578201660767576, -35.043491215990947 ], [ 150.578209654543883, -35.043483501381765 ], [ 150.578216875825603, -35.043477225400473 ], [ 150.578224474866062, -35.043471037193427 ], [ 150.578232404035646, -35.043464805097408 ], [ 150.578240614529449, -35.043458400130142 ], [ 150.578249060855484, -35.043451692474044 ], [ 150.578257694235333, -35.043444552245916 ], [ 150.578266468054835, -35.043436850507263 ], [ 150.578275334631002, -35.043428457396772 ], [ 150.578284247376132, -35.04341924307505 ], [ 150.578293158633727, -35.043409076779852 ], [ 150.578302019571908, -35.04339783042991 ], [ 150.578310785820491, -35.043385373328682 ], [ 150.578315644430546, -35.043377816054736 ], [ 150.578319034095045, -35.043372268549021 ], [ 150.57832240273504, -35.043366542133995 ], [ 150.578325748882634, -35.043360649400796 ], [ 150.578329073314052, -35.043354601182465 ], [ 150.57833237782117, -35.043348411036675 ], [ 150.578335660962694, -35.043342090653695 ], [ 150.578338922392817, -35.043335651745565 ], [ 150.578342164998844, -35.043329107891907 ], [ 150.578345386297229, -35.043322468959168 ], [ 150.578348588053331, -35.043315749405998 ], [ 150.578351769974432, -35.043308959142621 ], [ 150.578354932730434, -35.043302112605808 ], [ 150.578358076002104, -35.043295220606709 ], [ 150.578361200512489, -35.043288295780215 ], [ 150.578364305889124, -35.04328135073937 ], [ 150.578367392908319, -35.043274396317202 ], [ 150.57837046226652, -35.043267446049519 ], [ 150.578373512522404, -35.043260511626571 ], [ 150.578376545521081, -35.043253604804171 ], [ 150.578379560890227, -35.043246738195371 ], [ 150.578382558283977, -35.043239923512239 ], [ 150.578385538398777, -35.043233174290627 ], [ 150.578388502010938, -35.043226501363549 ], [ 150.578391448774596, -35.043219916443107 ], [ 150.578394379386253, -35.043213433065155 ], [ 150.578397293500132, -35.04320706294174 ], [ 150.578400191839251, -35.043200818707795 ], [ 150.578403074084463, -35.043194711174479 ], [ 150.578405940932214, -35.043188753877601 ], [ 150.578408793132184, -35.043182958551149 ], [ 150.578411629243163, -35.043177336885343 ], [ 150.578414451083603, -35.043171901536937 ], [ 150.578421762805164, -35.043158588738798 ], [ 150.57843025021856, -35.043144436720716 ], [ 150.578438607505916, -35.04313168477703 ], [ 150.578446840137786, -35.04312007339621 ], [ 150.578454952515671, -35.043109342143865 ], [ 150.578462950163015, -35.04309922970657 ], [ 150.578470838550004, -35.04308947657271 ], [ 150.578478619940029, -35.043079820462331 ], [ 150.578486301993962, -35.043070001907559 ], [ 150.578493889112735, -35.043059760473973 ], [ 150.578501384628311, -35.043048834804367 ], [ 150.578505259194827, -35.04304278945331 ], [ 150.578509073086934, -35.043036571612824 ], [ 150.578512864561105, -35.043030147791328 ], [ 150.578516634127567, -35.043023537831182 ], [ 150.578520381094762, -35.04301676515658 ], [ 150.578524105893138, -35.043009852312636 ], [ 150.578527808979715, -35.043002820943535 ], [ 150.578531490784997, -35.042995693594435 ], [ 150.578535150643972, -35.042988492788595 ], [ 150.578538789040351, -35.042981239269238 ], [ 150.578542407446832, -35.042973957405287 ], [ 150.578546003087325, -35.042966666973427 ], [ 150.57854957962553, -35.042959392386287 ], [ 150.578553134232067, -35.04295215522243 ], [ 150.57855666845964, -35.042944977147961 ], [ 150.578560182738613, -35.042937880707974 ], [ 150.578563676404116, -35.042930888425744 ], [ 150.578567149913226, -35.042924021945474 ], [ 150.578570604791906, -35.042917303834166 ], [ 150.578574038210917, -35.042910755670427 ], [ 150.578577453860532, -35.042904400965902 ], [ 150.578584796609448, -35.042891334874916 ], [ 150.578591134478017, -35.042880710607918 ], [ 150.578597456767994, -35.04287068820561 ], [ 150.578603788718539, -35.042861192449273 ], [ 150.578610155595214, -35.042852147219229 ], [ 150.578616582610465, -35.042843478197597 ], [ 150.578623093881305, -35.04283511104471 ], [ 150.578629715795216, -35.042826968761773 ], [ 150.578636471373756, -35.042818976987206 ], [ 150.578643386924568, -35.042811061424992 ], [ 150.578650487739736, -35.042803145054513 ], [ 150.578659003832399, -35.042793847960262 ], [ 150.578665283687059, -35.042787081686569 ], [ 150.578671724127872, -35.042780185202865 ], [ 150.578678329372025, -35.042773127042189 ], [ 150.578685106923075, -35.042765875803191 ], [ 150.578692062146899, -35.042758398238938 ], [ 150.578699201451599, -35.042750662926167 ], [ 150.578706531298423, -35.042742636639822 ], [ 150.578714057026559, -35.042734287033852 ], [ 150.578721785044053, -35.042725582685016 ], [ 150.578729720716666, -35.042716490346365 ], [ 150.57873787152127, -35.04270697951744 ], [ 150.578746241754658, -35.04269701602847 ], [ 150.578753244335644, -35.042688527966298 ], [ 150.57875823702085, -35.042682403968563 ], [ 150.578763304016917, -35.042676139023513 ], [ 150.578768442946625, -35.042669739393894 ], [ 150.578773655734977, -35.04266321413273 ], [ 150.578778941100211, -35.042656569524659 ], [ 150.578784297707472, -35.042649813656162 ], [ 150.57878972649263, -35.042642951954718 ], [ 150.578795228311748, -35.042635992550515 ], [ 150.578800800734484, -35.042628943508198 ], [ 150.578806443601195, -35.042621810233328 ], [ 150.578812158836882, -35.042614601778922 ], [ 150.578817942968897, -35.042607324385905 ], [ 150.578823799070818, -35.0425999853273 ], [ 150.578829724738966, -35.042592591766791 ], [ 150.578835719760548, -35.04258515091184 ], [ 150.57884178501817, -35.042577669991701 ], [ 150.578847919203668, -35.042570156191957 ], [ 150.578854122104133, -35.042562616720069 ], [ 150.578860393480312, -35.042555059684354 ], [ 150.57886673426799, -35.042547490512277 ], [ 150.578873143132341, -35.042539917290341 ], [ 150.578879618738569, -35.042532348104984 ], [ 150.578884940009715, -35.042526194603774 ], [ 150.578891171307959, -35.042519066763212 ], [ 150.578897491762547, -35.042511926279047 ], [ 150.578903915986757, -35.042504760822581 ], [ 150.57891046078467, -35.042497558108835 ], [ 150.578917140742959, -35.042490306710043 ], [ 150.578923972639132, -35.042482995242153 ], [ 150.578930969990893, -35.042475611354604 ], [ 150.578938149575748, -35.042468143663299 ], [ 150.57894552712898, -35.04246057896048 ], [ 150.578953118332521, -35.0424529058402 ], [ 150.578960936677476, -35.04244511285281 ], [ 150.578969000036835, -35.042437188636072 ], [ 150.578977323076856, -35.042429119059385 ], [ 150.578985921426295, -35.042420894518671 ], [ 150.578994809698258, -35.042412502685153 ], [ 150.579004004723373, -35.042403930372849 ], [ 150.579013522156941, -35.042395167076755 ], [ 150.579023375516556, -35.042386200446181 ], [ 150.579033582701641, -35.042377018217948 ], [ 150.57904415829853, -35.042367608964206 ], [ 150.57905511692033, -35.042357960356114 ], [ 150.579066475370837, -35.042348060108601 ], [ 150.579078248209868, -35.042337897694686 ], [ 150.579090451145788, -35.042327460807392 ], [ 150.579098386318435, -35.042320722148496 ], [ 150.579104019475835, -35.042315958606991 ], [ 150.579109731925513, -35.042311145264939 ], [ 150.579115517015026, -35.042306284693879 ], [ 150.579121372473622, -35.042301379552882 ], [ 150.579127294961751, -35.04229643157818 ], [ 150.579133278895739, -35.042291444264109 ], [ 150.579139323126924, -35.042286419390663 ], [ 150.579145422098293, -35.042281359551311 ], [ 150.579151573565667, -35.042276266504118 ], [ 150.57915777191883, -35.042271144644396 ], [ 150.579164016035776, -35.042265994851206 ], [ 150.579170299263922, -35.042260819696118 ], [ 150.579176620428058, -35.042255621859994 ], [ 150.579182973971143, -35.042250403936357 ], [ 150.579189357622454, -35.042245168584209 ], [ 150.57919576585158, -35.04223991749604 ], [ 150.579202197456652, -35.042234654253733 ], [ 150.579208646907261, -35.042229380549792 ], [ 150.579215111959257, -35.042224098142334 ], [ 150.579221587002451, -35.042218811426658 ], [ 150.579228069819351, -35.042213521259953 ], [ 150.579234555948346, -35.042208230257543 ], [ 150.579241041996767, -35.042202941957541 ], [ 150.579247524651635, -35.042197657195274 ], [ 150.579253999398134, -35.042192380387917 ], [ 150.579260464018887, -35.042187112392661 ], [ 150.57926691295674, -35.042181855802951 ], [ 150.579273342819079, -35.042176614156922 ], [ 150.579279751388384, -35.042171388311765 ], [ 150.579286133054467, -35.04216618266279 ], [ 150.57929248559978, -35.042160998067203 ], [ 150.579298804536251, -35.042155838041253 ], [ 150.579305087646361, -35.04215070344214 ], [ 150.579311328224435, -35.042145598643309 ], [ 150.579317525121922, -35.042140525424777 ], [ 150.579323673877184, -35.042135486401847 ], [ 150.579329771150753, -35.042130483310814 ], [ 150.579335812481105, -35.042125518766987 ], [ 150.579341795570912, -35.042120596330356 ], [ 150.579347714916423, -35.042115716792551 ], [ 150.579353567124855, -35.042110883691663 ], [ 150.579359349925681, -35.042106099686784 ], [ 150.579365057788408, -35.04210136647044 ], [ 150.579370688442395, -35.042096686701704 ], [ 150.579376237399515, -35.042092063896831 ], [ 150.579381701346875, -35.042087498891178 ], [ 150.579387076918351, -35.042082994321937 ], [ 150.57939235959924, -35.042078554606292 ], [ 150.579397546103195, -35.042074179678679 ], [ 150.579402633037574, -35.04206987307721 ], [ 150.579407617036253, -35.042065637439109 ], [ 150.579412492542247, -35.042061475357833 ], [ 150.579417257284916, -35.042057389492463 ], [ 150.579421907951371, -35.042053380678325 ], [ 150.579426438931392, -35.042049453310774 ], [ 150.579447946665596, -35.042030469667161 ], [ 150.579466442456493, -35.042013598419061 ], [ 150.579482416138063, -35.041998509494668 ], [ 150.579496212321885, -35.041985002437755 ], [ 150.579508174523426, -35.041972876769897 ], [ 150.579518644040149, -35.041961932869647 ], [ 150.579527964413188, -35.041951969357193 ], [ 150.579536479130098, -35.04194278665441 ], [ 150.579544531731329, -35.04193418338123 ], [ 150.579552463539642, -35.041925959014648 ], [ 150.579560619163857, -35.04191791309713 ], [ 150.579568345467834, -35.04191070958931 ], [ 150.579574864546146, -35.041904857614576 ], [ 150.579581610264256, -35.041898939849276 ], [ 150.579588552640814, -35.041892932256978 ], [ 150.579595659556674, -35.041886808955582 ], [ 150.579602901003909, -35.041880546809558 ], [ 150.579610247001142, -35.041874121782428 ], [ 150.579617666524712, -35.041867508014022 ], [ 150.579625128444633, -35.041860683247869 ], [ 150.579632602859306, -35.04185362074471 ], [ 150.579640058665291, -35.041846297347192 ], [ 150.579647464785722, -35.041838688997025 ], [ 150.579654791265938, -35.041830770756853 ], [ 150.579662007055589, -35.041822517667462 ], [ 150.579669082146779, -35.041813906593347 ], [ 150.579675670921858, -35.041805357928993 ], [ 150.579680533665226, -35.041798730083613 ], [ 150.579685346713262, -35.041791929066932 ], [ 150.579690126258356, -35.041784963315287 ], [ 150.579694886248888, -35.041777843023176 ], [ 150.579699645041586, -35.041770577571612 ], [ 150.579704416611349, -35.041763176254136 ], [ 150.579709219288304, -35.041755649352687 ], [ 150.579714067100582, -35.041748004358944 ], [ 150.579718976187365, -35.041740251511122 ], [ 150.579723964905384, -35.041732400190185 ], [ 150.579729046107531, -35.04172446056878 ], [ 150.579734238177053, -35.041716441126937 ], [ 150.579739556157705, -35.041708352080981 ], [ 150.57974501624193, -35.041700201867258 ], [ 150.579750634568853, -35.04169200072392 ], [ 150.579756426235434, -35.041683757065435 ], [ 150.579762409571771, -35.041675481173719 ], [ 150.579768598552732, -35.041667182342259 ], [ 150.579775009370678, -35.041658869007385 ], [ 150.579781659233646, -35.041650552330047 ], [ 150.579786559680429, -35.041644614850675 ], [ 150.579792141261635, -35.0416380301942 ], [ 150.579797855098349, -35.041631458093171 ], [ 150.579803686763682, -35.041624904569865 ], [ 150.579809622926206, -35.041618375668413 ], [ 150.579815649212208, -35.041611875609227 ], [ 150.579821749030458, -35.041605409469952 ], [ 150.579827910118382, -35.041598984217494 ], [ 150.5798341181289, -35.04159260317136 ], [ 150.579840357539695, -35.04158627233199 ], [ 150.579846613923849, -35.041579997721655 ], [ 150.579852873976591, -35.041573784483582 ], [ 150.579859123324269, -35.041567636838238 ], [ 150.579865346444564, -35.041561560786036 ], [ 150.579871528937218, -35.041555561448341 ], [ 150.579877658566261, -35.041549644891205 ], [ 150.579883717671777, -35.041543815269485 ], [ 150.579889695086621, -35.041538079572021 ], [ 150.579895574272911, -35.041532441074615 ], [ 150.579901340803787, -35.041526905799564 ], [ 150.579906981347904, -35.041521479791072 ], [ 150.579912481531636, -35.041516167269585 ], [ 150.579917826928153, -35.041510974257442 ], [ 150.579923002041852, -35.041505905854201 ], [ 150.579927993541361, -35.04150096810401 ], [ 150.579932787079656, -35.041496164326453 ], [ 150.579937367081328, -35.041491502323829 ], [ 150.579945166135815, -35.041483353707051 ], [ 150.579957036023956, -35.041470376971745 ], [ 150.579967372375677, -35.041458481132437 ], [ 150.579976615818993, -35.041447443307533 ], [ 150.579985208050402, -35.041437041538082 ], [ 150.579993588575064, -35.041427053821209 ], [ 150.580002199142001, -35.041417256395789 ], [ 150.580011479202597, -35.041407429060548 ], [ 150.580021869409734, -35.041397348032177 ], [ 150.580028360411063, -35.041391479244432 ], [ 150.58003415612086, -35.041386440348887 ], [ 150.580040265508217, -35.041381283311274 ], [ 150.580046673422999, -35.041376001518962 ], [ 150.580053364714956, -35.041370588359271 ], [ 150.580060324207267, -35.041365038120581 ], [ 150.580067540009537, -35.041359345156735 ], [ 150.580074994754057, -35.041353503712351 ], [ 150.580082674386091, -35.041347507196619 ], [ 150.580090564797644, -35.04134135082068 ], [ 150.580098650865182, -35.041335027070993 ], [ 150.580106919576139, -35.041328531180504 ], [ 150.580115353616009, -35.041321855591988 ], [ 150.580123939945736, -35.041314996439283 ], [ 150.580132663415128, -35.041307947109857 ], [ 150.58014150999594, -35.041300700112004 ], [ 150.580150464458285, -35.041293251535933 ], [ 150.580159512773918, -35.041285593889967 ], [ 150.580169224572302, -35.041277218397838 ], [ 150.580175808975412, -35.041271452429292 ], [ 150.580182456039893, -35.041265568717833 ], [ 150.580189171375764, -35.041259562868078 ], [ 150.580195964948302, -35.041253431473031 ], [ 150.580202845574149, -35.041247172905713 ], [ 150.58020982110736, -35.041240781012561 ], [ 150.580216899295664, -35.041234253243822 ], [ 150.580224090077792, -35.041227587093395 ], [ 150.580231400185681, -35.041220777286817 ], [ 150.580238839558035, -35.041213821318031 ], [ 150.580246415995731, -35.04120671483534 ], [ 150.580254137246556, -35.041199455288954 ], [ 150.580262013275586, -35.041192039271841 ], [ 150.580270051910389, -35.041184461531401 ], [ 150.580278260872035, -35.041176720418733 ], [ 150.580286649056859, -35.04116881160401 ], [ 150.580295225334595, -35.041160731658344 ], [ 150.580303998574976, -35.041152477152849 ], [ 150.580312975483366, -35.041144043713949 ], [ 150.580322164902867, -35.041135428813668 ], [ 150.580331576825245, -35.041126628144028 ], [ 150.580341217929316, -35.0411176382324 ], [ 150.580351098153585, -35.041108456572651 ], [ 150.580361225298873, -35.041099078813062 ], [ 150.580368585348708, -35.041092284417545 ], [ 150.580374363017881, -35.041086963888517 ], [ 150.580380206858621, -35.041081592394782 ], [ 150.580386114600316, -35.041076172595396 ], [ 150.580392079510858, -35.041070709764789 ], [ 150.580398100388464, -35.04106520748482 ], [ 150.580404169458745, -35.041059669206213 ], [ 150.580410285493372, -35.04105409941176 ], [ 150.580416441813384, -35.041048501574011 ], [ 150.580422635026139, -35.041042879231128 ], [ 150.580428860590416, -35.041037237701289 ], [ 150.580435114044718, -35.041031579599796 ], [ 150.580441390874427, -35.041025909343922 ], [ 150.580447686591498, -35.041020230449938 ], [ 150.580453997750055, -35.041014548257849 ], [ 150.580460318793286, -35.041008865361192 ], [ 150.580466646328546, -35.041003185298102 ], [ 150.580472975814587, -35.040997513386742 ], [ 150.580479301667964, -35.040991853121554 ], [ 150.580485621591492, -35.040986208062535 ], [ 150.580491928879638, -35.040980582583231 ], [ 150.580498221261877, -35.040974979342714 ], [ 150.580504493074926, -35.040969404538203 ], [ 150.580510739884005, -35.040963859884165 ], [ 150.580516958243209, -35.040958350720622 ], [ 150.580523143664635, -35.040952880563893 ], [ 150.580529290538209, -35.040947453809309 ], [ 150.58053539549789, -35.040942073094136 ], [ 150.580541454002486, -35.040936743736552 ], [ 150.580547461590527, -35.040931468351914 ], [ 150.580553414816393, -35.040926252280258 ], [ 150.580559307001039, -35.040921098994211 ], [ 150.580565135847451, -35.040916012053756 ], [ 150.580570896867499, -35.040910994975228 ], [ 150.580576584424648, -35.040906053054947 ], [ 150.580582194057428, -35.040901188908293 ], [ 150.580587723415562, -35.040896407897129 ], [ 150.580593166968754, -35.040891711714096 ], [ 150.580598519053837, -35.040887106556433 ], [ 150.580603777400285, -35.040882595083225 ], [ 150.580608936371419, -35.040878182590802 ], [ 150.58061399262786, -35.040873870815474 ], [ 150.580618940533014, -35.040869665053577 ], [ 150.580623776667778, -35.04086556974422 ], [ 150.580628495475253, -35.040861587480926 ], [ 150.580633093509704, -35.040857723603736 ], [ 150.580646692398545, -35.040846395810448 ], [ 150.580667559460295, -35.040829305744509 ], [ 150.580685614148905, -35.040814773804655 ], [ 150.580701384419598, -35.040802180403517 ], [ 150.58071539940147, -35.040790903272232 ], [ 150.580728188169616, -35.040780321943501 ], [ 150.580740277633964, -35.040769815005007 ], [ 150.580752197990222, -35.040758761109764 ], [ 150.580764477215894, -35.040746539767795 ], [ 150.580766928433633, -35.040743999671648 ], [ 150.580771657031391, -35.040739016073331 ], [ 150.580776500719679, -35.040733809405388 ], [ 150.580781459152945, -35.04072839137995 ], [ 150.580786532065389, -35.040722771006266 ], [ 150.580791715851859, -35.040716959029972 ], [ 150.580797010193379, -35.04071096626221 ], [ 150.580802414850751, -35.040704800811383 ], [ 150.580807927260992, -35.040698475246792 ], [ 150.580813546062956, -35.040691998555886 ], [ 150.58081927096427, -35.04068538064891 ], [ 150.580825099455097, -35.040678632293314 ], [ 150.580831030147749, -35.040671763377475 ], [ 150.580837063845223, -35.040664783833499 ], [ 150.580843196942425, -35.040657704406975 ], [ 150.580849428051465, -35.040650534986277 ], [ 150.580855757948939, -35.040643286404453 ], [ 150.580862183082786, -35.040635967605226 ], [ 150.580868703107512, -35.040628590300699 ], [ 150.580875316661945, -35.040621163478335 ], [ 150.580882023453768, -35.040613697048343 ], [ 150.580888819851225, -35.040606202657294 ], [ 150.580895706710578, -35.040598688435388 ], [ 150.580902681468928, -35.040591166951948 ], [ 150.580909746263984, -35.040583640052567 ], [ 150.580916170462871, -35.040576872926401 ], [ 150.580922641339185, -35.040570121154445 ], [ 150.580929149890238, -35.040563392670236 ], [ 150.580935685002316, -35.040556692660857 ], [ 150.58094223545541, -35.040550029917078 ], [ 150.580948791231208, -35.040543409647825 ], [ 150.580955341136246, -35.040536839742941 ], [ 150.580961874003748, -35.040530327191391 ], [ 150.580968378719888, -35.040523877180213 ], [ 150.580974846255572, -35.040517498543949 ], [ 150.580981264401743, -35.040511196447781 ], [ 150.580987623060309, -35.040504978803483 ], [ 150.58099391109107, -35.040498851699034 ], [ 150.58100011839602, -35.040492823046172 ], [ 150.581006232739526, -35.040486898911084 ], [ 150.581012245172133, -35.040481085425469 ], [ 150.581018143378486, -35.040475391358299 ], [ 150.581023918435761, -35.040469821940405 ], [ 150.581029556986323, -35.040464384116987 ], [ 150.581035051149627, -35.040459084942604 ], [ 150.581040388663411, -35.040453931384334 ], [ 150.581045558360955, -35.040448930431147 ], [ 150.581050550170829, -35.040444089093882 ], [ 150.581055352952802, -35.040439413460554 ], [ 150.581059956635556, -35.040434910541997 ], [ 150.58107892658353, -35.040416097723728 ], [ 150.581091376824133, -35.040403648982995 ], [ 150.581102815882872, -35.040392372704737 ], [ 150.58111396954618, -35.040381779449511 ], [ 150.581125566833038, -35.040371381645016 ], [ 150.581138333501997, -35.040360690752138 ], [ 150.58115299744864, -35.040349220076962 ], [ 150.581156684376083, -35.040346441394256 ], [ 150.581162373820632, -35.04034221344024 ], [ 150.581168350694043, -35.040337828054682 ], [ 150.581174608662792, -35.040333276997991 ], [ 150.581181143584161, -35.0403285520743 ], [ 150.581187946933795, -35.040323645000427 ], [ 150.581195014568948, -35.040318547580512 ], [ 150.58120234015604, -35.040313251574993 ], [ 150.581209916266118, -35.040307748722491 ], [ 150.58121773872989, -35.040302031728096 ], [ 150.581225800118318, -35.040296092330401 ], [ 150.581234095219827, -35.040289921410789 ], [ 150.581242617674263, -35.040283511630655 ], [ 150.581251361174623, -35.040276853849505 ], [ 150.58126032042955, -35.040269941651516 ], [ 150.581269488036583, -35.040262765874402 ], [ 150.581278858757571, -35.040255318300396 ], [ 150.581288427354281, -35.040247590711864 ], [ 150.581298186371129, -35.040239575748309 ], [ 150.58130813056988, -35.04023126519207 ], [ 150.581318253643502, -35.040222649902667 ], [ 150.581328550353732, -35.04021372166239 ], [ 150.581332367100345, -35.040210368627491 ], [ 150.581338246537598, -35.040205160958941 ], [ 150.581344171405391, -35.04019986224705 ], [ 150.581350138258131, -35.040194477831896 ], [ 150.581356143596992, -35.040189014855386 ], [ 150.581362182880753, -35.040183478635676 ], [ 150.581368251541818, -35.040177875391912 ], [ 150.581374346134425, -35.040172210464135 ], [ 150.58138046209092, -35.040166490071478 ], [ 150.581386597034509, -35.040160720476763 ], [ 150.581392745328571, -35.04015490697634 ], [ 150.581398904596341, -35.040149055833034 ], [ 150.581405069201281, -35.040143172343207 ], [ 150.581411235644566, -35.040137263648759 ], [ 150.581417400480518, -35.04013133508974 ], [ 150.581423559141484, -35.040125392885287 ], [ 150.58142970711296, -35.040119441452696 ], [ 150.581435841964947, -35.040113488856626 ], [ 150.581441959182996, -35.040107539514345 ], [ 150.581448054172824, -35.040101600545981 ], [ 150.581454123515385, -35.0400956763906 ], [ 150.581460162616452, -35.040089774168294 ], [ 150.581466168030374, -35.040083899219127 ], [ 150.581472135189529, -35.040078057762244 ], [ 150.581478061717064, -35.040072256060462 ], [ 150.581483940907702, -35.040066498487406 ], [ 150.581489771426931, -35.040060793129577 ], [ 150.581495547664844, -35.040055144382436 ], [ 150.581501266149189, -35.040049558486984 ], [ 150.5815069223124, -35.040044041662348 ], [ 150.581512513804228, -35.04003859927046 ], [ 150.581518034935101, -35.040033238409528 ], [ 150.581523482285945, -35.040027963518718 ], [ 150.581528852357991, -35.04002278173995 ], [ 150.581534140610216, -35.040017698391424 ], [ 150.581539342501571, -35.040012718791374 ], [ 150.581544455628716, -35.040007850103592 ], [ 150.581549474328654, -35.040003098525354 ], [ 150.581554396304284, -35.039998467616726 ], [ 150.581562846769145, -35.039990594204909 ], [ 150.581575790417958, -35.039978729482712 ], [ 150.581588014362183, -35.039967742853335 ], [ 150.581599577284777, -35.039957539932388 ], [ 150.581610541154845, -35.039948026400872 ], [ 150.581620964708264, -35.039939106072481 ], [ 150.581630909887366, -35.039930685529086 ], [ 150.581640436496684, -35.039922669507028 ], [ 150.58164960428752, -35.039914964544501 ], [ 150.581658474159696, -35.039907475399637 ], [ 150.581667105917518, -35.039900106808673 ], [ 150.581675560434036, -35.039892764430611 ], [ 150.581683897460323, -35.03988535480358 ], [ 150.581692179017921, -35.039877781806481 ], [ 150.581696058792289, -35.039874148760006 ], [ 150.58170246214533, -35.039868047353977 ], [ 150.581708867828411, -35.039861829705394 ], [ 150.581715276246314, -35.039855519260357 ], [ 150.58172168777736, -35.039849140365902 ], [ 150.581728101757392, -35.039842715545319 ], [ 150.581734518538155, -35.0398362700466 ], [ 150.581740938524462, -35.039829827315828 ], [ 150.58174736214778, -35.039823409898162 ], [ 150.581753789786347, -35.039817042140626 ], [ 150.581760220749601, -35.039810747467499 ], [ 150.581766655415805, -35.039804550225789 ], [ 150.581773095311831, -35.039798472982497 ], [ 150.581779538598653, -35.039792540941924 ], [ 150.581785985707654, -35.039786776649215 ], [ 150.581792438139161, -35.039781203572318 ], [ 150.581798896271494, -35.039775846058269 ], [ 150.581805358318775, -35.03977072750947 ], [ 150.58181213643752, -35.039765632391067 ], [ 150.581821868020938, -35.039758730141614 ], [ 150.581831579923232, -35.039752197999917 ], [ 150.58184125416696, -35.039745902191072 ], [ 150.581850872748049, -35.039739709841093 ], [ 150.581860417662398, -35.039733488075967 ], [ 150.581869869810362, -35.039727103999859 ], [ 150.58187921230973, -35.03972042385972 ], [ 150.581888426034226, -35.039713315660627 ], [ 150.581897492979493, -35.039705646528603 ], [ 150.581906395167692, -35.039697282688735 ], [ 150.581915113498951, -35.03968809124521 ], [ 150.581921426157891, -35.039680715153253 ], [ 150.581926065671013, -35.03967491931521 ], [ 150.581930683123232, -35.039668867923183 ], [ 150.581935292383122, -35.039662573874182 ], [ 150.58193991055245, -35.039656051932639 ], [ 150.581944552595303, -35.0396493150174 ], [ 150.581949235639883, -35.039642376991956 ], [ 150.581953975719159, -35.039635251697945 ], [ 150.581958787770532, -35.039627952955144 ], [ 150.581963687826914, -35.039620494605174 ], [ 150.581968693016535, -35.039612890511528 ], [ 150.581973817181478, -35.03960515447212 ], [ 150.58197907854543, -35.039597300372272 ], [ 150.581984490976993, -35.039589341108965 ], [ 150.581990071577849, -35.039581291446602 ], [ 150.581995836407458, -35.039573164325844 ], [ 150.582001800403162, -35.03956497356647 ], [ 150.582007980666788, -35.039556733932827 ], [ 150.582014392162222, -35.039548458343788 ], [ 150.582021050895833, -35.039540161541829 ], [ 150.58202797404897, -35.039531855588535 ], [ 150.582031511988873, -35.039527733431918 ], [ 150.582037148364066, -35.039521323738143 ], [ 150.582042938096976, -35.03951491710199 ], [ 150.582048873519625, -35.039508513370542 ], [ 150.582054945868691, -35.039502112369007 ], [ 150.582061148571569, -35.039495713966339 ], [ 150.582067472891481, -35.03948931708684 ], [ 150.582073911107358, -35.039482923379452 ], [ 150.582080454482366, -35.039476531768514 ], [ 150.582087096443985, -35.039470142122923 ], [ 150.582093827133434, -35.039463754246114 ], [ 150.582100639978165, -35.039457368007 ], [ 150.582107527336802, -35.039450982351774 ], [ 150.582114479297502, -35.039444598885673 ], [ 150.582121490409634, -35.039438216598569 ], [ 150.582128550814474, -35.039431835293861 ], [ 150.582135653939503, -35.039425454840526 ], [ 150.582142789925939, -35.039419075041955 ], [ 150.582149953323238, -35.039412694888 ], [ 150.582157134219557, -35.039406315983967 ], [ 150.582164324973547, -35.039399937276031 ], [ 150.582171517917175, -35.039393558611295 ], [ 150.582178705382631, -35.039387179836893 ], [ 150.582185879701967, -35.039380800799897 ], [ 150.582193031042976, -35.039374420402851 ], [ 150.582200153875476, -35.039368040338395 ], [ 150.582207238367261, -35.039361659509055 ], [ 150.582214276850436, -35.039355277761942 ], [ 150.582223528199592, -35.039346816288877 ], [ 150.582231105379236, -35.03933982146917 ], [ 150.582238611063417, -35.039332835139582 ], [ 150.582246044050493, -35.039325860881995 ], [ 150.582253400948019, -35.039318902234655 ], [ 150.582260679405891, -35.039311964559488 ], [ 150.582267876031636, -35.039305051394713 ], [ 150.582274988501666, -35.039298167201338 ], [ 150.582282014518995, -35.039291315539451 ], [ 150.582288949569204, -35.039284500826334 ], [ 150.582295793519506, -35.039277727566706 ], [ 150.582302541855569, -35.039271000177862 ], [ 150.58230919337575, -35.039264322241742 ], [ 150.582315742470257, -35.039257698153826 ], [ 150.582322189032908, -35.039251131517837 ], [ 150.582328529644712, -35.039244626772984 ], [ 150.582334761955565, -35.039238189281164 ], [ 150.582340881504194, -35.039231821657843 ], [ 150.582346887062471, -35.039225528385913 ], [ 150.58235277518483, -35.039219314805429 ], [ 150.582358544722808, -35.039213182696443 ], [ 150.582364191082348, -35.039207139179091 ], [ 150.582369710924183, -35.039201185989739 ], [ 150.582375104088982, -35.039195328534021 ], [ 150.582380366062409, -35.03918957122923 ], [ 150.582386672891687, -35.039182613273304 ], [ 150.582395117969128, -35.03917320630373 ], [ 150.582403227769021, -35.039164092836309 ], [ 150.582411033175475, -35.039155266275088 ], [ 150.582418568358975, -35.039146720089725 ], [ 150.582425863108284, -35.039138447662445 ], [ 150.58243295268926, -35.039130442484613 ], [ 150.582439866863979, -35.039122698839435 ], [ 150.58244663982947, -35.039115209295502 ], [ 150.582453303538642, -35.039107968179636 ], [ 150.582459888875576, -35.039100968895873 ], [ 150.582466430010612, -35.039094204913724 ], [ 150.582472958949751, -35.039087668758114 ], [ 150.582479507619411, -35.039081355656776 ], [ 150.582486109120964, -35.039075258156409 ], [ 150.582495550753691, -35.039066995170401 ], [ 150.582503783923869, -35.039060128797253 ], [ 150.582512135417659, -35.039053375662306 ], [ 150.582520600169204, -35.039046647321165 ], [ 150.582529175356598, -35.039039853571268 ], [ 150.582537859147095, -35.039032907835683 ], [ 150.582546647676367, -35.039025718088091 ], [ 150.582555536920751, -35.039018197707883 ], [ 150.582564525153572, -35.039010256514324 ], [ 150.582573608430778, -35.039001805183936 ], [ 150.582582783877001, -35.038992755316031 ], [ 150.58259204867008, -35.038983016708073 ], [ 150.582596074810652, -35.038978579739243 ], [ 150.582601062038805, -35.038972920615279 ], [ 150.582606056661035, -35.0389670849518 ], [ 150.582611048022073, -35.038961099580241 ], [ 150.582616027737089, -35.038954988672998 ], [ 150.582620984082041, -35.038948778138746 ], [ 150.582625909767557, -35.038942492171678 ], [ 150.582630794164942, -35.038936156702341 ], [ 150.582635626672158, -35.038929796760335 ], [ 150.582640398904431, -35.03892343651804 ], [ 150.582645100206548, -35.038917102806906 ], [ 150.58264972109842, -35.038910819777477 ], [ 150.582654253168783, -35.038904612503046 ], [ 150.582658684693598, -35.038898506892323 ], [ 150.582663007288204, -35.038892527117675 ], [ 150.582667211445937, -35.038886698230577 ], [ 150.58267128760707, -35.038881047084331 ], [ 150.582675225222687, -35.03887559690672 ], [ 150.582679014759577, -35.038870373650134 ], [ 150.582682646711191, -35.038865402366049 ], [ 150.582686111570865, -35.038860708105922 ], [ 150.582689399831963, -35.038856315921237 ], [ 150.582692500866017, -35.038852251742526 ], [ 150.582716636957826, -35.038830683092101 ], [ 150.582730993698021, -35.038854317163171 ], [ 150.582733124385783, -35.038861273855368 ], [ 150.582734618091052, -35.038866562764404 ], [ 150.582736099656614, -35.038872226439942 ], [ 150.58273753907477, -35.038878241747248 ], [ 150.582738907326899, -35.038884589177165 ], [ 150.582740175500646, -35.038891245616782 ], [ 150.582741315699423, -35.038898190677841 ], [ 150.582742297888842, -35.038905402126559 ], [ 150.582743095241142, -35.038912860497419 ], [ 150.582743677774971, -35.038920541754763 ], [ 150.582744016445218, -35.038928427290358 ], [ 150.582744083461336, -35.038936493112203 ], [ 150.582743849778097, -35.038944720612058 ], [ 150.58274328541421, -35.038953085754251 ], [ 150.58274236354174, -35.038961569073294 ], [ 150.582741054099699, -35.038970149236263 ], [ 150.582739328175563, -35.03897880313027 ], [ 150.582737157846026, -35.038987511267962 ], [ 150.582734514198478, -35.038996250536385 ], [ 150.58273136821424, -35.039005001426339 ], [ 150.582729624353703, -35.039009317123785 ], [ 150.582726538418143, -35.039016290624566 ], [ 150.582723141491044, -35.039023254320114 ], [ 150.582719452327041, -35.039030204076965 ], [ 150.582715487410383, -35.039037138420738 ], [ 150.582711264400331, -35.039044053196136 ], [ 150.582706799754618, -35.039050947829715 ], [ 150.582702111132477, -35.039057818166157 ], [ 150.582697216140161, -35.039064661852024 ], [ 150.582692132357352, -35.039071477434796 ], [ 150.582686876321418, -35.039078261638252 ], [ 150.582681465665132, -35.039085011208016 ], [ 150.582675917941572, -35.03909172559252 ], [ 150.582670250836713, -35.039098399735515 ], [ 150.582664479739407, -35.039105032140831 ], [ 150.582658623324733, -35.039111621377813 ], [ 150.582652699252094, -35.03911816329115 ], [ 150.582646725127773, -35.039124655527424 ], [ 150.582640716367194, -35.039131095689562 ], [ 150.582634691645524, -35.039137482346881 ], [ 150.582628667526706, -35.039143811322283 ], [ 150.582622662685935, -35.039150081185127 ], [ 150.582616693660611, -35.039156288659221 ], [ 150.582610776961673, -35.039162431369341 ], [ 150.582604930195401, -35.039168506962092 ], [ 150.582599172090056, -35.039174512204973 ], [ 150.582594248798472, -35.039179674995616 ], [ 150.582586174094359, -35.039188193309016 ], [ 150.582578302597142, -35.039196548000739 ], [ 150.582570624607541, -35.039204733468672 ], [ 150.582563127219657, -35.039212741342439 ], [ 150.582555799585606, -35.03922056779993 ], [ 150.582548629921433, -35.039228203591669 ], [ 150.582541607379341, -35.039235644895548 ], [ 150.582534719053371, -35.039242883341174 ], [ 150.582527955244132, -35.039249913326408 ], [ 150.58252130299266, -35.039256728282709 ], [ 150.582514751504107, -35.039263322586102 ], [ 150.582508290036941, -35.039269688810791 ], [ 150.582501905605426, -35.03927582128911 ], [ 150.582495587467946, -35.039281712595212 ], [ 150.582489324829766, -35.039287357105188 ], [ 150.582483104705204, -35.039292749151336 ], [ 150.582476917474594, -35.039297880428748 ], [ 150.58246761239721, -35.03930515362444 ], [ 150.582457777076769, -35.039312381091307 ], [ 150.582448035972533, -35.03931923813159 ], [ 150.582438409473184, -35.039325888316498 ], [ 150.582428919062721, -35.039332495239151 ], [ 150.582419587320544, -35.039339222514442 ], [ 150.582410434608505, -35.03934623461457 ], [ 150.582401482410432, -35.039353695132618 ], [ 150.582392751114668, -35.039361767639853 ], [ 150.582384263273724, -35.039370616652143 ], [ 150.582376038180428, -35.03938040571888 ], [ 150.58237230355536, -35.03938532626659 ], [ 150.582368176075164, -35.039391117907925 ], [ 150.582364125692379, -35.039397157185483 ], [ 150.582360147779525, -35.039403415160194 ], [ 150.582356244308357, -35.039409862123165 ], [ 150.582352410678027, -35.03941646823435 ], [ 150.582348647738257, -35.039423204663919 ], [ 150.582344951957083, -35.039430042494644 ], [ 150.582341324210802, -35.039436951995754 ], [ 150.582337762062906, -35.039443904271856 ], [ 150.582334263103405, -35.039450869526654 ], [ 150.582330828155534, -35.039457819831213 ], [ 150.582327453740447, -35.03946472446647 ], [ 150.582324138517066, -35.039471554558872 ], [ 150.582320882239742, -35.039478281256727 ], [ 150.582317682498569, -35.039484874763737 ], [ 150.582314539047871, -35.039491306228193 ], [ 150.58231144945114, -35.039497546754724 ], [ 150.582308411325073, -35.039503565646108 ], [ 150.582305425492819, -35.039509334973395 ], [ 150.582302489517957, -35.039514825841223 ], [ 150.582296046263139, -35.039526076541065 ], [ 150.582287150703678, -35.039539609529669 ], [ 150.582277811587716, -35.03955141999365 ], [ 150.58226750105689, -35.0395622366079 ], [ 150.582255690103523, -35.03957278982714 ], [ 150.582241848677143, -35.039583808282075 ], [ 150.582225448864079, -35.039596022448578 ], [ 150.582222070483056, -35.039598487298221 ], [ 150.582216468080617, -35.039602554776856 ], [ 150.582210614215626, -35.039606786716455 ], [ 150.582204523287828, -35.039611177995305 ], [ 150.582198207399898, -35.039615727051739 ], [ 150.582191679856095, -35.039620428742239 ], [ 150.582184953881097, -35.039625280626041 ], [ 150.582178042752645, -35.03963027846055 ], [ 150.582170959721907, -35.039635418904084 ], [ 150.582163718040164, -35.039640698614967 ], [ 150.5821563309851, -35.039646113350614 ], [ 150.582148810712567, -35.039651659747491 ], [ 150.58214117154256, -35.039657335386742 ], [ 150.582133425684077, -35.039663135102977 ], [ 150.58212558748366, -35.039669055576404 ], [ 150.582117669070669, -35.039675094344446 ], [ 150.582109683749337, -35.039681246263584 ], [ 150.582101644717824, -35.039687509794057 ], [ 150.582093566402477, -35.039693878913234 ], [ 150.582085459810571, -35.03970035203767 ], [ 150.582077339341879, -35.039706924045738 ], [ 150.582069218194533, -35.039713593397643 ], [ 150.582061109699481, -35.03972035404896 ], [ 150.582051074034212, -35.039728871986 ], [ 150.58204389199858, -35.039735065158709 ], [ 150.582036725603018, -35.039741322646655 ], [ 150.582029572762906, -35.039747640802432 ], [ 150.582022430245047, -35.039754017758654 ], [ 150.582015297086826, -35.039760448988794 ], [ 150.58200817002853, -35.039766933526415 ], [ 150.582001048054366, -35.03977346864685 ], [ 150.58199392801086, -35.039780049779942 ], [ 150.581986808829129, -35.039786676002883 ], [ 150.581979687355727, -35.039793342745504 ], [ 150.581972562521713, -35.039800049084995 ], [ 150.581965432269044, -35.03980679047303 ], [ 150.581958293364579, -35.039813565042223 ], [ 150.581951143697125, -35.039820370046037 ], [ 150.581943982277494, -35.039827201858955 ], [ 150.581936805872488, -35.039834058613543 ], [ 150.581929613466428, -35.039840937585168 ], [ 150.581922401879183, -35.039847835104545 ], [ 150.58191517006847, -35.039854749347981 ], [ 150.581907915949671, -35.03986167666806 ], [ 150.581900635220791, -35.039868614274589 ], [ 150.581893327961438, -35.039875559464761 ], [ 150.581885992060506, -35.039882509492088 ], [ 150.581878624284798, -35.039889462489171 ], [ 150.581874022596992, -35.039893788793918 ], [ 150.581866956161832, -35.039900409750899 ], [ 150.58185987016725, -35.039907024908622 ], [ 150.581852768058866, -35.039913628927003 ], [ 150.581845656462349, -35.039920220135272 ], [ 150.581838542056516, -35.039926795060765 ], [ 150.58183142938239, -35.039933348385212 ], [ 150.581824325065668, -35.039939878437856 ], [ 150.581817234689709, -35.039946381724199 ], [ 150.581810163890992, -35.039952852947849 ], [ 150.581803118199758, -35.039959290416164 ], [ 150.581796104294881, -35.039965690656494 ], [ 150.58178912781284, -35.039972048372462 ], [ 150.581782193188445, -35.039978361849627 ], [ 150.581775307127089, -35.03998462671435 ], [ 150.581768476307559, -35.039990839494031 ], [ 150.581761705217872, -35.039996996672294 ], [ 150.581754999414841, -35.040003095655571 ], [ 150.581748366699259, -35.040009132092166 ], [ 150.581741810463711, -35.040015102443867 ], [ 150.581735337387016, -35.040021003238046 ], [ 150.581728954121445, -35.040026831902964 ], [ 150.581722665208076, -35.040032583120457 ], [ 150.581716476177235, -35.040038255197878 ], [ 150.581710394829742, -35.040043843783515 ], [ 150.581704425653584, -35.040049345361041 ], [ 150.581698574232149, -35.040054756435936 ], [ 150.581690914509352, -35.040061870369144 ], [ 150.581681574550288, -35.040070581538757 ], [ 150.581672535892892, -35.040079036390857 ], [ 150.581663772061233, -35.040087240707742 ], [ 150.581655252250698, -35.040095198382438 ], [ 150.581646949905661, -35.04010291790005 ], [ 150.581638836438827, -35.040110402296335 ], [ 150.581630883103628, -35.040117660012676 ], [ 150.581623061312882, -35.040124694084831 ], [ 150.581615344510766, -35.040131512997824 ], [ 150.581607702988066, -35.040138120666512 ], [ 150.581600109146677, -35.040144523752197 ], [ 150.58159253431964, -35.040150727993392 ], [ 150.581584949839993, -35.040156739128662 ], [ 150.581577328136092, -35.040162562918312 ], [ 150.581569641636463, -35.040168205122725 ], [ 150.581559041184704, -35.040175614672634 ], [ 150.581550293762575, -35.040181477308828 ], [ 150.581541481743187, -35.040187225973249 ], [ 150.581532626722606, -35.040192908874083 ], [ 150.58152375259408, -35.040198570659506 ], [ 150.581514879858304, -35.040204259515924 ], [ 150.581506033503871, -35.040210020113328 ], [ 150.581497235153421, -35.040215899759026 ], [ 150.581488507551541, -35.040221944881239 ], [ 150.581479872347415, -35.040228201886329 ], [ 150.58147135447652, -35.040234717246229 ], [ 150.581462975587925, -35.040241537367322 ], [ 150.581454757330789, -35.040248708656023 ], [ 150.581446723518582, -35.040256278463289 ], [ 150.581439718980505, -35.040263400038278 ], [ 150.581434009526049, -35.040269571159406 ], [ 150.581428374384956, -35.040275972733859 ], [ 150.581422797364837, -35.040282596325476 ], [ 150.581417261071635, -35.040289437080091 ], [ 150.58141174709553, -35.040296487418793 ], [ 150.581406239191011, -35.040303740707323 ], [ 150.581400718868565, -35.040311192069602 ], [ 150.581395169935831, -35.040318833069534 ], [ 150.581389573903266, -35.040326658830971 ], [ 150.581383913483023, -35.040334660895965 ], [ 150.581378172349901, -35.040342835333036 ], [ 150.581372332120623, -35.040351173662359 ], [ 150.581366375427621, -35.040359670128737 ], [ 150.581360284929929, -35.040368318076027 ], [ 150.58135404325995, -35.040377111749052 ], [ 150.581347634225324, -35.040386042711617 ], [ 150.58134103821439, -35.04039510696672 ], [ 150.581334240130218, -35.040404296100036 ], [ 150.581328226007827, -35.040412286599967 ], [ 150.581323161790721, -35.040418915006008 ], [ 150.581317986249758, -35.040425601589341 ], [ 150.581312697194107, -35.040432346306233 ], [ 150.581307293554886, -35.040439148233915 ], [ 150.581301773141121, -35.040446007328647 ], [ 150.581296137048241, -35.040452923612271 ], [ 150.581290382016476, -35.040459896118293 ], [ 150.581284506976914, -35.040466923923908 ], [ 150.581278512998381, -35.040474007951865 ], [ 150.581272395752222, -35.040481146312899 ], [ 150.581266156307294, -35.040488339929766 ], [ 150.581259793594654, -35.040495587879668 ], [ 150.581253305450019, -35.040502889217947 ], [ 150.581246690751271, -35.040510244823658 ], [ 150.581239949551531, -35.04051765289492 ], [ 150.581233078564509, -35.040525113366151 ], [ 150.581226078885464, -35.040532626259193 ], [ 150.58121894725474, -35.040540190607508 ], [ 150.581211684767652, -35.040547806432961 ], [ 150.581204288137883, -35.040555473669947 ], [ 150.581196758513926, -35.040563190538428 ], [ 150.581189092582889, -35.040570957873776 ], [ 150.581181289249258, -35.04057877565409 ], [ 150.581173349661611, -35.040586642099349 ], [ 150.581165270533518, -35.040594557143947 ], [ 150.581157050743002, -35.040602521666948 ], [ 150.581148328294432, -35.040610880017745 ], [ 150.58114198416763, -35.040616902343061 ], [ 150.58113557028372, -35.040622948517495 ], [ 150.581129087764651, -35.040629017661935 ], [ 150.581122541045318, -35.040635108061934 ], [ 150.581115933465071, -35.04064121798114 ], [ 150.581109266092824, -35.040647348342354 ], [ 150.581102545607365, -35.040653495672927 ], [ 150.581095772035326, -35.040659659071935 ], [ 150.581088950853825, -35.040665838648607 ], [ 150.581082084333389, -35.040672031743846 ], [ 150.581075175786907, -35.040678237522279 ], [ 150.581068229596099, -35.040684456071297 ], [ 150.581061246962662, -35.04069068380899 ], [ 150.581054233363744, -35.040696920844653 ], [ 150.58104718992135, -35.040703166299181 ], [ 150.581040121096947, -35.040709417557181 ], [ 150.581033030176741, -35.040715674684193 ], [ 150.581025920473678, -35.040721936844875 ], [ 150.581018794258284, -35.040728201380084 ], [ 150.581011655938909, -35.040734467476305 ], [ 150.58100450885496, -35.040740733397257 ], [ 150.580997355170723, -35.040747000087535 ], [ 150.580990198278812, -35.040753264008998 ], [ 150.580983042587491, -35.040759524348118 ], [ 150.580975891383133, -35.040765781170428 ], [ 150.580968745840806, -35.040772031795029 ], [ 150.580961611464346, -35.040778275430199 ], [ 150.5809544904711, -35.040784511218767 ], [ 150.58094738620062, -35.040790737424395 ], [ 150.580940301965683, -35.040796953211739 ], [ 150.580933241105811, -35.040803156844461 ], [ 150.580926205811892, -35.040809348366295 ], [ 150.580919201640768, -35.040815525183746 ], [ 150.580912230836503, -35.040821685538596 ], [ 150.580905295563412, -35.040827830375527 ], [ 150.58089563463767, -35.040836417886894 ], [ 150.580887662492302, -35.040843528237289 ], [ 150.580879749413356, -35.04085060550991 ], [ 150.580871896549411, -35.040857647924753 ], [ 150.580864106224283, -35.040864651020897 ], [ 150.580856379639641, -35.040871611216474 ], [ 150.580848720161555, -35.040878525874241 ], [ 150.580841128991835, -35.040885391412374 ], [ 150.580833608454213, -35.040892203369921 ], [ 150.580826160819271, -35.040898959087798 ], [ 150.580818787315394, -35.040905654083218 ], [ 150.580811491282049, -35.040912286619914 ], [ 150.580804272852134, -35.040918852193208 ], [ 150.580797135418294, -35.040925347264974 ], [ 150.580790081277712, -35.040931768275208 ], [ 150.580783110510168, -35.04093811252114 ], [ 150.580776227630281, -35.040944375585511 ], [ 150.580769433813259, -35.040950554787429 ], [ 150.580762730260886, -35.040956646545013 ], [ 150.58075611929695, -35.040962646397347 ], [ 150.580749603192061, -35.040968551685353 ], [ 150.580743184243403, -35.040974358849034 ], [ 150.580736864748275, -35.040980064328394 ], [ 150.580730645908346, -35.040985664541566 ], [ 150.580724528898912, -35.040991156807642 ], [ 150.58071851823459, -35.040996536709393 ], [ 150.580712614021706, -35.041001800643095 ], [ 150.580706819599811, -35.041006946872493 ], [ 150.580701135154925, -35.041011969091066 ], [ 150.580695565095397, -35.041016866485329 ], [ 150.580690109580786, -35.041021633649706 ], [ 150.580682312132041, -35.041028394097928 ], [ 150.580670634183292, -35.041038399913553 ], [ 150.580659495305383, -35.041047817912428 ], [ 150.580648847523861, -35.041056713845748 ], [ 150.580638645028529, -35.041065154409317 ], [ 150.580628843157598, -35.041073204518874 ], [ 150.580619396127361, -35.041080929969276 ], [ 150.580610255936392, -35.041088397412537 ], [ 150.580601379044907, -35.041095670885305 ], [ 150.580592718546853, -35.041102817061393 ], [ 150.580584228684899, -35.041109900834662 ], [ 150.58057586362176, -35.041116989801679 ], [ 150.580567576531109, -35.041124147933452 ], [ 150.580559322724213, -35.041131441046559 ], [ 150.580553724030636, -35.041136491111082 ], [ 150.580547029992772, -35.041142630823259 ], [ 150.58054033214782, -35.041148862408185 ], [ 150.580533636504384, -35.041155167956532 ], [ 150.580526945944314, -35.041161524087784 ], [ 150.580520262147701, -35.041167911003285 ], [ 150.580513591229561, -35.041174307189969 ], [ 150.580506933827706, -35.041180691025481 ], [ 150.580500296004004, -35.041187042798612 ], [ 150.580493678369749, -35.041193341787924 ], [ 150.580487087066558, -35.041199565579433 ], [ 150.580480523801072, -35.041205693473557 ], [ 150.580473992471013, -35.041211704814458 ], [ 150.58046749697391, -35.041217578946252 ], [ 150.580461040165147, -35.041223293389415 ], [ 150.580454625889189, -35.041228829289935 ], [ 150.580448257001336, -35.041234164168259 ], [ 150.580437977753348, -35.041242418382637 ], [ 150.580428279071498, -35.041249904415771 ], [ 150.580418328336009, -35.04125742598454 ], [ 150.580407948849228, -35.041265250903145 ], [ 150.58039696401957, -35.041273643382041 ], [ 150.580385197175559, -35.041282870334364 ], [ 150.580372470629641, -35.041293195948526 ], [ 150.580358607683138, -35.041304888038376 ], [ 150.580343431743273, -35.041318210813962 ], [ 150.580326767232521, -35.041333431209793 ], [ 150.580308435366163, -35.041350813391851 ], [ 150.580302897314994, -35.041356184673063 ], [ 150.580298418905812, -35.041360562052517 ], [ 150.580293853813913, -35.041365053990681 ], [ 150.580289206580545, -35.041369655169355 ], [ 150.580284479502836, -35.041374362028563 ], [ 150.580279674878, -35.041379171008245 ], [ 150.580274796151741, -35.041384076768423 ], [ 150.580269846690157, -35.041389076671813 ], [ 150.58026482991238, -35.041394166279382 ], [ 150.580259748115651, -35.041399342031077 ], [ 150.580254603623644, -35.04140459946597 ], [ 150.580249400951033, -35.041409934166808 ], [ 150.580244142395003, -35.041415342573607 ], [ 150.580238831321566, -35.041420822049112 ], [ 150.580233471203115, -35.041426366352397 ], [ 150.580228063214776, -35.041431972802499 ], [ 150.580222612966651, -35.041437637004073 ], [ 150.580217121633922, -35.041443356276162 ], [ 150.580211592688897, -35.04144912437782 ], [ 150.580206029497646, -35.041454938671833 ], [ 150.580200435452838, -35.04146079562004 ], [ 150.580194811809349, -35.041466689838721 ], [ 150.580189164124135, -35.041472618734382 ], [ 150.580183493625498, -35.041478577824186 ], [ 150.580177803732681, -35.041484562669091 ], [ 150.580172098907184, -35.041490570653714 ], [ 150.580166379335026, -35.041496595471543 ], [ 150.580160650546617, -35.041502635430021 ], [ 150.580154914865773, -35.041508686068212 ], [ 150.58014917464277, -35.041514742024226 ], [ 150.580143434339163, -35.041520800682711 ], [ 150.580137695183339, -35.041526857560896 ], [ 150.580131961663341, -35.041532909142497 ], [ 150.580126237198414, -35.041538950988397 ], [ 150.580120522990313, -35.041544979516779 ], [ 150.580114822458341, -35.041550990288556 ], [ 150.58010914009057, -35.041556979787444 ], [ 150.580103478210788, -35.041562943552506 ], [ 150.580097839116263, -35.041568878023746 ], [ 150.580092227321614, -35.041574778783954 ], [ 150.580086644028654, -35.041580642251276 ], [ 150.580081093752142, -35.041586464008496 ], [ 150.580075578762631, -35.041592241396565 ], [ 150.580070103601457, -35.041597969097317 ], [ 150.580064668401519, -35.041603642606127 ], [ 150.580059278693284, -35.041609260230409 ], [ 150.580053936853659, -35.041614815707426 ], [ 150.58004864624877, -35.041620306399921 ], [ 150.580043409202432, -35.041625727847027 ], [ 150.580033473413408, -35.041635972095065 ], [ 150.580023909899836, -35.0416457838583 ], [ 150.58001453219839, -35.041655353229885 ], [ 150.580005333417603, -35.041664690889888 ], [ 150.57999630559712, -35.041673806595526 ], [ 150.579987439654445, -35.04168271098316 ], [ 150.579978728751229, -35.041691412930952 ], [ 150.579970161587539, -35.041699923932441 ], [ 150.579961732420486, -35.041708252887652 ], [ 150.579953432140996, -35.041716411333837 ], [ 150.579945252841753, -35.041724407226368 ], [ 150.579937185387195, -35.04173225300341 ], [ 150.579929221869918, -35.04173995662034 ], [ 150.579921354276365, -35.041747529636218 ], [ 150.579913573577187, -35.041754980885528 ], [ 150.579905871758712, -35.041762321927322 ], [ 150.579898240887076, -35.041769561617883 ], [ 150.579890673001728, -35.041776709714469 ], [ 150.579883157898109, -35.041783777732405 ], [ 150.579875688711212, -35.04179077545075 ], [ 150.57986825750703, -35.041797711725806 ], [ 150.579860855176491, -35.041804598094799 ], [ 150.579853472690104, -35.041811443392113 ], [ 150.579846103156285, -35.041818258297759 ], [ 150.579838737518969, -35.041825052547075 ], [ 150.579831367791087, -35.041831836798181 ], [ 150.579827590093231, -35.041835310455937 ], [ 150.579820345972394, -35.041841961092551 ], [ 150.579813099819006, -35.041848606279345 ], [ 150.579805856174346, -35.041855240698212 ], [ 150.579798621690855, -35.041861861777505 ], [ 150.579791401978696, -35.041868465121965 ], [ 150.579784203743486, -35.041875046358051 ], [ 150.579777031473412, -35.041881601969529 ], [ 150.579769891847491, -35.041888128483855 ], [ 150.579762791544738, -35.041894622428508 ], [ 150.579755736228549, -35.04190107760629 ], [ 150.579748731402759, -35.041907493225601 ], [ 150.579741783826194, -35.041913863111112 ], [ 150.579734897987009, -35.041920183746598 ], [ 150.579728081633107, -35.041926452582288 ], [ 150.579721339305848, -35.041932664300084 ], [ 150.579714677684279, -35.041938815427457 ], [ 150.579708103447473, -35.041944902491906 ], [ 150.579701621110218, -35.041950921076229 ], [ 150.579695237351586, -35.041956867707903 ], [ 150.579688958877227, -35.041962738013503 ], [ 150.579682790175298, -35.041968528476758 ], [ 150.579676737924899, -35.041974235625169 ], [ 150.579670807736306, -35.041979855063417 ], [ 150.579665006315111, -35.041985382418062 ], [ 150.579659340313839, -35.041990815117522 ], [ 150.579653813178425, -35.041996147821813 ], [ 150.579640919719083, -35.04200874260718 ], [ 150.579631668969938, -35.042017907020146 ], [ 150.579622838716659, -35.042026750792026 ], [ 150.579614393479602, -35.042035287638143 ], [ 150.579606297779208, -35.042043531273784 ], [ 150.579598515040459, -35.042051495392329 ], [ 150.579591010825993, -35.042059195532794 ], [ 150.579583750751539, -35.042066645432271 ], [ 150.579576697146535, -35.042073858762294 ], [ 150.579569816695596, -35.042080850182721 ], [ 150.579563072850135, -35.042087632485995 ], [ 150.579556430050616, -35.042094222090093 ], [ 150.579549853965915, -35.042100630930221 ], [ 150.579543307967668, -35.042106874501592 ], [ 150.579537027891348, -35.042112724033132 ], [ 150.579529053466217, -35.042119977574693 ], [ 150.579521032988026, -35.04212712021809 ], [ 150.579512943835255, -35.042134212811163 ], [ 150.579504763306574, -35.042141318904541 ], [ 150.579496469822715, -35.042148501169756 ], [ 150.579488041857473, -35.042155820476474 ], [ 150.579479455587375, -35.042163341254366 ], [ 150.579470689459612, -35.042171125274024 ], [ 150.579461721894688, -35.042179235206937 ], [ 150.579452529148824, -35.042187732779965 ], [ 150.579443091833355, -35.042196680708301 ], [ 150.579437486211987, -35.042202109193134 ], [ 150.579431720233657, -35.04220777156106 ], [ 150.579425891111782, -35.042213567887465 ], [ 150.579420013805105, -35.042219474131485 ], [ 150.579414104341197, -35.042225467175058 ], [ 150.57940817762568, -35.042231524779154 ], [ 150.579402247468693, -35.042237624682954 ], [ 150.579396331019922, -35.042243742889312 ], [ 150.579390442116107, -35.042249856236452 ], [ 150.579384595636299, -35.042255943386309 ], [ 150.579378808756815, -35.042261979440852 ], [ 150.5793730952347, -35.042267943941098 ], [ 150.579367470055331, -35.042273811945257 ], [ 150.579361949219901, -35.042279561236256 ], [ 150.579356547660609, -35.042285168674162 ], [ 150.579351280256617, -35.042290612920986 ], [ 150.579346163088815, -35.04229586905678 ], [ 150.579341209967481, -35.042300914820771 ], [ 150.579336436920357, -35.042305727094899 ], [ 150.579331858826578, -35.042310284541159 ], [ 150.57932215287326, -35.042319717491715 ], [ 150.579308762357812, -35.042332363615785 ], [ 150.579296673872847, -35.042343862929229 ], [ 150.579285073648151, -35.04235564242704 ], [ 150.579273151118855, -35.042369131872249 ], [ 150.579260093660707, -35.042385756479021 ], [ 150.579255951541342, -35.042391399872223 ], [ 150.579252185051729, -35.042396646007901 ], [ 150.579248266281979, -35.042402186585718 ], [ 150.579244185373028, -35.042408021408832 ], [ 150.57923993030127, -35.042414149335741 ], [ 150.579235489016639, -35.042420570125877 ], [ 150.579230850617677, -35.042427281758641 ], [ 150.579226001932227, -35.042434284872492 ], [ 150.579220933127687, -35.042441578369683 ], [ 150.579215632180535, -35.042449161108671 ], [ 150.579210087067167, -35.042457031947905 ], [ 150.579204286832919, -35.042465190668679 ], [ 150.579198220523068, -35.042473637052247 ], [ 150.57919187504524, -35.042482369034246 ], [ 150.579185238349226, -35.042491386374074 ], [ 150.579178301671192, -35.042500688896737 ], [ 150.57917105082322, -35.042510274515976 ], [ 150.579163475946046, -35.042520143034892 ], [ 150.57915556389392, -35.04253029419101 ], [ 150.579147304834152, -35.042540726886465 ], [ 150.579138686743136, -35.042551439979697 ], [ 150.579129696475093, -35.04256243320814 ], [ 150.57912396581284, -35.042569348395261 ], [ 150.579119211855925, -35.042575035458846 ], [ 150.579114372808704, -35.042580783024277 ], [ 150.579109452170229, -35.042586583949699 ], [ 150.57910445771509, -35.042592434784503 ], [ 150.57909939176713, -35.042598331067715 ], [ 150.579094258867684, -35.042604267481281 ], [ 150.579089065749059, -35.042610238750797 ], [ 150.579083816926072, -35.042616240459083 ], [ 150.579078515791366, -35.04262226906804 ], [ 150.579073168008364, -35.042628318380494 ], [ 150.579067778118514, -35.042634383078322 ], [ 150.579062351678857, -35.042640460568087 ], [ 150.579056892188476, -35.042646543707974 ], [ 150.579051405231013, -35.042652629003591 ], [ 150.579045896416773, -35.04265871205962 ], [ 150.579040369191659, -35.04266478753614 ], [ 150.579034829192494, -35.042670850136865 ], [ 150.579029279838693, -35.04267689542278 ], [ 150.579023727835903, -35.042682919020443 ], [ 150.579018177725573, -35.042688915611798 ], [ 150.579012632900429, -35.042694881658697 ], [ 150.579007099050528, -35.042700810063067 ], [ 150.579001581732996, -35.042706698231456 ], [ 150.578996083298279, -35.042712540802071 ], [ 150.578990611574142, -35.042718332522398 ], [ 150.578985170006661, -35.042724068052472 ], [ 150.578979763057362, -35.042729744777027 ], [ 150.578974395320898, -35.042735355576063 ], [ 150.578969073476429, -35.042740896977122 ], [ 150.578963799874458, -35.042746363618392 ], [ 150.578958581220718, -35.042751751126424 ], [ 150.578953420934596, -35.042757055062204 ], [ 150.578948324679573, -35.042762269228589 ], [ 150.578943296943919, -35.04276739010934 ], [ 150.578938342242481, -35.042772413287317 ], [ 150.578933466238738, -35.0427773325654 ], [ 150.578928673420933, -35.042782144427335 ], [ 150.578923968357117, -35.042786842654088 ], [ 150.578919355535533, -35.04279142372949 ], [ 150.578914839471025, -35.042795883236352 ], [ 150.57891042692259, -35.042800214999438 ], [ 150.578906121282984, -35.042804415480624 ], [ 150.578901927120285, -35.042808478460934 ], [ 150.57888841305251, -35.0428213690682 ], [ 150.578868257393964, -35.042840024424052 ], [ 150.578851175853998, -35.042855390424691 ], [ 150.578836606436141, -35.042868422216799 ], [ 150.578823990508511, -35.042880072309352 ], [ 150.578812766071991, -35.042891295848072 ], [ 150.578802375534792, -35.042903047164977 ], [ 150.578792255827096, -35.042916280482366 ], [ 150.578787522103823, -35.042923137131197 ], [ 150.578783812386519, -35.042928760293755 ], [ 150.578780035322012, -35.042934659761571 ], [ 150.57877618046092, -35.042940818198169 ], [ 150.578772233907983, -35.042947223607108 ], [ 150.578768182996384, -35.042953859509169 ], [ 150.578764016101445, -35.04296071124881 ], [ 150.578759719407685, -35.042967764126765 ], [ 150.578755279099568, -35.042975003443821 ], [ 150.578750684647957, -35.042982414566289 ], [ 150.57874592226392, -35.042989981893989 ], [ 150.578740980296203, -35.042997691672348 ], [ 150.578735843860443, -35.043005528279267 ], [ 150.578730501332046, -35.043013477059212 ], [ 150.578724939964303, -35.043021524235712 ], [ 150.578719147090311, -35.043029653329548 ], [ 150.578713111058903, -35.043037850586053 ], [ 150.578706816959027, -35.043046101284062 ], [ 150.578700253192665, -35.043054389867144 ], [ 150.578693405944279, -35.043062701635961 ], [ 150.578686264658074, -35.043071022857781 ], [ 150.578678803898924, -35.043079361137806 ], [ 150.578673025993737, -35.043085609178277 ], [ 150.57866710789483, -35.043091853517502 ], [ 150.578661062694664, -35.043098096219893 ], [ 150.578654903565308, -35.043104336646948 ], [ 150.578648645869805, -35.043110574203986 ], [ 150.5786423016051, -35.043116810933462 ], [ 150.578635887229751, -35.043123046262565 ], [ 150.578629414793767, -35.043129280431906 ], [ 150.578622899660303, -35.04313551284681 ], [ 150.578616356017164, -35.043141745593474 ], [ 150.578609795941048, -35.043147978011632 ], [ 150.578603234795082, -35.043154209506561 ], [ 150.578596686767071, -35.043160442164542 ], [ 150.578590166124656, -35.04316667536898 ], [ 150.578583686013474, -35.043172909382442 ], [ 150.578577260701138, -35.04317914358834 ], [ 150.578570904375511, -35.043185380072948 ], [ 150.578564630208746, -35.043191618197852 ], [ 150.578558453564028, -35.043197857368398 ], [ 150.578552387533733, -35.04320409964896 ], [ 150.578546446385587, -35.043210344423031 ], [ 150.578540644387175, -35.043216591074057 ], [ 150.578534995726443, -35.043222841688333 ], [ 150.578529513575603, -35.043229095627446 ], [ 150.57852421327118, -35.043235353197709 ], [ 150.578519106889928, -35.043241613738829 ], [ 150.57851420971528, -35.043247879358958 ], [ 150.578505629325264, -35.043259611806953 ], [ 150.578499726087131, -35.04326832193069 ], [ 150.578494208686323, -35.043276994686181 ], [ 150.578489059085229, -35.043285609881103 ], [ 150.578484259219607, -35.043294148224071 ], [ 150.578479787792133, -35.04330258855623 ], [ 150.578475625616477, -35.043310912465238 ], [ 150.578471753586172, -35.043319098835966 ], [ 150.57846815361043, -35.043327129277927 ], [ 150.578464804365183, -35.043334983533171 ], [ 150.578461687786245, -35.043342642310286 ], [ 150.578458784767037, -35.043350084494129 ], [ 150.578456073956971, -35.043357290727641 ], [ 150.578453538387237, -35.04336424174128 ], [ 150.578451157829278, -35.043370917298972 ], [ 150.578448912027824, -35.043377298065501 ], [ 150.578446781849777, -35.043383363826663 ], [ 150.578444749230869, -35.043389095290998 ], [ 150.578442793942457, -35.043394472222417 ], [ 150.578440895755932, -35.043399474384806 ], [ 150.578425531233705, -35.04342840373986 ], [ 150.578409151425831, -35.04344531436773 ], [ 150.578383902498928, -35.04346688060344 ], [ 150.578380001955992, -35.043470240879358 ], [ 150.57837537141171, -35.043474268982507 ], [ 150.578370525705083, -35.043478530774237 ], [ 150.57836548367186, -35.043483019418986 ], [ 150.57836026756712, -35.043487723642201 ], [ 150.578354897375277, -35.043492634828347 ], [ 150.5783493941762, -35.043497744383771 ], [ 150.578343776885362, -35.043503042770183 ], [ 150.578338066556086, -35.043508522294836 ], [ 150.578332285443508, -35.043514171683192 ], [ 150.578326451314496, -35.043519983176928 ], [ 150.578320586397581, -35.043525946402426 ], [ 150.578314711719543, -35.043532054567933 ], [ 150.578308846249087, -35.043538296333274 ], [ 150.57830301106614, -35.043544663104832 ], [ 150.578297226128598, -35.04355114716806 ], [ 150.578291513665022, -35.043557738149381 ], [ 150.578285891495511, -35.043564426488608 ], [ 150.57828038289108, -35.043571203635913 ], [ 150.57827500671408, -35.04357806185488 ], [ 150.578269784124245, -35.04358498984913 ], [ 150.578264735079586, -35.043591979904114 ], [ 150.578259880713233, -35.043599021624395 ], [ 150.578255239887653, -35.043606107273582 ], [ 150.57824875092615, -35.043616722192034 ], [ 150.578243935961183, -35.043625176386719 ], [ 150.57823936750745, -35.043633671562958 ], [ 150.578235010563105, -35.043642205218838 ], [ 150.578230829004298, -35.0436507757314 ], [ 150.578226787882414, -35.04365937879686 ], [ 150.578222851073548, -35.04366801279226 ], [ 150.578218982506996, -35.043676674292833 ], [ 150.578215148276371, -35.043685360818486 ], [ 150.578211312284338, -35.043694069845316 ], [ 150.578207438460112, -35.043702797948576 ], [ 150.578203491775184, -35.043711543527131 ], [ 150.578199437254312, -35.043720303178105 ], [ 150.578195237731165, -35.043729073454777 ], [ 150.578190859272667, -35.043737852777952 ], [ 150.578186265808, -35.043746637722798 ], [ 150.578181422308603, -35.043755426688186 ], [ 150.578176291634776, -35.043764215326497 ], [ 150.578170840975417, -35.043773001179446 ], [ 150.578165032015477, -35.04378178258024 ], [ 150.578160951733196, -35.043787628192767 ], [ 150.578156139666788, -35.043794238953254 ], [ 150.578151138109405, -35.043800845027391 ], [ 150.578145965630796, -35.043807448588964 ], [ 150.578140639811721, -35.043814048186171 ], [ 150.578135178153133, -35.043820645069999 ], [ 150.578129598155925, -35.043827240491439 ], [ 150.578123919591832, -35.043833833042463 ], [ 150.578118158839686, -35.043840424853094 ], [ 150.578112333480277, -35.043847014471545 ], [ 150.578106462110043, -35.043853603170724 ], [ 150.578100563325421, -35.043860192223484 ], [ 150.578094653611657, -35.043866780156179 ], [ 150.578088751538672, -35.043873369142652 ], [ 150.578082875782712, -35.043879957752964 ], [ 150.578077042749214, -35.043886547216296 ], [ 150.578071271034759, -35.043893138805544 ], [ 150.578065578220077, -35.043899731068933 ], [ 150.578059982875089, -35.043906326180313 ], [ 150.57805450148507, -35.043912922666053 ], [ 150.578049153715426, -35.043919522721872 ], [ 150.578043957146974, -35.043926124896025 ], [ 150.578038929280723, -35.043932730439572 ], [ 150.578034087617738, -35.043939340603529 ], [ 150.578029449738807, -35.043945953936174 ], [ 150.578025035309395, -35.043952572633238 ], [ 150.578020859719317, -35.043959195199243 ], [ 150.578015543570501, -35.043968287523427 ], [ 150.578010785925301, -35.043977174652284 ], [ 150.578006444554973, -35.043986033135702 ], [ 150.578002493753587, -35.043994842628159 ], [ 150.577998909926322, -35.044003585530675 ], [ 150.577995668462648, -35.044012241519525 ], [ 150.577992744698975, -35.044020792072907 ], [ 150.577990112876051, -35.044029218647076 ], [ 150.577987750574323, -35.044037500962133 ], [ 150.577985632008023, -35.044045621375254 ], [ 150.577983732566622, -35.044053559562755 ], [ 150.57798202758633, -35.044061297002756 ], [ 150.577980493498927, -35.044068815195331 ], [ 150.577979105693885, -35.044076093816741 ], [ 150.577977838385237, -35.044083115224161 ], [ 150.577976666962542, -35.04408985909388 ], [ 150.577975568952837, -35.044096306947829 ], [ 150.577974517528077, -35.044102439319431 ], [ 150.577973490188725, -35.044108238631523 ], [ 150.577972460159913, -35.04411368361567 ], [ 150.57796574418731, -35.044138180989648 ], [ 150.57795687289078, -35.044154413085344 ], [ 150.577943025400998, -35.044169932789124 ], [ 150.57792217503453, -35.044188412734584 ], [ 150.57791678377626, -35.044192958386816 ], [ 150.577911847090377, -35.044197106559928 ], [ 150.577906676504682, -35.044201454692328 ], [ 150.577901298523471, -35.044205996101724 ], [ 150.577895741815354, -35.044210725050526 ], [ 150.577890030720198, -35.044215633911755 ], [ 150.577884192811155, -35.044220716925928 ], [ 150.577878255661403, -35.044225968333571 ], [ 150.577872244706384, -35.044231380529617 ], [ 150.577866187519191, -35.044236947754584 ], [ 150.577860110604178, -35.04424266332623 ], [ 150.577854039370123, -35.044248520540414 ], [ 150.57784800248578, -35.044254513659567 ], [ 150.577842025359928, -35.044260635979562 ], [ 150.577836135592406, -35.044266880840041 ], [ 150.577830358565478, -35.044273242437825 ], [ 150.577824721905614, -35.044279713211644 ], [ 150.577819252063904, -35.0442862882811 ], [ 150.577813975598019, -35.044292959162121 ], [ 150.577808918932504, -35.044299721875319 ], [ 150.577804109720432, -35.044306567958465 ], [ 150.577799574439666, -35.044313491630298 ], [ 150.577795338472498, -35.044320487087653 ], [ 150.577790831746455, -35.044328670670509 ], [ 150.577786738317002, -35.044336926512926 ], [ 150.577783029834904, -35.044345249541294 ], [ 150.577779680381184, -35.044353626617472 ], [ 150.577776661713017, -35.044362049064162 ], [ 150.577773950022589, -35.044370506489727 ], [ 150.577771516077974, -35.044378986591241 ], [ 150.577769336018122, -35.044387480778923 ], [ 150.577767380584476, -35.044395977650822 ], [ 150.577765624900394, -35.044404465892434 ], [ 150.577764041818341, -35.044412936848339 ], [ 150.577762604297334, -35.044421378259372 ], [ 150.577761286311897, -35.044429780591038 ], [ 150.577760061863302, -35.044438133407901 ], [ 150.577758903883819, -35.044446425351744 ], [ 150.577757786374661, -35.044454645987123 ], [ 150.577756682214869, -35.044462785757666 ], [ 150.577755564336712, -35.04447083330512 ], [ 150.577754406741377, -35.044478778194076 ], [ 150.577753182334533, -35.044486609967201 ], [ 150.577751330567054, -35.044497312080061 ], [ 150.577749411130696, -35.044507224964221 ], [ 150.577747358323847, -35.044516791727453 ], [ 150.577745183868501, -35.044525949501647 ], [ 150.577742902799741, -35.044534634583421 ], [ 150.577740530072816, -35.044542785972169 ], [ 150.577738079653955, -35.044550339041677 ], [ 150.577735566498404, -35.044557232791391 ], [ 150.57773300345039, -35.044563403474143 ], [ 150.577730404396334, -35.044568789166533 ], [ 150.577727785440288, -35.04457332708801 ], [ 150.577725159399819, -35.04457695439234 ], [ 150.577722542379007, -35.044579608298996 ], [ 150.577719946073358, -35.044581226840769 ], [ 150.577717386613585, -35.044581746336199 ], [ 150.577714935658491, -35.044581152891972 ], [ 150.577712472598677, -35.04457944770455 ], [ 150.577710084305608, -35.044576695611603 ], [ 150.577707779818297, -35.04457296169889 ], [ 150.577705571541998, -35.044568308415037 ], [ 150.577703470706609, -35.044562800889587 ], [ 150.577701488568692, -35.044556503351124 ], [ 150.577699636411296, -35.044549479127333 ], [ 150.57769792543769, -35.044541794248651 ], [ 150.577696366984213, -35.044533510240903 ], [ 150.577694973322906, -35.044524694057351 ], [ 150.577693754694593, -35.044515407201921 ], [ 150.577692722302459, -35.044505715705071 ], [ 150.57769188852501, -35.044495682916377 ], [ 150.577691263523121, -35.044485373042491 ] ] ] ] } },
{ "type": "Feature", "properties": { "OBJECTID": 48, "Comments": "Operational noise contour - OpContoursBuild2040Night", "FSource": "MOTTM - noise specialists model run for Rev B", "SourceDate": 20251027.0, "Supplier": "MOTTM", "path_windows": "C:\\Users\\bri86955\\Mott MacDonald\\MGO - Moata Geospatial - JBR2HR\\01Incoming\\20251024_Noise\\Noise shp files Rev B\\Noise Rev B figures\\Metadata\\OpContours\\OpContoursBuild2040Night.shp", "path_rootname": "OpContoursBuild2040Night", "IsoValue": 70, "shapefile_type": "shapefile_polygon", "SHAPE_Length": 48.758661498762457, "SHAPE_Area": 124.35799364375467 }, "geometry": { "type": "MultiPolygon", "coordinates": [ [ [ [ 150.582937210915276, -35.038477130529046 ], [ 150.582942572039912, -35.038466070966237 ], [ 150.582975512569732, -35.038459565408118 ], [ 150.582982648003423, -35.038458667340898 ], [ 150.582988988253874, -35.038457899460994 ], [ 150.582995744538863, -35.038457110124654 ], [ 150.583002867273166, -35.03845630825964 ], [ 150.583010303611815, -35.038455501827208 ], [ 150.583018003969642, -35.038454699755114 ], [ 150.583025915475105, -35.038453910905602 ], [ 150.583033988542979, -35.0384531442064 ], [ 150.583042171370721, -35.038452409442591 ], [ 150.583050412208763, -35.038451714597315 ], [ 150.583058660376508, -35.03845106857657 ], [ 150.583066865193331, -35.038450480286329 ], [ 150.583074973787745, -35.03844995858892 ], [ 150.583082936601159, -35.038449511511253 ], [ 150.583090701804423, -35.03844914973935 ], [ 150.583098218743459, -35.038448881278342 ], [ 150.583105434573383, -35.038448714089682 ], [ 150.583112300777856, -35.038448658023995 ], [ 150.583118763390104, -35.038448721921867 ], [ 150.583124772824817, -35.038448914711203 ], [ 150.583146534268167, -35.038451502019328 ], [ 150.583160500680094, -35.038457025985522 ], [ 150.583166581625818, -35.038464389532685 ], [ 150.583167777380396, -35.038472612169485 ], [ 150.583166741135869, -35.038479175802237 ], [ 150.583161150847332, -35.038487523715148 ], [ 150.583147727538943, -35.038495521699367 ], [ 150.583123177952473, -35.038503045520997 ], [ 150.58311566549267, -35.038504687000732 ], [ 150.583109067333993, -35.038505987018844 ], [ 150.583102083478906, -35.038507245995298 ], [ 150.583094764608092, -35.038508455024022 ], [ 150.58308716247106, -35.038509606121742 ], [ 150.583079327775096, -35.038510689481484 ], [ 150.583071311174336, -35.038511697098144 ], [ 150.583063165566784, -35.038512619208468 ], [ 150.583054941633208, -35.03851344690645 ], [ 150.58304669005426, -35.038514171286081 ], [ 150.583038461484222, -35.038514784342347 ], [ 150.583030307725636, -35.038515276290184 ], [ 150.583022280554701, -35.038515638245478 ], [ 150.583014430652156, -35.038515861302308 ], [ 150.583006808698684, -35.038515936554759 ], [ 150.582999466470426, -35.038515855118746 ], [ 150.582992454621603, -35.038515608989314 ], [ 150.582985824981421, -35.038515187480549 ], [ 150.582979628177497, -35.038514583488436 ], [ 150.582973914943665, -35.038513786305224 ], [ 150.582965018449329, -35.03851188448413 ], [ 150.582953244962312, -35.038507374178671 ], [ 150.582945337092639, -35.038501715833327 ], [ 150.582940536617798, -35.03849538473181 ], [ 150.582938087426555, -35.03848885890384 ], [ 150.582937231243449, -35.038482615434347 ], [ 150.582937210915276, -35.038477130529046 ] ] ] ] } }
]
}
