{
"type": "FeatureCollection",
"name": "Plant community types",
"crs": { "type": "name", "properties": { "name": "urn:ogc:def:crs:OGC:1.3:CRS84" } },
"features": [
{ "type": "Feature", "properties": { "OBJECTID_1": 1, "OBJECTID": 6, "Zone_ID": "6", "CONDITION": "Moderate", "EasternPCT": "3330", "E_PCT_Name": "South Coast Lowland Woollybutt Grassy Forest", "VEG_CLASS": "Coastal Valley Grassy Woodland", "BC_Act": "E - Illawarra Lowlands Grassy Woodland in the Sydney Basin Bioregion", "EPBC_Act": "CE - Illawarra and south coast lowland forest and woodland ecological community", "Area_ha": 0.032881653290100003, "Area_m2": 328.81653290100002, "Comments": null, "ECMLink": null, "FSource": "Derived from field observations and aerial imagery.", "SourceDate": "2026-02-04T00:00:00Z", "PlanAccur": null, "Supplier": "Stantec Australia Pty Ltd (3045)", "Shape_Length": 67.829748143010633, "Shape_Area": 328.81653290103412 }, "geometry": { "type": "MultiPolygon", "coordinates": [ [ [ [ 150.585203445791024, -34.986841365989129 ], [ 150.585191548087124, -34.986787828020447 ], [ 150.585191548507368, -34.986752136138385 ], [ 150.585203445469062, -34.986728341512659 ], [ 150.585256983049305, -34.986698598286573 ], [ 150.585286726369105, -34.986698598807266 ], [ 150.585310521057465, -34.986728342131833 ], [ 150.585346213679742, -34.986746187527082 ], [ 150.585387853985452, -34.986775930769433 ], [ 150.585399751485397, -34.986865160609433 ], [ 150.585370007731484, -34.986900852899574 ], [ 150.58532836749032, -34.98691275034151 ], [ 150.585239137531119, -34.986888955391834 ], [ 150.585203445791024, -34.986841365989129 ] ] ] ] } },
{ "type": "Feature", "properties": { "OBJECTID_1": 2, "OBJECTID": 7, "Zone_ID": "6", "CONDITION": "Moderate", "EasternPCT": "3330", "E_PCT_Name": "South Coast Lowland Woollybutt Grassy Forest", "VEG_CLASS": "Coastal Valley Grassy Woodland", "BC_Act": "E - Illawarra Lowlands Grassy Woodland in the Sydney Basin Bioregion", "EPBC_Act": "CE - Illawarra and south coast lowland forest and woodland ecological community", "Area_ha": 0.10454297274, "Area_m2": 1045.4297274, "Comments": null, "ECMLink": null, "FSource": "Derived from field observations and aerial imagery.", "SourceDate": "2026-02-04T00:00:00Z", "PlanAccur": null, "Supplier": "Stantec Australia Pty Ltd (3045)", "Shape_Length": 168.58662587017406, "Shape_Area": 1045.4297274037547 }, "geometry": { "type": "MultiPolygon", "coordinates": [ [ [ [ 150.584703759059352, -34.987192336979597 ], [ 150.584727553832806, -34.98715069664852 ], [ 150.584787040137797, -34.987126901850353 ], [ 150.584804886152483, -34.987073363595954 ], [ 150.584816783421246, -34.987007928334997 ], [ 150.584834628913541, -34.98694844216751 ], [ 150.584888167153906, -34.986894903931926 ], [ 150.584947653951673, -34.986894904251777 ], [ 150.584995242612109, -34.986918699123237 ], [ 150.585036882867144, -34.986948442483744 ], [ 150.58508447286485, -34.987001979536402 ], [ 150.585084472688635, -34.987055517815939 ], [ 150.585114215536834, -34.987103106955658 ], [ 150.585167753459586, -34.987156645156873 ], [ 150.585203445258315, -34.987162593884761 ], [ 150.585227239860728, -34.987162593232391 ], [ 150.585280778513862, -34.987210182601672 ], [ 150.585280777643106, -34.987239925674956 ], [ 150.585262932653649, -34.987275617629358 ], [ 150.585233188951463, -34.987287515588925 ], [ 150.585167754035666, -34.987287515123946 ], [ 150.585138010467546, -34.98724587478042 ], [ 150.585066626498616, -34.987216131774261 ], [ 150.585019037648692, -34.987192336924004 ], [ 150.58501308906628, -34.987168542337166 ], [ 150.584911961996767, -34.987156645048813 ], [ 150.58485842436707, -34.987162593820919 ], [ 150.58485247467695, -34.987210182975865 ], [ 150.584834629272081, -34.987228028462084 ], [ 150.584787039853808, -34.987239926296709 ], [ 150.584751348498344, -34.987239926252528 ], [ 150.584721605184967, -34.987228028902749 ], [ 150.584703759059352, -34.987192336979597 ] ] ] ] } },
{ "type": "Feature", "properties": { "OBJECTID_1": 3, "OBJECTID": 8, "Zone_ID": "6", "CONDITION": "Moderate", "EasternPCT": "3330", "E_PCT_Name": "South Coast Lowland Woollybutt Grassy Forest", "VEG_CLASS": "Coastal Valley Grassy Woodland", "BC_Act": "E - Illawarra Lowlands Grassy Woodland in the Sydney Basin Bioregion", "EPBC_Act": "CE - Illawarra and south coast lowland forest and woodland ecological community", "Area_ha": 0.16332679168799999, "Area_m2": 1633.26791688, "Comments": null, "ECMLink": null, "FSource": "Derived from field observations and aerial imagery.", "SourceDate": "2026-02-04T00:00:00Z", "PlanAccur": null, "Supplier": "Stantec Australia Pty Ltd (3045)", "Shape_Length": 195.43979841207991, "Shape_Area": 1633.2680415508437 }, "geometry": { "type": "MultiPolygon", "coordinates": [ [ [ [ 150.585336520279299, -34.987405289016671 ], [ 150.585322280600366, -34.987475898130512 ], [ 150.585432073450846, -34.987490894594764 ], [ 150.5853941373054, -34.98764111694922 ], [ 150.585328367539375, -34.987638485723856 ], [ 150.585262931986136, -34.987620639799069 ], [ 150.585179651618233, -34.987573050806319 ], [ 150.585120164488671, -34.987561152987766 ], [ 150.585013088374012, -34.987596844953579 ], [ 150.584923858493994, -34.987596844952186 ], [ 150.584804886259889, -34.987584947572451 ], [ 150.584733501699759, -34.987549255558619 ], [ 150.584674015735516, -34.987507615362453 ], [ 150.584584786277304, -34.987436231358615 ], [ 150.584596682641575, -34.987400540095514 ], [ 150.584626426039222, -34.987382693491838 ], [ 150.584715655896531, -34.98737079611216 ], [ 150.58478704021411, -34.987347001956579 ], [ 150.584864372863194, -34.987358899040146 ], [ 150.584953602482045, -34.987358899074778 ], [ 150.585042832280379, -34.98734700145134 ], [ 150.585132062360316, -34.987352950161508 ], [ 150.585155856847109, -34.987406488704949 ], [ 150.585251034984907, -34.987400540011478 ], [ 150.585336520279299, -34.987405289016671 ] ] ] ] } },
{ "type": "Feature", "properties": { "OBJECTID_1": 4, "OBJECTID": 9, "Zone_ID": "6", "CONDITION": "Moderate", "EasternPCT": "3330", "E_PCT_Name": "South Coast Lowland Woollybutt Grassy Forest", "VEG_CLASS": "Coastal Valley Grassy Woodland", "BC_Act": "E - Illawarra Lowlands Grassy Woodland in the Sydney Basin Bioregion", "EPBC_Act": "CE - Illawarra and south coast lowland forest and woodland ecological community", "Area_ha": 0.25564258748000002, "Area_m2": 2556.4258748000002, "Comments": null, "ECMLink": null, "FSource": "Derived from field observations and aerial imagery.", "SourceDate": "2026-02-04T00:00:00Z", "PlanAccur": null, "Supplier": "Stantec Australia Pty Ltd (3045)", "Shape_Length": 501.3579874569233, "Shape_Area": 2556.4258747988333 }, "geometry": { "type": "MultiPolygon", "coordinates": [ [ [ [ 150.583924485314185, -34.989250570439701 ], [ 150.583891370238888, -34.989352258457579 ], [ 150.583826418759315, -34.989342577870033 ], [ 150.583975353419078, -34.988665841076802 ], [ 150.584124278731565, -34.987989103801048 ], [ 150.584268355326202, -34.987334391759731 ], [ 150.584297305419909, -34.987243364381087 ], [ 150.584382531379532, -34.987251822946511 ], [ 150.584430120478999, -34.987281566845581 ], [ 150.584459863873803, -34.987341052841892 ], [ 150.584459864214921, -34.987376744729644 ], [ 150.584436069975055, -34.987382694034203 ], [ 150.584352788343068, -34.987400539424215 ], [ 150.584323045315699, -34.987471923334873 ], [ 150.584317095964337, -34.987561153136809 ], [ 150.584340890524459, -34.987638486115735 ], [ 150.584305198704556, -34.987745561561049 ], [ 150.5843051992303, -34.987816945326529 ], [ 150.58428735269257, -34.987918072049432 ], [ 150.584245712629325, -34.988007302556888 ], [ 150.584245712818785, -34.988090583002929 ], [ 150.584221918394434, -34.988161967210587 ], [ 150.584174328940833, -34.988215505459429 ], [ 150.584150534126081, -34.988298786332265 ], [ 150.584150533752393, -34.988441553817836 ], [ 150.584150534005687, -34.988495092082786 ], [ 150.584120790607415, -34.988620013270967 ], [ 150.584091047732016, -34.988721140178107 ], [ 150.584061304879071, -34.988857959847124 ], [ 150.584007766745259, -34.988959086225158 ], [ 150.584007766545199, -34.989024522065471 ], [ 150.583954229046412, -34.989173237883996 ], [ 150.583924485314185, -34.989250570439701 ] ] ] ] } },
{ "type": "Feature", "properties": { "OBJECTID_1": 5, "OBJECTID": 10, "Zone_ID": "7", "CONDITION": "Moderate", "EasternPCT": "3588", "E_PCT_Name": "Shoalhaven Foothills Bloodwood Heathy Forest", "VEG_CLASS": "Sydney Coastal Dry Sclerophyll Forests", "BC_Act": "-", "EPBC_Act": "-", "Area_ha": 0.90904002743099999, "Area_m2": 9090.4002743100009, "Comments": null, "ECMLink": null, "FSource": "Derived from field observations and aerial imagery.", "SourceDate": "2026-02-04T00:00:00Z", "PlanAccur": null, "Supplier": "Stantec Australia Pty Ltd (3045)", "Shape_Length": 630.59778771821777, "Shape_Area": 9090.4006558980873 }, "geometry": { "type": "MultiPolygon", "coordinates": [ [ [ [ 150.585256984039887, -34.988191706990882 ], [ 150.585191548191005, -34.98841181020655 ], [ 150.585173702870122, -34.988489142808689 ], [ 150.5851737030994, -34.988513999933225 ], [ 150.585093924994055, -34.988829900770298 ], [ 150.585075640464652, -34.988902304388645 ], [ 150.585061021532198, -34.988960191574819 ], [ 150.584988243741947, -34.989248375321345 ], [ 150.584959550926726, -34.989232724472942 ], [ 150.584894115751752, -34.989220827131717 ], [ 150.584798937670911, -34.98919703242094 ], [ 150.584685913065726, -34.989197032761538 ], [ 150.584608580861641, -34.989214878617894 ], [ 150.584531247946302, -34.989238673205648 ], [ 150.584477709916541, -34.989274364847311 ], [ 150.584477710075788, -34.989339800699788 ], [ 150.584477710372425, -34.989375492577132 ], [ 150.584472691815307, -34.989438902982762 ], [ 150.584207350566629, -34.989399354789391 ], [ 150.58419217515123, -34.989321954507062 ], [ 150.58418622591546, -34.989286262285056 ], [ 150.584192174727889, -34.989232724374794 ], [ 150.584227866554954, -34.989161340871284 ], [ 150.58423381583134, -34.989131597246327 ], [ 150.584257609664178, -34.989095905811851 ], [ 150.584305199542058, -34.989089957016837 ], [ 150.584317096439463, -34.989072111292316 ], [ 150.584287352723351, -34.989030470742541 ], [ 150.584287352799635, -34.9889828812817 ], [ 150.584293302309419, -34.988941240967414 ], [ 150.584299250215651, -34.988875805438191 ], [ 150.584323045034751, -34.988840114007118 ], [ 150.584376583402388, -34.98878062725079 ], [ 150.584376583418276, -34.988733037786041 ], [ 150.584323045176745, -34.988697345616927 ], [ 150.584352788021306, -34.988631910519658 ], [ 150.584370634674713, -34.988578373267075 ], [ 150.584424171911678, -34.988584321414464 ], [ 150.584483658729994, -34.988614065067168 ], [ 150.584519350359329, -34.988655704978093 ], [ 150.58458478561036, -34.988691397698467 ], [ 150.584656170177112, -34.988744935301156 ], [ 150.584721605169136, -34.98874493516675 ], [ 150.58479893732337, -34.988703294941878 ], [ 150.58482868026573, -34.988673551599902 ], [ 150.584834629248576, -34.988614064850765 ], [ 150.584911961222616, -34.988572424545644 ], [ 150.584965499972185, -34.988554578198645 ], [ 150.5849714485623, -34.988477245942441 ], [ 150.584941704453996, -34.988417759148952 ], [ 150.584929807202684, -34.9883701699708 ], [ 150.584858424342457, -34.988352324443504 ], [ 150.584763245522623, -34.988364221587268 ], [ 150.584727553245244, -34.988388015792687 ], [ 150.584679964444433, -34.988417759069542 ], [ 150.584590734634787, -34.988370170237033 ], [ 150.584590734561772, -34.988292837684241 ], [ 150.584602631607396, -34.988203608173023 ], [ 150.584572888650001, -34.988185761991978 ], [ 150.584525298894562, -34.988185762110163 ], [ 150.584483658735394, -34.988132224287071 ], [ 150.58448365825069, -34.988078686010354 ], [ 150.584501505122006, -34.988031096629648 ], [ 150.584543145320623, -34.987947815729875 ], [ 150.584543145689651, -34.98787643197916 ], [ 150.584566939962855, -34.987793151002798 ], [ 150.584578837517029, -34.987757458866646 ], [ 150.5845728884739, -34.987680125981448 ], [ 150.5846145292046, -34.98766822882061 ], [ 150.584644271991039, -34.987686074985568 ], [ 150.584685913374784, -34.987727715184313 ], [ 150.584775142321291, -34.987757458430096 ], [ 150.584864372164219, -34.987769356138649 ], [ 150.584911962212772, -34.987805047771026 ], [ 150.584995242801909, -34.987840740258903 ], [ 150.585019037802113, -34.987900226732989 ], [ 150.584977396359648, -34.987918072814544 ], [ 150.584977396746751, -34.987965661398356 ], [ 150.585001191284391, -34.988019199970346 ], [ 150.585042832195199, -34.988078686434505 ], [ 150.585102318152622, -34.988084634575529 ], [ 150.585167753235879, -34.988078686294863 ], [ 150.585209394277712, -34.988096532025381 ], [ 150.58523913801119, -34.988150069952276 ], [ 150.585256984039887, -34.988191706990882 ] ] ] ] } },
{ "type": "Feature", "properties": { "OBJECTID_1": 6, "OBJECTID": 11, "Zone_ID": "6", "CONDITION": "Moderate", "EasternPCT": "3330", "E_PCT_Name": "South Coast Lowland Woollybutt Grassy Forest", "VEG_CLASS": "Coastal Valley Grassy Woodland", "BC_Act": "E - Illawarra Lowlands Grassy Woodland in the Sydney Basin Bioregion", "EPBC_Act": "CE - Illawarra and south coast lowland forest and woodland ecological community", "Area_ha": 2.1308956489200002, "Area_m2": 21308.956489200002, "Comments": null, "ECMLink": null, "FSource": "Derived from field observations and aerial imagery.", "SourceDate": "2026-02-04T00:00:00Z", "PlanAccur": null, "Supplier": "Stantec Australia Pty Ltd (3045)", "Shape_Length": 974.68636568523266, "Shape_Area": 21308.956832560223 }, "geometry": { "type": "MultiPolygon", "coordinates": [ [ [ [ 150.586952349042633, -34.988376118541943 ], [ 150.587093227529152, -34.988392105814718 ], [ 150.587068311565901, -34.988336718046234 ], [ 150.587077274019634, -34.988334477623511 ], [ 150.587095117750238, -34.988280939870869 ], [ 150.587032353656525, -34.988256800757185 ], [ 150.587009772772973, -34.98820661041114 ], [ 150.586993184730346, -34.988169738557538 ], [ 150.586800634717434, -34.987741750635927 ], [ 150.586812516192737, -34.987686540213595 ], [ 150.586876037224044, -34.987393523082233 ], [ 150.587041353763766, -34.987121638630853 ], [ 150.587047527652203, -34.987120952781417 ], [ 150.587101065946342, -34.987091209648916 ], [ 150.587196244267062, -34.987049569315573 ], [ 150.587315217885021, -34.987067414970447 ], [ 150.587380652668656, -34.9870674151705 ], [ 150.587380652443414, -34.987013876851883 ], [ 150.587398499022271, -34.986930595983772 ], [ 150.587457985510895, -34.986906801660297 ], [ 150.58751152295639, -34.986942493342113 ], [ 150.587559111928556, -34.987001980040638 ], [ 150.587600752334737, -34.98701387703786 ], [ 150.587642392979262, -34.986978185411367 ], [ 150.587684034029621, -34.986936544975443 ], [ 150.587660239077536, -34.986883006884504 ], [ 150.587594804008631, -34.986859212525566 ], [ 150.587547214442907, -34.986793777027103 ], [ 150.58760075212237, -34.98675213694888 ], [ 150.587678085332101, -34.986769982850284 ], [ 150.587779212024031, -34.986817571537401 ], [ 150.587826801872865, -34.986805674323861 ], [ 150.587826801148481, -34.986769982395266 ], [ 150.587868441808581, -34.986746188291008 ], [ 150.587927592318039, -34.986688298852229 ], [ 150.588541164985486, -34.986777070112801 ], [ 150.588549068415233, -34.986778213384554 ], [ 150.588516710405656, -34.986925376336941 ], [ 150.588484295880221, -34.987072743687449 ], [ 150.588419488513949, -34.987367472466971 ], [ 150.588289844220412, -34.987957024825889 ], [ 150.588160200786774, -34.988546587794829 ], [ 150.588153325196856, -34.988579279972022 ], [ 150.588129434679331, -34.988687901029472 ], [ 150.588029055242885, -34.98867355113002 ], [ 150.587975517332183, -34.988625962045234 ], [ 150.587910082382336, -34.988625962137398 ], [ 150.587826801448955, -34.988655705715679 ], [ 150.587761366273241, -34.988643808120507 ], [ 150.587713777364741, -34.988584321493114 ], [ 150.587624546850094, -34.98854862973964 ], [ 150.587541266648344, -34.988554577932945 ], [ 150.587475830841043, -34.988566475375947 ], [ 150.587380653021995, -34.98856647519483 ], [ 150.587309268163779, -34.98853673255573 ], [ 150.587184347467911, -34.988536732191974 ], [ 150.587118911493576, -34.988536732739298 ], [ 150.587017785080377, -34.988518886580003 ], [ 150.586934503088912, -34.988506988822138 ], [ 150.586934503095421, -34.988441553826263 ], [ 150.586952349042633, -34.988376118541943 ] ], [ [ 150.587576957777657, -34.987929970179096 ], [ 150.587642392894878, -34.987876431947257 ], [ 150.587737571905791, -34.987864534326569 ], [ 150.587808955680629, -34.987888328785253 ], [ 150.587874390701899, -34.987894277538707 ], [ 150.587945774707265, -34.987900226418425 ], [ 150.588017158052821, -34.987900226441177 ], [ 150.588082592976008, -34.987876431971657 ], [ 150.588094491200451, -34.987840740373791 ], [ 150.588082593156713, -34.98776340743855 ], [ 150.588017158277637, -34.987709869286562 ], [ 150.587927928784438, -34.987686075393746 ], [ 150.587862493205449, -34.987644434751047 ], [ 150.587797057941287, -34.987614690782763 ], [ 150.587731622892875, -34.987537359073933 ], [ 150.587660239468562, -34.987513563680835 ], [ 150.58754126653659, -34.987448128853011 ], [ 150.587475831444408, -34.98744812872728 ], [ 150.587404446593666, -34.987430282860878 ], [ 150.587303319742603, -34.987448128862013 ], [ 150.587243833096579, -34.987495718300231 ], [ 150.587160552377981, -34.987507615045047 ], [ 150.587107015039862, -34.987549255817775 ], [ 150.587142706825063, -34.987573050382984 ], [ 150.587172450138382, -34.987590896850044 ], [ 150.587225987263764, -34.98762063985405 ], [ 150.587202192482238, -34.987662280696661 ], [ 150.58717244935832, -34.987709869247212 ], [ 150.587136758031988, -34.987733664204065 ], [ 150.587142706448731, -34.987781252996832 ], [ 150.587172449764921, -34.987840740169084 ], [ 150.587273576657708, -34.987870482894081 ], [ 150.587309268776124, -34.987906175021564 ], [ 150.587368754943924, -34.987924021459598 ], [ 150.587440139217676, -34.987912124239074 ], [ 150.587511522582162, -34.987912123658937 ], [ 150.587576957777657, -34.987929970179096 ] ] ] ] } },
{ "type": "Feature", "properties": { "OBJECTID_1": 7, "OBJECTID": 15, "Zone_ID": "6", "CONDITION": "Moderate", "EasternPCT": "3330", "E_PCT_Name": "South Coast Lowland Woollybutt Grassy Forest", "VEG_CLASS": "Coastal Valley Grassy Woodland", "BC_Act": "E - Illawarra Lowlands Grassy Woodland in the Sydney Basin Bioregion", "EPBC_Act": "CE - Illawarra and south coast lowland forest and woodland ecological community", "Area_ha": 0.39313859460900002, "Area_m2": 3931.3859460899998, "Comments": null, "ECMLink": null, "FSource": "Derived from field observations and aerial imagery.", "SourceDate": "2026-02-04T00:00:00Z", "PlanAccur": null, "Supplier": "Stantec Australia Pty Ltd (3045)", "Shape_Length": 401.74422618788299, "Shape_Area": 3931.3859456239397 }, "geometry": { "type": "MultiPolygon", "coordinates": [ [ [ [ 150.586461262416861, -34.988972196125559 ], [ 150.586486012129626, -34.988856179752815 ], [ 150.586500252468085, -34.988857959436125 ], [ 150.586619224598621, -34.988857959394707 ], [ 150.586690608283675, -34.988875805719516 ], [ 150.586767941586402, -34.98888770253545 ], [ 150.586886914010023, -34.988923395034746 ], [ 150.586988041408631, -34.988935291630604 ], [ 150.587041579580102, -34.988935291651444 ], [ 150.587071322454307, -34.988857959147857 ], [ 150.587071322579959, -34.988816319354576 ], [ 150.587065373850066, -34.988733037758799 ], [ 150.587112962849346, -34.988679500138701 ], [ 150.587184346869151, -34.988679499778307 ], [ 150.587255730677498, -34.988709243372682 ], [ 150.58731521709467, -34.988744935351214 ], [ 150.587362806737985, -34.988792524543868 ], [ 150.587428241206453, -34.988828216641338 ], [ 150.587511522419589, -34.988869857152856 ], [ 150.587594803995728, -34.988893651214177 ], [ 150.587678084694488, -34.988929343704541 ], [ 150.587725673833944, -34.9889293432458 ], [ 150.58776731500339, -34.988899600415991 ], [ 150.587767315248243, -34.988852010915657 ], [ 150.587725674365998, -34.988804422045902 ], [ 150.587731623261902, -34.988733037508531 ], [ 150.587832750323059, -34.988733037591246 ], [ 150.58791008298769, -34.988738986667933 ], [ 150.587927928694967, -34.988804421243138 ], [ 150.587921979731846, -34.988863908189437 ], [ 150.587927928393043, -34.988899600251742 ], [ 150.587969569610607, -34.988929343559661 ], [ 150.587987415563788, -34.988976932629399 ], [ 150.587987415442115, -34.989024522134038 ], [ 150.587987414915887, -34.989078059529852 ], [ 150.588035588058148, -34.989114595423167 ], [ 150.588023655192529, -34.989168851190726 ], [ 150.587975517691262, -34.989202981337222 ], [ 150.587886288177742, -34.989202981686219 ], [ 150.587808955523684, -34.989191083785229 ], [ 150.587684033653233, -34.989149443190939 ], [ 150.587559112002253, -34.9891494431753 ], [ 150.5874222929707, -34.989125649267848 ], [ 150.587309268396126, -34.989125649354669 ], [ 150.58723788462143, -34.989131597683865 ], [ 150.58714270688705, -34.989095905407069 ], [ 150.587047527917605, -34.989036418735509 ], [ 150.586934503376511, -34.98902452177839 ], [ 150.586803633308222, -34.989006676191146 ], [ 150.586738198010863, -34.988994778940111 ], [ 150.586637071182679, -34.98898883004388 ], [ 150.586518097742811, -34.988976932475097 ], [ 150.586461262416861, -34.988972196125559 ] ] ] ] } },
{ "type": "Feature", "properties": { "OBJECTID_1": 8, "OBJECTID": 17, "Zone_ID": "6", "CONDITION": "Moderate", "EasternPCT": "3330", "E_PCT_Name": "South Coast Lowland Woollybutt Grassy Forest", "VEG_CLASS": "Coastal Valley Grassy Woodland", "BC_Act": "E - Illawarra Lowlands Grassy Woodland in the Sydney Basin Bioregion", "EPBC_Act": "CE - Illawarra and south coast lowland forest and woodland ecological community", "Area_ha": 0.74233692666100004, "Area_m2": 7423.3692666099996, "Comments": null, "ECMLink": null, "FSource": "Derived from field observations and aerial imagery.", "SourceDate": "2026-02-04T00:00:00Z", "PlanAccur": null, "Supplier": "Stantec Australia Pty Ltd (3045)", "Shape_Length": 374.79398713380306, "Shape_Area": 7423.3692666068082 }, "geometry": { "type": "MultiPolygon", "coordinates": [ [ [ [ 150.587077455219088, -34.990248671294751 ], [ 150.587077271538277, -34.990178560341619 ], [ 150.587041579278804, -34.990095279548576 ], [ 150.586993990357968, -34.989994151953425 ], [ 150.58694640042674, -34.989893025222017 ], [ 150.58694640084056, -34.989797846252159 ], [ 150.586993989783394, -34.989714565606484 ], [ 150.5870415790545, -34.989678873535624 ], [ 150.58710701400932, -34.9896491299342 ], [ 150.587178398852927, -34.98959559222007 ], [ 150.587190295193523, -34.989524208800177 ], [ 150.587196244498301, -34.989440927617423 ], [ 150.587190295525915, -34.989399286721877 ], [ 150.587202193444654, -34.989375491923333 ], [ 150.587237884983892, -34.989357646672318 ], [ 150.587356857547576, -34.989375492329522 ], [ 150.587422293076656, -34.989375492560178 ], [ 150.587469881841969, -34.989369543399903 ], [ 150.587517471835184, -34.989375492746781 ], [ 150.587600752822482, -34.98939928680138 ], [ 150.587636445074935, -34.98942903004432 ], [ 150.587701879258134, -34.98947661959874 ], [ 150.587767315306507, -34.989500413954879 ], [ 150.587803007027475, -34.989464722138621 ], [ 150.587844647156089, -34.989452824768769 ], [ 150.587874391031306, -34.98939928728381 ], [ 150.587898185378378, -34.989351697513079 ], [ 150.587989314047576, -34.989324989195474 ], [ 150.587893984413398, -34.989758414056027 ], [ 150.587764304720025, -34.990347984632578 ], [ 150.587761773019793, -34.990347618787645 ], [ 150.587144920739377, -34.990258425394011 ], [ 150.587077455219088, -34.990248671294751 ] ] ] ] } },
{ "type": "Feature", "properties": { "OBJECTID_1": 9, "OBJECTID": 18, "Zone_ID": "9", "CONDITION": "Moderate", "EasternPCT": "3654", "E_PCT_Name": "Shoalhaven Lowland Bloodwood Shrub Forest", "VEG_CLASS": "South East Dry Sclerophyll Forests", "BC_Act": "-", "EPBC_Act": "-", "Area_ha": 0.547709118577, "Area_m2": 5477.0911857700003, "Comments": null, "ECMLink": null, "FSource": "Derived from field observations and aerial imagery.", "SourceDate": "2026-02-04T00:00:00Z", "PlanAccur": null, "Supplier": "Stantec Australia Pty Ltd (3045)", "Shape_Length": 488.38113950273828, "Shape_Area": 5477.0911857718247 }, "geometry": { "type": "MultiPolygon", "coordinates": [ [ [ [ 150.586347922428303, -34.990143182781267 ], [ 150.586205006732996, -34.990808357596528 ], [ 150.586164852130821, -34.990802728717512 ], [ 150.586129160249129, -34.990814626630254 ], [ 150.58609346786352, -34.990820574823985 ], [ 150.586045879278601, -34.9908265234263 ], [ 150.585998290147757, -34.990826524103795 ], [ 150.585986392552456, -34.990784882913253 ], [ 150.585962597691093, -34.990743242111627 ], [ 150.585909059865884, -34.990761088887261 ], [ 150.585841552546412, -34.990769118352397 ], [ 150.58578498532367, -34.991036165580013 ], [ 150.585849573181662, -34.991052572790572 ], [ 150.585879316932051, -34.991064469898156 ], [ 150.585950700741762, -34.991076366994946 ], [ 150.585974495803356, -34.991094213519055 ], [ 150.586022084401861, -34.991123955924081 ], [ 150.586016136093633, -34.991159648454925 ], [ 150.585992341141036, -34.991219134489675 ], [ 150.585915008923934, -34.991231032345127 ], [ 150.585879316935262, -34.991231031683135 ], [ 150.585819830253627, -34.991231031757742 ], [ 150.585813881349111, -34.991260775468326 ], [ 150.585772241417601, -34.991302416095202 ], [ 150.585727986519373, -34.991305248708962 ], [ 150.585631748797084, -34.991290958444381 ], [ 150.585578210327924, -34.991279061072788 ], [ 150.585560365133745, -34.991201728620105 ], [ 150.585590108520478, -34.991142242046109 ], [ 150.585673389606143, -34.991100601594937 ], [ 150.585703132268236, -34.991047063771447 ], [ 150.585655543374088, -34.991011371540857 ], [ 150.585590108252205, -34.9910054233438 ], [ 150.585560365070677, -34.990945936712698 ], [ 150.585602005513266, -34.990844809107202 ], [ 150.585637697624293, -34.990755579711738 ], [ 150.58563769739888, -34.990660401673381 ], [ 150.58563769747343, -34.990594965818033 ], [ 150.585661491803222, -34.990487890367866 ], [ 150.585697183392767, -34.990368916953138 ], [ 150.585697183565742, -34.990279687712835 ], [ 150.585709080850847, -34.990202354794604 ], [ 150.585738824125315, -34.990160714554214 ], [ 150.585792362834383, -34.990119073576693 ], [ 150.585792361985881, -34.990083381680087 ], [ 150.585798311263289, -34.990059587669975 ], [ 150.585834003272993, -34.990065536241154 ], [ 150.585917284535952, -34.990065536272652 ], [ 150.585985251114977, -34.990090739547306 ], [ 150.586347922428303, -34.990143182781267 ] ], [ [ 150.585972090867415, -34.990152866627149 ], [ 150.585959071806741, -34.990214325820233 ], [ 150.586039930540096, -34.990195966926102 ], [ 150.586099416981369, -34.990213812213284 ], [ 150.586141057083523, -34.990231658527861 ], [ 150.586212441318537, -34.990243555465931 ], [ 150.586224339060266, -34.990237607163351 ], [ 150.586224339089739, -34.990225709569117 ], [ 150.586194595050131, -34.990207863747059 ], [ 150.586135108673489, -34.990166223318276 ], [ 150.586069673675667, -34.990154325696679 ], [ 150.586010187250821, -34.990148377088957 ], [ 150.585972090867415, -34.990152866627149 ] ] ] ] } },
{ "type": "Feature", "properties": { "OBJECTID_1": 10, "OBJECTID": 19, "Zone_ID": "9", "CONDITION": "Moderate", "EasternPCT": "3654", "E_PCT_Name": "Shoalhaven Lowland Bloodwood Shrub Forest", "VEG_CLASS": "South East Dry Sclerophyll Forests", "BC_Act": "-", "EPBC_Act": "-", "Area_ha": 3.91605153784, "Area_m2": 39160.515378399999, "Comments": null, "ECMLink": null, "FSource": "Derived from field observations and aerial imagery.", "SourceDate": "2026-02-04T00:00:00Z", "PlanAccur": null, "Supplier": "Stantec Australia Pty Ltd (3045)", "Shape_Length": 1852.9625665447666, "Shape_Area": 39160.515378386161 }, "geometry": { "type": "MultiPolygon", "coordinates": [ [ [ [ 150.585280756812949, -34.991082950795708 ], [ 150.585244227459214, -34.991166357947336 ], [ 150.58519666457417, -34.991380507335634 ], [ 150.585142560826682, -34.991583206769789 ], [ 150.585087956966959, -34.991802876286634 ], [ 150.585018274334345, -34.992067530046825 ], [ 150.584916105284151, -34.992501349551958 ], [ 150.584873088061158, -34.992794835547073 ], [ 150.584840934294135, -34.992952687288245 ], [ 150.584810444245591, -34.993053968902089 ], [ 150.584800742127101, -34.993150003071982 ], [ 150.584782836536732, -34.993291157429539 ], [ 150.584743642865362, -34.993454529316217 ], [ 150.584734273162724, -34.993539249445007 ], [ 150.58472407310137, -34.993652254654535 ], [ 150.584701288382774, -34.993725387092418 ], [ 150.584697297379734, -34.993861158084592 ], [ 150.584666141610569, -34.99398506677359 ], [ 150.584649731097812, -34.99407530704994 ], [ 150.584606323124319, -34.994148028917991 ], [ 150.58459074402262, -34.994209983223072 ], [ 150.584643578095722, -34.994284620078311 ], [ 150.58470308537801, -34.994332067137194 ], [ 150.584650220498816, -34.994437795543725 ], [ 150.584626426267931, -34.994538922798419 ], [ 150.58458478598638, -34.99467574180369 ], [ 150.58454909365625, -34.994759022887948 ], [ 150.584447966354702, -34.994800663244661 ], [ 150.584317096967851, -34.994806611784156 ], [ 150.584227867234205, -34.994759022586884 ], [ 150.584156482309055, -34.994651947351834 ], [ 150.584108893558266, -34.994586512353813 ], [ 150.584061304884784, -34.994538922810207 ], [ 150.584061304565012, -34.994461590327631 ], [ 150.584102944503115, -34.994414000666097 ], [ 150.584102944855516, -34.994312873932614 ], [ 150.584073202078713, -34.99425933575948 ], [ 150.584079150424969, -34.994205797890672 ], [ 150.584150534450288, -34.994217695197662 ], [ 150.584192174280474, -34.994259336463564 ], [ 150.584269507769733, -34.994253387692694 ], [ 150.584352787988024, -34.994205798536697 ], [ 150.584430120974048, -34.994176054485862 ], [ 150.584442018013959, -34.99409872266618 ], [ 150.584400377718026, -34.994051133584946 ], [ 150.58428140505498, -34.994039235499692 ], [ 150.58416837962244, -34.994027338521029 ], [ 150.584079150069272, -34.994021389868628 ], [ 150.584019663964426, -34.994009492347864 ], [ 150.583895121178557, -34.993967935539317 ], [ 150.583856774502891, -34.993961463839412 ], [ 150.583797288139039, -34.993943617414999 ], [ 150.583737802112523, -34.99393172066074 ], [ 150.583666417975479, -34.993931720695365 ], [ 150.583595034726045, -34.993907925543731 ], [ 150.58350580424775, -34.993901977355463 ], [ 150.583446317549004, -34.993896028334859 ], [ 150.583438900058809, -34.993854392321012 ], [ 150.583687778364833, -34.992642969396428 ], [ 150.583749699502164, -34.992676554405385 ], [ 150.583779442302216, -34.992724143861892 ], [ 150.583767544994402, -34.9927657846698 ], [ 150.583737802115195, -34.992849065919714 ], [ 150.583767544886058, -34.992932346324899 ], [ 150.583785391250757, -34.992997781436557 ], [ 150.583856774833691, -34.993039422844994 ], [ 150.583940055765623, -34.993075114337962 ], [ 150.583969799905901, -34.993140549250683 ], [ 150.584005490896089, -34.993164343836682 ], [ 150.584057054587163, -34.993231962945167 ], [ 150.584073271910881, -34.99315825544366 ], [ 150.584138636373666, -34.993140989364711 ], [ 150.584204071567257, -34.993140989586891 ], [ 150.584239764348808, -34.993123143497925 ], [ 150.584287353178382, -34.99308150288936 ], [ 150.584400377785414, -34.993033913594537 ], [ 150.58443012033942, -34.993004170395857 ], [ 150.584471761069409, -34.992885196885794 ], [ 150.58445391535102, -34.992772173337819 ], [ 150.58448365848389, -34.992671045522087 ], [ 150.584447967354293, -34.992611559218908 ], [ 150.584394428740836, -34.992558021562573 ], [ 150.584323045269997, -34.992516380473582 ], [ 150.584226628700094, -34.992461261593846 ], [ 150.584330609160219, -34.991988675979563 ], [ 150.584273180367717, -34.991986511260443 ], [ 150.584249385831043, -34.991974613210068 ], [ 150.58421369436175, -34.991903230150704 ], [ 150.584183950855333, -34.99186158957545 ], [ 150.584136361860715, -34.991837794339752 ], [ 150.58407687548916, -34.991831845663924 ], [ 150.584023337644766, -34.991831846102762 ], [ 150.583993594301774, -34.991879435574511 ], [ 150.583993593957871, -34.991909178629726 ], [ 150.58398764506498, -34.99193297344064 ], [ 150.583963850955257, -34.991962715990645 ], [ 150.583951953151484, -34.992028151084043 ], [ 150.583946004595617, -34.992057894691321 ], [ 150.583922210389289, -34.992123329984203 ], [ 150.583898415075112, -34.992170918871999 ], [ 150.583874620800259, -34.992218508676395 ], [ 150.58383892874329, -34.992224457096512 ], [ 150.583772814993296, -34.992229043374728 ], [ 150.583833068829989, -34.991935748708293 ], [ 150.583880569276943, -34.991932973309581 ], [ 150.583838929598528, -34.991891332855758 ], [ 150.583773493720685, -34.991825897529935 ], [ 150.583737801604855, -34.9917723598018 ], [ 150.583714007345066, -34.991706924325541 ], [ 150.583714007881326, -34.991641489422086 ], [ 150.583773494242024, -34.991576053662925 ], [ 150.583850825946826, -34.991564156276915 ], [ 150.583898415454456, -34.991564156459596 ], [ 150.583981697088888, -34.991564156959583 ], [ 150.584029285985054, -34.991641488683179 ], [ 150.584088772235191, -34.991665283756312 ], [ 150.584130413236949, -34.991641489231071 ], [ 150.584136361973037, -34.991582002550288 ], [ 150.584118515274668, -34.991546310536187 ], [ 150.584035234304878, -34.991504670395358 ], [ 150.583975748547743, -34.991504670480005 ], [ 150.583910312475837, -34.991504670144138 ], [ 150.583844877504788, -34.991486824317917 ], [ 150.583791340325917, -34.991457080708429 ], [ 150.583743750908127, -34.991439235010169 ], [ 150.583743751035485, -34.991385696779716 ], [ 150.583803237491026, -34.991344056172686 ], [ 150.583874620495266, -34.991308364131555 ], [ 150.583987645375345, -34.991284570342799 ], [ 150.584035234750644, -34.99128456956425 ], [ 150.584106618762775, -34.991284570163273 ], [ 150.584189899053968, -34.991284569585979 ], [ 150.584243437047945, -34.991326210623967 ], [ 150.58430292416719, -34.991332159225919 ], [ 150.584344564936572, -34.991308364616529 ], [ 150.584368359215205, -34.991302416259188 ], [ 150.584398102026086, -34.991302416121236 ], [ 150.584476039181538, -34.991327708766072 ], [ 150.584531247515542, -34.991308804215343 ], [ 150.584578837300029, -34.99131475292716 ], [ 150.584638323763471, -34.991326650145787 ], [ 150.584697809904839, -34.991302855465229 ], [ 150.584679963770498, -34.991231471675803 ], [ 150.584668066862633, -34.991160088215857 ], [ 150.584662118249639, -34.99110655054988 ], [ 150.584596683125739, -34.991053012363345 ], [ 150.584548997023035, -34.990996122432577 ], [ 150.584463537434914, -34.990957394236403 ], [ 150.584445692046955, -34.990957394156908 ], [ 150.584410000176803, -34.990957393968237 ], [ 150.584368359025603, -34.991004982872276 ], [ 150.584314821581614, -34.991052572908806 ], [ 150.584261283878504, -34.991046623770963 ], [ 150.584195848162295, -34.991046623604049 ], [ 150.584130412863004, -34.991070418584428 ], [ 150.584064977926431, -34.991100161427809 ], [ 150.584017388683748, -34.991100161321455 ], [ 150.583957902464221, -34.991088264709099 ], [ 150.58392815901712, -34.991129905379104 ], [ 150.583856775502994, -34.991135853480742 ], [ 150.583832980888531, -34.991118007460393 ], [ 150.58379134013947, -34.991088264559508 ], [ 150.58380323753525, -34.99101688067212 ], [ 150.583827031816327, -34.990975239660898 ], [ 150.583862723715555, -34.990921701784153 ], [ 150.583886518283947, -34.990868164079956 ], [ 150.583886518656612, -34.990820574641717 ], [ 150.583910313189222, -34.990802728789873 ], [ 150.583934107323529, -34.990743242271918 ], [ 150.583934107298091, -34.990725396792243 ], [ 150.583904364690824, -34.990689704964957 ], [ 150.583916261584392, -34.990683755975923 ], [ 150.583940056068258, -34.990648063735108 ], [ 150.583940056375695, -34.99060047519496 ], [ 150.583987645618635, -34.990535039495704 ], [ 150.584017388802863, -34.990493398797369 ], [ 150.584106618949363, -34.990517193811954 ], [ 150.58422559168369, -34.990540988656022 ], [ 150.58430292372222, -34.990582629211474 ], [ 150.58434456442177, -34.990612371936038 ], [ 150.584415948660535, -34.990624269933846 ], [ 150.584481383118288, -34.990594525977393 ], [ 150.584570612844317, -34.990624269441149 ], [ 150.584629820590493, -34.99062878708898 ], [ 150.584691861943725, -34.990642555196125 ], [ 150.584757296259284, -34.990642555060475 ], [ 150.584858423412385, -34.990642554972915 ], [ 150.584911961555662, -34.99061281198211 ], [ 150.58498929455294, -34.990559274107106 ], [ 150.585078523723524, -34.990565222908643 ], [ 150.585126113680531, -34.990535479529804 ], [ 150.585191548322456, -34.990470044215215 ], [ 150.585262931856505, -34.990374866079939 ], [ 150.585322418213678, -34.990309430405361 ], [ 150.585399750686349, -34.990297533817049 ], [ 150.585441391784627, -34.990315379488038 ], [ 150.585459237959753, -34.990380814388466 ], [ 150.585441391650136, -34.990517634044835 ], [ 150.585387853692396, -34.990642555308341 ], [ 150.585364059400973, -34.99071393882209 ], [ 150.585328367319192, -34.99082101451895 ], [ 150.58532241826336, -34.99093403953529 ], [ 150.585286727282181, -34.991029217644758 ], [ 150.585280756812949, -34.991082950795708 ] ] ] ] } },
{ "type": "Feature", "properties": { "OBJECTID_1": 11, "OBJECTID": 20, "Zone_ID": "9", "CONDITION": "Moderate", "EasternPCT": "3654", "E_PCT_Name": "Shoalhaven Lowland Bloodwood Shrub Forest", "VEG_CLASS": "South East Dry Sclerophyll Forests", "BC_Act": "-", "EPBC_Act": "-", "Area_ha": 1.40001470247, "Area_m2": 14000.1470247, "Comments": null, "ECMLink": null, "FSource": "Derived from field observations and aerial imagery.", "SourceDate": "2026-02-04T00:00:00Z", "PlanAccur": null, "Supplier": "Stantec Australia Pty Ltd (3045)", "Shape_Length": 957.89555015968722, "Shape_Area": 14000.147024727296 }, "geometry": { "type": "MultiPolygon", "coordinates": [ [ [ [ 150.584037510082851, -34.994806612448492 ], [ 150.5841088935328, -34.99483635524841 ], [ 150.58419812360566, -34.994836355116426 ], [ 150.584299250472242, -34.994854201068499 ], [ 150.584406326732875, -34.994836355446807 ], [ 150.584465812726535, -34.994836355205663 ], [ 150.584501504644976, -34.99487799605005 ], [ 150.584543144790473, -34.994949379360975 ], [ 150.584566939924883, -34.994973174060291 ], [ 150.584566939490429, -34.995032661060755 ], [ 150.584513402475494, -34.99510999326688 ], [ 150.584436069278922, -34.995115942182196 ], [ 150.58433494227836, -34.995187325489546 ], [ 150.584293302032506, -34.995217068842976 ], [ 150.584334942467649, -34.995276555548251 ], [ 150.584352788850168, -34.995294401153473 ], [ 150.584382531465735, -34.9953717344208 ], [ 150.584382531563307, -34.99540742626408 ], [ 150.584370634113611, -34.995449066210064 ], [ 150.584388479989087, -34.995544245173996 ], [ 150.584430120983001, -34.995591834279182 ], [ 150.584430120491248, -34.995669166740953 ], [ 150.58443012108998, -34.995746499223642 ], [ 150.584430120589502, -34.995823831683623 ], [ 150.58438253130646, -34.995883317760935 ], [ 150.584346839642706, -34.995972547559944 ], [ 150.584340891272916, -34.996026085429556 ], [ 150.58429925023475, -34.996085572706022 ], [ 150.584227867146609, -34.996097469731332 ], [ 150.58415648294536, -34.996109366691954 ], [ 150.584162431389188, -34.996145058876614 ], [ 150.584174328309985, -34.996198596877058 ], [ 150.584198123319538, -34.996269980160683 ], [ 150.584245712649192, -34.996329467253972 ], [ 150.584233815316821, -34.996448440540405 ], [ 150.584215969090451, -34.996525772843896 ], [ 150.584239763469213, -34.996620951263409 ], [ 150.584245712350054, -34.996680437707184 ], [ 150.584245712729796, -34.99673992380378 ], [ 150.58421596975316, -34.996787513271393 ], [ 150.584120790455671, -34.996811308160915 ], [ 150.584031561524597, -34.99681130821395 ], [ 150.583954229092626, -34.996763718604605 ], [ 150.583918537092842, -34.996710180920758 ], [ 150.583847152723592, -34.996710181006989 ], [ 150.583787666485478, -34.996710180911116 ], [ 150.583722230874343, -34.996674488567351 ], [ 150.583668693558252, -34.996722078199404 ], [ 150.583597310003341, -34.996757769982061 ], [ 150.583555669432428, -34.996781565160276 ], [ 150.583490233833032, -34.996829153921645 ], [ 150.583424798981582, -34.996829154160864 ], [ 150.583406953185232, -34.996781564492231 ], [ 150.583430747481628, -34.996722078168368 ], [ 150.583502130602341, -34.996656643436836 ], [ 150.583508079921614, -34.99660905353096 ], [ 150.583424798497589, -34.996585259253642 ], [ 150.583371260259099, -34.996573361755864 ], [ 150.583293928717467, -34.996531721443084 ], [ 150.583225657656129, -34.996512550357423 ], [ 150.583195708142426, -34.996609784706067 ], [ 150.583208612015341, -34.996445586021402 ], [ 150.583012885990257, -34.996418319297661 ], [ 150.583041809684829, -34.996346873590241 ], [ 150.583065604415225, -34.996317130383389 ], [ 150.583113193400891, -34.996317130020145 ], [ 150.583148885131209, -34.99631118094738 ], [ 150.58321432094391, -34.996317129655743 ], [ 150.583283847636835, -34.996323625872556 ], [ 150.58336531201158, -34.9963413640453 ], [ 150.583442644973076, -34.996371107663826 ], [ 150.583514028893518, -34.996388953264564 ], [ 150.583591360671704, -34.996394902514062 ], [ 150.583680590121872, -34.99641274825057 ], [ 150.583763872199512, -34.99643059447623 ], [ 150.583835255227882, -34.996430594407336 ], [ 150.583882844882595, -34.996460337700647 ], [ 150.583954228623156, -34.996472235154258 ], [ 150.58402561249909, -34.996448439834502 ], [ 150.584031561548613, -34.996365158957673 ], [ 150.584055355610133, -34.996311621280348 ], [ 150.583995869092206, -34.99624618640928 ], [ 150.583960176952957, -34.996186699044621 ], [ 150.583900690519357, -34.99613911049827 ], [ 150.583823358084942, -34.996079624139064 ], [ 150.58378171798924, -34.996026086059416 ], [ 150.583823357836735, -34.995978496522206 ], [ 150.583864999176711, -34.995996342779073 ], [ 150.583924485830892, -34.99604988013494 ], [ 150.583978023456382, -34.996055829483517 ], [ 150.584007766677757, -34.995996342493015 ], [ 150.584007766891091, -34.995907112458454 ], [ 150.583978023694613, -34.995835728787412 ], [ 150.583912588372897, -34.99577624230453 ], [ 150.583870947522371, -34.995746499397988 ], [ 150.583829306455669, -34.995692961315825 ], [ 150.583769819935185, -34.995675115754459 ], [ 150.583722231312237, -34.995615628498037 ], [ 150.583698436435697, -34.995556142708395 ], [ 150.583656796447656, -34.995538296425508 ], [ 150.583656796468716, -34.995478809434623 ], [ 150.583627053135217, -34.995437169626619 ], [ 150.583575575969405, -34.995376485249686 ], [ 150.583609276401717, -34.995267073618216 ], [ 150.583559342245167, -34.995264218507373 ], [ 150.583470112830497, -34.995264218172153 ], [ 150.583416574792722, -34.995240424037277 ], [ 150.583351139206599, -34.995222577881307 ], [ 150.583303550849706, -34.995222578363808 ], [ 150.583273806838179, -34.995204731812649 ], [ 150.583261909520047, -34.995151193723856 ], [ 150.583220268928216, -34.995115501818795 ], [ 150.583226218006445, -34.995085759181478 ], [ 150.583267858195143, -34.995091707131252 ], [ 150.583291652856019, -34.995091707809642 ], [ 150.583303550878384, -34.995115501964953 ], [ 150.583345190413297, -34.99515119382108 ], [ 150.5833808829926, -34.995151194375623 ], [ 150.583392780280633, -34.995139296674559 ], [ 150.583392780606289, -34.995103604847365 ], [ 150.583380882585544, -34.995079809798845 ], [ 150.583327345346902, -34.995026272598565 ], [ 150.583255961248767, -34.995002478117414 ], [ 150.583232166501773, -34.994978683176065 ], [ 150.583196474699605, -34.99494893955108 ], [ 150.583196474812638, -34.99490729893143 ], [ 150.583261910192107, -34.99488350453894 ], [ 150.583303549955133, -34.994883504578276 ], [ 150.583380883145708, -34.994859710014801 ], [ 150.583398728277416, -34.994859710263754 ], [ 150.583476060825433, -34.994865658671827 ], [ 150.583523651024819, -34.99488350452269 ], [ 150.583583137026636, -34.994883504715972 ], [ 150.583606931208124, -34.99489540199955 ], [ 150.58360693143058, -34.994919196261279 ], [ 150.583630726369876, -34.994925145667267 ], [ 150.583690902605696, -34.994896089002303 ], [ 150.583763871983052, -34.994889893195918 ], [ 150.583870947994171, -34.994883944724819 ], [ 150.583894742041565, -34.99483635494996 ], [ 150.583948280448482, -34.994794714890972 ], [ 150.584037510082851, -34.994806612448492 ] ] ] ] } },
{ "type": "Feature", "properties": { "OBJECTID_1": 12, "OBJECTID": 21, "Zone_ID": "9", "CONDITION": "Moderate", "EasternPCT": "3654", "E_PCT_Name": "Shoalhaven Lowland Bloodwood Shrub Forest", "VEG_CLASS": "South East Dry Sclerophyll Forests", "BC_Act": "-", "EPBC_Act": "-", "Area_ha": 0.99692398403299998, "Area_m2": 9969.2398403299994, "Comments": null, "ECMLink": null, "FSource": "Derived from field observations and aerial imagery.", "SourceDate": "2026-02-04T00:00:00Z", "PlanAccur": null, "Supplier": "Stantec Australia Pty Ltd (3045)", "Shape_Length": 664.60996397752876, "Shape_Area": 9969.2398403320676 }, "geometry": { "type": "MultiPolygon", "coordinates": [ [ [ [ 150.585849574009643, -34.991849691620359 ], [ 150.58589716295478, -34.991879434987958 ], [ 150.585961487131982, -34.991941681124338 ], [ 150.585940022894704, -34.992041588511917 ], [ 150.585844203737423, -34.992487629349206 ], [ 150.585844152652641, -34.992487615712221 ], [ 150.585790086680191, -34.99251594139357 ], [ 150.585766292904395, -34.992557581901735 ], [ 150.585535982922408, -34.992544984209673 ], [ 150.585464599820426, -34.992556881135691 ], [ 150.585422958689719, -34.992622316771048 ], [ 150.585422959624339, -34.992717494793013 ], [ 150.585363472384955, -34.992836467786724 ], [ 150.585327781036938, -34.992967338623387 ], [ 150.585292089036471, -34.993062516669603 ], [ 150.585292089119861, -34.993163644360891 ], [ 150.585309934854081, -34.99324692473899 ], [ 150.58541106126259, -34.993294514591838 ], [ 150.585535983817721, -34.993240976023948 ], [ 150.585569986594464, -34.993200036330954 ], [ 150.585605678431051, -34.993241676854403 ], [ 150.585676111180476, -34.993269935817068 ], [ 150.585528612545488, -34.99395640728568 ], [ 150.585445065331015, -34.993925771502163 ], [ 150.585415321554507, -34.993925771858216 ], [ 150.585367732563213, -34.993907925873913 ], [ 150.585308245696837, -34.99390197686013 ], [ 150.585254708686222, -34.993901976930289 ], [ 150.58522496492111, -34.99390197724 ], [ 150.585167246265371, -34.993952418672272 ], [ 150.585114215674196, -34.993944057719176 ], [ 150.585048780932425, -34.993944057082928 ], [ 150.585007139636673, -34.993961903099276 ], [ 150.584929807543176, -34.993967852375981 ], [ 150.584888167106527, -34.993890519492155 ], [ 150.584900064165055, -34.993789392444874 ], [ 150.584935756130989, -34.993682316953574 ], [ 150.584995243358975, -34.993575240893293 ], [ 150.585013088714049, -34.993491959605066 ], [ 150.585013088308443, -34.993396781613548 ], [ 150.585024985767035, -34.993319448821495 ], [ 150.585042832322898, -34.993254013927718 ], [ 150.585042831892707, -34.993158835030435 ], [ 150.585102318130595, -34.993075554053171 ], [ 150.585149907298472, -34.992986324557044 ], [ 150.585108267306566, -34.992897094166331 ], [ 150.585138010766087, -34.992795967083744 ], [ 150.585167753354995, -34.992742429422648 ], [ 150.585167753812641, -34.992647251434882 ], [ 150.58520939459035, -34.992617507747298 ], [ 150.58528672688638, -34.992546124237379 ], [ 150.585292675988001, -34.992486637498324 ], [ 150.5852450863878, -34.992421202016395 ], [ 150.585233188614922, -34.992331972209826 ], [ 150.585286726626208, -34.992230845348345 ], [ 150.585328367794943, -34.992153513067677 ], [ 150.585364059635396, -34.992034539808131 ], [ 150.585364059353282, -34.991933412997021 ], [ 150.585423545595717, -34.991921515558445 ], [ 150.585494930210643, -34.991921515362769 ], [ 150.585542519318807, -34.991927464592287 ], [ 150.585593950958327, -34.991938007525647 ], [ 150.585609068002896, -34.991866644234314 ], [ 150.585688960410465, -34.991849691608728 ], [ 150.585736549495977, -34.991855640761052 ], [ 150.585778189444596, -34.991849692027344 ], [ 150.585849574009643, -34.991849691620359 ] ] ] ] } },
{ "type": "Feature", "properties": { "OBJECTID_1": 13, "OBJECTID": 22, "Zone_ID": "7", "CONDITION": "Moderate", "EasternPCT": "3588", "E_PCT_Name": "Shoalhaven Foothills Bloodwood Heathy Forest", "VEG_CLASS": "Sydney Coastal Dry Sclerophyll Forests", "BC_Act": "-", "EPBC_Act": "-", "Area_ha": 1.38499284024, "Area_m2": 13849.928402400001, "Comments": null, "ECMLink": null, "FSource": "Derived from field observations and aerial imagery.", "SourceDate": "2026-02-04T00:00:00Z", "PlanAccur": null, "Supplier": "Stantec Australia Pty Ltd (3045)", "Shape_Length": 786.17414937689875, "Shape_Area": 13849.92840235266 }, "geometry": { "type": "MultiPolygon", "coordinates": [ [ [ [ 150.585230913624144, -34.994722891087342 ], [ 150.58522496487285, -34.994776429015765 ], [ 150.585230914163304, -34.994818069971117 ], [ 150.585242810578535, -34.994871606975217 ], [ 150.585248759183742, -34.994889453648668 ], [ 150.585318868092344, -34.994932539161283 ], [ 150.585239700531105, -34.99530096240256 ], [ 150.585171427215187, -34.995323705261697 ], [ 150.585147632667486, -34.99534155132848 ], [ 150.585159530380224, -34.995383191681398 ], [ 150.585211601973924, -34.99543174265429 ], [ 150.585042040411565, -34.996220847966988 ], [ 150.58510706839445, -34.996230872992108 ], [ 150.585104466497228, -34.996237697607185 ], [ 150.585048780757404, -34.996394902447591 ], [ 150.585030935277445, -34.996394902427888 ], [ 150.584977397042138, -34.996478183581637 ], [ 150.584959550674313, -34.996543618425207 ], [ 150.584923859160142, -34.99661500202545 ], [ 150.584911961921449, -34.996722077814972 ], [ 150.584953602252313, -34.996763718849373 ], [ 150.58501308905295, -34.996817256595698 ], [ 150.585007139840883, -34.996900537532454 ], [ 150.584911962132139, -34.996930280965607 ], [ 150.584870321460187, -34.996900537489694 ], [ 150.584792988934538, -34.996876743562353 ], [ 150.584679964626872, -34.996858897314013 ], [ 150.584614528965119, -34.996846999698668 ], [ 150.584549094339764, -34.996817256601744 ], [ 150.584489607246638, -34.996805359253067 ], [ 150.584447967261667, -34.996817256274177 ], [ 150.584376582894038, -34.996888640338966 ], [ 150.584323045455847, -34.996948126938229 ], [ 150.584287352794348, -34.996906486021302 ], [ 150.584251661606942, -34.996817256613873 ], [ 150.584293302302513, -34.996710180850265 ], [ 150.584328994024787, -34.996615002295606 ], [ 150.584400378104249, -34.996507926410381 ], [ 150.584412274947965, -34.996436542510004 ], [ 150.584436069630755, -34.996293775623684 ], [ 150.584471761050764, -34.996216442476729 ], [ 150.584513401932554, -34.996139110570439 ], [ 150.584465813264245, -34.996091521172289 ], [ 150.584465812913777, -34.995984445648425 ], [ 150.584477709880076, -34.995883317785228 ], [ 150.584501504837675, -34.99580003697556 ], [ 150.584543144844275, -34.995663218029087 ], [ 150.584596682615455, -34.995591834628243 ], [ 150.584602632176171, -34.995526399181117 ], [ 150.584614529241435, -34.995431220987513 ], [ 150.584656169479899, -34.9953360417258 ], [ 150.584650220697625, -34.995217069182175 ], [ 150.584697810416884, -34.995092147189638 ], [ 150.584769193515427, -34.995062404393842 ], [ 150.584822731408565, -34.995032660614562 ], [ 150.584864372031006, -34.994996969189891 ], [ 150.584846526816733, -34.994949379724048 ], [ 150.584757297017575, -34.994860150268174 ], [ 150.584769193633633, -34.994747125661405 ], [ 150.584769194440696, -34.994663844397927 ], [ 150.584804885820404, -34.994586512015061 ], [ 150.584816783403767, -34.994473487416471 ], [ 150.5848524752613, -34.994342616797894 ], [ 150.584923859048672, -34.99427123326317 ], [ 150.585013088944351, -34.994277182208236 ], [ 150.585092773281616, -34.994303994904811 ], [ 150.585073406643858, -34.994395423138108 ], [ 150.585042245031616, -34.994513987899523 ], [ 150.585042245605479, -34.994597269197939 ], [ 150.585066039893718, -34.994638910160717 ], [ 150.585125526182196, -34.994704345410831 ], [ 150.585230913624144, -34.994722891087342 ] ], [ [ 150.584996257690307, -34.99475963147993 ], [ 150.584974294746047, -34.994863314860488 ], [ 150.584998916130644, -34.99485971045771 ], [ 150.585028659387433, -34.994847812616868 ], [ 150.58502865969524, -34.994776428922997 ], [ 150.584996257690307, -34.99475963147993 ] ], [ [ 150.584865982465658, -34.995374637264625 ], [ 150.584850049539227, -34.995449855067925 ], [ 150.584885892168984, -34.995430780388823 ], [ 150.58490373743814, -34.99543078042133 ], [ 150.584897789117065, -34.995401037057661 ], [ 150.584865982465658, -34.995374637264625 ] ] ] ] } },
{ "type": "Feature", "properties": { "OBJECTID_1": 14, "OBJECTID": 23, "Zone_ID": "7", "CONDITION": "Moderate", "EasternPCT": "3588", "E_PCT_Name": "Shoalhaven Foothills Bloodwood Heathy Forest", "VEG_CLASS": "Sydney Coastal Dry Sclerophyll Forests", "BC_Act": "-", "EPBC_Act": "-", "Area_ha": 1.5413061721200001, "Area_m2": 15413.0617212, "Comments": null, "ECMLink": null, "FSource": "Derived from field observations and aerial imagery.", "SourceDate": "2026-02-04T00:00:00Z", "PlanAccur": null, "Supplier": "Stantec Australia Pty Ltd (3045)", "Shape_Length": 1515.1543608609791, "Shape_Area": 15413.06172123032 }, "geometry": { "type": "MultiPolygon", "coordinates": [ [ [ [ 150.586451650948902, -34.996438144778175 ], [ 150.586199663576679, -34.997618117868683 ], [ 150.586078748894778, -34.998195445756409 ], [ 150.58574523355648, -34.999835559766964 ], [ 150.585718703413335, -34.999731656867567 ], [ 150.585742497347127, -34.999690015554748 ], [ 150.585766292241601, -34.999576991490287 ], [ 150.585766292110435, -34.999547248443214 ], [ 150.585772240758899, -34.999475864152927 ], [ 150.585807932643007, -34.9993449942572 ], [ 150.585837676038494, -34.999231969541619 ], [ 150.585837676037528, -34.999190328916036 ], [ 150.585843624883893, -34.99913679098983 ], [ 150.585861470615924, -34.999077304813163 ], [ 150.585861470756839, -34.99902376660976 ], [ 150.585831727150264, -34.998994023985844 ], [ 150.585790087482508, -34.998952383246369 ], [ 150.585718702754519, -34.998916690748835 ], [ 150.58564731961178, -34.998886947932917 ], [ 150.585617576702361, -34.99889289620652 ], [ 150.585641370855626, -34.998928588271767 ], [ 150.585688960201395, -34.998970229363465 ], [ 150.585748447000611, -34.999011869196572 ], [ 150.585766292853236, -34.999065407334811 ], [ 150.585730600541837, -34.99907730503223 ], [ 150.58567706225196, -34.999047561246144 ], [ 150.585623525354237, -34.999035663833013 ], [ 150.585558089999012, -34.999023766698137 ], [ 150.585480756806646, -34.998976178000902 ], [ 150.58545696208904, -34.998976177728039 ], [ 150.585355835617378, -34.998976177213812 ], [ 150.585337990025465, -34.998922639927066 ], [ 150.585349886531134, -34.998880998985719 ], [ 150.585397476133494, -34.998869101992639 ], [ 150.58545696201702, -34.998886947691105 ], [ 150.585474808001834, -34.998857204624308 ], [ 150.585474808173501, -34.998815564003863 ], [ 150.585403424777468, -34.998779872253117 ], [ 150.585343938551574, -34.99875607773393 ], [ 150.585302297256845, -34.998732283168174 ], [ 150.585248759776078, -34.998708488004468 ], [ 150.585123837887124, -34.998708487874083 ], [ 150.585028659015961, -34.998720385861006 ], [ 150.584998916257689, -34.99874418035224 ], [ 150.584957276143314, -34.998767975101053 ], [ 150.584933480756206, -34.998821512908769 ], [ 150.584921583436255, -34.998821512269672 ], [ 150.584915634749819, -34.998821512850618 ], [ 150.584897789206792, -34.998779872181089 ], [ 150.584909686602572, -34.99873228251554 ], [ 150.584897789434251, -34.998702539737536 ], [ 150.58487994292858, -34.998678745411979 ], [ 150.584885891670325, -34.998631155426388 ], [ 150.584897789151853, -34.998601412128444 ], [ 150.584992967308722, -34.998613310284149 ], [ 150.585064351324917, -34.998631155916627 ], [ 150.585117888808412, -34.998625207215234 ], [ 150.58520711925874, -34.998649001589435 ], [ 150.585272554043456, -34.998643053429859 ], [ 150.58529634913657, -34.998619258587489 ], [ 150.58536773300068, -34.998619258573036 ], [ 150.585385578980549, -34.998649001608456 ], [ 150.585403425168323, -34.998666847968295 ], [ 150.585486705985062, -34.998690642725002 ], [ 150.585546192613322, -34.998690642023952 ], [ 150.585653268490319, -34.998690642670603 ], [ 150.585754395284738, -34.99868469324425 ], [ 150.585796035279259, -34.998649001534567 ], [ 150.585825778877023, -34.998625206858435 ], [ 150.585926906034842, -34.998625206984919 ], [ 150.58597449566733, -34.998589515500818 ], [ 150.585992341053981, -34.998541925968382 ], [ 150.585980443441656, -34.998470541746919 ], [ 150.585980443590785, -34.998405106858229 ], [ 150.585974494972277, -34.998351569280544 ], [ 150.585974495011044, -34.998298031068281 ], [ 150.585879316678756, -34.998268288214909 ], [ 150.585813881750653, -34.998268287916595 ], [ 150.585724652282579, -34.998268288271944 ], [ 150.585665165067127, -34.998256390573687 ], [ 150.585629473547243, -34.99820285247629 ], [ 150.585641370665911, -34.998173109990894 ], [ 150.585683011687451, -34.998167160481728 ], [ 150.585712754960809, -34.998155263402879 ], [ 150.585749357153702, -34.998147804607676 ], [ 150.585786414141893, -34.998060525311089 ], [ 150.585750721376598, -34.998060524533955 ], [ 150.585703132962607, -34.997983192551075 ], [ 150.585703132530426, -34.997935603120865 ], [ 150.585732875727558, -34.997882065401505 ], [ 150.585709081028739, -34.997822579083291 ], [ 150.585667440605562, -34.997763091922202 ], [ 150.585619851606992, -34.997703606268459 ], [ 150.5856198509384, -34.997638170461201 ], [ 150.58561390315657, -34.997620324724693 ], [ 150.585596057206885, -34.997560837769619 ], [ 150.585554416510291, -34.997495402677515 ], [ 150.585554416410559, -34.997465659624247 ], [ 150.585613903099727, -34.997435916722324 ], [ 150.585643645827616, -34.99740617327091 ], [ 150.585643645450148, -34.997316943204659 ], [ 150.585607954593513, -34.997281251488452 ], [ 150.585578210309762, -34.997233662424478 ], [ 150.585625799772828, -34.997162278308274 ], [ 150.585679338269557, -34.997209867574206 ], [ 150.585703132470996, -34.997251508417811 ], [ 150.585780464706147, -34.997305045725042 ], [ 150.585822105423858, -34.997328841008823 ], [ 150.585863746264437, -34.997299097160891 ], [ 150.585935130441072, -34.997263405849587 ], [ 150.585994617019281, -34.997275302488546 ], [ 150.586048154032852, -34.997275303038613 ], [ 150.58608979496131, -34.997221764847474 ], [ 150.586083846530755, -34.99714443210415 ], [ 150.586018411121387, -34.997114688869232 ], [ 150.585935130106037, -34.997138483929028 ], [ 150.585875643522513, -34.997138483943921 ], [ 150.585839951194686, -34.997180124748816 ], [ 150.585780464583763, -34.99718012471579 ], [ 150.585715029266481, -34.997150381320623 ], [ 150.585661492050463, -34.997090894513903 ], [ 150.585596057306731, -34.997067099858832 ], [ 150.585584159634067, -34.997031408340384 ], [ 150.585530621116334, -34.99699571661619 ], [ 150.585494929719204, -34.99700761338223 ], [ 150.585483031874361, -34.997055203119736 ], [ 150.585459237413914, -34.997108740177623 ], [ 150.585429494086327, -34.997144432364514 ], [ 150.5853402645144, -34.997126586989943 ], [ 150.585310521319968, -34.997061151513769 ], [ 150.58529862399655, -34.997013562395722 ], [ 150.585262932118866, -34.996960024190351 ], [ 150.585274829847577, -34.996924332055087 ], [ 150.585251034626964, -34.996864845641426 ], [ 150.585304573109084, -34.996829153799737 ], [ 150.585381905080055, -34.99685889708396 ], [ 150.585411648208435, -34.996894589490239 ], [ 150.585471135273764, -34.996888640016806 ], [ 150.585506826907078, -34.996823205043881 ], [ 150.585488980595272, -34.996799410810681 ], [ 150.585435442785524, -34.99679941090551 ], [ 150.585352161894178, -34.996763718564551 ], [ 150.585346213528624, -34.996722078541779 ], [ 150.585322419210399, -34.99667448883887 ], [ 150.585310521701388, -34.996609053344194 ], [ 150.585399751029314, -34.99657336140892 ], [ 150.585435443462472, -34.996519824050772 ], [ 150.585429494367645, -34.996454388850999 ], [ 150.58541759696746, -34.996377056684942 ], [ 150.585439035805706, -34.996287478007417 ], [ 150.585439351693623, -34.996282097117437 ], [ 150.586451650948902, -34.996438144778175 ] ], [ [ 150.58569718346925, -34.996787513240811 ], [ 150.585679338057957, -34.996817256371187 ], [ 150.585637697581262, -34.996835102586211 ], [ 150.585607954328651, -34.996841050867751 ], [ 150.585602005126987, -34.996888640001139 ], [ 150.585685286094787, -34.996936229758504 ], [ 150.58577451677408, -34.996942178217459 ], [ 150.585887541125828, -34.996942177979349 ], [ 150.585958924263167, -34.99692433209831 ], [ 150.586054102970081, -34.996924332714457 ], [ 150.586083846632448, -34.996870794898442 ], [ 150.585964873125562, -34.996835102296366 ], [ 150.585958924694353, -34.996769667129357 ], [ 150.585887540875945, -34.99671018051162 ], [ 150.585786414161078, -34.996686386145505 ], [ 150.58572097843907, -34.996674489126008 ], [ 150.585667440862522, -34.996704232385056 ], [ 150.585679338367839, -34.996751821476018 ], [ 150.58569718346925, -34.996787513240811 ] ] ] ] } },
{ "type": "Feature", "properties": { "OBJECTID_1": 15, "OBJECTID": 26, "Zone_ID": "7", "CONDITION": "Moderate", "EasternPCT": "3588", "E_PCT_Name": "Shoalhaven Foothills Bloodwood Heathy Forest", "VEG_CLASS": "Sydney Coastal Dry Sclerophyll Forests", "BC_Act": "-", "EPBC_Act": "-", "Area_ha": 0.44110808183599998, "Area_m2": 4411.0808183600002, "Comments": null, "ECMLink": null, "FSource": "Derived from field observations and aerial imagery.", "SourceDate": "2026-02-04T00:00:00Z", "PlanAccur": null, "Supplier": "Stantec Australia Pty Ltd (3045)", "Shape_Length": 502.14875146834163, "Shape_Area": 4411.0808183616118 }, "geometry": { "type": "MultiPolygon", "coordinates": [ [ [ [ 150.58386499909011, -34.998976617051575 ], [ 150.583835255479073, -34.998952822739227 ], [ 150.583817409480872, -34.998893336454124 ], [ 150.583835255208982, -34.998827900915082 ], [ 150.583876896311779, -34.998756517185058 ], [ 150.583876896495383, -34.998661339300682 ], [ 150.583864998744673, -34.998554263086483 ], [ 150.583930433564291, -34.998470982320107 ], [ 150.583972074145521, -34.998375803388292 ], [ 150.58399586962139, -34.998238984555577 ], [ 150.584001817591115, -34.99813190853159 ], [ 150.58400181780425, -34.997983192448174 ], [ 150.584037509334337, -34.997905860374381 ], [ 150.58409104738584, -34.997804733323619 ], [ 150.584091048030558, -34.997703605741343 ], [ 150.584114842571807, -34.99761437625083 ], [ 150.584156482463698, -34.997501351753527 ], [ 150.584204072262935, -34.997394275502842 ], [ 150.584204072001768, -34.997263405753543 ], [ 150.584192174981155, -34.997174175927277 ], [ 150.584227866680521, -34.997108740457435 ], [ 150.584287353212659, -34.997126586715751 ], [ 150.584346840169871, -34.997168227208284 ], [ 150.584394428654235, -34.997221764541663 ], [ 150.584412274758648, -34.99728125165997 ], [ 150.584352787828436, -34.997400224891869 ], [ 150.584287353247333, -34.997483505929978 ], [ 150.584287353245685, -34.997626273249935 ], [ 150.584293301439232, -34.997745246654894 ], [ 150.584311147948, -34.997810681679717 ], [ 150.584376583247177, -34.997822578563813 ], [ 150.584483658755431, -34.99785232235395 ], [ 150.58454314532824, -34.997929654581903 ], [ 150.584525374394957, -34.997970776436595 ], [ 150.584403251642755, -34.99795311385823 ], [ 150.584383942648742, -34.998088754653615 ], [ 150.584263558638185, -34.998108113786756 ], [ 150.584215968893631, -34.998149755179888 ], [ 150.584186225960934, -34.998262779484712 ], [ 150.58414458536862, -34.998352008808588 ], [ 150.584144585892744, -34.99843529004368 ], [ 150.584102945500149, -34.998530468139847 ], [ 150.584073201706843, -34.998691081785211 ], [ 150.584073201382608, -34.998780311785346 ], [ 150.584096995972175, -34.998911182039926 ], [ 150.584037510132987, -34.999042052652278 ], [ 150.58396017724877, -34.999042052402061 ], [ 150.583888793133298, -34.999024207016795 ], [ 150.58386499909011, -34.998976617051575 ] ] ] ] } },
{ "type": "Feature", "properties": { "OBJECTID_1": 16, "OBJECTID": 27, "Zone_ID": "7", "CONDITION": "Moderate", "EasternPCT": "3588", "E_PCT_Name": "Shoalhaven Foothills Bloodwood Heathy Forest", "VEG_CLASS": "Sydney Coastal Dry Sclerophyll Forests", "BC_Act": "-", "EPBC_Act": "-", "Area_ha": 2.53474628254, "Area_m2": 25347.462825400002, "Comments": null, "ECMLink": null, "FSource": "Derived from field observations and aerial imagery.", "SourceDate": "2026-02-04T00:00:00Z", "PlanAccur": null, "Supplier": "Stantec Australia Pty Ltd (3045)", "Shape_Length": 1081.8606487675561, "Shape_Area": 25347.462825413917 }, "geometry": { "type": "MultiPolygon", "coordinates": [ [ [ [ 150.584055356137213, -34.997453762592166 ], [ 150.584001817832899, -34.997584632669991 ], [ 150.583995869268193, -34.99767981111485 ], [ 150.583972074154303, -34.997780938142554 ], [ 150.583972074538281, -34.997864219377675 ], [ 150.583948280489039, -34.997947500955902 ], [ 150.583870947242445, -34.998001038849978 ], [ 150.583853101470197, -34.998120011689522 ], [ 150.583835255970456, -34.998185446344031 ], [ 150.583799563638735, -34.998274676808826 ], [ 150.583781718055747, -34.998340111450837 ], [ 150.583734128333361, -34.998429341139385 ], [ 150.583746026365191, -34.998524519795978 ], [ 150.583763871991579, -34.998619697904644 ], [ 150.583763872113195, -34.998702979120651 ], [ 150.583751974262611, -34.998774362896739 ], [ 150.583716282169803, -34.998833849394046 ], [ 150.583710334009652, -34.998905233563057 ], [ 150.583710334165687, -34.998929028712602 ], [ 150.583722231138978, -34.999024206443472 ], [ 150.58369843659392, -34.999089641578031 ], [ 150.583644898537841, -34.99919671719627 ], [ 150.58362110402777, -34.999244306855331 ], [ 150.583585411757042, -34.999327587543419 ], [ 150.583603258685514, -34.999428715378563 ], [ 150.583597310027983, -34.999535790436177 ], [ 150.58355566907241, -34.999666661008639 ], [ 150.583543771743109, -34.999755891115711 ], [ 150.583525926156341, -34.999833223267039 ], [ 150.583484285420383, -34.999952196237672 ], [ 150.583418850325074, -35.000065220633033 ], [ 150.583395055871591, -35.000190142639042 ], [ 150.58339505576609, -35.000255577469851 ], [ 150.583395055453423, -35.000362653790823 ], [ 150.58335936296416, -35.000457831950079 ], [ 150.583299877124432, -35.000547061533716 ], [ 150.583287979637902, -35.000666034614788 ], [ 150.583270134108744, -35.00075526427981 ], [ 150.5832463394363, -35.000838545642765 ], [ 150.583234441795611, -35.000933724472773 ], [ 150.583216595865252, -35.001017005332088 ], [ 150.583204698151974, -35.001112184154174 ], [ 150.583174955331287, -35.001165721177955 ], [ 150.583097622547172, -35.001213310608087 ], [ 150.582990546628082, -35.001237105471567 ], [ 150.582925111318559, -35.001231156574981 ], [ 150.582835693580449, -35.0012078119927 ], [ 150.582791965801334, -35.001183127611498 ], [ 150.582750326138523, -35.001183127331728 ], [ 150.582672993038244, -35.001200973464364 ], [ 150.582589711914068, -35.001183127324708 ], [ 150.582542122941902, -35.001171230759212 ], [ 150.582464790272724, -35.001171230418116 ], [ 150.582423149527841, -35.00117123000441 ], [ 150.582381508998992, -35.001147436252474 ], [ 150.582363663274236, -35.001076052222651 ], [ 150.582369611777324, -35.001004668175277 ], [ 150.58240530325196, -35.000933284554044 ], [ 150.582405303299652, -35.000903540639868 ], [ 150.582395693026569, -35.000825448834647 ], [ 150.582859912508866, -35.000882498776164 ], [ 150.583048520712566, -34.99848270738601 ], [ 150.583132149460795, -34.997418566959126 ], [ 150.58320469825486, -34.997441865503099 ], [ 150.583282031096218, -34.997471608336248 ], [ 150.583359363596571, -34.997471608079586 ], [ 150.583466438614096, -34.997465660019145 ], [ 150.583585412029322, -34.997483506 ], [ 150.583644898381834, -34.99749540288299 ], [ 150.583769820899334, -34.997501351497888 ], [ 150.583847153091142, -34.997495403037703 ], [ 150.5838768965572, -34.997447813684779 ], [ 150.583924485159656, -34.997352635102665 ], [ 150.583960177748253, -34.997316943678513 ], [ 150.584037510128979, -34.997316942983417 ], [ 150.584061304945919, -34.997364532932927 ], [ 150.584055356137213, -34.997453762592166 ] ] ] ] } },
{ "type": "Feature", "properties": { "OBJECTID_1": 17, "OBJECTID": 28, "Zone_ID": "9", "CONDITION": "Moderate", "EasternPCT": "3654", "E_PCT_Name": "Shoalhaven Lowland Bloodwood Shrub Forest", "VEG_CLASS": "South East Dry Sclerophyll Forests", "BC_Act": "-", "EPBC_Act": "-", "Area_ha": 0.070125582119200003, "Area_m2": 701.25582119199998, "Comments": null, "ECMLink": null, "FSource": "Derived from field observations and aerial imagery.", "SourceDate": "2026-02-04T00:00:00Z", "PlanAccur": null, "Supplier": "Stantec Australia Pty Ltd (3045)", "Shape_Length": 112.30880616347523, "Shape_Area": 701.25582119206331 }, "geometry": { "type": "MultiPolygon", "coordinates": [ [ [ [ 150.583020289768029, -35.00141556475478 ], [ 150.58300244437558, -35.001391770182543 ], [ 150.582966751927614, -35.001356078564491 ], [ 150.582984598314738, -35.001326335011107 ], [ 150.583073828379668, -35.001290643151897 ], [ 150.583163057783622, -35.001290643013796 ], [ 150.583204698870105, -35.001296591965065 ], [ 150.58322254400673, -35.001385821323517 ], [ 150.583240390246402, -35.001498845836331 ], [ 150.583186852271268, -35.001611870858646 ], [ 150.583145211750264, -35.001671356725645 ], [ 150.583067878892564, -35.001653511307282 ], [ 150.583026239389483, -35.00161187053839 ], [ 150.583044085367618, -35.001546435170518 ], [ 150.583044084973125, -35.001486949130566 ], [ 150.583020289768029, -35.00141556475478 ] ] ] ] } },
{ "type": "Feature", "properties": { "OBJECTID_1": 18, "OBJECTID": 29, "Zone_ID": "5", "CONDITION": "Good", "EasternPCT": "3273", "E_PCT_Name": "South Coast Lowland Shrub-Grass Forest", "VEG_CLASS": "Southern Lowland Wet Sclerophyll Forests", "BC_Act": " ", "EPBC_Act": " ", "Area_ha": 3.6160322553899999, "Area_m2": 36160.322553899998, "Comments": null, "ECMLink": null, "FSource": "Derived from field observations and aerial imagery.", "SourceDate": "2026-02-04T00:00:00Z", "PlanAccur": null, "Supplier": "Stantec Australia Pty Ltd (3045)", "Shape_Length": 1961.1891115340948, "Shape_Area": 36160.322553860839 }, "geometry": { "type": "MultiPolygon", "coordinates": [ [ [ [ 150.584243437444741, -34.999743553966091 ], [ 150.584285078204601, -34.999755451312716 ], [ 150.584326718269864, -34.999755451057723 ], [ 150.584374308180088, -34.999737604799463 ], [ 150.584457589360341, -34.999755451496988 ], [ 150.58449922979537, -34.999761399977153 ], [ 150.584570613118899, -34.999719758931761 ], [ 150.584630099779332, -34.999743553846194 ], [ 150.584647945741153, -34.999791143346918 ], [ 150.584618202846173, -34.999820886515359 ], [ 150.584564664184143, -34.999820886167292 ], [ 150.584505177860791, -34.999820886375232 ], [ 150.584427845319908, -34.999820886415215 ], [ 150.584338615997012, -34.999850629651206 ], [ 150.58432671881431, -34.999892270460663 ], [ 150.584386205522378, -34.999933910955392 ], [ 150.584386205124275, -34.999999345799097 ], [ 150.584302923634198, -35.000017191761849 ], [ 150.584212752221816, -35.000010192142845 ], [ 150.584120791084217, -34.999940299268353 ], [ 150.584043458875584, -34.999928401494586 ], [ 150.583960177813708, -34.999934350559442 ], [ 150.583900691011678, -34.999886761071956 ], [ 150.58384715243875, -34.999868914950937 ], [ 150.583847152682523, -34.999934350700521 ], [ 150.583948280540199, -35.000017631926376 ], [ 150.584025612510402, -35.000023580069836 ], [ 150.584061304431515, -34.999993837425066 ], [ 150.584102944949535, -34.999999786044867 ], [ 150.584102945081185, -35.000059272107563 ], [ 150.584150533841807, -35.000112810454318 ], [ 150.584236603933221, -35.000149045094027 ], [ 150.584258984472825, -35.000279327338454 ], [ 150.584332667750061, -35.000278932931138 ], [ 150.584415948755975, -35.000320573007002 ], [ 150.584445691549689, -35.000320572925034 ], [ 150.584487332624263, -35.00035031657405 ], [ 150.584506481817868, -35.000400791495764 ], [ 150.584663803865908, -35.000423547653888 ], [ 150.584737176027602, -35.000386008133063 ], [ 150.584796662295304, -35.000362213571762 ], [ 150.58489778918576, -35.000326521873291 ], [ 150.584987018664435, -35.000326522173907 ], [ 150.58504055660606, -35.000278932929298 ], [ 150.585135735629251, -35.000243240726903 ], [ 150.585219016860549, -35.000267034801034 ], [ 150.585254708412378, -35.000267034829186 ], [ 150.585314195228818, -35.000284881534867 ], [ 150.585343937701225, -35.000356264877922 ], [ 150.585409373597031, -35.000391957310505 ], [ 150.585445065206528, -35.00039195728484 ], [ 150.585445065235973, -35.000362213345198 ], [ 150.585397475913283, -35.00028488122652 ], [ 150.585355835433177, -35.000237291531825 ], [ 150.58534393795091, -35.00017780575083 ], [ 150.585385578509403, -35.000136164530588 ], [ 150.585451013383903, -35.000130216301947 ], [ 150.585451013391747, -35.000189702381448 ], [ 150.585456963024711, -35.000231343312471 ], [ 150.585510500005626, -35.000249189602947 ], [ 150.585528345858506, -35.000213497748589 ], [ 150.58552834650979, -35.000177805031647 ], [ 150.585528346412218, -35.000088575908627 ], [ 150.585528346154689, -35.000040986497595 ], [ 150.585480756733716, -35.00003503806645 ], [ 150.585439116733681, -35.000052884180036 ], [ 150.585397475842598, -35.00008857572432 ], [ 150.585349887317108, -35.000064780894782 ], [ 150.585314194799849, -35.000035037838209 ], [ 150.585302297146967, -34.99998744872417 ], [ 150.585355835108743, -34.999945808118255 ], [ 150.585421270292471, -34.999916064755105 ], [ 150.585462911543658, -34.999886321093932 ], [ 150.585516449150845, -34.999886321926276 ], [ 150.585564038489707, -34.999892270340133 ], [ 150.58558188408378, -34.999898219088017 ], [ 150.585611627836585, -34.999898218735595 ], [ 150.585665165481913, -34.999898218601629 ], [ 150.585731727019493, -34.999901977110383 ], [ 150.585598178455029, -35.000558703812459 ], [ 150.585473487265574, -35.001168502133552 ], [ 150.585328366870385, -35.001088388744058 ], [ 150.58524508629344, -35.001070543529998 ], [ 150.585179651181079, -35.001052697379095 ], [ 150.585114216235866, -35.001005108163028 ], [ 150.585036883146643, -35.000981313410065 ], [ 150.584995242731793, -35.000903980561013 ], [ 150.585013089133383, -35.000838545770726 ], [ 150.58497739712314, -35.000802853836639 ], [ 150.584894115225978, -35.000808802607907 ], [ 150.584822731811414, -35.00084449413152 ], [ 150.584781091311299, -35.000880186355353 ], [ 150.584662117815469, -35.000856391759946 ], [ 150.584614529032166, -35.000796904816816 ], [ 150.58461452930257, -35.000749316333362 ], [ 150.584578837509127, -35.000713624290121 ], [ 150.584501504502782, -35.000683880418563 ], [ 150.5844360698309, -35.000683881143793 ], [ 150.584352788389623, -35.000695778339789 ], [ 150.584352787872064, -35.000796904988761 ], [ 150.584352788474348, -35.000862340745641 ], [ 150.584382531806682, -35.000886134936685 ], [ 150.584471761153736, -35.000927775327092 ], [ 150.584566940105077, -35.000927775410482 ], [ 150.584632374966418, -35.00094562188292 ], [ 150.584727552952984, -35.000981313638775 ], [ 150.58476919436356, -35.00097536448483 ], [ 150.584917910617207, -35.000975364539784 ], [ 150.585013088574982, -35.001040800008155 ], [ 150.585096370273533, -35.001076491763371 ], [ 150.585251034524589, -35.001124081110248 ], [ 150.585364059752777, -35.001147875745659 ], [ 150.585465526468852, -35.001207431352789 ], [ 150.585308701787568, -35.001974375613955 ], [ 150.585249995055904, -35.002055617532058 ], [ 150.585191548771235, -35.00204612194814 ], [ 150.585060678442915, -35.001998532853612 ], [ 150.584983345315806, -35.002004481980009 ], [ 150.584876270216483, -35.001998532782217 ], [ 150.584781091382524, -35.001968789891166 ], [ 150.584644272195277, -35.001933097589315 ], [ 150.584555042800361, -35.00190930276117 ], [ 150.584453915639017, -35.001903354422517 ], [ 150.584376583328236, -35.001903354393548 ], [ 150.58426355874758, -35.001903354877797 ], [ 150.58416243096417, -35.001885508714174 ], [ 150.58406130420542, -35.001885508841625 ], [ 150.583954228830635, -35.001849816707583 ], [ 150.583924485760122, -35.001814124845808 ], [ 150.583924485713425, -35.001772484254097 ], [ 150.583978023501402, -35.001712997948431 ], [ 150.584043458763034, -35.001748689307064 ], [ 150.584108893807979, -35.001760587290349 ], [ 150.584204072026807, -35.001730843739111 ], [ 150.584269507525676, -35.001730843173057 ], [ 150.584358737408024, -35.001730843976382 ], [ 150.584388480777022, -35.001695152119787 ], [ 150.584317096558124, -35.001659459684042 ], [ 150.584269507234353, -35.001594024712759 ], [ 150.584269506776195, -35.001510743512057 ], [ 150.584323045148921, -35.001486948866003 ], [ 150.584430120627587, -35.001510743100063 ], [ 150.584471761560991, -35.00152858918797 ], [ 150.584495555931852, -35.001510743305822 ], [ 150.584477710457008, -35.001457205913269 ], [ 150.584430120394671, -35.00139771887261 ], [ 150.584370634486817, -35.001350129615489 ], [ 150.584269507731989, -35.001320386904574 ], [ 150.584180277600524, -35.001308489370537 ], [ 150.584096996769745, -35.001284694577699 ], [ 150.584001817400292, -35.001284695009481 ], [ 150.583942331127759, -35.00128469491991 ], [ 150.583864998919324, -35.001254951555168 ], [ 150.583793615149034, -35.001237105184948 ], [ 150.58371628301748, -35.001207362630105 ], [ 150.583638949578159, -35.001171670314747 ], [ 150.583561617084854, -35.001153824323815 ], [ 150.583502131059248, -35.001201413399166 ], [ 150.583502131484124, -35.001254951566011 ], [ 150.583484285161887, -35.001326334888908 ], [ 150.583537822919482, -35.00142151356242 ], [ 150.583650847593447, -35.001415564959061 ], [ 150.583746026003183, -35.001415564787138 ], [ 150.583864998883627, -35.001397718786059 ], [ 150.584001817599415, -35.001427462249438 ], [ 150.584132688408374, -35.001433410973391 ], [ 150.584180277869962, -35.001504794783642 ], [ 150.584150534725154, -35.001564281734616 ], [ 150.584085099279463, -35.001582127693815 ], [ 150.584037509760094, -35.001588076248311 ], [ 150.58394828002065, -35.001588076115844 ], [ 150.583870947061428, -35.001570230304608 ], [ 150.583781718137288, -35.00156428128146 ], [ 150.583716282787037, -35.00156428158968 ], [ 150.583644898997562, -35.001594024500712 ], [ 150.583644898907892, -35.001635665087754 ], [ 150.583668693700645, -35.00166540875442 ], [ 150.583716282569299, -35.001730843942987 ], [ 150.583793615025229, -35.001736792276127 ], [ 150.583847153381811, -35.001790330242692 ], [ 150.583817409576909, -35.00184386830481 ], [ 150.583769819891558, -35.001849816747026 ], [ 150.583638949749258, -35.00182602218031 ], [ 150.583561617453654, -35.001802227398024 ], [ 150.583430747128261, -35.001748689587359 ], [ 150.583341517488378, -35.001730843556331 ], [ 150.583282030892548, -35.00168325466251 ], [ 150.583252287644882, -35.00163566507122 ], [ 150.58325823678959, -35.00159402490204 ], [ 150.583317722683688, -35.00146315388178 ], [ 150.583341517779019, -35.001385821306592 ], [ 150.583406952149687, -35.001231156394596 ], [ 150.583406952769622, -35.001130029777876 ], [ 150.58340100375284, -35.001034851527024 ], [ 150.583430747569821, -35.000892083595708 ], [ 150.583454541638304, -35.000755264922013 ], [ 150.58344859303952, -35.000624393967485 ], [ 150.58350213158522, -35.000523267276236 ], [ 150.583519976506324, -35.000428088770718 ], [ 150.58354972053678, -35.000321012603777 ], [ 150.583567566439967, -35.000225834106125 ], [ 150.583567566072702, -35.000089015640704 ], [ 150.583591360887453, -35.000041426009432 ], [ 150.583597309390655, -34.999886761573684 ], [ 150.583615155366488, -34.999839172446165 ], [ 150.583668693758597, -34.999791582922327 ], [ 150.583686539054838, -34.999732096197057 ], [ 150.583680590319517, -34.99969045611499 ], [ 150.58365679576923, -34.999613123073281 ], [ 150.583674641653488, -34.999523893330618 ], [ 150.583698437152151, -34.999494150041961 ], [ 150.583740077648969, -34.999422766362855 ], [ 150.583722231015543, -34.999351382481635 ], [ 150.583751974472818, -34.999268101369928 ], [ 150.583775768719903, -34.999196717434224 ], [ 150.58383525558304, -34.999155076981253 ], [ 150.583876895981973, -34.999166974454553 ], [ 150.583930434027621, -34.99920266600293 ], [ 150.583948280135928, -34.999262153175657 ], [ 150.583989920201418, -34.999285947276761 ], [ 150.584007766895212, -34.99931569051936 ], [ 150.584055355612946, -34.999357331324269 ], [ 150.584096996853134, -34.999381125413279 ], [ 150.58409699596541, -34.999422766001736 ], [ 150.584067252934233, -34.999470355392369 ], [ 150.584085099132551, -34.99954768800638 ], [ 150.584085099523406, -34.99963096922405 ], [ 150.584156791044876, -34.99968442500132 ], [ 150.584243437444741, -34.999743553966091 ] ] ] ] } },
{ "type": "Feature", "properties": { "OBJECTID_1": 19, "OBJECTID": 30, "Zone_ID": "9", "CONDITION": "Moderate", "EasternPCT": "3654", "E_PCT_Name": "Shoalhaven Lowland Bloodwood Shrub Forest", "VEG_CLASS": "South East Dry Sclerophyll Forests", "BC_Act": "-", "EPBC_Act": "-", "Area_ha": 0.34681445446999998, "Area_m2": 3468.1445447000001, "Comments": null, "ECMLink": null, "FSource": "Derived from field observations and aerial imagery.", "SourceDate": "2026-02-04T00:00:00Z", "PlanAccur": null, "Supplier": "Stantec Australia Pty Ltd (3045)", "Shape_Length": 468.97771600923551, "Shape_Area": 3468.1445446963398 }, "geometry": { "type": "MultiPolygon", "coordinates": [ [ [ [ 150.584935386967317, -35.003433252388263 ], [ 150.584876270120247, -35.003402414562046 ], [ 150.584804885626625, -35.003336979359432 ], [ 150.58480488619972, -35.003259646972424 ], [ 150.584852474783219, -35.003241801449917 ], [ 150.584906013494077, -35.003241801718119 ], [ 150.584941705431277, -35.003194212494648 ], [ 150.584941704471305, -35.003128776741598 ], [ 150.584941704576636, -35.003063341910654 ], [ 150.584971448772563, -35.002986009343587 ], [ 150.584941705429685, -35.002908677118889 ], [ 150.584917910404158, -35.002837293090408 ], [ 150.584929808133552, -35.002783754682412 ], [ 150.584935756464233, -35.002724268950502 ], [ 150.584953602492476, -35.00261124390309 ], [ 150.585013088868976, -35.002581500491459 ], [ 150.585060677899719, -35.002527963072467 ], [ 150.5850487807337, -35.002456578811824 ], [ 150.584983345477156, -35.002403041621989 ], [ 150.584882218778603, -35.002397092735862 ], [ 150.58482868077968, -35.002331657645087 ], [ 150.584757296617624, -35.002325708483298 ], [ 150.58465022143551, -35.002290016952358 ], [ 150.584555042731409, -35.002284068121305 ], [ 150.584453915148913, -35.002260273409931 ], [ 150.584346839509493, -35.002212684036046 ], [ 150.584317095945977, -35.002117506210162 ], [ 150.584275456268529, -35.002087762520212 ], [ 150.584215969280876, -35.002028276493292 ], [ 150.584215969851726, -35.001980687127116 ], [ 150.584257610366137, -35.001968789358386 ], [ 150.584358737527879, -35.001992584217611 ], [ 150.584471761850807, -35.002004481212488 ], [ 150.584578836925118, -35.002028276221751 ], [ 150.584650220837062, -35.002034224576882 ], [ 150.584721604411726, -35.002052070454631 ], [ 150.584792988397169, -35.002075865084791 ], [ 150.584870320859949, -35.002075865755749 ], [ 150.584923858837328, -35.002075865084194 ], [ 150.585072575303826, -35.002081813781032 ], [ 150.58518900412156, -35.002140021375467 ], [ 150.584951533186114, -35.003350920041932 ], [ 150.584935386967317, -35.003433252388263 ] ] ] ] } },
{ "type": "Feature", "properties": { "OBJECTID_1": 20, "OBJECTID": 31, "Zone_ID": "9", "CONDITION": "Moderate", "EasternPCT": "3654", "E_PCT_Name": "Shoalhaven Lowland Bloodwood Shrub Forest", "VEG_CLASS": "South East Dry Sclerophyll Forests", "BC_Act": "-", "EPBC_Act": "-", "Area_ha": 0.072688561425599998, "Area_m2": 726.88561425600005, "Comments": null, "ECMLink": null, "FSource": "Derived from field observations and aerial imagery.", "SourceDate": "2026-02-04T00:00:00Z", "PlanAccur": null, "Supplier": "Stantec Australia Pty Ltd (3045)", "Shape_Length": 152.73122519318051, "Shape_Area": 726.88561425594628 }, "geometry": { "type": "MultiPolygon", "coordinates": [ [ [ [ 150.583287980034953, -35.001903354662822 ], [ 150.583282031438387, -35.001861713675709 ], [ 150.583317722554312, -35.00186171428048 ], [ 150.583359363968896, -35.001867662289449 ], [ 150.583412901232094, -35.001879559836347 ], [ 150.583490233509991, -35.001879559578136 ], [ 150.583585412450077, -35.001879559554212 ], [ 150.583650846925991, -35.001879560206007 ], [ 150.583728179649881, -35.001909302824401 ], [ 150.583859049781893, -35.001909303061367 ], [ 150.583924485385296, -35.001909303588256 ], [ 150.584007766165882, -35.001921200038126 ], [ 150.58403750950751, -35.001980687024428 ], [ 150.583983972143045, -35.002010430338842 ], [ 150.583906639281423, -35.002022327565498 ], [ 150.583793614868512, -35.002028276395308 ], [ 150.583751974944562, -35.002010430093335 ], [ 150.583698437040937, -35.002010430249165 ], [ 150.583650846957596, -35.002010429850365 ], [ 150.583567566442696, -35.002004481943565 ], [ 150.583531873801661, -35.001974738362946 ], [ 150.583478336986389, -35.001950943308458 ], [ 150.583401003546783, -35.001950943534538 ], [ 150.583371260421245, -35.001933097891538 ], [ 150.583335568974377, -35.00192714941317 ], [ 150.583287980034953, -35.001903354662822 ] ] ] ] } },
{ "type": "Feature", "properties": { "OBJECTID_1": 21, "OBJECTID": 32, "Zone_ID": "9", "CONDITION": "Moderate", "EasternPCT": "3654", "E_PCT_Name": "Shoalhaven Lowland Bloodwood Shrub Forest", "VEG_CLASS": "South East Dry Sclerophyll Forests", "BC_Act": "-", "EPBC_Act": "-", "Area_ha": 0.0589934131153, "Area_m2": 589.93413115299995, "Comments": null, "ECMLink": null, "FSource": "Derived from field observations and aerial imagery.", "SourceDate": "2026-02-04T00:00:00Z", "PlanAccur": null, "Supplier": "Stantec Australia Pty Ltd (3045)", "Shape_Length": 106.38920507296626, "Shape_Area": 589.93413115319197 }, "geometry": { "type": "MultiPolygon", "coordinates": [ [ [ [ 150.582829933162373, -35.001879559952421 ], [ 150.58278234454562, -35.001831970783378 ], [ 150.582788292619256, -35.001784381839407 ], [ 150.582794241412898, -35.001754638356424 ], [ 150.582853727895156, -35.001724895106037 ], [ 150.582913214821076, -35.001707049400551 ], [ 150.58296675193094, -35.001718946236913 ], [ 150.58306193085906, -35.001748689635612 ], [ 150.583055982047313, -35.001826021596855 ], [ 150.583085725444874, -35.001903354252036 ], [ 150.583085725773032, -35.001986635420728 ], [ 150.583038135782914, -35.002040173831119 ], [ 150.582978649923888, -35.002010430251516 ], [ 150.582966752412233, -35.001939046715137 ], [ 150.582919163438106, -35.001885508807739 ], [ 150.582889419619249, -35.001873610916611 ], [ 150.582829933162373, -35.001879559952421 ] ] ] ] } },
{ "type": "Feature", "properties": { "OBJECTID_1": 22, "OBJECTID": 33, "Zone_ID": "9", "CONDITION": "Moderate", "EasternPCT": "3654", "E_PCT_Name": "Shoalhaven Lowland Bloodwood Shrub Forest", "VEG_CLASS": "South East Dry Sclerophyll Forests", "BC_Act": "-", "EPBC_Act": "-", "Area_ha": 0.095308881448899999, "Area_m2": 953.08881448900001, "Comments": null, "ECMLink": null, "FSource": "Derived from field observations and aerial imagery.", "SourceDate": "2026-02-04T00:00:00Z", "PlanAccur": null, "Supplier": "Stantec Australia Pty Ltd (3045)", "Shape_Length": 154.33001908775003, "Shape_Area": 953.08881448885472 }, "geometry": { "type": "MultiPolygon", "coordinates": [ [ [ [ 150.582649954844328, -35.002180013649962 ], [ 150.582716908402205, -35.0021829414938 ], [ 150.582806138623567, -35.00220673588408 ], [ 150.58287752300123, -35.002224581957719 ], [ 150.582907265873871, -35.002236478933483 ], [ 150.582960803567232, -35.002254324573201 ], [ 150.58299649517474, -35.002313811311168 ], [ 150.582996495964011, -35.002385195818533 ], [ 150.582978650149357, -35.002486322063511 ], [ 150.582942957897529, -35.002545809155976 ], [ 150.582901316785325, -35.002635038818234 ], [ 150.582883471062843, -35.002635038449021 ], [ 150.582853727818531, -35.002617192675395 ], [ 150.58284777977903, -35.002557706239983 ], [ 150.582853727892797, -35.002510117298606 ], [ 150.5828656251783, -35.002468476674153 ], [ 150.58286562568864, -35.002426836108405 ], [ 150.582835881818625, -35.002391143971629 ], [ 150.582794241542189, -35.00239114368199 ], [ 150.582734754930812, -35.00240304144193 ], [ 150.58271690884186, -35.002420887388787 ], [ 150.582663370919647, -35.00242683586329 ], [ 150.582599913279694, -35.002409421653674 ], [ 150.582634437471143, -35.002251147542758 ], [ 150.582649954844328, -35.002180013649962 ] ] ] ] } },
{ "type": "Feature", "properties": { "OBJECTID_1": 23, "OBJECTID": 34, "Zone_ID": "7", "CONDITION": "Moderate", "EasternPCT": "3588", "E_PCT_Name": "Shoalhaven Foothills Bloodwood Heathy Forest", "VEG_CLASS": "Sydney Coastal Dry Sclerophyll Forests", "BC_Act": "-", "EPBC_Act": "-", "Area_ha": 0.044616764187099998, "Area_m2": 446.167641871, "Comments": null, "ECMLink": null, "FSource": "Derived from field observations and aerial imagery.", "SourceDate": "2026-02-04T00:00:00Z", "PlanAccur": null, "Supplier": "Stantec Australia Pty Ltd (3045)", "Shape_Length": 91.266266060398578, "Shape_Area": 446.16764187071703 }, "geometry": { "type": "MultiPolygon", "coordinates": [ [ [ [ 150.583644899255063, -35.002450630471188 ], [ 150.583597309986231, -35.002450630963729 ], [ 150.583555669377716, -35.002444682145125 ], [ 150.583543771467873, -35.002420887115377 ], [ 150.583519976492823, -35.002391144321486 ], [ 150.583502131285684, -35.002355452255244 ], [ 150.583537823383466, -35.00232570890126 ], [ 150.583579463123897, -35.002337606491174 ], [ 150.583633001848654, -35.002349503074697 ], [ 150.583698436700672, -35.002349503716069 ], [ 150.583793614943431, -35.002367348976364 ], [ 150.583817409808944, -35.002414938969665 ], [ 150.583847153353645, -35.002498219336424 ], [ 150.583793614598562, -35.00255175766366 ], [ 150.583710333844039, -35.002551757721285 ], [ 150.583674641613527, -35.00249227117029 ], [ 150.583644899255063, -35.002450630471188 ] ] ] ] } },
{ "type": "Feature", "properties": { "OBJECTID_1": 24, "OBJECTID": 35, "Zone_ID": "7", "CONDITION": "Moderate", "EasternPCT": "3588", "E_PCT_Name": "Shoalhaven Foothills Bloodwood Heathy Forest", "VEG_CLASS": "Sydney Coastal Dry Sclerophyll Forests", "BC_Act": "-", "EPBC_Act": "-", "Area_ha": 4.1972792405300003, "Area_m2": 41972.792405300002, "Comments": null, "ECMLink": null, "FSource": "Derived from field observations and aerial imagery.", "SourceDate": "2026-02-04T00:00:00Z", "PlanAccur": null, "Supplier": "Stantec Australia Pty Ltd (3045)", "Shape_Length": 1563.4432119486589, "Shape_Area": 41972.792405251952 }, "geometry": { "type": "MultiPolygon", "coordinates": [ [ [ [ 150.583270133595818, -35.002004481856062 ], [ 150.583293928354493, -35.002058019825903 ], [ 150.583276082195681, -35.00209371130741 ], [ 150.583252287630387, -35.002141300852273 ], [ 150.583246338645836, -35.002236479168133 ], [ 150.58325228753128, -35.002284068042563 ], [ 150.583246338852348, -35.002313811550863 ], [ 150.583258235822257, -35.00236734960361 ], [ 150.583293928255102, -35.002414938708654 ], [ 150.583341517498098, -35.002462527698597 ], [ 150.583401004362457, -35.002480373561184 ], [ 150.583436696108038, -35.002533911395759 ], [ 150.583490233896811, -35.002593398292277 ], [ 150.583525925281776, -35.002682627893144 ], [ 150.583573514447636, -35.002700473779456 ], [ 150.583680591044441, -35.002742114171994 ], [ 150.583728179780877, -35.002771857557299 ], [ 150.583817409544935, -35.002789703328695 ], [ 150.583888793078586, -35.002819447272067 ], [ 150.583972074151006, -35.002861087689084 ], [ 150.584013715700877, -35.00292057454115 ], [ 150.58409699584638, -35.002962214856659 ], [ 150.58416243168719, -35.003009803746266 ], [ 150.58422191751805, -35.003057393115903 ], [ 150.584299251050709, -35.003116879328942 ], [ 150.584305199067558, -35.003176365710836 ], [ 150.584346839502075, -35.003247750000092 ], [ 150.584412274592069, -35.003295339647103 ], [ 150.584513401605875, -35.003325082287667 ], [ 150.584578837238496, -35.003342928838087 ], [ 150.584626425921584, -35.003378620665345 ], [ 150.584697810302799, -35.003408363261613 ], [ 150.584769193616182, -35.003438106696976 ], [ 150.584840577817516, -35.003515439484353 ], [ 150.58490573675337, -35.003584435935586 ], [ 150.584905730245566, -35.003584470963276 ], [ 150.584840182155233, -35.003918703121073 ], [ 150.584787039848351, -35.003896153284309 ], [ 150.584703759163489, -35.003848563725299 ], [ 150.584596682770325, -35.003842615107892 ], [ 150.584543145228025, -35.003777179897938 ], [ 150.584525299753153, -35.003693898598151 ], [ 150.584549094109235, -35.003628463352321 ], [ 150.584572888398014, -35.003563029000581 ], [ 150.58450150511996, -35.003497593646877 ], [ 150.584388480596147, -35.003479747851379 ], [ 150.58432304538016, -35.003432158187429 ], [ 150.584257609644851, -35.003432157848025 ], [ 150.584186226117055, -35.003473798613392 ], [ 150.584144585151165, -35.003551131146132 ], [ 150.584132687768118, -35.003622514914234 ], [ 150.584180277379744, -35.003676053283719 ], [ 150.584251661402931, -35.00371769370377 ], [ 150.584364685458013, -35.003741488406959 ], [ 150.584430120655355, -35.003765282916589 ], [ 150.584489606873632, -35.003789077036842 ], [ 150.584555042767278, -35.003878307215679 ], [ 150.584584785682438, -35.003949690732533 ], [ 150.584632375419062, -35.003997280150642 ], [ 150.584697810160236, -35.004044869647458 ], [ 150.584721604556449, -35.004086509778517 ], [ 150.584733502660583, -35.004122202271049 ], [ 150.584706156416019, -35.004175527736869 ], [ 150.584705584569917, -35.004175451446443 ], [ 150.584687543806297, -35.004173055859887 ], [ 150.584392871914076, -35.004133929250443 ], [ 150.584388480781797, -35.004068663920116 ], [ 150.584364685887266, -35.00401512615025 ], [ 150.584299250679322, -35.003955639803081 ], [ 150.584299250601731, -35.003896152868499 ], [ 150.584287353355279, -35.003872358822335 ], [ 150.584239764038955, -35.003866409864379 ], [ 150.584215969557278, -35.003896153239701 ], [ 150.584215969687079, -35.003937793824143 ], [ 150.584215969375265, -35.003991331966105 ], [ 150.584150533741536, -35.004021074575931 ], [ 150.584126740061379, -35.004027023716539 ], [ 150.584104109878695, -35.004095586703045 ], [ 150.584003741639236, -35.004082259212879 ], [ 150.584000795678293, -35.004094808467251 ], [ 150.583911239224335, -35.004496665940771 ], [ 150.583892576255067, -35.004580411067913 ], [ 150.583348710959882, -35.00702077348457 ], [ 150.582775876086714, -35.006939582816294 ], [ 150.582829933426268, -35.006626584405268 ], [ 150.582877523074927, -35.006573047062844 ], [ 150.582907265294295, -35.006382690062942 ], [ 150.582931060351285, -35.006192332649228 ], [ 150.58297270120741, -35.006073360054529 ], [ 150.582972700740243, -35.005865157259535 ], [ 150.582954855258976, -35.005692645879002 ], [ 150.582978649883302, -35.00550228932449 ], [ 150.583014342094174, -35.005407110490424 ], [ 150.583050032974199, -35.005335726738139 ], [ 150.583050033005748, -35.005228651394674 ], [ 150.583050032954787, -35.005038294020586 ], [ 150.583073827560042, -35.004859834983236 ], [ 150.583103571508389, -35.004663529121878 ], [ 150.583127366359093, -35.004496966726137 ], [ 150.583091673985649, -35.004389891560436 ], [ 150.583008392387114, -35.00430660994634 ], [ 150.582931060863274, -35.004217379950497 ], [ 150.582847779682623, -35.004193586050071 ], [ 150.582818035677121, -35.00416979146366 ], [ 150.58281803652946, -35.004021074658041 ], [ 150.582823984649252, -35.003884255814846 ], [ 150.582877522960274, -35.003670104455111 ], [ 150.582960803164355, -35.003521388144797 ], [ 150.582984598824055, -35.003432158128277 ], [ 150.58298459878543, -35.003271544621228 ], [ 150.583026239128515, -35.003104982562363 ], [ 150.583044085114977, -35.002926523054988 ], [ 150.583115468859376, -35.002837292706033 ], [ 150.583133315144039, -35.002748063116989 ], [ 150.583127365854381, -35.002664782437741 ], [ 150.58312141743906, -35.002575552090697 ], [ 150.583121417696532, -35.002480373373906 ], [ 150.583157109326095, -35.002361401087363 ], [ 150.583157109490827, -35.002290016595872 ], [ 150.583180903927143, -35.002212684055948 ], [ 150.583216595315719, -35.002117505970205 ], [ 150.583240390201638, -35.002028275856759 ], [ 150.583246339392787, -35.001986635692042 ], [ 150.583270133595818, -35.002004481856062 ] ] ] ] } },
{ "type": "Feature", "properties": { "OBJECTID_1": 25, "OBJECTID": 36, "Zone_ID": "9", "CONDITION": "Moderate", "EasternPCT": "3654", "E_PCT_Name": "Shoalhaven Lowland Bloodwood Shrub Forest", "VEG_CLASS": "South East Dry Sclerophyll Forests", "BC_Act": "-", "EPBC_Act": "-", "Area_ha": 0.339909334078, "Area_m2": 3399.0933407799998, "Comments": null, "ECMLink": null, "FSource": "Derived from field observations and aerial imagery.", "SourceDate": "2026-02-04T00:00:00Z", "PlanAccur": null, "Supplier": "Stantec Australia Pty Ltd (3045)", "Shape_Length": 331.0580565644031, "Shape_Area": 3399.0933407793495 }, "geometry": { "type": "MultiPolygon", "coordinates": [ [ [ [ 150.58250250499961, -35.002855976820022 ], [ 150.58255926965515, -35.002863169402005 ], [ 150.582612807664134, -35.002881015207272 ], [ 150.582642550285726, -35.002910758591483 ], [ 150.582696088748463, -35.002910758925793 ], [ 150.582785318680777, -35.002851272194569 ], [ 150.582809113196191, -35.002762042181558 ], [ 150.582874548267824, -35.002732299368034 ], [ 150.582904291914048, -35.002785836937477 ], [ 150.582898343030479, -35.002869118557648 ], [ 150.582934034492553, -35.002892912617504 ], [ 150.582939983938729, -35.002958347857991 ], [ 150.582886445628048, -35.003017834553191 ], [ 150.582838856690159, -35.003089218327929 ], [ 150.582832907553723, -35.003196294160468 ], [ 150.58274962648926, -35.003261729234595 ], [ 150.582690139480576, -35.00327957483011 ], [ 150.58267824240221, -35.003333112995541 ], [ 150.582737729609107, -35.003434240337249 ], [ 150.582767472295899, -35.003487777919496 ], [ 150.58277937000156, -35.003565110246825 ], [ 150.5827317801959, -35.0036543402923 ], [ 150.58271393407091, -35.003737621921452 ], [ 150.582713934155606, -35.00382685093637 ], [ 150.582684191433856, -35.003892286258314 ], [ 150.582600910181071, -35.003916081539835 ], [ 150.58257116681574, -35.003874440565596 ], [ 150.582547372114362, -35.003791159463859 ], [ 150.582487886265199, -35.003666237837912 ], [ 150.582487885958699, -35.003594854263241 ], [ 150.582434347486128, -35.003511572697164 ], [ 150.582428399457655, -35.00347588047611 ], [ 150.582324206860307, -35.003368037719241 ], [ 150.582389832193286, -35.003372499733608 ], [ 150.582481222402805, -35.002953540400156 ], [ 150.58250250499961, -35.002855976820022 ] ] ] ] } },
{ "type": "Feature", "properties": { "OBJECTID_1": 26, "OBJECTID": 37, "Zone_ID": "7", "CONDITION": "Moderate", "EasternPCT": "3588", "E_PCT_Name": "Shoalhaven Foothills Bloodwood Heathy Forest", "VEG_CLASS": "Sydney Coastal Dry Sclerophyll Forests", "BC_Act": "-", "EPBC_Act": "-", "Area_ha": 0.69735152834000003, "Area_m2": 6973.5152834, "Comments": null, "ECMLink": null, "FSource": "Derived from field observations and aerial imagery.", "SourceDate": "2026-02-04T00:00:00Z", "PlanAccur": null, "Supplier": "Stantec Australia Pty Ltd (3045)", "Shape_Length": 477.05408980792151, "Shape_Area": 6973.5152833962629 }, "geometry": { "type": "MultiPolygon", "coordinates": [ [ [ [ 150.582327272523173, -35.0041302323541 ], [ 150.582357015024371, -35.004213513929599 ], [ 150.582446245410353, -35.004213513503899 ], [ 150.582547372340258, -35.004231359326987 ], [ 150.582565217895365, -35.004278949092708 ], [ 150.582565218400873, -35.00438602444752 ], [ 150.582523577590251, -35.004463357276443 ], [ 150.582499783123581, -35.004516895416977 ], [ 150.582547372779487, -35.0045882789491 ], [ 150.582541423374067, -35.004641816609663 ], [ 150.582487885305369, -35.004719149431274 ], [ 150.58248193694169, -35.004772687107724 ], [ 150.582505731671091, -35.004820276437734 ], [ 150.582505731729555, -35.004885711215934 ], [ 150.582428399588395, -35.004974941585068 ], [ 150.582410553637345, -35.005016581687734 ], [ 150.582386758844166, -35.005034428014199 ], [ 150.582362964632125, -35.005070119784683 ], [ 150.582302429440062, -35.005077597231654 ], [ 150.582091408278131, -35.005048140648569 ], [ 150.582096035406664, -35.004983892481839 ], [ 150.582054333299396, -35.004990264949598 ], [ 150.581971051959073, -35.004978367992692 ], [ 150.581898704664553, -35.004970715770725 ], [ 150.582066703943923, -35.00416600290778 ], [ 150.581557777402111, -35.003614270908393 ], [ 150.581584269799691, -35.003421820212552 ], [ 150.581684817471427, -35.003458035194569 ], [ 150.581744303717073, -35.003481829742242 ], [ 150.581797842575099, -35.003565110704947 ], [ 150.581904918109728, -35.003642443523759 ], [ 150.581982250453109, -35.003701929361597 ], [ 150.582059582882408, -35.003761416055077 ], [ 150.58213096676397, -35.003832799799468 ], [ 150.582238042421949, -35.003927978678227 ], [ 150.582309426222935, -35.003987464759646 ], [ 150.582333220534537, -35.004064797113955 ], [ 150.582327272523173, -35.0041302323541 ] ] ] ] } },
{ "type": "Feature", "properties": { "OBJECTID_1": 27, "OBJECTID": 38, "Zone_ID": "9", "CONDITION": "Moderate", "EasternPCT": "3654", "E_PCT_Name": "Shoalhaven Lowland Bloodwood Shrub Forest", "VEG_CLASS": "South East Dry Sclerophyll Forests", "BC_Act": "-", "EPBC_Act": "-", "Area_ha": 0.66760658496799996, "Area_m2": 6676.0658496799997, "Comments": null, "ECMLink": null, "FSource": "Derived from field observations and aerial imagery.", "SourceDate": "2026-02-04T00:00:00Z", "PlanAccur": null, "Supplier": "Stantec Australia Pty Ltd (3045)", "Shape_Length": 798.34347738167935, "Shape_Area": 6676.0658496821552 }, "geometry": { "type": "MultiPolygon", "coordinates": [ [ [ [ 150.582791267354054, -35.004463357225987 ], [ 150.582785318120955, -35.004516894906388 ], [ 150.582785318822118, -35.004564484264257 ], [ 150.582749626120545, -35.00464181669242 ], [ 150.582731780427906, -35.004772686758017 ], [ 150.582713934420781, -35.004867865932432 ], [ 150.582702037303903, -35.004957094961831 ], [ 150.582672293616838, -35.00509986258097 ], [ 150.582654448100328, -35.005212887187604 ], [ 150.582654447970555, -35.005331860078279 ], [ 150.582666345547011, -35.00537350062077 ], [ 150.582696088771883, -35.005456782129912 ], [ 150.582702036995556, -35.005522217334878 ], [ 150.582702036924076, -35.005611447226279 ], [ 150.582684191345692, -35.005694727928876 ], [ 150.582666345252619, -35.005795854955323 ], [ 150.582654447862581, -35.005885084860985 ], [ 150.582654448605126, -35.005968365983819 ], [ 150.582642551165918, -35.006057595884421 ], [ 150.582636601732503, -35.00617656920673 ], [ 150.582594961698987, -35.006271747474912 ], [ 150.58255926978012, -35.006402617933645 ], [ 150.582547372055132, -35.006521590802656 ], [ 150.582547372240299, -35.006658410011084 ], [ 150.58251762932133, -35.006723845238909 ], [ 150.582517628861439, -35.006842818094498 ], [ 150.582499782799886, -35.006961791406709 ], [ 150.582458142629179, -35.007140250694022 ], [ 150.582410553327122, -35.007294915283637 ], [ 150.582386758597011, -35.007443631998854 ], [ 150.582386758800482, -35.007556656074449 ], [ 150.582339169812712, -35.007663732208989 ], [ 150.582297528655346, -35.007687526784956 ], [ 150.582243990936007, -35.007669680793896 ], [ 150.582190452827803, -35.007598296677777 ], [ 150.582154761427347, -35.007520964282904 ], [ 150.582142864126695, -35.007449580721456 ], [ 150.582142863506618, -35.007348453296316 ], [ 150.582166658366333, -35.007229480526227 ], [ 150.582184504919184, -35.007146199053061 ], [ 150.582226144999595, -35.007056969735196 ], [ 150.582232094151777, -35.007015328764773 ], [ 150.582226145342759, -35.006955842321737 ], [ 150.582202350290373, -35.006872561168734 ], [ 150.582232093688305, -35.006813074813543 ], [ 150.582261836867332, -35.006747639667232 ], [ 150.582261836918661, -35.006676256133645 ], [ 150.58226183736403, -35.006581077494317 ], [ 150.582261837406662, -35.006509693958925 ], [ 150.582291580260801, -35.006438310014964 ], [ 150.582339169941832, -35.006307439668852 ], [ 150.582374861457339, -35.006188465927686 ], [ 150.582362964087395, -35.006117082373621 ], [ 150.582362963869144, -35.006075441819277 ], [ 150.582410553251464, -35.005980263198254 ], [ 150.58245219403932, -35.005873187447946 ], [ 150.582458142980443, -35.005766111683506 ], [ 150.582470039334424, -35.005706625675465 ], [ 150.582475988517217, -35.005641190465653 ], [ 150.582499783369173, -35.005587652352744 ], [ 150.58252357756794, -35.00551626878412 ], [ 150.582523577750237, -35.005456781894082 ], [ 150.582523578005635, -35.005367552008508 ], [ 150.58254142345416, -35.005278322545514 ], [ 150.582559269894347, -35.005218836095267 ], [ 150.582583064757756, -35.00517124673933 ], [ 150.582583064651345, -35.005105811961414 ], [ 150.582583064772678, -35.005046325065969 ], [ 150.58259496158513, -35.004974941484868 ], [ 150.582606859019705, -35.004921403352718 ], [ 150.582636602015185, -35.004850019293222 ], [ 150.582654447616932, -35.004772687366042 ], [ 150.582654448344954, -35.004701302918221 ], [ 150.582654448620048, -35.004618021801342 ], [ 150.582678242781043, -35.004558535744536 ], [ 150.582690139656137, -35.004493100026529 ], [ 150.582719882826069, -35.004463357405726 ], [ 150.582761523896039, -35.004397922072123 ], [ 150.582761523389877, -35.004326538495611 ], [ 150.58277937003308, -35.004225411436842 ], [ 150.582791267257818, -35.004201616275537 ], [ 150.582826958824825, -35.004243256719107 ], [ 150.582826958522503, -35.004320589062409 ], [ 150.582809113402675, -35.004403870717091 ], [ 150.582791267354054, -35.004463357225987 ] ] ] ] } },
{ "type": "Feature", "properties": { "OBJECTID_1": 28, "OBJECTID": 39, "Zone_ID": "10", "CONDITION": "Low", "EasternPCT": "3654", "E_PCT_Name": "Shoalhaven Lowland Bloodwood Shrub Forest", "VEG_CLASS": "South East Dry Sclerophyll Forests", "BC_Act": "-", "EPBC_Act": "-", "Area_ha": 1.0576392670899999, "Area_m2": 10576.392670900001, "Comments": null, "ECMLink": null, "FSource": "Derived from field observations and aerial imagery.", "SourceDate": "2026-02-04T00:00:00Z", "PlanAccur": null, "Supplier": "Stantec Australia Pty Ltd (3045)", "Shape_Length": 849.11674602015228, "Shape_Area": 10576.392670881807 }, "geometry": { "type": "MultiPolygon", "coordinates": [ [ [ [ 150.582297528655346, -35.007687526784956 ], [ 150.582339169812712, -35.007663732208989 ], [ 150.582386758800482, -35.007556656074449 ], [ 150.582386758597011, -35.007443631998854 ], [ 150.582410553327122, -35.007294915283637 ], [ 150.582458142629179, -35.007140250694022 ], [ 150.582499782799886, -35.006961791406709 ], [ 150.582517628861439, -35.006842818094498 ], [ 150.58251762932133, -35.006723845238909 ], [ 150.582547372240299, -35.006658410011084 ], [ 150.582547372055132, -35.006521590802656 ], [ 150.58255926978012, -35.006402617933645 ], [ 150.582594961698987, -35.006271747474912 ], [ 150.582636601732503, -35.00617656920673 ], [ 150.582642551165918, -35.006057595884421 ], [ 150.582654448605126, -35.005968365983819 ], [ 150.582654447862581, -35.005885084860985 ], [ 150.582666345252619, -35.005795854955323 ], [ 150.582684191345692, -35.005694727928876 ], [ 150.582702036924076, -35.005611447226279 ], [ 150.582702036995556, -35.005522217334878 ], [ 150.582696088771883, -35.005456782129912 ], [ 150.582666345547011, -35.00537350062077 ], [ 150.582654447970555, -35.005331860078279 ], [ 150.582654448100328, -35.005212887187604 ], [ 150.582672293616838, -35.00509986258097 ], [ 150.582702037303903, -35.004957094961831 ], [ 150.582713934420781, -35.004867865932432 ], [ 150.582731780427906, -35.004772686758017 ], [ 150.582749626120545, -35.00464181669242 ], [ 150.582785318822118, -35.004564484264257 ], [ 150.582785318120955, -35.004516894906388 ], [ 150.582791267354054, -35.004463357225987 ], [ 150.582809113402675, -35.004403870717091 ], [ 150.582826958522503, -35.004320589062409 ], [ 150.582826958824825, -35.004243256719107 ], [ 150.582791267257818, -35.004201616275537 ], [ 150.582818035677121, -35.00416979146366 ], [ 150.582847779682623, -35.004193586050071 ], [ 150.582931060863274, -35.004217379950497 ], [ 150.583008392387114, -35.00430660994634 ], [ 150.583091673985649, -35.004389891560436 ], [ 150.583127366359093, -35.004496966726137 ], [ 150.583103571508389, -35.004663529121878 ], [ 150.583073827560042, -35.004859834983236 ], [ 150.583050032954787, -35.005038294020586 ], [ 150.583050033005748, -35.005228651394674 ], [ 150.583050032974199, -35.005335726738139 ], [ 150.583014342094174, -35.005407110490424 ], [ 150.582978649883302, -35.00550228932449 ], [ 150.582954855258976, -35.005692645879002 ], [ 150.582972700740243, -35.005865157259535 ], [ 150.58297270120741, -35.006073360054529 ], [ 150.582931060351285, -35.006192332649228 ], [ 150.582907265294295, -35.006382690062942 ], [ 150.582877523074927, -35.006573047062844 ], [ 150.582829933426268, -35.006626584405268 ], [ 150.582775876086714, -35.006939582816294 ], [ 150.582714961349154, -35.006930949076278 ], [ 150.58254988334491, -35.007774104308801 ], [ 150.582297528655346, -35.007687526784956 ] ] ] ] } },
{ "type": "Feature", "properties": { "OBJECTID_1": 29, "OBJECTID": 40, "Zone_ID": "9", "CONDITION": "Moderate", "EasternPCT": "3654", "E_PCT_Name": "Shoalhaven Lowland Bloodwood Shrub Forest", "VEG_CLASS": "South East Dry Sclerophyll Forests", "BC_Act": "-", "EPBC_Act": "-", "Area_ha": 5.1142683817099996, "Area_m2": 51142.683817099998, "Comments": null, "ECMLink": null, "FSource": "Derived from field observations and aerial imagery.", "SourceDate": "2026-02-04T00:00:00Z", "PlanAccur": null, "Supplier": "Stantec Australia Pty Ltd (3045)", "Shape_Length": 1758.4749677236293, "Shape_Area": 51142.683817081917 }, "geometry": { "type": "MultiPolygon", "coordinates": [ [ [ [ 150.582404604225616, -35.005141503790057 ], [ 150.582410552920976, -35.005195041457085 ], [ 150.582410553763111, -35.005254528367949 ], [ 150.582392707151797, -35.005379449560948 ], [ 150.582333220607836, -35.005498422396151 ], [ 150.582333220872243, -35.005611447402728 ], [ 150.582315374922928, -35.005694728035778 ], [ 150.582315374601535, -35.005789906690339 ], [ 150.582315374824503, -35.005867239017846 ], [ 150.582285631851732, -35.005998109861743 ], [ 150.582285631322947, -35.006087338827378 ], [ 150.58224993922363, -35.006152774425068 ], [ 150.58222019642082, -35.006259850133205 ], [ 150.58218450506277, -35.006355028712306 ], [ 150.582166658669877, -35.00647400196884 ], [ 150.582136914956607, -35.006557282516802 ], [ 150.582113120648046, -35.006610820551423 ], [ 150.582113120191195, -35.006711947964462 ], [ 150.582125018492491, -35.006783331553144 ], [ 150.582101223069117, -35.006878510102986 ], [ 150.582077428519881, -35.006967739885525 ], [ 150.582059583188197, -35.007056969243877 ], [ 150.582059582757154, -35.007122404886523 ], [ 150.582059582349473, -35.007187839627598 ], [ 150.582035787815869, -35.007324658712761 ], [ 150.581988199185105, -35.007372247842994 ], [ 150.582006044676405, -35.007449580661358 ], [ 150.582006045457092, -35.007520964199408 ], [ 150.581982250577227, -35.007610193942874 ], [ 150.58194655845432, -35.007669680641442 ], [ 150.581910866277724, -35.007729167326886 ], [ 150.58189302045426, -35.007770808223803 ], [ 150.581875174555762, -35.007854088749525 ], [ 150.581863277251273, -35.007955216083189 ], [ 150.581869226291303, -35.00808013817619 ], [ 150.581863277731543, -35.008157469984468 ], [ 150.581821637024404, -35.008312135670103 ], [ 150.581791893272566, -35.008443005397503 ], [ 150.581756201133715, -35.00852628712618 ], [ 150.581756201345371, -35.008633362391443 ], [ 150.581756201650364, -35.008746387334213 ], [ 150.581726458162166, -35.008853462836775 ], [ 150.581708612459551, -35.00902002527625 ], [ 150.581655074909378, -35.009150895694219 ], [ 150.581613433367721, -35.009257971051532 ], [ 150.581530152602426, -35.009382892839824 ], [ 150.58154799921283, -35.00946617360038 ], [ 150.581547998368023, -35.009537557979669 ], [ 150.581524203589169, -35.009638685137496 ], [ 150.581512306691025, -35.009745760278975 ], [ 150.58148256361963, -35.009858785377112 ], [ 150.581506357652984, -35.009948014493233 ], [ 150.581482563331065, -35.010025347447204 ], [ 150.581423077303072, -35.01021570406035 ], [ 150.581393334212464, -35.0103465745431 ], [ 150.581375487467056, -35.010453650022122 ], [ 150.581333847496126, -35.010525034435418 ], [ 150.581304104405575, -35.010602366825253 ], [ 150.581256514992532, -35.01076298047424 ], [ 150.581220822691989, -35.01087600494796 ], [ 150.581214874415707, -35.01096523423 ], [ 150.581179182564142, -35.011042566957819 ], [ 150.581179182106297, -35.01109015623107 ], [ 150.581179182129006, -35.011173437249582 ], [ 150.581161335781559, -35.011268616039288 ], [ 150.581137541802377, -35.011345948002237 ], [ 150.581155388072148, -35.011411383375773 ], [ 150.580969862309985, -35.01141226781678 ], [ 150.580900295010935, -35.011456450516818 ], [ 150.580817013875645, -35.011438604777005 ], [ 150.58076814260113, -35.011434117128879 ], [ 150.579407054677176, -35.011222106135541 ], [ 150.579515073219056, -35.010642745986203 ], [ 150.579516124807043, -35.010637104864038 ], [ 150.579526045627603, -35.010583893689713 ], [ 150.57960804305867, -35.010144092005852 ], [ 150.580193283950734, -35.010225253420479 ], [ 150.58079909882909, -35.010309264401037 ], [ 150.581873352417091, -35.005093146163873 ], [ 150.581971052223452, -35.005067597880846 ], [ 150.582006744155507, -35.005085443451527 ], [ 150.582072179500159, -35.00510328956134 ], [ 150.582149511677926, -35.005109238098271 ], [ 150.582220895830289, -35.005115187038328 ], [ 150.582289438038515, -35.005139632387795 ], [ 150.582302429440062, -35.005077597231654 ], [ 150.582362964632125, -35.005070119784683 ], [ 150.582404604225616, -35.005141503790057 ] ] ] ] } },
{ "type": "Feature", "properties": { "OBJECTID_1": 30, "OBJECTID": 41, "Zone_ID": "9", "CONDITION": "Moderate", "EasternPCT": "3654", "E_PCT_Name": "Shoalhaven Lowland Bloodwood Shrub Forest", "VEG_CLASS": "South East Dry Sclerophyll Forests", "BC_Act": "-", "EPBC_Act": "-", "Area_ha": 2.1310876122, "Area_m2": 21310.876122000001, "Comments": null, "ECMLink": null, "FSource": "Derived from field observations and aerial imagery.", "SourceDate": "2026-02-04T00:00:00Z", "PlanAccur": null, "Supplier": "Stantec Australia Pty Ltd (3045)", "Shape_Length": 1664.5556541775841, "Shape_Area": 21310.876122031073 }, "geometry": { "type": "MultiPolygon", "coordinates": [ [ [ [ 150.582125018522959, -35.00777080787946 ], [ 150.58219045304574, -35.007800551501866 ], [ 150.582220196280844, -35.007836242891791 ], [ 150.582279682482692, -35.007860038132193 ], [ 150.582291579770526, -35.007925472902492 ], [ 150.582261837562811, -35.008002805610801 ], [ 150.582238042806381, -35.008169367701413 ], [ 150.582238042744905, -35.008282391756339 ], [ 150.58220235022435, -35.008371621496828 ], [ 150.582190453046678, -35.008466800088257 ], [ 150.582119069161564, -35.008579824803824 ], [ 150.582113120436276, -35.008645259968773 ], [ 150.58208932652019, -35.008698797978447 ], [ 150.582089326517519, -35.008782079042717 ], [ 150.582059583122685, -35.008918897616006 ], [ 150.582029839041411, -35.008990281431586 ], [ 150.582006045049837, -35.009091408722945 ], [ 150.582011993416813, -35.009180638128036 ], [ 150.582029839367294, -35.009263919717441 ], [ 150.582029839269723, -35.009347200772154 ], [ 150.581988199189283, -35.009454276292708 ], [ 150.581976301755702, -35.009513763084513 ], [ 150.581970353224875, -35.009597044560344 ], [ 150.581970352767115, -35.009668428052272 ], [ 150.581976301239052, -35.009763606229519 ], [ 150.581946558243089, -35.009852836355606 ], [ 150.581916814638021, -35.009918271359766 ], [ 150.58191681560757, -35.009959911902655 ], [ 150.581887071632906, -35.010061039539131 ], [ 150.581851380486512, -35.010120525284272 ], [ 150.581827585278461, -35.010245447587955 ], [ 150.581833533638161, -35.01029303646483 ], [ 150.581833533966631, -35.010358472090125 ], [ 150.581785945010722, -35.01048339334001 ], [ 150.581762149815631, -35.010566674200945 ], [ 150.581762149727979, -35.010667801558057 ], [ 150.581714561271099, -35.01083436419654 ], [ 150.581672920139738, -35.010953337089497 ], [ 150.581649125499581, -35.011137745278269 ], [ 150.581649126105987, -35.011226975091361 ], [ 150.581577741601279, -35.011369742332931 ], [ 150.581559896193369, -35.011494664170954 ], [ 150.581494460854373, -35.011637431864415 ], [ 150.581446871576134, -35.011827788526077 ], [ 150.581434973902816, -35.011994351330394 ], [ 150.581375487784356, -35.012226348340555 ], [ 150.581351693198997, -35.012422653962822 ], [ 150.581327898735623, -35.012559472756962 ], [ 150.581321949885591, -35.01269629218752 ], [ 150.581292206669929, -35.012833111348563 ], [ 150.581262463120879, -35.012868803176588 ], [ 150.581220822323615, -35.012987775852778 ], [ 150.581161335839766, -35.013130543827224 ], [ 150.58116728467337, -35.013243568306045 ], [ 150.5811256448618, -35.01338633604044 ], [ 150.581084004057288, -35.013552897916817 ], [ 150.581084004181776, -35.013671871532011 ], [ 150.581084004149687, -35.013772997928768 ], [ 150.581036414687304, -35.013862227931142 ], [ 150.581018568289608, -35.013933611566806 ], [ 150.580959082602135, -35.014046636468152 ], [ 150.580923390634524, -35.014189403721204 ], [ 150.580911492852124, -35.014278634182865 ], [ 150.580905543813117, -35.014373812151085 ], [ 150.580899596054508, -35.014498733992035 ], [ 150.580834160810724, -35.014576066535959 ], [ 150.580846057515544, -35.014629603834095 ], [ 150.580846058016135, -35.014706936947036 ], [ 150.58086390362655, -35.014784268968448 ], [ 150.580905543875161, -35.014819960866561 ], [ 150.58089364684119, -35.014879447484141 ], [ 150.580816314539135, -35.014903242709117 ], [ 150.580703289620544, -35.014885395888022 ], [ 150.580655700735718, -35.014861601808597 ], [ 150.580614060542956, -35.01481401228952 ], [ 150.580584316744677, -35.014766422951368 ], [ 150.580554573957102, -35.014683141913324 ], [ 150.580554573656372, -35.01458796340372 ], [ 150.580566470656663, -35.01446899093073 ], [ 150.580625958085193, -35.014302428256926 ], [ 150.580691392545049, -35.014082328036864 ], [ 150.580744930278968, -35.013844382177318 ], [ 150.580774673878409, -35.013725409514436 ], [ 150.580822262846596, -35.013541001084135 ], [ 150.580810365736369, -35.013410130656212 ], [ 150.580852006302933, -35.013291157238761 ], [ 150.580893646878394, -35.013190030115268 ], [ 150.58087580135961, -35.013094851777325 ], [ 150.580899595167722, -35.013023467765947 ], [ 150.580965031321085, -35.012958032703757 ], [ 150.580988825555409, -35.012833111541283 ], [ 150.581000722949938, -35.012743881040684 ], [ 150.581000723008316, -35.012642754632481 ], [ 150.581000722971766, -35.012529729776467 ], [ 150.581072106860006, -35.01243455129805 ], [ 150.581089952742843, -35.012357218850148 ], [ 150.58108995246846, -35.012238246112027 ], [ 150.58113754127595, -35.012095477987963 ], [ 150.58113159340212, -35.01197055686891 ], [ 150.581173234110537, -35.011881327157333 ], [ 150.581220822530753, -35.011738558978571 ], [ 150.58122677120204, -35.011589842889911 ], [ 150.581256514778232, -35.011512510548101 ], [ 150.581256515122618, -35.011381640257959 ], [ 150.581321950255159, -35.011286461971217 ], [ 150.581321950379191, -35.011221026371665 ], [ 150.581316000844396, -35.011149642364558 ], [ 150.581369538619668, -35.011042566366569 ], [ 150.58135764164436, -35.01089979929484 ], [ 150.581387384673889, -35.010745133740627 ], [ 150.581417128738309, -35.010596417869351 ], [ 150.581452820824552, -35.010495290868796 ], [ 150.581458768903985, -35.010412009431803 ], [ 150.581476615326665, -35.01029303638294 ], [ 150.581530153127773, -35.010174063639056 ], [ 150.581553947107096, -35.01007888524888 ], [ 150.581607485229853, -35.009876630526236 ], [ 150.581607485144843, -35.009817144581348 ], [ 150.581607484717836, -35.009739812305114 ], [ 150.581631279576925, -35.009591095835169 ], [ 150.581684817880245, -35.009478070880945 ], [ 150.581690766880456, -35.009353149810103 ], [ 150.581714561435319, -35.009204433304454 ], [ 150.581768099361881, -35.009043819891403 ], [ 150.581809739659576, -35.008895103016876 ], [ 150.581833534219015, -35.00876423279896 ], [ 150.581833534205686, -35.00862146488187 ], [ 150.581887072216574, -35.008538183679072 ], [ 150.581922764345933, -35.00846085158679 ], [ 150.581940610143675, -35.008324032975217 ], [ 150.581934661222306, -35.008252648975827 ], [ 150.581940610303775, -35.008109881534267 ], [ 150.582000096812635, -35.008097984260083 ], [ 150.582035788344172, -35.008008753656824 ], [ 150.582047685907895, -35.007925472638341 ], [ 150.582047685418729, -35.007865986663042 ], [ 150.582047685413841, -35.007824346126164 ], [ 150.582053634581058, -35.007776756395238 ], [ 150.582077428996286, -35.007752962275845 ], [ 150.582125018522959, -35.00777080787946 ] ] ] ] } },
{ "type": "Feature", "properties": { "OBJECTID_1": 31, "OBJECTID": 42, "Zone_ID": "10", "CONDITION": "Low", "EasternPCT": "3654", "E_PCT_Name": "Shoalhaven Lowland Bloodwood Shrub Forest", "VEG_CLASS": "South East Dry Sclerophyll Forests", "BC_Act": "-", "EPBC_Act": "-", "Area_ha": 1.87944584549, "Area_m2": 18794.458454899999, "Comments": null, "ECMLink": null, "FSource": "Derived from field observations and aerial imagery.", "SourceDate": "2026-02-04T00:00:00Z", "PlanAccur": null, "Supplier": "Stantec Australia Pty Ltd (3045)", "Shape_Length": 1510.901541520172, "Shape_Area": 18794.458454940577 }, "geometry": { "type": "MultiPolygon", "coordinates": [ [ [ [ 150.581694410591354, -35.013282587055137 ], [ 150.58147873799993, -35.014262510933207 ], [ 150.581344560180213, -35.014215673732934 ], [ 150.581296970962711, -35.014149048571966 ], [ 150.58126086420242, -35.01407921416159 ], [ 150.580959082602135, -35.014046636468152 ], [ 150.581018568289608, -35.013933611566806 ], [ 150.581036414687304, -35.013862227931142 ], [ 150.581084004149687, -35.013772997928768 ], [ 150.581084004181776, -35.013671871532011 ], [ 150.581084004057288, -35.013552897916817 ], [ 150.5811256448618, -35.01338633604044 ], [ 150.58116728467337, -35.013243568306045 ], [ 150.581161335839766, -35.013130543827224 ], [ 150.581220822323615, -35.012987775852778 ], [ 150.581262463120879, -35.012868803176588 ], [ 150.581292206669929, -35.012833111348563 ], [ 150.581321949885591, -35.01269629218752 ], [ 150.581327898735623, -35.012559472756962 ], [ 150.581351693198997, -35.012422653962822 ], [ 150.581375487784356, -35.012226348340555 ], [ 150.581434973902816, -35.011994351330394 ], [ 150.581446871576134, -35.011827788526077 ], [ 150.581494460854373, -35.011637431864415 ], [ 150.581559896193369, -35.011494664170954 ], [ 150.581577741601279, -35.011369742332931 ], [ 150.581649126105987, -35.011226975091361 ], [ 150.581649125499581, -35.011137745278269 ], [ 150.581672920139738, -35.010953337089497 ], [ 150.581714561271099, -35.01083436419654 ], [ 150.581762149727979, -35.010667801558057 ], [ 150.581762149815631, -35.010566674200945 ], [ 150.581785945010722, -35.01048339334001 ], [ 150.581833533966631, -35.010358472090125 ], [ 150.581833533638161, -35.01029303646483 ], [ 150.581827585278461, -35.010245447587955 ], [ 150.581851380486512, -35.010120525284272 ], [ 150.581887071632906, -35.010061039539131 ], [ 150.58191681560757, -35.009959911902655 ], [ 150.581916814638021, -35.009918271359766 ], [ 150.581946558243089, -35.009852836355606 ], [ 150.581976301239052, -35.009763606229519 ], [ 150.581970352767115, -35.009668428052272 ], [ 150.581970353224875, -35.009597044560344 ], [ 150.581976301755702, -35.009513763084513 ], [ 150.581988199189283, -35.009454276292708 ], [ 150.582029839269723, -35.009347200772154 ], [ 150.582029839367294, -35.009263919717441 ], [ 150.582011993416813, -35.009180638128036 ], [ 150.582006045049837, -35.009091408722945 ], [ 150.582029839041411, -35.008990281431586 ], [ 150.582059583122685, -35.008918897616006 ], [ 150.582089326517519, -35.008782079042717 ], [ 150.58208932652019, -35.008698797978447 ], [ 150.582113120436276, -35.008645259968773 ], [ 150.582119069161564, -35.008579824803824 ], [ 150.582190453046678, -35.008466800088257 ], [ 150.58220235022435, -35.008371621496828 ], [ 150.582238042744905, -35.008282391756339 ], [ 150.582238042806381, -35.008169367701413 ], [ 150.582261837562811, -35.008002805610801 ], [ 150.582291579770526, -35.007925472902492 ], [ 150.582279682482692, -35.007860038132193 ], [ 150.582508208840324, -35.007990712064299 ], [ 150.582138755968998, -35.009801283903194 ], [ 150.582054635820356, -35.010213480268909 ], [ 150.582050877814623, -35.01023189443378 ], [ 150.582007878723658, -35.010442594324637 ], [ 150.581858377173461, -35.01124261855535 ], [ 150.581594093268137, -35.012657225372813 ], [ 150.58158589559855, -35.012701109356776 ], [ 150.581537188319345, -35.012961804927933 ], [ 150.581758248595946, -35.012992526727615 ], [ 150.581694410591354, -35.013282587055137 ] ] ] ] } },
{ "type": "Feature", "properties": { "OBJECTID_1": 32, "OBJECTID": 43, "Zone_ID": "9", "CONDITION": "Moderate", "EasternPCT": "3654", "E_PCT_Name": "Shoalhaven Lowland Bloodwood Shrub Forest", "VEG_CLASS": "South East Dry Sclerophyll Forests", "BC_Act": "-", "EPBC_Act": "-", "Area_ha": 0.45930834393600001, "Area_m2": 4593.0834393599998, "Comments": null, "ECMLink": null, "FSource": "Derived from field observations and aerial imagery.", "SourceDate": "2026-02-04T00:00:00Z", "PlanAccur": null, "Supplier": "Stantec Australia Pty Ltd (3045)", "Shape_Length": 496.6883634407186, "Shape_Area": 4593.0834393648338 }, "geometry": { "type": "MultiPolygon", "coordinates": [ [ [ [ 150.58058431656346, -35.013850330479144 ], [ 150.580560522398457, -35.013975252428772 ], [ 150.580560522730508, -35.014064482177432 ], [ 150.580542675935391, -35.014159660801681 ], [ 150.580489138134425, -35.014278633862197 ], [ 150.580465343632, -35.014385709465891 ], [ 150.580453446452168, -35.014486836518032 ], [ 150.580393960659052, -35.014611758644499 ], [ 150.580393959676741, -35.014706937124316 ], [ 150.580370165987091, -35.014808063945381 ], [ 150.580340422375116, -35.014861601818836 ], [ 150.580272946051508, -35.014879039644164 ], [ 150.58017131816473, -35.014865425788948 ], [ 150.58017455911434, -35.014793644572521 ], [ 150.580174559237378, -35.014710363619031 ], [ 150.580186456801414, -35.014627082017256 ], [ 150.580204301952421, -35.014514058024751 ], [ 150.580228096851812, -35.014418879126239 ], [ 150.580251891668183, -35.014317752351523 ], [ 150.580287583768353, -35.014169036557888 ], [ 150.58028758374823, -35.014044114207586 ], [ 150.580311378388188, -35.013990576661925 ], [ 150.580353018993122, -35.013942987779217 ], [ 150.580406556948475, -35.01391919238452 ], [ 150.580462458822979, -35.013936318357047 ], [ 150.580483379162786, -35.01383225220156 ], [ 150.580406556697739, -35.013794270923078 ], [ 150.580388710671912, -35.013764528084607 ], [ 150.580388710563994, -35.013699092517911 ], [ 150.580388710460738, -35.013639605720442 ], [ 150.580388710295892, -35.013556324743647 ], [ 150.580448197451119, -35.013443300153206 ], [ 150.580460094604604, -35.013413557422631 ], [ 150.580495786096719, -35.013336224960042 ], [ 150.58049578582191, -35.013258892745554 ], [ 150.580483889535714, -35.013211303289026 ], [ 150.580477940784505, -35.013163713467293 ], [ 150.580495786416492, -35.013116124976094 ], [ 150.5805433750551, -35.013068535655471 ], [ 150.580549324558433, -35.013020946065076 ], [ 150.58056717008995, -35.012967408788398 ], [ 150.580585015673137, -35.012925768148968 ], [ 150.580608811118509, -35.012919818904237 ], [ 150.580632605353003, -35.012896024220034 ], [ 150.580674629023093, -35.012880887488777 ], [ 150.580786571022202, -35.012916392228455 ], [ 150.580792520210252, -35.012999673772327 ], [ 150.580792519723872, -35.013082954750949 ], [ 150.5807925193497, -35.013184082042962 ], [ 150.580762777005134, -35.013285208436926 ], [ 150.580691392945454, -35.013362541286035 ], [ 150.580655700498141, -35.013433925020273 ], [ 150.580655701024398, -35.01353505232192 ], [ 150.580637854620932, -35.013654025158417 ], [ 150.580620009274554, -35.013778946780306 ], [ 150.58058431656346, -35.013850330479144 ] ] ] ] } },
{ "type": "Feature", "properties": { "OBJECTID_1": 33, "OBJECTID": 44, "Zone_ID": "7", "CONDITION": "Moderate", "EasternPCT": "3588", "E_PCT_Name": "Shoalhaven Foothills Bloodwood Heathy Forest", "VEG_CLASS": "Sydney Coastal Dry Sclerophyll Forests", "BC_Act": "-", "EPBC_Act": "-", "Area_ha": 0.40295472507899999, "Area_m2": 4029.5472507899999, "Comments": null, "ECMLink": null, "FSource": "Derived from field observations and aerial imagery.", "SourceDate": "2026-02-04T00:00:00Z", "PlanAccur": null, "Supplier": "Stantec Australia Pty Ltd (3045)", "Shape_Length": 458.04601564618815, "Shape_Area": 4029.5472507884324 }, "geometry": { "type": "MultiPolygon", "coordinates": [ [ [ [ 150.580461774430773, -35.015330950737948 ], [ 150.580567729112175, -35.015346305752836 ], [ 150.58066402907545, -35.015307155737133 ], [ 150.58068782329633, -35.015366642023892 ], [ 150.580664028583755, -35.015461821009616 ], [ 150.580646182700121, -35.015580793818145 ], [ 150.580699721328955, -35.015741407453916 ], [ 150.58068782403322, -35.015818740337984 ], [ 150.580658080296899, -35.015890123679796 ], [ 150.580598593470114, -35.015937712763339 ], [ 150.580551004211685, -35.015997199576951 ], [ 150.580515312498591, -35.0160447890622 ], [ 150.580515312714539, -35.01617565925612 ], [ 150.58046177447676, -35.016288683467415 ], [ 150.580455825697697, -35.016366015977525 ], [ 150.580443929167757, -35.016461194240783 ], [ 150.580426082626957, -35.016532578640096 ], [ 150.58039633944253, -35.016633705748184 ], [ 150.580384442770338, -35.016770524465962 ], [ 150.580348750572483, -35.016853805579423 ], [ 150.580342801590888, -35.016960881004358 ], [ 150.5803368525915, -35.017050111027601 ], [ 150.580289263489561, -35.017145289414117 ], [ 150.58025952111123, -35.017186929723337 ], [ 150.580205983202006, -35.017186929931889 ], [ 150.580152445318987, -35.017180981350819 ], [ 150.580134598699374, -35.017163135094812 ], [ 150.580128649976729, -35.017115546181735 ], [ 150.580170290371882, -35.017020367279983 ], [ 150.580182188432872, -35.016925189089669 ], [ 150.580194085458999, -35.016794319176043 ], [ 150.58021193125893, -35.016687243103725 ], [ 150.580241674820712, -35.016526629284428 ], [ 150.580253571726018, -35.016366015515814 ], [ 150.580277366081077, -35.016300580467707 ], [ 150.580277366203404, -35.016211350761594 ], [ 150.580307109392123, -35.016062634437432 ], [ 150.580330904730175, -35.015943661384775 ], [ 150.580366596478115, -35.015794945605357 ], [ 150.580390390557, -35.015699766678942 ], [ 150.580426083241434, -35.015634331843053 ], [ 150.580443928397187, -35.015527255695282 ], [ 150.580420134274561, -35.015426128889906 ], [ 150.580461774430773, -35.015330950737948 ] ] ] ] } },
{ "type": "Feature", "properties": { "OBJECTID_1": 34, "OBJECTID": 45, "Zone_ID": "8", "CONDITION": "Low", "EasternPCT": "3588", "E_PCT_Name": "Shoalhaven Foothills Bloodwood Heathy Forest", "VEG_CLASS": "Sydney Coastal Dry Sclerophyll Forests", "BC_Act": "-", "EPBC_Act": "-", "Area_ha": 0.69781323785500005, "Area_m2": 6978.1323785499999, "Comments": null, "ECMLink": null, "FSource": "Derived from field observations and aerial imagery.", "SourceDate": "2026-02-04T00:00:00Z", "PlanAccur": null, "Supplier": "Stantec Australia Pty Ltd (3045)", "Shape_Length": 517.963938528727, "Shape_Area": 6978.1323785519353 }, "geometry": { "type": "MultiPolygon", "coordinates": [ [ [ [ 150.580739584755975, -35.016941003229952 ], [ 150.580733636058795, -35.016991566749887 ], [ 150.580733636211932, -35.017033207224046 ], [ 150.580709841967746, -35.017098642360679 ], [ 150.580703893271334, -35.017158128577755 ], [ 150.580697944537121, -35.017217615694591 ], [ 150.580705774241181, -35.017266309436963 ], [ 150.58057214007016, -35.017245606603687 ], [ 150.580455826040179, -35.017228570109843 ], [ 150.580378493579701, -35.017222622063272 ], [ 150.58025952111123, -35.017186929723337 ], [ 150.580289263489561, -35.017145289414117 ], [ 150.5803368525915, -35.017050111027601 ], [ 150.580342801590888, -35.016960881004358 ], [ 150.580348750572483, -35.016853805579423 ], [ 150.580384442770338, -35.016770524465962 ], [ 150.58039633944253, -35.016633705748184 ], [ 150.580426082626957, -35.016532578640096 ], [ 150.580443929167757, -35.016461194240783 ], [ 150.580455825697697, -35.016366015977525 ], [ 150.58046177447676, -35.016288683467415 ], [ 150.580515312714539, -35.01617565925612 ], [ 150.580515312498591, -35.0160447890622 ], [ 150.580551004211685, -35.015997199576951 ], [ 150.580598593470114, -35.015937712763339 ], [ 150.580658080296899, -35.015890123679796 ], [ 150.58068782403322, -35.015818740337984 ], [ 150.580699721328955, -35.015741407453916 ], [ 150.580646182700121, -35.015580793818145 ], [ 150.580664028583755, -35.015461821009616 ], [ 150.58068782329633, -35.015366642023892 ], [ 150.58066402907545, -35.015307155737133 ], [ 150.580828499781546, -35.015351506742846 ], [ 150.580965747612026, -35.015358425780185 ], [ 150.581053463808956, -35.015313348413542 ], [ 150.58101516001156, -35.015464488670716 ], [ 150.580897947282352, -35.016036215896804 ], [ 150.580842308162488, -35.016302479014136 ], [ 150.580843958579834, -35.016408674770254 ], [ 150.580814632908783, -35.016592892046582 ], [ 150.580777607189646, -35.016714044293813 ], [ 150.580739584755975, -35.016941003229952 ] ] ] ] } },
{ "type": "Feature", "properties": { "OBJECTID_1": 35, "OBJECTID": 46, "Zone_ID": "1", "CONDITION": "Good", "EasternPCT": "3267", "E_PCT_Name": "Shoalhaven Foothills Turpentine Forest", "VEG_CLASS": "Southern Lowland Wet Sclerophyll Forests", "BC_Act": "-", "EPBC_Act": "-", "Area_ha": 0.59180507136799998, "Area_m2": 5918.0507136799997, "Comments": null, "ECMLink": null, "FSource": "Derived from field observations and aerial imagery.", "SourceDate": "2026-02-04T00:00:00Z", "PlanAccur": null, "Supplier": "Stantec Australia Pty Ltd (3045)", "Shape_Length": 732.78321376093959, "Shape_Area": 5918.0507136763899 }, "geometry": { "type": "MultiPolygon", "coordinates": [ [ [ [ 150.580164341704887, -35.017270211288 ], [ 150.580241674205013, -35.01727021070618 ], [ 150.580295212035026, -35.017323749380942 ], [ 150.580277366321525, -35.017371337792333 ], [ 150.580247623646414, -35.017484362385204 ], [ 150.580188136217117, -35.017603335509186 ], [ 150.580200033864827, -35.017668770400348 ], [ 150.580200034538535, -35.017787743933397 ], [ 150.58017623935902, -35.017918614450544 ], [ 150.580170291250141, -35.017984049403104 ], [ 150.580152445041023, -35.018085176669544 ], [ 150.580164341639858, -35.018144662774127 ], [ 150.580134598466174, -35.018257687308356 ], [ 150.580098907403993, -35.018352865866255 ], [ 150.580069164157578, -35.018448044080309 ], [ 150.580027523625375, -35.018590812128636 ], [ 150.580027523035142, -35.018685990556051 ], [ 150.57998588265454, -35.018775220601498 ], [ 150.579979933870987, -35.01890014226646 ], [ 150.579979934434618, -35.018977474417419 ], [ 150.579944241570956, -35.019096447031338 ], [ 150.579926395555475, -35.019233266829296 ], [ 150.579920446912553, -35.019322495897384 ], [ 150.579920447369545, -35.019399828942078 ], [ 150.579896652327221, -35.019518801830969 ], [ 150.57986096052602, -35.019596133978226 ], [ 150.579860960824334, -35.019685363642317 ], [ 150.579789576831672, -35.01984597755262 ], [ 150.579765782267742, -35.019988745466122 ], [ 150.57974793594019, -35.020101770150681 ], [ 150.579736039256147, -35.020262383760773 ], [ 150.579712244788908, -35.020375407836944 ], [ 150.57962301515343, -35.020405150614287 ], [ 150.579539733161766, -35.020375408094317 ], [ 150.579521888107109, -35.020286177520617 ], [ 150.579569476516099, -35.020131512788176 ], [ 150.57958137414181, -35.020006590895548 ], [ 150.579611117237988, -35.019845977344893 ], [ 150.579658706815707, -35.019643723374166 ], [ 150.579658706179714, -35.019506904497995 ], [ 150.579730090039675, -35.01924516346633 ], [ 150.579747936295519, -35.019114293374976 ], [ 150.579771731123742, -35.019025063427328 ], [ 150.579771730819175, -35.018941782521622 ], [ 150.579837166598764, -35.018840655642919 ], [ 150.579855012372121, -35.018733579671341 ], [ 150.579849063164005, -35.018626503998966 ], [ 150.579872857659041, -35.018543222778646 ], [ 150.57988475522248, -35.018459941267729 ], [ 150.579884755038108, -35.018340968666251 ], [ 150.579932344553612, -35.018210097894666 ], [ 150.579956139410115, -35.018037586977037 ], [ 150.579991830727323, -35.017900768004722 ], [ 150.58000967700346, -35.017811538295618 ], [ 150.580009677590795, -35.017710411091421 ], [ 150.580081060822721, -35.017633078765385 ], [ 150.580081061182625, -35.017555746616779 ], [ 150.580092958210656, -35.017496260120836 ], [ 150.580110804145505, -35.017436773310735 ], [ 150.58011080449478, -35.017353492392964 ], [ 150.580116752573616, -35.017294005302062 ], [ 150.580164341704887, -35.017270211288 ] ] ] ] } },
{ "type": "Feature", "properties": { "OBJECTID_1": 36, "OBJECTID": 47, "Zone_ID": "2", "CONDITION": "Low", "EasternPCT": "3267", "E_PCT_Name": "Shoalhaven Foothills Turpentine Forest", "VEG_CLASS": "Southern Lowland Wet Sclerophyll Forests", "BC_Act": "-", "EPBC_Act": "-", "Area_ha": 0.64641015116099998, "Area_m2": 6464.1015116099998, "Comments": null, "ECMLink": null, "FSource": "Derived from field observations and aerial imagery.", "SourceDate": "2026-02-04T00:00:00Z", "PlanAccur": null, "Supplier": "Stantec Australia Pty Ltd (3045)", "Shape_Length": 562.33757830055833, "Shape_Area": 6464.1015116134067 }, "geometry": { "type": "MultiPolygon", "coordinates": [ [ [ [ 150.579712244788908, -35.020375407836944 ], [ 150.579736039256147, -35.020262383760773 ], [ 150.57974793594019, -35.020101770150681 ], [ 150.579765782267742, -35.019988745466122 ], [ 150.579789576831672, -35.01984597755262 ], [ 150.579860960824334, -35.019685363642317 ], [ 150.57986096052602, -35.019596133978226 ], [ 150.579896652327221, -35.019518801830969 ], [ 150.579920447369545, -35.019399828942078 ], [ 150.579920446912553, -35.019322495897384 ], [ 150.579926395555475, -35.019233266829296 ], [ 150.579944241570956, -35.019096447031338 ], [ 150.579979934434618, -35.018977474417419 ], [ 150.579979933870987, -35.01890014226646 ], [ 150.57998588265454, -35.018775220601498 ], [ 150.580027523035142, -35.018685990556051 ], [ 150.580027523625375, -35.018590812128636 ], [ 150.580069164157578, -35.018448044080309 ], [ 150.580098907403993, -35.018352865866255 ], [ 150.580134598466174, -35.018257687308356 ], [ 150.580164341639858, -35.018144662774127 ], [ 150.58024762279868, -35.018150611554013 ], [ 150.580319007152866, -35.018150611273022 ], [ 150.580342801808996, -35.01820414976077 ], [ 150.580366596392338, -35.018323122864906 ], [ 150.580360647242259, -35.018418300732648 ], [ 150.58033090434634, -35.018477787330205 ], [ 150.580295212261063, -35.01858486345661 ], [ 150.580354698895974, -35.018632452125274 ], [ 150.580360647709568, -35.01871573361781 ], [ 150.580360647497088, -35.018810912059173 ], [ 150.580307109360376, -35.018900141963634 ], [ 150.580277366163074, -35.018983422693204 ], [ 150.580241674683634, -35.019132139256584 ], [ 150.580211931116423, -35.019257061311436 ], [ 150.580146496518751, -35.019358188413236 ], [ 150.580128650745479, -35.019500956109951 ], [ 150.580110803992625, -35.01961397995813 ], [ 150.580098907089962, -35.019768644862047 ], [ 150.580092958329459, -35.019887618655517 ], [ 150.580033471856808, -35.020030385797547 ], [ 150.580021574052068, -35.020125563925319 ], [ 150.580015626265833, -35.020238588961959 ], [ 150.579979934169614, -35.020321869890367 ], [ 150.579973985691964, -35.020375408171887 ], [ 150.579973985123104, -35.020446791521053 ], [ 150.579956139613216, -35.0204824832254 ], [ 150.579849064048517, -35.020464637877502 ], [ 150.579795525366166, -35.02044084279138 ], [ 150.579730090623059, -35.02041704829594 ], [ 150.579730090831589, -35.020399202010324 ], [ 150.579712244788908, -35.020375407836944 ] ] ] ] } },
{ "type": "Feature", "properties": { "OBJECTID_1": 37, "OBJECTID": 48, "Zone_ID": "1", "CONDITION": "Good", "EasternPCT": "3267", "E_PCT_Name": "Shoalhaven Foothills Turpentine Forest", "VEG_CLASS": "Southern Lowland Wet Sclerophyll Forests", "BC_Act": "-", "EPBC_Act": "-", "Area_ha": 1.3142051987600001, "Area_m2": 13142.0519876, "Comments": null, "ECMLink": null, "FSource": "Derived from field observations and aerial imagery.", "SourceDate": "2026-02-04T00:00:00Z", "PlanAccur": null, "Supplier": "Stantec Australia Pty Ltd (3045)", "Shape_Length": 641.59628677116905, "Shape_Area": 13142.051987641049 }, "geometry": { "type": "MultiPolygon", "coordinates": [ [ [ [ 150.580586696526609, -35.018132765309311 ], [ 150.580633081602571, -35.018169619293829 ], [ 150.58072590000674, -35.018137025635909 ], [ 150.580783007494006, -35.018137025188786 ], [ 150.580859149820839, -35.018165578731725 ], [ 150.58094221356032, -35.018226246125757 ], [ 150.580487641715251, -35.020603255522758 ], [ 150.58003188802374, -35.020562224524326 ], [ 150.580048024547494, -35.020498007028117 ], [ 150.579956139613216, -35.0204824832254 ], [ 150.579973985123104, -35.020446791521053 ], [ 150.579973985691964, -35.020375408171887 ], [ 150.579979934169614, -35.020321869890367 ], [ 150.580015626265833, -35.020238588961959 ], [ 150.580021574052068, -35.020125563925319 ], [ 150.580033471856808, -35.020030385797547 ], [ 150.580092958329459, -35.019887618655517 ], [ 150.580098907089962, -35.019768644862047 ], [ 150.580110803992625, -35.01961397995813 ], [ 150.580128650745479, -35.019500956109951 ], [ 150.580146496518751, -35.019358188413236 ], [ 150.580211931116423, -35.019257061311436 ], [ 150.580241674683634, -35.019132139256584 ], [ 150.580277366163074, -35.018983422693204 ], [ 150.580307109360376, -35.018900141963634 ], [ 150.580360647497088, -35.018810912059173 ], [ 150.580360647709568, -35.01871573361781 ], [ 150.580354698895974, -35.018632452125274 ], [ 150.580295212261063, -35.01858486345661 ], [ 150.58033090434634, -35.018477787330205 ], [ 150.580360647242259, -35.018418300732648 ], [ 150.580366596392338, -35.018323122864906 ], [ 150.580414185030008, -35.018269584927012 ], [ 150.580461774698506, -35.018239841152308 ], [ 150.580515312198088, -35.018204149140999 ], [ 150.580533159081028, -35.018156560724137 ], [ 150.580586696526609, -35.018132765309311 ] ] ] ] } },
{ "type": "Feature", "properties": { "OBJECTID_1": 38, "OBJECTID": 49, "Zone_ID": "5", "CONDITION": "Good", "EasternPCT": "3273", "E_PCT_Name": "South Coast Lowland Shrub-Grass Forest", "VEG_CLASS": "Southern Lowland Wet Sclerophyll Forests", "BC_Act": " ", "EPBC_Act": " ", "Area_ha": 8.3750506014, "Area_m2": 83750.506014, "Comments": null, "ECMLink": null, "FSource": "Derived from field observations and aerial imagery.", "SourceDate": "2026-02-04T00:00:00Z", "PlanAccur": null, "Supplier": "Stantec Australia Pty Ltd (3045)", "Shape_Length": 1329.4088873603191, "Shape_Area": 83750.50601402091 }, "geometry": { "type": "MultiPolygon", "coordinates": [ [ [ [ 150.578839653496004, -35.022528608318432 ], [ 150.578821807868735, -35.022665426942318 ], [ 150.578780166840545, -35.022814143140295 ], [ 150.578774218324298, -35.022915270500974 ], [ 150.578714732297499, -35.022980705681299 ], [ 150.5785779129736, -35.023034243651942 ], [ 150.578429196367807, -35.023034243986437 ], [ 150.578262634008809, -35.023034243896582 ], [ 150.57816745661404, -35.023010448729082 ], [ 150.578018739466671, -35.023028294825181 ], [ 150.57792951040085, -35.023034243953035 ], [ 150.577834331149631, -35.023034243521735 ], [ 150.577751050527382, -35.023034243558115 ], [ 150.577620179554941, -35.023010449083159 ], [ 150.577548796038627, -35.023022346118886 ], [ 150.57746811250064, -35.023014663274438 ], [ 150.577402486686481, -35.023008733395343 ], [ 150.577295411781137, -35.022990887554172 ], [ 150.57721807904727, -35.022949247539884 ], [ 150.57710505467, -35.022913555411293 ], [ 150.576997979161519, -35.022842171385847 ], [ 150.576873057519464, -35.022806479358117 ], [ 150.576777878022284, -35.022794582386034 ], [ 150.576706494554912, -35.022741044406096 ], [ 150.576581573209182, -35.022705352088877 ], [ 150.576522086169462, -35.022675609641368 ], [ 150.57645070265994, -35.02262802027105 ], [ 150.57640311382545, -35.022628020405655 ], [ 150.576331730041574, -35.022628020111092 ], [ 150.576284140772856, -35.02261612267769 ], [ 150.576171115508686, -35.02259232808963 ], [ 150.576111629489901, -35.022568533319792 ], [ 150.576016451431087, -35.022538790419183 ], [ 150.575909375647228, -35.02251499549822 ], [ 150.575909375180515, -35.022467406343857 ], [ 150.575939118095135, -35.022396022548556 ], [ 150.575962913440947, -35.022294895092003 ], [ 150.57596886212761, -35.022229460472282 ], [ 150.576004553267836, -35.022116436148082 ], [ 150.576022399530729, -35.022009360016234 ], [ 150.576069989030827, -35.021914181736371 ], [ 150.57608783454512, -35.021836849357378 ], [ 150.576099731809251, -35.021741670826117 ], [ 150.576117578399817, -35.0216048517944 ], [ 150.576117577632004, -35.021462084317896 ], [ 150.576129475450756, -35.021355008274021 ], [ 150.576177064301106, -35.021241983648501 ], [ 150.576200859347097, -35.021152754526419 ], [ 150.576248448873969, -35.02096239693244 ], [ 150.576266294042796, -35.020801783697863 ], [ 150.576276805089407, -35.020726149102728 ], [ 150.578563486249834, -35.019981913309081 ], [ 150.578869995607562, -35.019320569754377 ], [ 150.579083406453577, -35.0188600929812 ], [ 150.579417933094106, -35.018908522432405 ], [ 150.57947936035356, -35.01891741522374 ], [ 150.579482108683209, -35.019018902850675 ], [ 150.579464261967814, -35.019072440759196 ], [ 150.579434519093809, -35.019143824640935 ], [ 150.579428570161156, -35.019292541306406 ], [ 150.579428570095956, -35.019375822193524 ], [ 150.579398826976188, -35.019453154819246 ], [ 150.579380981402409, -35.019566179464874 ], [ 150.579333392293762, -35.019697049969139 ], [ 150.579315546486725, -35.019816022455416 ], [ 150.579315546080039, -35.019911200853485 ], [ 150.579315546031154, -35.019982585107087 ], [ 150.579291751193807, -35.020089660324324 ], [ 150.579291750914393, -35.020172942096721 ], [ 150.579262007838139, -35.020285966347153 ], [ 150.579244162036133, -35.020387093422556 ], [ 150.579244161892348, -35.020523912252436 ], [ 150.579214418999669, -35.020613142337702 ], [ 150.579190624322109, -35.020690474613005 ], [ 150.579190624473625, -35.020803499294296 ], [ 150.579196573138205, -35.020892728655824 ], [ 150.579172777897355, -35.020993855959198 ], [ 150.579137086891421, -35.021071187865914 ], [ 150.579107343117244, -35.021130674986964 ], [ 150.579089497043952, -35.021279391206157 ], [ 150.579053805083959, -35.0213924156308 ], [ 150.579035959799484, -35.021493542660316 ], [ 150.579030010472081, -35.021606566665049 ], [ 150.579012164714158, -35.021725539960435 ], [ 150.578988369910434, -35.021832615976116 ], [ 150.57895862677637, -35.021945640104207 ], [ 150.578952678043805, -35.022022972444056 ], [ 150.578905089201157, -35.022183586500752 ], [ 150.578857500188235, -35.022296610444798 ], [ 150.578857500030466, -35.022397737565086 ], [ 150.578839653496004, -35.022528608318432 ] ] ] ] } },
{ "type": "Feature", "properties": { "OBJECTID_1": 39, "OBJECTID": 50, "Zone_ID": "1", "CONDITION": "Good", "EasternPCT": "3267", "E_PCT_Name": "Shoalhaven Foothills Turpentine Forest", "VEG_CLASS": "Southern Lowland Wet Sclerophyll Forests", "BC_Act": "-", "EPBC_Act": "-", "Area_ha": 1.2427321053, "Area_m2": 12427.321053, "Comments": null, "ECMLink": null, "FSource": "Derived from field observations and aerial imagery.", "SourceDate": "2026-02-04T00:00:00Z", "PlanAccur": null, "Supplier": "Stantec Australia Pty Ltd (3045)", "Shape_Length": 1361.2870479429816, "Shape_Area": 12427.321052982563 }, "geometry": { "type": "MultiPolygon", "coordinates": [ [ [ [ 150.579499953856839, -35.020464425356451 ], [ 150.579559440758203, -35.020470373988722 ], [ 150.579589183625245, -35.020517963553871 ], [ 150.579577286822229, -35.020654782979371 ], [ 150.579535646309722, -35.020797549873635 ], [ 150.579517800693395, -35.020898676990761 ], [ 150.57949400533343, -35.021035496035985 ], [ 150.579482108517567, -35.021154469150609 ], [ 150.579440467697538, -35.021285339364859 ], [ 150.579428570650549, -35.021410261225206 ], [ 150.57937503218696, -35.021612515294315 ], [ 150.579375032626416, -35.021785026687375 ], [ 150.57932744348733, -35.021957537550747 ], [ 150.579309597599206, -35.022040818321365 ], [ 150.579309597694959, -35.022159791745466 ], [ 150.579273905578191, -35.022272816216734 ], [ 150.579262008268984, -35.022385840508576 ], [ 150.579232264774305, -35.022582146441401 ], [ 150.579202522109512, -35.022671375586121 ], [ 150.57916683003819, -35.022760605870658 ], [ 150.579160881424087, -35.02289147615965 ], [ 150.57915493205104, -35.023004500149639 ], [ 150.579148983253333, -35.023141319189484 ], [ 150.579131137442317, -35.023301932892011 ], [ 150.57913113754725, -35.023403060010772 ], [ 150.579113291869646, -35.023551776186146 ], [ 150.579113291677174, -35.023664800814494 ], [ 150.579131137407188, -35.023831362597718 ], [ 150.579154931948011, -35.023974130883772 ], [ 150.57915493239031, -35.024110949655679 ], [ 150.579178726798574, -35.02426561454871 ], [ 150.579196572818489, -35.024426228462239 ], [ 150.57922036808057, -35.024491663776637 ], [ 150.579232265150324, -35.024580892830052 ], [ 150.579220367851946, -35.024717712110572 ], [ 150.57925605969433, -35.024848582324729 ], [ 150.579291751854583, -35.024967555918387 ], [ 150.579267957225454, -35.025134117718196 ], [ 150.579297699891583, -35.025205501485992 ], [ 150.579321494401626, -35.025378012618113 ], [ 150.579375032264238, -35.025544574547006 ], [ 150.579452364527071, -35.025681394272475 ], [ 150.579511851150357, -35.02585390463183 ], [ 150.579541594410983, -35.025978826279427 ], [ 150.579589183776193, -35.026127543022902 ], [ 150.579535646403571, -35.026139440341154 ], [ 150.579458313442558, -35.026187029453141 ], [ 150.579363135139715, -35.026228669669834 ], [ 150.579315545765581, -35.026258412881695 ], [ 150.579238213579998, -35.026359540682421 ], [ 150.57917277837177, -35.026353592073669 ], [ 150.57915493240003, -35.026282207754157 ], [ 150.57912518884703, -35.026192977665502 ], [ 150.579125188663454, -35.026056158938445 ], [ 150.5791251891755, -35.02593718559492 ], [ 150.579131138193134, -35.025764674970944 ], [ 150.579137086797459, -35.025657599772082 ], [ 150.579131137881546, -35.025532677905233 ], [ 150.579119240837031, -35.025395858787007 ], [ 150.579089497014195, -35.025282834549024 ], [ 150.579035959057933, -35.025199553316021 ], [ 150.579000267859186, -35.025098425950638 ], [ 150.579000267231123, -35.024985401331115 ], [ 150.578988370287419, -35.02485453095661 ], [ 150.579000267827865, -35.024771250542642 ], [ 150.579012164691136, -35.024670122934879 ], [ 150.578994318440266, -35.024580893205489 ], [ 150.579018113554753, -35.024503561045641 ], [ 150.578994319015209, -35.024414330673686 ], [ 150.57895267789408, -35.024301306901897 ], [ 150.578911037445749, -35.024212076362787 ], [ 150.578869396707262, -35.023956285058929 ], [ 150.578887242983654, -35.023807568049186 ], [ 150.578940780687759, -35.023623160574076 ], [ 150.57895862711635, -35.023456598168515 ], [ 150.578970524104619, -35.023290035991991 ], [ 150.578946729598727, -35.02316511394752 ], [ 150.578970523955036, -35.023004500021152 ], [ 150.579006215841133, -35.022837937721093 ], [ 150.579059754349885, -35.022671375546267 ], [ 150.579047856200674, -35.022546453877979 ], [ 150.579083548149043, -35.022356097397271 ], [ 150.579125188987604, -35.022231175207708 ], [ 150.579125189622033, -35.022088407662444 ], [ 150.579166829534245, -35.021999177998232 ], [ 150.579184675670064, -35.021909948494731 ], [ 150.579214419157438, -35.021761231742637 ], [ 150.579214418715566, -35.021666053353961 ], [ 150.579250110598878, -35.021553028882501 ], [ 150.57927985377367, -35.021404312997191 ], [ 150.579297700142945, -35.02128533965984 ], [ 150.579321495234922, -35.021190161093493 ], [ 150.579339340659232, -35.021053342340508 ], [ 150.579398827551898, -35.020874883034068 ], [ 150.579422622286529, -35.020785653193002 ], [ 150.579446416051326, -35.020684525800547 ], [ 150.579446416269349, -35.02059529616821 ], [ 150.579446416055248, -35.020535809438385 ], [ 150.579446415928885, -35.020470373947077 ], [ 150.579499953856839, -35.020464425356451 ] ] ] ] } },
{ "type": "Feature", "properties": { "OBJECTID_1": 40, "OBJECTID": 51, "Zone_ID": "2", "CONDITION": "Low", "EasternPCT": "3267", "E_PCT_Name": "Shoalhaven Foothills Turpentine Forest", "VEG_CLASS": "Southern Lowland Wet Sclerophyll Forests", "BC_Act": "-", "EPBC_Act": "-", "Area_ha": 3.0887911624400002, "Area_m2": 30887.9116244, "Comments": null, "ECMLink": null, "FSource": "Derived from field observations and aerial imagery.", "SourceDate": "2026-02-04T00:00:00Z", "PlanAccur": null, "Supplier": "Stantec Australia Pty Ltd (3045)", "Shape_Length": 1179.2487711849406, "Shape_Area": 30887.911624413242 }, "geometry": { "type": "MultiPolygon", "coordinates": [ [ [ [ 150.579601081732477, -35.024729609351859 ], [ 150.579547543373792, -35.024723661299923 ], [ 150.579488056945763, -35.024640379639301 ], [ 150.579440467816283, -35.024527355409553 ], [ 150.579375032866182, -35.023926541797358 ], [ 150.579375032993198, -35.023492289527525 ], [ 150.579392879005809, -35.023420906291975 ], [ 150.579428570149702, -35.023391162633878 ], [ 150.57945236544009, -35.023319779124499 ], [ 150.57944046766562, -35.02326624082243 ], [ 150.579422621651076, -35.023147268239192 ], [ 150.579458313238916, -35.023081832914805 ], [ 150.57947615936672, -35.022992603379599 ], [ 150.579422622080727, -35.022927167708829 ], [ 150.579380981402579, -35.022855783596277 ], [ 150.579375032734134, -35.022754656738741 ], [ 150.579404775763948, -35.022635683751879 ], [ 150.57938692998718, -35.022510762400827 ], [ 150.579357186877388, -35.022445327399765 ], [ 150.579262008268984, -35.022385840508576 ], [ 150.579273905578191, -35.022272816216734 ], [ 150.579309597694959, -35.022159791745466 ], [ 150.579309597599206, -35.022040818321365 ], [ 150.57932744348733, -35.021957537550747 ], [ 150.579375032626416, -35.021785026687375 ], [ 150.57937503218696, -35.021612515294315 ], [ 150.579428570650549, -35.021410261225206 ], [ 150.579440467697538, -35.021285339364859 ], [ 150.579482108517567, -35.021154469150609 ], [ 150.57949400533343, -35.021035496035985 ], [ 150.579517800693395, -35.020898676990761 ], [ 150.579535646309722, -35.020797549873635 ], [ 150.579577286822229, -35.020654782979371 ], [ 150.579589183625245, -35.020517963553871 ], [ 150.579708156581745, -35.020517963160302 ], [ 150.579856873838622, -35.020547706792584 ], [ 150.579958000494116, -35.02054770704688 ], [ 150.58003188802374, -35.020562224524326 ], [ 150.580487641715251, -35.020603255522758 ], [ 150.580896325407338, -35.020640047583058 ], [ 150.580671842973516, -35.022458011264526 ], [ 150.579671325214775, -35.022322613134499 ], [ 150.579575912557942, -35.023459782845769 ], [ 150.579760592625206, -35.024639262884399 ], [ 150.579672464650827, -35.024693917885735 ], [ 150.579601081732477, -35.024729609351859 ] ] ] ] } },
{ "type": "Feature", "properties": { "OBJECTID_1": 41, "OBJECTID": 52, "Zone_ID": "1", "CONDITION": "Good", "EasternPCT": "3267", "E_PCT_Name": "Shoalhaven Foothills Turpentine Forest", "VEG_CLASS": "Southern Lowland Wet Sclerophyll Forests", "BC_Act": "-", "EPBC_Act": "-", "Area_ha": 0.21558617958199999, "Area_m2": 2155.8617958200002, "Comments": null, "ECMLink": null, "FSource": "Derived from field observations and aerial imagery.", "SourceDate": "2026-02-04T00:00:00Z", "PlanAccur": null, "Supplier": "Stantec Australia Pty Ltd (3045)", "Shape_Length": 445.07331094961239, "Shape_Area": 2155.861795817138 }, "geometry": { "type": "MultiPolygon", "coordinates": [ [ [ [ 150.579672464650827, -35.024693917885735 ], [ 150.579760592625206, -35.024639262884399 ], [ 150.580013839731919, -35.026256604843638 ], [ 150.580031779773009, -35.026258969459434 ], [ 150.580194592887779, -35.026280535691093 ], [ 150.580172151807346, -35.026347642744348 ], [ 150.580154306012219, -35.026383335320197 ], [ 150.580148357725051, -35.026472564314375 ], [ 150.580071024958045, -35.026502308445281 ], [ 150.57998774394332, -35.026424975173938 ], [ 150.579987744101743, -35.02632384807994 ], [ 150.579958000921835, -35.026216772809448 ], [ 150.579940154414345, -35.026133491963677 ], [ 150.579898514333451, -35.026038312993101 ], [ 150.579862821921154, -35.025925288321609 ], [ 150.57982713049492, -35.025824162079104 ], [ 150.579803335179434, -35.025705188946482 ], [ 150.579797386604412, -35.025562420821259 ], [ 150.579773592215588, -35.02546129397728 ], [ 150.579755745952383, -35.025383960965783 ], [ 150.579743849431253, -35.02528878321089 ], [ 150.579737900255253, -35.025193604239412 ], [ 150.579702207996689, -35.025104374560641 ], [ 150.57967841373187, -35.02500919645879 ], [ 150.579642721989245, -35.024896171735598 ], [ 150.579666516516085, -35.024824788188688 ], [ 150.579672464939961, -35.024747455827239 ], [ 150.579672464650827, -35.024693917885735 ] ] ] ] } },
{ "type": "Feature", "properties": { "OBJECTID_1": 42, "OBJECTID": 53, "Zone_ID": "3", "CONDITION": "Good", "EasternPCT": "3271", "E_PCT_Name": "Shoalhaven Spotted Gum-Blackbutt Moist Forest", "VEG_CLASS": "Southern Lowland Wet Sclerophyll Forests", "BC_Act": "-", "EPBC_Act": "-", "Area_ha": 13.8633988738, "Area_m2": 138633.98873799999, "Comments": null, "ECMLink": null, "FSource": "Derived from field observations and aerial imagery.", "SourceDate": "2026-02-04T00:00:00Z", "PlanAccur": null, "Supplier": "Stantec Australia Pty Ltd (3045)", "Shape_Length": 1721.1161512948067, "Shape_Area": 138633.98873806719 }, "geometry": { "type": "MultiPolygon", "coordinates": [ [ [ [ 150.577232950038137, -35.023065245624323 ], [ 150.577274590713699, -35.023094989135352 ], [ 150.577351923144391, -35.023094989610648 ], [ 150.57743972527507, -35.023088380483927 ], [ 150.577525001620955, -35.023087781385485 ], [ 150.577626128291996, -35.023081833092085 ], [ 150.577762948062571, -35.023093729856136 ], [ 150.57782838294591, -35.023093730408611 ], [ 150.577941407182237, -35.023087781462777 ], [ 150.578066328542747, -35.023093730409855 ], [ 150.578179353676717, -35.023093730018196 ], [ 150.578262634538163, -35.023087781835812 ], [ 150.578375658938597, -35.023075883727955 ], [ 150.578560067001149, -35.023081832623085 ], [ 150.578637399279813, -35.023129422349442 ], [ 150.578702835189119, -35.023177011624831 ], [ 150.578750423963925, -35.023236498186925 ], [ 150.578756372648968, -35.023349522572431 ], [ 150.578714731993784, -35.023420905762919 ], [ 150.578673092015947, -35.023545827782762 ], [ 150.578679039815569, -35.023646954629797 ], [ 150.578631450922273, -35.023748081824486 ], [ 150.578613605399426, -35.023813517081798 ], [ 150.578613604535178, -35.023884901268623 ], [ 150.578571964634875, -35.023991976963437 ], [ 150.578554118075829, -35.024051463428492 ], [ 150.578554118098083, -35.024128795486654 ], [ 150.578530323750215, -35.024206128469181 ], [ 150.578530323968948, -35.024313204320727 ], [ 150.578506529737155, -35.024384587637712 ], [ 150.578494631457744, -35.02451545804832 ], [ 150.578452991769012, -35.024634431203246 ], [ 150.578441094254032, -35.024735557827839 ], [ 150.578441093976721, -35.0248902228196 ], [ 150.57845894058147, -35.024985401380384 ], [ 150.578458940463577, -35.025098425969489 ], [ 150.57844109464861, -35.025193604060433 ], [ 150.57841729964565, -35.025312577387744 ], [ 150.578435145199478, -35.025443447569003 ], [ 150.578417299575875, -35.025598113224781 ], [ 150.578429196736664, -35.02572898362984 ], [ 150.578447043269023, -35.025865802580675 ], [ 150.578441093734398, -35.025972877705009 ], [ 150.578447043247905, -35.026044261679743 ], [ 150.578452991484596, -35.026157286023697 ], [ 150.578482734294226, -35.026282207886069 ], [ 150.578500580440618, -35.026401180545719 ], [ 150.578470837485838, -35.026561794490384 ], [ 150.578476785937738, -35.026668870074687 ], [ 150.578447043086044, -35.026716459442149 ], [ 150.578447043066717, -35.026752151077588 ], [ 150.57848273455275, -35.026805689441836 ], [ 150.578524374974961, -35.026883021700158 ], [ 150.578536273095466, -35.02702578961069 ], [ 150.57855411886402, -35.027162608516015 ], [ 150.578571964474435, -35.027269684535902 ], [ 150.57857791342127, -35.027364862606852 ], [ 150.578601707645703, -35.027471938393134 ], [ 150.578625502838435, -35.027584962949618 ], [ 150.578637399515316, -35.027709884546461 ], [ 150.578702835345354, -35.027805063011257 ], [ 150.578720681022389, -35.02788239522971 ], [ 150.578774218888356, -35.028013265743873 ], [ 150.578780166805217, -35.028114392536317 ], [ 150.578815858987156, -35.028209571210922 ], [ 150.578875346180553, -35.028286903559341 ], [ 150.578887242982773, -35.02838208225603 ], [ 150.578887243173199, -35.028495106811491 ], [ 150.577166101282586, -35.028148019006949 ], [ 150.577167089312439, -35.028152860669493 ], [ 150.576658663144201, -35.028070436089855 ], [ 150.576501732942177, -35.028044999045498 ], [ 150.575873948924169, -35.027943236772217 ], [ 150.575900452746595, -35.027859860186823 ], [ 150.575870709050861, -35.027752784023527 ], [ 150.575852863151795, -35.027687348938677 ], [ 150.575840965533615, -35.027592170895296 ], [ 150.575829068346536, -35.027491043205586 ], [ 150.575823119640177, -35.027407762575585 ], [ 150.575829068421598, -35.027318532111423 ], [ 150.575852862763952, -35.027211456906031 ], [ 150.575835017068783, -35.02711032930884 ], [ 150.575829068360662, -35.027027048675237 ], [ 150.575840965944309, -35.026931870264697 ], [ 150.575823119875224, -35.026854537664711 ], [ 150.575840965544103, -35.026765307899701 ], [ 150.575882605777394, -35.026717719015508 ], [ 150.575900452408575, -35.026664180870554 ], [ 150.575870708608221, -35.02659874596398 ], [ 150.575852862516484, -35.026557104978657 ], [ 150.575882606111833, -35.026467875024636 ], [ 150.575882605858936, -35.026366748028252 ], [ 150.575876657167782, -35.026247774872758 ], [ 150.575852863033276, -35.026200186143853 ], [ 150.57585286347981, -35.026140699526664 ], [ 150.57586476009638, -35.026057418585516 ], [ 150.575858812117133, -35.02598008580847 ], [ 150.575835017408139, -35.025890855794088 ], [ 150.575829068403152, -35.025777831377503 ], [ 150.575823120053116, -35.025724293601826 ], [ 150.575817171332488, -35.025676704571332 ], [ 150.575805274283709, -35.025575577763625 ], [ 150.575805274052641, -35.025492296115694 ], [ 150.575835017216747, -35.02542091240494 ], [ 150.575846914075498, -35.025331682707041 ], [ 150.57583501666781, -35.025236503742669 ], [ 150.575846914954752, -35.025141325316945 ], [ 150.5758469138853, -35.025069942055218 ], [ 150.575846914296648, -35.024974763807556 ], [ 150.575840965645284, -35.024873635991753 ], [ 150.575823119915412, -35.024742766404621 ], [ 150.575793376061483, -35.024689228082998 ], [ 150.575793376134982, -35.024599998578914 ], [ 150.575793376948468, -35.024498871580526 ], [ 150.575793376663597, -35.024415589919606 ], [ 150.575769581603453, -35.024356103647882 ], [ 150.575757684706986, -35.024254976825659 ], [ 150.575805274158228, -35.024171695318522 ], [ 150.575882606842697, -35.024130054576055 ], [ 150.575977784350187, -35.024106260613479 ], [ 150.576031322689118, -35.024100311819531 ], [ 150.576084860903961, -35.024058671371947 ], [ 150.576102706323042, -35.023993235629092 ], [ 150.576114603686619, -35.023904005887331 ], [ 150.576132449359903, -35.023832622289014 ], [ 150.576180038513883, -35.023666059840416 ], [ 150.576227627960321, -35.023529241148509 ], [ 150.576227628270374, -35.023445959479339 ], [ 150.576251422307877, -35.023368626975788 ], [ 150.576263319590879, -35.02325560308357 ], [ 150.576281165624408, -35.023172321946987 ], [ 150.576281166061591, -35.023065246153081 ], [ 150.576299012353672, -35.022976016259634 ], [ 150.57632280685317, -35.022946272889335 ], [ 150.576346600750981, -35.022785659570275 ], [ 150.576400138879364, -35.022726172683875 ], [ 150.576447728865901, -35.022726172574664 ], [ 150.576513163909141, -35.022738070446678 ], [ 150.576566701544664, -35.022791608045793 ], [ 150.576679725519227, -35.022827299759669 ], [ 150.576774904446296, -35.02285109431164 ], [ 150.576876031307393, -35.022904632410125 ], [ 150.576953363255853, -35.022934376010369 ], [ 150.577036644874681, -35.022981964794667 ], [ 150.577161566326339, -35.023029554170527 ], [ 150.577232950038137, -35.023065245624323 ] ] ] ] } },
{ "type": "Feature", "properties": { "OBJECTID_1": 43, "OBJECTID": 54, "Zone_ID": "1", "CONDITION": "Good", "EasternPCT": "3267", "E_PCT_Name": "Shoalhaven Foothills Turpentine Forest", "VEG_CLASS": "Southern Lowland Wet Sclerophyll Forests", "BC_Act": "-", "EPBC_Act": "-", "Area_ha": 0.51343888143299998, "Area_m2": 5134.3888143300001, "Comments": null, "ECMLink": null, "FSource": "Derived from field observations and aerial imagery.", "SourceDate": "2026-02-04T00:00:00Z", "PlanAccur": null, "Supplier": "Stantec Australia Pty Ltd (3045)", "Shape_Length": 690.92025994611629, "Shape_Area": 5134.3888143259383 }, "geometry": { "type": "MultiPolygon", "coordinates": [ [ [ [ 150.578752506629371, -35.025286998178963 ], [ 150.578782249681439, -35.025286997878567 ], [ 150.578829838524655, -35.025304844016368 ], [ 150.578871478683396, -35.025334587895948 ], [ 150.57894286316025, -35.025405970951141 ], [ 150.578948811791292, -35.025530892817542 ], [ 150.57896665784142, -35.025632020057174 ], [ 150.578972606443017, -35.025804531079828 ], [ 150.578948811179345, -35.025911606993617 ], [ 150.578948811941984, -35.026101963644905 ], [ 150.578960708883471, -35.026232834003544 ], [ 150.578960709050932, -35.026357756108204 ], [ 150.578942862992704, -35.02647078052992 ], [ 150.578936914055816, -35.026619496092309 ], [ 150.578942862963004, -35.026732520431658 ], [ 150.578960708717773, -35.026851493925776 ], [ 150.578960708547072, -35.026988312625306 ], [ 150.578972606338652, -35.027131080500467 ], [ 150.578948811241617, -35.027297643054276 ], [ 150.578984503829162, -35.02741661581895 ], [ 150.579008297835202, -35.027553435313607 ], [ 150.579026144152465, -35.027702151681886 ], [ 150.579055886891808, -35.027838970016674 ], [ 150.579079682492534, -35.027963892013965 ], [ 150.579139167954168, -35.028070967983204 ], [ 150.579174859878833, -35.02814830028715 ], [ 150.579198654929201, -35.028213735590626 ], [ 150.579192706183164, -35.028267272847103 ], [ 150.579151065500525, -35.028285119094399 ], [ 150.57910942508596, -35.028201838283401 ], [ 150.579067784261127, -35.028094762426527 ], [ 150.579032092919533, -35.027999583836454 ], [ 150.579008298365295, -35.027922251000099 ], [ 150.578942862684613, -35.027761638181339 ], [ 150.57888932551532, -35.027517743184056 ], [ 150.578853633081707, -35.027357129103812 ], [ 150.578847684325325, -35.027202464380771 ], [ 150.578817940900763, -35.027029953442224 ], [ 150.578776300251491, -35.026869339584081 ], [ 150.578740608436675, -35.026780109657551 ], [ 150.578716813763151, -35.026726571788345 ], [ 150.578710865336916, -35.02668493163258 ], [ 150.578740609290605, -35.02663139346194 ], [ 150.578740608475528, -35.026542163896949 ], [ 150.578740608414478, -35.02646483185967 ], [ 150.578722763141684, -35.02638154998499 ], [ 150.578716814197577, -35.026280423149529 ], [ 150.578728711286942, -35.026155501479728 ], [ 150.578728711427686, -35.026030580286609 ], [ 150.578722762335474, -35.025935401299847 ], [ 150.57871681436373, -35.025798582835634 ], [ 150.578710865881447, -35.025721250130424 ], [ 150.578710865039113, -35.025632020554532 ], [ 150.578704917230226, -35.025530892830837 ], [ 150.578698968736859, -35.025453561024115 ], [ 150.578681122185117, -35.02542381702915 ], [ 150.578681122736896, -35.025364330365122 ], [ 150.578693019390329, -35.025328639137861 ], [ 150.578704916823938, -35.025304844538695 ], [ 150.578752506629371, -35.025286998178963 ] ] ] ] } },
{ "type": "Feature", "properties": { "OBJECTID_1": 44, "OBJECTID": 55, "Zone_ID": "1", "CONDITION": "Good", "EasternPCT": "3267", "E_PCT_Name": "Shoalhaven Foothills Turpentine Forest", "VEG_CLASS": "Southern Lowland Wet Sclerophyll Forests", "BC_Act": "-", "EPBC_Act": "-", "Area_ha": 2.0822040374399999, "Area_m2": 20822.0403744, "Comments": null, "ECMLink": null, "FSource": "Derived from field observations and aerial imagery.", "SourceDate": "2026-02-04T00:00:00Z", "PlanAccur": null, "Supplier": "Stantec Australia Pty Ltd (3045)", "Shape_Length": 770.1144216049197, "Shape_Area": 20822.040374429216 }, "geometry": { "type": "MultiPolygon", "coordinates": [ [ [ [ 150.58221636405753, -35.028848598502428 ], [ 150.582149186153742, -35.028818515179033 ], [ 150.582089700051, -35.028759028871832 ], [ 150.582048059906242, -35.028693593492662 ], [ 150.58180416462173, -35.028437801065863 ], [ 150.581744677860002, -35.02836641706412 ], [ 150.58166734624163, -35.028265290391246 ], [ 150.581566219106776, -35.028128471686578 ], [ 150.581476988479238, -35.028009498428681 ], [ 150.581387759217449, -35.02789647389541 ], [ 150.58132232345659, -35.02780129501523 ], [ 150.581262837595432, -35.027753705845392 ], [ 150.581137915317044, -35.027676374014554 ], [ 150.581126018161484, -35.027610938367062 ], [ 150.581126018103589, -35.027545503813556 ], [ 150.581191453248891, -35.027480068073345 ], [ 150.581244991191596, -35.027426530533518 ], [ 150.581250939662795, -35.027390838513796 ], [ 150.581179555969868, -35.027361095391306 ], [ 150.581143864684236, -35.027331351926328 ], [ 150.581012993491868, -35.027313506119278 ], [ 150.580888071977313, -35.027307557370648 ], [ 150.580804791431888, -35.027277813819516 ], [ 150.580727458372507, -35.027248070757693 ], [ 150.580703664650684, -35.027152891956774 ], [ 150.580632280255685, -35.027123149406485 ], [ 150.580566844674962, -35.027057713938419 ], [ 150.580525204544443, -35.026962535169496 ], [ 150.580459768993137, -35.026920894683563 ], [ 150.580394333730226, -35.026849511275408 ], [ 150.580305104428163, -35.026795973572646 ], [ 150.580257514737298, -35.026742435423252 ], [ 150.580221822732113, -35.026623462100893 ], [ 150.580209925416312, -35.026546129752617 ], [ 150.580203977453891, -35.026492592144891 ], [ 150.580221823194194, -35.026462848320293 ], [ 150.580275360672942, -35.026450951605035 ], [ 150.580322950695233, -35.026450950919639 ], [ 150.580364591160901, -35.026445002656011 ], [ 150.580418128840137, -35.026403362083698 ], [ 150.580513306877435, -35.026355773168198 ], [ 150.580541762582129, -35.026326521305556 ], [ 150.581764686417102, -35.026488501378331 ], [ 150.58221636405753, -35.028848598502428 ] ] ] ] } },
{ "type": "Feature", "properties": { "OBJECTID_1": 45, "OBJECTID": 56, "Zone_ID": "1", "CONDITION": "Good", "EasternPCT": "3267", "E_PCT_Name": "Shoalhaven Foothills Turpentine Forest", "VEG_CLASS": "Southern Lowland Wet Sclerophyll Forests", "BC_Act": "-", "EPBC_Act": "-", "Area_ha": 1.27739724289, "Area_m2": 12773.972428900001, "Comments": null, "ECMLink": null, "FSource": "Derived from field observations and aerial imagery.", "SourceDate": "2026-02-04T00:00:00Z", "PlanAccur": null, "Supplier": "Stantec Australia Pty Ltd (3045)", "Shape_Length": 706.95125271028758, "Shape_Area": 12773.972428875082 }, "geometry": { "type": "MultiPolygon", "coordinates": [ [ [ [ 150.579674547396991, -35.02786673097485 ], [ 150.579686444997321, -35.027777500864545 ], [ 150.579710239481017, -35.02770016859531 ], [ 150.579728085069803, -35.027640681968975 ], [ 150.579775674431488, -35.027587143583752 ], [ 150.57978757147805, -35.027521708476392 ], [ 150.579739982614086, -35.027480068560202 ], [ 150.579722136649963, -35.027432479350367 ], [ 150.579757827982093, -35.027361095246718 ], [ 150.579823263958076, -35.027372992329113 ], [ 150.579894647209244, -35.027396787474622 ], [ 150.580001723143909, -35.027402735445037 ], [ 150.580067158225489, -35.027402735764348 ], [ 150.580174234230867, -35.0274027357272 ], [ 150.580263463728187, -35.027378941481551 ], [ 150.58034674445841, -35.027378940712204 ], [ 150.580471666899086, -35.027414632931453 ], [ 150.580548998954839, -35.02743842737852 ], [ 150.580620383486064, -35.027480068403655 ], [ 150.580697715525957, -35.027533605650774 ], [ 150.58077504764114, -35.027587143753159 ], [ 150.580822637000011, -35.027652579221666 ], [ 150.580822636744074, -35.027735860039918 ], [ 150.580834534784827, -35.027795346970173 ], [ 150.580870226171186, -35.027825089626873 ], [ 150.580870226016771, -35.02787267969552 ], [ 150.580888072756011, -35.027914320005621 ], [ 150.580888072616887, -35.027967857931671 ], [ 150.580852380883954, -35.028039241468136 ], [ 150.580834534924264, -35.028092779505997 ], [ 150.580899969331398, -35.028152266059607 ], [ 150.58098919944311, -35.02814631758303 ], [ 150.581102223964905, -35.028134419781303 ], [ 150.581179555773957, -35.028164163496854 ], [ 150.581244991585379, -35.028217701138551 ], [ 150.581328272234487, -35.028277187303416 ], [ 150.581411554171666, -35.028360468476222 ], [ 150.581471040472138, -35.028396160971376 ], [ 150.581530526903833, -35.028443750058337 ], [ 150.581542424491943, -35.028509184775032 ], [ 150.581512680453983, -35.028550825222389 ], [ 150.581435348267291, -35.028556774259151 ], [ 150.581328272926868, -35.028568672010394 ], [ 150.581268785581045, -35.028604363630137 ], [ 150.581167658826388, -35.028657901288547 ], [ 150.581084377818371, -35.0287530800233 ], [ 150.580977302203195, -35.02875902869355 ], [ 150.580870226783247, -35.028705490591619 ], [ 150.580822637656865, -35.028705490581416 ], [ 150.580739355586445, -35.028705490721968 ], [ 150.580650126326731, -35.028646004483242 ], [ 150.58060253649694, -35.028592466453162 ], [ 150.580584690959739, -35.028538928612782 ], [ 150.58051330750871, -35.028527031364824 ], [ 150.580424077844185, -35.028556774520879 ], [ 150.580322950052448, -35.028556774428083 ], [ 150.580269412716518, -35.028527030734402 ], [ 150.580198028821911, -35.02846159627881 ], [ 150.580215874329298, -35.028396160823654 ], [ 150.580275360941783, -35.028354520052915 ], [ 150.580364590719142, -35.028295033215294 ], [ 150.580364591039626, -35.028259341575989 ], [ 150.580311053183351, -35.028187957489479 ], [ 150.580322949955587, -35.028116574465848 ], [ 150.580322950469423, -35.028063036556041 ], [ 150.580275360823549, -35.028045190054343 ], [ 150.580192079803737, -35.028110625287198 ], [ 150.580108799231624, -35.028128471309216 ], [ 150.580043363328059, -35.028146317256457 ], [ 150.579989825684493, -35.028164163498261 ], [ 150.579936288284216, -35.028164163448814 ], [ 150.579882749790073, -35.028164163353871 ], [ 150.579799469108366, -35.028182009158236 ], [ 150.579734034108697, -35.028140368285406 ], [ 150.579704290323093, -35.028122522512554 ], [ 150.579692392758517, -35.02808088177045 ], [ 150.579728085321705, -35.028021395227036 ], [ 150.579787571391819, -35.028009498468627 ], [ 150.579858954920354, -35.028051139020349 ], [ 150.579924390452391, -35.028057087292481 ], [ 150.580013619885818, -35.028015446975509 ], [ 150.580049311872926, -35.027979755350465 ], [ 150.58006715830922, -35.027926217447174 ], [ 150.580073106552589, -35.027866730463614 ], [ 150.580126645197282, -35.027836987585594 ], [ 150.580156387615489, -35.02778344903431 ], [ 150.580126645216495, -35.027741809262579 ], [ 150.580019569173317, -35.027712065458772 ], [ 150.579942236204403, -35.027747757329308 ], [ 150.579876801218717, -35.027795346998928 ], [ 150.579841109338531, -35.027825089818812 ], [ 150.57981136589575, -35.027860781995216 ], [ 150.579787571914665, -35.02790837140877 ], [ 150.579751879233271, -35.027914320056787 ], [ 150.579722136233045, -35.027920268432354 ], [ 150.57969834210698, -35.027908371153821 ], [ 150.579674547396991, -35.02786673097485 ] ] ] ] } },
{ "type": "Feature", "properties": { "OBJECTID_1": 46, "OBJECTID": 57, "Zone_ID": "1", "CONDITION": "Good", "EasternPCT": "3267", "E_PCT_Name": "Shoalhaven Foothills Turpentine Forest", "VEG_CLASS": "Southern Lowland Wet Sclerophyll Forests", "BC_Act": "-", "EPBC_Act": "-", "Area_ha": 0.178341424203, "Area_m2": 1783.41424203, "Comments": null, "ECMLink": null, "FSource": "Derived from field observations and aerial imagery.", "SourceDate": "2026-02-04T00:00:00Z", "PlanAccur": null, "Supplier": "Stantec Australia Pty Ltd (3045)", "Shape_Length": 220.9137158950935, "Shape_Area": 1783.414242030306 }, "geometry": { "type": "MultiPolygon", "coordinates": [ [ [ [ 150.579377114604569, -35.028259341815399 ], [ 150.579341423105603, -35.028253392849251 ], [ 150.579323576436281, -35.028241496110887 ], [ 150.579293833116452, -35.028205803978935 ], [ 150.579281936296496, -35.028140368190584 ], [ 150.579270038506962, -35.028068984526627 ], [ 150.579252193097687, -35.028003549897655 ], [ 150.579252192663773, -35.027926216956786 ], [ 150.579198655161434, -35.027890524945384 ], [ 150.579168911607354, -35.02782508989953 ], [ 150.579168911215305, -35.027747757860716 ], [ 150.579145117684476, -35.027670425067889 ], [ 150.579109425677359, -35.027604990266447 ], [ 150.579085630340728, -35.0275157599133 ], [ 150.579115374217793, -35.027468171314361 ], [ 150.57921650116046, -35.027396787289334 ], [ 150.579281936238345, -35.027396787131444 ], [ 150.579371166326411, -35.027462222211938 ], [ 150.579371166418468, -35.027563349279518 ], [ 150.579365216936594, -35.027712065745952 ], [ 150.579394960727655, -35.027825089904518 ], [ 150.579454447370949, -35.027944063264421 ], [ 150.579418754776412, -35.027997600967062 ], [ 150.579466344605493, -35.028051138542097 ], [ 150.579472292499901, -35.0281403687056 ], [ 150.579430652058818, -35.028205804207559 ], [ 150.579377114604569, -35.028259341815399 ] ] ] ] } },
{ "type": "Feature", "properties": { "OBJECTID_1": 47, "OBJECTID": 58, "Zone_ID": "1", "CONDITION": "Good", "EasternPCT": "3267", "E_PCT_Name": "Shoalhaven Foothills Turpentine Forest", "VEG_CLASS": "Southern Lowland Wet Sclerophyll Forests", "BC_Act": "-", "EPBC_Act": "-", "Area_ha": 0.050445690113900002, "Area_m2": 504.45690113900002, "Comments": null, "ECMLink": null, "FSource": "Derived from field observations and aerial imagery.", "SourceDate": "2026-02-04T00:00:00Z", "PlanAccur": null, "Supplier": "Stantec Australia Pty Ltd (3045)", "Shape_Length": 88.285547117457568, "Shape_Area": 504.45690113854874 }, "geometry": { "type": "MultiPolygon", "coordinates": [ [ [ [ 150.579240295892674, -35.027224275910164 ], [ 150.579186758004056, -35.027224276433721 ], [ 150.579151065872963, -35.027218327407645 ], [ 150.579121322401818, -35.027206430262041 ], [ 150.579103476156234, -35.027188583845103 ], [ 150.579085630226416, -35.027111251666376 ], [ 150.579061836188743, -35.02706366263029 ], [ 150.579103476657934, -35.027027971024573 ], [ 150.579133219686668, -35.026962535224641 ], [ 150.579174860502576, -35.026956586483351 ], [ 150.579234347401666, -35.026974432881879 ], [ 150.579270038607063, -35.02706961141844 ], [ 150.579335474241731, -35.027135046665663 ], [ 150.579335474214957, -35.027188584578546 ], [ 150.57930573083371, -35.027224275733808 ], [ 150.579240295892674, -35.027224275910164 ] ] ] ] } },
{ "type": "Feature", "properties": { "OBJECTID_1": 48, "OBJECTID": 59, "Zone_ID": "7", "CONDITION": "Moderate", "EasternPCT": "3588", "E_PCT_Name": "Shoalhaven Foothills Bloodwood Heathy Forest", "VEG_CLASS": "Sydney Coastal Dry Sclerophyll Forests", "BC_Act": "-", "EPBC_Act": "-", "Area_ha": 1.11837138348, "Area_m2": 11183.713834800001, "Comments": null, "ECMLink": null, "FSource": "Derived from field observations and aerial imagery.", "SourceDate": "2026-02-04T00:00:00Z", "PlanAccur": null, "Supplier": "Stantec Australia Pty Ltd (3045)", "Shape_Length": 628.95846034547424, "Shape_Area": 11183.713834807093 }, "geometry": { "type": "MultiPolygon", "coordinates": [ [ [ [ 150.579192705987282, -35.028384262942211 ], [ 150.57921055236983, -35.028360468960841 ], [ 150.579240295448017, -35.028360468571584 ], [ 150.579293833781406, -35.028372366462463 ], [ 150.579329525407985, -35.028425903692764 ], [ 150.579371165552288, -35.028485390303857 ], [ 150.579478241890143, -35.02859246582755 ], [ 150.579579368896106, -35.028634107004585 ], [ 150.579686444167606, -35.028764977356182 ], [ 150.57976377711779, -35.028860155615263 ], [ 150.57976972526501, -35.028955333622292 ], [ 150.579835160339059, -35.029032666123932 ], [ 150.579930339684097, -35.029127845233688 ], [ 150.5799838776108, -35.029211126098325 ], [ 150.580102850356297, -35.029437174720435 ], [ 150.580198028151017, -35.029544250211501 ], [ 150.580293206801912, -35.029692966944786 ], [ 150.580340796383268, -35.029805991757243 ], [ 150.580418128881689, -35.030008245427652 ], [ 150.580453821046063, -35.030151012801646 ], [ 150.580495461020575, -35.030287831976416 ], [ 150.580548999334042, -35.030472240570845 ], [ 150.580626331810834, -35.030668546258376 ], [ 150.580596588877427, -35.030817262273281 ], [ 150.580531153130977, -35.030829159682405 ], [ 150.580447871519908, -35.030787519196693 ], [ 150.580305104730428, -35.030710186526221 ], [ 150.580239669553379, -35.030680443401678 ], [ 150.580174233575946, -35.030632853959659 ], [ 150.580108799088094, -35.030484137470104 ], [ 150.580031466588082, -35.030383010665624 ], [ 150.579936287769499, -35.030228345876175 ], [ 150.579888698444762, -35.030121269678446 ], [ 150.579829212350091, -35.02997850241092 ], [ 150.579734033361177, -35.029817888712572 ], [ 150.579698341925194, -35.029710812796274 ], [ 150.579668598830381, -35.029627531609371 ], [ 150.579603163365448, -35.029443123209361 ], [ 150.579561522569037, -35.029330098758642 ], [ 150.579519882604387, -35.02923492057829 ], [ 150.579424704104099, -35.02911594795129 ], [ 150.579389011769393, -35.028979129052807 ], [ 150.579335473504642, -35.028895847931402 ], [ 150.579287884939646, -35.028770926159623 ], [ 150.579252193091236, -35.028628158476032 ], [ 150.579222449687279, -35.028544877178696 ], [ 150.579192706195414, -35.028467544628548 ], [ 150.579192705987282, -35.028384262942211 ] ] ] ] } },
{ "type": "Feature", "properties": { "OBJECTID_1": 49, "OBJECTID": 60, "Zone_ID": "3", "CONDITION": "Good", "EasternPCT": "3271", "E_PCT_Name": "Shoalhaven Spotted Gum-Blackbutt Moist Forest", "VEG_CLASS": "Southern Lowland Wet Sclerophyll Forests", "BC_Act": "-", "EPBC_Act": "-", "Area_ha": 0.73357947571899995, "Area_m2": 7335.7947571900004, "Comments": null, "ECMLink": null, "FSource": "Derived from field observations and aerial imagery.", "SourceDate": "2026-02-04T00:00:00Z", "PlanAccur": null, "Supplier": "Stantec Australia Pty Ltd (3045)", "Shape_Length": 419.80861635476043, "Shape_Area": 7335.7947571934365 }, "geometry": { "type": "MultiPolygon", "coordinates": [ [ [ [ 150.578532406228334, -35.029889272124251 ], [ 150.578478868493903, -35.029865478188242 ], [ 150.578478868607561, -35.029829785667999 ], [ 150.578478867683657, -35.029758402406934 ], [ 150.578484817086888, -35.029704864319946 ], [ 150.578550252065952, -35.029663223315886 ], [ 150.578615686739994, -35.029663223547608 ], [ 150.57867517379762, -35.029663223993211 ], [ 150.578722762933097, -35.029681069319167 ], [ 150.578776300799518, -35.029734607822505 ], [ 150.578823889757928, -35.029722710235987 ], [ 150.578823889649954, -35.02965132608248 ], [ 150.578823889756677, -35.029609685704955 ], [ 150.578835786949753, -35.029502610353497 ], [ 150.578907170605106, -35.029449072304082 ], [ 150.578966657242233, -35.029419328820723 ], [ 150.579002350017731, -35.029395534157409 ], [ 150.57903804134952, -35.029341996580762 ], [ 150.57912132292725, -35.029341996712738 ], [ 150.579192706055579, -35.02934199637231 ], [ 150.579275987498249, -35.029347945150569 ], [ 150.579359268956409, -35.029353893872063 ], [ 150.57939496074917, -35.029419328599985 ], [ 150.579454447443737, -35.02953235320372 ], [ 150.579484190416736, -35.02960968568118 ], [ 150.579537728514367, -35.029728659270965 ], [ 150.57956152292698, -35.029805991101277 ], [ 150.57959721457766, -35.029895220791786 ], [ 150.579662650255386, -35.030026091298332 ], [ 150.57969834175654, -35.030133167223745 ], [ 150.579805417728068, -35.030275935012867 ], [ 150.579870853019656, -35.030400856650203 ], [ 150.57991844186509, -35.030478189067217 ], [ 150.579918441665427, -35.030490086574055 ], [ 150.579876801577711, -35.030478189280615 ], [ 150.579799469011647, -35.03046034310357 ], [ 150.579686444682977, -35.030400856360409 ], [ 150.579591266423563, -35.030359215867541 ], [ 150.5794425497117, -35.030305678375427 ], [ 150.579335473504614, -35.030246191938623 ], [ 150.57921650107096, -35.030186705038943 ], [ 150.579079681950276, -35.030109372491623 ], [ 150.578942863344281, -35.030061783575967 ], [ 150.578811992343788, -35.029984450482637 ], [ 150.578728711019323, -35.029954707260671 ], [ 150.57863353357854, -35.029919015704877 ], [ 150.578532406228334, -35.029889272124251 ] ] ] ] } },
{ "type": "Feature", "properties": { "OBJECTID_1": 50, "OBJECTID": 61, "Zone_ID": "3", "CONDITION": "Good", "EasternPCT": "3271", "E_PCT_Name": "Shoalhaven Spotted Gum-Blackbutt Moist Forest", "VEG_CLASS": "Southern Lowland Wet Sclerophyll Forests", "BC_Act": "-", "EPBC_Act": "-", "Area_ha": 0.024370967044700001, "Area_m2": 243.70967044700001, "Comments": null, "ECMLink": null, "FSource": "Derived from field observations and aerial imagery.", "SourceDate": "2026-02-04T00:00:00Z", "PlanAccur": null, "Supplier": "Stantec Australia Pty Ltd (3045)", "Shape_Length": 59.565938103185424, "Shape_Area": 243.70967044698736 }, "geometry": { "type": "MultiPolygon", "coordinates": [ [ [ [ 150.578752506285184, -35.029282509728134 ], [ 150.578788197671003, -35.029306304235753 ], [ 150.578788198473831, -35.029353893387409 ], [ 150.578788198330187, -35.029395534666733 ], [ 150.578788198211868, -35.029437175044869 ], [ 150.578740608901484, -35.029466917976038 ], [ 150.57868112270927, -35.029478815091551 ], [ 150.57865137886111, -35.029455021203809 ], [ 150.578639482060623, -35.0294014828794 ], [ 150.578651378701807, -35.029353894179273 ], [ 150.578657327761562, -35.029306304825518 ], [ 150.578693019291364, -35.029288458983558 ], [ 150.578752506285184, -35.029282509728134 ] ] ] ] } },
{ "type": "Feature", "properties": { "OBJECTID_1": 51, "OBJECTID": 62, "Zone_ID": "3", "CONDITION": "Good", "EasternPCT": "3271", "E_PCT_Name": "Shoalhaven Spotted Gum-Blackbutt Moist Forest", "VEG_CLASS": "Southern Lowland Wet Sclerophyll Forests", "BC_Act": "-", "EPBC_Act": "-", "Area_ha": 0.45713523654600002, "Area_m2": 4571.3523654600003, "Comments": null, "ECMLink": null, "FSource": "Derived from field observations and aerial imagery.", "SourceDate": "2026-02-04T00:00:00Z", "PlanAccur": null, "Supplier": "Stantec Australia Pty Ltd (3045)", "Shape_Length": 283.82962080387426, "Shape_Area": 4571.3523654611154 }, "geometry": { "type": "MultiPolygon", "coordinates": [ [ [ [ 150.577414059628239, -35.029413380387332 ], [ 150.577354572481397, -35.029419328977902 ], [ 150.577378367804812, -35.029383636721043 ], [ 150.57738431595007, -35.029347944932191 ], [ 150.57741405936369, -35.029276560876298 ], [ 150.577473546089294, -35.029228971878162 ], [ 150.577544929267987, -35.029175433732568 ], [ 150.577616313239702, -35.029151639323501 ], [ 150.577681749012356, -35.029115947554757 ], [ 150.577747184343337, -35.029115947358498 ], [ 150.577830465409335, -35.029068358336445 ], [ 150.577901848253731, -35.029068358746592 ], [ 150.578020821553054, -35.029038615605884 ], [ 150.578110052119825, -35.029050512842758 ], [ 150.578169538303712, -35.029062410116516 ], [ 150.578246870919173, -35.029062410140817 ], [ 150.578353945847908, -35.029092152803742 ], [ 150.578401536058379, -35.029098101663479 ], [ 150.578395586767954, -35.029181382622241 ], [ 150.578371792028236, -35.029246817971078 ], [ 150.57834204931325, -35.029353893916344 ], [ 150.578342048624847, -35.029437174654412 ], [ 150.578342048790006, -35.029526405063862 ], [ 150.578342048975912, -35.029615634571165 ], [ 150.578282562031319, -35.029675120599578 ], [ 150.578205230577794, -35.029716761883499 ], [ 150.578115999941332, -35.029716761306268 ], [ 150.577997027297044, -35.029704864160728 ], [ 150.577937540385562, -35.029645377656365 ], [ 150.577907797062466, -35.029585891081645 ], [ 150.577842362090479, -35.029514507229173 ], [ 150.577782875519574, -35.029478815671325 ], [ 150.577693645390951, -35.029472866946911 ], [ 150.57759846741439, -35.029472867101724 ], [ 150.577538980744663, -35.029443123275882 ], [ 150.577461648866063, -35.029443123708099 ], [ 150.577414059628239, -35.029413380387332 ] ] ] ] } },
{ "type": "Feature", "properties": { "OBJECTID_1": 52, "OBJECTID": 63, "Zone_ID": "3", "CONDITION": "Good", "EasternPCT": "3271", "E_PCT_Name": "Shoalhaven Spotted Gum-Blackbutt Moist Forest", "VEG_CLASS": "Southern Lowland Wet Sclerophyll Forests", "BC_Act": "-", "EPBC_Act": "-", "Area_ha": 0.10587159259499999, "Area_m2": 1058.7159259499999, "Comments": null, "ECMLink": null, "FSource": "Derived from field observations and aerial imagery.", "SourceDate": "2026-02-04T00:00:00Z", "PlanAccur": null, "Supplier": "Stantec Australia Pty Ltd (3045)", "Shape_Length": 147.29629529483373, "Shape_Area": 1058.7159259477787 }, "geometry": { "type": "MultiPolygon", "coordinates": [ [ [ [ 150.576682375437258, -35.028372366226627 ], [ 150.576718067376873, -35.028408057940908 ], [ 150.576771604722865, -35.028431852622184 ], [ 150.576771605024646, -35.028467544240577 ], [ 150.576783502214653, -35.028550825594749 ], [ 150.576813245181086, -35.028574619908639 ], [ 150.576813245641716, -35.028628157786606 ], [ 150.576759706977043, -35.028687644723455 ], [ 150.576777553935671, -35.028729285599617 ], [ 150.576777553912081, -35.028770925962185 ], [ 150.576795399326357, -35.028842309663681 ], [ 150.576777553673935, -35.028878001690714 ], [ 150.576724015663387, -35.028901796107782 ], [ 150.576640734909404, -35.028895847403547 ], [ 150.576593145079045, -35.028848258405169 ], [ 150.576569350862968, -35.028782823552717 ], [ 150.576569350812605, -35.02870549068026 ], [ 150.576599093659098, -35.028651953072618 ], [ 150.576575298844148, -35.028598414811036 ], [ 150.5765277098902, -35.028538928303192 ], [ 150.576563401560861, -35.028461595573148 ], [ 150.57659314517548, -35.028431852987033 ], [ 150.576593145308948, -35.028390211725224 ], [ 150.576622889018665, -35.028378314487625 ], [ 150.576640734835792, -35.028378314996488 ], [ 150.576682375437258, -35.028372366226627 ] ] ] ] } },
{ "type": "Feature", "properties": { "OBJECTID_1": 53, "OBJECTID": 64, "Zone_ID": "3", "CONDITION": "Good", "EasternPCT": "3271", "E_PCT_Name": "Shoalhaven Spotted Gum-Blackbutt Moist Forest", "VEG_CLASS": "Southern Lowland Wet Sclerophyll Forests", "BC_Act": "-", "EPBC_Act": "-", "Area_ha": 0.187227525698, "Area_m2": 1872.27525698, "Comments": null, "ECMLink": null, "FSource": "Derived from field observations and aerial imagery.", "SourceDate": "2026-02-04T00:00:00Z", "PlanAccur": null, "Supplier": "Stantec Australia Pty Ltd (3045)", "Shape_Length": 216.85775049807887, "Shape_Area": 1872.2752569794059 }, "geometry": { "type": "MultiPolygon", "coordinates": [ [ [ [ 150.577015499826445, -35.029002923407887 ], [ 150.577080934970411, -35.029026717673958 ], [ 150.577104729595732, -35.029026717969295 ], [ 150.57712257493796, -35.028973179629034 ], [ 150.577193958837654, -35.028949385465822 ], [ 150.57729508569571, -35.028931539201366 ], [ 150.577354572224465, -35.028883950251782 ], [ 150.577449750880646, -35.028901796546982 ], [ 150.57748544282822, -35.028925590538385 ], [ 150.577533032353557, -35.028943436327339 ], [ 150.577598467902163, -35.028985077484919 ], [ 150.577574672933196, -35.029068358019799 ], [ 150.57750923822536, -35.02910405065348 ], [ 150.577431905621779, -35.029151639277949 ], [ 150.577390264671976, -35.029181382400118 ], [ 150.577342675799656, -35.02924086944823 ], [ 150.577301034385016, -35.029347945408297 ], [ 150.577205856059948, -35.029336047746021 ], [ 150.577158267333147, -35.029276561478135 ], [ 150.577158267049953, -35.029193279842374 ], [ 150.577098780795353, -35.029139742608912 ], [ 150.577033345955186, -35.029151639968383 ], [ 150.576938167451942, -35.029169485857238 ], [ 150.576878680609525, -35.02910999885367 ], [ 150.57681324486984, -35.02905646070716 ], [ 150.576801348520007, -35.028996974383922 ], [ 150.576819193555252, -35.028973179845877 ], [ 150.576860834590093, -35.028943436923115 ], [ 150.576944115866127, -35.028919641726802 ], [ 150.577009550591384, -35.028949385675269 ], [ 150.577015499826445, -35.029002923407887 ] ] ] ] } },
{ "type": "Feature", "properties": { "OBJECTID_1": 54, "OBJECTID": 65, "Zone_ID": "3", "CONDITION": "Good", "EasternPCT": "3271", "E_PCT_Name": "Shoalhaven Spotted Gum-Blackbutt Moist Forest", "VEG_CLASS": "Southern Lowland Wet Sclerophyll Forests", "BC_Act": "-", "EPBC_Act": "-", "Area_ha": 0.22196936619300001, "Area_m2": 2219.69366193, "Comments": null, "ECMLink": null, "FSource": "Derived from field observations and aerial imagery.", "SourceDate": "2026-02-04T00:00:00Z", "PlanAccur": null, "Supplier": "Stantec Australia Pty Ltd (3045)", "Shape_Length": 917.79243426338508, "Shape_Area": 2219.6936619292128 }, "geometry": { "type": "MultiPolygon", "coordinates": [ [ [ [ 150.575680352106474, -35.027746835408294 ], [ 150.575658603306863, -35.027942942930373 ], [ 150.575659206275475, -35.028003549489426 ], [ 150.575671103950015, -35.028045190587733 ], [ 150.575677053206789, -35.028134419977661 ], [ 150.575700847242899, -35.02820580373983 ], [ 150.575677052507586, -35.02827718727972 ], [ 150.575677052338364, -35.028378315137651 ], [ 150.575677052289137, -35.028461595843225 ], [ 150.575677052828979, -35.028568671561921 ], [ 150.575677052960771, -35.028681696021359 ], [ 150.575629938942654, -35.028772523099462 ], [ 150.575611459962033, -35.028640418498043 ], [ 150.575593375221899, -35.02599279227698 ], [ 150.575620865197635, -35.026075264012654 ], [ 150.575638712044196, -35.026152596658676 ], [ 150.575638711362132, -35.026229929525009 ], [ 150.57563871144373, -35.026396490985718 ], [ 150.575638711367077, -35.026497618870323 ], [ 150.575662505684164, -35.026574951403042 ], [ 150.575662505826443, -35.026723667503589 ], [ 150.575644660678222, -35.026818846001262 ], [ 150.575626814321964, -35.026931869824047 ], [ 150.575650609254495, -35.027050843631557 ], [ 150.575668454430598, -35.027140072836517 ], [ 150.575668454755885, -35.027235251066642 ], [ 150.575656557366557, -35.027306635350428 ], [ 150.575656557821901, -35.027366121973273 ], [ 150.575638711085674, -35.027449402924191 ], [ 150.57566250672005, -35.027526735479022 ], [ 150.575680351648998, -35.027604068072741 ], [ 150.575680351865515, -35.027717092548748 ], [ 150.575680352106474, -35.027746835408294 ] ] ], [ [ [ 150.575590612127172, -35.02558837961864 ], [ 150.575588314144682, -35.02525187261233 ], [ 150.57559112270539, -35.025260298835825 ], [ 150.575626814247755, -35.025325733704996 ], [ 150.575626813873583, -35.025432809449555 ], [ 150.575597070679152, -35.025551783127703 ], [ 150.575590612127172, -35.02558837961864 ] ] ], [ [ [ 150.575587179029696, -35.025085782440982 ], [ 150.575580537739825, -35.024113730259018 ], [ 150.575603019530377, -35.02412410655846 ], [ 150.575632763347585, -35.024225233152542 ], [ 150.575632763123934, -35.024314462654523 ], [ 150.575632762867798, -35.024403693056222 ], [ 150.575656557759515, -35.024498870970788 ], [ 150.575650608852385, -35.024576203950957 ], [ 150.5756149171159, -35.024671381827957 ], [ 150.575626814386368, -35.024713022930804 ], [ 150.575662505746038, -35.024778457786297 ], [ 150.575686300780035, -35.024855790336801 ], [ 150.575662505879336, -35.024998558062769 ], [ 150.575603019789611, -35.025069942167548 ], [ 150.575587179029696, -35.025085782440982 ] ] ] ] } },
{ "type": "Feature", "properties": { "OBJECTID_1": 55, "OBJECTID": 66, "Zone_ID": "3", "CONDITION": "Good", "EasternPCT": "3271", "E_PCT_Name": "Shoalhaven Spotted Gum-Blackbutt Moist Forest", "VEG_CLASS": "Southern Lowland Wet Sclerophyll Forests", "BC_Act": "-", "EPBC_Act": "-", "Area_ha": 4.4615513081599998, "Area_m2": 44615.513081600002, "Comments": null, "ECMLink": null, "FSource": "Derived from field observations and aerial imagery.", "SourceDate": "2026-02-04T00:00:00Z", "PlanAccur": null, "Supplier": "Stantec Australia Pty Ltd (3045)", "Shape_Length": 1336.9546655193114, "Shape_Area": 44615.513081566991 }, "geometry": { "type": "MultiPolygon", "coordinates": [ [ [ [ 150.578197151143428, -35.031977908071866 ], [ 150.576779084918542, -35.030950374712575 ], [ 150.576658054093599, -35.030866657957525 ], [ 150.576495281045624, -35.030888808536993 ], [ 150.576195305136707, -35.030929628401267 ], [ 150.576111304176521, -35.030864851698922 ], [ 150.576045869464593, -35.030799416555041 ], [ 150.575998280375188, -35.030763724832674 ], [ 150.575879306934212, -35.03076372396611 ], [ 150.575784128799341, -35.030793467306303 ], [ 150.575748436965853, -35.030829159402167 ], [ 150.57574248784897, -35.030882697313402 ], [ 150.575754384800604, -35.030924338382384 ], [ 150.575752775993863, -35.030989845226166 ], [ 150.575627619802248, -35.031006876241157 ], [ 150.575611459962033, -35.028640418498043 ], [ 150.575629938942654, -35.028772523099462 ], [ 150.575642977408592, -35.028865729917364 ], [ 150.575688949914792, -35.02894938510827 ], [ 150.575712744155055, -35.029020768869401 ], [ 150.575736538938656, -35.02913379388837 ], [ 150.575712745189691, -35.029169485841848 ], [ 150.575718693506445, -35.029240868949771 ], [ 150.575784128179322, -35.029318201752488 ], [ 150.575790077541626, -35.029407432029515 ], [ 150.57583171766413, -35.029484764253951 ], [ 150.575944742598836, -35.029556147524183 ], [ 150.576045868871688, -35.029597788915872 ], [ 150.576146996742665, -35.029633480605042 ], [ 150.576200533978209, -35.029687018396714 ], [ 150.576301661314176, -35.029734607450386 ], [ 150.576408737026014, -35.029752453447443 ], [ 150.576492017929212, -35.029770299832968 ], [ 150.576605043045703, -35.029758401797167 ], [ 150.576652632186949, -35.029728658821462 ], [ 150.576694272479102, -35.029681069699869 ], [ 150.576712118582464, -35.029621582697352 ], [ 150.576765655779724, -35.029621583286904 ], [ 150.576872732395685, -35.029621583537889 ], [ 150.576944116059906, -35.029657275245853 ], [ 150.576944115340893, -35.029734607198833 ], [ 150.576860834624114, -35.029794093993239 ], [ 150.57683703991313, -35.029811939897556 ], [ 150.576866783777206, -35.029889272082329 ], [ 150.576920321468066, -35.029883323865597 ], [ 150.576973859257265, -35.029811940262114 ], [ 150.577057139732887, -35.02973460712888 ], [ 150.577122575516398, -35.029669171920965 ], [ 150.577205856188044, -35.029603737087434 ], [ 150.577330778121706, -35.029573993590134 ], [ 150.577396213806793, -35.029573993598262 ], [ 150.577455699417328, -35.029603737473458 ], [ 150.577568723742417, -35.029651326039797 ], [ 150.577604415947718, -35.029651326798948 ], [ 150.577687697380071, -35.029687018634071 ], [ 150.577765029440314, -35.029740555939462 ], [ 150.577854259977016, -35.02977029963688 ], [ 150.577925643831151, -35.029788145423311 ], [ 150.578038667347812, -35.029841683199059 ], [ 150.578098154469444, -35.02990116966081 ], [ 150.578110051652175, -35.02993686177723 ], [ 150.578098154621443, -35.029954707540405 ], [ 150.578068410981928, -35.029954707625812 ], [ 150.578008923998198, -35.029919016164243 ], [ 150.577925643063253, -35.029889272404766 ], [ 150.577860208451227, -35.02988332394623 ], [ 150.577806670209043, -35.029877375063599 ], [ 150.577759081115545, -35.029913067252849 ], [ 150.577693646071282, -35.029942810309088 ], [ 150.577669851095692, -35.030020142997046 ], [ 150.577687696925523, -35.030079629080269 ], [ 150.577729337897722, -35.030109372489996 ], [ 150.577788824436766, -35.030103423713534 ], [ 150.577830464959703, -35.030145064585497 ], [ 150.57789590051155, -35.030133166825053 ], [ 150.5779494379168, -35.030109372792715 ], [ 150.578008924507628, -35.030073681046012 ], [ 150.578056514061615, -35.030026091262272 ], [ 150.578127897124006, -35.029984451190593 ], [ 150.578169537600303, -35.029942810305016 ], [ 150.57824687060679, -35.029924964094384 ], [ 150.578288511027864, -35.02994281069865 ], [ 150.578330151494242, -35.029960656388397 ], [ 150.578347997523423, -35.029996348276192 ], [ 150.578377740536439, -35.030109372622199 ], [ 150.578353946564135, -35.030174807968713 ], [ 150.578359895166216, -35.030210499374014 ], [ 150.57842532973612, -35.03025808884103 ], [ 150.578431279235133, -35.030299729915882 ], [ 150.578425329814166, -35.030383010858735 ], [ 150.578425329952893, -35.030442497492189 ], [ 150.578437228051598, -35.030490086201603 ], [ 150.578449124508353, -35.030585264902072 ], [ 150.57844317616258, -35.030668545863996 ], [ 150.578466970818113, -35.030745878790114 ], [ 150.578466970288929, -35.030793467902015 ], [ 150.578466970439905, -35.030852954533025 ], [ 150.578466970614897, -35.030912440262568 ], [ 150.578472919155132, -35.03098382417668 ], [ 150.57850861103401, -35.03104331130185 ], [ 150.578562149215458, -35.031108746516139 ], [ 150.578562149421742, -35.031168233147135 ], [ 150.578579994904828, -35.031263411617928 ], [ 150.578579994943254, -35.03132884609586 ], [ 150.578568097386437, -35.0314240247722 ], [ 150.57850861134321, -35.031548946266724 ], [ 150.57843722708526, -35.031620330267252 ], [ 150.578377740432501, -35.031721457568025 ], [ 150.578318254943355, -35.031757149488492 ], [ 150.578258768073596, -35.031828532960432 ], [ 150.578223076543935, -35.031899917408872 ], [ 150.578197151143428, -35.031977908071866 ] ] ] ] } },
{ "type": "Feature", "properties": { "OBJECTID_1": 56, "OBJECTID": 67, "Zone_ID": "4", "CONDITION": "Low", "EasternPCT": "3271", "E_PCT_Name": "Shoalhaven Spotted Gum-Blackbutt Moist Forest", "VEG_CLASS": "Southern Lowland Wet Sclerophyll Forests", "BC_Act": "-", "EPBC_Act": "-", "Area_ha": 0.44638669542699999, "Area_m2": 4463.86695427, "Comments": null, "ECMLink": null, "FSource": "Derived from field observations and aerial imagery.", "SourceDate": "2026-02-04T00:00:00Z", "PlanAccur": null, "Supplier": "Stantec Australia Pty Ltd (3045)", "Shape_Length": 1122.7063752376694, "Shape_Area": 4463.8669542729467 }, "geometry": { "type": "MultiPolygon", "coordinates": [ [ [ [ 150.575727941663018, -35.027847962602486 ], [ 150.57572320779019, -35.027918802260615 ], [ 150.575783831211737, -35.027928629318893 ], [ 150.57577553022449, -35.027847962790872 ], [ 150.575781479479758, -35.027752784495689 ], [ 150.575787427900394, -35.027687349037762 ], [ 150.575787427855516, -35.027586222064713 ], [ 150.575787428030281, -35.027413710976582 ], [ 150.575793376114603, -35.027318532650852 ], [ 150.575793376034966, -35.027217405671898 ], [ 150.575793376389726, -35.027092483692563 ], [ 150.575793376293291, -35.026991356710163 ], [ 150.575781479622407, -35.026866434914041 ], [ 150.575799325339574, -35.026777205157273 ], [ 150.575840965544103, -35.026765307899701 ], [ 150.575823119875224, -35.026854537664711 ], [ 150.575840965944309, -35.026931870264697 ], [ 150.575829068360662, -35.027027048675237 ], [ 150.575835017068783, -35.02711032930884 ], [ 150.575852862763952, -35.027211456906031 ], [ 150.575829068421598, -35.027318532111423 ], [ 150.575823119640177, -35.027407762575585 ], [ 150.575829068346536, -35.027491043205586 ], [ 150.575840965533615, -35.027592170895296 ], [ 150.575852863151795, -35.027687348938677 ], [ 150.575870709050861, -35.027752784023527 ], [ 150.575900452746595, -35.027859860186823 ], [ 150.575873948924169, -35.027943236772217 ], [ 150.575871275970144, -35.028037060753768 ], [ 150.575835583868013, -35.028114393265838 ], [ 150.575829635138149, -35.028167930312627 ], [ 150.57581178969815, -35.028280955060978 ], [ 150.575811789332874, -35.028388030767836 ], [ 150.575829635250045, -35.028471312107982 ], [ 150.575829635281195, -35.028572439069713 ], [ 150.575835583980734, -35.02865572058947 ], [ 150.575853430632719, -35.028762796040716 ], [ 150.575677052960771, -35.028681696021359 ], [ 150.575677052828979, -35.028568671561921 ], [ 150.575677052289137, -35.028461595843225 ], [ 150.575677052338364, -35.028378315137651 ], [ 150.575677052507586, -35.02827718727972 ], [ 150.575700847242899, -35.02820580373983 ], [ 150.575677053206789, -35.028134419977661 ], [ 150.575671103950015, -35.028045190587733 ], [ 150.575659206275475, -35.028003549489426 ], [ 150.575658258740958, -35.027908273908032 ], [ 150.575662373878316, -35.027908941216431 ], [ 150.575680352106474, -35.027746835408294 ], [ 150.575680351865515, -35.027717092548748 ], [ 150.575680351648998, -35.027604068072741 ], [ 150.57566250672005, -35.027526735479022 ], [ 150.575638711085674, -35.027449402924191 ], [ 150.575656557821901, -35.027366121973273 ], [ 150.575656557366557, -35.027306635350428 ], [ 150.575668454755885, -35.027235251066642 ], [ 150.575668454430598, -35.027140072836517 ], [ 150.575650609254495, -35.027050843631557 ], [ 150.575626814321964, -35.026931869824047 ], [ 150.575644660678222, -35.026818846001262 ], [ 150.575662505826443, -35.026723667503589 ], [ 150.575662505684164, -35.026574951403042 ], [ 150.575638711367077, -35.026497618870323 ], [ 150.57563871144373, -35.026396490985718 ], [ 150.575638711362132, -35.026229929525009 ], [ 150.575638712044196, -35.026152596658676 ], [ 150.575620865197635, -35.026075264012654 ], [ 150.575593375221899, -35.02599279227698 ], [ 150.575590612127172, -35.02558837961864 ], [ 150.575597070679152, -35.025551783127703 ], [ 150.575626813873583, -35.025432809449555 ], [ 150.575626814247755, -35.025325733704996 ], [ 150.57559112270539, -35.025260298835825 ], [ 150.575588314144682, -35.02525187261233 ], [ 150.575587179029696, -35.025085782440982 ], [ 150.575603019789611, -35.025069942167548 ], [ 150.575662505879336, -35.024998558062769 ], [ 150.575686300635766, -35.025063993099941 ], [ 150.575716043754881, -35.025147274297311 ], [ 150.575698198602169, -35.025301939462587 ], [ 150.575668454660644, -35.02548634762929 ], [ 150.575638711211099, -35.025593422905281 ], [ 150.575662506555886, -35.025736190842423 ], [ 150.575698198217736, -35.025837318211039 ], [ 150.575716044563762, -35.025974137464488 ], [ 150.575721992512769, -35.026152596335244 ], [ 150.575745787426541, -35.026271570134398 ], [ 150.575733889935805, -35.026348902288383 ], [ 150.575745786831561, -35.026485721604068 ], [ 150.575763632794377, -35.02656305331255 ], [ 150.575781479746468, -35.026676078453086 ], [ 150.575763633653736, -35.026771256953126 ], [ 150.575733889692174, -35.026896178472505 ], [ 150.575733890498555, -35.02698540796505 ], [ 150.575733890451659, -35.02710438119864 ], [ 150.575727941866205, -35.027223354519982 ], [ 150.575727941159471, -35.027318532729844 ], [ 150.575727941855689, -35.02742560846962 ], [ 150.575727941448292, -35.027532684185807 ], [ 150.5757457874127, -35.027645708398879 ], [ 150.575745787841953, -35.027723041273873 ], [ 150.575727941663018, -35.027847962602486 ] ] ] ] } },
{ "type": "Feature", "properties": { "OBJECTID_1": 57, "OBJECTID": 68, "Zone_ID": "3", "CONDITION": "Good", "EasternPCT": "3271", "E_PCT_Name": "Shoalhaven Spotted Gum-Blackbutt Moist Forest", "VEG_CLASS": "Southern Lowland Wet Sclerophyll Forests", "BC_Act": "-", "EPBC_Act": "-", "Area_ha": 4.5590943376600004, "Area_m2": 45590.9433766, "Comments": null, "ECMLink": null, "FSource": "Derived from field observations and aerial imagery.", "SourceDate": "2026-02-04T00:00:00Z", "PlanAccur": null, "Supplier": "Stantec Australia Pty Ltd (3045)", "Shape_Length": 1165.724527606262, "Shape_Area": 45590.943376614079 }, "geometry": { "type": "MultiPolygon", "coordinates": [ [ [ [ 150.580424077420048, -35.031911814509876 ], [ 150.580453821022047, -35.03198319801858 ], [ 150.580441923366664, -35.03207242815693 ], [ 150.580382436506824, -35.032090273910157 ], [ 150.580299155767619, -35.032060530831068 ], [ 150.580108798703122, -35.032018890129059 ], [ 150.580049312125766, -35.03194750621077 ], [ 150.579971980339707, -35.031929660133514 ], [ 150.579894647386965, -35.031917762738452 ], [ 150.579817315411674, -35.032030787346173 ], [ 150.579853006401692, -35.032155709470878 ], [ 150.579924390321196, -35.032250887928662 ], [ 150.579983877002832, -35.032387706400804 ], [ 150.580079055098196, -35.032459090393608 ], [ 150.580215874695853, -35.032530474044513 ], [ 150.580299155705802, -35.032572114702276 ], [ 150.580394334519099, -35.032625652206725 ], [ 150.580471666783779, -35.032667293055518 ], [ 150.580602537141885, -35.032726779974105 ], [ 150.580656074669406, -35.032804111801127 ], [ 150.580769099337232, -35.03290523899296 ], [ 150.580780996312257, -35.033024212525561 ], [ 150.580828585934142, -35.033155082512472 ], [ 150.580917815581074, -35.033226466204901 ], [ 150.580917815094352, -35.033303799104402 ], [ 150.580834534490151, -35.033363285886139 ], [ 150.580715561588278, -35.03335138859066 ], [ 150.580608485480411, -35.033351388041858 ], [ 150.580560896686706, -35.033375182895639 ], [ 150.580554948288778, -35.033422772346682 ], [ 150.580471666287735, -35.033476310088176 ], [ 150.580400283325019, -35.033523899337979 ], [ 150.580311052647261, -35.033619077643593 ], [ 150.580203977565589, -35.033672615529767 ], [ 150.580132593380768, -35.033708307083067 ], [ 150.58009609120532, -35.033782377590818 ], [ 150.579982779820483, -35.03349733752956 ], [ 150.579519763763187, -35.032932847430892 ], [ 150.57833320109674, -35.032076175374961 ], [ 150.578333447007168, -35.032075975653392 ], [ 150.578365843989729, -35.031989146435507 ], [ 150.578365844181661, -35.031953454829598 ], [ 150.578371792341272, -35.031882071389752 ], [ 150.578413432625126, -35.031840430444596 ], [ 150.578466970575903, -35.031798789963339 ], [ 150.578520509092812, -35.031739303211523 ], [ 150.57857404601404, -35.031626279433063 ], [ 150.578574046223281, -35.031554895308858 ], [ 150.578597841184518, -35.03150135746094 ], [ 150.578633533071724, -35.031435922549058 ], [ 150.57866922504931, -35.031400230489233 ], [ 150.578675173804783, -35.031334794886078 ], [ 150.57867517414229, -35.031221770390786 ], [ 150.578621635267837, -35.031138489852985 ], [ 150.578603790283267, -35.031061156753658 ], [ 150.578556200186284, -35.030983824721162 ], [ 150.57855025189113, -35.030936234925022 ], [ 150.578550251364504, -35.030852954175231 ], [ 150.578508611317574, -35.030775621932563 ], [ 150.578496713885642, -35.030674494465821 ], [ 150.57850266217801, -35.030591213499143 ], [ 150.578502663084976, -35.030531726886601 ], [ 150.578490765288024, -35.030377061531084 ], [ 150.578472919325947, -35.030269986426944 ], [ 150.578472919755598, -35.030192653542372 ], [ 150.578443176066969, -35.030127218330641 ], [ 150.578431278714618, -35.030091526240909 ], [ 150.578449124822043, -35.030061783630586 ], [ 150.578526457793629, -35.030079629763932 ], [ 150.578585943450122, -35.030133167212071 ], [ 150.578710865905833, -35.030168859503554 ], [ 150.578919067929093, -35.030234293885051 ], [ 150.579139168432732, -35.030359215883394 ], [ 150.57937116618146, -35.0304305999815 ], [ 150.579496087282365, -35.030466291450736 ], [ 150.579686444781686, -35.030567418799592 ], [ 150.579876800958317, -35.030644751711741 ], [ 150.579954133448041, -35.030680443205839 ], [ 150.579966030886283, -35.030757775545752 ], [ 150.579966030933122, -35.030823210952761 ], [ 150.580019568899246, -35.030900543051771 ], [ 150.580031466857093, -35.031019516681397 ], [ 150.580114747461806, -35.031132540692255 ], [ 150.580144491123463, -35.031239616805159 ], [ 150.580239669051821, -35.031406178934745 ], [ 150.58029320696312, -35.031537048813597 ], [ 150.58032294988007, -35.031644124869793 ], [ 150.580435974347438, -35.03178689272746 ], [ 150.580453821219436, -35.03186422472443 ], [ 150.580424077420048, -35.031911814509876 ] ] ] ] } },
{ "type": "Feature", "properties": { "OBJECTID_1": 58, "OBJECTID": 69, "Zone_ID": "3", "CONDITION": "Good", "EasternPCT": "3271", "E_PCT_Name": "Shoalhaven Spotted Gum-Blackbutt Moist Forest", "VEG_CLASS": "Southern Lowland Wet Sclerophyll Forests", "BC_Act": "-", "EPBC_Act": "-", "Area_ha": 6.1133178002, "Area_m2": 61133.178002000001, "Comments": null, "ECMLink": null, "FSource": "Derived from field observations and aerial imagery.", "SourceDate": "2026-02-04T00:00:00Z", "PlanAccur": null, "Supplier": "Stantec Australia Pty Ltd (3045)", "Shape_Length": 3405.3243538665738, "Shape_Area": 61133.178001971188 }, "geometry": { "type": "MultiPolygon", "coordinates": [ [ [ [ 150.58363119378356, -35.035010665642297 ], [ 150.583708526841576, -35.035224817568064 ], [ 150.583720424497415, -35.035367585010597 ], [ 150.583803704938163, -35.035498455586662 ], [ 150.583827499652273, -35.035629325456469 ], [ 150.583833448521233, -35.035778042112156 ], [ 150.583863191954549, -35.035968399070718 ], [ 150.583904831848145, -35.036164704710714 ], [ 150.583875089569091, -35.036414547673196 ], [ 150.583851294502097, -35.036598955598308 ], [ 150.583809654397044, -35.036723877379558 ], [ 150.583809654418445, -35.036848799456685 ], [ 150.583762064224942, -35.036991567020713 ], [ 150.583726372476519, -35.037181923698341 ], [ 150.583678783646462, -35.037306845878156 ], [ 150.583666886043915, -35.037479356198439 ], [ 150.583619296924752, -35.037604278338591 ], [ 150.583547912798764, -35.037735148322845 ], [ 150.583476529629763, -35.037871967933292 ], [ 150.583345658720987, -35.038074221926948 ], [ 150.583232634828477, -35.038258630004997 ], [ 150.583155302095946, -35.038377602653696 ], [ 150.582935202085821, -35.038645292641483 ], [ 150.582780537343069, -35.038829700498148 ], [ 150.582602077473268, -35.039002211352809 ], [ 150.58246525802852, -35.039144978971407 ], [ 150.58225705532746, -35.039341284491819 ], [ 150.582090492913693, -35.039448360196467 ], [ 150.581965571715443, -35.039567333261679 ], [ 150.581852546834739, -35.039674408830194 ], [ 150.581757368893278, -35.039769587514073 ], [ 150.581626498277558, -35.039912355554563 ], [ 150.581489679066379, -35.040001585043129 ], [ 150.58132311716551, -35.040174095890855 ], [ 150.581186297880947, -35.040310915011162 ], [ 150.580989992936537, -35.040459631148003 ], [ 150.580769892589103, -35.040685680122039 ], [ 150.580639021926203, -35.040834396659847 ], [ 150.580466510834526, -35.040971215850526 ], [ 150.580270206019264, -35.041131829145577 ], [ 150.580109591875868, -35.04131028843878 ], [ 150.580014413353069, -35.041399518694277 ], [ 150.579853800405544, -35.041530388573506 ], [ 150.579752672694411, -35.041667207934651 ], [ 150.579627751165958, -35.041786181108691 ], [ 150.579508777556214, -35.041875411052466 ], [ 150.579371959255184, -35.042000332300702 ], [ 150.579306524059859, -35.042083613793736 ], [ 150.579229191097795, -35.042184741045972 ], [ 150.579098320566686, -35.042303713862594 ], [ 150.579009091792869, -35.042386995217548 ], [ 150.578961502218647, -35.042452429588138 ], [ 150.578884169765303, -35.042547608766341 ], [ 150.578829645883246, -35.042602132161548 ], [ 150.578297300646312, -35.042472345627196 ], [ 150.578371522881071, -35.042373382588593 ], [ 150.578466701306183, -35.042278204050184 ], [ 150.578508341556812, -35.042212769165268 ], [ 150.578523604618709, -35.042156303526077 ], [ 150.578541666045936, -35.042161503244728 ], [ 150.578605496191955, -35.042179880391778 ], [ 150.578719911683521, -35.042047461481012 ], [ 150.578751572261865, -35.042010819135214 ], [ 150.578937012816283, -35.041796194992692 ], [ 150.578987558332727, -35.041451804652198 ], [ 150.579038834729516, -35.041453056462359 ], [ 150.579098321468848, -35.041488748441587 ], [ 150.579193499079054, -35.04145900546547 ], [ 150.579241088577788, -35.041405467567223 ], [ 150.579258934553593, -35.041387621515334 ], [ 150.579360061740317, -35.041387621010436 ], [ 150.57947308568481, -35.041429262033681 ], [ 150.579580162477299, -35.041429262016401 ], [ 150.579657493918717, -35.041340031967934 ], [ 150.57978836518339, -35.041268648469277 ], [ 150.579865697640258, -35.041167520804905 ], [ 150.579859749074245, -35.041084239523343 ], [ 150.579871645795777, -35.041000959221293 ], [ 150.579972773087746, -35.040929575035285 ], [ 150.580151233099457, -35.040751115051933 ], [ 150.58023451405839, -35.04064998864078 ], [ 150.580371332774973, -35.040542912572903 ], [ 150.580520048788571, -35.040382298804388 ], [ 150.580734200921938, -35.040209788433195 ], [ 150.580817481410946, -35.040132455672286 ], [ 150.580948352114603, -35.040043225489406 ], [ 150.581043530258114, -35.039942098725831 ], [ 150.581263630791568, -35.039751741677883 ], [ 150.581352860900381, -35.039662511603595 ], [ 150.581448038958229, -35.039614922347283 ], [ 150.581537268777225, -35.039501898021619 ], [ 150.581656242058443, -35.03944241148848 ], [ 150.581739523036788, -35.039359131112661 ], [ 150.581912034041949, -35.039252054619837 ], [ 150.582054800908566, -35.039162825110893 ], [ 150.582149980060962, -35.039091441195012 ], [ 150.582257055702627, -35.039031954809325 ], [ 150.582364130962333, -35.038942725457837 ], [ 150.58248905299223, -35.03884754696621 ], [ 150.582613974554079, -35.038734522070705 ], [ 150.582679409370172, -35.038585805942155 ], [ 150.582679409432757, -35.038496576450498 ], [ 150.582643717943796, -35.038419243332193 ], [ 150.582625872277589, -35.038335962023922 ], [ 150.582667512460716, -35.038264578611191 ], [ 150.582744844800146, -35.038240783627472 ], [ 150.582792434310704, -35.038098016525666 ], [ 150.582851921255866, -35.038038530210898 ], [ 150.582917356309366, -35.037901710530342 ], [ 150.582941150657092, -35.037782737350483 ], [ 150.582994688462691, -35.037687559748306 ], [ 150.583054174860422, -35.037556689159551 ], [ 150.583054174571515, -35.037473407492982 ], [ 150.582988739656741, -35.037443664852908 ], [ 150.582857869015101, -35.037390126404368 ], [ 150.582649666912317, -35.037348486221333 ], [ 150.582518795979922, -35.037336588684077 ], [ 150.582459309376304, -35.037288999991098 ], [ 150.582471206790842, -35.037175975569127 ], [ 150.582584231574231, -35.037062950542484 ], [ 150.582685358891524, -35.03705700200306 ], [ 150.582881664521352, -35.037062950449169 ], [ 150.583101764529914, -35.03710459116823 ], [ 150.583268326376611, -35.037062951108894 ], [ 150.583309966775715, -35.03700941280642 ], [ 150.583309966547802, -35.03694397739541 ], [ 150.583274275503697, -35.036890439478434 ], [ 150.583292121406913, -35.036747672523937 ], [ 150.583393248386443, -35.03669413423367 ], [ 150.583482478299459, -35.03661085299035 ], [ 150.583518170037252, -35.036503777157264 ], [ 150.58348842672919, -35.036384804313869 ], [ 150.583536016294033, -35.036259883104286 ], [ 150.583524119087969, -35.036123063528692 ], [ 150.583476529312776, -35.035902963181009 ], [ 150.583452734974856, -35.035813733658124 ], [ 150.583405145031122, -35.03571855536056 ], [ 150.583411094522802, -35.035587684987057 ], [ 150.58341109417529, -35.035427071256166 ], [ 150.583351607494109, -35.035290252557402 ], [ 150.583298070055378, -35.035201022547717 ], [ 150.583155302013495, -35.035135587853553 ], [ 150.583006585348585, -35.035022563378028 ], [ 150.582917356499252, -35.035022562649878 ], [ 150.582810280746344, -35.0349809227177 ], [ 150.58265561523487, -35.034909538634388 ], [ 150.582637769010773, -35.034826257292636 ], [ 150.582589386547141, -35.03474932113204 ], [ 150.582565592275159, -35.034654142693036 ], [ 150.582500156829639, -35.03456491315891 ], [ 150.582452567689757, -35.034481632036673 ], [ 150.582452567797674, -35.034398351257366 ], [ 150.582452567631208, -35.034291275447124 ], [ 150.582410927516548, -35.034190148542791 ], [ 150.58230385149804, -35.034094969375992 ], [ 150.582250313253411, -35.033958150666379 ], [ 150.582202724149681, -35.033815382792483 ], [ 150.582137289274954, -35.033672615181601 ], [ 150.582113494556694, -35.033565540037308 ], [ 150.582048059471276, -35.033494155648128 ], [ 150.581994522144953, -35.033381131874322 ], [ 150.581923138089991, -35.033274056165091 ], [ 150.58187554823752, -35.033226466450351 ], [ 150.581798216662719, -35.033131287684867 ], [ 150.581685191433991, -35.033018263900978 ], [ 150.581572167737875, -35.032952828291322 ], [ 150.5815186292715, -35.032887393442643 ], [ 150.581417502653892, -35.032780317474433 ], [ 150.581292580521762, -35.032714882306827 ], [ 150.581191453230417, -35.03263754992237 ], [ 150.581072480658179, -35.032506679697491 ], [ 150.580888071846886, -35.032328220274138 ], [ 150.580822636882033, -35.032209247015672 ], [ 150.580733407874959, -35.032060530362841 ], [ 150.580626331133573, -35.031947506206897 ], [ 150.580543050164351, -35.031834481619939 ], [ 150.580435974347438, -35.03178689272746 ], [ 150.58032294988007, -35.031644124869793 ], [ 150.58029320696312, -35.031537048813597 ], [ 150.580239669051821, -35.031406178934745 ], [ 150.580144491123463, -35.031239616805159 ], [ 150.580114747461806, -35.031132540692255 ], [ 150.580031466857093, -35.031019516681397 ], [ 150.580019568899246, -35.030900543051771 ], [ 150.579966030933122, -35.030823210952761 ], [ 150.579966030886283, -35.030757775545752 ], [ 150.579954133448041, -35.030680443205839 ], [ 150.580020361697194, -35.030703841583595 ], [ 150.580050105662224, -35.030775225194041 ], [ 150.580151232602873, -35.030876352594859 ], [ 150.580252359142662, -35.031031016903462 ], [ 150.580347538434438, -35.031173784859192 ], [ 150.580525997654519, -35.031393884840142 ], [ 150.580740148846246, -35.031596139053271 ], [ 150.580960249475282, -35.031899520530636 ], [ 150.581174400828331, -35.032095826159996 ], [ 150.581352860870993, -35.032298080533202 ], [ 150.581501577180376, -35.032488437150128 ], [ 150.581769266408998, -35.032726383394447 ], [ 150.581983417796749, -35.032976226464974 ], [ 150.582161876950323, -35.033142788947949 ], [ 150.582292747268639, -35.033315299552434 ], [ 150.582441463842827, -35.033475913096254 ], [ 150.582495001208969, -35.033541348434348 ], [ 150.582679409841433, -35.033737654481143 ], [ 150.582875715724754, -35.033963703188128 ], [ 150.582994687933308, -35.034046984358426 ], [ 150.583226686452747, -35.034326570545545 ], [ 150.58332781326402, -35.034499081402835 ], [ 150.583422991665088, -35.034683490154158 ], [ 150.583524118268457, -35.034814360452849 ], [ 150.58363119378356, -35.035010665642297 ] ] ] ] } },
{ "type": "Feature", "properties": { "OBJECTID_1": 59, "OBJECTID": 70, "Zone_ID": "3", "CONDITION": "Good", "EasternPCT": "3271", "E_PCT_Name": "Shoalhaven Spotted Gum-Blackbutt Moist Forest", "VEG_CLASS": "Southern Lowland Wet Sclerophyll Forests", "BC_Act": "-", "EPBC_Act": "-", "Area_ha": 2.5662091921700001, "Area_m2": 25662.091921700001, "Comments": null, "ECMLink": null, "FSource": "Derived from field observations and aerial imagery.", "SourceDate": "2026-02-04T00:00:00Z", "PlanAccur": null, "Supplier": "Stantec Australia Pty Ltd (3045)", "Shape_Length": 961.13777014186974, "Shape_Area": 25662.091921735529 }, "geometry": { "type": "MultiPolygon", "coordinates": [ [ [ [ 150.580704953157635, -35.032318900801371 ], [ 150.580770388443966, -35.032384335330185 ], [ 150.580847720310004, -35.032485462582081 ], [ 150.580936950411171, -35.032550897505914 ], [ 150.581008334000757, -35.032586589595745 ], [ 150.581121358816887, -35.032693665222858 ], [ 150.5812462807435, -35.032770998070859 ], [ 150.581359305022289, -35.032884022229766 ], [ 150.58154966170207, -35.033056533636127 ], [ 150.581650788914772, -35.03319335239015 ], [ 150.581757864958547, -35.033217147035373 ], [ 150.581817350538671, -35.03327068476527 ], [ 150.581811401933919, -35.033348017168215 ], [ 150.581775710484834, -35.03340750428832 ], [ 150.581805454014074, -35.033580014530138 ], [ 150.581888734713687, -35.03362165502255 ], [ 150.581977964833982, -35.033716833893209 ], [ 150.582001759379125, -35.033823909957192 ], [ 150.582061245934767, -35.033930985496113 ], [ 150.582138577819848, -35.034073753256877 ], [ 150.582204012974984, -35.034216520871553 ], [ 150.582293243235, -35.034335493648008 ], [ 150.582340832628944, -35.034466363979874 ], [ 150.58231703830424, -35.034549645464793 ], [ 150.582245654333065, -35.034597233975653 ], [ 150.582180218427709, -35.034668617960932 ], [ 150.582204013083015, -35.034734053598392 ], [ 150.582334883471134, -35.034781643014341 ], [ 150.582394370397026, -35.034823282996264 ], [ 150.582394370116987, -35.034900615911987 ], [ 150.582281345480311, -35.034948204545181 ], [ 150.582150475532501, -35.034989845502359 ], [ 150.581972015917273, -35.035025537013418 ], [ 150.581817351427247, -35.035055280721707 ], [ 150.581668634842771, -35.035073126339185 ], [ 150.581567507715647, -35.035043383361575 ], [ 150.581478277745617, -35.035055280860909 ], [ 150.581424740245893, -35.035037434210942 ], [ 150.581258177481004, -35.035025537516269 ], [ 150.581103512929076, -35.035025537439807 ], [ 150.580978590683316, -35.035013639778931 ], [ 150.580883412844429, -35.035001743076371 ], [ 150.58078823391233, -35.034995794129337 ], [ 150.580728747487143, -35.034977948395436 ], [ 150.58057786900153, -35.034994288271356 ], [ 150.580335061882977, -35.034383509470373 ], [ 150.580443212361445, -35.034335493672813 ], [ 150.580532442293702, -35.034270058142127 ], [ 150.580615722773132, -35.034228417857008 ], [ 150.580734696793286, -35.03413323953491 ], [ 150.580853668875591, -35.034115393048218 ], [ 150.580936950138693, -35.034073752550228 ], [ 150.581049975085875, -35.03408565000187 ], [ 150.581234383018483, -35.03408565018141 ], [ 150.581341459035457, -35.03407970144 ], [ 150.581448535047087, -35.034067803848643 ], [ 150.581478277984161, -35.033996420595386 ], [ 150.581549661902358, -35.033984523257878 ], [ 150.581597250715163, -35.033913138879427 ], [ 150.581561558643187, -35.03381201222701 ], [ 150.581484226908202, -35.033693039142236 ], [ 150.581377150377705, -35.033603809732874 ], [ 150.581329561856649, -35.033478887821623 ], [ 150.581281972320284, -35.03338965750163 ], [ 150.581198690989453, -35.033377760364218 ], [ 150.581097563866052, -35.033359914543873 ], [ 150.581067821253583, -35.033336120341794 ], [ 150.580917815094352, -35.033303799104402 ], [ 150.580917815581074, -35.033226466204901 ], [ 150.580828585934142, -35.033155082512472 ], [ 150.580780996312257, -35.033024212525561 ], [ 150.580769099337232, -35.03290523899296 ], [ 150.580794182885114, -35.032854279350303 ], [ 150.580823925860813, -35.032788844102988 ], [ 150.58080607985363, -35.032675819646357 ], [ 150.580752542089243, -35.032622281996716 ], [ 150.580716850165999, -35.03255684674199 ], [ 150.580687107327805, -35.032479513653215 ], [ 150.580687106811013, -35.032408130386052 ], [ 150.580681158261882, -35.032366489425975 ], [ 150.580675209743958, -35.032318900612516 ], [ 150.580704953157635, -35.032318900801371 ] ] ] ] } },
{ "type": "Feature", "properties": { "OBJECTID_1": 60, "OBJECTID": 71, "Zone_ID": "3", "CONDITION": "Good", "EasternPCT": "3271", "E_PCT_Name": "Shoalhaven Spotted Gum-Blackbutt Moist Forest", "VEG_CLASS": "Southern Lowland Wet Sclerophyll Forests", "BC_Act": "-", "EPBC_Act": "-", "Area_ha": 10.0891805324, "Area_m2": 100891.805324, "Comments": null, "ECMLink": null, "FSource": "Derived from field observations and aerial imagery.", "SourceDate": "2026-02-04T00:00:00Z", "PlanAccur": null, "Supplier": "Stantec Australia Pty Ltd (3045)", "Shape_Length": 1945.9636525827261, "Shape_Area": 100891.8053241382 }, "geometry": { "type": "MultiPolygon", "coordinates": [ [ [ [ 150.582810280746344, -35.0349809227177 ], [ 150.582917356499252, -35.035022562649878 ], [ 150.583006585348585, -35.035022563378028 ], [ 150.583155302013495, -35.035135587853553 ], [ 150.583298070055378, -35.035201022547717 ], [ 150.583351607494109, -35.035290252557402 ], [ 150.58341109417529, -35.035427071256166 ], [ 150.583411094522802, -35.035587684987057 ], [ 150.583405145031122, -35.03571855536056 ], [ 150.583452734974856, -35.035813733658124 ], [ 150.583476529312776, -35.035902963181009 ], [ 150.583524119087969, -35.036123063528692 ], [ 150.583536016294033, -35.036259883104286 ], [ 150.58348842672919, -35.036384804313869 ], [ 150.583518170037252, -35.036503777157264 ], [ 150.583482478299459, -35.03661085299035 ], [ 150.583393248386443, -35.03669413423367 ], [ 150.583292121406913, -35.036747672523937 ], [ 150.583274275503697, -35.036890439478434 ], [ 150.583309966547802, -35.03694397739541 ], [ 150.583309966775715, -35.03700941280642 ], [ 150.583268326376611, -35.037062951108894 ], [ 150.583101764529914, -35.03710459116823 ], [ 150.582881664521352, -35.037062950449169 ], [ 150.582685358891524, -35.03705700200306 ], [ 150.582584231574231, -35.037062950542484 ], [ 150.582471206790842, -35.037175975569127 ], [ 150.582459309376304, -35.037288999991098 ], [ 150.582518795979922, -35.037336588684077 ], [ 150.582471703256175, -35.037393101005932 ], [ 150.582430062220936, -35.03745853649631 ], [ 150.582364626934435, -35.037613201266069 ], [ 150.582358678465795, -35.037714328670184 ], [ 150.582328934738882, -35.037785712075916 ], [ 150.582287294933366, -35.037916582913226 ], [ 150.582293242835107, -35.038023658254545 ], [ 150.582257550829354, -35.038118837048131 ], [ 150.582174270566043, -35.038196169093084 ], [ 150.582090989022703, -35.038273501952602 ], [ 150.582025554242676, -35.038344885777477 ], [ 150.581989861673861, -35.038404371954705 ], [ 150.581894683231894, -35.038481704531094 ], [ 150.581811402223252, -35.038553088442704 ], [ 150.581757864591367, -35.038636369773371 ], [ 150.581692429223466, -35.038707753390923 ], [ 150.581609147845626, -35.038761290891642 ], [ 150.58154966152631, -35.038868366581646 ], [ 150.58148422674256, -35.038975442593973 ], [ 150.581323612482549, -35.039070621182574 ], [ 150.581168948126418, -35.039195542988899 ], [ 150.581067820455274, -35.039308566795249 ], [ 150.581067820860369, -35.039385899651606 ], [ 150.581044026209014, -35.03941564292041 ], [ 150.581103512190111, -35.039481077646066 ], [ 150.581162999186176, -35.039564359515431 ], [ 150.581174896220006, -35.039659537935322 ], [ 150.581109461468571, -35.039754716211554 ], [ 150.581038077338462, -35.03982609976471 ], [ 150.580913155318626, -35.03992722723283 ], [ 150.580835823238147, -35.04002835383907 ], [ 150.580794182803828, -35.040087840852969 ], [ 150.580716850053278, -35.040135429523758 ], [ 150.580734200921938, -35.040209788433195 ], [ 150.580520048788571, -35.040382298804388 ], [ 150.580371332774973, -35.040542912572903 ], [ 150.58023451405839, -35.04064998864078 ], [ 150.580151233099457, -35.040751115051933 ], [ 150.579972773087746, -35.040929575035285 ], [ 150.579871645795777, -35.041000959221293 ], [ 150.579859749074245, -35.041084239523343 ], [ 150.579865697640258, -35.041167520804905 ], [ 150.57978836518339, -35.041268648469277 ], [ 150.579657493918717, -35.041340031967934 ], [ 150.579580162477299, -35.041429262016401 ], [ 150.57947308568481, -35.041429262033681 ], [ 150.579360061740317, -35.041387621010436 ], [ 150.579301071424794, -35.041319211501701 ], [ 150.579277276597082, -35.041247827512777 ], [ 150.579176149174941, -35.041194290138236 ], [ 150.579102818483051, -35.041133811072342 ], [ 150.579161969647259, -35.041017983144229 ], [ 150.581304591861596, -35.036822204208804 ], [ 150.581302226824334, -35.036816361534257 ], [ 150.580858253356354, -35.035699570151181 ], [ 150.580836993697517, -35.035646096772602 ], [ 150.580624395451906, -35.035111318586999 ], [ 150.580603134955595, -35.035057846054151 ], [ 150.580699004533329, -35.035055280186661 ], [ 150.580770387993084, -35.03508502369219 ], [ 150.580853668876784, -35.035085023641066 ], [ 150.58100833465798, -35.035079075310279 ], [ 150.581151102197367, -35.035079075299237 ], [ 150.581281972597935, -35.035090972426438 ], [ 150.581389047714026, -35.035096921160736 ], [ 150.581531815284904, -35.035096921603433 ], [ 150.581656737816076, -35.035126664064613 ], [ 150.58173406987973, -35.035227791694375 ], [ 150.581823300162966, -35.03525753439574 ], [ 150.581930375410707, -35.03523373978755 ], [ 150.582037450634829, -35.035215893837609 ], [ 150.582150475929126, -35.035186150821026 ], [ 150.582257551301012, -35.035198048452607 ], [ 150.582322986496393, -35.035126664423856 ], [ 150.582382472722543, -35.035079074873181 ], [ 150.582424113540895, -35.035013640250916 ], [ 150.582513343343294, -35.035001742948658 ], [ 150.582578778626015, -35.034966050406993 ], [ 150.58265561523487, -35.034909538634388 ], [ 150.582810280746344, -35.0349809227177 ] ] ] ] } },
{ "type": "Feature", "properties": { "OBJECTID_1": 61, "OBJECTID": 72, "Zone_ID": "3", "CONDITION": "Good", "EasternPCT": "3271", "E_PCT_Name": "Shoalhaven Spotted Gum-Blackbutt Moist Forest", "VEG_CLASS": "Southern Lowland Wet Sclerophyll Forests", "BC_Act": "-", "EPBC_Act": "-", "Area_ha": 0.31788773223, "Area_m2": 3178.8773222999998, "Comments": null, "ECMLink": null, "FSource": "Derived from field observations and aerial imagery.", "SourceDate": "2026-02-04T00:00:00Z", "PlanAccur": null, "Supplier": "Stantec Australia Pty Ltd (3045)", "Shape_Length": 237.21855301083855, "Shape_Area": 3178.8773222995055 }, "geometry": { "type": "MultiPolygon", "coordinates": [ [ [ [ 150.581174896220006, -35.039659537935322 ], [ 150.581162999186176, -35.039564359515431 ], [ 150.581103512190111, -35.039481077646066 ], [ 150.581044026209014, -35.03941564292041 ], [ 150.581067820860369, -35.039385899651606 ], [ 150.581067820455274, -35.039308566795249 ], [ 150.581168948126418, -35.039195542988899 ], [ 150.581323612482549, -35.039070621182574 ], [ 150.58148422674256, -35.038975442593973 ], [ 150.581514665095256, -35.038925634465002 ], [ 150.581591302589999, -35.038969493764171 ], [ 150.581674582966258, -35.039034929482845 ], [ 150.581745966929788, -35.039034928730025 ], [ 150.581835196873897, -35.039076569890646 ], [ 150.581900632645926, -35.039124158535948 ], [ 150.581900632683016, -35.039159851045078 ], [ 150.581817350980913, -35.039243131527151 ], [ 150.581692429778286, -35.039302618605568 ], [ 150.581591302661622, -35.0394156428709 ], [ 150.581454483180607, -35.039504872336686 ], [ 150.581311716038186, -35.039611948253935 ], [ 150.581174896220006, -35.039659537935322 ] ] ] ] } },
{ "type": "Feature", "properties": { "OBJECTID_1": 62, "OBJECTID": 73, "Zone_ID": "3", "CONDITION": "Good", "EasternPCT": "3271", "E_PCT_Name": "Shoalhaven Spotted Gum-Blackbutt Moist Forest", "VEG_CLASS": "Southern Lowland Wet Sclerophyll Forests", "BC_Act": "-", "EPBC_Act": "-", "Area_ha": 2.9663819845299999, "Area_m2": 29663.8198453, "Comments": null, "ECMLink": null, "FSource": "Derived from field observations and aerial imagery.", "SourceDate": "2026-02-04T00:00:00Z", "PlanAccur": null, "Supplier": "Stantec Australia Pty Ltd (3045)", "Shape_Length": 2789.3925206137128, "Shape_Area": 29663.819845287791 }, "geometry": { "type": "MultiPolygon", "coordinates": [ [ [ [ 150.580585979988655, -35.030920966809958 ], [ 150.580633569200074, -35.030932864453817 ], [ 150.580669261474128, -35.031004248494597 ], [ 150.580776336907348, -35.031152964212197 ], [ 150.580859618492212, -35.031295732434607 ], [ 150.581014283010518, -35.031480140516351 ], [ 150.581091615457268, -35.031593165137537 ], [ 150.581192742429181, -35.031735932098158 ], [ 150.581347407373528, -35.031914391929611 ], [ 150.58146043182947, -35.03208095479733 ], [ 150.581656736937589, -35.032241568140662 ], [ 150.581906580559604, -35.032533052207619 ], [ 150.582073142781411, -35.032675819651345 ], [ 150.582227808302406, -35.032878073451052 ], [ 150.582525240700448, -35.033151712235757 ], [ 150.582709648961128, -35.033300428164289 ], [ 150.582840518757138, -35.033425349935229 ], [ 150.582935698158252, -35.033544322736006 ], [ 150.58304872240987, -35.033651398420915 ], [ 150.583381846923857, -35.033978574089218 ], [ 150.583590049798232, -35.034192725958469 ], [ 150.583738765635673, -35.03437713389394 ], [ 150.583869635996365, -35.034561542194233 ], [ 150.583994558185566, -35.03475784836867 ], [ 150.584107581905329, -35.034995793975725 ], [ 150.584244400835047, -35.035209945194701 ], [ 150.58431578491809, -35.035376508087687 ], [ 150.584345528591797, -35.035543069931194 ], [ 150.584327681983837, -35.035697735510858 ], [ 150.584309836217699, -35.035846451440882 ], [ 150.58432768203636, -35.035959475442979 ], [ 150.584327682811676, -35.036048705920692 ], [ 150.58432173382252, -35.036120089697569 ], [ 150.584351477465674, -35.036215268241939 ], [ 150.584369322996622, -35.036316394714582 ], [ 150.584309836461188, -35.036381829701611 ], [ 150.584309836757996, -35.036524598077214 ], [ 150.584327681868501, -35.036613827931006 ], [ 150.584309836956152, -35.036697108430211 ], [ 150.584291990045813, -35.036822030183465 ], [ 150.58429199098245, -35.036952901049126 ], [ 150.584250349980408, -35.037000490033563 ], [ 150.584226554886271, -35.037095668486437 ], [ 150.584167068521708, -35.037297922978865 ], [ 150.584113530810583, -35.037452587799628 ], [ 150.584024300843907, -35.037660790660041 ], [ 150.583923173805658, -35.037863044735616 ], [ 150.583798252377079, -35.038071247539769 ], [ 150.583720920279717, -35.03821996345917 ], [ 150.58365548491247, -35.03834488517365 ], [ 150.58357220368606, -35.038529293958547 ], [ 150.583459179519537, -35.038814829244728 ], [ 150.583399692606207, -35.038993288221782 ], [ 150.58335805151529, -35.039064672768248 ], [ 150.583322360530957, -35.039118210624139 ], [ 150.583268822711034, -35.039189594228816 ], [ 150.583221232691017, -35.039237183241269 ], [ 150.58316174617633, -35.039296669723981 ], [ 150.583096310906143, -35.039403745726915 ], [ 150.582983287371206, -35.039487026503302 ], [ 150.582900005276457, -35.039570307734643 ], [ 150.582810776196879, -35.03968928096679 ], [ 150.582733443303169, -35.039784459171997 ], [ 150.582685854014755, -35.039861791731155 ], [ 150.582602573122387, -35.039915329905803 ], [ 150.582507394947129, -35.039915330058989 ], [ 150.582388421286623, -35.03993317525412 ], [ 150.582263500245517, -35.039945072896124 ], [ 150.582138578324191, -35.04002240575123 ], [ 150.582007707896366, -35.04013542955294 ], [ 150.581936324148501, -35.040183018646687 ], [ 150.581876837078994, -35.040266300349025 ], [ 150.58182924779112, -35.040343632543809 ], [ 150.581692429046427, -35.040468554755449 ], [ 150.581579404768547, -35.040551835937102 ], [ 150.581448535086906, -35.040623219663878 ], [ 150.58133551031051, -35.040712449345826 ], [ 150.581168947904729, -35.040855217074977 ], [ 150.581067821148054, -35.04098608707767 ], [ 150.580936950928162, -35.041099111451508 ], [ 150.580859617892003, -35.041182392672404 ], [ 150.580776337240877, -35.041271622922736 ], [ 150.580710901690054, -35.041295416837826 ], [ 150.580609774672723, -35.04128946882787 ], [ 150.580562185595682, -35.041241879484836 ], [ 150.580591929010211, -35.041170495696917 ], [ 150.580675209927477, -35.041069368083591 ], [ 150.580895310078461, -35.040879011807327 ], [ 150.581026180112076, -35.040754089967777 ], [ 150.581151102280302, -35.040647013671489 ], [ 150.58132956111109, -35.040498297404746 ], [ 150.581496123727021, -35.040319837833529 ], [ 150.581603199396881, -35.040224659579415 ], [ 150.581716224318569, -35.040105686774339 ], [ 150.5818114027212, -35.040046199747273 ], [ 150.581918477610373, -35.039909380826096 ], [ 150.582037451154605, -35.039820151079567 ], [ 150.582168321013938, -35.039707127218257 ], [ 150.582364627246619, -35.039522718391567 ], [ 150.582507394867349, -35.039391848003511 ], [ 150.58261447053323, -35.039320464704133 ], [ 150.582715597168999, -35.039201491690164 ], [ 150.582804826832387, -35.039076569771005 ], [ 150.582917852084393, -35.03898733952834 ], [ 150.582995183963533, -35.038892161154791 ], [ 150.583143900890377, -35.038755342596403 ], [ 150.583203386590242, -35.038672061079083 ], [ 150.583304514361487, -35.038529293436483 ], [ 150.583369949693093, -35.038368680304437 ], [ 150.583429435571958, -35.038267553302916 ], [ 150.58354840838544, -35.0380831445827 ], [ 150.58361979257478, -35.037940377101968 ], [ 150.58368522791821, -35.037827352904188 ], [ 150.583756611585642, -35.037726225703835 ], [ 150.583845841236496, -35.037642944214753 ], [ 150.583893430321012, -35.037488279101673 ], [ 150.583935070954624, -35.037410947367484 ], [ 150.583917225058087, -35.037321717455065 ], [ 150.583976711796794, -35.037226538913721 ], [ 150.584012403808657, -35.036988593008161 ], [ 150.584012403829746, -35.036875568440685 ], [ 150.583994557650783, -35.036738749377946 ], [ 150.58398860936785, -35.036619776536689 ], [ 150.584036198678604, -35.036542443367324 ], [ 150.584036198744712, -35.036471060090719 ], [ 150.584012403832673, -35.036274753935487 ], [ 150.584012403828609, -35.036126037716052 ], [ 150.583988608787081, -35.035959475333229 ], [ 150.583982660844669, -35.035852400001609 ], [ 150.583994558146088, -35.035781016658746 ], [ 150.583976711744839, -35.035667991702041 ], [ 150.583941019620681, -35.035537121009284 ], [ 150.583887482613505, -35.035376507969396 ], [ 150.583827995924139, -35.035227791973007 ], [ 150.583786355414105, -35.035108818327856 ], [ 150.583798252738461, -35.035037434998848 ], [ 150.583744714158655, -35.034918461366409 ], [ 150.583720919589979, -35.034823283121959 ], [ 150.583667381553028, -35.034716206983155 ], [ 150.583661433723108, -35.034638874517491 ], [ 150.583595997708244, -35.034531799266752 ], [ 150.58350676797744, -35.034430671890654 ], [ 150.583459179043388, -35.03430575074519 ], [ 150.583310462749466, -35.034115393713492 ], [ 150.583179592969117, -35.033919088236289 ], [ 150.583036824624884, -35.033776320488336 ], [ 150.582935697376001, -35.033681141436695 ], [ 150.582846467530288, -35.033603809526667 ], [ 150.582745340686103, -35.033508631232316 ], [ 150.582668007935268, -35.033419400831939 ], [ 150.582602572622761, -35.033359914243206 ], [ 150.58252524052196, -35.033300428455732 ], [ 150.582441959673559, -35.033246889981093 ], [ 150.582317037474752, -35.033116019516278 ], [ 150.582180218567913, -35.03295540594825 ], [ 150.582085039976562, -35.032854278867283 ], [ 150.581918478484567, -35.03271151145001 ], [ 150.581775710984999, -35.03255089783061 ], [ 150.581722172527009, -35.032467616801078 ], [ 150.581579404853727, -35.032354592108049 ], [ 150.581454483157358, -35.032247516730735 ], [ 150.581406894118572, -35.032176132735714 ], [ 150.581335510694743, -35.032092851737723 ], [ 150.581252228580752, -35.031997672961829 ], [ 150.581174896579455, -35.031914392226597 ], [ 150.581103512483224, -35.031848956451888 ], [ 150.581020231896559, -35.031765675967968 ], [ 150.580960744816537, -35.031664548692362 ], [ 150.580895309938541, -35.031599113375513 ], [ 150.580859618367327, -35.031521780655737 ], [ 150.580835823399099, -35.031450396906287 ], [ 150.580764439199271, -35.031331423938596 ], [ 150.580710901395037, -35.031248143400369 ], [ 150.580663312306825, -35.031194605395712 ], [ 150.580568134369258, -35.031081580581862 ], [ 150.580478904197122, -35.030986402533294 ], [ 150.580461058252354, -35.030938813430666 ], [ 150.580425365993904, -35.030885275600106 ], [ 150.580490801977504, -35.030855531986347 ], [ 150.58053244235532, -35.030867429079599 ], [ 150.580574082637924, -35.030891223669002 ], [ 150.580585979988655, -35.030920966809958 ] ] ] ] } },
{ "type": "Feature", "properties": { "OBJECTID_1": 63, "OBJECTID": 74, "Zone_ID": "3", "CONDITION": "Good", "EasternPCT": "3271", "E_PCT_Name": "Shoalhaven Spotted Gum-Blackbutt Moist Forest", "VEG_CLASS": "Southern Lowland Wet Sclerophyll Forests", "BC_Act": "-", "EPBC_Act": "-", "Area_ha": 5.0330818557699999, "Area_m2": 50330.818557699997, "Comments": null, "ECMLink": null, "FSource": "Derived from field observations and aerial imagery.", "SourceDate": "2026-02-04T00:00:00Z", "PlanAccur": null, "Supplier": "Stantec Australia Pty Ltd (3045)", "Shape_Length": 972.15853070484297, "Shape_Area": 50330.818557718689 }, "geometry": { "type": "MultiPolygon", "coordinates": [ [ [ [ 150.58023500912492, -35.029326728459154 ], [ 150.580324239338978, -35.029332677115654 ], [ 150.580437263431918, -35.029314831206939 ], [ 150.580496750632932, -35.029273190355831 ], [ 150.580550288254926, -35.029195858134031 ], [ 150.580615722899296, -35.029154216875241 ], [ 150.58072279845814, -35.029053090214404 ], [ 150.580829874545714, -35.029029295513425 ], [ 150.580877463621988, -35.029094730960217 ], [ 150.580895309452018, -35.029148268765724 ], [ 150.580984539533119, -35.029160165688069 ], [ 150.581121359054436, -35.029142319578554 ], [ 150.581192742010387, -35.02910067944719 ], [ 150.581341458742571, -35.029088782037491 ], [ 150.581442586085927, -35.029076884667958 ], [ 150.581680532423405, -35.029011449702814 ], [ 150.581775709992428, -35.029017398684637 ], [ 150.581787608075416, -35.028969808762163 ], [ 150.581817351002599, -35.028922219468221 ], [ 150.581942272984946, -35.028940065739278 ], [ 150.582001758984262, -35.028987654596413 ], [ 150.582061245423773, -35.029070935992948 ], [ 150.58208504056455, -35.029112576638482 ], [ 150.582126680932191, -35.029178012010682 ], [ 150.582198064637623, -35.029231549647008 ], [ 150.582301764614016, -35.029282053497603 ], [ 150.582695782368262, -35.031257357777442 ], [ 150.582727910989547, -35.031421908606625 ], [ 150.582789827199832, -35.031739007463514 ], [ 150.582792090688741, -35.031750603032208 ], [ 150.582727495186248, -35.031795419084141 ], [ 150.582668008079793, -35.031825162586209 ], [ 150.582560932732946, -35.031819213259681 ], [ 150.582436010841548, -35.031819213816412 ], [ 150.58233488380381, -35.031854905179159 ], [ 150.582245654526531, -35.031902494982553 ], [ 150.582174270236123, -35.031902494349346 ], [ 150.582079092057029, -35.03196198103192 ], [ 150.581983913741766, -35.032021467633612 ], [ 150.581930375428612, -35.032098800435776 ], [ 150.581870888655658, -35.03208690314321 ], [ 150.581745967261242, -35.032039313835696 ], [ 150.58165078912603, -35.031938186443007 ], [ 150.581472328980453, -35.031700240859045 ], [ 150.581270074454523, -35.031521781307433 ], [ 150.581151102340868, -35.03130762948971 ], [ 150.580972642343369, -35.031176759023928 ], [ 150.580931002180506, -35.031063735026045 ], [ 150.580889360992188, -35.030962607605531 ], [ 150.580835823737232, -35.030796045442116 ], [ 150.580829874448426, -35.0306830211902 ], [ 150.580782285935783, -35.030569996580212 ], [ 150.580722798978542, -35.030445075072727 ], [ 150.580651414592808, -35.030332050796638 ], [ 150.580627620584721, -35.030195231602782 ], [ 150.580544339215294, -35.030064360748717 ], [ 150.580478904522636, -35.02990374782717 ], [ 150.580431314639412, -35.029796671816079 ], [ 150.580377777184623, -35.029695544877796 ], [ 150.580312342252739, -35.029612263900916 ], [ 150.580264752411182, -35.029534930711037 ], [ 150.580229061323564, -35.029439752455666 ], [ 150.580211214565566, -35.029404060813441 ], [ 150.580181471777934, -35.029350522628896 ], [ 150.58023500912492, -35.029326728459154 ] ] ] ] } },
{ "type": "Feature", "properties": { "OBJECTID_1": 64, "OBJECTID": 75, "Zone_ID": "3", "CONDITION": "Good", "EasternPCT": "3271", "E_PCT_Name": "Shoalhaven Spotted Gum-Blackbutt Moist Forest", "VEG_CLASS": "Southern Lowland Wet Sclerophyll Forests", "BC_Act": "-", "EPBC_Act": "-", "Area_ha": 0.59293668775999997, "Area_m2": 5929.3668776000004, "Comments": null, "ECMLink": null, "FSource": "Derived from field observations and aerial imagery.", "SourceDate": "2026-02-04T00:00:00Z", "PlanAccur": null, "Supplier": "Stantec Australia Pty Ltd (3045)", "Shape_Length": 726.11016595856336, "Shape_Area": 5929.3668775955975 }, "geometry": { "type": "MultiPolygon", "coordinates": [ [ [ [ 150.581930375428612, -35.032098800435776 ], [ 150.582001759236192, -35.032152338218751 ], [ 150.582031502138221, -35.032229671012487 ], [ 150.582132629942436, -35.032324848987479 ], [ 150.582204013877401, -35.032360541288405 ], [ 150.582269448979957, -35.032396233044352 ], [ 150.582364627108831, -35.03239028413887 ], [ 150.582436011308687, -35.032348643363115 ], [ 150.582525241039718, -35.032307003098445 ], [ 150.582608521687689, -35.032330797710181 ], [ 150.582668007851879, -35.032354592149723 ], [ 150.582727495242949, -35.032384335343203 ], [ 150.582727495129319, -35.032443822020248 ], [ 150.58266206000215, -35.032491411315071 ], [ 150.582543086092613, -35.032497360285205 ], [ 150.582447908494515, -35.032550897596771 ], [ 150.582447907846529, -35.032586590129029 ], [ 150.582489548549603, -35.032616332849585 ], [ 150.582549035122554, -35.032657973631231 ], [ 150.582608522210847, -35.03272935728176 ], [ 150.582656111494344, -35.032800741733723 ], [ 150.582733443031032, -35.032848330808591 ], [ 150.582781032997076, -35.032818587246638 ], [ 150.582822673082489, -35.032800741584147 ], [ 150.582864313518201, -35.032741254607863 ], [ 150.582864313545542, -35.032681767929439 ], [ 150.582846467559875, -35.03260443536179 ], [ 150.582798878483686, -35.032550898161517 ], [ 150.582798878349394, -35.032479513963075 ], [ 150.582798879078695, -35.032396233166239 ], [ 150.582792930446203, -35.03234864352774 ], [ 150.582786981390939, -35.032277259748767 ], [ 150.582763186733104, -35.032205876352322 ], [ 150.58276913509124, -35.032110697590241 ], [ 150.582727495039791, -35.032045262429882 ], [ 150.582727495038625, -35.031979826988909 ], [ 150.58269180284853, -35.031914392278551 ], [ 150.582668008079793, -35.031825162586209 ], [ 150.582727495186248, -35.031795419084141 ], [ 150.582792090688741, -35.031750603032208 ], [ 150.582916735489107, -35.032388963561104 ], [ 150.583267534770272, -35.033452743223329 ], [ 150.583221976206517, -35.033496562338598 ], [ 150.583179592164697, -35.033466990746454 ], [ 150.582947594587353, -35.033282581928482 ], [ 150.582816725033524, -35.033169557792256 ], [ 150.58272749504178, -35.033110071171208 ], [ 150.58264421331765, -35.032997047046528 ], [ 150.582519291558611, -35.032895919681415 ], [ 150.582447908526632, -35.032806689660092 ], [ 150.582322986656067, -35.032747203399133 ], [ 150.582257550809516, -35.032669871254129 ], [ 150.582245653774578, -35.032539000301874 ], [ 150.582263499879559, -35.032479514236286 ], [ 150.582156424693011, -35.032461667925702 ], [ 150.582073142750431, -35.032414078850643 ], [ 150.581995810038933, -35.032396233129184 ], [ 150.581954170409659, -35.032318900209575 ], [ 150.581894683305762, -35.032283208792869 ], [ 150.581870888604186, -35.032253465633367 ], [ 150.581870889399568, -35.032205876495198 ], [ 150.581864940186165, -35.032152338052761 ], [ 150.581930375428612, -35.032098800435776 ] ] ] ] } },
{ "type": "Feature", "properties": { "OBJECTID_1": 65, "OBJECTID": 76, "Zone_ID": "3", "CONDITION": "Good", "EasternPCT": "3271", "E_PCT_Name": "Shoalhaven Spotted Gum-Blackbutt Moist Forest", "VEG_CLASS": "Southern Lowland Wet Sclerophyll Forests", "BC_Act": "-", "EPBC_Act": "-", "Area_ha": 4.49077862562, "Area_m2": 44907.786256200001, "Comments": null, "ECMLink": null, "FSource": "Derived from field observations and aerial imagery.", "SourceDate": "2026-02-04T00:00:00Z", "PlanAccur": null, "Supplier": "Stantec Australia Pty Ltd (3045)", "Shape_Length": 1549.6021597150889, "Shape_Area": 44907.786256227446 }, "geometry": { "type": "MultiPolygon", "coordinates": [ [ [ [ 150.583233972147298, -35.039528433844467 ], [ 150.582216429067813, -35.041052150742722 ], [ 150.582155960089807, -35.041142700409118 ], [ 150.581956950470186, -35.041440702210387 ], [ 150.581849445095003, -35.041601680715118 ], [ 150.581802724660093, -35.041668213550132 ], [ 150.581617272126977, -35.041932314252328 ], [ 150.580808193404465, -35.043084481816031 ], [ 150.578989740369735, -35.042641163549312 ], [ 150.579033381438848, -35.042568428730355 ], [ 150.579134508775837, -35.042479199082415 ], [ 150.579211841744581, -35.042389969392488 ], [ 150.579265378555561, -35.042324533750111 ], [ 150.579378403325023, -35.042205560584847 ], [ 150.579479530901125, -35.042116331533421 ], [ 150.579580658108114, -35.042033050228611 ], [ 150.579699631119013, -35.041931922715591 ], [ 150.579818604279126, -35.041812949744276 ], [ 150.579907834069985, -35.041717771185191 ], [ 150.580014908953189, -35.041628541358172 ], [ 150.580104139272038, -35.041539311400413 ], [ 150.580193368627562, -35.041485773834246 ], [ 150.580235009035277, -35.041485773630342 ], [ 150.580336136625988, -35.041414390058733 ], [ 150.58040157183629, -35.04130136603505 ], [ 150.580562185595682, -35.041241879484836 ], [ 150.580609774672723, -35.04128946882787 ], [ 150.580710901690054, -35.041295416837826 ], [ 150.580776337240877, -35.041271622922736 ], [ 150.580859617892003, -35.041182392672404 ], [ 150.580936950928162, -35.041099111451508 ], [ 150.581067821148054, -35.04098608707767 ], [ 150.581168947904729, -35.040855217074977 ], [ 150.58133551031051, -35.040712449345826 ], [ 150.581448535086906, -35.040623219663878 ], [ 150.581579404768547, -35.040551835937102 ], [ 150.581692429046427, -35.040468554755449 ], [ 150.58182924779112, -35.040343632543809 ], [ 150.581876837078994, -35.040266300349025 ], [ 150.581936324148501, -35.040183018646687 ], [ 150.582007707896366, -35.04013542955294 ], [ 150.582138578324191, -35.04002240575123 ], [ 150.582263500245517, -35.039945072896124 ], [ 150.582388421286623, -35.03993317525412 ], [ 150.582507394947129, -35.039915330058989 ], [ 150.582602573122387, -35.039915329905803 ], [ 150.582556504479015, -35.039974195611755 ], [ 150.582647188142118, -35.039980764928806 ], [ 150.582748315179629, -35.0399212785413 ], [ 150.582784006909861, -35.039867740890386 ], [ 150.582849442421463, -35.039802305448639 ], [ 150.58293867153742, -35.039760665072841 ], [ 150.582992209623512, -35.039659537875643 ], [ 150.583105234762769, -35.039522718353659 ], [ 150.583134978047354, -35.039421591900634 ], [ 150.583224207035983, -35.039403745409359 ], [ 150.583295591327328, -35.03934425892718 ], [ 150.583353191737132, -35.039349906047832 ], [ 150.583233972147298, -35.039528433844467 ] ], [ [ 150.58182329989117, -35.041271622591438 ], [ 150.581781659457732, -35.041348955283659 ], [ 150.581817351293324, -35.041402492742662 ], [ 150.581885760351696, -35.041325160179454 ], [ 150.581903606836335, -35.041229981792299 ], [ 150.581927400564354, -35.041021779458269 ], [ 150.58193929846081, -35.040890908931779 ], [ 150.581980938424977, -35.040765987063196 ], [ 150.582082065706288, -35.040652962519736 ], [ 150.582129654908982, -35.040557783974101 ], [ 150.582206987212714, -35.040492349034942 ], [ 150.582260525591863, -35.040385273454937 ], [ 150.58230216598696, -35.040284146464778 ], [ 150.582349755829085, -35.040194916582074 ], [ 150.582364626882253, -35.040123532374437 ], [ 150.582263499522412, -35.040224659680014 ], [ 150.582144527024496, -35.040403119116462 ], [ 150.582061245399728, -35.040528040986551 ], [ 150.581983912978984, -35.040623219578542 ], [ 150.581888735131571, -35.040742192434585 ], [ 150.5818173507094, -35.040861165525932 ], [ 150.581817350604979, -35.041003932815343 ], [ 150.581817350510249, -35.041111008505602 ], [ 150.58182329989117, -35.041271622591438 ] ] ] ] } },
{ "type": "Feature", "properties": { "OBJECTID_1": 66, "OBJECTID": 44, "Zone_ID": "9", "CONDITION": "Moderate", "EasternPCT": "3654", "E_PCT_Name": "Shoalhaven Lowland Bloodwood Shrub Forest", "VEG_CLASS": "South East Dry Sclerophyll Forests", "BC_Act": "-", "EPBC_Act": "-", "Area_ha": 0.065795119005900002, "Area_m2": 657.95119005900006, "Comments": null, "ECMLink": null, "FSource": "Derived from field observations and aerial imagery.", "SourceDate": "2026-02-04T00:00:00Z", "PlanAccur": null, "Supplier": "Stantec Australia Pty Ltd (3045)", "Shape_Length": 98.636144974268376, "Shape_Area": 657.9511900591009 }, "geometry": { "type": "MultiPolygon", "coordinates": [ [ [ [ 150.58066402907545, -35.015307155737133 ], [ 150.580567729112175, -35.015346305752836 ], [ 150.580461774430773, -35.015330950737948 ], [ 150.580479620530554, -35.015211977059842 ], [ 150.580497466477681, -35.015069210101153 ], [ 150.580568850250046, -35.01503946666277 ], [ 150.580640234099036, -35.015039466126019 ], [ 150.580711618175428, -35.015093004473158 ], [ 150.580759207515314, -35.015176285331137 ], [ 150.580699721403505, -35.015253618339656 ], [ 150.58066402907545, -35.015307155737133 ] ] ] ] } },
{ "type": "Feature", "properties": { "OBJECTID_1": 67, "OBJECTID": 45, "Zone_ID": "10", "CONDITION": "Low", "EasternPCT": "3654", "E_PCT_Name": "Shoalhaven Lowland Bloodwood Shrub Forest", "VEG_CLASS": "South East Dry Sclerophyll Forests", "BC_Act": "-", "EPBC_Act": "-", "Area_ha": 0.071985567647700005, "Area_m2": 719.85567647699997, "Comments": null, "ECMLink": null, "FSource": "Derived from field observations and aerial imagery.", "SourceDate": "2026-02-04T00:00:00Z", "PlanAccur": null, "Supplier": "Stantec Australia Pty Ltd (3045)", "Shape_Length": 107.19714572865473, "Shape_Area": 719.85567647705307 }, "geometry": { "type": "MultiPolygon", "coordinates": [ [ [ [ 150.580965747612026, -35.015358425780185 ], [ 150.580828499781546, -35.015351506742846 ], [ 150.58066402907545, -35.015307155737133 ], [ 150.580699721403505, -35.015253618339656 ], [ 150.580759207515314, -35.015176285331137 ], [ 150.580818693387897, -35.015081106879364 ], [ 150.580872231956505, -35.015057312208768 ], [ 150.580949564603998, -35.015063260805263 ], [ 150.581021596850945, -35.015090642362743 ], [ 150.580965747612026, -35.015358425780185 ] ] ] ] } },
{ "type": "Feature", "properties": { "OBJECTID_1": 68, "OBJECTID": 40, "Zone_ID": "9", "CONDITION": "Moderate", "EasternPCT": "3654", "E_PCT_Name": "Shoalhaven Lowland Bloodwood Shrub Forest", "VEG_CLASS": "South East Dry Sclerophyll Forests", "BC_Act": "-", "EPBC_Act": "-", "Area_ha": 0.45030790836500001, "Area_m2": 4503.07908365, "Comments": null, "ECMLink": null, "FSource": "Derived from field observations and aerial imagery.", "SourceDate": "2026-02-04T00:00:00Z", "PlanAccur": null, "Supplier": "Stantec Australia Pty Ltd (3045)", "Shape_Length": 384.30734228084748, "Shape_Area": 4503.0790836492224 }, "geometry": { "type": "MultiPolygon", "coordinates": [ [ [ [ 150.581155388072148, -35.011411383375773 ], [ 150.581155388196493, -35.011506561937374 ], [ 150.581101849397811, -35.011577945166771 ], [ 150.581084003739761, -35.011655277632833 ], [ 150.58108400414045, -35.011690970274913 ], [ 150.581030466184131, -35.011756404711782 ], [ 150.58100072232952, -35.01183968665724 ], [ 150.581012620131617, -35.011911070290957 ], [ 150.581018568469773, -35.011994350919927 ], [ 150.580988825019716, -35.012125221237731 ], [ 150.581000723071469, -35.012220399962622 ], [ 150.580941236687437, -35.012345321534639 ], [ 150.580941236498205, -35.012440500072756 ], [ 150.580929338947584, -35.012511884253357 ], [ 150.580911493300334, -35.012636805945981 ], [ 150.580911492956886, -35.012720086934067 ], [ 150.580905543819483, -35.012779573197236 ], [ 150.580840108822542, -35.012839059482886 ], [ 150.580792520220911, -35.012850957204506 ], [ 150.58078062283019, -35.012821214063024 ], [ 150.580688190727244, -35.012813425454773 ], [ 150.580755843481143, -35.012476889202567 ], [ 150.580727784147854, -35.012449875190143 ], [ 150.580674245836462, -35.012420132707909 ], [ 150.580638554529372, -35.012420132126117 ], [ 150.580608810405636, -35.012372542789798 ], [ 150.58056528011042, -35.012347008684443 ], [ 150.58076814260113, -35.011434117128879 ], [ 150.580817013875645, -35.011438604777005 ], [ 150.580900295010935, -35.011456450516818 ], [ 150.580969862309985, -35.01141226781678 ], [ 150.581155388072148, -35.011411383375773 ] ] ] ] } },
{ "type": "Feature", "properties": { "OBJECTID_1": 69, "OBJECTID": 53, "Zone_ID": "3", "CONDITION": "Good", "EasternPCT": "3271", "E_PCT_Name": "Shoalhaven Spotted Gum-Blackbutt Moist Forest", "VEG_CLASS": "Southern Lowland Wet Sclerophyll Forests", "BC_Act": "-", "EPBC_Act": "-", "Area_ha": 1.21793102834, "Area_m2": 12179.3102834, "Comments": null, "ECMLink": null, "FSource": "Derived from field observations and aerial imagery.", "SourceDate": "2026-02-04T00:00:00Z", "PlanAccur": null, "Supplier": "Stantec Australia Pty Ltd (3045)", "Shape_Length": 959.9237557115548, "Shape_Area": 12179.31028338623 }, "geometry": { "type": "MultiPolygon", "coordinates": [ [ [ [ 150.577166101282586, -35.028148019006949 ], [ 150.578887243173199, -35.028495106811491 ], [ 150.578934831816611, -35.028548644566982 ], [ 150.578982420978122, -35.028625977337029 ], [ 150.57903595955321, -35.028804436897317 ], [ 150.579101394617254, -35.028893666389564 ], [ 150.579143035604858, -35.028965050604619 ], [ 150.579172778341643, -35.029078074780593 ], [ 150.57913708691936, -35.029143509911904 ], [ 150.579047857043861, -35.029179201679206 ], [ 150.578934832097957, -35.029185150564651 ], [ 150.578827756085786, -35.029143509976223 ], [ 150.578673091765722, -35.029107818107583 ], [ 150.578566015807212, -35.029072126047666 ], [ 150.578470837454091, -35.029030485609816 ], [ 150.578351864658288, -35.029018587927006 ], [ 150.578209097235771, -35.028976947185789 ], [ 150.578226942707005, -35.028929358325321 ], [ 150.57826858323719, -35.028899614897021 ], [ 150.578298326776746, -35.028828231504114 ], [ 150.578304274888524, -35.02878064214886 ], [ 150.578268583137401, -35.028715207118374 ], [ 150.578173404694354, -35.028661668946143 ], [ 150.578090124071053, -35.028596233702785 ], [ 150.578018739872562, -35.028584336778479 ], [ 150.57794735635008, -35.028584336432466 ], [ 150.577810536696518, -35.028614080071833 ], [ 150.577733204270402, -35.028620028534988 ], [ 150.57762612894291, -35.028620028196542 ], [ 150.57745956620596, -35.028620028561321 ], [ 150.577411977153361, -35.028572438990594 ], [ 150.577447668806826, -35.028477260624392 ], [ 150.577489310245141, -35.028477260346975 ], [ 150.577590436615907, -35.028429671846673 ], [ 150.577739153361222, -35.028423723093461 ], [ 150.577768896443331, -35.028370185183064 ], [ 150.57767371831261, -35.028352339159362 ], [ 150.577542847999496, -35.028322595701582 ], [ 150.577447669174518, -35.028322595748641 ], [ 150.57732274758871, -35.028292852788141 ], [ 150.577108595541404, -35.028227416800725 ], [ 150.576918238746515, -35.028215519554912 ], [ 150.576781420169851, -35.028209571347169 ], [ 150.576650550109662, -35.028185776594526 ], [ 150.576519679797286, -35.028167930449023 ], [ 150.576412603912928, -35.02815008458532 ], [ 150.576275784454566, -35.028161982046868 ], [ 150.576216298637149, -35.028233365489719 ], [ 150.576222247009611, -35.028328544498571 ], [ 150.57618060574012, -35.028399928461447 ], [ 150.576138965490742, -35.028435619920089 ], [ 150.57613301693641, -35.028578387354244 ], [ 150.576150863212405, -35.028661668659687 ], [ 150.576174657435388, -35.028774693597221 ], [ 150.576162760206188, -35.028846077022123 ], [ 150.576079479554267, -35.028857974188597 ], [ 150.575996197418903, -35.028857974667496 ], [ 150.57587722542138, -35.028810384781544 ], [ 150.575853430632719, -35.028762796040716 ], [ 150.575835583980734, -35.02865572058947 ], [ 150.575829635281195, -35.028572439069713 ], [ 150.575829635250045, -35.028471312107982 ], [ 150.575811789332874, -35.028388030767836 ], [ 150.57581178969815, -35.028280955060978 ], [ 150.575829635138149, -35.028167930312627 ], [ 150.575835583868013, -35.028114393265838 ], [ 150.575871275970144, -35.028037060753768 ], [ 150.575873948924169, -35.027943236772217 ], [ 150.576501732942177, -35.028044999045498 ], [ 150.576658663144201, -35.028070436089855 ], [ 150.577167089312439, -35.028152860669493 ], [ 150.577166101282586, -35.028148019006949 ] ] ] ] } },
{ "type": "Feature", "properties": { "OBJECTID_1": 70, "OBJECTID": 0, "Zone_ID": "9", "CONDITION": "Moderate", "EasternPCT": "3654", "E_PCT_Name": "Shoalhaven Lowland Bloodwood Shrub Forest", "VEG_CLASS": "South East Dry Sclerophyll Forests", "BC_Act": "-", "EPBC_Act": "-", "Area_ha": 0.16783582683500001, "Area_m2": 1678.3582683499999, "Comments": null, "ECMLink": null, "FSource": "Derived from field observations and aerial imagery.", "SourceDate": "2026-02-04T00:00:00Z", "PlanAccur": null, "Supplier": "Stantec Australia Pty Ltd (3045)", "Shape_Length": 314.78957506652301, "Shape_Area": 1678.358268354066 }, "geometry": { "type": "MultiPolygon", "coordinates": [ [ [ [ 150.58332556090059, -34.991589162175202 ], [ 150.583337491183215, -34.991539733372306 ], [ 150.58339849215352, -34.99128699374841 ], [ 150.583580098475664, -34.990461819026002 ], [ 150.583629502182703, -34.990237340088321 ], [ 150.58367831524933, -34.990308990922323 ], [ 150.583672366250227, -34.990404169439799 ], [ 150.583660469265254, -34.990463655741237 ], [ 150.583648572165913, -34.990558833896557 ], [ 150.583630726189597, -34.990659961368443 ], [ 150.583642623238148, -34.990731344917634 ], [ 150.583660469225123, -34.990761088190538 ], [ 150.583666418549797, -34.990838421080554 ], [ 150.583666418667775, -34.990933599066892 ], [ 150.583636675255349, -34.991052572169444 ], [ 150.583583137517053, -34.991159647990983 ], [ 150.583577188009286, -34.991231032210152 ], [ 150.583511753579899, -34.991314312988003 ], [ 150.583499855543607, -34.991379748032557 ], [ 150.583476060777798, -34.991457080813944 ], [ 150.583452266731683, -34.99152846481104 ], [ 150.583392780420638, -34.991558207656901 ], [ 150.58332556090059, -34.991589162175202 ] ] ] ] } },
{ "type": "Feature", "properties": { "OBJECTID_1": 71, "OBJECTID": 0, "Zone_ID": " ", "CONDITION": " ", "EasternPCT": "Planted Exotic", "E_PCT_Name": " ", "VEG_CLASS": " ", "BC_Act": "-", "EPBC_Act": "-", "Area_ha": 0.016529003376099999, "Area_m2": 165.29003376099999, "Comments": null, "ECMLink": null, "FSource": "Derived from field observations and aerial imagery.", "SourceDate": "2026-02-04T00:00:00Z", "PlanAccur": null, "Supplier": "Stantec Australia Pty Ltd (3045)", "Shape_Length": 51.878071921559972, "Shape_Area": 165.29003376104927 }, "geometry": { "type": "MultiPolygon", "coordinates": [ [ [ [ 150.585183324769162, -34.99408043623928 ], [ 150.585195222013027, -34.994044744981721 ], [ 150.585236862485488, -34.994044744361631 ], [ 150.585278502932283, -34.994044744628184 ], [ 150.585320143379988, -34.994044744880405 ], [ 150.585379629551653, -34.994068539354252 ], [ 150.585379630571282, -34.994110180024244 ], [ 150.585379629585987, -34.994139923068147 ], [ 150.585355835439543, -34.994157769194764 ], [ 150.585302297166038, -34.994157769257356 ], [ 150.585272553955775, -34.994151820795075 ], [ 150.585260656595409, -34.994128025932802 ], [ 150.585224965468626, -34.994098282908006 ], [ 150.585183324769162, -34.99408043623928 ] ] ] ] } },
{ "type": "Feature", "properties": { "OBJECTID_1": 72, "OBJECTID": 0, "Zone_ID": "9", "CONDITION": "Moderate", "EasternPCT": "3654", "E_PCT_Name": "Shoalhaven Lowland Bloodwood Shrub Forest", "VEG_CLASS": "South East Dry Sclerophyll Forests", "BC_Act": "-", "EPBC_Act": "-", "Area_ha": 0.091056882824500002, "Area_m2": 910.56882824499996, "Comments": null, "ECMLink": null, "FSource": "Derived from field observations and aerial imagery.", "SourceDate": "2026-02-04T00:00:00Z", "PlanAccur": null, "Supplier": "Stantec Australia Pty Ltd (3045)", "Shape_Length": 176.69750904405061, "Shape_Area": 910.56882824512911 }, "geometry": { "type": "MultiPolygon", "coordinates": [ [ [ [ 150.582873775617315, -34.994459145840125 ], [ 150.58288085653561, -34.994408395413856 ], [ 150.58296729349567, -34.993788927237063 ], [ 150.58317528115677, -34.993817798467333 ], [ 150.583113193597853, -34.993896027979062 ], [ 150.583107244820695, -34.993997155197484 ], [ 150.583089398329122, -34.994032847620176 ], [ 150.583071552422865, -34.994080436729035 ], [ 150.583035860714659, -34.994133974314146 ], [ 150.583018014790099, -34.994205358570504 ], [ 150.583006117464407, -34.994282691116702 ], [ 150.58300611823455, -34.994389766634008 ], [ 150.582982323548123, -34.994431407427271 ], [ 150.582934733504572, -34.994455201995542 ], [ 150.582873775617315, -34.994459145840125 ] ] ] ] } },
{ "type": "Feature", "properties": { "OBJECTID_1": 73, "OBJECTID": 0, "Zone_ID": "9", "CONDITION": "Moderate", "EasternPCT": "3654", "E_PCT_Name": "Shoalhaven Lowland Bloodwood Shrub Forest", "VEG_CLASS": "South East Dry Sclerophyll Forests", "BC_Act": "-", "EPBC_Act": "-", "Area_ha": 0.30840703172599998, "Area_m2": 3084.0703172600001, "Comments": null, "ECMLink": null, "FSource": "Derived from field observations and aerial imagery.", "SourceDate": "2026-02-04T00:00:00Z", "PlanAccur": null, "Supplier": "Stantec Australia Pty Ltd (3045)", "Shape_Length": 465.97114337654483, "Shape_Area": 3084.0703172583603 }, "geometry": { "type": "MultiPolygon", "coordinates": [ [ [ [ 150.582797121454689, -34.996388260546418 ], [ 150.58276994427996, -34.996384474719854 ], [ 150.582761150689095, -34.996383250217562 ], [ 150.582608259281557, -34.99636195025569 ], [ 150.582846679562664, -34.994653332194808 ], [ 150.582946631048145, -34.994705044745515 ], [ 150.583012066206834, -34.994770480512251 ], [ 150.58310129644309, -34.994865659109671 ], [ 150.583142936720549, -34.994942991668225 ], [ 150.583178628111085, -34.99500842623128 ], [ 150.583178628498615, -34.995038169282275 ], [ 150.583178628150364, -34.995097656262999 ], [ 150.583160782453092, -34.995109553546989 ], [ 150.583113193307923, -34.995091707573977 ], [ 150.583077501787983, -34.995067912708649 ], [ 150.583023963947596, -34.995020324155192 ], [ 150.582982322695585, -34.994966785792016 ], [ 150.582952579366008, -34.99493704250245 ], [ 150.582934734221425, -34.994937042187146 ], [ 150.582928785048551, -34.99501437511568 ], [ 150.582940682732499, -34.995127399322904 ], [ 150.582922836465286, -34.995174988388847 ], [ 150.582887144951371, -34.995246372279119 ], [ 150.58285145280982, -34.99532965372083 ], [ 150.582821709909098, -34.995359396486066 ], [ 150.58282765794695, -34.995448626910026 ], [ 150.582851452652704, -34.99554380558272 ], [ 150.582875247167237, -34.995633034557372 ], [ 150.582881195828605, -34.995686573163205 ], [ 150.582875247062134, -34.995799597011477 ], [ 150.582845503643568, -34.995870981281435 ], [ 150.582839555405457, -34.995924519060438 ], [ 150.582821709065854, -34.99602564628718 ], [ 150.582851452393641, -34.996097030223453 ], [ 150.582827657815187, -34.996204105826386 ], [ 150.582821709414105, -34.996329027243775 ], [ 150.582797121454689, -34.996388260546418 ] ] ] ] } },
{ "type": "Feature", "properties": { "OBJECTID_1": 74, "OBJECTID": 0, "Zone_ID": "7", "CONDITION": "Moderate", "EasternPCT": "3588", "E_PCT_Name": "Shoalhaven Foothills Bloodwood Heathy Forest", "VEG_CLASS": "Sydney Coastal Dry Sclerophyll Forests", "BC_Act": "-", "EPBC_Act": "-", "Area_ha": 0.030703147259800001, "Area_m2": 307.03147259799999, "Comments": null, "ECMLink": null, "FSource": "Derived from field observations and aerial imagery.", "SourceDate": "2026-02-04T00:00:00Z", "PlanAccur": null, "Supplier": "Stantec Australia Pty Ltd (3045)", "Shape_Length": 79.462567659014312, "Shape_Area": 307.03147259752689 }, "geometry": { "type": "MultiPolygon", "coordinates": [ [ [ [ 150.583141262904803, -34.997302605171711 ], [ 150.583207680675656, -34.997277732437603 ], [ 150.58322671687813, -34.997249178110344 ], [ 150.583233854710926, -34.997218245787643 ], [ 150.583226217928569, -34.997167787247506 ], [ 150.583261909358015, -34.997215376328128 ], [ 150.583303550464905, -34.997262965816169 ], [ 150.58336303690507, -34.997280811622957 ], [ 150.583380882470891, -34.997322452504569 ], [ 150.583380882787111, -34.997393836156363 ], [ 150.58335708863288, -34.997417630640875 ], [ 150.583333293562617, -34.997423579641861 ], [ 150.583279756183458, -34.997417630898163 ], [ 150.583232166227447, -34.997387887358713 ], [ 150.583184577093334, -34.997352195931946 ], [ 150.583141262904803, -34.997302605171711 ] ] ] ] } },
{ "type": "Feature", "properties": { "OBJECTID_1": 75, "OBJECTID": 0, "Zone_ID": "7", "CONDITION": "Moderate", "EasternPCT": "3588", "E_PCT_Name": "Shoalhaven Foothills Bloodwood Heathy Forest", "VEG_CLASS": "Sydney Coastal Dry Sclerophyll Forests", "BC_Act": "-", "EPBC_Act": "-", "Area_ha": 0.080319440402799994, "Area_m2": 803.19440402800001, "Comments": null, "ECMLink": null, "FSource": "Derived from field observations and aerial imagery.", "SourceDate": "2026-02-04T00:00:00Z", "PlanAccur": null, "Supplier": "Stantec Australia Pty Ltd (3045)", "Shape_Length": 113.32440641617359, "Shape_Area": 803.19440402782323 }, "geometry": { "type": "MultiPolygon", "coordinates": [ [ [ [ 150.584882802182449, -34.998022472158844 ], [ 150.584927532841931, -34.998000598673549 ], [ 150.584939430069454, -34.998000598406279 ], [ 150.584963224498182, -34.998000598769188 ], [ 150.585010813383036, -34.998000598580042 ], [ 150.58507030015042, -34.997994650217194 ], [ 150.585123837634967, -34.997994650293521 ], [ 150.585159529740366, -34.998000598228245 ], [ 150.585213067621027, -34.998036290109226 ], [ 150.585290400208635, -34.998060085594034 ], [ 150.585314195320109, -34.998113623206265 ], [ 150.585355835458216, -34.998155263208105 ], [ 150.585326092317501, -34.998214750517903 ], [ 150.585260656783248, -34.998220698699022 ], [ 150.585129786992212, -34.99822069920436 ], [ 150.585100043021299, -34.998208801868188 ], [ 150.585064351125055, -34.998190955438531 ], [ 150.585004865148505, -34.998179058345102 ], [ 150.584909686945565, -34.998143365952906 ], [ 150.584885891511249, -34.998113623416472 ], [ 150.584885891958919, -34.998071982803523 ], [ 150.584882802182449, -34.998022472158844 ] ] ] ] } },
{ "type": "Feature", "properties": { "OBJECTID_1": 76, "OBJECTID": 0, "Zone_ID": "7", "CONDITION": "Moderate", "EasternPCT": "3588", "E_PCT_Name": "Shoalhaven Foothills Bloodwood Heathy Forest", "VEG_CLASS": "Sydney Coastal Dry Sclerophyll Forests", "BC_Act": "-", "EPBC_Act": "-", "Area_ha": 0.109528599702, "Area_m2": 1095.28599702, "Comments": null, "ECMLink": null, "FSource": "Derived from field observations and aerial imagery.", "SourceDate": "2026-02-04T00:00:00Z", "PlanAccur": null, "Supplier": "Stantec Australia Pty Ltd (3045)", "Shape_Length": 130.75645343073762, "Shape_Area": 1095.2859970185627 }, "geometry": { "type": "MultiPolygon", "coordinates": [ [ [ [ 150.58537368101608, -34.999850629304426 ], [ 150.585361784612815, -34.999850629625179 ], [ 150.585320143201869, -34.999832783843409 ], [ 150.585266605608354, -34.999832783826754 ], [ 150.585177375408676, -34.999814937364697 ], [ 150.585105992404579, -34.999779245435896 ], [ 150.585052454294953, -34.999755451064736 ], [ 150.585052454025316, -34.999672169830468 ], [ 150.585105992466367, -34.999654323592146 ], [ 150.585135735684503, -34.999648375457447 ], [ 150.585183324777262, -34.999606734608221 ], [ 150.585236862343095, -34.999547248577223 ], [ 150.58530824658618, -34.999541299833666 ], [ 150.585379629717892, -34.999565094067272 ], [ 150.585445065665482, -34.999565094641973 ], [ 150.5854926544053, -34.999594837321816 ], [ 150.585546192785358, -34.999636477871178 ], [ 150.585575936091658, -34.999690015714549 ], [ 150.585564038724499, -34.999749502121077 ], [ 150.585492654966714, -34.999779246175969 ], [ 150.585397475796213, -34.999803040194294 ], [ 150.58537368101608, -34.999850629304426 ] ] ] ] } },
{ "type": "Feature", "properties": { "OBJECTID_1": 77, "OBJECTID": 0, "Zone_ID": "7", "CONDITION": "Moderate", "EasternPCT": "3588", "E_PCT_Name": "Shoalhaven Foothills Bloodwood Heathy Forest", "VEG_CLASS": "Sydney Coastal Dry Sclerophyll Forests", "BC_Act": "-", "EPBC_Act": "-", "Area_ha": 0.0124946489613, "Area_m2": 124.946489613, "Comments": null, "ECMLink": null, "FSource": "Derived from field observations and aerial imagery.", "SourceDate": "2026-02-04T00:00:00Z", "PlanAccur": null, "Supplier": "Stantec Australia Pty Ltd (3045)", "Shape_Length": 42.697457068278737, "Shape_Area": 124.94648961261088 }, "geometry": { "type": "MultiPolygon", "coordinates": [ [ [ [ 150.584356461601345, -34.999136791563544 ], [ 150.584320769488642, -34.999118944907643 ], [ 150.584320769871169, -34.999089201879841 ], [ 150.584320770277827, -34.999023767029307 ], [ 150.584338615628553, -34.998994023225578 ], [ 150.584374307706241, -34.99899402351214 ], [ 150.584409999805359, -34.999011869249934 ], [ 150.584421897169392, -34.999047561764819 ], [ 150.584427845524999, -34.999095150600922 ], [ 150.584392154113942, -34.99912489427988 ], [ 150.584356461601345, -34.999136791563544 ] ] ] ] } },
{ "type": "Feature", "properties": { "OBJECTID_1": 78, "OBJECTID": 0, "Zone_ID": "7", "CONDITION": "Moderate", "EasternPCT": "3588", "E_PCT_Name": "Shoalhaven Foothills Bloodwood Heathy Forest", "VEG_CLASS": "Sydney Coastal Dry Sclerophyll Forests", "BC_Act": "-", "EPBC_Act": "-", "Area_ha": 0.070842709349699995, "Area_m2": 708.42709349699999, "Comments": null, "ECMLink": null, "FSource": "Derived from field observations and aerial imagery.", "SourceDate": "2026-02-04T00:00:00Z", "PlanAccur": null, "Supplier": "Stantec Australia Pty Ltd (3045)", "Shape_Length": 109.84513846551101, "Shape_Area": 708.42709349714062 }, "geometry": { "type": "MultiPolygon", "coordinates": [ [ [ [ 150.581944508891837, -35.001101274904777 ], [ 150.581945698399409, -35.001093654170617 ], [ 150.581995246397355, -35.000776234444785 ], [ 150.582186987409926, -35.000799798790062 ], [ 150.582185203752431, -35.000873798049476 ], [ 150.582179254912887, -35.000939233296542 ], [ 150.582179254897284, -35.001004668102311 ], [ 150.58217925507094, -35.001076051693829 ], [ 150.582155460927197, -35.001111743466097 ], [ 150.582113819873683, -35.00113553807018 ], [ 150.582066231008895, -35.001123641321762 ], [ 150.581988897841057, -35.001105795222507 ], [ 150.581944508891837, -35.001101274904777 ] ] ] ] } },
{ "type": "Feature", "properties": { "OBJECTID_1": 79, "OBJECTID": 0, "Zone_ID": "9", "CONDITION": "Moderate", "EasternPCT": "3654", "E_PCT_Name": "Shoalhaven Lowland Bloodwood Shrub Forest", "VEG_CLASS": "South East Dry Sclerophyll Forests", "BC_Act": "-", "EPBC_Act": "-", "Area_ha": 0.49985386300599999, "Area_m2": 4998.5386300600003, "Comments": null, "ECMLink": null, "FSource": "Derived from field observations and aerial imagery.", "SourceDate": "2026-02-04T00:00:00Z", "PlanAccur": null, "Supplier": "Stantec Australia Pty Ltd (3045)", "Shape_Length": 352.8155687757536, "Shape_Area": 4998.538630062626 }, "geometry": { "type": "MultiPolygon", "coordinates": [ [ [ [ 150.5800810506679, -35.014525973138809 ], [ 150.580091277520381, -35.014567595877566 ], [ 150.580091277484684, -35.014579493413876 ], [ 150.580091278361976, -35.014668723155474 ], [ 150.580055585861714, -35.014740106676442 ], [ 150.580049637005686, -35.014781747467545 ], [ 150.580026688276718, -35.014846050893581 ], [ 150.579924715753492, -35.014829337030797 ], [ 150.579859280849433, -35.014829336846546 ], [ 150.579811691035616, -35.014829336592555 ], [ 150.579752204845107, -35.014829336946342 ], [ 150.579639180317088, -35.01480554218179 ], [ 150.57957374549764, -35.014799593077761 ], [ 150.57947856717729, -35.014781746952657 ], [ 150.579347696763449, -35.014746055255578 ], [ 150.579276312171572, -35.014740107155092 ], [ 150.579115699177123, -35.014722261120561 ], [ 150.578996726290342, -35.014698466041196 ], [ 150.578842061278976, -35.014668722734626 ], [ 150.578752831650689, -35.014668722987331 ], [ 150.578651703759903, -35.014656825221486 ], [ 150.578580320415483, -35.01465087673818 ], [ 150.57849754801444, -35.014631704439829 ], [ 150.578558850448871, -35.01433523746114 ], [ 150.5800810506679, -35.014525973138809 ] ] ] ] } },
{ "type": "Feature", "properties": { "OBJECTID_1": 80, "OBJECTID": 0, "Zone_ID": "9", "CONDITION": "Moderate", "EasternPCT": "3654", "E_PCT_Name": "Shoalhaven Lowland Bloodwood Shrub Forest", "VEG_CLASS": "South East Dry Sclerophyll Forests", "BC_Act": "-", "EPBC_Act": "-", "Area_ha": 0.95341776908099996, "Area_m2": 9534.1776908100001, "Comments": null, "ECMLink": null, "FSource": "Derived from field observations and aerial imagery.", "SourceDate": "2026-02-04T00:00:00Z", "PlanAccur": null, "Supplier": "Stantec Australia Pty Ltd (3045)", "Shape_Length": 527.49048636652913, "Shape_Area": 9534.1776908050742 }, "geometry": { "type": "MultiPolygon", "coordinates": [ [ [ [ 150.579910977334777, -35.01688841273603 ], [ 150.579760299570495, -35.016913870134708 ], [ 150.579609352804624, -35.016899537632327 ], [ 150.579529721698378, -35.01685352986842 ], [ 150.579627195605354, -35.016349559328795 ], [ 150.57948616612029, -35.015852163712225 ], [ 150.579420382826328, -35.015620152623008 ], [ 150.579529481614657, -35.015641333454724 ], [ 150.579527108609113, -35.015488455349917 ], [ 150.579457141040479, -35.015294605427506 ], [ 150.579432637733049, -35.01519222929295 ], [ 150.579516486084628, -35.015148619177296 ], [ 150.579750111572054, -35.015158941105504 ], [ 150.579846377831217, -35.015160861816604 ], [ 150.579944646192445, -35.015094897905151 ], [ 150.579988585240216, -35.015064301668595 ], [ 150.580194989986836, -35.015093000516096 ], [ 150.580235546791613, -35.01509863961811 ], [ 150.580239009382524, -35.015099120660913 ], [ 150.580111362614076, -35.015694455613485 ], [ 150.580085328815585, -35.015697839589819 ], [ 150.580049637032602, -35.015727583534378 ], [ 150.580049636981357, -35.015745428934416 ], [ 150.580092364176295, -35.015783058408154 ], [ 150.579983707170555, -35.016289790171804 ], [ 150.580010351830538, -35.016293494908261 ], [ 150.580037724353929, -35.016297301602151 ], [ 150.579910977334777, -35.01688841273603 ] ] ] ] } },
{ "type": "Feature", "properties": { "OBJECTID_1": 81, "OBJECTID": 0, "Zone_ID": "5", "CONDITION": "Good", "EasternPCT": "3273", "E_PCT_Name": "South Coast Lowland Shrub-Grass Forest", "VEG_CLASS": "Southern Lowland Wet Sclerophyll Forests", "BC_Act": " ", "EPBC_Act": " ", "Area_ha": 1.35146849792, "Area_m2": 13514.684979199999, "Comments": null, "ECMLink": null, "FSource": "Derived from field observations and aerial imagery.", "SourceDate": "2026-02-04T00:00:00Z", "PlanAccur": null, "Supplier": "Stantec Australia Pty Ltd (3045)", "Shape_Length": 651.40996082146341, "Shape_Area": 13514.684979199266 }, "geometry": { "type": "MultiPolygon", "coordinates": [ [ [ [ 150.573999857507999, -35.022479303935164 ], [ 150.573856411179463, -35.022320657396953 ], [ 150.57378978627014, -35.022263550283789 ], [ 150.573704124985113, -35.022215961293099 ], [ 150.573523286438785, -35.022196925019706 ], [ 150.573256787087075, -35.022225479219898 ], [ 150.573056912307806, -35.022225478880856 ], [ 150.572942698077355, -35.022206443382522 ], [ 150.572733305529653, -35.022111264947732 ], [ 150.572657162761942, -35.022092229333722 ], [ 150.572476323118451, -35.022111264753057 ], [ 150.572400181144559, -35.02206367517082 ], [ 150.572333584533368, -35.021978495403538 ], [ 150.575065506295573, -35.021821746612737 ], [ 150.575416005793414, -35.02180163305465 ], [ 150.575385893309942, -35.02193797598256 ], [ 150.575362099580047, -35.022039103350245 ], [ 150.575332355738681, -35.022152128267571 ], [ 150.575314509960151, -35.022271100894649 ], [ 150.575314509717316, -35.02239007418769 ], [ 150.575266920948735, -35.022473354645378 ], [ 150.575165793259828, -35.022503098683487 ], [ 150.575094410282304, -35.022509047333799 ], [ 150.574910001724106, -35.022503098590342 ], [ 150.574791028914632, -35.022509046571869 ], [ 150.574630414851669, -35.022509046860293 ], [ 150.574547133478347, -35.022526892752943 ], [ 150.574434109223176, -35.022526893393398 ], [ 150.574303239355743, -35.022526893108122 ], [ 150.574148573679992, -35.022497149862573 ], [ 150.573999857507999, -35.022479303935164 ] ] ] ] } },
{ "type": "Feature", "properties": { "OBJECTID_1": 82, "OBJECTID": 0, "Zone_ID": "3", "CONDITION": "Good", "EasternPCT": "3271", "E_PCT_Name": "Shoalhaven Spotted Gum-Blackbutt Moist Forest", "VEG_CLASS": "Southern Lowland Wet Sclerophyll Forests", "BC_Act": "-", "EPBC_Act": "-", "Area_ha": 0.201590283101, "Area_m2": 2015.90283101, "Comments": null, "ECMLink": null, "FSource": "Derived from field observations and aerial imagery.", "SourceDate": "2026-02-04T00:00:00Z", "PlanAccur": null, "Supplier": "Stantec Australia Pty Ltd (3045)", "Shape_Length": 559.77594589306636, "Shape_Area": 2015.9028310134192 }, "geometry": { "type": "MultiPolygon", "coordinates": [ [ [ [ 150.572225806665443, -35.022662150901141 ], [ 150.572331261217244, -35.022617610102074 ], [ 150.5724383364674, -35.022593815449682 ], [ 150.572598949602934, -35.02258191784842 ], [ 150.572771460935911, -35.022528379797798 ], [ 150.57290828003363, -35.022528379991869 ], [ 150.573080791504793, -35.022528380260049 ], [ 150.57317596899469, -35.022516482370321 ], [ 150.573324685527979, -35.022516483058929 ], [ 150.573532888887513, -35.022534329075462 ], [ 150.573752988655428, -35.022540277218873 ], [ 150.573860064621527, -35.022528379719304 ], [ 150.573955242806392, -35.022546225894061 ], [ 150.57408611294619, -35.022570020672127 ], [ 150.574258624247307, -35.022587866421638 ], [ 150.574454929754125, -35.022587866435245 ], [ 150.574651235033144, -35.022605712387467 ], [ 150.57482374628583, -35.022581917859156 ], [ 150.574907027476002, -35.022581918035293 ], [ 150.575037898146434, -35.02258786644019 ], [ 150.575156870793364, -35.022570020705665 ], [ 150.575186614485233, -35.022593815398039 ], [ 150.575175766698294, -35.022648049600569 ], [ 150.575083348038419, -35.022640530818002 ], [ 150.574745183810279, -35.022642329766484 ], [ 150.574371003786069, -35.022630560757555 ], [ 150.574132115795891, -35.022617228180657 ], [ 150.573908698263807, -35.022608476615581 ], [ 150.573737272452178, -35.022600769198341 ], [ 150.573446144631106, -35.022594943334525 ], [ 150.57312345196047, -35.022601328330843 ], [ 150.57282624788877, -35.022625331390344 ], [ 150.572559716526769, -35.022667067267932 ], [ 150.57224564276396, -35.022733529094147 ], [ 150.572237338133249, -35.02273580222289 ], [ 150.572236036788297, -35.022727486326858 ], [ 150.572225806665443, -35.022662150901141 ] ] ] ] } },
{ "type": "Feature", "properties": { "OBJECTID_1": 83, "OBJECTID": 0, "Zone_ID": "7", "CONDITION": "Moderate", "EasternPCT": "3588", "E_PCT_Name": "Shoalhaven Foothills Bloodwood Heathy Forest", "VEG_CLASS": "Sydney Coastal Dry Sclerophyll Forests", "BC_Act": "-", "EPBC_Act": "-", "Area_ha": 0.099169302012200006, "Area_m2": 991.69302012200001, "Comments": null, "ECMLink": null, "FSource": "Derived from field observations and aerial imagery.", "SourceDate": "2026-02-04T00:00:00Z", "PlanAccur": null, "Supplier": "Stantec Australia Pty Ltd (3045)", "Shape_Length": 152.34179233661567, "Shape_Area": 991.69302012188882 }, "geometry": { "type": "MultiPolygon", "coordinates": [ [ [ [ 150.57955530417027, -35.028483278881787 ], [ 150.579608842222825, -35.028459484090796 ], [ 150.579704020373498, -35.028447586623926 ], [ 150.579799199098176, -35.028465432877425 ], [ 150.579864634047283, -35.028459483662758 ], [ 150.579888428793794, -35.028441638040405 ], [ 150.579918172066698, -35.028429740876454 ], [ 150.579953863605311, -35.028441638432767 ], [ 150.579971710575478, -35.028518970513339 ], [ 150.580019299573536, -35.028518970853234 ], [ 150.58007878600182, -35.02850707306483 ], [ 150.58016206742829, -35.028542765004346 ], [ 150.580197758983672, -35.028560611248054 ], [ 150.580191809941738, -35.028596303187705 ], [ 150.580126374769407, -35.028614149185877 ], [ 150.579989556453228, -35.028596303470813 ], [ 150.579924121152175, -35.028620098113109 ], [ 150.579858685814855, -35.028643892718435 ], [ 150.579828941890668, -35.028691481491556 ], [ 150.579805148151422, -35.028709327119977 ], [ 150.579769456290478, -35.028709327926528 ], [ 150.579686175212601, -35.028655789455144 ], [ 150.579668328322782, -35.028649840616062 ], [ 150.579614791156388, -35.028620097541783 ], [ 150.579590995985711, -35.028596302705665 ], [ 150.579555304884963, -35.028560610926895 ], [ 150.579555304116354, -35.028542765543762 ], [ 150.57955530417027, -35.028483278881787 ] ] ] ] } },
{ "type": "Feature", "properties": { "OBJECTID_1": 84, "OBJECTID": 0, "Zone_ID": "4", "CONDITION": "Low", "EasternPCT": "3271", "E_PCT_Name": "Shoalhaven Spotted Gum-Blackbutt Moist Forest", "VEG_CLASS": "Southern Lowland Wet Sclerophyll Forests", "BC_Act": "-", "EPBC_Act": "-", "Area_ha": 0.79941552530799997, "Area_m2": 7994.15525308, "Comments": null, "ECMLink": null, "FSource": "Derived from field observations and aerial imagery.", "SourceDate": "2026-02-04T00:00:00Z", "PlanAccur": null, "Supplier": "Stantec Australia Pty Ltd (3045)", "Shape_Length": 528.50006571029542, "Shape_Area": 7994.1552530799927 }, "geometry": { "type": "MultiPolygon", "coordinates": [ [ [ [ 150.578353653961187, -35.041112549178308 ], [ 150.578371522890905, -35.041189600570299 ], [ 150.578419111664687, -35.041213394862517 ], [ 150.578526188002201, -35.04124313858442 ], [ 150.578603520466402, -35.041260983949151 ], [ 150.578668955569185, -35.041290727175415 ], [ 150.578752236023774, -35.041350214338401 ], [ 150.578829568382048, -35.041403752029268 ], [ 150.57894259273391, -35.041457290139483 ], [ 150.578987558332727, -35.041451804652198 ], [ 150.578971793968435, -35.04155921006376 ], [ 150.578967749015362, -35.041586776229622 ], [ 150.578877158033833, -35.041558416749616 ], [ 150.578805774389963, -35.041522725105509 ], [ 150.578692750047509, -35.04146918686817 ], [ 150.578597571364469, -35.041439443782473 ], [ 150.578490495679716, -35.041439443853818 ], [ 150.578347727437546, -35.041504879373299 ], [ 150.57825849824772, -35.041552468615571 ], [ 150.578258498381018, -35.041647646718253 ], [ 150.578312035634582, -35.041701184582251 ], [ 150.578365573742559, -35.041736876208738 ], [ 150.578478598276462, -35.041736876960933 ], [ 150.578579725251672, -35.041724979624064 ], [ 150.578674903736356, -35.041713081514267 ], [ 150.578781979822793, -35.041683338473462 ], [ 150.578895003649279, -35.041641698508727 ], [ 150.578958951549083, -35.04164671815446 ], [ 150.578937012816283, -35.041796194992692 ], [ 150.578751572261865, -35.042010819135214 ], [ 150.578719911683521, -35.042047461481012 ], [ 150.578605496191955, -35.042179880391778 ], [ 150.577753445683499, -35.041934568003903 ], [ 150.577922059006681, -35.041076887203658 ], [ 150.578353653961187, -35.041112549178308 ] ] ] ] } },
{ "type": "Feature", "properties": { "OBJECTID_1": 85, "OBJECTID": 0, "Zone_ID": "7", "CONDITION": "Moderate", "EasternPCT": "3588", "E_PCT_Name": "Shoalhaven Foothills Bloodwood Heathy Forest", "VEG_CLASS": "Sydney Coastal Dry Sclerophyll Forests", "BC_Act": "-", "EPBC_Act": "-", "Area_ha": 0.191925730637, "Area_m2": 1919.2573063699999, "Comments": null, "ECMLink": null, "FSource": "Derived from field observations and aerial imagery.", "SourceDate": "2026-02-04T00:00:00Z", "PlanAccur": null, "Supplier": "Stantec Australia Pty Ltd (3045)", "Shape_Length": 215.95420526377526, "Shape_Area": 1919.2573063677105 }, "geometry": { "type": "MultiPolygon", "coordinates": [ [ [ [ 150.582300673671512, -35.015218518747055 ], [ 150.582294096370305, -35.015254448979057 ], [ 150.582264261692359, -35.015417420742601 ], [ 150.581516315119728, -35.015331786062809 ], [ 150.581620577567151, -35.015243601064064 ], [ 150.581525398498485, -35.015243601021588 ], [ 150.581430220986675, -35.015196011676757 ], [ 150.581401667400513, -35.015129386577783 ], [ 150.581477809967311, -35.015119869007982 ], [ 150.581763345336356, -35.015100832731399 ], [ 150.581972737934535, -35.015138904774439 ], [ 150.582182130553861, -35.015167457884857 ], [ 150.582300673671512, -35.015218518747055 ] ] ] ] } },
{ "type": "Feature", "properties": { "OBJECTID_1": 86, "OBJECTID": 0, "Zone_ID": "5", "CONDITION": "Good", "EasternPCT": "3273", "E_PCT_Name": "South Coast Lowland Shrub-Grass Forest", "VEG_CLASS": "Southern Lowland Wet Sclerophyll Forests", "BC_Act": " ", "EPBC_Act": " ", "Area_ha": 0.55616673462300004, "Area_m2": 5561.6673462299996, "Comments": null, "ECMLink": null, "FSource": "Derived from field observations and aerial imagery.", "SourceDate": "2026-02-04T00:00:00Z", "PlanAccur": null, "Supplier": "Stantec Australia Pty Ltd (3045)", "Shape_Length": 423.24541572719312, "Shape_Area": 5561.6673462259441 }, "geometry": { "type": "MultiPolygon", "coordinates": [ [ [ [ 150.573999857507999, -35.022479303935164 ], [ 150.573815450077575, -35.022449560342316 ], [ 150.573702425002892, -35.022473355295524 ], [ 150.573541811597522, -35.022467406303576 ], [ 150.573404993074575, -35.022449560582913 ], [ 150.573268174101145, -35.022449560053943 ], [ 150.57309566277965, -35.022449560059201 ], [ 150.57295289453171, -35.022449560027937 ], [ 150.572792281679511, -35.022461458111117 ], [ 150.572655462525347, -35.022485252790787 ], [ 150.572619770094263, -35.022497149937571 ], [ 150.572512695124004, -35.022509047258758 ], [ 150.572369927166932, -35.022526892795014 ], [ 150.5723223377083, -35.022544738466813 ], [ 150.572207667763053, -35.022546287958079 ], [ 150.572202006765309, -35.022510126966885 ], [ 150.572120691266122, -35.021990708298922 ], [ 150.572317332171622, -35.021979427645107 ], [ 150.572333584533368, -35.021978495403538 ], [ 150.572400181144559, -35.02206367517082 ], [ 150.572476323118451, -35.022111264753057 ], [ 150.572657162761942, -35.022092229333722 ], [ 150.572733305529653, -35.022111264947732 ], [ 150.572942698077355, -35.022206443382522 ], [ 150.573056912307806, -35.022225478880856 ], [ 150.573256787087075, -35.022225479219898 ], [ 150.573523286438785, -35.022196925019706 ], [ 150.573704124985113, -35.022215961293099 ], [ 150.57378978627014, -35.022263550283789 ], [ 150.573856411179463, -35.022320657396953 ], [ 150.573999857507999, -35.022479303935164 ] ] ] ] } },
{ "type": "Feature", "properties": { "OBJECTID_1": 87, "OBJECTID": 22, "Zone_ID": " ", "CONDITION": " ", "EasternPCT": "Planted Exotic", "E_PCT_Name": " ", "VEG_CLASS": " ", "BC_Act": "-", "EPBC_Act": "-", "Area_ha": 0.124600298442, "Area_m2": 1246.0029844200001, "Comments": null, "ECMLink": null, "FSource": "Derived from field observations and aerial imagery.", "SourceDate": "2026-02-04T00:00:00Z", "PlanAccur": null, "Supplier": "Stantec Australia Pty Ltd (3045)", "Shape_Length": 151.4812823480915, "Shape_Area": 1246.0029844163309 }, "geometry": { "type": "MultiPolygon", "coordinates": [ [ [ [ 150.585230913624144, -34.994722891087342 ], [ 150.585125526182196, -34.994704345410831 ], [ 150.585066039893718, -34.994638910160717 ], [ 150.585042245605479, -34.994597269197939 ], [ 150.585042245031616, -34.994513987899523 ], [ 150.585073406643858, -34.994395423138108 ], [ 150.585111940728069, -34.994365971953933 ], [ 150.585147632997376, -34.994365971974538 ], [ 150.585189272941079, -34.994342177095042 ], [ 150.585195222107501, -34.994294587965904 ], [ 150.585195221587497, -34.994229153039839 ], [ 150.58523686254145, -34.994205358161913 ], [ 150.585296349049287, -34.994246999063087 ], [ 150.585320143574336, -34.994276742397645 ], [ 150.58533204105936, -34.99433028031924 ], [ 150.585343938557912, -34.994383818239875 ], [ 150.585379629847779, -34.994413561235184 ], [ 150.585427165938313, -34.994428445743367 ], [ 150.585385101440011, -34.994624218081142 ], [ 150.585343938593098, -34.994627712428262 ], [ 150.585272554059486, -34.994645558864846 ], [ 150.585266605550913, -34.994687199216649 ], [ 150.585230913624144, -34.994722891087342 ] ] ] ] } },
{ "type": "Feature", "properties": { "OBJECTID_1": 88, "OBJECTID": 0, "Zone_ID": " ", "CONDITION": " ", "EasternPCT": "Planted Exotic", "E_PCT_Name": " ", "VEG_CLASS": " ", "BC_Act": "-", "EPBC_Act": "-", "Area_ha": 0.0144802983306, "Area_m2": 144.80298330599999, "Comments": null, "ECMLink": null, "FSource": "Derived from field observations and aerial imagery.", "SourceDate": "2026-02-04T00:00:00Z", "PlanAccur": null, "Supplier": "Stantec Australia Pty Ltd (3045)", "Shape_Length": 55.379842155872559, "Shape_Area": 144.80298330619803 }, "geometry": { "type": "MultiPolygon", "coordinates": [ [ [ [ 150.583226217928569, -34.997167787247506 ], [ 150.583233854710926, -34.997218245787643 ], [ 150.58322671687813, -34.997249178110344 ], [ 150.583207680675656, -34.997277732437603 ], [ 150.58314126295781, -34.997302603369853 ], [ 150.58314433143633, -34.99726353988293 ], [ 150.583157706330041, -34.997093356744593 ], [ 150.583214320933308, -34.997102352496256 ], [ 150.58322621837965, -34.997132095434118 ], [ 150.583226217928569, -34.997167787247506 ] ] ] ] } },
{ "type": "Feature", "properties": { "OBJECTID_1": 89, "OBJECTID": 45, "Zone_ID": " ", "CONDITION": " ", "EasternPCT": "Planted Exotic", "E_PCT_Name": " ", "VEG_CLASS": " ", "BC_Act": "-", "EPBC_Act": "-", "Area_ha": 0.049728096194299999, "Area_m2": 497.28096194300002, "Comments": null, "ECMLink": null, "FSource": "Derived from field observations and aerial imagery.", "SourceDate": "2026-02-04T00:00:00Z", "PlanAccur": null, "Supplier": "Stantec Australia Pty Ltd (3045)", "Shape_Length": 101.62428800342205, "Shape_Area": 497.28096194334614 }, "geometry": { "type": "MultiPolygon", "coordinates": [ [ [ [ 150.580944810647196, -35.016956812575877 ], [ 150.580859150197028, -35.017080544875448 ], [ 150.580840113983811, -35.017175723214706 ], [ 150.580754454133199, -35.017270901537628 ], [ 150.580735417418907, -35.017270901371212 ], [ 150.580705774241181, -35.017266309436963 ], [ 150.580697944537121, -35.017217615694591 ], [ 150.580703893271334, -35.017158128577755 ], [ 150.580709841967746, -35.017098642360679 ], [ 150.580733636211932, -35.017033207224046 ], [ 150.580733636058795, -35.016991566749887 ], [ 150.580739584755975, -35.016941003229952 ], [ 150.580751482458567, -35.016920182303394 ], [ 150.580790148527996, -35.016920182725578 ], [ 150.580828814624709, -35.0169201822345 ], [ 150.580858557960795, -35.016929105870489 ], [ 150.580944810647196, -35.016956812575877 ] ] ] ] } },
{ "type": "Feature", "properties": { "OBJECTID_1": 90, "OBJECTID": 45, "Zone_ID": "7", "CONDITION": "Moderate", "EasternPCT": "3588", "E_PCT_Name": "Shoalhaven Foothills Bloodwood Heathy Forest", "VEG_CLASS": "Sydney Coastal Dry Sclerophyll Forests", "BC_Act": "-", "EPBC_Act": "-", "Area_ha": 0.32083132362700001, "Area_m2": 3208.3132362699998, "Comments": null, "ECMLink": null, "FSource": "Derived from field observations and aerial imagery.", "SourceDate": "2026-02-04T00:00:00Z", "PlanAccur": null, "Supplier": "Stantec Australia Pty Ltd (3045)", "Shape_Length": 437.2277846003912, "Shape_Area": 3208.3132362664182 }, "geometry": { "type": "MultiPolygon", "coordinates": [ [ [ [ 150.580739584755975, -35.016941003229952 ], [ 150.580777607189646, -35.016714044293813 ], [ 150.580814632908783, -35.016592892046582 ], [ 150.580843958579834, -35.016408674770254 ], [ 150.580842308162488, -35.016302479014136 ], [ 150.580897947282352, -35.016036215896804 ], [ 150.58101516001156, -35.015464488670716 ], [ 150.581053463808956, -35.015313348413542 ], [ 150.581078060814406, -35.015300708175012 ], [ 150.581135167700012, -35.015329261421968 ], [ 150.581173238351795, -35.015357814563949 ], [ 150.581211309904774, -35.015472029452404 ], [ 150.581173239280048, -35.015557689268768 ], [ 150.581087578408784, -35.015662385541091 ], [ 150.58108757815765, -35.015757564038665 ], [ 150.581087578316129, -35.015900331793389 ], [ 150.581039989308266, -35.016081171351459 ], [ 150.581011435122434, -35.016214420817015 ], [ 150.58101143530277, -35.016385742468806 ], [ 150.581001917968109, -35.016585616627715 ], [ 150.581001917963448, -35.016737902028488 ], [ 150.581030471500412, -35.01677597330432 ], [ 150.581106613530096, -35.016775973660671 ], [ 150.58114468573001, -35.016785491513225 ], [ 150.581217451671591, -35.016820974655168 ], [ 150.581187329502995, -35.016971068309388 ], [ 150.581106614005023, -35.016966330646227 ], [ 150.581039988465932, -35.016966330759381 ], [ 150.580944810647196, -35.016956812575877 ], [ 150.580858557960795, -35.016929105870489 ], [ 150.580828814624709, -35.0169201822345 ], [ 150.580790148527996, -35.016920182725578 ], [ 150.580751482458567, -35.016920182303394 ], [ 150.580739584755975, -35.016941003229952 ] ] ] ] } },
{ "type": "Feature", "properties": { "OBJECTID_1": 91, "OBJECTID": 0, "Zone_ID": "9", "CONDITION": "Moderate", "EasternPCT": "3654", "E_PCT_Name": "Shoalhaven Lowland Bloodwood Shrub Forest", "VEG_CLASS": "South East Dry Sclerophyll Forests", "BC_Act": "-", "EPBC_Act": "-", "Area_ha": 0.47590962099799999, "Area_m2": 4759.0962099799999, "Comments": null, "ECMLink": null, "FSource": "Derived from field observations and aerial imagery.", "SourceDate": "2026-02-04T00:00:00Z", "PlanAccur": null, "Supplier": "Stantec Australia Pty Ltd (3045)", "Shape_Length": 433.50402463042809, "Shape_Area": 4759.0962099799426 }, "geometry": { "type": "MultiPolygon", "coordinates": [ [ [ [ 150.579988585240216, -35.015064301668595 ], [ 150.579944646192445, -35.015094897905151 ], [ 150.579846377831217, -35.015160861816604 ], [ 150.579750111572054, -35.015158941105504 ], [ 150.579516486084628, -35.015148619177296 ], [ 150.579432637733049, -35.01519222929295 ], [ 150.579457141040479, -35.015294605427506 ], [ 150.579527108609113, -35.015488455349917 ], [ 150.579529481614657, -35.015641333454724 ], [ 150.579420382826328, -35.015620152623008 ], [ 150.579307388321155, -35.015221630903874 ], [ 150.578399037476402, -35.015108117250108 ], [ 150.578449756267901, -35.014862833381052 ], [ 150.578457844807247, -35.014823718935993 ], [ 150.578464887982108, -35.014789657966524 ], [ 150.578627909873404, -35.014823388079947 ], [ 150.578966983177082, -35.014870977099697 ], [ 150.579097852775277, -35.014888822891841 ], [ 150.579246569702207, -35.014906669539116 ], [ 150.57943692671256, -35.014930463654821 ], [ 150.579621333984107, -35.014954258650477 ], [ 150.579722461425661, -35.014954258072301 ], [ 150.579823588767823, -35.014966155844753 ], [ 150.579998988742091, -35.014985806814892 ], [ 150.579983568713629, -35.015063603915067 ], [ 150.579988585240216, -35.015064301668595 ] ] ] ] } },
{ "type": "Feature", "properties": { "OBJECTID_1": 92, "OBJECTID": 0, "Zone_ID": "9", "CONDITION": "Moderate", "EasternPCT": "3654", "E_PCT_Name": "Shoalhaven Lowland Bloodwood Shrub Forest", "VEG_CLASS": "South East Dry Sclerophyll Forests", "BC_Act": "-", "EPBC_Act": "-", "Area_ha": 0.23259726509699999, "Area_m2": 2325.9726509699999, "Comments": null, "ECMLink": null, "FSource": "Derived from field observations and aerial imagery.", "SourceDate": "2026-02-04T00:00:00Z", "PlanAccur": null, "Supplier": "Stantec Australia Pty Ltd (3045)", "Shape_Length": 209.51677359925532, "Shape_Area": 2325.9726509728744 }, "geometry": { "type": "MultiPolygon", "coordinates": [ [ [ [ 150.579910977334777, -35.01688841273603 ], [ 150.579910069077528, -35.016892645922965 ], [ 150.579812648674448, -35.017348258667369 ], [ 150.57978273572428, -35.01748818665488 ], [ 150.579704615651821, -35.017518127798027 ], [ 150.579615385233581, -35.017506230173851 ], [ 150.579532104771488, -35.017500281888488 ], [ 150.579496412490812, -35.017488384275588 ], [ 150.57940955152867, -35.017474839931708 ], [ 150.579529721698378, -35.01685352986842 ], [ 150.579609352804624, -35.016899537632327 ], [ 150.579760299570495, -35.016913870134708 ], [ 150.579910977334777, -35.01688841273603 ] ] ] ] } },
{ "type": "Feature", "properties": { "OBJECTID_1": 93, "OBJECTID": 19, "Zone_ID": "10", "CONDITION": "Low", "EasternPCT": "3654", "E_PCT_Name": "Shoalhaven Lowland Bloodwood Shrub Forest", "VEG_CLASS": "South East Dry Sclerophyll Forests", "BC_Act": "-", "EPBC_Act": "-", "Area_ha": 0.36541056342, "Area_m2": 3654.1056342000002, "Comments": null, "ECMLink": null, "FSource": "Derived from field observations and aerial imagery.", "SourceDate": "2026-02-04T00:00:00Z", "PlanAccur": null, "Supplier": "Stantec Australia Pty Ltd (3045)", "Shape_Length": 745.15712183277401, "Shape_Area": 3654.1056342004017 }, "geometry": { "type": "MultiPolygon", "coordinates": [ [ [ [ 150.58470308537801, -34.994332067137194 ], [ 150.584643578095722, -34.994284620078311 ], [ 150.58459074402262, -34.994209983223072 ], [ 150.584606323124319, -34.994148028917991 ], [ 150.584649731097812, -34.99407530704994 ], [ 150.584666141610569, -34.99398506677359 ], [ 150.584697297379734, -34.993861158084592 ], [ 150.584701288382774, -34.993725387092418 ], [ 150.58472407310137, -34.993652254654535 ], [ 150.584734273162724, -34.993539249445007 ], [ 150.584743642865362, -34.993454529316217 ], [ 150.584782836536732, -34.993291157429539 ], [ 150.584800742127101, -34.993150003071982 ], [ 150.584810444245591, -34.993053968902089 ], [ 150.584840934294135, -34.992952687288245 ], [ 150.584873088061158, -34.992794835547073 ], [ 150.584916105284151, -34.992501349551958 ], [ 150.585018274334345, -34.992067530046825 ], [ 150.585087956966959, -34.991802876286634 ], [ 150.585142560826682, -34.991583206769789 ], [ 150.58519666457417, -34.991380507335634 ], [ 150.585244227459214, -34.991166357947336 ], [ 150.585280756812949, -34.991082950795708 ], [ 150.585268881249846, -34.991189831539643 ], [ 150.585256983786252, -34.991314752946948 ], [ 150.585227240775453, -34.99143967438053 ], [ 150.58517965084954, -34.991576493387832 ], [ 150.5851737019224, -34.99169546717706 ], [ 150.585173702351625, -34.991772799712663 ], [ 150.585114215586742, -34.991921515685839 ], [ 150.585126112815118, -34.992034539770096 ], [ 150.585126113420188, -34.992129718687401 ], [ 150.58515585699962, -34.992236793976538 ], [ 150.585132061493027, -34.992302229498641 ], [ 150.585114215702873, -34.992373613229056 ], [ 150.585078523982958, -34.992486637607442 ], [ 150.585072575631557, -34.992558021033823 ], [ 150.585078524345306, -34.992623456266372 ], [ 150.585036883765895, -34.992730532426158 ], [ 150.585048780483476, -34.992807864635843 ], [ 150.585024986029225, -34.992891145626473 ], [ 150.584989294126302, -34.992992273274574 ], [ 150.584953602155082, -34.993093400006096 ], [ 150.584941705073419, -34.993206424657366 ], [ 150.584923859300886, -34.99328375713678 ], [ 150.58484652613302, -34.993372986747886 ], [ 150.584852475361458, -34.993432473199263 ], [ 150.584858423598519, -34.993539549070441 ], [ 150.584834629714322, -34.993652573079686 ], [ 150.584870321347893, -34.993694213809569 ], [ 150.584840577509709, -34.993753700147124 ], [ 150.584781091237943, -34.993801290020642 ], [ 150.584792988586457, -34.993842930402515 ], [ 150.584804886265886, -34.993920262642199 ], [ 150.58479298821058, -34.994009492972715 ], [ 150.584751347574496, -34.994116568089204 ], [ 150.584697809851349, -34.99418795249796 ], [ 150.584703759400156, -34.994253387747293 ], [ 150.584703759241961, -34.994330720235148 ], [ 150.58470308537801, -34.994332067137194 ] ] ] ] } },
{ "type": "Feature", "properties": { "OBJECTID_1": 94, "OBJECTID": 0, "Zone_ID": "8", "CONDITION": "Low", "EasternPCT": "3588", "E_PCT_Name": "Shoalhaven Foothills Bloodwood Heathy Forest", "VEG_CLASS": "Sydney Coastal Dry Sclerophyll Forests", "BC_Act": "-", "EPBC_Act": "-", "Area_ha": 0.176866243408, "Area_m2": 1768.6624340799999, "Comments": null, "ECMLink": null, "FSource": "Derived from field observations and aerial imagery.", "SourceDate": "2026-02-04T00:00:00Z", "PlanAccur": null, "Supplier": "Stantec Australia Pty Ltd (3045)", "Shape_Length": 269.91714473471455, "Shape_Area": 1768.6634884055297 }, "geometry": { "type": "MultiPolygon", "coordinates": [ [ [ [ 150.581443727084235, -35.004509357863192 ], [ 150.581832467473731, -35.004563632698634 ], [ 150.581993232769634, -35.00434693595426 ], [ 150.582066703943923, -35.00416600290778 ], [ 150.581978205988747, -35.004583980042888 ], [ 150.581979984888619, -35.004581386821705 ], [ 150.581903893348397, -35.00494586028281 ], [ 150.581898704664553, -35.004970715770725 ], [ 150.581846010224922, -35.004961464801561 ], [ 150.581812496234647, -35.004942100355912 ], [ 150.581784384537485, -35.00493219179571 ], [ 150.581759112071495, -35.004922339824418 ], [ 150.581734667845581, -35.00492305692697 ], [ 150.581685005264859, -35.004916438208767 ], [ 150.581637035347711, -35.004910044323417 ], [ 150.581595001119382, -35.004904441239461 ], [ 150.581545015545032, -35.004897779065388 ], [ 150.581500693915928, -35.004891871628502 ], [ 150.581471567176607, -35.004875694696096 ], [ 150.581484556970338, -35.004832559755378 ], [ 150.581532755896518, -35.004787716195374 ], [ 150.581568746550062, -35.004759503800344 ], [ 150.581610733772067, -35.004726589888769 ], [ 150.581620369894438, -35.004697853011628 ], [ 150.58161286204674, -35.004654309444078 ], [ 150.581561927873452, -35.004593024729076 ], [ 150.581489786811375, -35.004555425150677 ], [ 150.581443727084235, -35.004509357863192 ] ] ] ] } },
{ "type": "Feature", "properties": { "OBJECTID_1": 95, "OBJECTID": 0, "Zone_ID": "8", "CONDITION": "Low", "EasternPCT": "3588", "E_PCT_Name": "Shoalhaven Foothills Bloodwood Heathy Forest", "VEG_CLASS": "Sydney Coastal Dry Sclerophyll Forests", "BC_Act": "-", "EPBC_Act": "-", "Area_ha": 0.51651680553500001, "Area_m2": 5165.16805535, "Comments": null, "ECMLink": null, "FSource": "Derived from field observations and aerial imagery.", "SourceDate": "2026-02-04T00:00:00Z", "PlanAccur": null, "Supplier": "Stantec Australia Pty Ltd (3045)", "Shape_Length": 287.8394676497677, "Shape_Area": 5165.1623356932632 }, "geometry": { "type": "MultiPolygon", "coordinates": [ [ [ [ 150.579984164981511, -35.001670154977447 ], [ 150.580101172399139, -35.001660974450829 ], [ 150.580165163982173, -35.001674022174349 ], [ 150.580215724618824, -35.001657373599556 ], [ 150.580246052136886, -35.001599121720062 ], [ 150.580289290759765, -35.001588212752146 ], [ 150.580346480185, -35.001589353359449 ], [ 150.580417447173687, -35.001608425744529 ], [ 150.580522944800549, -35.001669386465828 ], [ 150.580572292584549, -35.001693913291781 ], [ 150.580684939135068, -35.001755016441848 ], [ 150.580725752364373, -35.001826458432603 ], [ 150.580774753821771, -35.001862749626895 ], [ 150.580773021399892, -35.001921571852158 ], [ 150.580771462215921, -35.001974511854336 ], [ 150.580769383297593, -35.002045098523105 ], [ 150.580711500546613, -35.002067486990548 ], [ 150.580638800558944, -35.002107236977579 ], [ 150.580595041928035, -35.002135792724587 ], [ 150.580551110007121, -35.002170230675716 ], [ 150.580528277724255, -35.002216860750472 ], [ 150.580541882148424, -35.002240674765886 ], [ 150.580547298276741, -35.002299639542464 ], [ 150.580521695026391, -35.002375326320745 ], [ 150.579862830642128, -35.002287316267257 ], [ 150.579936030029444, -35.001916306660767 ], [ 150.579984164981511, -35.001670154977447 ] ] ] ] } },
{ "type": "Feature", "properties": { "OBJECTID_1": 96, "OBJECTID": 0, "Zone_ID": "7", "CONDITION": "Moderate", "EasternPCT": "3588", "E_PCT_Name": "Shoalhaven Foothills Bloodwood Heathy Forest", "VEG_CLASS": "Sydney Coastal Dry Sclerophyll Forests", "BC_Act": "-", "EPBC_Act": "-", "Area_ha": 0.10569840482200001, "Area_m2": 1056.98404822, "Comments": null, "ECMLink": null, "FSource": "Derived from field observations and aerial imagery.", "SourceDate": "2026-02-04T00:00:00Z", "PlanAccur": null, "Supplier": "Stantec Australia Pty Ltd (3045)", "Shape_Length": 345.79816947442851, "Shape_Area": 1056.9847763580833 }, "geometry": { "type": "MultiPolygon", "coordinates": [ [ [ [ 150.581952429429293, -35.001050594523292 ], [ 150.581943191908806, -35.001101130564003 ], [ 150.581942341099449, -35.001106400711883 ], [ 150.580935624056707, -35.0009669974106 ], [ 150.580810097707115, -35.000949614846711 ], [ 150.580143124245211, -35.000857250311689 ], [ 150.580154317728699, -35.000800005061045 ], [ 150.580813700338553, -35.000891901748631 ], [ 150.581224261764589, -35.000949119388274 ], [ 150.581951379789729, -35.001050449200697 ], [ 150.581952429429293, -35.001050594523292 ] ] ] ] } },
{ "type": "Feature", "properties": { "OBJECTID_1": 97, "OBJECTID": 0, "Zone_ID": "9", "CONDITION": "Moderate", "EasternPCT": "3654", "E_PCT_Name": "Shoalhaven Lowland Bloodwood Shrub Forest", "VEG_CLASS": "South East Dry Sclerophyll Forests", "BC_Act": "-", "EPBC_Act": "-", "Area_ha": 0.29746273677399998, "Area_m2": 2974.62736774, "Comments": null, "ECMLink": null, "FSource": "Derived from field observations and aerial imagery.", "SourceDate": "2026-02-04T00:00:00Z", "PlanAccur": null, "Supplier": "Stantec Australia Pty Ltd (3045)", "Shape_Length": 929.15104463898251, "Shape_Area": 2974.6283262568659 }, "geometry": { "type": "MultiPolygon", "coordinates": [ [ [ [ 150.582775876086714, -35.006939582816294 ], [ 150.582766339004394, -35.00693823079488 ], [ 150.582766351757442, -35.006938169749255 ], [ 150.582775876086714, -35.006939582816294 ] ] ], [ [ [ 150.582766339004394, -35.00693823079488 ], [ 150.582713676859896, -35.007184194147399 ], [ 150.582708720336683, -35.007207343306987 ], [ 150.582613168379879, -35.007653623247357 ], [ 150.582582106849202, -35.007798271109628 ], [ 150.582713481578395, -35.007896799609242 ], [ 150.582735463903703, -35.007913867886423 ], [ 150.582921270186205, -35.008051865207172 ], [ 150.582970802856579, -35.008088652054411 ], [ 150.584173579810624, -35.008739647240674 ], [ 150.584205169560079, -35.008756745222783 ], [ 150.584437048612557, -35.008882245759608 ], [ 150.584571111816246, -35.008928655253762 ], [ 150.585899150277413, -35.009394122328175 ], [ 150.585860368364905, -35.009443427048602 ], [ 150.585829161805378, -35.009434480065238 ], [ 150.585782590323419, -35.009423909349039 ], [ 150.585751015598248, -35.009401584459269 ], [ 150.585701445208855, -35.009393365454059 ], [ 150.585637445835971, -35.009377626787661 ], [ 150.585567943415384, -35.009349725045148 ], [ 150.585516082550043, -35.00931976386925 ], [ 150.585449438562023, -35.009294329475686 ], [ 150.585374291567064, -35.009259082805286 ], [ 150.585333861950517, -35.009238992079567 ], [ 150.585296005112554, -35.00923100606753 ], [ 150.585205791669267, -35.009209924332289 ], [ 150.585156504862368, -35.009192067760203 ], [ 150.585066363470816, -35.009168575932819 ], [ 150.585014432064611, -35.009141023665848 ], [ 150.584947716419691, -35.009117998999308 ], [ 150.584877718460149, -35.009106962464436 ], [ 150.584828716351808, -35.009079467536495 ], [ 150.584756640711049, -35.00903946059406 ], [ 150.584695711602166, -35.009018961521512 ], [ 150.584646566772932, -35.008996285626601 ], [ 150.584568350605849, -35.008965799304868 ], [ 150.584480995966828, -35.008947184483205 ], [ 150.584419925273778, -35.008931503499873 ], [ 150.584343929674333, -35.008925169179605 ], [ 150.584304137282714, -35.00888339340235 ], [ 150.584238414369025, -35.008826636302942 ], [ 150.584186341703543, -35.00880390282267 ], [ 150.584142558207276, -35.008798208953081 ], [ 150.58406984524467, -35.008779885422534 ], [ 150.584052558231292, -35.008769898156793 ], [ 150.583980057973179, -35.008744346341558 ], [ 150.583916626564303, -35.008709332113803 ], [ 150.583879762523765, -35.008667615426347 ], [ 150.583822259325217, -35.008630307797944 ], [ 150.583770612254597, -35.008593117684967 ], [ 150.583718256313091, -35.008580021355662 ], [ 150.583674471882972, -35.008574327301226 ], [ 150.583628611222338, -35.008539662907452 ], [ 150.583577035186806, -35.008500063607471 ], [ 150.583527890996038, -35.008477387282532 ], [ 150.583458106518094, -35.008459121726851 ], [ 150.583403318976309, -35.00842910137024 ], [ 150.58336067015864, -35.008384857871455 ], [ 150.583320169503196, -35.00836717559686 ], [ 150.583285524947854, -35.008349609971937 ], [ 150.583236169308719, -35.008334161786088 ], [ 150.583184097251035, -35.008311427897688 ], [ 150.583167732244846, -35.008270118489357 ], [ 150.583150800004006, -35.008248083755028 ], [ 150.583095587258981, -35.008232519725638 ], [ 150.583031660263487, -35.008214370629055 ], [ 150.582976730143116, -35.008189168287714 ], [ 150.582924729186175, -35.008164024284248 ], [ 150.58286772316788, -35.008109851569685 ], [ 150.582821862019102, -35.008075186870926 ], [ 150.582767145912101, -35.008042756235419 ], [ 150.582703857407324, -35.008002923195463 ], [ 150.582658209155085, -35.007961030213082 ], [ 150.582611569133292, -35.007952868358302 ], [ 150.582585497307889, -35.007942705833678 ], [ 150.582571849015039, -35.007908682953108 ], [ 150.582546415536257, -35.007876835743133 ], [ 150.58254155240175, -35.00784298882725 ], [ 150.58254988334491, -35.007774104308801 ], [ 150.582563741789386, -35.007703320568623 ], [ 150.582583127008888, -35.007604309357362 ], [ 150.582583607267907, -35.007604371212636 ], [ 150.582713737162067, -35.006949424582437 ], [ 150.582714764155838, -35.006933926297336 ], [ 150.582714961349154, -35.006930949076278 ], [ 150.582766339004394, -35.00693823079488 ] ] ] ] } },
{ "type": "Feature", "properties": { "OBJECTID_1": 98, "OBJECTID": 0, "Zone_ID": "9", "CONDITION": "Moderate", "EasternPCT": "3654", "E_PCT_Name": "Shoalhaven Lowland Bloodwood Shrub Forest", "VEG_CLASS": "South East Dry Sclerophyll Forests", "BC_Act": "-", "EPBC_Act": "-", "Area_ha": 0.16266344345299999, "Area_m2": 1626.6344345299999, "Comments": null, "ECMLink": null, "FSource": "Derived from field observations and aerial imagery.", "SourceDate": "2026-02-04T00:00:00Z", "PlanAccur": null, "Supplier": "Stantec Australia Pty Ltd (3045)", "Shape_Length": 878.24870935280455, "Shape_Area": 1626.6357192304461 }, "geometry": { "type": "MultiPolygon", "coordinates": [ [ [ [ 150.585777567548689, -35.009548693228396 ], [ 150.58433250755786, -35.009042791386875 ], [ 150.583971996569943, -35.008845852308419 ], [ 150.583939772611359, -35.00882848832272 ], [ 150.583908831072591, -35.008811815152534 ], [ 150.582834787417312, -35.00823305141769 ], [ 150.582808861214573, -35.008211683907135 ], [ 150.58250918710641, -35.007993731639601 ], [ 150.582503810597359, -35.008019717444888 ], [ 150.582347862092064, -35.008776528674176 ], [ 150.582508208840324, -35.007990712064299 ], [ 150.582557937183793, -35.007983140005337 ], [ 150.582572436579113, -35.00798824998401 ], [ 150.582612865935062, -35.008008342504539 ], [ 150.582644439244234, -35.008030668159698 ], [ 150.582687938520564, -35.008045999884963 ], [ 150.582716441985042, -35.008073086295369 ], [ 150.582741946525999, -35.008102523464409 ], [ 150.582773519880476, -35.008124849989471 ], [ 150.582802305970205, -35.008142299024357 ], [ 150.58283631209801, -35.008181548560351 ], [ 150.582859242151613, -35.00819888089913 ], [ 150.582887674791266, -35.008228377282833 ], [ 150.582931103314763, -35.008246118035323 ], [ 150.58297439004798, -35.008268676990802 ], [ 150.58301196253646, -35.008286301038481 ], [ 150.583061177389794, -35.008306567552751 ], [ 150.583098394260332, -35.008336238900505 ], [ 150.583144964752307, -35.008346809709373 ], [ 150.583179324555942, -35.008374012689259 ], [ 150.583207970093724, -35.008396280775507 ], [ 150.58326582849628, -35.008421540450719 ], [ 150.583314972575721, -35.008444216877756 ], [ 150.58335533038354, -35.008466717352597 ], [ 150.583377836308898, -35.008498506081111 ], [ 150.583438622859859, -35.00852382490865 ], [ 150.583481768077348, -35.008551202813976 ], [ 150.583533840346803, -35.008573937484201 ], [ 150.583577269228755, -35.008591677116513 ], [ 150.583623485449692, -35.008614295100976 ], [ 150.583666630778566, -35.008641672944592 ], [ 150.583738705484819, -35.008681681402514 ], [ 150.583755496204617, -35.008708534283642 ], [ 150.583815998387877, -35.008743490252144 ], [ 150.583888427708843, -35.008771451273702 ], [ 150.583935140346966, -35.008777202670849 ], [ 150.58397878205966, -35.008787714835293 ], [ 150.584016496764946, -35.008800520367672 ], [ 150.58405706869371, -35.008815792411745 ], [ 150.584082501951826, -35.008847639314212 ], [ 150.5841285767182, -35.00887507533821 ], [ 150.584183435703977, -35.008902686277153 ], [ 150.58422107962673, -35.008917900859977 ], [ 150.584270649547165, -35.008926120453339 ], [ 150.58429894011951, -35.008960434733901 ], [ 150.584339441290581, -35.008978116700447 ], [ 150.584388656908743, -35.008998382703957 ], [ 150.58441758651071, -35.009011012277995 ], [ 150.58445215961342, -35.009030987589277 ], [ 150.584489591060873, -35.009053429426679 ], [ 150.584538594153912, -35.009080923607407 ], [ 150.584567878137534, -35.00908150668959 ], [ 150.584623375198362, -35.009087433635031 ], [ 150.58465487859911, -35.009112168814639 ], [ 150.584689310117511, -35.009136961384314 ], [ 150.58472130960223, -35.009144830964651 ], [ 150.58475645085278, -35.009145530619357 ], [ 150.584812089708578, -35.009146638356114 ], [ 150.584864517060851, -35.009157325121812 ], [ 150.584908017384294, -35.009172656089106 ], [ 150.584956878971525, -35.009204969233899 ], [ 150.585020878086112, -35.009220707348241 ], [ 150.585084736578011, -35.009241265478011 ], [ 150.585136809785723, -35.009263998592324 ], [ 150.585177452985931, -35.009276862066741 ], [ 150.585244238575399, -35.009297477479862 ], [ 150.585293171240693, -35.009327380483384 ], [ 150.585354171579155, -35.009345470157385 ], [ 150.585388815925342, -35.009363035201858 ], [ 150.585429034176684, -35.009390354173163 ], [ 150.585452177661864, -35.009400457814891 ], [ 150.585513532287251, -35.009406500946504 ], [ 150.585589033661336, -35.009429701071319 ], [ 150.585646609134329, -35.009464596997645 ], [ 150.585695683708593, -35.009489681621503 ], [ 150.585733115694381, -35.009512123996714 ], [ 150.585777567548689, -35.009548693228396 ] ] ] ] } },
{ "type": "Feature", "properties": { "OBJECTID_1": 99, "OBJECTID": 0, "Zone_ID": "9", "CONDITION": "Moderate", "EasternPCT": "3654", "E_PCT_Name": "Shoalhaven Lowland Bloodwood Shrub Forest", "VEG_CLASS": "South East Dry Sclerophyll Forests", "BC_Act": "-", "EPBC_Act": "-", "Area_ha": 0.101613486756, "Area_m2": 1016.13486756, "Comments": null, "ECMLink": null, "FSource": "Derived from field observations and aerial imagery.", "SourceDate": "2026-02-04T00:00:00Z", "PlanAccur": null, "Supplier": "Stantec Australia Pty Ltd (3045)", "Shape_Length": 215.35680897198341, "Shape_Area": 1016.1348675432628 }, "geometry": { "type": "MultiPolygon", "coordinates": [ [ [ [ 150.579434626643348, -35.015670390635975 ], [ 150.57948616612029, -35.015852163712225 ], [ 150.579562669152409, -35.016121983360577 ], [ 150.57959095870595, -35.016221755862574 ], [ 150.579627195605354, -35.016349559328795 ], [ 150.579584316581958, -35.016571259155647 ], [ 150.579481389948853, -35.016260529329294 ], [ 150.57946664820642, -35.016216026422178 ], [ 150.579326245104852, -35.016196450130458 ], [ 150.579434626643348, -35.015670390635975 ] ] ] ] } },
{ "type": "Feature", "properties": { "OBJECTID_1": 100, "OBJECTID": 0, "Zone_ID": "5", "CONDITION": "Good", "EasternPCT": "3273", "E_PCT_Name": "South Coast Lowland Shrub-Grass Forest", "VEG_CLASS": "Southern Lowland Wet Sclerophyll Forests", "BC_Act": "-", "EPBC_Act": "-", "Area_ha": 0.024838461822500001, "Area_m2": 248.384618225, "Comments": null, "ECMLink": null, "FSource": "Derived from field observations and aerial imagery.", "SourceDate": "2026-02-04T00:00:00Z", "PlanAccur": null, "Supplier": "Stantec Australia Pty Ltd (3045)", "Shape_Length": 109.01566364792207, "Shape_Area": 248.38461230250738 }, "geometry": { "type": "MultiPolygon", "coordinates": [ [ [ [ 150.578974093131905, -35.018843966406145 ], [ 150.579083406453577, -35.0188600929812 ], [ 150.578888787687987, -35.019280023787232 ], [ 150.578924231534472, -35.019098845512119 ], [ 150.578974093131905, -35.018843966406145 ] ] ] ] } },
{ "type": "Feature", "properties": { "OBJECTID_1": 101, "OBJECTID": 5, "Zone_ID": "6", "CONDITION": "Moderate", "EasternPCT": "3330", "E_PCT_Name": "South Coast Lowland Woollybutt Grassy Forest", "VEG_CLASS": "Coastal Valley Grassy Woodland", "BC_Act": "E - Illawarra Lowlands Grassy Woodland in the Sydney Basin Bioregion", "EPBC_Act": "CE - Illawarra and south coast lowland forest and woodland ecological community", "Area_ha": 0.4535488892, "Area_m2": 4535.488892, "Comments": null, "ECMLink": null, "FSource": "Derived from field observations and aerial imagery.", "SourceDate": "2026-02-04T00:00:00Z", "PlanAccur": null, "Supplier": "Stantec Australia Pty Ltd (3045)", "Shape_Length": 552.78620352915948, "Shape_Area": 4535.4892980699433 }, "geometry": { "type": "MultiPolygon", "coordinates": [ [ [ [ 150.585958209290766, -34.986473229246506 ], [ 150.585947590932875, -34.986519359868289 ], [ 150.585861391618181, -34.98689373640611 ], [ 150.585726434596012, -34.987040762066691 ], [ 150.58566762505265, -34.987339234214495 ], [ 150.585445208042728, -34.987308910333368 ], [ 150.585399751031588, -34.987257772301852 ], [ 150.585358110744949, -34.987204233866564 ], [ 150.585358110978149, -34.987126901292562 ], [ 150.585328367250924, -34.987043620302025 ], [ 150.585340264453492, -34.986996031375384 ], [ 150.585387854243265, -34.986978185428484 ], [ 150.585435442714356, -34.986984133730097 ], [ 150.585524673233977, -34.987025774946225 ], [ 150.585554416261374, -34.987085260683102 ], [ 150.585548467874531, -34.987156645102736 ], [ 150.585548467598784, -34.987192336988954 ], [ 150.585596057047013, -34.9872339771415 ], [ 150.58566744085158, -34.987233977644642 ], [ 150.585697184313403, -34.987156644584964 ], [ 150.585667440955575, -34.98704362058379 ], [ 150.585637697293919, -34.986990082757998 ], [ 150.585596057220783, -34.986900852513024 ], [ 150.585548467030037, -34.986835418052792 ], [ 150.585506827226993, -34.986734290185993 ], [ 150.585483032154798, -34.986674803796554 ], [ 150.585459237416273, -34.986645060503697 ], [ 150.58541164902195, -34.986651009814899 ], [ 150.585358110193283, -34.986651009091581 ], [ 150.585304572555657, -34.986585574284305 ], [ 150.585274829283776, -34.986532036382222 ], [ 150.585209394279588, -34.986496344058686 ], [ 150.58516775430104, -34.986454704068393 ], [ 150.585090421371547, -34.986442806286838 ], [ 150.585066626374754, -34.986490395495515 ], [ 150.585060677971455, -34.986537984694188 ], [ 150.585019037391163, -34.986543934129429 ], [ 150.584953602099944, -34.986573676644461 ], [ 150.58495360197341, -34.986656958016852 ], [ 150.584989293668229, -34.986692649891957 ], [ 150.585042831717004, -34.986752136945057 ], [ 150.585084472236389, -34.986799725787677 ], [ 150.585060678046517, -34.986859212603513 ], [ 150.585013088763986, -34.986841366543835 ], [ 150.584947653643695, -34.98680567407532 ], [ 150.584906012849558, -34.986781879473249 ], [ 150.58487032087487, -34.986728342075281 ], [ 150.584852474697982, -34.986662907081922 ], [ 150.584864372963978, -34.986526088053509 ], [ 150.584876270272048, -34.986448755183126 ], [ 150.584888167174427, -34.986395217496231 ], [ 150.584894116115009, -34.986353577116247 ], [ 150.584904243778823, -34.986312981771675 ], [ 150.585061131734449, -34.986334431944385 ], [ 150.585061190663595, -34.986334439427445 ], [ 150.585736781156243, -34.986426804630675 ], [ 150.585848846025414, -34.986440181781916 ], [ 150.585845280816642, -34.986457218046645 ], [ 150.585958209290766, -34.986473229246506 ] ] ] ] } },
{ "type": "Feature", "properties": { "OBJECTID_1": 102, "OBJECTID": 10, "Zone_ID": "7", "CONDITION": "Moderate", "EasternPCT": "3588", "E_PCT_Name": "Shoalhaven Foothills Bloodwood Heathy Forest", "VEG_CLASS": "Sydney Coastal Dry Sclerophyll Forests", "BC_Act": "-", "EPBC_Act": "-", "Area_ha": 0.0179574114303, "Area_m2": 179.57411430299999, "Comments": null, "ECMLink": null, "FSource": "Derived from field observations and aerial imagery.", "SourceDate": "2026-02-04T00:00:00Z", "PlanAccur": null, "Supplier": "Stantec Australia Pty Ltd (3045)", "Shape_Length": 55.999234253085334, "Shape_Area": 179.57406082254857 }, "geometry": { "type": "MultiPolygon", "coordinates": [ [ [ [ 150.585324306309928, -34.987917637827138 ], [ 150.585299917218691, -34.988014216426336 ], [ 150.58529267557833, -34.988013251079721 ], [ 150.585233189208793, -34.988001353325529 ], [ 150.585191548818955, -34.987935918136792 ], [ 150.585167753352067, -34.987858586193063 ], [ 150.585197496936757, -34.987828842760734 ], [ 150.585256983798359, -34.987834791741925 ], [ 150.585280778395912, -34.987900226056951 ], [ 150.585324306309928, -34.987917637827138 ] ] ] ] } },
{ "type": "Feature", "properties": { "OBJECTID_1": 103, "OBJECTID": 15, "Zone_ID": "6", "CONDITION": "Moderate", "EasternPCT": "3330", "E_PCT_Name": "South Coast Lowland Woollybutt Grassy Forest", "VEG_CLASS": "Coastal Valley Grassy Woodland", "BC_Act": "E - Illawarra Lowlands Grassy Woodland in the Sydney Basin Bioregion", "EPBC_Act": "CE - Illawarra and south coast lowland forest and woodland ecological community", "Area_ha": 0.041732005688599999, "Area_m2": 417.32005688599997, "Comments": null, "ECMLink": null, "FSource": "Derived from field observations and aerial imagery.", "SourceDate": "2026-02-04T00:00:00Z", "PlanAccur": null, "Supplier": "Stantec Australia Pty Ltd (3045)", "Shape_Length": 78.987649976234167, "Shape_Area": 417.31996871304648 }, "geometry": { "type": "MultiPolygon", "coordinates": [ [ [ [ 150.586522201502703, -34.988686542510642 ], [ 150.586552523475831, -34.988544407782321 ], [ 150.586607327492089, -34.988560527107701 ], [ 150.586696557812843, -34.988542681303976 ], [ 150.586750095230428, -34.988548629331405 ], [ 150.586803632795068, -34.988578372536786 ], [ 150.586815530723811, -34.988643807965033 ], [ 150.586785786965464, -34.988691397291085 ], [ 150.586684660681726, -34.988721140347458 ], [ 150.586607327549615, -34.988709243484983 ], [ 150.586522201502703, -34.988686542510642 ] ] ] ] } },
{ "type": "Feature", "properties": { "OBJECTID_1": 104, "OBJECTID": 16, "Zone_ID": "6", "CONDITION": "Moderate", "EasternPCT": "3330", "E_PCT_Name": "South Coast Lowland Woollybutt Grassy Forest", "VEG_CLASS": "Coastal Valley Grassy Woodland", "BC_Act": "E - Illawarra Lowlands Grassy Woodland in the Sydney Basin Bioregion", "EPBC_Act": "CE - Illawarra and south coast lowland forest and woodland ecological community", "Area_ha": 0.16951977556299999, "Area_m2": 1695.1977556300001, "Comments": null, "ECMLink": null, "FSource": "Derived from field observations and aerial imagery.", "SourceDate": "2026-02-04T00:00:00Z", "PlanAccur": null, "Supplier": "Stantec Australia Pty Ltd (3045)", "Shape_Length": 232.44190404521797, "Shape_Area": 1695.1978563559258 }, "geometry": { "type": "MultiPolygon", "coordinates": [ [ [ [ 150.586352404014207, -34.989482478478479 ], [ 150.586416971103347, -34.989500413846272 ], [ 150.586500252449611, -34.989542054154001 ], [ 150.586506200554084, -34.989601541453368 ], [ 150.586411022684786, -34.989637233273477 ], [ 150.586345586960164, -34.989625335793569 ], [ 150.586303946000072, -34.989595592841617 ], [ 150.586226613778791, -34.989589643636073 ], [ 150.586161178589151, -34.989607490057615 ], [ 150.586119538567544, -34.989672925121972 ], [ 150.586066000110264, -34.989785949127501 ], [ 150.586036257342499, -34.989916819625066 ], [ 150.586006513615899, -34.989988203922309 ], [ 150.585941079115457, -34.990017946922926 ], [ 150.585845900304719, -34.990000100892921 ], [ 150.585768567481068, -34.989952511600421 ], [ 150.585762618527468, -34.989928717043227 ], [ 150.585756670265738, -34.989887076108559 ], [ 150.585774515836619, -34.98982758982627 ], [ 150.585789694061873, -34.989721346237481 ], [ 150.58586314716436, -34.989734244599653 ], [ 150.585919515185424, -34.989472625556736 ], [ 150.586341498714688, -34.989533595743609 ], [ 150.586352404014207, -34.989482478478479 ] ] ] ] } }
]
}
